step,t_ms,phase,alloc_bytes
3,6.478,grad,15977306624
3,12.978,grad,15977314816
3,19.472,grad,15977314816
3,25.983,grad,15977314816
3,32.405,grad,15977314816
3,33.715,grad,15984728576
3,35.0,grad,15985644032
3,36.843,grad,15984986624
3,39.773,grad,15992326656
3,41.203,grad,16001763840
3,42.769,grad,16001763840
3,44.075,grad,16011201024
3,46.406,grad,16031305216
3,47.714,grad,16038649344
3,48.95,grad,16300924416
3,50.189,grad,16184532480
3,51.43,grad,16298892800
3,53.12,grad,16230735360
3,55.815,grad,16230739456
3,57.064,grad,16240176640
3,58.41,grad,16240176640
3,59.652,grad,16257069568
3,61.703,grad,16269718016
3,62.953,grad,16277062144
3,64.207,grad,16461742592
3,65.442,grad,16384147968
3,67.93,grad,16461808128
3,70.583,grad,16469152256
3,72.183,grad,16478589440
3,73.698,grad,16478589440
3,74.944,grad,16495482368
3,76.831,grad,16508130816
3,78.058,grad,16515474944
3,79.304,grad,16700155392
3,80.578,grad,16661358080
3,83.006,grad,16700220928
3,85.817,grad,16707565056
3,87.182,grad,16717002240
3,88.655,grad,16717002240
3,89.905,grad,16733895168
3,92.037,grad,16746543616
3,93.292,grad,16792685056
3,94.534,grad,17016162816
3,95.881,grad,16860973568
3,97.152,grad,16992111104
3,98.535,grad,16938633728
3,101.425,grad,16945977856
3,102.834,grad,16955415040
3,104.336,grad,16955415040
3,105.613,grad,16972307968
3,107.731,grad,16984956416
3,108.983,grad,17031097856
3,111.008,grad,17099386368
3,112.299,grad,17177046528
3,113.739,grad,17177046528
3,116.616,grad,17184390656
3,118.219,grad,17193827840
3,119.699,grad,17193827840
3,120.942,grad,17210605056
3,123.119,grad,17223369216
3,124.42,grad,17230713344
3,125.669,grad,17415393792
3,126.916,grad,17337799168
3,128.177,grad,17422799360
3,129.533,grad,17415459328
3,132.283,grad,17422803456
3,133.622,grad,17432240640
3,134.959,grad,17432240640
3,136.222,grad,17449017856
3,138.141,grad,17461782016
3,139.403,grad,17507923456
3,141.727,grad,17615009280
3,144.183,grad,17653872128
3,146.885,grad,17661216256
3,148.157,grad,17670653440
3,149.65,grad,17670653440
3,150.894,grad,17687430656
3,153.104,grad,17700194816
3,154.371,grad,17746336256
3,155.611,grad,17969814016
3,156.868,grad,17853422080
3,159.197,grad,17892284928
3,162.109,grad,17899629056
3,163.676,grad,17909066240
3,165.105,grad,17909066240
3,166.348,grad,17925959168
3,168.373,grad,17938607616
3,169.613,grad,17984749056
3,170.853,grad,18130632192
3,172.094,grad,18091834880
3,174.418,grad,18130697728
3,177.103,grad,18138041856
3,178.349,grad,18147479040
3,179.606,grad,18147479040
3,180.832,grad,18164371968
3,182.869,grad,18177020416
3,184.13,grad,18223161856
3,185.38,grad,18369044992
3,188.074,grad,18291450368
3,190.435,grad,18376450560
3,193.3,grad,18376454656
3,194.567,grad,18385891840
3,195.971,grad,18385891840
3,197.222,grad,18402784768
3,199.11,grad,18415433216
3,200.339,grad,18461574656
3,202.442,grad,18529863168
3,204.878,grad,18607523328
3,207.912,grad,18614867456
3,209.183,grad,18624304640
3,210.465,grad,18631644672
3,211.769,grad,18641197568
3,213.75,grad,18653846016
3,214.99,grad,18699987456
3,216.279,grad,18845870592
3,217.617,grad,18768275968
3,220.027,grad,18853276160
3,222.913,grad,18853394944
3,224.294,grad,18862717440
3,225.875,grad,18862717440
3,227.229,grad,18879494656
3,229.529,grad,18892258816
3,230.843,grad,18906942976
3,232.189,grad,19006623232
3,233.783,grad,19006688768
3,236.301,grad,19091688960
3,239.005,grad,19091807744
3,240.366,grad,19101130240
3,241.961,grad,19101130240
3,243.327,grad,19118022144
3,245.584,grad,19130671616
3,246.914,grad,19138015744
3,248.291,grad,19322696192
3,249.676,grad,19283898880
3,252.033,grad,19322761728
3,255.153,grad,19330220544
3,256.557,grad,19339543040
3,258.181,grad,19339543040
3,259.495,grad,19356320256
3,261.922,grad,19376424448
3,263.294,grad,19376428544
3,264.623,grad,19561108992
3,265.922,grad,19522311680
3,268.494,grad,19568514560
3,271.344,grad,19568633344
3,272.74,grad,19577955840
3,274.391,grad,19577955840
3,275.897,grad,19594848768
3,277.929,grad,19607497216
3,279.285,grad,19653638656
3,281.515,grad,19721927168
3,282.84,grad,19806927360
3,284.289,grad,19799587328
3,287.136,grad,19807046144
3,288.474,grad,19816368640
3,290.095,grad,19816368640
3,291.437,grad,19833261568
3,293.66,grad,19845910016
3,294.962,grad,19892051456
3,296.345,grad,19999137280
3,297.692,grad,19999137280
3,300.313,grad,20045340160
3,303.243,grad,20045458944
3,304.584,grad,20054781440
3,305.926,grad,20054781440
3,307.28,grad,20071674368
3,309.51,grad,20084322816
3,310.805,grad,20130464256
3,312.26,grad,20353942016
3,313.833,grad,20237550080
3,316.064,grad,20276412928
3,319.042,grad,20283871744
3,320.37,grad,20293194240
3,321.941,grad,20293194240
3,323.342,grad,20310087168
3,325.555,grad,20330075648
3,326.871,grad,20368877056
3,328.264,grad,20514760192
3,329.608,grad,20475962880
3,332.059,grad,20522165760
3,335.01,grad,20522284544
3,336.347,grad,20531607040
3,337.7,grad,20531607040
3,339.034,grad,20548499968
3,340.923,grad,20561148416
3,342.279,grad,20568492544
3,343.612,grad,20675578368
3,345.387,grad,20675578368
3,346.725,grad,20760578560
3,348.219,grad,20753238528
3,351.06,grad,20760582656
3,352.489,grad,20770019840
3,354.015,grad,20770019840
3,355.325,grad,20786912768
3,357.442,grad,20799561216
3,358.758,grad,20845702656
3,360.069,grad,21069180416
3,361.395,grad,20913991168
3,362.718,grad,20991651328
3,364.177,grad,20991651328
3,367.315,grad,20998995456
3,368.708,grad,21008432640
3,370.114,grad,21008432640
3,371.419,grad,21025325056
3,373.715,grad,21037974016
3,375.055,grad,21084115456
3,376.414,grad,21307593216
3,377.843,grad,21191201280
3,379.994,grad,21237404160
3,382.838,grad,21237522944
3,384.204,grad,21246845440
3,385.695,grad,21246845440
3,387.008,grad,21263738368
3,389.208,grad,21276386816
3,390.524,grad,21291070976
3,391.828,grad,21390751232
3,393.422,grad,21390816768
3,395.835,grad,21468476928
3,398.725,grad,21475935744
3,400.055,grad,21485258240
3,401.571,grad,21485258240
3,402.876,grad,21502151168
3,404.878,grad,21514799616
3,406.25,grad,21560941056
3,407.569,grad,21784418816
3,408.969,grad,21668026880
3,411.262,grad,21714229760
3,414.497,grad,21714348544
3,415.968,grad,21723671040
3,417.579,grad,21723671040
3,418.891,grad,21740563968
3,421.129,grad,21753212416
3,422.45,grad,21760556544
3,423.775,grad,21945236992
3,425.274,grad,21906439680
3,427.91,grad,21952642560
3,430.751,grad,21952761344
3,432.214,grad,21962083840
3,433.832,grad,21962083840
3,435.431,grad,21978976768
3,437.621,grad,21991625216
3,438.947,grad,22037766656
3,440.309,grad,22145901056
3,441.728,grad,22145901056
3,444.151,grad,22184763904
3,447.133,grad,22192222720
3,448.458,grad,22201545216
3,449.925,grad,22201545216
3,451.294,grad,22218438144
3,453.549,grad,22231086592
3,454.862,grad,22277228032
3,456.254,grad,22423111168
3,457.71,grad,22384313856
3,461.254,grad,22423176704
3,464.274,grad,22430635520
3,465.591,grad,22439958016
3,467.122,grad,22439958016
3,468.439,grad,22456850944
3,470.434,grad,22469499392
3,471.732,grad,22476843520
3,473.077,grad,22661523968
3,474.468,grad,22583929344
3,475.802,grad,22715066880
3,477.285,grad,22668933632
3,478.613,grad,23595813888
3,479.93,grad,23595847168
3,483.229,grad,23277047808
3,484.543,grad,23277048320
3,485.937,grad,23277048320
3,487.31,grad,23277048320
3,488.673,grad,23277048320
3,490.03,grad,23277048320
3,491.387,grad,23899912192
3,492.952,grad,22665713152
3,494.222,grad,22661971456
3,495.466,grad,22618193408
3,497.029,grad,22582214144
3,498.262,grad,22538960384
3,499.51,grad,22492759552
3,500.745,grad,22478990848
3,502.405,grad,22449449472
3,503.956,grad,22449515008
3,505.238,grad,22468258304
3,506.888,grad,22444632576
3,508.666,grad,22446174720
3,509.901,grad,22437517824
3,511.214,grad,22391314944
3,512.461,grad,22386792960
3,514.267,grad,22258541056
3,515.511,grad,22252112384
3,517.289,grad,22222637056
3,519.005,grad,22222571008
3,520.294,grad,22241445376
3,521.662,grad,22217688576
3,523.44,grad,22219296256
3,524.693,grad,22210639360
3,525.993,grad,22164436480
3,527.224,grad,22088676864
3,528.488,grad,22030614016
3,529.721,grad,22037954048
3,530.959,grad,22009439744
3,532.389,grad,21994709504
3,533.952,grad,21994643968
3,535.194,grad,22013452800
3,536.713,grad,21989761536
3,538.558,grad,21991369216
3,539.804,grad,21982646784
3,541.044,grad,21975306752
3,542.306,grad,21931987456
3,544.07,grad,21803735552
3,545.327,grad,21797306880
3,546.576,grad,21767831040
3,547.809,grad,21767831040
3,549.066,grad,21797125632
3,550.525,grad,21762391552
3,551.772,grad,21770223104
3,553.548,grad,21763966464
3,554.807,grad,21755833856
3,556.038,grad,21670899200
3,557.268,grad,21666377216
3,558.999,grad,21577184768
3,560.228,grad,21570756096
3,562.33,grad,21541149696
3,563.903,grad,21541214720
3,565.158,grad,21560023552
3,566.594,grad,21536332288
3,568.302,grad,21537350144
3,569.521,grad,21606812160
3,570.847,grad,21483014656
3,572.086,grad,21401782784
3,573.939,grad,21351125504
3,575.203,grad,21344238080
3,576.436,grad,21315155456
3,577.68,grad,21315155456
3,579.009,grad,21345105408
3,580.344,grad,21309847040
3,581.568,grad,21317678592
3,583.544,grad,21311553024
3,584.818,grad,21300864512
3,586.152,grad,21257086464
3,587.401,grad,21221107200
3,588.635,grad,21177787904
3,589.862,grad,21131652608
3,591.105,grad,21117883904
3,592.365,grad,21088276992
3,593.595,grad,21088276992
3,594.861,grad,21117637120
3,596.105,grad,21107085824
3,597.666,grad,21083394560
3,599.436,grad,21084477952
3,600.714,grad,21076345344
3,602.1,grad,21030142464
3,603.344,grad,21025620480
3,605.107,grad,20897499648
3,606.331,grad,20891005440
3,608.17,grad,20861529600
3,610.01,grad,20861529600
3,611.26,grad,20880731648
3,612.856,grad,20856647168
3,614.597,grad,20857730560
3,615.825,grad,20849597952
3,617.171,grad,20803395072
3,618.415,grad,20798873088
3,620.304,grad,20670621184
3,621.53,grad,20678872576
3,622.766,grad,20634651136
3,623.997,grad,20634651136
3,625.285,grad,20664535552
3,626.736,grad,20629277184
3,627.994,grad,20637108736
3,629.776,grad,20630852096
3,631.025,grad,20700314112
3,632.403,grad,20576516608
3,633.661,grad,20571994624
3,635.38,grad,20443742720
3,636.6,grad,20444588544
3,638.241,grad,20407772672
3,639.794,grad,20407772672
3,641.071,grad,20426647040
3,642.53,grad,20402890240
3,644.192,grad,20403973632
3,645.415,grad,20395841024
3,646.771,grad,20349638144
3,648.011,grad,20345116160
3,649.692,grad,20216929792
3,650.915,grad,20210501120
3,652.156,grad,20180959744
3,653.415,grad,20180960256
3,654.838,grad,20180959744
3,656.095,grad,20199703040
3,657.699,grad,20176077312
3,659.553,grad,20177160704
3,660.801,grad,20207759872
3,662.035,grad,20122825216
3,663.277,grad,20118303232
3,665.115,grad,19990051328
3,666.394,grad,19983622656
3,668.369,grad,19954081792
3,669.899,grad,19954081280
3,671.172,grad,19972890112
3,672.657,grad,19949198848
3,674.71,grad,19950282240
3,676.0,grad,19942149632
3,677.362,grad,19895946752
3,678.602,grad,19813830144
3,680.471,grad,19763238400
3,681.713,grad,19771489792
3,683.568,grad,19727268352
3,685.08,grad,19727268352
3,686.344,grad,19746142720
3,687.841,grad,19722385920
3,689.643,grad,19723469312
3,690.927,grad,19715336704
3,692.181,grad,19669133824
3,693.432,grad,19625814528
3,694.663,grad,19536357888
3,695.931,grad,19543699968
3,697.164,grad,19515185664
3,698.563,grad,19500389888
3,700.35,grad,19500389888
3,701.579,grad,19519198720
3,703.138,grad,19495507456
3,704.771,grad,19496590848
3,705.988,grad,19488392704
3,707.263,grad,19442255360
3,708.507,grad,19360138752
3,710.342,grad,19309481472
3,711.565,grad,19303052800
3,713.448,grad,19273511936
3,714.822,grad,19273511424
3,716.292,grad,19268137472
3,717.522,grad,19276001792
3,719.234,grad,19269712384
3,720.483,grad,19259154944
3,721.793,grad,19215376896
3,723.035,grad,19172057600
3,724.275,grad,19082600960
3,725.546,grad,19089943040
3,726.781,grad,19061428736
3,728.183,grad,19046632960
3,729.659,grad,19046632960
3,730.896,grad,19065507328
3,732.358,grad,19041750528
3,734.1,grad,19042833920
3,735.34,grad,19034635776
3,736.553,grad,19027295744
3,737.79,grad,18986401280
3,739.303,grad,18855724544
3,740.527,grad,18849230336
3,742.268,grad,18819754496
3,743.511,grad,18820803072
3,744.875,grad,18849638912
3,746.201,grad,18821720576
3,747.426,grad,18822212096
3,749.004,grad,18815955456
3,750.227,grad,18807822848
3,751.537,grad,18761619968
3,752.779,grad,18718300672
3,754.641,grad,18628846080
3,755.959,grad,18622417408
3,757.826,grad,18593793536
3,759.451,grad,18592876032
3,760.718,grad,18611750400
3,762.18,grad,18587993600
3,763.893,grad,18590060032
3,765.163,grad,18593199616
3,766.631,grad,18534741504
3,767.876,grad,18498762240
3,769.115,grad,18440762880
3,770.478,grad,18409307648
3,771.703,grad,18380793344
3,773.079,grad,18365997568
3,774.614,grad,18365997568
3,775.903,grad,18384871936
3,777.229,grad,18361115136
3,778.845,grad,18362198528
3,780.062,grad,18354065920
3,781.418,grad,18307863040
3,782.682,grad,18303341056
3,784.424,grad,18175154688
3,785.643,grad,18183406080
3,787.436,grad,18139184640
3,789.296,grad,18139184640
3,790.571,grad,18157927936
3,792.162,grad,18134302208
3,793.852,grad,18135385600
3,795.077,grad,18127252992
3,796.398,grad,18081443328
3,797.615,grad,18076528128
3,799.177,grad,17948341760
3,800.419,grad,17941913088
3,802.303,grad,17912372224
3,803.794,grad,17912371712
3,805.273,grad,17906997760
3,806.509,grad,17914829312
3,808.15,grad,17908572672
3,809.714,grad,17900440064
3,811.135,grad,17854237184
3,812.405,grad,17810917888
3,814.237,grad,17721528832
3,815.477,grad,17715034624
3,817.063,grad,17685558784
3,818.486,grad,17685558784
3,819.746,grad,17704433152
3,821.147,grad,17680676352
3,822.888,grad,17681759744
3,824.148,grad,17673627136
3,825.398,grad,17627424256
3,826.623,grad,17622902272
3,828.264,grad,17494715904
3,829.492,grad,17488221696
3,831.257,grad,17458745856
3,833.191,grad,17458745856
3,834.45,grad,17477554688
3,835.98,grad,17453863424
3,837.654,grad,17454946816
3,838.944,grad,17446814208
3,840.315,grad,17400611328
3,841.552,grad,17318494720
3,843.471,grad,17267837440
3,844.693,grad,17276088832
3,846.358,grad,17231867904
3,847.942,grad,17231867392
3,849.44,grad,17226493440
3,850.674,grad,17234357760
3,852.236,grad,17228068352
3,853.8,grad,17219935744
3,855.169,grad,17173732864
3,856.419,grad,17106296320
3,858.23,grad,17040958976
3,859.471,grad,17034530304
3,861.197,grad,17004988928
3,862.788,grad,17004988928
3,864.298,grad,17006955008
3,865.527,grad,17007479296
3,866.993,grad,17001189888
3,868.294,grad,16993057280
3,869.635,grad,16946854400
3,870.89,grad,16942332416
3,872.136,grad,16814080512
3,873.366,grad,16821420544
3,874.599,grad,16796576256
3,875.978,grad,16778110464
3,877.756,grad,16778110464
3,879.193,grad,16772736512
3,880.414,grad,16780600832
3,881.889,grad,16774311424
3,883.197,grad,16766178816
3,884.499,grad,16719975936
3,885.722,grad,16715453952
3,887.468,grad,16587202048
3,888.706,grad,16580773376
3,890.607,grad,16551232512
3,892.21,grad,16551232000
3,893.515,grad,16570171904
3,894.939,grad,16546349568
3,897.088,grad,16547432960
3,898.355,grad,16539234816
3,899.574,grad,16493097472
3,900.785,grad,16488641024
3,902.604,grad,16360389120
3,903.851,grad,16346620416
3,905.718,grad,16317079040
3,907.34,grad,16316816896
3,908.588,grad,16335625728
3,910.236,grad,16311934464
3,911.497,grad,16302005760
3,912.844,grad,16302005760
3,914.245,grad,16302005760
3,915.589,grad,16302005760
3,917.129,grad,16302005248
3,918.913,grad,16302005248
3,920.247,grad,16302005248
3,921.597,grad,16302005248
3,923.013,grad,16302005248
3,924.355,grad,16302005248
3,928.213,grad,16302005248
3,929.507,grad,16302005248
3,930.826,grad,16302005248
3,932.847,grad,16302005248
3,934.172,grad,16302008832
3,935.523,grad,16302072320
3,936.853,grad,16302466048
3,938.141,grad,16302465536
3,939.47,grad,16302008832
3,940.755,grad,16302072832
3,942.154,grad,16302465536
3,943.47,grad,16302009344
3,944.839,grad,16302006784
3,946.228,grad,16302465536
3,947.525,grad,16302465536
3,948.905,grad,16302006784
3,950.237,grad,16302466048
3,951.563,grad,16302006784
3,952.876,grad,16302009344
3,954.243,grad,16302465536
3,955.596,grad,16302006784
3,956.947,grad,16302008832
3,958.306,grad,16302009344
3,959.621,grad,16302465536
3,960.94,grad,16302466048
3,962.278,grad,16302006784
3,963.593,grad,16302924288
3,964.955,grad,16302072320
3,966.336,grad,16302006784
3,967.729,grad,16302072320
3,969.062,grad,16302465536
3,970.396,grad,16302465536
3,971.691,grad,16302006784
3,973.008,grad,16302924288
3,974.354,grad,16302466048
3,975.656,grad,16302007296
3,976.956,grad,16302466048
3,978.306,grad,16302006784
3,979.601,grad,16302007296
3,980.954,grad,16302006784
3,982.333,grad,16302006784
3,983.644,grad,16302006784
3,985.03,grad,16302008832
3,986.341,grad,16302466048
3,987.674,grad,16302075392
3,988.992,grad,16307024896
3,990.339,grad,16307844096
3,991.698,grad,16314135040
3,993.111,grad,16314954240
3,994.412,grad,16321180160
3,995.714,grad,16322392576
3,997.038,grad,16328651776
3,998.331,grad,16332157952
3,999.632,grad,16337662976
3,1000.924,grad,16343168512
3,1002.245,grad,16346969088
3,1003.618,grad,16351851008
3,1004.939,grad,16355718144
3,1006.268,grad,16358635008
3,1007.622,grad,16361484800
3,1008.939,grad,16364631552
3,1010.335,grad,16367251968
3,1011.652,grad,16370169856
3,1012.987,grad,16373019136
3,1014.351,grad,16376068096
3,1015.675,grad,16378917376
3,1017.086,grad,16382063104
3,1018.381,grad,16385143296
3,1019.672,grad,16389730816
3,1020.99,grad,16390550528
3,1022.397,grad,16395137536
3,1023.748,grad,16397465088
3,1025.06,grad,16400839168
3,1026.382,grad,16403460608
3,1027.714,grad,16406966784
3,1029.013,grad,16410802176
3,1030.327,grad,16413651968
3,1031.623,grad,16416569344
3,1032.946,grad,16419877376
3,1034.309,grad,16422564352
3,1035.607,grad,16425644544
3,1036.945,grad,16430364160
3,1038.358,grad,16431182336
3,1039.655,grad,16435769856
3,1040.998,grad,16438555648
3,1042.397,grad,16441930240
3,1043.707,grad,16444322816
3,1044.994,grad,16448385536
3,1046.336,grad,16451531776
3,1047.639,grad,16454513152
3,1049.011,grad,16459330048
3,1050.372,grad,16461297152
3,1051.733,grad,16464900608
3,1053.053,grad,16467293184
3,1054.365,grad,16471355904
3,1055.706,grad,16474502656
3,1057.032,grad,16477582336
3,1058.383,grad,16477396480
3,1059.682,grad,16477428224
3,1060.978,grad,16477460992
3,1062.331,grad,16477492736
3,1063.648,grad,16477524992
3,1064.955,grad,16477543424
3,1066.297,grad,16477576704
3,1067.636,grad,16383602688
3,1068.949,grad,16237654016
3,1070.255,grad,16152882688
3,1071.561,grad,16152760320
3,1078.068,grad,16152682496
3,1084.469,grad,16152690688
3,1090.851,grad,16152690688
3,1097.258,grad,16152690688
3,1102.749,grad,16152690688
3,1104.094,grad,16160102400
3,1106.971,grad,16167702528
3,1110.043,grad,16167702528
3,1111.56,grad,16177139712
3,1113.247,grad,16177139712
3,1114.571,grad,16186576896
3,1116.977,grad,16206681088
3,1118.31,grad,16252822528
3,1119.652,grad,16398705664
3,1121.032,grad,16321111040
3,1122.37,grad,16459588608
3,1124.409,grad,16406111232
3,1127.481,grad,16406230016
3,1128.883,grad,16415552512
3,1130.305,grad,16415552512
3,1131.638,grad,16424989696
3,1133.918,grad,16445093888
3,1135.311,grad,16452438016
3,1136.698,grad,16637118464
3,1138.044,grad,16559523840
3,1139.368,grad,16683321344
3,1140.814,grad,16637184000
3,1143.839,grad,16644642816
3,1145.194,grad,16653965312
3,1146.798,grad,16653965312
3,1148.112,grad,16663402496
3,1150.451,grad,16683506688
3,1151.846,grad,16690850816
3,1153.222,grad,16875531264
3,1154.655,grad,16836733952
3,1157.045,grad,16875596800
3,1159.822,grad,16883055616
3,1161.135,grad,16892378112
3,1162.751,grad,16892378112
3,1164.064,grad,16909271040
3,1166.273,grad,16921919488
3,1167.569,grad,16929263616
3,1168.884,grad,17036349440
3,1170.398,grad,17036349440
3,1171.718,grad,17174827008
3,1173.538,grad,17121349632
3,1176.476,grad,17121468416
3,1177.783,grad,17130790912
3,1179.193,grad,17130790912
3,1180.497,grad,17147683840
3,1182.738,grad,17160332288
3,1184.056,grad,17167676416
3,1185.36,grad,17352356864
3,1186.735,grad,17274762240
3,1188.049,grad,17352750080
3,1189.438,grad,17352422400
3,1192.663,grad,17360208896
3,1194.058,grad,17369531392
3,1195.655,grad,17369531392
3,1197.0,grad,17386424320
3,1198.885,grad,17399072768
3,1200.23,grad,17460221952
3,1202.476,grad,17513830400
3,1204.995,grad,17599158272
3,1207.965,grad,17599277056
3,1209.406,grad,17608599552
3,1210.968,grad,17608599552
3,1212.381,grad,17625376768
3,1214.615,grad,17638140928
3,1215.912,grad,17652825088
3,1217.271,grad,17752570880
3,1218.746,grad,17752570880
3,1220.063,grad,17837571072
3,1221.49,grad,17830231040
3,1224.485,grad,17837689856
3,1225.89,grad,17847012352
3,1227.551,grad,17847012352
3,1228.88,grad,17863905280
3,1230.969,grad,17876881408
3,1232.377,grad,17922695168
3,1233.742,grad,18069233664
3,1235.088,grad,17991639040
3,1237.504,grad,18076639232
3,1240.426,grad,18076758016
3,1241.776,grad,18086080512
3,1243.364,grad,18086080512
3,1244.688,grad,18102973440
3,1246.691,grad,18123289600
3,1248.035,grad,18161763328
3,1249.35,grad,18385568768
3,1250.79,grad,18269176832
3,1253.406,grad,18315707392
3,1256.458,grad,18315826176
3,1257.893,grad,18325148672
3,1259.787,grad,18325148672
3,1261.174,grad,18334585856
3,1262.57,grad,18354690048
3,1263.975,grad,18354690048
3,1265.297,grad,18362034176
3,1266.615,grad,18469054464
3,1268.274,grad,18469120000
3,1270.662,grad,18554120192
3,1273.611,grad,18554238976
3,1274.988,grad,18563561472
3,1276.484,grad,18563561472
3,1277.788,grad,18580454400
3,1280.034,grad,18593102848
3,1281.352,grad,18600446976
3,1282.696,grad,18707467264
3,1284.328,grad,18707532800
3,1285.899,grad,18838670336
3,1287.678,grad,18785192960
3,1290.93,grad,18792537088
3,1292.551,grad,18801974272
3,1294.331,grad,18801974272
3,1295.753,grad,18811411456
3,1298.196,grad,18831515648
3,1299.498,grad,18838859776
3,1300.856,grad,19023540224
3,1302.376,grad,18945945600
3,1303.7,grad,19069743104
3,1305.36,grad,19030945792
3,1308.667,grad,19031064576
3,1310.01,grad,19040387072
3,1311.6,grad,19040387072
3,1312.937,grad,19057280000
3,1315.231,grad,19069928448
3,1316.567,grad,19077272576
3,1317.898,grad,19184358400
3,1319.509,grad,19184358400
3,1320.846,grad,19269358592
3,1322.372,grad,19262018560
3,1325.544,grad,19269362688
3,1327.334,grad,19278799872
3,1328.963,grad,19278799872
3,1330.35,grad,19289285632
3,1331.779,grad,19317778432
3,1335.13,grad,19308341248
3,1336.49,grad,19315685376
3,1337.804,grad,19500365824
3,1339.285,grad,19422771200
3,1340.638,grad,19553908736
3,1342.391,grad,19500431360
3,1345.762,grad,19507775488
3,1347.659,grad,19517212672
3,1349.486,grad,19517212672
3,1350.868,grad,19527698432
3,1352.266,grad,19570871296
3,1354.141,grad,19554094080
3,1355.453,grad,19554098176
3,1356.785,grad,19661184000
3,1358.36,grad,19661184000
3,1359.668,grad,19799661568
3,1361.749,grad,19746184192
3,1364.883,grad,19746188288
3,1366.57,grad,19755625472
3,1368.451,grad,19755625472
3,1369.77,grad,19765062656
3,1372.38,grad,19785166848
3,1373.74,grad,19792510976
3,1375.101,grad,19846053888
3,1377.075,grad,19899596800
3,1378.415,grad,20038074368
3,1380.003,grad,19977256960
3,1383.044,grad,19984601088
3,1384.579,grad,19994038272
3,1386.572,grad,19994038272
3,1387.985,grad,20003475456
3,1389.376,grad,20024628224
3,1390.893,grad,20023579648
3,1392.26,grad,20030923776
3,1393.612,grad,20084466688
3,1395.628,grad,20138009600
3,1396.966,grad,20269147136
3,1398.627,grad,20215669760
3,1401.765,grad,20223128576
3,1403.259,grad,20232451072
3,1404.986,grad,20232451072
3,1406.358,grad,20241888256
3,1407.798,grad,20271364096
3,1409.967,grad,20261992448
3,1411.391,grad,20269336576
3,1412.726,grad,20322879488
3,1415.159,grad,20415219712
3,1416.505,grad,20514899968
3,1418.196,grad,20454082560
3,1421.379,grad,20461541376
3,1422.998,grad,20470863872
3,1424.775,grad,20470863872
3,1426.228,grad,20480301056
3,1427.568,grad,20524522496
3,1429.22,grad,20500405248
3,1430.628,grad,20507749376
3,1431.955,grad,20614769664
3,1433.684,grad,20614835200
3,1434.999,grad,20699835392
3,1436.476,grad,20692495360
3,1439.639,grad,20699954176
3,1441.047,grad,20709276672
3,1442.687,grad,20709276672
3,1444.033,grad,20726053888
3,1446.392,grad,20746158080
3,1447.724,grad,20784959488
3,1449.054,grad,20930842624
3,1450.393,grad,20892045312
3,1452.881,grad,20938248192
3,1455.685,grad,20938252288
3,1457.338,grad,20947689472
3,1459.084,grad,20947689472
3,1460.413,grad,20958175232
3,1461.746,grad,21001348096
3,1463.817,grad,20977230848
3,1465.139,grad,20991915008
3,1466.442,grad,21076915200
3,1468.336,grad,21091660800
3,1470.728,grad,21176660992
3,1473.659,grad,21176779776
3,1475.06,grad,21186102272
3,1476.607,grad,21186102272
3,1477.984,grad,21202995200
3,1479.982,grad,21222983680
3,1481.361,grad,21222987776
3,1482.712,grad,21407668224
3,1484.282,grad,21330073600
3,1485.609,grad,21407733760
3,1487.493,grad,21415073792
3,1490.354,grad,21415192576
3,1491.862,grad,21424515072
3,1493.56,grad,21424515072
3,1494.876,grad,21441292288
3,1497.178,grad,21454056448
3,1498.492,grad,21500197888
3,1499.844,grad,21723675648
3,1501.198,grad,21568486400
3,1502.543,grad,21706963968
3,1504.337,grad,21653486592
3,1507.442,grad,21653605376
3,1508.859,grad,21662927872
3,1510.723,grad,21662927872
3,1512.063,grad,21672365056
3,1514.498,grad,21692469248
3,1515.814,grad,21699813376
3,1517.072,grad,21806899200
3,1518.607,grad,21806899200
3,1519.916,grad,21884559360
3,1521.359,grad,21884559360
3,1524.366,grad,21892018176
3,1525.716,grad,21901340672
3,1527.36,grad,21901340672
3,1528.68,grad,21918233600
3,1530.753,grad,21930882048
3,1532.074,grad,21938226176
3,1533.436,grad,22122906624
3,1534.908,grad,22045312000
3,1537.498,grad,22130312192
3,1540.527,grad,22130316288
3,1542.171,grad,22139753472
3,1543.813,grad,22139753472
3,1545.124,grad,22149190656
3,1547.546,grad,22169294848
3,1548.868,grad,22215436288
3,1550.203,grad,22438914048
3,1551.514,grad,22283724800
3,1552.846,grad,22368724992
3,1554.356,grad,22361384960
3,1557.483,grad,22368843776
3,1558.8,grad,22378166272
3,1560.365,grad,22378166272
3,1561.721,grad,22395059200
3,1563.912,grad,22407707648
3,1565.286,grad,22453849088
3,1566.629,grad,22599732224
3,1568.144,grad,22560934912
3,1570.501,grad,22607137792
3,1573.552,grad,22607256576
3,1574.874,grad,22616579072
3,1576.286,grad,22616579072
3,1577.588,grad,22633472000
3,1579.922,grad,22646120448
3,1581.288,grad,22692261888
3,1582.652,grad,22915739648
3,1584.166,grad,22799347712
3,1586.433,grad,22845550592
3,1587.831,grad,23149572096
3,1589.17,grad,23772464128
3,1590.567,grad,23765104128
3,1593.077,grad,23765095936
3,1594.389,grad,23453669376
3,1595.775,grad,23453669376
3,1597.145,grad,23453669376
3,1598.507,grad,23453669376
3,1600.738,grad,23453670912
3,1602.678,grad,22842334208
3,1603.935,grad,22838592512
3,1605.245,grad,22794814464
3,1606.501,grad,22758900736
3,1607.741,grad,22715515904
3,1609.054,grad,22669380608
3,1610.282,grad,22648271872
3,1612.013,grad,22626071040
3,1613.647,grad,22626136064
3,1614.884,grad,22644879360
3,1616.135,grad,22621237248
3,1617.396,grad,22628626432
3,1618.799,grad,22622795776
3,1620.03,grad,22691733504
3,1621.27,grad,22568001536
3,1622.561,grad,22524682240
3,1624.382,grad,22435227648
3,1625.606,grad,22428798976
3,1626.842,grad,22399192064
3,1628.077,grad,22399192064
3,1629.312,grad,22428683264
3,1630.743,grad,22393883648
3,1631.984,grad,22401715200
3,1633.675,grad,22395917312
3,1634.91,grad,22387260416
3,1636.33,grad,22341057536
3,1637.553,grad,22336863232
3,1640.344,grad,22209332224
3,1641.638,grad,22202903552
3,1642.884,grad,22173427712
3,1644.135,grad,22173427712
3,1645.419,grad,22202722304
3,1646.713,grad,22192236544
3,1648.231,grad,22168479744
3,1649.953,grad,22170087424
3,1651.237,grad,22159005696
3,1652.556,grad,22116177920
3,1653.795,grad,22072858624
3,1655.083,grad,21983404032
3,1656.31,grad,21976061952
3,1657.537,grad,21962229760
3,1658.933,grad,21947499520
3,1660.495,grad,21947433984
3,1661.732,grad,21966242816
3,1663.558,grad,21942551552
3,1665.34,grad,21944159232
3,1666.589,grad,21933143040
3,1667.857,grad,21889364992
3,1669.082,grad,21853385728
3,1670.31,grad,21763929088
3,1671.697,grad,21763931136
3,1672.942,grad,21735416832
3,1674.407,grad,21720555520
3,1675.986,grad,21720621056
3,1677.249,grad,21739364352
3,1678.848,grad,21715738624
3,1680.558,grad,21716756480
3,1681.831,grad,21708623872
3,1683.218,grad,21662420992
3,1684.477,grad,21735755776
3,1686.166,grad,21529909248
3,1687.409,grad,21537243136
3,1688.658,grad,21524586496
3,1689.964,grad,21494004736
3,1691.631,grad,21493939200
3,1692.9,grad,21512813568
3,1694.394,grad,21489056768
3,1696.102,grad,21490140160
3,1697.411,grad,21482892288
3,1698.651,grad,21436689408
3,1699.908,grad,21361978368
3,1701.186,grad,21303915520
3,1702.479,grad,21311255552
3,1703.727,grad,21282741248
3,1705.126,grad,21268011008
3,1706.691,grad,21267945472
3,1707.928,grad,21286688768
3,1709.846,grad,21263063040
3,1711.673,grad,21264146432
3,1712.944,grad,21256013824
3,1714.216,grad,21209810944
3,1715.463,grad,21181171712
3,1716.692,grad,21084440576
3,1718.107,grad,21084377088
3,1719.332,grad,21055928320
3,1720.569,grad,21041067008
3,1722.154,grad,21041067008
3,1723.457,grad,21059941376
3,1724.74,grad,21036184576
3,1726.366,grad,21037267968
3,1727.601,grad,21026710528
3,1728.843,grad,20982932480
3,1730.081,grad,20908155904
3,1731.891,grad,20850224128
3,1733.252,grad,20857951232
3,1734.522,grad,20828984320
3,1735.776,grad,20814254080
3,1737.204,grad,20814188544
3,1738.425,grad,20833128448
3,1739.699,grad,20809306112
3,1741.384,grad,20810389504
3,1742.659,grad,20802256896
3,1744.039,grad,20756054016
3,1745.259,grad,20751532032
3,1746.89,grad,20623280128
3,1748.218,grad,20616851456
3,1749.922,grad,20587375616
3,1751.551,grad,20587310080
3,1752.846,grad,20606184448
3,1754.512,grad,20582427648
3,1756.229,grad,20583511040
3,1757.475,grad,20575378432
3,1758.812,grad,20529175552
3,1760.03,grad,20524719104
3,1761.669,grad,20396467200
3,1762.913,grad,20389972992
3,1764.797,grad,20360497664
3,1766.232,grad,20360431616
3,1767.455,grad,20379633664
3,1769.197,grad,20355549184
3,1770.91,grad,20356632576
3,1772.153,grad,20346140672
3,1773.448,grad,20302362624
3,1774.685,grad,20259043328
3,1775.917,grad,20169588736
3,1777.373,grad,20176928768
3,1778.637,grad,20177840128
3,1780.472,grad,20133553664
3,1782.012,grad,20133618688
3,1783.264,grad,20152820736
3,1784.828,grad,20128736256
3,1786.632,grad,20129754112
3,1787.872,grad,20119262208
3,1789.158,grad,20075484160
3,1790.374,grad,20032164864
3,1791.584,grad,19957388288
3,1792.928,grad,19950050304
3,1794.182,grad,19921536000
3,1795.449,grad,19906674688
3,1796.929,grad,19906674688
3,1798.165,grad,19925876736
3,1799.904,grad,19901792256
3,1801.622,grad,19902875648
3,1802.914,grad,19894743040
3,1804.268,grad,19848540160
3,1805.493,grad,19844018176
3,1807.303,grad,19715766272
3,1808.556,grad,19708944384
3,1809.816,grad,19695706112
3,1811.127,grad,19679861760
3,1812.388,grad,19694541824
3,1813.638,grad,19698801664
3,1814.893,grad,19674979328
3,1816.58,grad,19676062720
3,1817.796,grad,19745459200
3,1819.057,grad,19621661696
3,1820.292,grad,19617139712
3,1822.04,grad,19488887808
3,1823.381,grad,19496745984
3,1824.637,grad,19484556288
3,1825.893,grad,19452983808
3,1827.342,grad,19452983296
3,1828.616,grad,19471857664
3,1829.998,grad,19448100864
3,1831.742,grad,19449184256
3,1833.008,grad,19440986112
3,1834.433,grad,19394783232
3,1835.69,grad,19351463936
3,1837.333,grad,19262140416
3,1838.551,grad,19255711744
3,1840.362,grad,19226170368
3,1841.869,grad,19226170368
3,1843.131,grad,19244979200
3,1844.75,grad,19221287936
3,1846.713,grad,19222371328
3,1847.966,grad,19214173184
3,1849.26,grad,19168035840
3,1850.497,grad,19163513856
3,1852.227,grad,19035261952
3,1853.489,grad,19028833280
3,1855.158,grad,18999291904
3,1856.6,grad,18999291904
3,1858.031,grad,19001257984
3,1859.247,grad,19001749504
3,1860.888,grad,18995492864
3,1862.121,grad,19064889344
3,1863.445,grad,18941157376
3,1864.7,grad,18936635392
3,1866.395,grad,18808383488
3,1867.664,grad,18816176128
3,1868.902,grad,18797170688
3,1870.271,grad,18772413440
3,1871.509,grad,18801839104
3,1872.979,grad,18767039488
3,1874.227,grad,18774871040
3,1875.658,grad,18768614400
3,1876.873,grad,18760416256
3,1878.096,grad,18675481600
3,1879.313,grad,18709756928
3,1880.89,grad,18581570560
3,1882.195,grad,18575141888
3,1883.96,grad,18545600512
3,1885.383,grad,18545600512
3,1886.602,grad,18564409344
3,1888.43,grad,18540390400
3,1890.158,grad,18541801472
3,1891.418,grad,18533668864
3,1892.771,grad,18487138304
3,1894.012,grad,18443819008
3,1895.848,grad,18354036736
3,1897.061,grad,18347542528
3,1898.705,grad,18318066688
3,1900.337,grad,18318066688
3,1901.571,grad,18336941056
3,1903.096,grad,18313184256
3,1904.779,grad,18314267648
3,1906.012,grad,18306528256
3,1907.324,grad,18260325376
3,1908.564,grad,18216678400
3,1909.802,grad,18173031424
3,1911.522,grad,18134563840
3,1912.793,grad,18120729600
3,1914.563,grad,18090926592
3,1916.072,grad,18090926080
3,1917.337,grad,18109865984
3,1918.714,grad,18086043648
3,1920.375,grad,18087127040
3,1921.65,grad,18078994432
3,1923.005,grad,18032791552
3,1924.257,grad,18028269568
3,1926.037,grad,17900017664
3,1927.336,grad,17893588992
3,1929.068,grad,17864047616
3,1930.537,grad,17864047616
3,1931.76,grad,17882921984
3,1933.56,grad,17859165184
3,1935.264,grad,17860248576
3,1936.503,grad,17851722752
3,1937.716,grad,17844382720
3,1938.934,grad,17803553792
3,1940.471,grad,17672877056
3,1941.717,grad,17666448384
3,1943.512,grad,17636907008
3,1944.962,grad,17636907008
3,1946.257,grad,17655846912
3,1947.707,grad,17631696896
3,1949.237,grad,17632780288
3,1950.458,grad,17702242304
3,1951.715,grad,17578444800
3,1952.955,grad,17535125504
3,1954.757,grad,17445736448
3,1955.99,grad,17438849024
3,1957.749,grad,17409766400
3,1959.303,grad,17409766400
3,1960.592,grad,17428706304
3,1962.012,grad,17404883968
3,1963.71,grad,17405967360
3,1964.944,grad,17397834752
3,1966.34,grad,17351631872
3,1967.581,grad,17308312576
3,1969.342,grad,17218923520
3,1970.645,grad,17212494848
3,1972.467,grad,17182953472
3,1973.973,grad,17182953472
3,1975.254,grad,17201893376
3,1976.745,grad,17178071040
3,1978.335,grad,17179154432
3,1979.561,grad,17248616448
3,1981.055,grad,17124818944
3,1982.313,grad,17042702336
3,1984.173,grad,16992045056
3,1985.427,grad,17000296448
3,1987.182,grad,16956075008
3,1988.702,grad,16956075008
3,1989.932,grad,16974883840
3,1991.543,grad,16951192576
3,1993.383,grad,16952275968
3,1994.627,grad,16944077824
3,1995.886,grad,16859143168
3,1997.152,grad,16830503936
3,1998.888,grad,16765232128
3,2000.127,grad,16773024768
3,2001.353,grad,16753495040
3,2002.664,grad,16729262080
3,2003.903,grad,16758687744
3,2005.272,grad,16723888128
3,2006.498,grad,16731719680
3,2007.954,grad,16725463040
3,2009.235,grad,16717330432
3,2010.641,grad,16671127552
3,2011.897,grad,16627808256
3,2013.701,grad,16538419200
3,2014.931,grad,16524584960
3,2016.473,grad,16495109120
3,2017.837,grad,16494846976
3,2019.245,grad,16489473024
3,2020.643,grad,16489964544
3,2021.907,grad,16480035840
3,2023.301,grad,16480035840
3,2024.665,grad,16480035840
3,2026.009,grad,16480035840
3,2028.85,grad,16480035328
3,2030.542,grad,16480035328
3,2031.864,grad,16480035328
3,2033.205,grad,16480035328
3,2037.293,grad,16480035328
3,2039.011,grad,16480035328
3,2041.154,grad,16480035328
3,2042.501,grad,16480496128
3,2043.867,grad,16480036864
3,2045.196,grad,16480954368
3,2046.519,grad,16480102400
3,2047.865,grad,16480037376
3,2049.203,grad,16480496128
3,2050.522,grad,16480102400
3,2051.877,grad,16480038912
3,2053.295,grad,16480036864
3,2054.615,grad,16480039424
3,2055.991,grad,16480495616
3,2057.317,grad,16480036864
3,2058.7,grad,16480038912
3,2060.037,grad,16480495616
3,2061.355,grad,16480102400
3,2062.685,grad,16480039424
3,2064.074,grad,16480495616
3,2065.428,grad,16480036864
3,2066.728,grad,16480039424
3,2068.042,grad,16480561152
3,2069.336,grad,16480036864
3,2070.619,grad,16480497664
3,2071.921,grad,16480039424
3,2073.289,grad,16480496128
3,2074.61,grad,16480498176
3,2075.967,grad,16480036864
3,2077.334,grad,16480495616
3,2078.626,grad,16480037376
3,2079.977,grad,16480038912
3,2081.308,grad,16480038912
3,2082.684,grad,16480495616
3,2084.06,grad,16480036864
3,2085.431,grad,16480102400
3,2086.733,grad,16480036864
3,2088.092,grad,16480036864
3,2089.399,grad,16480038912
3,2090.704,grad,16480495616
3,2091.992,grad,16480497664
3,2093.335,grad,16480038912
3,2094.659,grad,16480495616
3,2095.981,grad,16480102912
3,2097.395,grad,16480103936
3,2098.686,grad,16486039040
3,2100.001,grad,16487544832
3,2101.362,grad,16494131200
3,2102.678,grad,16495245312
3,2104.007,grad,16501799424
3,2105.319,grad,16504354816
3,2106.633,grad,16507959296
3,2107.981,grad,16510351360
3,2109.32,grad,16514415104
3,2110.653,grad,16517397504
3,2111.974,grad,16520706048
3,2113.384,grad,16523393024
3,2114.703,grad,16526244352
3,2116.049,grad,16530570752
3,2117.372,grad,16532437504
3,2118.665,grad,16536664064
3,2119.976,grad,16538992128
3,2121.327,grad,16542431232
3,2122.668,grad,16544758784
3,2124.012,grad,16548362752
3,2125.345,grad,16550755328
3,2126.68,grad,16554129408
3,2127.993,grad,16556522496
3,2129.297,grad,16559896576
3,2130.598,grad,16562518016
3,2131.888,grad,16565893632
3,2133.299,grad,16568285184
3,2134.673,grad,16572348416
3,2136.048,grad,16575625216
3,2137.344,grad,16578705920
3,2138.641,grad,16583293440
3,2139.943,grad,16585260544
3,2141.305,grad,16588863488
3,2142.677,grad,16591255552
3,2143.993,grad,16594630656
3,2145.374,grad,16597252096
3,2146.69,grad,16600398336
3,2148.058,grad,16603019264
3,2149.389,grad,16606394368
3,2150.715,grad,16608983040
3,2152.033,grad,16612358144
3,2153.393,grad,16614521344
3,2154.715,grad,16617896448
3,2156.111,grad,16620517376
3,2157.4,grad,16623892992
3,2158.722,grad,16626285056
3,2160.121,grad,16630347776
3,2161.513,grad,16633265152
3,2162.817,grad,16636115456
3,2164.069,grad,16639032832
3,2165.376,grad,16641882624
3,2166.68,grad,16644799488
3,2167.993,grad,16647879168
3,2169.337,grad,16647692288
3,2170.637,grad,16647724544
3,2171.938,grad,16647753216
3,2173.299,grad,16647785472
3,2174.644,grad,16647816704
3,2175.967,grad,16647834624
3,2177.304,grad,16647867904
3,2178.612,grad,16577558016
3,2179.92,grad,16426038784
3,2181.284,grad,16320525824
3,2182.592,grad,16343332352
3,2183.898,grad,16372823552
3,2185.229,grad,16401659392
3,2186.556,grad,16430495232
3,2187.869,grad,16460838400
3,2189.173,grad,16463361536
3,2190.477,grad,16359486976
3,2191.763,grad,16263083520
3,2193.077,grad,16167597568
3,2194.378,grad,16139372032
3,2195.676,grad,16139255808
3,2201.732,grad,16139249152
3,2208.167,grad,16139257344
3,2214.568,grad,16139257344
3,2220.972,grad,16139257344
3,2226.955,grad,16139257344
3,2228.47,grad,16146734592
3,2230.928,grad,16154203648
3,2234.125,grad,16154318336
3,2235.654,grad,16163640832
3,2237.283,grad,16163640832
3,2238.61,grad,16180418048
3,2240.807,grad,16193182208
3,2242.116,grad,16200526336
3,2243.469,grad,16307546624
3,2244.981,grad,16307612160
3,2247.931,grad,16392612352
3,2250.696,grad,16392731136
3,2252.094,grad,16402053632
3,2253.711,grad,16402053632
3,2255.215,grad,16418946560
3,2257.353,grad,16431595008
3,2258.666,grad,16477736448
3,2260.001,grad,16623619584
3,2261.403,grad,16546024960
3,2262.725,grad,16623685120
3,2264.153,grad,16623685120
3,2266.872,grad,16631143936
3,2268.334,grad,16640466432
3,2269.865,grad,16640466432
3,2271.186,grad,16649903616
3,2272.541,grad,16708805120
3,2273.997,grad,16670007808
3,2275.329,grad,16716149248
3,2276.632,grad,16823235072
3,2277.946,grad,16823235072
3,2280.462,grad,16869437952
3,2283.435,grad,16869556736
3,2284.785,grad,16878879232
3,2286.167,grad,16878879232
3,2287.481,grad,16895772160
3,2289.644,grad,16908420608
3,2290.959,grad,16954562048
3,2292.35,grad,17100445184
3,2293.671,grad,17022850560
3,2295.045,grad,17146648064
3,2296.895,grad,17107850752
3,2299.75,grad,17107854848
3,2301.05,grad,17117292032
3,2302.621,grad,17117292032
3,2303.945,grad,17134184960
3,2305.886,grad,17146833408
3,2307.23,grad,17192974848
3,2308.608,grad,17338857984
3,2309.939,grad,17300060672
3,2312.491,grad,17346263552
3,2315.465,grad,17346382336
3,2316.795,grad,17355704832
3,2318.349,grad,17355704832
3,2319.728,grad,17372597760
3,2321.713,grad,17392586240
3,2323.044,grad,17431387648
3,2324.391,grad,17654865408
3,2325.716,grad,17499676160
3,2327.045,grad,17584676352
3,2328.459,grad,17577336320
3,2331.363,grad,17584795136
3,2332.691,grad,17594117632
3,2334.266,grad,17594117632
3,2335.568,grad,17611010560
3,2337.515,grad,17623659008
3,2338.877,grad,17631003136
3,2340.2,grad,17738088960
3,2341.541,grad,17738088960
3,2342.869,grad,17815749120
3,2344.36,grad,17815749120
3,2347.307,grad,17823207936
3,2348.724,grad,17832530432
3,2350.252,grad,17832530432
3,2351.642,grad,17849423360
3,2353.798,grad,17862071808
3,2355.108,grad,17908213248
3,2356.427,grad,18054096384
3,2357.865,grad,18015299072
3,2360.067,grad,18054161920
3,2363.246,grad,18061620736
3,2364.62,grad,18070943232
3,2366.304,grad,18070943232
3,2367.635,grad,18087836160
3,2369.834,grad,18100484608
3,2371.177,grad,18146626048
3,2372.54,grad,18292509184
3,2373.925,grad,18214914560
3,2375.284,grad,18292574720
3,2376.778,grad,18292574720
3,2379.673,grad,18300033536
3,2381.014,grad,18309356032
3,2382.896,grad,18309356032
3,2384.264,grad,18326248960
3,2386.385,grad,18338897408
3,2387.72,grad,18346241536
3,2389.048,grad,18530921984
3,2390.473,grad,18453327360
3,2391.777,grad,18538327552
3,2393.226,grad,18530987520
3,2396.073,grad,18538446336
3,2397.37,grad,18547768832
3,2398.697,grad,18547768832
3,2399.996,grad,18564661760
3,2402.126,grad,18577310208
3,2403.469,grad,18584654336
3,2404.805,grad,18769334784
3,2406.246,grad,18730537472
3,2407.537,grad,18844897792
3,2409.058,grad,18769400320
3,2411.914,grad,18776859136
3,2413.338,grad,18786181632
3,2414.752,grad,18786181632
3,2416.045,grad,18803074560
3,2417.961,grad,18815723008
3,2419.301,grad,18861864448
3,2420.644,grad,19007747584
3,2421.959,grad,18968950272
3,2423.317,grad,19015153152
3,2424.708,grad,19015153152
3,2427.763,grad,19015157248
3,2429.052,grad,19024594432
3,2430.62,grad,19024594432
3,2431.934,grad,19041487360
3,2434.114,grad,19054135808
3,2435.415,grad,19114957312
3,2436.749,grad,19207363072
3,2438.062,grad,19207363072
3,2440.423,grad,19253565952
3,2443.286,grad,19253684736
3,2444.642,grad,19263007232
3,2446.15,grad,19263007232
3,2447.448,grad,19279900160
3,2449.664,grad,19292548608
3,2451.008,grad,19338690048
3,2452.331,grad,19484573184
3,2453.753,grad,19406978560
3,2456.055,grad,19484638720
3,2458.714,grad,19492097536
3,2460.06,grad,19501420032
3,2461.37,grad,19501420032
3,2462.698,grad,19518197248
3,2464.777,grad,19530961408
3,2466.113,grad,19577102848
3,2467.414,grad,19722985984
3,2468.763,grad,19684188672
3,2471.397,grad,19730391552
3,2474.317,grad,19730510336
3,2475.64,grad,19739832832
3,2476.924,grad,19739832832
3,2478.266,grad,19756725760
3,2480.265,grad,19769374208
3,2481.566,grad,19815515648
3,2482.907,grad,20038993408
3,2484.307,grad,19922601472
3,2486.862,grad,19968804352
3,2489.653,grad,19968923136
3,2490.971,grad,19978245632
3,2493.966,grad,19978245632
3,2495.312,grad,19995138560
3,2497.38,grad,20007787008
3,2498.701,grad,20068608512
3,2500.761,grad,20122216960
3,2502.071,grad,20207217152
3,2503.526,grad,20199877120
3,2506.264,grad,20207335936
3,2507.64,grad,20216658432
3,2509.28,grad,20216658432
3,2510.602,grad,20233551360
3,2512.767,grad,20246199808
3,2514.079,grad,20253543936
3,2515.389,grad,20360629760
3,2516.9,grad,20360629760
3,2519.545,grad,20445629952
3,2522.44,grad,20445748736
3,2523.854,grad,20455071232
3,2525.509,grad,20455071232
3,2526.82,grad,20471963136
3,2528.894,grad,20484612608
3,2530.233,grad,20530754048
3,2531.593,grad,20676637184
3,2533.04,grad,20637839872
3,2535.51,grad,20684042752
3,2538.488,grad,20684161536
3,2539.785,grad,20693484032
3,2541.086,grad,20693484032
3,2542.394,grad,20710376960
3,2544.598,grad,20723025408
3,2545.914,grad,20769166848
3,2547.288,grad,20992644608
3,2548.653,grad,20876252672
3,2551.004,grad,20915115520
3,2553.955,grad,20922574336
3,2555.391,grad,20931896832
3,2556.918,grad,20931896832
3,2558.328,grad,20948789760
3,2560.39,grad,20961438208
3,2561.694,grad,21007579648
3,2563.051,grad,21231057408
3,2564.532,grad,21114665472
3,2566.982,grad,21160868352
3,2569.907,grad,21160987136
3,2571.354,grad,21170309632
3,2572.952,grad,21170309632
3,2574.317,grad,21187202560
3,2576.632,grad,21207191040
3,2577.957,grad,21245992448
3,2579.389,grad,21469470208
3,2580.98,grad,21353078272
3,2583.539,grad,21399281152
3,2586.614,grad,21399399936
3,2587.978,grad,21408722432
3,2589.662,grad,21408722432
3,2590.982,grad,21425499648
3,2593.274,grad,21438263808
3,2594.668,grad,21445607936
3,2596.008,grad,21707883008
3,2597.617,grad,21591491072
3,2599.925,grad,21630353920
3,2602.857,grad,21637812736
3,2604.355,grad,21647135232
3,2605.778,grad,21647135232
3,2607.072,grad,21656572416
3,2609.275,grad,21684016640
3,2610.582,grad,21722818048
3,2611.91,grad,21868701184
3,2613.369,grad,21829903872
3,2614.703,grad,21876106752
3,2616.103,grad,21868766720
3,2618.879,grad,21876225536
3,2620.217,grad,21885548032
3,2621.691,grad,21885548032
3,2623.025,grad,21902440960
3,2625.063,grad,21915089408
3,2626.362,grad,21929773568
3,2627.696,grad,22029453824
3,2629.279,grad,22029519360
3,2630.575,grad,22114519552
3,2632.002,grad,22107179520
3,2634.924,grad,22114638336
3,2636.293,grad,22123960832
3,2637.657,grad,22123960832
3,2638.965,grad,22140853760
3,2640.957,grad,22154550784
3,2642.385,grad,22160846336
3,2643.734,grad,22345526784
3,2645.09,grad,22267932160
3,2646.413,grad,22399069696
3,2648.177,grad,22345592320
3,2650.985,grad,22354099712
3,2652.406,grad,22363422208
3,2654.001,grad,22363422208
3,2655.306,grad,22380315136
3,2657.362,grad,22392963584
3,2658.651,grad,22453785088
3,2660.794,grad,22507393536
3,2662.091,grad,22592393728
3,2663.584,grad,22585053696
3,2666.462,grad,22592512512
3,2668.082,grad,22601835008
3,2669.457,grad,22601835008
3,2670.759,grad,22618727936
3,2672.921,grad,22631376384
3,2674.287,grad,22677517824
3,2675.635,grad,22823400960
3,2677.007,grad,22784603648
3,2679.131,grad,22823466496
3,2680.446,grad,23757747712
3,2681.755,grad,23757789696
3,2683.088,grad,23750425600
3,2685.253,grad,23750417408
3,2686.534,grad,23438990848
3,2687.927,grad,23438990848
3,2689.314,grad,23438990848
3,2690.654,grad,23438990848
3,2692.044,grad,24061846528
3,2693.818,grad,22827655680
3,2695.158,grad,22826338816
3,2696.546,grad,22780135936
3,2697.8,grad,22775613952
3,2699.917,grad,22647362048
3,2701.172,grad,22655220224
3,2702.444,grad,22635624960
3,2703.771,grad,22611392000
3,2705.026,grad,22640817664
3,2706.534,grad,22606018048
3,2707.795,grad,22613849600
3,2709.467,grad,22608117248
3,2710.696,grad,22599394816
3,2711.963,grad,22553257472
3,2713.22,grad,22509938176
3,2715.101,grad,22420483584
3,2716.353,grad,22413596160
3,2717.591,grad,22384513536
3,2718.816,grad,22384513536
3,2720.143,grad,22414397952
3,2721.728,grad,22378091008
3,2722.995,grad,22385922560
3,2724.662,grad,22380190208
3,2725.892,grad,22449127936
3,2727.236,grad,22325330432
3,2728.477,grad,22320808448
3,2730.029,grad,22192556544
3,2731.246,grad,22200807936
3,2733.144,grad,22157635072
3,2734.65,grad,22156586496
3,2735.888,grad,22175460864
3,2737.367,grad,22151704064
3,2739.038,grad,22153311744
3,2740.321,grad,22144654848
3,2741.716,grad,22098451968
3,2742.991,grad,22055132672
3,2744.24,grad,21973016064
3,2745.574,grad,21973018112
3,2746.8,grad,21944503808
3,2748.192,grad,21929708032
3,2749.606,grad,21929708032
3,2750.829,grad,21931805184
3,2752.25,grad,21924825600
3,2753.961,grad,21925908992
3,2755.243,grad,21917776384
3,2756.541,grad,21871573504
3,2757.762,grad,21867051520
3,2759.419,grad,21738799616
3,2760.676,grad,21732370944
3,2762.555,grad,21702829568
3,2765.099,grad,21702829568
3,2766.362,grad,21721638400
3,2767.893,grad,21697947136
3,2769.58,grad,21699030528
3,2770.84,grad,21690897920
3,2772.223,grad,21644695040
3,2773.469,grad,21601375744
3,2775.246,grad,21511986688
3,2776.534,grad,21505558016
3,2778.426,grad,21476016640
3,2779.877,grad,21476016640
3,2781.1,grad,21494891008
3,2782.562,grad,21471134208
3,2784.265,grad,21472217600
3,2785.501,grad,21464084992
3,2786.876,grad,21417882112
3,2788.126,grad,21343105536
3,2790.268,grad,21285108224
3,2791.579,grad,21278679552
3,2793.494,grad,21249138688
3,2795.007,grad,21249138176
3,2796.261,grad,21267947008
3,2797.651,grad,21244255744
3,2799.393,grad,21245339136
3,2800.684,grad,21237206528
3,2802.096,grad,21191003648
3,2803.339,grad,21147684352
3,2805.076,grad,21058229760
3,2807.062,grad,21051801088
3,2808.294,grad,21022259712
3,2809.524,grad,21023308288
3,2810.836,grad,21052144128
3,2812.201,grad,21016885760
3,2813.617,grad,21017377280
3,2815.341,grad,21018460672
3,2816.577,grad,21010328064
3,2817.95,grad,20964125184
3,2819.196,grad,20882008576
3,2820.929,grad,20831416832
3,2822.18,grad,20824529408
3,2823.443,grad,20795446784
3,2824.686,grad,20795446784
3,2825.985,grad,20825331200
3,2827.44,grad,20790072832
3,2828.68,grad,20797904384
3,2830.293,grad,20791647744
3,2831.556,grad,20783515136
3,2832.937,grad,20737312256
3,2834.188,grad,20662535680
3,2835.455,grad,20604538368
3,2836.741,grad,20611878400
3,2837.98,grad,20590704128
3,2839.683,grad,20568568832
3,2841.097,grad,20568568320
3,2842.343,grad,20587377152
3,2843.833,grad,20563685888
3,2845.513,grad,20564769280
3,2846.782,grad,20556636672
3,2848.043,grad,20510433792
3,2849.259,grad,20474520064
3,2850.987,grad,20377725440
3,2852.27,grad,20371296768
3,2854.111,grad,20341755392
3,2855.668,grad,20341755392
3,2856.92,grad,20360629760
3,2858.537,grad,20336872960
3,2860.238,grad,20337956352
3,2861.559,grad,20329823744
3,2862.921,grad,20283620864
3,2864.171,grad,20279098880
3,2865.944,grad,20150846976
3,2867.278,grad,20144418304
3,2868.513,grad,20114876928
3,2869.724,grad,20114876928
3,2870.956,grad,20144237056
3,2872.196,grad,20133685760
3,2873.708,grad,20109994496
3,2875.48,grad,20111077888
3,2876.733,grad,20102945280
3,2877.995,grad,20056742400
3,2879.223,grad,20052220416
3,2880.793,grad,19924034048
3,2882.38,grad,19917146624
3,2883.633,grad,19888064000
3,2884.854,grad,19888064000
3,2886.038,grad,19917424128
3,2887.341,grad,19906938368
3,2888.823,grad,19883181568
3,2890.522,grad,19884264960
3,2891.805,grad,19876132352
3,2893.199,grad,19829929472
3,2894.444,grad,19747812864
3,2896.344,grad,19697221120
3,2897.576,grad,19690792448
3,2899.384,grad,19661251072
3,2900.79,grad,19661251072
3,2902.112,grad,19680125440
3,2903.777,grad,19656368640
3,2905.533,grad,19657452032
3,2906.806,grad,19649253888
3,2908.082,grad,19603116544
3,2909.313,grad,19598594560
3,2911.107,grad,19470408192
3,2912.38,grad,19463979520
3,2914.15,grad,19434438144
3,2915.618,grad,19434438144
3,2916.897,grad,19453312512
3,2918.281,grad,19429555712
3,2919.987,grad,19430639104
3,2921.344,grad,19422506496
3,2922.708,grad,19376303616
3,2923.944,grad,19332984320
3,2926.006,grad,19243529728
3,2927.341,grad,19237101056
3,2929.117,grad,19207559680
3,2930.609,grad,19207559680
3,2931.89,grad,19226368512
3,2933.498,grad,19202677248
3,2935.199,grad,19203760640
3,2936.46,grad,19195628032
3,2937.773,grad,19149425152
3,2938.994,grad,19144903168
3,2940.709,grad,19016651264
3,2941.93,grad,19010222592
3,2943.801,grad,18980681216
3,2945.273,grad,18980681216
3,2946.503,grad,18999490048
3,2948.296,grad,18975798784
3,2949.904,grad,18976882176
3,2951.133,grad,18968749568
3,2952.511,grad,18922546688
3,2953.761,grad,18918024704
3,2955.552,grad,18789838336
3,2956.783,grad,18798089728
3,2958.552,grad,18753868288
3,2960.101,grad,18753868288
3,2961.405,grad,18772742656
3,2962.84,grad,18748985856
3,2964.566,grad,18750069248
3,2965.784,grad,18819531264
3,2967.176,grad,18695733760
3,2968.416,grad,18628297216
3,2969.681,grad,18562959872
3,2970.912,grad,18570299904
3,2972.175,grad,18556465664
3,2973.889,grad,18526989824
3,2975.482,grad,18526989824
3,2976.76,grad,18545864192
3,2978.111,grad,18522107392
3,2979.695,grad,18523190784
3,2980.919,grad,18514992640
3,2982.2,grad,18468855296
3,2983.451,grad,18386738688
3,2985.187,grad,18336146944
3,2986.435,grad,18329718272
3,2988.296,grad,18300176896
3,2989.831,grad,18300176896
3,2991.06,grad,18319116800
3,2992.75,grad,18295294464
3,2994.493,grad,18296377856
3,2995.754,grad,18365839872
3,2997.106,grad,18242042368
3,2998.369,grad,18237520384
3,3000.096,grad,18109661696
3,3001.375,grad,18103233024
3,3003.249,grad,18073691648
3,3004.795,grad,18073691648
3,3006.435,grad,18068317696
3,3007.822,grad,18076149248
3,3009.518,grad,18069892608
3,3010.807,grad,18061760000
3,3012.071,grad,18015557120
3,3013.32,grad,17972237824
3,3014.609,grad,17882783232
3,3015.858,grad,17890123264
3,3017.148,grad,17883629056
3,3018.843,grad,17846813184
3,3020.446,grad,17846813184
3,3021.745,grad,17865556480
3,3023.345,grad,17841930752
3,3025.029,grad,17843014144
3,3026.294,grad,17834881536
3,3027.683,grad,17788678656
3,3028.951,grad,17752699392
3,3030.244,grad,17655968256
3,3031.587,grad,17663310336
3,3032.842,grad,17634796032
3,3034.235,grad,17620000256
3,3035.697,grad,17620000256
3,3037.192,grad,17614626304
3,3038.738,grad,17615117824
3,3040.476,grad,17616201216
3,3041.732,grad,17608068608
3,3043.125,grad,17561865728
3,3044.409,grad,17557343744
3,3046.072,grad,17429157376
3,3047.429,grad,17422728704
3,3049.248,grad,17393187328
3,3050.656,grad,17393187328
3,3051.885,grad,17412127232
3,3053.356,grad,17388304896
3,3055.062,grad,17389388288
3,3056.28,grad,17381190144
3,3057.493,grad,17373850112
3,3058.788,grad,17333021184
3,3060.392,grad,17202344448
3,3061.695,grad,17210137088
3,3062.981,grad,17200044544
3,3064.426,grad,17166374400
3,3065.689,grad,17181054464
3,3066.98,grad,17185248768
3,3068.489,grad,17161491968
3,3070.226,grad,17162575360
3,3071.543,grad,17154442752
3,3072.874,grad,17108239872
3,3074.156,grad,17079600640
3,3075.402,grad,16982803968
3,3076.702,grad,16982806016
3,3077.942,grad,16954291712
3,3079.234,grad,16939495936
3,3080.671,grad,16939495936
3,3081.919,grad,16958304768
3,3083.84,grad,16934613504
3,3085.7,grad,16935696896
3,3086.954,grad,16925139456
3,3088.268,grad,16881361408
3,3089.508,grad,16860127744
3,3090.744,grad,16802062848
3,3091.997,grad,16748587520
3,3093.296,grad,16742158848
3,3095.071,grad,16712617472
3,3096.587,grad,16712617472
3,3097.885,grad,16731557376
3,3099.266,grad,16707735040
3,3100.891,grad,16708818432
3,3102.224,grad,16700685824
3,3103.635,grad,16654482944
3,3104.89,grad,16611163648
3,3106.693,grad,16521774592
3,3108.378,grad,16507940352
3,3110.202,grad,16478464512
3,3111.828,grad,16478202368
3,3113.12,grad,16497142272
3,3114.547,grad,16473319936
3,3115.794,grad,16463391232
3,3117.141,grad,16463391232
3,3118.479,grad,16463391232
3,3120.38,grad,16463390720
3,3122.594,grad,16463390720
3,3123.911,grad,16463390720
3,3125.241,grad,16463390720
3,3126.582,grad,16463390720
3,3127.894,grad,16463390720
3,3131.943,grad,16463390720
3,3133.308,grad,16463390720
3,3134.656,grad,16463390720
3,3136.682,grad,16463390720
3,3138.038,grad,16463851008
3,3139.333,grad,16463392256
3,3140.674,grad,16463851008
3,3141.965,grad,16463851520
3,3143.324,grad,16463392768
3,3144.647,grad,16463851008
3,3145.942,grad,16463457792
3,3147.335,grad,16463394304
3,3148.646,grad,16463851520
3,3150.071,grad,16463392256
3,3151.39,grad,16463394816
3,3152.741,grad,16463394304
3,3154.048,grad,16463851520
3,3155.334,grad,16463916544
3,3156.648,grad,16463392768
3,3157.943,grad,16463851008
3,3159.31,grad,16463457792
3,3160.624,grad,16463392768
3,3162.002,grad,16463851008
3,3163.338,grad,16463394816
3,3164.65,grad,16463394304
3,3165.939,grad,16463851520
3,3167.262,grad,16463916544
3,3168.64,grad,16463392256
3,3169.952,grad,16463851008
3,3171.302,grad,16463457792
3,3172.645,grad,16463392768
3,3173.962,grad,16463851520
3,3175.299,grad,16463457792
3,3176.601,grad,16463392256
3,3177.921,grad,16463851008
3,3179.248,grad,16463392256
3,3180.827,grad,16463851008
3,3182.275,grad,16463394304
3,3183.612,grad,16463392768
3,3184.913,grad,16463392768
3,3186.235,grad,16463851520
3,3187.7,grad,16463851008
3,3189.002,grad,16463392768
3,3190.286,grad,16464309760
3,3191.549,grad,16463394304
3,3192.86,grad,16463394816
3,3194.324,grad,16463851520
3,3195.585,grad,16463460352
3,3196.831,grad,16468049920
3,3198.092,grad,16471064064
3,3199.373,grad,16475946496
3,3200.62,grad,16479978496
3,3201.938,grad,16483614208
3,3203.248,grad,16489415168
3,3204.525,grad,16490921984
3,3205.763,grad,16497573376
3,3206.998,grad,16501079552
3,3208.248,grad,16506585088
3,3209.47,grad,16512090624
3,3210.685,grad,16516120576
3,3211.915,grad,16523101184
3,3213.182,grad,16524967424
3,3214.451,grad,16530210304
3,3215.67,grad,16532766720
3,3216.943,grad,16537058816
3,3218.269,grad,16541418496
3,3219.505,grad,16543350272
3,3220.765,grad,16547577344
3,3222.039,grad,16549904896
3,3223.279,grad,16553508864
3,3224.555,grad,16556195328
3,3225.785,grad,16560259072
3,3227.083,grad,16563404288
3,3228.378,grad,16566484480
3,3229.606,grad,16571203584
3,3230.843,grad,16573399552
3,3232.075,grad,16576774144
3,3233.309,grad,16579166208
3,3234.544,grad,16583720448
3,3235.759,grad,16587554304
3,3236.999,grad,16590634496
3,3238.244,grad,16594861568
3,3239.484,grad,16597189120
3,3240.747,grad,16601021952
3,3241.991,grad,16603414016
3,3243.27,grad,16607608320
3,3244.526,grad,16610526208
3,3245.758,grad,16613605376
3,3246.985,grad,16617735168
3,3248.226,grad,16619666944
3,3249.446,grad,16623795712
3,3250.657,grad,16626384896
3,3251.908,grad,16629988864
3,3253.206,grad,16633594368
3,3254.447,grad,16636444672
3,3255.675,grad,16640803840
3,3256.939,grad,16642309632
3,3258.22,grad,16642266624
3,3259.504,grad,16642299392
3,3260.864,grad,16642331648
3,3262.227,grad,16642347520
3,3263.543,grad,16642378752
3,3264.864,grad,16642411008
3,3266.318,grad,16642440704
3,3267.646,grad,16508550144
3,3268.963,grad,16362994688
3,3270.341,grad,16323116032
3,3271.652,grad,16352312320
3,3272.962,grad,16381148160
3,3274.296,grad,16409459712
3,3275.591,grad,16435411968
3,3276.904,grad,16461593600
3,3278.248,grad,16462117888
3,3279.544,grad,16363846656
3,3280.849,grad,16270851072
3,3282.168,grad,16169106432
3,3283.484,grad,16139237888
3,3289.901,grad,16139119616
3,3291.274,grad,16139120640
3,3297.708,grad,16139127808
3,3304.094,grad,16139127808
3,3310.49,grad,16139127808
3,3315.833,grad,16139127808
3,3317.193,grad,16146473984
3,3320.09,grad,16146734080
3,3323.345,grad,16154254336
3,3324.914,grad,16163576832
3,3326.607,grad,16163576832
3,3327.922,grad,16173014016
3,3330.305,grad,16200458240
3,3331.607,grad,16200462336
3,3332.943,grad,16307548160
3,3334.541,grad,16307548160
3,3335.862,grad,16431345664
3,3337.793,grad,16392548352
3,3340.652,grad,16392667136
3,3342.123,grad,16401989632
3,3343.763,grad,16401989632
3,3345.076,grad,16411426816
3,3347.399,grad,16431531008
3,3348.732,grad,16477672448
3,3350.075,grad,16623555584
3,3351.476,grad,16545960960
3,3352.797,grad,16684438528
3,3354.426,grad,16630961152
3,3358.29,grad,16631079936
3,3359.592,grad,16640402432
3,3361.174,grad,16640402432
3,3362.531,grad,16657179648
3,3364.966,grad,16669943808
3,3366.304,grad,16677287936
3,3367.703,grad,16784308224
3,3369.387,grad,16784373760
3,3370.726,grad,16908171264
3,3372.32,grad,16862033920
3,3375.345,grad,16869492736
3,3376.672,grad,16878815232
3,3378.199,grad,16878815232
3,3379.513,grad,16895708160
3,3381.867,grad,16915696640
3,3383.247,grad,16954498048
3,3384.599,grad,17177975808
3,3386.332,grad,17022786560
3,3387.698,grad,17100446720
3,3389.035,grad,17100446720
3,3391.91,grad,17107905536
3,3393.363,grad,17117228032
3,3394.872,grad,17117228032
3,3396.2,grad,17134120960
3,3398.336,grad,17154109440
3,3399.632,grad,17192910848
3,3400.945,grad,17416388608
3,3402.332,grad,17299996672
3,3403.659,grad,17414356992
3,3405.354,grad,17346199552
3,3408.512,grad,17346318336
3,3409.953,grad,17355640832
3,3411.616,grad,17355640832
3,3412.938,grad,17372418048
3,3415.315,grad,17385182208
3,3416.63,grad,17431323648
3,3417.941,grad,17538409472
3,3419.336,grad,17538409472
3,3420.638,grad,17577272320
3,3422.209,grad,17577272320
3,3425.225,grad,17584731136
3,3426.651,grad,17594053632
3,3428.315,grad,17594053632
3,3429.627,grad,17610946560
3,3431.878,grad,17623595008
3,3433.288,grad,17638279168
3,3434.621,grad,17737959424
3,3436.352,grad,17738024960
3,3438.747,grad,17815685120
3,3441.62,grad,17823143936
3,3443.159,grad,17832466432
3,3444.782,grad,17832466432
3,3446.1,grad,17849359360
3,3448.343,grad,17862007808
3,3449.637,grad,17908149248
3,3450.935,grad,17976437760
3,3452.434,grad,18015235072
3,3454.759,grad,18054097920
3,3457.709,grad,18061556736
3,3459.04,grad,18070879232
3,3460.454,grad,18070879232
3,3461.755,grad,18080316416
3,3464.043,grad,18100420608
3,3465.36,grad,18146562048
3,3466.72,grad,18370039808
3,3468.124,grad,18214850560
3,3470.538,grad,18299850752
3,3473.559,grad,18299969536
3,3474.972,grad,18309292032
3,3476.755,grad,18309292032
3,3478.066,grad,18326184960
3,3480.146,grad,18338833408
3,3481.445,grad,18346177536
3,3482.777,grad,18453263360
3,3484.31,grad,18453263360
3,3485.615,grad,18538263552
3,3487.15,grad,18530923520
3,3490.093,grad,18538382336
3,3491.491,grad,18547704832
3,3493.047,grad,18547704832
3,3494.37,grad,18564482048
3,3496.571,grad,18577246208
3,3497.89,grad,18623387648
3,3499.22,grad,18769270784
3,3500.515,grad,18691676160
3,3501.815,grad,18776676352
3,3503.391,grad,18769336320
3,3506.357,grad,18776795136
3,3507.84,grad,18786117632
3,3509.414,grad,18786117632
3,3510.725,grad,18803010560
3,3513.002,grad,18815659008
3,3514.334,grad,18823003136
3,3515.648,grad,18930088960
3,3517.2,grad,18930088960
3,3519.722,grad,19015089152
3,3523.013,grad,19015207936
3,3524.526,grad,19024530432
3,3526.198,grad,19024530432
3,3527.51,grad,19033967616
3,3529.793,grad,19054071808
3,3531.065,grad,19061415936
3,3532.4,grad,19168501760
3,3533.965,grad,19168501760
3,3536.599,grad,19253501952
3,3539.354,grad,19253620736
3,3540.903,grad,19262943232
3,3542.612,grad,19262943232
3,3543.938,grad,19272380416
3,3545.35,grad,19316601856
3,3547.052,grad,19292484608
3,3548.374,grad,19299828736
3,3549.707,grad,19484509184
3,3551.005,grad,19406914560
3,3552.338,grad,19545392128
3,3554.143,grad,19484574720
3,3557.106,grad,19492033536
3,3558.5,grad,19501356032
3,3559.975,grad,19501356032
3,3561.369,grad,19510793216
3,3563.824,grad,19530897408
3,3565.259,grad,19538241536
3,3566.607,grad,19645327360
3,3568.4,grad,19645327360
3,3569.74,grad,19798484992
3,3571.369,grad,19722987520
3,3574.532,grad,19730446336
3,3575.974,grad,19739768832
3,3577.603,grad,19739768832
3,3578.922,grad,19749206016
3,3581.411,grad,19769310208
3,3582.762,grad,19776654336
3,3584.075,grad,19883740160
3,3585.8,grad,19883740160
3,3587.074,grad,20022217728
3,3588.789,grad,19961400320
3,3592.067,grad,19968859136
3,3593.613,grad,19978181632
3,3595.287,grad,19978181632
3,3596.607,grad,19987618816
3,3597.95,grad,20031840256
3,3599.397,grad,20007723008
3,3600.694,grad,20015067136
3,3602.222,grad,20122152960
3,3603.801,grad,20122152960
3,3605.078,grad,20260630528
3,3606.834,grad,20199813120
3,3609.807,grad,20207157248
3,3611.272,grad,20216594432
3,3612.972,grad,20216594432
3,3614.323,grad,20226031616
3,3615.631,grad,20270253056
3,3617.194,grad,20246135808
3,3618.516,grad,20292277248
3,3619.9,grad,20438160384
3,3621.26,grad,20360565760
3,3622.607,grad,20513723392
3,3624.437,grad,20445565952
3,3627.654,grad,20445684736
3,3629.049,grad,20455007232
3,3630.494,grad,20455007232
3,3631.797,grad,20464444416
3,3633.07,grad,20508665856
3,3634.58,grad,20484548608
3,3635.887,grad,20491892736
3,3637.228,grad,20676573184
3,3639.812,grad,20598978560
3,3642.442,grad,20683978752
3,3645.358,grad,20684097536
3,3646.801,grad,20693420032
3,3648.388,grad,20693420032
3,3649.685,grad,20710312960
3,3651.7,grad,20722961408
3,3653.053,grad,20730305536
3,3654.384,grad,20914985984
3,3655.722,grad,20876188672
3,3658.0,grad,20922391552
3,3660.841,grad,20922510336
3,3662.227,grad,20931832832
3,3663.844,grad,20931832832
3,3665.189,grad,20948725760
3,3667.361,grad,20961374208
3,3668.677,grad,21007515648
3,3670.865,grad,21075804160
3,3672.201,grad,21153464320
3,3673.766,grad,21153464320
3,3676.672,grad,21160923136
3,3677.997,grad,21170245632
3,3679.595,grad,21170245632
3,3680.914,grad,21179682816
3,3683.321,grad,21207127040
3,3684.693,grad,21245928448
3,3686.007,grad,21391811584
3,3687.502,grad,21353014272
3,3689.824,grad,21399217152
3,3692.743,grad,21399335936
3,3694.104,grad,21408658432
3,3695.586,grad,21408658432
3,3696.934,grad,21425551360
3,3698.886,grad,21438199808
3,3700.21,grad,21499021312
3,3702.57,grad,21552629760
3,3703.899,grad,21637629952
3,3705.352,grad,21630289920
3,3708.208,grad,21637748736
3,3710.65,grad,21647071232
3,3711.994,grad,21663964160
3,3713.929,grad,21676612608
3,3715.275,grad,21722754048
3,3716.604,grad,21868637184
3,3717.988,grad,21829839872
3,3719.997,grad,21876042752
3,3722.959,grad,21876161536
3,3724.321,grad,21885484032
3,3725.875,grad,21885484032
3,3727.292,grad,21902376960
3,3729.26,grad,21915025408
3,3730.609,grad,21961166848
3,3731.911,grad,22068252672
3,3733.315,grad,22068252672
3,3735.555,grad,22114455552
3,3738.247,grad,22114574336
3,3739.569,grad,22123896832
3,3740.896,grad,22123896832
3,3742.263,grad,22133334016
3,3744.484,grad,22160778240
3,3745.784,grad,22199579648
3,3747.074,grad,22345462784
3,3748.495,grad,22306665472
3,3750.775,grad,22352868352
3,3753.647,grad,22352987136
3,3754.965,grad,22362309632
3,3756.332,grad,22362309632
3,3757.625,grad,22386542592
3,3759.378,grad,22391851008
3,3760.668,grad,22452672512
3,3761.977,grad,22583875584
3,3763.348,grad,22506280960
3,3765.792,grad,22591281152
3,3768.673,grad,22591399936
3,3771.032,grad,22600722432
3,3772.421,grad,22617615360
3,3774.496,grad,22637603840
3,3775.871,grad,22676405248
3,3778.055,grad,22744693760
3,3780.216,grad,22829693952
3,3781.55,grad,23756635136
3,3782.995,grad,23756668928
3,3784.43,grad,23749313024
3,3786.664,grad,23437877760
3,3787.984,grad,23437878272
3,3789.35,grad,23437878272
3,3790.695,grad,23437878272
3,3792.036,grad,23437878784
3,3793.33,grad,23437879808
3,3794.998,grad,22826543104
3,3796.314,grad,22825226240
3,3797.716,grad,22779023360
3,3798.983,grad,22775549952
3,3800.682,grad,22646249472
3,3801.908,grad,22639755264
3,3803.663,grad,22610279424
3,3805.236,grad,22610279424
3,3806.511,grad,22629153792
3,3807.971,grad,22605396992
3,3809.883,grad,22607004672
3,3811.15,grad,22598347776
3,3812.509,grad,22552144896
3,3813.915,grad,22550047744
3,3815.58,grad,22419371008
3,3816.822,grad,22412876800
3,3818.352,grad,22383400960
3,3819.706,grad,22383400960
3,3820.926,grad,22385498112
3,3822.325,grad,22378518528
3,3823.958,grad,22380126208
3,3825.27,grad,22371469312
3,3826.567,grad,22325266432
3,3827.85,grad,22281947136
3,3829.036,grad,22192492544
3,3830.439,grad,22199832576
3,3831.689,grad,22171318272
3,3833.031,grad,22156522496
3,3834.557,grad,22156522496
3,3835.8,grad,22175724544
3,3837.366,grad,22151640064
3,3838.965,grad,22153247744
3,3840.192,grad,22144525312
3,3841.428,grad,22137185280
3,3842.664,grad,22093865984
3,3844.303,grad,21965614080
3,3845.531,grad,21959119872
3,3847.195,grad,21929644032
3,3848.645,grad,21929644032
3,3849.984,grad,21948321792
3,3851.217,grad,21924384768
3,3852.485,grad,21932134400
3,3853.921,grad,21926369280
3,3855.157,grad,21917712384
3,3856.412,grad,21871509504
3,3857.637,grad,21796732928
3,3859.369,grad,21738735616
3,3860.589,grad,21732241408
3,3862.238,grad,21702765568
3,3863.745,grad,21702765568
3,3864.973,grad,21721574400
3,3866.449,grad,21697883136
3,3868.057,grad,21700015104
3,3869.3,grad,21729565696
3,3870.587,grad,21644631040
3,3871.826,grad,21640109056
3,3873.559,grad,21511857152
3,3874.79,grad,21520108544
3,3876.446,grad,21475887616
3,3877.825,grad,21475887104
3,3879.239,grad,21470513152
3,3880.463,grad,21478377472
3,3881.892,grad,21472088064
3,3883.15,grad,21464217600
3,3884.424,grad,21418014720
3,3885.641,grad,21413492736
3,3887.473,grad,21285240832
3,3888.866,grad,21293426688
3,3890.597,grad,21249270784
3,3892.728,grad,21249270784
3,3894.026,grad,21253465088
3,3895.312,grad,21244388352
3,3896.901,grad,21245471744
3,3898.148,grad,21314933760
3,3899.377,grad,21191136256
3,3900.615,grad,21186614272
3,3902.269,grad,21058362368
3,3903.512,grad,21066613760
3,3904.745,grad,21045576704
3,3906.09,grad,21022392320
3,3907.669,grad,21022392320
3,3909.113,grad,21017018368
3,3910.329,grad,21024882688
3,3911.638,grad,21018593280
3,3912.874,grad,21088055296
3,3914.177,grad,20964257792
3,3915.402,grad,20959801344
3,3917.281,grad,20831549440
3,3918.544,grad,20825055232
3,3920.108,grad,20795579392
3,3921.609,grad,20795579392
3,3922.884,grad,20814453760
3,3924.28,grad,20790696960
3,3925.898,grad,20791780352
3,3927.137,grad,20781222912
3,3928.494,grad,20737444864
3,3929.709,grad,20732922880
3,3931.198,grad,20604736512
3,3932.422,grad,20598307840
3,3934.122,grad,20568766464
3,3935.508,grad,20568766464
3,3936.768,grad,20587640832
3,3938.394,grad,20563884032
3,3939.865,grad,20564967424
3,3941.082,grad,20556769280
3,3942.31,grad,20510631936
3,3943.566,grad,20506109952
3,3945.236,grad,20377858048
3,3946.454,grad,20386109440
3,3948.179,grad,20341888000
3,3949.6,grad,20341888000
3,3950.833,grad,20360762368
3,3952.212,grad,20337005568
3,3953.874,grad,20339006464
3,3955.133,grad,20329956352
3,3956.407,grad,20283753472
3,3957.631,grad,20216316928
3,3959.377,grad,20150979584
3,3960.597,grad,20144092160
3,3961.821,grad,20115009536
3,3963.054,grad,20116058112
3,3964.374,grad,20144893952
3,3965.684,grad,20109635584
3,3966.915,grad,20117467136
3,3968.415,grad,20111210496
3,3969.628,grad,20103012352
3,3970.843,grad,20095672320
3,3972.156,grad,20054777856
3,3973.667,grad,19924101120
3,3974.888,grad,19932352512
3,3976.649,grad,19888131072
3,3978.026,grad,19888131072
3,3979.252,grad,19907005440
3,3980.816,grad,19883248640
3,3982.477,grad,19884332032
3,3983.712,grad,19876199424
3,3984.941,grad,19791199232
3,3986.167,grad,19825474560
3,3987.862,grad,19697222656
3,3989.114,grad,19690728448
3,3990.546,grad,19661252608
3,3991.946,grad,19661252608
3,3993.194,grad,19679995904
3,3994.633,grad,19656370176
3,3996.228,grad,19657453568
3,3997.503,grad,19649320960
3,3998.796,grad,19603118080
3,4000.029,grad,19598596096
3,4001.816,grad,19470409728
3,4003.07,grad,19463981056
3,4004.866,grad,19434439680
3,4006.488,grad,19434439680
3,4007.776,grad,19453248512
3,4009.249,grad,19429557248
3,4010.759,grad,19430640640
3,4011.978,grad,19500102656
3,4013.355,grad,19376305152
3,4014.606,grad,19371783168
3,4016.268,grad,19243531264
3,4017.54,grad,19237102592
3,4019.238,grad,19207561216
3,4020.606,grad,19207561216
3,4021.875,grad,19226435584
3,4023.589,grad,19202678784
3,4025.236,grad,19204745216
3,4026.477,grad,19273224192
3,4027.838,grad,19149426688
3,4029.059,grad,19144904704
3,4030.525,grad,19016652800
3,4031.743,grad,19010158592
3,4033.432,grad,18980683264
3,4034.79,grad,18980682752
3,4036.282,grad,18975308800
3,4037.508,grad,18983173120
3,4038.824,grad,18976883712
3,4040.049,grad,18968685568
3,4041.259,grad,18922548224
3,4042.487,grad,18918026240
3,4044.049,grad,18789839872
3,4045.263,grad,18782952448
3,4047.094,grad,18753869824
3,4048.745,grad,18753869824
3,4050.036,grad,18772744192
3,4051.351,grad,18748987392
3,4053.013,grad,18750070784
3,4054.29,grad,18741938176
3,4055.509,grad,18656937984
3,4056.724,grad,18691213312
3,4058.427,grad,18562961408
3,4059.663,grad,18571212800
3,4061.389,grad,18526991872
3,4062.903,grad,18526991360
3,4064.15,grad,18545800192
3,4065.741,grad,18522108928
3,4067.46,grad,18523192320
3,4068.701,grad,18592654336
3,4069.914,grad,18430059520
3,4071.15,grad,18464334848
3,4072.793,grad,18336148480
3,4074.028,grad,18344399872
3,4075.682,grad,18300178432
3,4077.088,grad,18300178432
3,4078.304,grad,18318987264
3,4079.623,grad,18295296000
3,4081.148,grad,18296379392
3,4082.405,grad,18288246784
3,4083.757,grad,18242043904
3,4085.028,grad,18237521920
3,4086.749,grad,18109270016
3,4088.327,grad,18102841344
3,4090.157,grad,18073299968
3,4091.659,grad,18073299968
3,4092.941,grad,18092174336
3,4094.333,grad,18068417536
3,4095.813,grad,18070418432
3,4097.03,grad,18138962944
3,4098.349,grad,18015165440
3,4099.581,grad,18010643456
3,4101.149,grad,17882391552
3,4102.386,grad,17875962880
3,4104.118,grad,17846421504
3,4105.467,grad,17846421504
3,4106.722,grad,17865295872
3,4108.423,grad,17841539072
3,4109.911,grad,17842622464
3,4111.137,grad,17912084480
3,4112.431,grad,17788286976
3,4113.667,grad,17744967680
3,4115.398,grad,17655513088
3,4116.626,grad,17649018880
3,4118.167,grad,17619543040
3,4119.514,grad,17619543040
3,4120.725,grad,17623737344
3,4122.073,grad,17614660608
3,4123.708,grad,17615744000
3,4124.922,grad,17607545856
3,4126.145,grad,17561408512
3,4127.377,grad,17479291904
3,4129.194,grad,17428634624
3,4130.649,grad,17436886016
3,4132.393,grad,17392664576
3,4133.898,grad,17392664576
3,4135.35,grad,17387290624
3,4136.597,grad,17395154944
3,4137.836,grad,17388865536
3,4139.055,grad,17458327552
3,4140.274,grad,17334530048
3,4141.498,grad,17330008064
3,4143.181,grad,17201821696
3,4144.429,grad,17195393024
3,4146.073,grad,17165851648
3,4147.733,grad,17165851648
3,4148.962,grad,17184857088
3,4150.756,grad,17160969216
3,4152.505,grad,17162052608
3,4153.744,grad,17153920000
3,4155.045,grad,17107717120
3,4156.265,grad,17103195136
3,4157.734,grad,16974943232
3,4158.963,grad,16983194624
3,4160.671,grad,16938973184
3,4162.223,grad,16938973184
3,4163.47,grad,16957978624
3,4164.788,grad,16934090752
3,4166.314,grad,16935174144
3,4167.62,grad,16927041536
3,4168.949,grad,16880838656
3,4170.201,grad,16876709888
3,4171.791,grad,16748130304
3,4173.034,grad,16755988480
3,4174.271,grad,16712160256
3,4175.503,grad,16712160256
3,4176.719,grad,16742110208
3,4177.945,grad,16706786304
3,4179.17,grad,16714650624
3,4180.456,grad,16708361216
3,4181.672,grad,16700228608
3,4183.01,grad,16654025728
3,4184.256,grad,16649503744
3,4185.862,grad,16521317376
3,4187.08,grad,16507548672
3,4188.808,grad,16478007296
3,4190.35,grad,16477745152
3,4191.627,grad,16496685056
3,4193.302,grad,16472797184
3,4194.607,grad,16462868480
3,4195.939,grad,16462868480
3,4197.278,grad,16462868480
3,4199.229,grad,16462867968
3,4201.25,grad,16462867968
3,4202.583,grad,16462867968
3,4203.899,grad,16462867968
3,4205.263,grad,16462867968
3,4206.58,grad,16462867968
3,4210.933,grad,16462867968
3,4212.264,grad,16462867968
3,4213.603,grad,16462867968
3,4215.733,grad,16462867968
3,4217.036,grad,16463328256
3,4218.365,grad,16462869504
3,4219.654,grad,16463328768
3,4221.005,grad,16462869504
3,4222.369,grad,16462871552
3,4223.735,grad,16463328256
3,4225.041,grad,16462870016
3,4226.33,grad,16462872064
3,4227.73,grad,16462871552
3,4229.065,grad,16463328256
3,4230.385,grad,16463328768
3,4231.735,grad,16462869504
3,4233.053,grad,16463328768
3,4234.364,grad,16462935552
3,4235.646,grad,16462870016
3,4236.944,grad,16463393792
3,4238.302,grad,16462869504
3,4239.655,grad,16462871552
3,4240.947,grad,16462869504
3,4242.351,grad,16463328256
3,4243.66,grad,16462872064
3,4244.971,grad,16462869504
3,4246.361,grad,16463328256
3,4247.685,grad,16462935552
3,4249.004,grad,16462870016
3,4250.319,grad,16462869504
3,4251.773,grad,16463328256
3,4253.086,grad,16462872064
3,4254.386,grad,16462871552
3,4255.717,grad,16463328256
3,4256.997,grad,16462871552
3,4258.376,grad,16463328768
3,4259.71,grad,16462935552
3,4261.043,grad,16462871552
3,4262.355,grad,16463787008
3,4263.687,grad,16462935040
3,4265.039,grad,16462869504
3,4266.363,grad,16463328256
3,4267.686,grad,16462935552
3,4269.009,grad,16462871552
3,4270.322,grad,16462935552
3,4271.648,grad,16464544768
3,4272.985,grad,16467919872
3,4274.33,grad,16470640128
3,4275.712,grad,16475358208
3,4277.077,grad,16480077824
3,4278.409,grad,16483714560
3,4279.707,grad,16489515008
3,4281.008,grad,16491381760
3,4282.353,grad,16497740288
3,4283.735,grad,16499606528
3,4285.037,grad,16507044864
3,4286.345,grad,16507864576
3,4287.672,grad,16515728896
3,4289.045,grad,16518711296
3,4290.367,grad,16522315264
3,4291.676,grad,16524707840
3,4293.072,grad,16528081920
3,4294.448,grad,16530473984
3,4295.751,grad,16533849088
3,4297.092,grad,16536470528
3,4298.387,grad,16539911168
3,4299.705,grad,16542303744
3,4301.005,grad,16546366976
3,4302.324,grad,16549349888
3,4303.64,grad,16552199168
3,4304.94,grad,16555116544
3,4306.264,grad,16557966848
3,4307.562,grad,16561015296
3,4308.89,grad,16564323328
3,4310.242,grad,16566781952
3,4311.561,grad,16570090496
3,4312.935,grad,16572777472
3,4314.283,grad,16575759872
3,4315.619,grad,16579888128
3,4316.906,grad,16581755904
3,4318.255,grad,16586343936
3,4319.572,grad,16587163136
3,4320.886,grad,16592766464
3,4322.308,grad,16595093504
3,4323.633,grad,16598533632
3,4324.963,grad,16601090048
3,4326.351,grad,16604694016
3,4327.696,grad,16607086080
3,4329.0,grad,16611149312
3,4330.356,grad,16614425600
3,4331.702,grad,16617276416
3,4333.104,grad,16621406208
3,4334.421,grad,16623272960
3,4335.705,grad,16627926016
3,4337.002,grad,16629828096
3,4338.332,grad,16633431552
3,4339.704,grad,16636183552
3,4341.007,grad,16640246784
3,4342.369,grad,16640284672
3,4343.675,grad,16640315904
3,4344.963,grad,16640350720
3,4346.417,grad,16640376320
3,4347.767,grad,16640408064
3,4349.04,grad,16640443392
3,4350.463,grad,16640476160
3,4351.775,grad,16500294144
3,4353.093,grad,16360899072
3,4354.395,grad,16321544704
3,4355.688,grad,16351330816
3,4356.965,grad,16380494336
3,4358.303,grad,16408805888
3,4359.59,grad,16435708416
3,4360.892,grad,16464544256
3,4362.223,grad,16454058496
3,4363.538,grad,16362406400
3,4364.856,grad,16270426624
3,4366.191,grad,16174350848
3,4367.485,grad,16139515392
3,4368.783,grad,16139404288
3,4375.164,grad,16139383296
3,4381.599,grad,16139391488
3,4388.039,grad,16139391488
3,4394.464,grad,16139391488
3,4400.868,grad,16139391488
3,4402.474,grad,16139391488
3,4403.987,grad,16146868736
3,4406.534,grad,16146997760
3,4410.043,grad,16154337792
3,4411.693,grad,16163840512
3,4413.512,grad,16163840512
3,4414.895,grad,16173277696
3,4416.252,grad,16232179200
3,4417.733,grad,16193316352
3,4419.038,grad,16200726016
3,4420.371,grad,16307746304
3,4422.068,grad,16307811840
3,4423.398,grad,16431543808
3,4425.516,grad,16392812032
3,4428.566,grad,16392930816
3,4429.929,grad,16402253312
3,4431.593,grad,16402253312
3,4432.911,grad,16419145216
3,4435.218,grad,16431794688
3,4436.529,grad,16477936128
3,4437.866,grad,16623819264
3,4439.191,grad,16585021952
3,4441.615,grad,16631224832
3,4444.795,grad,16631343616
3,4446.165,grad,16640666112
3,4447.848,grad,16640666112
3,4449.212,grad,16657558016
3,4451.485,grad,16670207488
3,4452.803,grad,16716348928
3,4454.202,grad,16862232064
3,4455.512,grad,16784637440
3,4457.915,grad,16869637632
3,4460.622,grad,16869756416
3,4462.0,grad,16879078912
3,4463.628,grad,16879078912
3,4464.961,grad,16895971840
3,4467.199,grad,16908620288
3,4468.521,grad,16954761728
3,4469.881,grad,17100644864
3,4472.197,grad,17023050240
3,4473.535,grad,17108050432
3,4475.111,grad,17100710400
3,4477.967,grad,17108169216
3,4479.286,grad,17117491712
3,4480.663,grad,17117491712
3,4481.993,grad,17134384640
3,4484.2,grad,17147033088
3,4485.577,grad,17193174528
3,4486.933,grad,17339057664
3,4488.329,grad,17261463040
3,4489.651,grad,17339123200
3,4491.169,grad,17339123200
3,4494.375,grad,17346582016
3,4495.697,grad,17355904512
3,4496.987,grad,17355904512
3,4498.364,grad,17372797440
3,4500.202,grad,17385445888
3,4501.513,grad,17431587328
3,4502.87,grad,17577470464
3,4504.307,grad,17538673152
3,4506.642,grad,17584876032
3,4509.436,grad,17584994816
3,4510.749,grad,17594317312
3,4512.164,grad,17594317312
3,4513.489,grad,17611210240
3,4515.736,grad,17623858688
3,4517.101,grad,17631202816
3,4518.396,grad,17777085952
3,4519.653,grad,17777085952
3,4521.584,grad,17815948800
3,4524.442,grad,17823292928
3,4525.721,grad,17832730112
3,4527.092,grad,17832730112
3,4528.359,grad,17849623040
3,4530.397,grad,17862271488
3,4531.699,grad,17908412928
3,4533.836,grad,17976701440
3,4536.142,grad,18054361600
3,4538.885,grad,18061705728
3,4540.163,grad,18071142912
3,4541.507,grad,18079532032
3,4542.777,grad,18095375872
3,4544.491,grad,18100684288
3,4545.744,grad,18161505792
3,4547.827,grad,18215114240
3,4549.966,grad,18292774400
3,4552.682,grad,18300118528
3,4553.937,grad,18309555712
3,4555.465,grad,18309555712
3,4556.738,grad,18326448640
3,4558.501,grad,18339097088
3,4559.72,grad,18385238528
3,4561.666,grad,18453527040
3,4564.16,grad,18531187200
3,4566.7,grad,18538531328
3,4568.096,grad,18547968512
3,4569.357,grad,18547968512
3,4570.581,grad,18572201472
3,4572.435,grad,18577509888
3,4573.684,grad,18623651328
3,4574.918,grad,18847129088
3,4576.182,grad,18730737152
3,4578.439,grad,18769600000
3,4581.074,grad,18776944128
3,4582.354,grad,18786381312
3,4583.765,grad,18786381312
3,4585.01,grad,18803274240
3,4586.986,grad,18815922688
3,4588.244,grad,18823266816
3,4589.491,grad,19085541888
3,4590.897,grad,18969149952
3,4593.081,grad,19008012800
3,4596.101,grad,19015356928
3,4597.339,grad,19024794112
3,4598.562,grad,19024794112
3,4599.785,grad,19041687040
3,4601.854,grad,19054335488
3,4603.11,grad,19100476928
3,4604.355,grad,19323954688
3,4605.582,grad,19207562752
3,4607.918,grad,19246425600
3,4610.569,grad,19253769728
3,4611.819,grad,19263206912
3,4613.271,grad,19263206912
3,4614.599,grad,19272644096
3,4616.664,grad,19292748288
3,4617.895,grad,19338889728
3,4619.827,grad,19407178240
3,4622.251,grad,19484838400
3,4625.008,grad,19492182528
3,4626.267,grad,19501619712
3,4627.702,grad,19501619712
3,4628.941,grad,19518512640
3,4630.688,grad,19531161088
3,4631.915,grad,19577302528
3,4633.174,grad,19723185664
3,4634.446,grad,19645591040
3,4635.701,grad,19730591232
3,4636.943,grad,19723251200
3,4639.534,grad,19730595328
3,4640.759,grad,19740032512
3,4642.078,grad,19740032512
3,4643.348,grad,19756925440
3,4645.407,grad,19769573888
3,4646.634,grad,19815715328
3,4647.868,grad,19961598464
3,4649.139,grad,19922801152
3,4650.89,grad,19961664000
3,4653.79,grad,19969008128
3,4655.06,grad,19978445312
3,4656.304,grad,19978445312
3,4657.527,grad,19995338240
3,4659.2,grad,20007986688
3,4660.432,grad,20068808192
3,4662.413,grad,20122416640
3,4664.69,grad,20200076800
3,4667.45,grad,20207420928
3,4668.695,grad,20216858112
3,4669.971,grad,20216858112
3,4671.254,grad,20226295296
3,4673.36,grad,20246399488
3,4674.602,grad,20292540928
3,4675.859,grad,20399626752
3,4677.114,grad,20399626752
3,4679.09,grad,20445829632
3,4681.631,grad,20445833728
3,4682.883,grad,20455270912
3,4684.276,grad,20455270912
3,4685.536,grad,20472163840
3,4687.612,grad,20484812288
3,4688.932,grad,20530953728
3,4691.12,grad,20599242240
3,4693.549,grad,20676902400
3,4696.226,grad,20684246528
3,4697.461,grad,20693683712
3,4698.705,grad,20701023744
3,4699.963,grad,20717916672
3,4701.624,grad,20723225088
3,4702.865,grad,20769366528
3,4704.11,grad,20915249664
3,4705.417,grad,20876452352
3,4707.583,grad,20915315200
3,4711.587,grad,20922659328
3,4712.834,grad,20932096512
3,4714.285,grad,20932096512
3,4715.597,grad,20948989440
3,4717.453,grad,20961637888
3,4718.675,grad,21007779328
3,4720.598,grad,21076067840
3,4722.966,grad,21153728000
3,4725.664,grad,21161072128
3,4726.905,grad,21170509312
3,4728.257,grad,21170509312
3,4729.491,grad,21187402240
3,4731.491,grad,21200050688
3,4732.736,grad,21246192128
3,4734.735,grad,21314480640
3,4737.001,grad,21392140800
3,4739.53,grad,21399484928
3,4741.782,grad,21408922112
3,4743.096,grad,21425815040
3,4744.766,grad,21438463488
3,4746.008,grad,21499284992
3,4748.187,grad,21552893440
3,4750.46,grad,21630553600
3,4753.196,grad,21637897728
3,4754.449,grad,21647334912
3,4755.887,grad,21647334912
3,4757.192,grad,21664227840
3,4758.855,grad,21676876288
3,4760.105,grad,21723017728
3,4762.101,grad,21791306240
3,4764.476,grad,21868966400
3,4767.348,grad,21876310528
3,4768.597,grad,21885747712
3,4769.924,grad,21885747712
3,4771.187,grad,21902640640
3,4773.024,grad,21915289088
3,4774.274,grad,21961430528
3,4775.53,grad,22107313664
3,4776.793,grad,22068516352
3,4778.83,grad,22107379200
3,4781.251,grad,22114723328
3,4782.489,grad,22124160512
3,4783.85,grad,22124160512
3,4785.036,grad,22141053440
3,4787.133,grad,22154750464
3,4788.373,grad,22199843328
3,4790.28,grad,22268131840
3,4791.515,grad,22407657984
3,4792.882,grad,22345792000
3,4795.416,grad,22354184704
3,4796.655,grad,22363621888
3,4797.873,grad,22363621888
3,4799.105,grad,22387854848
3,4800.657,grad,22393163264
3,4801.879,grad,22453984768
3,4803.993,grad,22507593216
3,4806.058,grad,22585253376
3,4808.865,grad,22592597504
3,4810.068,grad,22602034688
3,4811.309,grad,22602034688
3,4812.541,grad,22618927616
3,4814.282,grad,22631576064
3,4815.511,grad,22692397568
3,4817.439,grad,22746006016
3,4819.378,grad,22823666176
3,4820.631,grad,23757956096
3,4821.867,grad,23757989376
3,4824.939,grad,23750617088
3,4826.188,grad,23439190528
3,4827.431,grad,23439190528
3,4828.67,grad,23439190528
3,4829.875,grad,23439190528
3,4831.108,grad,24062054400
3,4832.55,grad,22827855360
3,4833.783,grad,22824113664
3,4835.057,grad,22780335616
3,4836.271,grad,22705559040
3,4838.069,grad,22647561728
3,4839.283,grad,22641067520
3,4840.821,grad,22611592192
3,4842.362,grad,22611591680
3,4843.599,grad,22630400512
3,4845.039,grad,22606709248
3,4846.896,grad,22608316928
3,4848.161,grad,22599660032
3,4849.387,grad,22553457152
3,4850.707,grad,22551360000
3,4852.16,grad,22420683264
3,4853.394,grad,22428934656
3,4855.028,grad,22384713216
3,4856.404,grad,22384713216
3,4857.647,grad,22386679296
3,4858.86,grad,22378782208
3,4860.292,grad,22380389888
3,4861.52,grad,22410464768
3,4862.752,grad,22286732800
3,4863.985,grad,22321008128
3,4865.481,grad,22192756224
3,4866.7,grad,22185868800
3,4868.551,grad,22157835264
3,4869.863,grad,22156786176
3,4871.235,grad,22151412224
3,4872.459,grad,22159243776
3,4873.969,grad,22153511424
3,4875.191,grad,22144788992
3,4876.406,grad,22098651648
3,4877.615,grad,22096620032
3,4878.992,grad,21965877760
3,4880.21,grad,21959383552
3,4881.726,grad,21929907712
3,4883.245,grad,21929907712
3,4884.48,grad,21948782080
3,4885.984,grad,21925025280
3,4887.686,grad,21926305280
3,4888.929,grad,21995570688
3,4890.243,grad,21871773184
3,4891.5,grad,21867251200
3,4893.119,grad,21738999296
3,4894.376,grad,21732570624
3,4896.073,grad,21703029248
3,4897.553,grad,21703029248
3,4898.795,grad,21721969152
3,4900.186,grad,21698146816
3,4901.779,grad,21699230208
3,4903.012,grad,21768692224
3,4904.582,grad,21644894720
3,4905.833,grad,21601575424
3,4907.643,grad,21512186368
3,4908.895,grad,21520437760
3,4910.612,grad,21476216320
3,4912.146,grad,21476216320
3,4913.69,grad,21494959616
3,4915.325,grad,21471333888
3,4916.825,grad,21472417280
3,4918.035,grad,21464219136
3,4919.245,grad,21379284480
3,4920.508,grad,21415984640
3,4921.997,grad,21285307904
3,4923.242,grad,21278879232
3,4925.146,grad,21249338368
3,4926.77,grad,21249337856
3,4928.111,grad,21268212224
3,4929.47,grad,21244455424
3,4930.94,grad,21245538816
3,4932.16,grad,21237406208
3,4933.415,grad,21191203328
3,4934.659,grad,21147884032
3,4936.483,grad,21058429440
3,4937.7,grad,21051935232
3,4938.913,grad,21049371136
3,4940.22,grad,21022459904
3,4941.618,grad,21022459392
3,4942.851,grad,21041268224
3,4944.331,grad,21017576960
3,4945.832,grad,21018660352
3,4947.081,grad,21010527744
3,4948.936,grad,20964324864
3,4950.187,grad,20959802880
3,4951.802,grad,20831616512
3,4953.041,grad,20839867904
3,4954.807,grad,20795646976
3,4956.189,grad,20795646464
3,4957.647,grad,20790272512
3,4958.863,grad,20798136832
3,4960.105,grad,20791847424
3,4961.315,grad,20783649280
3,4962.568,grad,20737511936
3,4963.804,grad,20732989952
3,4965.444,grad,20604738048
3,4966.66,grad,20598243840
3,4968.316,grad,20568768000
3,4969.716,grad,20568768000
3,4970.93,grad,20587511296
3,4972.509,grad,20563885568
3,4974.197,grad,20564968960
3,4975.456,grad,20556770816
3,4976.671,grad,20510633472
3,4977.9,grad,20508601856
3,4979.499,grad,20377925120
3,4980.829,grad,20371037696
3,4982.239,grad,20341955072
3,4983.496,grad,20343003648
3,4984.843,grad,20371839488
3,4986.206,grad,20336581120
3,4987.448,grad,20344412672
3,4988.965,grad,20338156032
3,4990.238,grad,20330023424
3,4991.479,grad,20283820544
3,4992.74,grad,20240501248
3,4994.692,grad,20151046656
3,4995.984,grad,20144617984
3,4997.771,grad,20115076608
3,4999.25,grad,20115076608
3,5000.501,grad,20133950976
3,5001.8,grad,20110194176
3,5003.481,grad,20111277568
3,5004.732,grad,20103079424
3,5005.944,grad,20018144768
3,5007.168,grad,19989505536
3,5008.907,grad,19924233728
3,5010.14,grad,19932485120
3,5011.821,grad,19888263680
3,5013.354,grad,19888263680
3,5014.818,grad,19882889728
3,5016.073,grad,19883381248
3,5017.599,grad,19884464640
3,5018.813,grad,19876266496
3,5020.026,grad,19868926464
3,5021.368,grad,19828097536
3,5022.906,grad,19697420800
3,5024.154,grad,19690992128
3,5025.442,grad,19661450752
3,5026.692,grad,19661450752
3,5027.925,grad,19690876416
3,5029.335,grad,19656076800
3,5030.573,grad,19663941120
3,5032.037,grad,19657651712
3,5033.272,grad,19649519104
3,5034.575,grad,19603316224
3,5035.823,grad,19598794240
3,5037.297,grad,19470607872
3,5038.513,grad,19463720448
3,5040.162,grad,19434637824
3,5041.543,grad,19434637824
3,5042.83,grad,19453512192
3,5044.23,grad,19429755392
3,5045.794,grad,19430838784
3,5047.086,grad,19422706176
3,5048.397,grad,19376503296
3,5049.641,grad,19333184000
3,5051.423,grad,19243729408
3,5052.674,grad,19237300736
3,5054.434,grad,19207759872
3,5055.796,grad,19207759360
3,5057.259,grad,19202385408
3,5058.526,grad,19202876928
3,5060.182,grad,19203960320
3,5061.431,grad,19195827712
3,5062.787,grad,19149624832
3,5064.028,grad,19106305536
3,5065.814,grad,19016850944
3,5067.098,grad,19010422272
3,5068.857,grad,18980880896
3,5070.36,grad,18980880896
3,5071.658,grad,18999755264
3,5073.116,grad,18975998464
3,5074.699,grad,18977081856
3,5075.913,grad,18968949248
3,5077.321,grad,18922746368
3,5078.537,grad,18918224384
3,5079.981,grad,18790038016
3,5081.239,grad,18783150592
3,5082.482,grad,18770960896
3,5083.772,grad,18754067968
3,5085.073,grad,18783952384
3,5086.379,grad,18748694016
3,5087.624,grad,18756525568
3,5089.077,grad,18750268928
3,5090.296,grad,18742136320
3,5091.677,grad,18695933440
3,5092.914,grad,18652614144
3,5094.711,grad,18563159552
3,5096.002,grad,18556730880
3,5097.684,grad,18527189504
3,5099.078,grad,18527189504
3,5100.511,grad,18521815552
3,5101.779,grad,18522307072
3,5103.46,grad,18523390464
3,5104.706,grad,18515192320
3,5105.926,grad,18507852288
3,5107.226,grad,18467023360
3,5108.72,grad,18336346624
3,5109.949,grad,18329852416
3,5111.564,grad,18300376576
3,5113.104,grad,18300376576
3,5114.36,grad,18319119872
3,5115.909,grad,18295494144
3,5117.584,grad,18296577536
3,5118.8,grad,18288379392
3,5120.012,grad,18281039360
3,5121.289,grad,18240538112
3,5122.89,grad,18109861376
3,5124.413,grad,18103432704
3,5126.122,grad,18073891328
3,5127.752,grad,18073891328
3,5129.011,grad,18092700160
3,5130.553,grad,18069008896
3,5132.281,grad,18070092288
3,5133.527,grad,18061959680
3,5134.906,grad,18015756800
3,5136.151,grad,17972437504
3,5137.882,grad,17882982912
3,5139.153,grad,17891234304
3,5140.968,grad,17847013376
3,5142.517,grad,17847012864
3,5143.755,grad,17865231872
3,5145.632,grad,17842130432
3,5147.29,grad,17843213824
3,5148.53,grad,17912675840
3,5149.744,grad,17750081024
3,5150.98,grad,17786846720
3,5152.521,grad,17656169984
3,5153.755,grad,17664421376
3,5155.378,grad,17620199936
3,5156.746,grad,17620199936
3,5157.97,grad,17638943232
3,5159.376,grad,17615317504
3,5160.848,grad,17616400896
3,5162.066,grad,17608268288
3,5163.414,grad,17562065408
3,5164.652,grad,17635138048
3,5166.291,grad,17429357056
3,5167.88,grad,17422928384
3,5169.575,grad,17393387008
3,5170.936,grad,17393387008
3,5172.221,grad,17412261376
3,5173.656,grad,17388504576
3,5175.26,grad,17389587968
3,5176.494,grad,17381389824
3,5177.739,grad,17335252480
3,5178.971,grad,17330730496
3,5180.594,grad,17202544128
3,5181.813,grad,17210795520
3,5183.539,grad,17166574080
3,5185.26,grad,17166574080
3,5186.535,grad,17185513984
3,5188.26,grad,17161691648
3,5189.879,grad,17162775040
3,5191.121,grad,17154642432
3,5192.488,grad,17108439552
3,5193.724,grad,17103917568
3,5195.36,grad,16975665664
3,5196.592,grad,16969171456
3,5198.086,grad,16939695616
3,5199.407,grad,16939695616
3,5200.82,grad,16934321664
3,5202.039,grad,16942185984
3,5203.551,grad,16935896576
3,5204.783,grad,16927698432
3,5205.994,grad,16920358400
3,5207.221,grad,16877039104
3,5208.831,grad,16748787200
3,5210.533,grad,16742358528
3,5212.335,grad,16712817152
3,5213.819,grad,16712817152
3,5215.255,grad,16707443200
3,5216.496,grad,16715307520
3,5217.931,grad,16709018112
3,5219.173,grad,16700819968
3,5220.464,grad,16654617088
3,5221.699,grad,16587180544
3,5223.615,grad,16521974272
3,5224.867,grad,16508205568
3,5226.638,grad,16478664192
3,5228.244,grad,16478402048
3,5229.702,grad,16473028096
3,5231.05,grad,16473519616
3,5232.291,grad,16463590912
3,5233.548,grad,16463590912
3,5234.79,grad,16463590912
3,5236.675,grad,16463590400
3,5238.621,grad,16463590400
3,5240.955,grad,16463590400
3,5242.419,grad,16463590400
3,5243.674,grad,16463590400
3,5246.771,grad,16463590400
3,5248.453,grad,16463590912
3,5250.478,grad,16463590400
3,5251.739,grad,16463591936
3,5252.976,grad,16463594496
3,5254.218,grad,16463593984
3,5255.438,grad,16464051200
3,5256.738,grad,16464050688
3,5258.124,grad,16463593984
3,5259.462,grad,16463657984
3,5260.749,grad,16464051200
3,5261.988,grad,16464050688
3,5263.28,grad,16463592448
3,5264.527,grad,16464050688
3,5265.756,grad,16463592448
3,5267.05,grad,16463591936
3,5268.325,grad,16463593984
3,5269.549,grad,16464509440
3,5270.762,grad,16463592448
3,5272.005,grad,16463591936
3,5273.248,grad,16463657984
3,5274.517,grad,16464050688
3,5275.74,grad,16464050688
3,5276.948,grad,16463591936
3,5278.248,grad,16463657472
3,5279.467,grad,16464051200
3,5280.705,grad,16463657472
3,5281.958,grad,16463591936
3,5283.204,grad,16463657984
3,5284.462,grad,16464050688
3,5285.702,grad,16464050688
3,5286.944,grad,16463591936
3,5288.184,grad,16464050688
3,5289.414,grad,16463592448
3,5290.621,grad,16463594496
3,5291.884,grad,16463592448
3,5293.142,grad,16464051200
3,5294.37,grad,16463657472
3,5295.62,grad,16463593984
3,5296.876,grad,16463591936
3,5298.112,grad,16464509440
3,5299.43,grad,16464808448
3,5300.645,grad,16468413440
3,5301.874,grad,16471263744
3,5303.128,grad,16475752960
3,5304.376,grad,16480701952
3,5305.598,grad,16484567552
3,5306.821,grad,16490368512
3,5308.049,grad,16491842048
3,5309.283,grad,16498461184
3,5310.572,grad,16501967360
3,5311.79,grad,16507931136
3,5313.066,grad,16512977408
3,5314.342,grad,16517008384
3,5315.55,grad,16524512768
3,5316.775,grad,16525560320
3,5317.981,grad,16530148352
3,5319.202,grad,16532704256
3,5320.47,grad,16536308224
3,5321.74,grad,16539913728
3,5322.973,grad,16542763520
3,5324.212,grad,16547188736
3,5325.481,grad,16548694528
3,5326.727,grad,16553643008
3,5327.974,grad,16555610112
3,5329.21,grad,16559507968
3,5330.429,grad,16563113984
3,5331.664,grad,16566193152
3,5332.916,grad,16570454016
3,5334.16,grad,16572320256
3,5335.393,grad,16576514560
3,5336.649,grad,16579103232
3,5337.86,grad,16583396352
3,5339.094,grad,16587753984
3,5340.341,grad,16589261312
3,5341.55,grad,16593980416
3,5342.837,grad,16596535808
3,5344.09,grad,16600140288
3,5345.302,grad,16603746304
3,5346.534,grad,16606825472
3,5347.763,grad,16610955264
3,5348.993,grad,16612461568
3,5350.211,grad,16617344000
3,5351.426,grad,16619965440
3,5352.664,grad,16624028160
3,5353.894,grad,16626946048
3,5355.173,grad,16630024704
3,5356.441,grad,16634841600
3,5357.652,grad,16636809216
3,5358.858,grad,16640642048
3,5360.075,grad,16641370624
3,5361.301,grad,16641409536
3,5362.564,grad,16641442304
3,5363.813,grad,16641463808
3,5365.05,grad,16641499648
3,5366.322,grad,16641536512
3,5367.577,grad,16623667200
3,5368.85,grad,16453535744
3,5370.155,grad,16317351936
3,5371.38,grad,16345073664
3,5372.617,grad,16374958080
3,5373.845,grad,16405465088
3,5375.074,grad,16437905408
3,5376.283,grad,16472082432
3,5377.499,grad,16415787008
3,5378.717,grad,16311453696
3,5379.934,grad,16191752192
3,5381.16,grad,16139381760
3,5387.517,grad,16139253760
3,5388.792,grad,16139263488
3,5395.239,grad,16139261952
3,5401.643,grad,16139261952
3,5408.184,grad,16139261952
3,5412.375,grad,16139261952
3,5413.747,grad,16146739200
3,5416.173,grad,16146868224
3,5418.918,grad,16154208256
3,5420.448,grad,16163645440
3,5421.815,grad,16163645440
3,5423.068,grad,16173082624
3,5425.425,grad,16193186816
3,5426.672,grad,16239328256
3,5427.914,grad,16462806016
3,5429.428,grad,16346414080
3,5431.891,grad,16385276928
3,5434.769,grad,16392621056
3,5436.022,grad,16402058240
3,5437.45,grad,16402058240
3,5438.691,grad,16418951168
3,5440.786,grad,16431599616
3,5442.035,grad,16438943744
3,5443.299,grad,16623624192
3,5444.583,grad,16546029568
3,5445.827,grad,16631029760
3,5447.211,grad,16623689728
3,5450.028,grad,16631033856
3,5451.435,grad,16640471040
3,5452.849,grad,16640471040
3,5454.111,grad,16657363456
3,5456.164,grad,16670012416
3,5457.396,grad,16716153856
3,5458.634,grad,16939631616
3,5459.862,grad,16823239680
3,5462.246,grad,16862102528
3,5465.071,grad,16869446656
3,5466.341,grad,16878883840
3,5467.748,grad,16878883840
3,5469.001,grad,16895776768
3,5471.025,grad,16908425216
3,5472.296,grad,16954566656
3,5473.546,grad,17178044416
3,5474.9,grad,17022855168
3,5476.164,grad,17146652672
3,5477.576,grad,17100515328
3,5480.416,grad,17107859456
3,5481.77,grad,17117296640
3,5483.187,grad,17117296640
3,5484.441,grad,17134189568
3,5486.611,grad,17146838016
3,5487.864,grad,17192979456
3,5489.127,grad,17338862592
3,5490.36,grad,17261267968
3,5491.622,grad,17399745536
3,5493.118,grad,17338928128
3,5496.942,grad,17346272256
3,5498.225,grad,17355709440
3,5499.652,grad,17355709440
3,5500.899,grad,17372601344
3,5503.039,grad,17385250816
3,5504.29,grad,17392594944
3,5505.541,grad,17577275392
3,5506.848,grad,17499680768
3,5508.13,grad,17584680960
3,5509.538,grad,17577340928
3,5512.492,grad,17584685056
3,5513.781,grad,17594122240
3,5515.258,grad,17594122240
3,5516.533,grad,17611015168
3,5518.661,grad,17623663616
3,5519.915,grad,17669805056
3,5521.158,grad,17815688192
3,5522.428,grad,17738093568
3,5524.85,grad,17815753728
3,5527.745,grad,17823097856
3,5528.994,grad,17832535040
3,5530.296,grad,17832535040
3,5531.576,grad,17849427968
3,5533.503,grad,17862076416
3,5534.759,grad,17908217856
3,5536.747,grad,17976506368
3,5539.131,grad,18054166528
3,5541.774,grad,18061510656
3,5543.098,grad,18070947840
3,5544.41,grad,18070947840
3,5545.693,grad,18087840768
3,5547.622,grad,18100489216
3,5548.886,grad,18146630656
3,5550.137,grad,18253716480
3,5551.452,grad,18253716480
3,5553.777,grad,18292579328
3,5556.566,grad,18299923456
3,5557.895,grad,18309360640
3,5559.162,grad,18309360640
3,5560.382,grad,18326253568
3,5562.218,grad,18338902016
3,5563.469,grad,18346246144
3,5564.711,grad,18530926592
3,5566.006,grad,18492129280
3,5568.237,grad,18530992128
3,5570.772,grad,18538336256
3,5572.173,grad,18547773440
3,5573.681,grad,18547773440
3,5574.927,grad,18564666368
3,5576.949,grad,18577314816
3,5578.278,grad,18584658944
3,5579.513,grad,18769339392
3,5580.819,grad,18730542080
3,5583.009,grad,18769404928
3,5585.761,grad,18776749056
3,5587.113,grad,18786186240
3,5588.57,grad,18786186240
3,5589.835,grad,18803079168
3,5591.844,grad,18815727616
3,5593.073,grad,18823071744
3,5594.313,grad,19007752192
3,5595.577,grad,18930157568
3,5596.821,grad,19007817728
3,5598.266,grad,19007817728
3,5600.802,grad,19015161856
3,5602.125,grad,19024599040
3,5603.572,grad,19024599040
3,5604.861,grad,19041491968
3,5606.662,grad,19054140416
3,5607.903,grad,19061484544
3,5609.136,grad,19246164992
3,5610.404,grad,19207367680
3,5612.848,grad,19246230528
3,5615.66,grad,19253574656
3,5617.096,grad,19263011840
3,5618.415,grad,19263011840
3,5619.653,grad,19279904768
3,5621.545,grad,19292553216
3,5622.817,grad,19338694656
3,5624.061,grad,19562172416
3,5625.312,grad,19445780480
3,5627.696,grad,19484643328
3,5630.282,grad,19491987456
3,5631.517,grad,19501424640
3,5632.973,grad,19501424640
3,5634.228,grad,19518317568
3,5636.213,grad,19530966016
3,5637.52,grad,19538310144
3,5638.744,grad,19800585216
3,5640.032,grad,19684193280
3,5642.342,grad,19723056128
3,5645.246,grad,19730400256
3,5646.535,grad,19739837440
3,5647.969,grad,19739837440
3,5649.213,grad,19756730368
3,5651.066,grad,19769378816
3,5652.309,grad,19776722944
3,5653.557,grad,19961403392
3,5654.798,grad,19922606080
3,5657.351,grad,19961468928
3,5660.108,grad,19968813056
3,5661.338,grad,19978250240
3,5662.716,grad,19978250240
3,5663.98,grad,19995143168
3,5665.929,grad,20007791616
3,5667.192,grad,20015135744
3,5668.437,grad,20199816192
3,5669.666,grad,20122221568
3,5670.909,grad,20199881728
3,5672.331,grad,20199881728
3,5675.192,grad,20207225856
3,5676.564,grad,20216663040
3,5678.001,grad,20216663040
3,5679.253,grad,20233555968
3,5681.304,grad,20246204416
3,5682.584,grad,20292345856
3,5683.826,grad,20515823616
3,5685.124,grad,20399431680
3,5687.461,grad,20438294528
3,5690.138,grad,20445638656
3,5691.394,grad,20455075840
3,5692.751,grad,20455075840
3,5693.996,grad,20471968768
3,5695.927,grad,20484617216
3,5697.174,grad,20491961344
3,5698.442,grad,20598981632
3,5699.782,grad,20599047168
3,5702.164,grad,20676707328
3,5704.908,grad,20684051456
3,5706.163,grad,20693488640
3,5707.591,grad,20693488640
3,5708.837,grad,20710381568
3,5710.648,grad,20723030016
3,5711.873,grad,20730374144
3,5713.125,grad,20915054592
3,5714.379,grad,20837459968
3,5715.614,grad,20915120128
3,5717.271,grad,20915120128
3,5719.95,grad,20922464256
3,5721.261,grad,20931901440
3,5722.682,grad,20931901440
3,5723.926,grad,20948794368
3,5725.852,grad,20961442816
3,5727.108,grad,20968786944
3,5728.367,grad,21153467392
3,5729.617,grad,21075872768
3,5730.858,grad,21153532928
3,5732.164,grad,21153532928
3,5734.956,grad,21160877056
3,5737.216,grad,21170314240
3,5738.569,grad,21170314240
3,5739.901,grad,21187207168
3,5741.737,grad,21199855616
3,5742.982,grad,21245997056
3,5744.247,grad,21391880192
3,5745.514,grad,21353082880
3,5747.793,grad,21391945728
3,5750.562,grad,21399289856
3,5751.884,grad,21408727040
3,5753.288,grad,21408727040
3,5754.543,grad,21425619968
3,5756.554,grad,21438268416
3,5757.879,grad,21445612544
3,5759.158,grad,21552698368
3,5760.397,grad,21552698368
3,5761.645,grad,21630358528
3,5763.009,grad,21630358528
3,5765.72,grad,21637702656
3,5767.015,grad,21647139840
3,5768.407,grad,21647139840
3,5769.661,grad,21664032768
3,5771.403,grad,21676681216
3,5772.66,grad,21722822656
3,5773.897,grad,21829908480
3,5775.238,grad,21829908480
3,5777.548,grad,21868771328
3,5780.216,grad,21876115456
3,5781.439,grad,21885552640
3,5782.784,grad,21885552640
3,5784.027,grad,21902445568
3,5785.994,grad,21915094016
3,5787.26,grad,21922438144
3,5788.514,grad,22184713216
3,5789.84,grad,22068321280
3,5791.904,grad,22107184128
3,5794.672,grad,22114528256
3,5796.028,grad,22123965440
3,5797.35,grad,22123965440
3,5798.646,grad,22140858368
3,5800.437,grad,22153506816
3,5801.659,grad,22214328320
3,5802.899,grad,22345531392
3,5804.272,grad,22306734080
3,5806.292,grad,22345596928
3,5809.107,grad,22352941056
3,5810.383,grad,22362378240
3,5811.667,grad,22362378240
3,5812.913,grad,22379271168
3,5814.85,grad,22391919616
3,5816.073,grad,22406603776
3,5817.295,grad,22506349568
3,5818.544,grad,22545146880
3,5820.845,grad,22584009728
3,5823.617,grad,22591353856
3,5824.876,grad,22600791040
3,5826.188,grad,22600791040
3,5827.416,grad,22617683968
3,5829.35,grad,22630332416
3,5830.64,grad,22676473856
3,5831.863,grad,22783559680
3,5833.108,grad,22783559680
3,5835.361,grad,22822422528
3,5836.627,grad,23756703744
3,5837.856,grad,23756746752
3,5840.791,grad,23749373440
3,5842.029,grad,23437946880
3,5843.264,grad,23437946880
3,5844.494,grad,23437946880
3,5845.709,grad,23437946880
3,5846.951,grad,24060810752
3,5848.423,grad,22826611712
3,5849.708,grad,22825294848
3,5850.92,grad,22779091968
3,5852.151,grad,22775618560
3,5853.409,grad,22646318080
3,5854.639,grad,22631631872
3,5855.857,grad,22630386688
3,5857.16,grad,22610348544
3,5858.571,grad,22610348032
3,5859.839,grad,22629222400
3,5861.153,grad,22605465600
3,5862.383,grad,22602878976
3,5863.633,grad,22607073280
3,5865.348,grad,22552213504
3,5866.566,grad,22508894208
3,5867.799,grad,22419439616
3,5869.008,grad,22419433472
3,5870.253,grad,22408226816
3,5871.678,grad,22383469568
3,5872.93,grad,22398149632
3,5874.222,grad,22402278400
3,5875.614,grad,22378587136
3,5877.131,grad,22380194816
3,5878.347,grad,22371472384
3,5879.569,grad,22286537728
3,5880.787,grad,22323237888
3,5882.596,grad,22192561152
3,5883.885,grad,22186132480
3,5885.662,grad,22156591104
3,5887.202,grad,22156591104
3,5888.488,grad,22175465472
3,5889.868,grad,22151708672
3,5891.674,grad,22153316352
3,5892.912,grad,22144593920
3,5894.216,grad,22098456576
3,5895.458,grad,22093934592
3,5897.207,grad,21965682688
3,5898.449,grad,21959188480
3,5900.081,grad,21929712640
3,5901.552,grad,21929712640
3,5902.813,grad,21947407360
3,5904.329,grad,21924338688
3,5905.569,grad,21932170240
3,5907.147,grad,21926437888
3,5908.392,grad,21917780992
3,5909.709,grad,21871578112
3,5910.94,grad,21867056128
3,5912.765,grad,21738804224
3,5914.003,grad,21732375552
3,5915.807,grad,21702834176
3,5917.356,grad,21702834176
3,5918.612,grad,21721577472
3,5920.056,grad,21697951744
3,5921.771,grad,21700083712
3,5923.007,grad,21690902528
3,5924.273,grad,21644699648
3,5925.532,grad,21608785920
3,5926.768,grad,21558061056
3,5928.037,grad,21519265792
3,5929.271,grad,21498091520
3,5930.689,grad,21475955712
3,5932.146,grad,21475955712
3,5933.378,grad,21494764544
3,5934.845,grad,21471073280
3,5936.431,grad,21472156672
3,5937.671,grad,21463958528
3,5938.932,grad,21417821184
3,5940.182,grad,21335704576
3,5941.995,grad,21285309440
3,5943.29,grad,21278880768
3,5944.99,grad,21249339392
3,5946.73,grad,21249339392
3,5947.996,grad,21268148224
3,5949.43,grad,21244456960
3,5951.002,grad,21245540352
3,5952.227,grad,21237407744
3,5953.577,grad,21191204864
3,5954.816,grad,21186682880
3,5956.38,grad,21058430976
3,5957.601,grad,21051543552
3,5959.496,grad,21022460928
3,5960.96,grad,21022460928
3,5962.277,grad,21041204224
3,5963.911,grad,21017578496
3,5965.501,grad,21018661888
3,5966.717,grad,21088123904
3,5968.329,grad,20964326400
3,5969.581,grad,20959869952
3,5971.16,grad,20831618048
3,5972.4,grad,20839869440
3,5974.119,grad,20795648000
3,5975.633,grad,20795648000
3,5976.888,grad,20814522368
3,5978.199,grad,20790765568
3,5979.751,grad,20791848960
3,5980.968,grad,20822448128
3,5982.21,grad,20737513472
3,5983.475,grad,20694194176
3,5985.276,grad,20604805120
3,5986.542,grad,20598376448
3,5988.351,grad,20568835072
3,5990.403,grad,20568835072
3,5991.735,grad,20587709440
3,5993.184,grad,20563952640
3,5994.834,grad,20565036032
3,5996.105,grad,20556903424
3,5997.388,grad,20510700544
3,5998.617,grad,20583773184
3,6000.229,grad,20377926656
3,6001.485,grad,20386178048
3,6003.249,grad,20341956608
3,6004.744,grad,20341956608
3,6005.976,grad,20361158656
3,6007.66,grad,20337074176
3,6009.38,grad,20339075072
3,6010.614,grad,20330024960
3,6011.992,grad,20283822080
3,6013.241,grad,20201705472
3,6015.234,grad,20151048192
3,6016.479,grad,20144553984
3,6018.006,grad,20115078656
3,6019.368,grad,20115078144
3,6020.611,grad,20133952512
3,6022.084,grad,20110195712
3,6023.785,grad,20111279104
3,6024.998,grad,20103080960
3,6026.246,grad,20018146304
3,6027.484,grad,20052421632
3,6029.267,grad,19924169728
3,6030.49,grad,19917675520
3,6032.045,grad,19888199680
3,6033.603,grad,19888199680
3,6034.865,grad,19907401728
3,6036.562,grad,19883317248
3,6038.081,grad,19884400640
3,6039.295,grad,19876202496
3,6040.513,grad,19830065152
3,6041.73,grad,19825543168
3,6043.402,grad,19697291264
3,6044.64,grad,19690797056
3,6046.181,grad,19661321216
3,6047.694,grad,19661321216
3,6048.929,grad,19680130048
3,6050.415,grad,19656438784
3,6052.112,grad,19657522176
3,6053.367,grad,19649389568
3,6054.664,grad,19603186688
3,6055.882,grad,19676259328
3,6057.429,grad,19470478336
3,6058.64,grad,19463590912
3,6060.304,grad,19434508288
3,6061.785,grad,19434508288
3,6063.029,grad,19453317120
3,6064.559,grad,19429625856
3,6066.244,grad,19430709248
3,6067.529,grad,19422576640
3,6068.756,grad,19376373760
3,6069.969,grad,19371851776
3,6071.671,grad,19243599872
3,6072.913,grad,19237171200
3,6074.675,grad,19207629824
3,6076.206,grad,19207629824
3,6077.536,grad,19226504192
3,6079.075,grad,19202747392
3,6080.615,grad,19204813824
3,6081.834,grad,19273292800
3,6083.146,grad,19149495296
3,6084.383,grad,19144973312
3,6086.177,grad,19016721408
3,6087.431,grad,19010292736
3,6089.108,grad,18980751360
3,6090.587,grad,18980751360
3,6091.852,grad,18999494656
3,6093.46,grad,18975868928
3,6095.182,grad,18976952320
3,6096.402,grad,19046414336
3,6097.614,grad,18883819520
3,6098.905,grad,18920585216
3,6100.451,grad,18789908480
3,6101.67,grad,18797766656
3,6102.908,grad,18753938432
3,6104.15,grad,18753938432
3,6105.458,grad,18783822848
3,6106.919,grad,18748564480
3,6108.167,grad,18756396032
3,6109.657,grad,18750139392
3,6110.87,grad,18742006784
3,6112.093,grad,18695803904
3,6113.333,grad,18652484608
3,6114.563,grad,18563030016
3,6115.807,grad,18570370048
3,6117.039,grad,18541855744
3,6118.423,grad,18527059968
3,6119.924,grad,18527059968
3,6121.154,grad,18545868800
3,6122.942,grad,18522177536
3,6124.526,grad,18523260928
3,6125.745,grad,18592722944
3,6127.125,grad,18468925440
3,6128.364,grad,18464403456
3,6130.119,grad,18336217088
3,6131.349,grad,18344468480
3,6133.14,grad,18300247040
3,6134.687,grad,18300247040
3,6135.97,grad,18318990336
3,6137.607,grad,18295364608
3,6139.412,grad,18296448000
3,6140.644,grad,18365910016
3,6141.974,grad,18242112512
3,6143.224,grad,18174675968
3,6145.414,grad,18109338624
3,6146.744,grad,18102909952
3,6148.628,grad,18073368576
3,6150.17,grad,18073368576
3,6151.508,grad,18092242944
3,6152.955,grad,18068486144
3,6154.731,grad,18070487040
3,6155.996,grad,18061436928
3,6157.397,grad,18015234048
3,6158.634,grad,18088306688
3,6160.458,grad,17882460160
3,6161.788,grad,17876031488
3,6163.656,grad,17846490112
3,6165.206,grad,17846490112
3,6166.452,grad,17864774656
3,6168.465,grad,17841607680
3,6170.134,grad,17842691072
3,6171.403,grad,17834558464
3,6172.758,grad,17788355584
3,6174.012,grad,17783833600
3,6175.662,grad,17655581696
3,6176.893,grad,17649153024
3,6178.54,grad,17619611648
3,6179.985,grad,17619611648
3,6181.286,grad,17638486016
3,6182.75,grad,17614729216
3,6184.504,grad,17615812608
3,6185.741,grad,17607680000
3,6186.999,grad,17561477120
3,6188.244,grad,17518551040
3,6189.516,grad,17428703232
3,6190.921,grad,17436043264
3,6192.164,grad,17407528960
3,6193.489,grad,17392733184
3,6195.001,grad,17392733184
3,6196.281,grad,17411673088
3,6197.699,grad,17387850752
3,6199.331,grad,17388934144
3,6200.56,grad,17458396160
3,6201.866,grad,17334598656
3,6203.117,grad,17252482048
3,6204.94,grad,17201890304
3,6206.189,grad,17195461632
3,6207.411,grad,17165920256
3,6208.64,grad,17165920256
3,6209.861,grad,17195345920
3,6211.333,grad,17160546304
3,6212.741,grad,17161037824
3,6214.438,grad,17162121216
3,6215.672,grad,17231583232
3,6216.98,grad,17107785728
3,6218.208,grad,17180858368
3,6219.724,grad,16975011840
3,6220.948,grad,16983263232
3,6222.712,grad,16939041792
3,6224.24,grad,16939041792
3,6225.497,grad,16941007872
3,6226.877,grad,16934159360
3,6228.57,grad,16935242752
3,6229.803,grad,16927044608
3,6231.027,grad,16919704576
3,6232.245,grad,16876778496
3,6234.079,grad,16748198912
3,6235.577,grad,16741704704
3,6237.133,grad,16712228864
3,6238.591,grad,16712228864
3,6240.015,grad,16706854912
3,6241.272,grad,16714719232
3,6242.774,grad,16708429824
3,6244.01,grad,16700297216
3,6245.315,grad,16654094336
3,6246.565,grad,16610775040
3,6247.797,grad,16567914496
3,6249.03,grad,16528726016
3,6250.254,grad,16500211712
3,6251.778,grad,16478075904
3,6253.433,grad,16477813760
3,6254.706,grad,16496819200
3,6256.481,grad,16472931328
3,6257.743,grad,16463002624
3,6259.025,grad,16463002624
3,6260.281,grad,16463002624
3,6261.521,grad,16463002624
3,6265.008,grad,16463002112
3,6266.284,grad,16463002112
3,6267.56,grad,16463002112
3,6268.841,grad,16463002112
3,6273.329,grad,16463002112
3,6274.963,grad,16463002112
3,6277.144,grad,16463002112
3,6278.436,grad,16463069696
3,6279.648,grad,16463006208
3,6280.894,grad,16463005696
3,6282.12,grad,16463527936
3,6283.354,grad,16463003648
3,6284.611,grad,16463005696
3,6285.841,grad,16463004160
3,6287.113,grad,16463462400
3,6288.344,grad,16463069184
3,6289.553,grad,16463004160
3,6290.796,grad,16463003648
3,6292.013,grad,16463462400
3,6293.254,grad,16463004160
3,6294.523,grad,16463006208
3,6295.774,grad,16463004160
3,6296.99,grad,16463462912
3,6298.222,grad,16463003648
3,6299.452,grad,16463006208
3,6300.715,grad,16463003648
3,6301.928,grad,16463462912
3,6303.187,grad,16463003648
3,6304.438,grad,16463005696
3,6305.645,grad,16463006208
3,6306.851,grad,16463527936
3,6308.077,grad,16463004160
3,6309.28,grad,16463006208
3,6310.509,grad,16463004160
3,6311.731,grad,16463462912
3,6312.963,grad,16463003648
3,6314.201,grad,16463003648
3,6315.413,grad,16463004160
3,6316.701,grad,16463069696
3,6318.053,grad,16463003648
3,6319.336,grad,16463003648
3,6320.615,grad,16463003648
3,6321.875,grad,16463462400
3,6323.121,grad,16463527936
3,6324.394,grad,16463070720
3,6325.619,grad,16467334656
3,6326.845,grad,16469201408
3,6328.075,grad,16475460096
3,6329.369,grad,16477983744
3,6330.584,grad,16482931200
3,6331.81,grad,16487650816
3,6333.098,grad,16491286528
3,6334.336,grad,16497939968
3,6335.571,grad,16499446272
3,6336.809,grad,16507277312
3,6338.08,grad,16513012736
3,6339.312,grad,16517042688
3,6340.566,grad,16523300864
3,6341.78,grad,16525857280
3,6343.01,grad,16529461760
3,6344.283,grad,16533065728
3,6345.519,grad,16536375296
3,6346.802,grad,16540407296
3,6348.033,grad,16542273536
3,6349.244,grad,16546500608
3,6350.478,grad,16549285888
3,6351.692,grad,16553349120
3,6352.947,grad,16558723072
3,6354.187,grad,16560591360
3,6355.405,grad,16565178880
3,6356.63,grad,16567145984
3,6357.894,grad,16570978816
3,6359.161,grad,16574583808
3,6360.392,grad,16577662976
3,6361.625,grad,16582611968
3,6362.857,grad,16583430144
3,6364.096,grad,16588017664
3,6365.378,grad,16590573568
3,6366.653,grad,16594178048
3,6367.956,grad,16597783552
3,6369.236,grad,16601092096
3,6370.47,grad,16605124096
3,6371.755,grad,16606629888
3,6373.007,grad,16611217920
3,6374.303,grad,16613773312
3,6375.529,grad,16617377792
3,6376.814,grad,16621211648
3,6378.058,grad,16624292352
3,6379.314,grad,16628813824
3,6380.551,grad,16631435264
3,6381.796,grad,16635728384
3,6383.046,grad,16639857664
3,6384.355,grad,16641363968
3,6385.577,grad,16641324032
3,6386.824,grad,16641359872
3,6388.057,grad,16641394176
3,6389.311,grad,16641420800
3,6390.556,grad,16641454592
3,6391.803,grad,16641490944
3,6393.038,grad,16519597568
3,6394.287,grad,16346123776
3,6395.523,grad,16329248256
3,6396.765,grad,16363261440
3,6397.974,grad,16397667840
3,6399.221,grad,16426274304
3,6400.479,grad,16455863808
3,6401.706,grad,16471002624
3,6402.943,grad,16368373248
3,6404.2,grad,16258567680
3,6405.447,grad,16139644416
3,6406.681,grad,16139498496
3,6412.811,grad,16139451904
3,6419.323,grad,16139460096
3,6425.787,grad,16139460096
3,6432.162,grad,16139460096
3,6436.845,grad,16139460096
3,6438.084,grad,16146937344
3,6440.377,grad,16147066368
3,6443.361,grad,16154471936
3,6444.795,grad,16163909120
3,6446.255,grad,16163909120
3,6447.493,grad,16180686336
3,6449.574,grad,16193450496
3,6450.812,grad,16239591936
3,6452.041,grad,16463069696
3,6453.538,grad,16346677760
3,6455.786,grad,16385540608
3,6458.346,grad,16392884736
3,6459.576,grad,16402321920
3,6460.795,grad,16402321920
3,6462.028,grad,16419214848
3,6463.975,grad,16431863296
3,6465.222,grad,16478004736
3,6466.463,grad,16585090560
3,6467.876,grad,16585090560
3,6469.931,grad,16623953408
3,6472.761,grad,16631297536
3,6474.241,grad,16640734720
3,6475.672,grad,16640734720
3,6476.928,grad,16657627648
3,6478.826,grad,16670276096
3,6480.066,grad,16716417536
3,6481.312,grad,16823503360
3,6482.61,grad,16823503360
3,6484.832,grad,16862366208
3,6487.681,grad,16869710336
3,6488.946,grad,16879147520
3,6490.484,grad,16879147520
3,6491.761,grad,16896040448
3,6493.799,grad,16908688896
3,6495.038,grad,16916033024
3,6496.288,grad,17100713472
3,6497.62,grad,17023118848
3,6500.022,grad,17100779008
3,6502.912,grad,17108123136
3,6504.179,grad,17117560320
3,6505.579,grad,17117560320
3,6506.829,grad,17134453248
3,6508.73,grad,17147101696
3,6509.992,grad,17193243136
3,6511.241,grad,17416720896
3,6512.459,grad,17261531648
3,6514.875,grad,17339191808
3,6517.709,grad,17346535936
3,6518.972,grad,17355973120
3,6520.257,grad,17355973120
3,6521.49,grad,17372866048
3,6523.551,grad,17385514496
3,6524.816,grad,17431655936
3,6526.037,grad,17538741760
3,6527.372,grad,17538741760
3,6529.452,grad,17577604608
3,6532.076,grad,17584948736
3,6533.399,grad,17594385920
3,6534.766,grad,17594385920
3,6536.489,grad,17602774528
3,6537.744,grad,17648044544
3,6538.97,grad,17623927296
3,6540.229,grad,17684748800
3,6541.455,grad,17815951872
3,6542.782,grad,17777154560
3,6544.899,grad,17816017408
3,6547.65,grad,17823361536
3,6548.917,grad,17832798720
3,6550.181,grad,17832798720
3,6551.475,grad,17849691648
3,6553.479,grad,17862340096
3,6554.725,grad,17908481536
3,6555.976,grad,18054364672
3,6557.202,grad,18015567360
3,6559.525,grad,18054430208
3,6562.174,grad,18061774336
3,6563.468,grad,18071211520
3,6564.834,grad,18071211520
3,6566.111,grad,18088104448
3,6568.003,grad,18100752896
3,6569.253,grad,18146894336
3,6571.275,grad,18215182848
3,6572.57,grad,18300183040
3,6573.971,grad,18292843008
3,6576.783,grad,18300187136
3,6578.015,grad,18309624320
3,6579.255,grad,18309624320
3,6580.508,grad,18333857280
3,6582.353,grad,18339165696
3,6583.602,grad,18385307136
3,6584.849,grad,18492392960
3,6586.111,grad,18492392960
3,6588.342,grad,18538595840
3,6591.027,grad,18538599936
3,6592.338,grad,18548037120
3,6593.711,grad,18548037120
3,6594.956,grad,18564929024
3,6596.796,grad,18577578496
3,6598.065,grad,18623719936
3,6599.306,grad,18730805760
3,6600.654,grad,18730805760
3,6602.819,grad,18769668608
3,6605.526,grad,18777012736
3,6606.759,grad,18786449920
3,6608.109,grad,18786449920
3,6609.337,grad,18803342848
3,6610.994,grad,18815991296
3,6612.226,grad,18862132736
3,6613.476,grad,19085610496
3,6614.773,grad,18930421248
3,6617.034,grad,19008081408
3,6619.58,grad,19015425536
3,6620.808,grad,19024862720
3,6622.034,grad,19024862720
3,6623.289,grad,19041755648
3,6625.211,grad,19054404096
3,6626.478,grad,19115225600
3,6628.524,grad,19168834048
3,6630.924,grad,19246494208
3,6633.907,grad,19253838336
3,6635.173,grad,19263275520
3,6636.426,grad,19270615552
3,6637.685,grad,19287508480
3,6639.31,grad,19292816896
3,6640.539,grad,19338958336
3,6642.638,grad,19407246848
3,6643.884,grad,19484907008
3,6645.213,grad,19484907008
3,6647.965,grad,19492251136
3,6649.204,grad,19501688320
3,6650.489,grad,19501688320
3,6651.713,grad,19518581248
3,6653.83,grad,19531229696
3,6655.074,grad,19577371136
3,6656.292,grad,19645659648
3,6657.549,grad,19684456960
3,6659.635,grad,19723319808
3,6662.437,grad,19730663936
3,6663.734,grad,19740101120
3,6665.133,grad,19740101120
3,6666.376,grad,19756994048
3,6668.433,grad,19769642496
3,6669.677,grad,19815783936
3,6670.912,grad,20039261696
3,6672.234,grad,19884072448
3,6673.497,grad,19969072640
3,6674.865,grad,19961732608
3,6677.65,grad,19969076736
3,6678.907,grad,19978513920
3,6680.138,grad,19985853952
3,6681.367,grad,19995406848
3,6683.209,grad,20008055296
3,6684.461,grad,20015399424
3,6685.705,grad,20200079872
3,6686.939,grad,20122485248
3,6689.388,grad,20200145408
3,6692.415,grad,20207489536
3,6693.692,grad,20216926720
3,6695.116,grad,20216926720
3,6696.353,grad,20233819648
3,6698.265,grad,20246468096
3,6699.508,grad,20292609536
3,6701.684,grad,20360898048
3,6704.075,grad,20438558208
3,6706.89,grad,20445902336
3,6708.16,grad,20455339520
3,6709.536,grad,20455339520
3,6710.827,grad,20464776704
3,6712.931,grad,20484880896
3,6714.192,grad,20492225024
3,6715.435,grad,20676905472
3,6716.686,grad,20599310848
3,6719.011,grad,20676971008
3,6721.836,grad,20684315136
3,6723.149,grad,20693752320
3,6724.554,grad,20693752320
3,6725.793,grad,20710645248
3,6727.967,grad,20723293696
3,6729.236,grad,20769435136
3,6730.49,grad,20915318272
3,6731.911,grad,20837723648
3,6733.173,grad,20922723840
3,6734.539,grad,20915383808
3,6737.283,grad,20922727936
3,6738.527,grad,20932165120
3,6739.801,grad,20939505152
3,6741.057,grad,20956398080
3,6742.845,grad,20961706496
3,6744.039,grad,20969050624
3,6745.279,grad,21153731072
3,6746.608,grad,21114933760
3,6748.941,grad,21153796608
3,6751.88,grad,21161140736
3,6753.141,grad,21170577920
3,6754.485,grad,21170577920
3,6755.755,grad,21187470848
3,6757.503,grad,21200119296
3,6758.756,grad,21246260736
3,6760.0,grad,21392143872
3,6761.34,grad,21353346560
3,6763.584,grad,21392209408
3,6766.292,grad,21399553536
3,6767.624,grad,21408990720
3,6768.914,grad,21408990720
3,6770.253,grad,21417379840
3,6771.492,grad,21447903744
3,6773.214,grad,21438532096
3,6774.469,grad,21484673536
3,6775.705,grad,21708151296
3,6777.003,grad,21591759360
3,6779.497,grad,21630622208
3,6782.324,grad,21637966336
3,6783.648,grad,21647403520
3,6784.963,grad,21647403520
3,6786.226,grad,21664296448
3,6788.348,grad,21684284928
3,6789.582,grad,21737766400
3,6791.785,grad,21791374848
3,6793.04,grad,21915172352
3,6794.451,grad,21869035008
3,6797.11,grad,21876379136
3,6798.354,grad,21885816320
3,6799.592,grad,21885816320
3,6800.812,grad,21902709248
3,6802.645,grad,21915357696
3,6803.887,grad,21922701824
3,6805.146,grad,22068584960
3,6806.419,grad,22068584960
3,6808.63,grad,22107447808
3,6811.523,grad,22114791936
3,6812.797,grad,22124229120
3,6814.27,grad,22124229120
3,6815.555,grad,22142170624
3,6817.277,grad,22154819072
3,6818.521,grad,22215640576
3,6820.457,grad,22269249024
3,6821.696,grad,22346909184
3,6823.122,grad,22346909184
3,6825.871,grad,22354253312
3,6827.211,grad,22363690496
3,6828.558,grad,22363690496
3,6829.793,grad,22373127680
3,6831.644,grad,22393231872
3,6832.911,grad,22400576000
3,6834.17,grad,22507661824
3,6835.407,grad,22507661824
3,6837.641,grad,22585321984
3,6840.303,grad,22592666112
3,6841.532,grad,22602103296
3,6842.922,grad,22602103296
3,6844.18,grad,22618996224
3,6845.991,grad,22631644672
3,6847.244,grad,22638988800
3,6848.528,grad,22823669248
3,6849.831,grad,22746074624
3,6851.866,grad,22823734784
3,6853.116,grad,23135161856
3,6854.354,grad,23758049792
3,6857.377,grad,23750685696
3,6858.603,grad,23439259136
3,6859.817,grad,23439259136
3,6861.032,grad,23439259136
3,6862.258,grad,23439262720
3,6863.641,grad,24062112768
3,6864.943,grad,22827923968
3,6866.194,grad,22826607104
3,6867.49,grad,22780404224
3,6868.729,grad,22737084928
3,6869.958,grad,22647630336
3,6871.226,grad,22654970368
3,6872.479,grad,22626456064
3,6873.836,grad,22611660288
3,6875.242,grad,22611660288
3,6876.68,grad,22606286336
3,6877.993,grad,22606777856
3,6879.597,grad,22608385536
3,6880.811,grad,22599663104
3,6882.108,grad,22553525760
3,6883.347,grad,22549003776
3,6885.007,grad,22420751872
3,6886.248,grad,22414323200
3,6888.103,grad,22384781824
3,6889.633,grad,22384781824
3,6890.891,grad,22403590656
3,6892.524,grad,22379899392
3,6894.248,grad,22381507072
3,6895.48,grad,22372850176
3,6896.868,grad,22326647296
3,6898.12,grad,22251870720
3,6899.965,grad,22193873408
3,6901.536,grad,22187444736
3,6903.463,grad,22156855296
3,6905.005,grad,22156854784
3,6906.246,grad,22176712192
3,6907.884,grad,22151972352
3,6909.63,grad,22153580032
3,6910.879,grad,22144923136
3,6912.248,grad,22098720256
3,6913.495,grad,22055400960
3,6915.366,grad,21965946368
3,6916.6,grad,21974197760
3,6918.244,grad,21929976320
3,6919.667,grad,21929976320
3,6920.903,grad,21932007936
3,6922.596,grad,21925093888
3,6924.453,grad,21926177280
3,6925.686,grad,21918044672
3,6927.068,grad,21871841792
3,6928.325,grad,21828522496
3,6930.058,grad,21739067904
3,6931.29,grad,21732639232
3,6933.246,grad,21703097856
3,6934.851,grad,21703097856
3,6936.097,grad,21721906688
3,6937.609,grad,21698215424
3,6939.263,grad,21700347392
3,6940.525,grad,21691166208
3,6941.932,grad,21644963328
3,6943.183,grad,21562846720
3,6945.066,grad,21512189440
3,6946.598,grad,21505302016
3,6947.855,grad,21476219392
3,6949.037,grad,21476219392
3,6950.307,grad,21506103808
3,6951.679,grad,21470845440
3,6952.921,grad,21478676992
3,6954.164,grad,21468748288
3,6955.383,grad,21472420352
3,6956.599,grad,21495679488
3,6957.81,grad,21456882176
3,6959.121,grad,21338917376
3,6960.335,grad,21285376512
3,6961.573,grad,21293627904
3,6963.473,grad,21249406464
3,6964.988,grad,21249406464
3,6966.221,grad,21268215296
3,6967.979,grad,21244524032
3,6969.53,grad,21245607424
3,6970.744,grad,21237409280
3,6971.979,grad,21152474624
3,6973.226,grad,21186749952
3,6974.868,grad,21058498048
3,6976.039,grad,21066749440
3,6977.813,grad,21022528000
3,6979.237,grad,21022528000
3,6980.486,grad,21041402368
3,6981.879,grad,21017645568
3,6983.617,grad,21018728960
3,6984.871,grad,21088125440
3,6986.437,grad,20964393472
3,6987.704,grad,20959871488
3,6989.298,grad,20831619584
3,6990.519,grad,20817785344
3,6991.971,grad,20795649536
3,6993.541,grad,20795649536
3,6994.776,grad,20814523904
3,6996.168,grad,20790767104
3,6997.693,grad,20791850496
3,6998.908,grad,20822449664
3,7000.147,grad,20737515008
3,7001.376,grad,20735417856
3,7002.949,grad,20604741120
3,7004.232,grad,20598312448
3,7006.028,grad,20568771072
3,7007.931,grad,20568771072
3,7009.248,grad,20587645440
3,7010.676,grad,20563888640
3,7012.385,grad,20565889536
3,7013.622,grad,20634434048
3,7014.866,grad,20510636544
3,7016.111,grad,20428519936
3,7017.766,grad,20377862656
3,7018.993,grad,20378708480
3,7020.508,grad,20341892608
3,7021.955,grad,20341892608
3,7023.204,grad,20360177152
3,7024.84,grad,20337010176
3,7026.394,grad,20338093568
3,7027.642,grad,20407555584
3,7029.393,grad,20283758080
3,7030.705,grad,20281660928
3,7032.138,grad,20150984192
3,7033.381,grad,20159235584
3,7035.013,grad,20115014144
3,7036.499,grad,20115014144
3,7037.915,grad,20109640192
3,7039.157,grad,20117504512
3,7040.546,grad,20111215104
3,7041.773,grad,20103016960
3,7043.009,grad,20056879616
3,7044.254,grad,20052357632
3,7045.865,grad,19924105728
3,7047.08,grad,19917677056
3,7048.728,grad,19888135680
3,7050.102,grad,19888135680
3,7051.351,grad,19906878976
3,7052.962,grad,19883253248
3,7054.597,grad,19884336640
3,7055.815,grad,19953798656
3,7057.038,grad,19791203840
3,7058.298,grad,19827969536
3,7059.646,grad,19697292800
3,7060.859,grad,19698138624
3,7062.417,grad,19661322752
3,7063.959,grad,19661322752
3,7065.199,grad,19680066048
3,7066.862,grad,19656440320
3,7068.517,grad,19657523712
3,7069.725,grad,19610528256
3,7070.955,grad,19719580160
3,7072.206,grad,19601091072
3,7073.992,grad,19470414336
3,7075.237,grad,19478665728
3,7076.966,grad,19434444288
3,7078.426,grad,19434444288
3,7079.683,grad,19453318656
3,7080.956,grad,19429561856
3,7082.599,grad,19431628288
3,7083.836,grad,19500107264
3,7085.127,grad,19376309760
3,7086.369,grad,19371787776
3,7088.215,grad,19243535872
3,7089.447,grad,19237041664
3,7090.93,grad,19207565824
3,7092.479,grad,19207565824
3,7093.748,grad,19226374656
3,7095.531,grad,19202683392
3,7097.078,grad,19203766784
3,7098.331,grad,19195568640
3,7099.547,grad,19188228608
3,7100.756,grad,19069805056
3,7102.085,grad,19016722944
3,7103.329,grad,19024974336
3,7105.048,grad,18980752896
3,7106.513,grad,18980752896
3,7107.837,grad,18999496192
3,7109.243,grad,18975870464
3,7110.779,grad,18976953856
3,7111.992,grad,18968755712
3,7113.235,grad,18922618368
3,7114.474,grad,18879299072
3,7116.207,grad,18789844480
3,7117.448,grad,18783022592
3,7118.677,grad,18753874432
3,7119.881,grad,18761214464
3,7121.102,grad,18784741888
3,7122.366,grad,18748500480
3,7123.602,grad,18756332032
3,7125.164,grad,18750075392
3,7126.4,grad,18741942784
3,7127.716,grad,18695739904
3,7129.009,grad,18693708288
3,7130.401,grad,18563031552
3,7131.621,grad,18571217408
3,7133.393,grad,18527061504
3,7134.919,grad,18527061504
3,7136.18,grad,18545346048
3,7137.444,grad,18522179072
3,7138.844,grad,18529404416
3,7140.256,grad,18523262464
3,7141.528,grad,18468926976
3,7142.764,grad,18585318912
3,7143.998,grad,18466829824
3,7145.527,grad,18336153088
3,7146.76,grad,18329724416
3,7148.596,grad,18300183040
3,7149.955,grad,18300183040
3,7151.188,grad,18318991872
3,7152.737,grad,18295300608
3,7154.523,grad,18297301504
3,7155.779,grad,18326983168
3,7156.994,grad,18242048512
3,7158.264,grad,18237526528
3,7159.913,grad,18109274624
3,7161.163,grad,18117526016
3,7162.819,grad,18073304576
3,7164.325,grad,18073304576
3,7165.579,grad,18092178944
3,7167.031,grad,18068422144
3,7168.668,grad,18069505536
3,7169.878,grad,18061307392
3,7171.117,grad,17976372736
3,7172.361,grad,18088242688
3,7174.108,grad,17882396160
3,7175.336,grad,17875901952
3,7176.862,grad,17846426112
3,7178.247,grad,17846426112
3,7179.484,grad,17865366016
3,7180.929,grad,17841543680
3,7182.6,grad,17842627072
3,7183.852,grad,17912089088
3,7185.093,grad,17788291584
3,7186.331,grad,17783769600
3,7187.99,grad,17655517696
3,7189.218,grad,17649023488
3,7190.814,grad,17619547648
3,7192.342,grad,17619547648
3,7193.61,grad,17638356480
3,7195.133,grad,17614665216
3,7196.681,grad,17615748608
3,7197.896,grad,17685210624
3,7199.161,grad,17561413120
3,7200.462,grad,17559381504
3,7201.89,grad,17428704768
3,7203.136,grad,17436562944
3,7204.376,grad,17392734720
3,7205.636,grad,17393783296
3,7206.94,grad,17422619136
3,7208.239,grad,17411674624
3,7209.675,grad,17387852288
3,7211.266,grad,17388935680
3,7212.491,grad,17458397696
3,7213.784,grad,17334600192
3,7215.107,grad,17332503040
3,7216.58,grad,17201826304
3,7217.806,grad,17202672128
3,7219.331,grad,17165856768
3,7220.621,grad,17165856256
3,7221.839,grad,17184730624
3,7223.616,grad,17160973824
3,7225.145,grad,17162057216
3,7226.357,grad,17193049600
3,7227.609,grad,17068924416
3,7228.86,grad,17103592960
3,7230.409,grad,16975013376
3,7231.627,grad,16968519168
3,7233.325,grad,16939043840
3,7234.803,grad,16939043328
3,7236.139,grad,16957983232
3,7237.56,grad,16934160896
3,7239.145,grad,16935244288
3,7240.383,grad,17004706304
3,7241.61,grad,16842111488
3,7242.864,grad,16876780032
3,7244.74,grad,16748134912
3,7245.972,grad,16756320768
3,7247.76,grad,16712164864
3,7249.158,grad,16712164864
3,7250.409,grad,16731039232
3,7251.777,grad,16707282432
3,7253.461,grad,16708365824
3,7254.707,grad,16700167680
3,7255.936,grad,16615233024
3,7257.225,grad,16649901568
3,7258.838,grad,16521321984
3,7260.06,grad,16507487744
3,7261.599,grad,16478011904
3,7263.212,grad,16477749760
3,7264.451,grad,16496624128
3,7266.071,grad,16472801792
3,7267.338,grad,16462873088
3,7268.582,grad,16462873088
3,7269.804,grad,16462873088
3,7271.01,grad,16462873088
3,7275.132,grad,16462872576
3,7276.511,grad,16462872576
3,7277.776,grad,16462872576
3,7282.085,grad,16462872576
3,7283.829,grad,16462872576
3,7286.143,grad,16462872576
3,7287.387,grad,16463333376
3,7288.622,grad,16462874112
3,7289.837,grad,16463398400
3,7291.05,grad,16462874624
3,7292.259,grad,16462876672
3,7293.528,grad,16462876672
3,7294.811,grad,16463333376
3,7296.035,grad,16462874624
3,7297.26,grad,16462876672
3,7298.516,grad,16462876160
3,7299.748,grad,16462939648
3,7300.975,grad,16462874624
3,7302.265,grad,16462876672
3,7303.525,grad,16462874624
3,7304.762,grad,16463332864
3,7305.994,grad,16462940160
3,7307.286,grad,16462874624
3,7308.523,grad,16462940160
3,7309.773,grad,16463332864
3,7311.001,grad,16462939648
3,7312.228,grad,16462874112
3,7313.504,grad,16462940160
3,7314.741,grad,16463332864
3,7315.951,grad,16463333376
3,7317.187,grad,16462874624
3,7318.436,grad,16463333376
3,7319.649,grad,16463332864
3,7320.86,grad,16463333376
3,7322.039,grad,16462874624
3,7323.27,grad,16463332864
3,7324.506,grad,16462874624
3,7325.746,grad,16462876160
3,7326.991,grad,16462876160
3,7328.232,grad,16463333376
3,7329.469,grad,16462874624
3,7330.683,grad,16462876160
3,7331.899,grad,16462876672
3,7333.146,grad,16463791616
3,7334.411,grad,16464320512
3,7335.699,grad,16467924480
3,7336.928,grad,16471988736
3,7338.152,grad,16475395584
3,7339.433,grad,16481523200
3,7340.786,grad,16484407808
3,7342.03,grad,16489125376
3,7343.267,grad,16492075008
3,7344.541,grad,16498136576
3,7345.755,grad,16505346560
3,7347.012,grad,16507213312
3,7348.269,grad,16514651648
3,7349.537,grad,16517797376
3,7350.794,grad,16523990528
3,7352.036,grad,16528940032
3,7353.269,grad,16533034496
3,7354.506,grad,16537164800
3,7355.756,grad,16538670592
3,7357.027,grad,16543258112
3,7358.293,grad,16545585664
3,7359.563,grad,16549418496
3,7360.779,grad,16553090048
3,7362.03,grad,16556168704
3,7363.264,grad,16559085568
3,7364.56,grad,16562165248
3,7365.819,grad,16566818304
3,7367.066,grad,16568784384
3,7368.32,grad,16572159488
3,7369.539,grad,16575141888
3,7370.758,grad,16579433984
3,7372.013,grad,16584251904
3,7373.259,grad,16585070080
3,7374.496,grad,16589789184
3,7375.719,grad,16592344576
3,7376.971,grad,16595949056
3,7378.289,grad,16599554560
3,7379.548,grad,16602863104
3,7380.762,grad,16607090688
3,7381.978,grad,16609647616
3,7383.222,grad,16613152768
3,7384.492,grad,16616986112
3,7385.708,grad,16620525056
3,7386.928,grad,16624196608
3,7388.176,grad,16626063360
3,7389.445,grad,16630289920
3,7390.732,grad,16632845824
3,7391.983,grad,16636581376
3,7393.227,grad,16638973440
3,7394.463,grad,16643036672
3,7395.713,grad,16643080704
3,7396.94,grad,16643117056
3,7398.187,grad,16643154432
3,7399.421,grad,16643181056
3,7400.641,grad,16643220992
3,7401.872,grad,16643260416
3,7403.113,grad,16524776448
3,7404.36,grad,16337146880
3,7405.612,grad,16336950272
3,7406.861,grad,16370439168
3,7408.1,grad,16400126976
3,7409.328,grad,16434205696
3,7410.56,grad,16465990656
3,7411.81,grad,16435713024
3,7413.049,grad,16325481472
3,7414.298,grad,16193197056
3,7415.534,grad,16139420672
3,7421.874,grad,16139322368
3,7428.382,grad,16139326464
3,7434.846,grad,16139326464
3,7441.369,grad,16139326464
3,7445.876,grad,16139326464
3,7447.17,grad,16144051200
3,7449.436,grad,16144311296
3,7452.36,grad,16147981312
3,7453.766,grad,16152699904
3,7455.135,grad,16152699904
3,7456.375,grad,16161146880
3,7458.377,grad,16167536640
3,7459.638,grad,16190541824
3,7461.653,grad,16224817152
3,7462.951,grad,16286781440
3,7464.595,grad,16263647232
3,7467.41,grad,16267384832
3,7468.655,grad,16272103424
3,7470.077,grad,16272103424
3,7471.315,grad,16280582144
3,7473.415,grad,16286907392
3,7474.658,grad,16309978112
3,7476.67,grad,16344122368
3,7478.942,grad,16382952448
3,7481.6,grad,16386624512
3,7483.123,grad,16391343104
3,7484.545,grad,16391343104
3,7485.799,grad,16399790080
3,7487.815,grad,16407162880
3,7489.06,grad,16429185024
3,7490.313,grad,16542758912
3,7491.552,grad,16465164288
3,7493.99,grad,16503994368
3,7496.666,grad,16507666432
3,7498.85,grad,16512385024
3,7500.114,grad,16520832000
3,7501.982,grad,16527156224
3,7503.233,grad,16530828288
3,7504.491,grad,16623168512
3,7505.796,grad,16584371200
3,7507.086,grad,16623201280
3,7508.44,grad,16623201280
3,7511.131,grad,16626873344
3,7512.399,grad,16632640512
3,7513.847,grad,16632640512
3,7515.099,grad,16641087488
3,7516.961,grad,16646363136
3,7518.22,grad,16670482432
3,7519.45,grad,16724025344
3,7520.708,grad,16724025344
3,7522.856,grad,16743456768
3,7525.915,grad,16747128832
3,7527.214,grad,16751847424
3,7528.647,grad,16751847424
3,7529.896,grad,16761342976
3,7531.947,grad,16767667200
3,7533.211,grad,16790737920
3,7534.451,grad,16863679488
3,7535.739,grad,16844280832
3,7537.631,grad,16863712256
3,7540.217,grad,16867384320
3,7541.448,grad,16873151488
3,7542.741,grad,16873151488
3,7544.003,grad,16877870080
3,7546.05,grad,16886874112
3,7547.297,grad,16910993408
3,7549.34,grad,16945137664
3,7551.594,grad,16983967744
3,7554.37,grad,16987639808
3,7555.611,grad,16993406976
3,7556.917,grad,16997601792
3,7558.152,grad,17012896768
3,7559.504,grad,17007129600
3,7560.729,grad,17038588928
3,7563.843,grad,17084791808
3,7566.201,grad,17104223232
3,7568.895,grad,17107895296
3,7570.148,grad,17112613888
3,7571.411,grad,17112613888
3,7572.663,grad,17121060864
3,7574.569,grad,17127385088
3,7575.835,grad,17151504384
3,7577.873,grad,17185648640
3,7579.99,grad,17224478720
3,7582.801,grad,17228150784
3,7584.058,grad,17233917952
3,7585.418,grad,17233917952
3,7586.705,grad,17242364928
3,7588.518,grad,17248689152
3,7589.761,grad,17272808448
3,7591.032,grad,17306952704
3,7592.372,grad,17326351360
3,7594.544,grad,17345782784
3,7597.109,grad,17350503424
3,7598.341,grad,17355222016
3,7599.562,grad,17358892032
3,7600.789,grad,17363668992
3,7602.703,grad,17369993216
3,7603.955,grad,17393063936
3,7605.208,grad,17466005504
3,7606.565,grad,17446606848
3,7608.659,grad,17466038272
3,7611.292,grad,17469710336
3,7612.567,grad,17475477504
3,7613.946,grad,17475477504
3,7615.199,grad,17483924480
3,7616.896,grad,17489200128
3,7618.146,grad,17514368000
3,7619.384,grad,17587309568
3,7620.676,grad,17567910912
3,7623.032,grad,17587342336
3,7625.742,grad,17591014400
3,7627.135,grad,17595732992
3,7628.52,grad,17595732992
3,7629.76,grad,17604179968
3,7631.63,grad,17610504192
3,7632.885,grad,17633574912
3,7634.138,grad,17746362368
3,7635.365,grad,17688166400
3,7637.593,grad,17707597824
3,7640.293,grad,17711269888
3,7641.527,grad,17715988480
3,7642.913,grad,17715988480
3,7644.167,grad,17724435456
3,7645.99,grad,17730759680
3,7647.245,grad,17754878976
3,7648.486,grad,17827820544
3,7649.747,grad,17808421888
3,7651.996,grad,17827853312
3,7654.758,grad,17831525376
3,7656.012,grad,17836243968
3,7657.374,grad,17836243968
3,7658.625,grad,17840962560
3,7660.879,grad,17852063744
3,7662.131,grad,17874085888
3,7663.396,grad,17927628800
3,7664.676,grad,17927628800
3,7666.83,grad,17947060224
3,7669.413,grad,17951780864
3,7670.642,grad,17956499456
3,7671.926,grad,17956499456
3,7673.179,grad,17964946432
3,7675.335,grad,17971270656
3,7676.572,grad,18001681408
3,7678.727,grad,18028485632
3,7681.063,grad,18067315712
3,7683.753,grad,18070987776
3,7685.083,grad,18075706368
3,7686.483,grad,18075706368
3,7687.751,grad,18084153344
3,7689.754,grad,18091526144
3,7691.061,grad,18114596864
3,7692.317,grad,18168139776
3,7693.569,grad,18168139776
3,7695.881,grad,18187571200
3,7698.846,grad,18192291840
3,7700.117,grad,18197010432
3,7701.444,grad,18197010432
3,7702.691,grad,18205457408
3,7704.748,grad,18211781632
3,7705.981,grad,18242192384
3,7707.242,grad,18288395264
3,7708.491,grad,18288395264
3,7710.767,grad,18307826688
3,7713.67,grad,18311498752
3,7714.93,grad,18317265920
3,7716.286,grad,18317265920
3,7717.531,grad,18325711872
3,7719.407,grad,18330988544
3,7720.668,grad,18335709184
3,7721.906,grad,18428049408
3,7723.148,grad,18389252096
3,7724.39,grad,18465830912
3,7725.786,grad,18428082176
3,7728.613,grad,18431754240
3,7729.865,grad,18436472832
3,7731.206,grad,18436472832
3,7732.452,grad,18444919808
3,7734.451,grad,18451244032
3,7735.673,grad,18481654784
3,7737.893,grad,18527857664
3,7740.22,grad,18547289088
3,7742.93,grad,18550961152
3,7744.281,grad,18555679744
3,7745.647,grad,18555679744
3,7746.881,grad,18565175296
3,7748.899,grad,18571499520
3,7750.154,grad,18594570240
3,7751.39,grad,18667511808
3,7752.693,grad,18648113152
3,7754.994,grad,18667544576
3,7757.97,grad,18671216640
3,7759.246,grad,18676983808
3,7760.532,grad,18676983808
3,7761.762,grad,18685430784
3,7763.757,grad,18690706432
3,7765.027,grad,18695427072
3,7766.286,grad,18826564608
3,7767.548,grad,18768368640
3,7769.96,grad,18787800064
3,7772.704,grad,18791472128
3,7774.012,grad,18797239296
3,7775.309,grad,18797239296
3,7776.571,grad,18801957888
3,7778.647,grad,18812010496
3,7779.883,grad,18843469824
3,7781.117,grad,18889672704
3,7782.4,grad,18890721280
3,7784.667,grad,18909104128
3,7787.504,grad,18912776192
3,7788.768,grad,18917494784
3,7789.998,grad,18917494784
3,7791.254,grad,18925941760
3,7793.115,grad,18932265984
3,7794.426,grad,18935938048
3,7795.677,grad,19028278272
3,7797.905,grad,18989480960
3,7800.187,grad,19028311040
3,7802.818,grad,19031983104
3,7804.194,grad,19037750272
3,7805.598,grad,19037750272
3,7806.918,grad,19046197248
3,7808.793,grad,19051472896
3,7810.036,grad,19056193536
3,7811.268,grad,19109736448
3,7812.67,grad,19109736448
3,7813.994,grad,19147517952
3,7815.481,grad,19148566528
3,7818.287,grad,19152238592
3,7819.539,grad,19156957184
3,7820.764,grad,19156957184
3,7822.007,grad,19166452736
3,7824.085,grad,19172776960
3,7825.323,grad,19195847680
3,7826.551,grad,19268789248
3,7827.887,grad,19249390592
3,7829.999,grad,19268822016
3,7832.729,grad,19272494080
3,7834.065,grad,19278261248
3,7835.364,grad,19278261248
3,7836.612,grad,19286708224
3,7838.557,grad,19291983872
3,7839.796,grad,19323475968
3,7841.743,grad,19350247424
3,7844.186,grad,19389077504
3,7846.92,grad,19392749568
3,7848.24,grad,19398516736
3,7849.602,grad,19398516736
3,7850.878,grad,19406963712
3,7852.734,grad,19412239360
3,7853.983,grad,19436358656
3,7855.232,grad,19489901568
3,7856.593,grad,19470502912
3,7858.597,grad,19509332992
3,7859.836,grad,19976476160
3,7861.08,grad,19976486912
3,7864.118,grad,19972811264
3,7865.347,grad,19817094144
3,7866.584,grad,19817094144
3,7867.806,grad,19817094144
3,7869.035,grad,19817094144
3,7870.332,grad,20129571328
3,7871.994,grad,19512999936
3,7873.242,grad,19508506624
3,7874.527,grad,19485569024
3,7875.754,grad,19453947904
3,7877.583,grad,19419183104
3,7878.798,grad,19424323584
3,7880.371,grad,19402245632
3,7881.822,grad,19403293696
3,7883.134,grad,19412665344
3,7884.911,grad,19401098240
3,7886.635,grad,19403230208
3,7887.882,grad,19395230720
3,7889.228,grad,19372129280
3,7890.448,grad,19369933824
3,7891.969,grad,19306038272
3,7893.3,grad,19302822912
3,7894.976,grad,19287003648
3,7896.54,grad,19288051712
3,7897.759,grad,19289034752
3,7898.992,grad,19285856256
3,7900.569,grad,19287988224
3,7901.798,grad,19320719360
3,7903.139,grad,19258820608
3,7904.375,grad,19239094272
3,7906.046,grad,19194204160
3,7907.524,grad,19190759424
3,7909.447,grad,19175169024
3,7910.974,grad,19176217600
3,7912.24,grad,19185589248
3,7913.873,grad,19174022144
3,7915.593,grad,19176154112
3,7916.841,grad,19170087936
3,7918.174,grad,19146986496
3,7919.419,grad,19145610240
3,7921.139,grad,19082370048
3,7922.433,grad,19079154688
3,7924.199,grad,19063334912
3,7925.681,grad,19064383488
3,7926.935,grad,19073755136
3,7928.726,grad,19062188032
3,7930.381,grad,19064320000
3,7931.598,grad,19058221056
3,7932.859,grad,19015753728
3,7934.104,grad,19015426048
3,7935.747,grad,18970535936
3,7936.97,grad,18967287808
3,7938.54,grad,18952549888
3,7939.895,grad,18953597952
3,7941.157,grad,18963035136
3,7942.538,grad,18951402496
3,7943.839,grad,18954056704
3,7945.114,grad,18953534464
3,7946.333,grad,18967882752
3,7947.567,grad,18924366848
3,7948.874,grad,18925153280
3,7950.353,grad,18859815936
3,7951.871,grad,18856600576
3,7953.644,grad,18839732736
3,7955.155,grad,18840780800
3,7956.372,grad,18850217984
3,7957.71,grad,18838585344
3,7959.272,grad,18840717312
3,7960.506,grad,18873579520
3,7961.783,grad,18811680768
3,7963.029,grad,18809419776
3,7964.832,grad,18745294848
3,7966.045,grad,18748338176
3,7967.649,grad,18727308288
3,7969.169,grad,18727308288
3,7970.415,grad,18736679936
3,7972.1,grad,18725112832
3,7973.764,grad,18727244800
3,7975.009,grad,18720261120
3,7976.232,grad,18697192448
3,7977.509,grad,18697192448
3,7979.077,grad,18631855104
3,7980.291,grad,18628606976
3,7981.673,grad,18611771392
3,7983.214,grad,18612819968
3,7984.467,grad,18621962240
3,7986.154,grad,18610624512
3,7987.89,grad,18612756480
3,7989.135,grad,18605805568
3,7990.435,grad,18582704128
3,7991.685,grad,18580443136
3,7993.983,grad,18516318208
3,7995.468,grad,18513102848
3,7996.98,grad,18498331648
3,7998.42,grad,18498331648
3,7999.685,grad,18507768832
3,8000.947,grad,18496136192
3,8002.623,grad,18498268160
3,8003.861,grad,18491317248
3,8005.115,grad,18468215808
3,8006.368,grad,18451274752
3,8007.686,grad,18402878464
3,8008.944,grad,18407597056
3,8010.204,grad,18393338880
3,8011.442,grad,18384892416
3,8012.929,grad,18384891904
3,8014.173,grad,18394034176
3,8016.06,grad,18382696448
3,8017.598,grad,18384828416
3,8018.832,grad,18377844736
3,8020.043,grad,18374174720
3,8021.257,grad,18353793024
3,8022.708,grad,18288422912
3,8024.002,grad,18285207552
3,8025.685,grad,18270436352
3,8027.268,grad,18271484928
3,8028.52,grad,18280889344
3,8029.876,grad,18268240896
3,8031.509,grad,18271421440
3,8032.759,grad,18263421952
3,8034.157,grad,18240320512
3,8035.395,grad,18238059520
3,8037.007,grad,18172886016
3,8038.449,grad,18178059264
3,8040.063,grad,18155948032
3,8041.414,grad,18155948032
3,8042.633,grad,18165352448
3,8044.187,grad,18153752576
3,8045.852,grad,18155884544
3,8047.139,grad,18148933632
3,8048.399,grad,18125832192
3,8049.617,grad,18123571200
3,8051.197,grad,18059479040
3,8052.465,grad,18056263680
3,8054.11,grad,18041492480
3,8055.546,grad,18042541056
3,8056.756,grad,18052142080
3,8058.713,grad,18039297024
3,8060.194,grad,18042477568
3,8061.407,grad,18034445312
3,8062.633,grad,18011376640
3,8063.876,grad,18009115648
3,8065.609,grad,17946039296
3,8066.829,grad,17949115392
3,8068.378,grad,17927004160
3,8069.741,grad,17928052736
3,8070.967,grad,17937522688
3,8072.389,grad,17925857280
3,8074.025,grad,17926940672
3,8075.238,grad,17959835648
3,8076.479,grad,17897936896
3,8077.755,grad,17896888320
3,8079.184,grad,17831550976
3,8080.469,grad,17827287040
3,8081.97,grad,17812515840
3,8083.505,grad,17813564416
3,8084.739,grad,17822968832
3,8086.206,grad,17811368960
3,8087.964,grad,17813500928
3,8089.225,grad,17806517248
3,8090.438,grad,17802847232
3,8091.708,grad,17782400000
3,8093.319,grad,17716014080
3,8094.563,grad,17713847296
3,8096.413,grad,17699076096
3,8097.905,grad,17699076096
3,8099.209,grad,17708447744
3,8100.899,grad,17696880640
3,8102.569,grad,17699012608
3,8103.822,grad,17692061696
3,8105.209,grad,17668960256
3,8106.443,grad,17666699264
3,8108.253,grad,17602574336
3,8109.489,grad,17604634624
3,8111.11,grad,17582523392
3,8112.648,grad,17582523392
3,8113.924,grad,17591698432
3,8115.87,grad,17580327936
3,8117.668,grad,17582459904
3,8118.905,grad,17576524800
3,8120.26,grad,17553423360
3,8121.502,grad,17551162368
3,8123.339,grad,17487070208
3,8124.63,grad,17490965504
3,8125.87,grad,17485952000
3,8127.252,grad,17469116416
3,8128.512,grad,17483763712
3,8129.749,grad,17470066688
3,8131.071,grad,17465839616
3,8132.73,grad,17468004352
3,8134.026,grad,17461053440
3,8135.449,grad,17437919232
3,8136.697,grad,17435658240
3,8138.367,grad,17371533312
3,8139.593,grad,17367269376
3,8140.993,grad,17352530944
3,8142.559,grad,17352530944
3,8143.846,grad,17361902592
3,8145.652,grad,17350335488
3,8147.394,grad,17352467456
3,8148.632,grad,17346499584
3,8149.846,grad,17304032256
3,8151.102,grad,17321169920
3,8152.749,grad,17257044992
3,8153.992,grad,17252781056
3,8155.693,grad,17238010368
3,8157.177,grad,17238009856
3,8158.426,grad,17247610880
3,8159.894,grad,17235814400
3,8161.51,grad,17237946368
3,8162.752,grad,17232044032
3,8164.126,grad,17208942592
3,8165.352,grad,17206681600
3,8167.116,grad,17142556672
3,8168.349,grad,17145436160
3,8170.14,grad,17123521536
3,8171.507,grad,17123521536
3,8172.783,grad,17133122560
3,8174.348,grad,17121326080
3,8175.969,grad,17123458048
3,8177.205,grad,17116507136
3,8178.44,grad,17093405696
3,8179.657,grad,17129942016
3,8181.346,grad,17027019776
3,8182.605,grad,17023804416
3,8184.284,grad,17009033728
3,8185.751,grad,17009033216
3,8186.991,grad,17018142720
3,8188.935,grad,17006837760
3,8190.635,grad,17008969728
3,8191.918,grad,17003067392
3,8193.334,grad,16979965952
3,8194.573,grad,16958306304
3,8196.354,grad,16913580032
3,8197.609,grad,16910364672
3,8199.251,grad,16894544896
3,8200.708,grad,16894544896
3,8201.994,grad,16903916544
3,8203.662,grad,16892349440
3,8205.302,grad,16894481408
3,8206.611,grad,16887530496
3,8207.88,grad,16864429056
3,8209.104,grad,16828089344
3,8210.869,grad,16799124480
3,8212.11,grad,16801971200
3,8213.352,grad,16783817728
3,8214.608,grad,16780089344
3,8215.866,grad,16794769408
3,8217.123,grad,16789493760
3,8218.6,grad,16777893888
3,8220.179,grad,16780025856
3,8221.411,grad,16812920832
3,8222.718,grad,16751022080
3,8223.962,grad,16718352384
3,8225.228,grad,16684668928
3,8226.523,grad,16688338944
3,8227.764,grad,16674080768
3,8228.994,grad,16666682880
3,8230.471,grad,16666682368
3,8231.7,grad,16676086784
3,8233.522,grad,16664486912
3,8235.173,grad,16666618880
3,8236.407,grad,16660716544
3,8237.709,grad,16637615104
3,8238.935,grad,16634305536
3,8240.493,grad,16569426944
3,8241.713,grad,16566211584
3,8243.458,grad,16551440384
3,8245.006,grad,16551440384
3,8246.251,grad,16560582656
3,8248.004,grad,16549244928
3,8249.61,grad,16551376896
3,8250.829,grad,16545441792
3,8252.071,grad,16522373120
3,8253.314,grad,16520112128
3,8254.928,grad,16456019968
3,8256.392,grad,16452804608
3,8258.144,grad,16438000640
3,8259.525,grad,16438000640
3,8260.749,grad,16447470592
3,8262.208,grad,16435739648
3,8263.958,grad,16437937152
3,8265.219,grad,16431969280
3,8266.443,grad,16408867840
3,8267.713,grad,16387208192
3,8269.572,grad,16342449152
3,8270.829,grad,16335563776
3,8272.53,grad,16320792576
3,8274.14,grad,16320530432
3,8275.459,grad,16329902080
3,8277.314,grad,16318334976
3,8278.557,grad,16313124864
3,8279.771,grad,16313124864
3,8280.981,grad,16313124864
3,8282.199,grad,16313124864
3,8284.744,grad,16313124352
3,8286.002,grad,16313124352
3,8287.295,grad,16313124352
3,8288.561,grad,16313124352
3,8289.813,grad,16313124352
3,8293.998,grad,16313124352
3,8295.708,grad,16313124352
3,8297.998,grad,16313124352
3,8299.265,grad,16313388032
3,8300.548,grad,16313126912
3,8301.777,grad,16313355776
3,8303.031,grad,16313126400
3,8304.287,grad,16313126400
3,8305.519,grad,16313126912
3,8306.781,grad,16313355264
3,8308.121,grad,16313126912
3,8309.397,grad,16313126912
3,8310.636,grad,16313355776
3,8311.907,grad,16313158656
3,8313.147,grad,16313125888
3,8314.421,grad,16313355264
3,8315.69,grad,16313125888
3,8316.942,grad,16313356800
3,8318.2,grad,16313126912
3,8319.425,grad,16313355264
3,8320.654,grad,16313125888
3,8321.898,grad,16313125888
3,8323.141,grad,16313159168
3,8324.371,grad,16313126400
3,8325.595,grad,16313355776
3,8326.848,grad,16313126912
3,8328.109,grad,16313158656
3,8329.322,grad,16313355776
3,8330.536,grad,16313159168
3,8331.771,grad,16313125888
3,8333.059,grad,16313126912
3,8334.332,grad,16313355264
3,8335.562,grad,16313159168
3,8336.802,grad,16313126912
3,8338.025,grad,16313126400
3,8339.237,grad,16313584640
3,8340.448,grad,16313158656
3,8341.66,grad,16313127424
3,8342.907,grad,16313125888
3,8344.147,grad,16313126400
3,8345.362,grad,16313356288
3,8346.72,grad,16313160192
3,8347.949,grad,16316243456
3,8349.178,grad,16318897664
3,8350.392,grad,16323747328
3,8351.642,grad,16324729856
3,8352.926,grad,16329383424
3,8354.175,grad,16331742208
3,8355.434,grad,16335576064
3,8356.659,grad,16338066944
3,8357.947,grad,16342129664
3,8359.207,grad,16345275392
3,8360.434,grad,16348126208
3,8361.666,grad,16352779776
3,8362.951,grad,16354974720
3,8364.256,grad,16358382592
3,8365.541,grad,16361036800
3,8366.824,grad,16364641280
3,8368.103,grad,16367033856
3,8369.344,grad,16370867200
3,8370.59,grad,16374242816
3,8371.863,grad,16377191936
3,8373.109,grad,16381779456
3,8374.344,grad,16382794752
3,8375.573,grad,16387382784
3,8376.872,grad,16389970944
3,8378.138,grad,16393804800
3,8379.359,grad,16397409792
3,8380.594,grad,16400260096
3,8381.838,grad,16404618752
3,8383.079,grad,16405830656
3,8384.311,grad,16410615296
3,8385.556,grad,16411631104
3,8386.777,grad,16416218112
3,8388.083,grad,16418938880
3,8389.319,grad,16422542336
3,8390.55,grad,16424934400
3,8391.777,grad,16428538880
3,8393.049,grad,16431915008
3,8394.337,grad,16434764800
3,8395.564,grad,16437911040
3,8396.821,grad,16440761856
3,8398.033,grad,16445480448
3,8399.256,grad,16447675904
3,8400.486,grad,16451083776
3,8401.735,grad,16453672448
3,8402.994,grad,16457276416
3,8404.268,grad,16460881920
3,8405.474,grad,16463502336
3,8406.718,grad,16467794944
3,8407.955,grad,16470416896
3,8409.224,grad,16474774528
3,8410.465,grad,16476412928
3,8411.685,grad,16476232704
3,8412.962,grad,16476265984
3,8414.243,grad,16476299776
3,8415.539,grad,16476315136
3,8416.779,grad,16476347904
3,8418.027,grad,16476381696
3,8419.295,grad,16476412416
3,8420.528,grad,16389184000
3,8421.875,grad,16302610944
3,8423.131,grad,16328825344
3,8424.389,grad,16362576384
3,8425.63,grad,16396720640
3,8426.861,grad,16426703360
3,8428.113,grad,16460356096
3,8429.341,grad,16397015552
3,8430.564,grad,16294189568
3,8431.809,grad,16187300352
3,8433.059,grad,16142389248
3,8434.292,grad,16142275072
3,8435.703,grad,16142274560
3,8436.941,grad,16162513408
3,8438.175,grad,16193184256
3,8439.405,grad,16224543232
3,8440.614,grad,16256885248
3,8441.834,grad,16287097344
3,8443.07,grad,16275268096
3,8444.318,grad,16154616320
3,8445.543,grad,16139280384
3,8446.763,grad,16035307520
3,8448.223,noise,15974619136
3,8449.49,noise,15974619136
3,8450.729,noise,15974619136
3,8451.957,noise,15975831552
3,8453.196,noise,15976290304
3,8454.422,noise,15976290304
3,8455.625,noise,15978256384
3,8456.835,noise,15977797632
3,8458.045,noise,15979239424
3,8459.265,noise,15979730944
3,8460.486,noise,15980419072
3,8461.701,noise,15980681216
3,8462.953,noise,15980681216
3,8464.194,noise,15982417920
3,8465.407,noise,15982647296
3,8466.624,noise,15982647296
3,8467.849,noise,15985104896
3,8469.051,noise,15985104896
3,8470.25,noise,15987333120
3,8471.461,noise,15987824640
3,8472.677,noise,15988283392
3,8473.914,noise,15988774912
3,8475.161,noise,15988774912
3,8476.383,noise,15989987328
3,8477.61,noise,15990446080
3,8478.83,noise,15990446080
3,8480.076,noise,15991887872
3,8481.283,noise,15991887872
3,8482.519,noise,15993100288
3,8483.742,noise,15993591808
3,8484.981,noise,15994279936
3,8486.225,noise,15994542080
3,8487.447,noise,15994542080
3,8488.666,noise,15995754496
3,8489.905,noise,15996213248
3,8491.136,noise,15996213248
3,8492.356,noise,15997655040
3,8493.582,noise,15997655040
3,8494.802,noise,15998867456
3,8496.029,noise,15999129600
3,8497.245,noise,15999588352
3,8498.469,noise,16000047104
3,8499.69,noise,16000309248
3,8500.912,noise,16001521664
3,8502.125,noise,16001751040
3,8503.351,noise,16001980416
3,8504.572,noise,16003192832
3,8505.802,noise,16003422208
3,8507.034,noise,16003422208
3,8508.283,noise,16004864000
3,8509.49,noise,16005355520
3,8510.693,noise,16005814272
3,8511.921,noise,16006076416
3,8513.161,noise,16006076416
3,8514.414,noise,16007518208
3,8515.642,noise,16007747584
3,8516.868,noise,16008960000
3,8518.104,noise,16009189376
3,8519.318,noise,16009189376
3,8520.541,noise,16010762240
3,8521.784,noise,16011253760
3,8523.028,noise,16011483136
3,8524.253,noise,16011974656
3,8525.483,noise,16011974656
3,8526.686,noise,16013187072
3,8527.935,noise,16013645824
3,8529.165,noise,16013645824
3,8530.383,noise,16015906816
3,8531.594,noise,16015906816
3,8532.801,noise,16019544064
3,8534.045,noise,16017381376
3,8535.253,noise,16018069504
3,8536.457,noise,16018561024
3,8537.657,noise,16018561024
3,8538.857,noise,16019773440
3,8540.06,noise,16020232192
3,8541.263,noise,16020232192
3,8542.47,noise,16021772288
3,8543.695,noise,16021772288
3,8544.935,noise,16022984704
3,8546.151,noise,16023246848
3,8547.366,noise,16023705600
3,8548.59,noise,16024164352
3,8549.81,noise,16024426496
3,8551.028,noise,16025638912
3,8552.249,noise,16026097664
3,8553.477,noise,16026097664
3,8554.698,noise,16027310080
3,8555.907,noise,16027539456
3,8557.119,noise,16027539456
3,8558.324,noise,16029243392
3,8559.526,noise,16029734912
3,8560.749,noise,16030193664
3,8561.976,noise,16030455808
3,8563.211,noise,16030455808
3,8564.431,noise,16031897600
3,8565.639,noise,16032126976
3,8566.844,noise,16032126976
3,8568.066,noise,16033798144
3,8569.273,noise,16033568768
3,8570.474,noise,16034781184
3,8571.676,noise,16035272704
3,8572.922,noise,16035731456
3,8574.151,noise,16036222976
3,8575.356,noise,16036222976
3,8576.568,noise,16037435392
3,8577.778,noise,16037894144
3,8578.993,noise,16037894144
3,8580.239,noise,16039335936
3,8581.444,noise,16039335936
3,8582.7,noise,16040548352
3,8583.929,noise,16041039872
3,8585.182,noise,16041498624
3,8586.406,noise,16042186752
3,8587.652,noise,16041990144
3,8588.892,noise,16043202560
3,8590.117,noise,16043431936
3,8591.336,noise,16043661312
3,8592.555,noise,16044873728
3,8593.78,noise,16045103104
3,8595.005,noise,16045103104
3,8596.231,noise,16046544896
3,8597.44,noise,16047036416
3,8598.646,noise,16047953920
3,8599.846,noise,16047757312
3,8601.047,noise,16047757312
3,8602.292,noise,16049428480
3,8603.512,noise,16049657856
3,8604.727,noise,16050870272
3,8605.933,noise,16051099648
3,8607.143,noise,16051099648
3,8608.36,noise,16052770816
3,8609.567,noise,16052803584
3,8610.775,noise,16053262336
3,8611.995,noise,16053753856
3,8613.23,noise,16053753856
3,8614.448,noise,16054966272
3,8615.69,noise,16055425024
3,8616.927,noise,16055425024
3,8618.162,noise,16057325568
3,8619.375,noise,16056866816
3,8620.573,noise,16058079232
3,8621.792,noise,16058570752
3,8623.027,noise,16059029504
3,8624.254,noise,16059521024
3,8625.475,noise,16059521024
3,8626.717,noise,16060962816
3,8627.954,noise,16061192192
3,8629.187,noise,16061192192
3,8630.413,noise,16063092736
3,8631.635,noise,16062633984
3,8632.861,noise,16065058816
3,8634.037,noise,16064108544
3,8635.26,noise,16064796672
3,8636.486,noise,16065255424
3,8637.705,noise,16065288192
3,8638.908,noise,16066500608
3,8640.113,noise,16066959360
3,8641.314,noise,16066959360
3,8642.536,noise,16068401152
3,8643.754,noise,16068401152
3,8645.003,noise,16069613568
3,8646.224,noise,16070105088
3,8647.431,noise,16070563840
3,8648.648,noise,16071055360
3,8649.848,noise,16071055360
3,8651.076,noise,16072497152
3,8652.281,noise,16072726528
3,8653.507,noise,16073938944
3,8654.733,noise,16074168320
3,8655.957,noise,16074168320
3,8657.189,noise,16075610112
3,8658.397,noise,16075872256
3,8659.597,noise,16076789760
3,8660.797,noise,16076822528
3,8662.007,noise,16076822528
3,8663.238,noise,16078034944
3,8664.458,noise,16078493696
3,8665.663,noise,16078493696
3,8666.888,noise,16079706112
3,8668.119,noise,16079935488
3,8669.32,noise,16081147904
3,8670.528,noise,16081410048
3,8671.771,noise,16081868800
3,8673.031,noise,16082327552
3,8674.258,noise,16082589696
3,8675.471,noise,16083802112
3,8676.682,noise,16084097024
3,8677.892,noise,16084326400
3,8679.116,noise,16085538816
3,8680.342,noise,16085768192
3,8681.566,noise,16085768192
3,8682.781,noise,16087209984
3,8684.009,noise,16087472128
3,8685.238,noise,16087930880
3,8686.458,noise,16088422400
3,8687.706,noise,16088422400
3,8688.947,noise,16089634816
3,8690.185,noise,16090093568
3,8691.417,noise,16090093568
3,8692.658,noise,16091305984
3,8693.897,noise,16091535360
3,8695.124,noise,16092747776
3,8696.331,noise,16093009920
3,8697.539,noise,16093468672
3,8698.746,noise,16094156800
3,8699.954,noise,16094189568
3,8701.166,noise,16095401984
3,8702.387,noise,16096679936
3,8703.609,noise,16096909312
3,8704.83,noise,16098121728
3,8706.038,noise,16098351104
3,8707.254,noise,16098351104
3,8708.473,noise,16099792896
3,8709.703,noise,16100055040
3,8710.948,noise,16100513792
3,8712.187,noise,16101005312
3,8713.409,noise,16101005312
3,8714.628,noise,16102217728
3,8715.843,noise,16102676480
3,8717.069,noise,16102676480
3,8718.284,noise,16104118272
3,8719.503,noise,16104118272
3,8720.729,noise,16105330688
3,8721.959,noise,16105822208
3,8723.191,noise,16106280960
3,8724.415,noise,16106739712
3,8725.619,noise,16106772480
3,8726.824,noise,16107984896
3,8728.047,noise,16108443648
3,8729.252,noise,16108443648
3,8730.449,noise,16109656064
3,8731.669,noise,16109885440
3,8732.913,noise,16111097856
3,8734.143,noise,16111360000
3,8735.36,noise,16111818752
3,8736.565,noise,16112506880
3,8737.765,noise,16112539648
3,8738.967,noise,16113752064
3,8740.19,noise,16114210816
3,8741.42,noise,16114210816
3,8742.636,noise,16115423232
3,8743.863,noise,16115652608
3,8745.116,noise,16116865024
3,8746.345,noise,16117127168
3,8747.579,noise,16117585920
3,8748.83,noise,16118274048
3,8750.036,noise,16118306816
3,8751.264,noise,16119519232
3,8752.472,noise,16119748608
3,8753.697,noise,16119977984
3,8754.92,noise,16121190400
3,8756.138,noise,16121419776
3,8757.381,noise,16122632192
3,8758.593,noise,16122894336
3,8759.795,noise,16123582464
3,8761.002,noise,16124041216
3,8762.226,noise,16124073984
3,8763.447,noise,16125286400
3,8764.667,noise,16125745152
3,8765.881,noise,16125745152
3,8767.092,noise,16129382400
3,8768.333,noise,16127186944
3,8769.551,noise,16127186944
3,8770.804,noise,16128661504
3,8772.026,noise,16129120256
3,8773.25,noise,16129579008
3,8774.473,noise,16129841152
3,8775.689,noise,16129841152
3,8776.906,noise,16131282944
3,8778.121,noise,16131512320
3,8779.324,noise,16131512320
3,8780.539,noise,16132954112
3,8781.745,noise,16132954112
3,8783.002,noise,16134166528
3,8784.233,noise,16134658048
3,8785.455,noise,16135116800
3,8786.685,noise,16135608320
3,8787.911,noise,16135608320
3,8789.135,noise,16136820736
3,8790.346,noise,16137279488
3,8791.547,noise,16137279488
3,8792.763,noise,16138721280
3,8793.994,noise,16138721280
3,8795.221,noise,16139933696
3,8796.44,noise,16140195840
3,8797.684,noise,16140883968
3,8799.246,noise,16141342720
3,8800.478,noise,16089274368
3,8801.706,noise,15996213248
3,8802.978,optimizer,15979010048
3,8804.244,optimizer,15982789632
3,8805.47,optimizer,15982522368
3,8806.699,optimizer,15983943168
3,8807.932,optimizer,15984185344
3,8809.178,optimizer,15984687616
3,8810.411,optimizer,15985161216
3,8811.641,optimizer,15986488832
3,8812.872,optimizer,15987236352
3,8814.106,optimizer,15989780480
3,8815.328,optimizer,15991300608
3,8816.569,optimizer,15991283712
3,8817.813,optimizer,15991328768
3,8819.045,optimizer,15991609856
3,8820.257,optimizer,15993370624
3,8821.499,optimizer,15995886592
3,8822.731,optimizer,15997433856
3,8824.077,optimizer,15996535296
3,8825.308,optimizer,15997448704
3,8826.55,optimizer,15997743104
3,8827.803,optimizer,16000503296
3,8829.034,optimizer,16003069952
3,8830.269,optimizer,16003634176
3,8831.494,optimizer,16002964480
3,8832.717,optimizer,16003648512
3,8833.951,optimizer,16003943936
3,8835.2,optimizer,16006474240
3,8836.44,optimizer,16009662976
3,8837.668,optimizer,16009900544
3,8838.899,optimizer,16009197056
3,8840.126,optimizer,16009929728
3,8841.335,optimizer,16010013184
3,8842.577,optimizer,16011971584
3,8843.809,optimizer,16014501888
3,8845.051,optimizer,16016036352
3,8846.287,optimizer,16015561216
3,8847.51,optimizer,16016092160
3,8848.75,optimizer,16016346624
3,8849.963,optimizer,16018106880
3,8851.209,optimizer,16020638208
3,8852.439,optimizer,16021645312
3,8853.667,optimizer,16021738496
3,8854.898,optimizer,16022428672
3,8856.113,optimizer,16024739328
3,8857.326,optimizer,16024255488
3,8858.553,optimizer,16027228160
3,8859.78,optimizer,16027160064
3,8860.996,optimizer,16028076032
3,8862.219,optimizer,16028807680
3,8863.445,optimizer,16032326656
3,8864.669,optimizer,16031717888
3,8865.875,optimizer,16033288704
3,8867.111,optimizer,16033327616
3,8868.354,optimizer,16034225152
3,8869.556,optimizer,16034747392
3,8870.797,optimizer,16037493248
3,8872.044,optimizer,16040009216
3,8873.269,optimizer,16040588288
3,8874.489,optimizer,16039675904
3,8875.711,optimizer,16040817664
3,8876.94,optimizer,16040884224
3,8878.198,optimizer,16042644992
3,8879.409,optimizer,16045241344
3,8880.615,optimizer,16045791744
3,8881.832,optimizer,16046300160
3,8883.058,optimizer,16046804480
3,8884.283,optimizer,16047084032
3,8885.493,optimizer,16049614336
3,8886.73,optimizer,16051132416
3,8887.991,optimizer,16052894720
3,8889.242,optimizer,16052009472
3,8890.464,optimizer,16052694528
3,8891.678,optimizer,16053221376
3,8892.928,optimizer,16055734784
3,8894.165,optimizer,16057268224
3,8895.39,optimizer,16060536320
3,8896.632,optimizer,16058209792
3,8897.851,optimizer,16058894848
3,8899.077,optimizer,16059419136
3,8900.291,optimizer,16061935616
3,8901.518,optimizer,16063468544
3,8902.764,optimizer,16067424768
3,8903.995,optimizer,16064329728
3,8905.227,optimizer,16065029632
3,8906.479,optimizer,16065518592
3,8907.771,optimizer,16068054016
3,8908.993,optimizer,16068619776
3,8910.238,optimizer,16070217728
3,8911.463,optimizer,16070498304
3,8912.697,optimizer,16071444480
3,8913.933,optimizer,16071732224
3,8915.199,optimizer,16072846336
3,8916.438,optimizer,16073531392
3,8917.683,optimizer,16076505088
3,8918.923,optimizer,16076633088
3,8920.158,optimizer,16077120512
3,8921.367,optimizer,16077853184
3,8922.591,optimizer,16077724160
3,8923.826,optimizer,16079650816
3,8925.072,optimizer,16082298368
3,8926.293,optimizer,16083873792
3,8927.52,optimizer,16082946560
3,8928.757,optimizer,16084318208
3,8929.974,optimizer,16084154880
3,8931.464,optimizer,16086670848
3,8932.697,optimizer,16088508928
3,8933.933,optimizer,16089736192
3,8935.19,optimizer,16088868352
3,8936.427,optimizer,16089751552
3,8937.648,optimizer,16090254848
3,8938.862,optimizer,16094231552
3,8940.072,optimizer,16093356032
3,8941.276,optimizer,16096001536
3,8942.486,optimizer,16095331328
3,8943.708,optimizer,16096059392
3,8944.941,optimizer,16096520192
3,8946.179,optimizer,16097648128
3,8947.428,optimizer,16098360320
3,8948.663,optimizer,16100849664
3,8949.886,optimizer,16101627392
3,8951.116,optimizer,16101935104
3,8952.361,optimizer,16102411264
3,8953.588,optimizer,16102493696
3,8954.815,optimizer,16104451584
3,8956.06,optimizer,16107011072
3,8957.265,optimizer,16107663872
3,8958.482,optimizer,16108200960
3,8959.724,optimizer,16108676096
3,8960.951,optimizer,16108956672
3,8962.19,optimizer,16111486464
3,8963.435,optimizer,16113004544
3,8964.662,optimizer,16115749888
3,8965.9,optimizer,16113866752
3,8967.131,optimizer,16114552320
3,8968.356,optimizer,16115055616
3,8969.578,optimizer,16116106752
3,8970.799,optimizer,16116868608
3,8972.044,optimizer,16119384576
3,8973.27,optimizer,16121146368
3,8974.513,optimizer,16120441856
3,8975.752,optimizer,16120973312
3,8976.999,optimizer,16121224192
3,8978.232,optimizer,16123741696
3,8979.439,optimizer,16125579776
3,8980.658,optimizer,16128018944
3,8981.9,optimizer,16126136832
3,8983.184,optimizer,16126850048
3,8984.427,optimizer,16127325184
3,8985.654,optimizer,16129632256
3,8986.885,optimizer,16129137664
3,8988.134,optimizer,16130670080
3,8989.348,optimizer,16132497408
3,8990.559,optimizer,16132971008
3,8991.778,optimizer,16133444096
3,8993.056,optimizer,16134510592
3,8994.3,optimizer,16135272448
3,8995.522,optimizer,16136804352
3,8996.746,optimizer,16138370048
3,8997.958,optimizer,16139105792
3,8999.209,optimizer,16139808256
3,9000.428,optimizer,16140722688
3,9001.635,optimizer,16142848000
3,9002.844,optimizer,16144303104
3,9004.094,optimizer,16144606208
3,9005.319,optimizer,16145094656
3,9006.561,optimizer,16146041344
3,9007.813,optimizer,16147030016
3,9009.057,optimizer,16147640832
3,9010.284,optimizer,16150156800
3,9011.511,optimizer,16150705152
3,9012.735,optimizer,16151214080
3,9013.968,optimizer,16151717888
3,9015.226,optimizer,16151833088
3,9016.479,optimizer,16152292864
3,9017.732,optimizer,16151900160
3,9019.012,optimizer,16151834624
3,9020.25,optimizer,16152751616
3,9021.476,optimizer,16151834112
3,9022.703,optimizer,16154258944
3,9023.943,optimizer,16152751616
3,9025.19,optimizer,16152751616
3,9026.414,optimizer,16151834112
3,9027.708,optimizer,16151834112
3,9028.942,optimizer,16152293376
3,9030.175,optimizer,16151834624
3,9031.412,optimizer,16152293376
3,9032.642,optimizer,16151965184
3,9033.873,optimizer,16152751616
3,9035.141,optimizer,16151834112
3,9036.406,optimizer,16151834112
3,9037.626,optimizer,16151834624
3,9038.845,optimizer,16152293376
3,9040.067,optimizer,16154258944
3,9041.292,optimizer,16151834624
3,9042.512,optimizer,16151834112
3,9043.737,optimizer,16152751616
3,9044.97,optimizer,16152293376
3,9046.218,optimizer,16151834624
3,9047.455,optimizer,16154258944
3,9048.692,optimizer,16151834112
3,9049.953,optimizer,16152292864
3,9051.197,optimizer,16151965184
3,9052.465,optimizer,16151834112
3,9053.695,optimizer,16152293376
3,9054.946,optimizer,16151965184
3,9056.179,optimizer,16153506816
3,9057.405,optimizer,16167957504
3,9058.626,optimizer,16180310528
3,9059.849,optimizer,16195449856
3,9061.062,optimizer,16205345792
3,9062.292,optimizer,16219763712
3,9063.543,optimizer,16231986176
3,9064.773,optimizer,16244437504
3,9066.024,optimizer,16257676288
3,9067.258,optimizer,16272093696
3,9068.506,optimizer,16284087296
3,9069.733,optimizer,16297784320
3,9070.979,optimizer,16312693760
3,9072.224,optimizer,16245877248
3,9073.466,optimizer,16156322304
3,9074.703,optimizer,16161761280
3,9075.949,optimizer,16191285248
3,9077.183,optimizer,16219891712
3,9078.41,optimizer,16248432640
3,9079.644,optimizer,16277530624
3,9080.853,optimizer,16307906560
3,9082.082,optimizer,16231426048
3,9083.337,optimizer,16151668736
3,9084.57,optimizer,16176048128
3,9085.791,optimizer,16205047808
3,9087.03,optimizer,16232409088
3,9088.275,optimizer,16260261888
3,9089.504,optimizer,16287885312
3,9090.728,optimizer,16301549568
3,9091.947,optimizer,16194660352
3,9093.189,optimizer,16092588032
3,9094.424,optimizer,16000051200
3,9095.653,optimizer,15986847232
3,9096.896,optimizer,15983873536
3,9098.141,optimizer,15980644864
3,9100.368,optimizer,15979173888
3,9101.612,optimizer,15979173888
3,9102.842,optimizer,15979173888
3,9104.07,optimizer,15979173888
3,9105.293,optimizer,15979173888
4,6.478,grad,15977306624
4,12.978,grad,15977314816
4,19.472,grad,15977314816
4,25.983,grad,15977314816
4,32.405,grad,15977314816
4,33.715,grad,15984728576
4,35.0,grad,15985644032
4,36.843,grad,15984986624
4,39.773,grad,15992326656
4,41.203,grad,16001763840
4,42.769,grad,16001763840
4,44.075,grad,16011201024
4,46.406,grad,16031305216
4,47.714,grad,16038649344
4,48.95,grad,16300924416
4,50.189,grad,16184532480
4,51.43,grad,16298892800
4,53.12,grad,16230735360
4,55.815,grad,16230739456
4,57.064,grad,16240176640
4,58.41,grad,16240176640
4,59.652,grad,16257069568
4,61.703,grad,16269718016
4,62.953,grad,16277062144
4,64.207,grad,16461742592
4,65.442,grad,16384147968
4,67.93,grad,16461808128
4,70.583,grad,16469152256
4,72.183,grad,16478589440
4,73.698,grad,16478589440
4,74.944,grad,16495482368
4,76.831,grad,16508130816
4,78.058,grad,16515474944
4,79.304,grad,16700155392
4,80.578,grad,16661358080
4,83.006,grad,16700220928
4,85.817,grad,16707565056
4,87.182,grad,16717002240
4,88.655,grad,16717002240
4,89.905,grad,16733895168
4,92.037,grad,16746543616
4,93.292,grad,16792685056
4,94.534,grad,17016162816
4,95.881,grad,16860973568
4,97.152,grad,16992111104
4,98.535,grad,16938633728
4,101.425,grad,16945977856
4,102.834,grad,16955415040
4,104.336,grad,16955415040
4,105.613,grad,16972307968
4,107.731,grad,16984956416
4,108.983,grad,17031097856
4,111.008,grad,17099386368
4,112.299,grad,17177046528
4,113.739,grad,17177046528
4,116.616,grad,17184390656
4,118.219,grad,17193827840
4,119.699,grad,17193827840
4,120.942,grad,17210605056
4,123.119,grad,17223369216
4,124.42,grad,17230713344
4,125.669,grad,17415393792
4,126.916,grad,17337799168
4,128.177,grad,17422799360
4,129.533,grad,17415459328
4,132.283,grad,17422803456
4,133.622,grad,17432240640
4,134.959,grad,17432240640
4,136.222,grad,17449017856
4,138.141,grad,17461782016
4,139.403,grad,17507923456
4,141.727,grad,17615009280
4,144.183,grad,17653872128
4,146.885,grad,17661216256
4,148.157,grad,17670653440
4,149.65,grad,17670653440
4,150.894,grad,17687430656
4,153.104,grad,17700194816
4,154.371,grad,17746336256
4,155.611,grad,17969814016
4,156.868,grad,17853422080
4,159.197,grad,17892284928
4,162.109,grad,17899629056
4,163.676,grad,17909066240
4,165.105,grad,17909066240
4,166.348,grad,17925959168
4,168.373,grad,17938607616
4,169.613,grad,17984749056
4,170.853,grad,18130632192
4,172.094,grad,18091834880
4,174.418,grad,18130697728
4,177.103,grad,18138041856
4,178.349,grad,18147479040
4,179.606,grad,18147479040
4,180.832,grad,18164371968
4,182.869,grad,18177020416
4,184.13,grad,18223161856
4,185.38,grad,18369044992
4,188.074,grad,18291450368
4,190.435,grad,18376450560
4,193.3,grad,18376454656
4,194.567,grad,18385891840
4,195.971,grad,18385891840
4,197.222,grad,18402784768
4,199.11,grad,18415433216
4,200.339,grad,18461574656
4,202.442,grad,18529863168
4,204.878,grad,18607523328
4,207.912,grad,18614867456
4,209.183,grad,18624304640
4,210.465,grad,18631644672
4,211.769,grad,18641197568
4,213.75,grad,18653846016
4,214.99,grad,18699987456
4,216.279,grad,18845870592
4,217.617,grad,18768275968
4,220.027,grad,18853276160
4,222.913,grad,18853394944
4,224.294,grad,18862717440
4,225.875,grad,18862717440
4,227.229,grad,18879494656
4,229.529,grad,18892258816
4,230.843,grad,18906942976
4,232.189,grad,19006623232
4,233.783,grad,19006688768
4,236.301,grad,19091688960
4,239.005,grad,19091807744
4,240.366,grad,19101130240
4,241.961,grad,19101130240
4,243.327,grad,19118022144
4,245.584,grad,19130671616
4,246.914,grad,19138015744
4,248.291,grad,19322696192
4,249.676,grad,19283898880
4,252.033,grad,19322761728
4,255.153,grad,19330220544
4,256.557,grad,19339543040
4,258.181,grad,19339543040
4,259.495,grad,19356320256
4,261.922,grad,19376424448
4,263.294,grad,19376428544
4,264.623,grad,19561108992
4,265.922,grad,19522311680
4,268.494,grad,19568514560
4,271.344,grad,19568633344
4,272.74,grad,19577955840
4,274.391,grad,19577955840
4,275.897,grad,19594848768
4,277.929,grad,19607497216
4,279.285,grad,19653638656
4,281.515,grad,19721927168
4,282.84,grad,19806927360
4,284.289,grad,19799587328
4,287.136,grad,19807046144
4,288.474,grad,19816368640
4,290.095,grad,19816368640
4,291.437,grad,19833261568
4,293.66,grad,19845910016
4,294.962,grad,19892051456
4,296.345,grad,19999137280
4,297.692,grad,19999137280
4,300.313,grad,20045340160
4,303.243,grad,20045458944
4,304.584,grad,20054781440
4,305.926,grad,20054781440
4,307.28,grad,20071674368
4,309.51,grad,20084322816
4,310.805,grad,20130464256
4,312.26,grad,20353942016
4,313.833,grad,20237550080
4,316.064,grad,20276412928
4,319.042,grad,20283871744
4,320.37,grad,20293194240
4,321.941,grad,20293194240
4,323.342,grad,20310087168
4,325.555,grad,20330075648
4,326.871,grad,20368877056
4,328.264,grad,20514760192
4,329.608,grad,20475962880
4,332.059,grad,20522165760
4,335.01,grad,20522284544
4,336.347,grad,20531607040
4,337.7,grad,20531607040
4,339.034,grad,20548499968
4,340.923,grad,20561148416
4,342.279,grad,20568492544
4,343.612,grad,20675578368
4,345.387,grad,20675578368
4,346.725,grad,20760578560
4,348.219,grad,20753238528
4,351.06,grad,20760582656
4,352.489,grad,20770019840
4,354.015,grad,20770019840
4,355.325,grad,20786912768
4,357.442,grad,20799561216
4,358.758,grad,20845702656
4,360.069,grad,21069180416
4,361.395,grad,20913991168
4,362.718,grad,20991651328
4,364.177,grad,20991651328
4,367.315,grad,20998995456
4,368.708,grad,21008432640
4,370.114,grad,21008432640
4,371.419,grad,21025325056
4,373.715,grad,21037974016
4,375.055,grad,21084115456
4,376.414,grad,21307593216
4,377.843,grad,21191201280
4,379.994,grad,21237404160
4,382.838,grad,21237522944
4,384.204,grad,21246845440
4,385.695,grad,21246845440
4,387.008,grad,21263738368
4,389.208,grad,21276386816
4,390.524,grad,21291070976
4,391.828,grad,21390751232
4,393.422,grad,21390816768
4,395.835,grad,21468476928
4,398.725,grad,21475935744
4,400.055,grad,21485258240
4,401.571,grad,21485258240
4,402.876,grad,21502151168
4,404.878,grad,21514799616
4,406.25,grad,21560941056
4,407.569,grad,21784418816
4,408.969,grad,21668026880
4,411.262,grad,21714229760
4,414.497,grad,21714348544
4,415.968,grad,21723671040
4,417.579,grad,21723671040
4,418.891,grad,21740563968
4,421.129,grad,21753212416
4,422.45,grad,21760556544
4,423.775,grad,21945236992
4,425.274,grad,21906439680
4,427.91,grad,21952642560
4,430.751,grad,21952761344
4,432.214,grad,21962083840
4,433.832,grad,21962083840
4,435.431,grad,21978976768
4,437.621,grad,21991625216
4,438.947,grad,22037766656
4,440.309,grad,22145901056
4,441.728,grad,22145901056
4,444.151,grad,22184763904
4,447.133,grad,22192222720
4,448.458,grad,22201545216
4,449.925,grad,22201545216
4,451.294,grad,22218438144
4,453.549,grad,22231086592
4,454.862,grad,22277228032
4,456.254,grad,22423111168
4,457.71,grad,22384313856
4,461.254,grad,22423176704
4,464.274,grad,22430635520
4,465.591,grad,22439958016
4,467.122,grad,22439958016
4,468.439,grad,22456850944
4,470.434,grad,22469499392
4,471.732,grad,22476843520
4,473.077,grad,22661523968
4,474.468,grad,22583929344
4,475.802,grad,22715066880
4,477.285,grad,22668933632
4,478.613,grad,23595813888
4,479.93,grad,23595847168
4,483.229,grad,23277047808
4,484.543,grad,23277048320
4,485.937,grad,23277048320
4,487.31,grad,23277048320
4,488.673,grad,23277048320
4,490.03,grad,23277048320
4,491.387,grad,23899912192
4,492.952,grad,22665713152
4,494.222,grad,22661971456
4,495.466,grad,22618193408
4,497.029,grad,22582214144
4,498.262,grad,22538960384
4,499.51,grad,22492759552
4,500.745,grad,22478990848
4,502.405,grad,22449449472
4,503.956,grad,22449515008
4,505.238,grad,22468258304
4,506.888,grad,22444632576
4,508.666,grad,22446174720
4,509.901,grad,22437517824
4,511.214,grad,22391314944
4,512.461,grad,22386792960
4,514.267,grad,22258541056
4,515.511,grad,22252112384
4,517.289,grad,22222637056
4,519.005,grad,22222571008
4,520.294,grad,22241445376
4,521.662,grad,22217688576
4,523.44,grad,22219296256
4,524.693,grad,22210639360
4,525.993,grad,22164436480
4,527.224,grad,22088676864
4,528.488,grad,22030614016
4,529.721,grad,22037954048
4,530.959,grad,22009439744
4,532.389,grad,21994709504
4,533.952,grad,21994643968
4,535.194,grad,22013452800
4,536.713,grad,21989761536
4,538.558,grad,21991369216
4,539.804,grad,21982646784
4,541.044,grad,21975306752
4,542.306,grad,21931987456
4,544.07,grad,21803735552
4,545.327,grad,21797306880
4,546.576,grad,21767831040
4,547.809,grad,21767831040
4,549.066,grad,21797125632
4,550.525,grad,21762391552
4,551.772,grad,21770223104
4,553.548,grad,21763966464
4,554.807,grad,21755833856
4,556.038,grad,21670899200
4,557.268,grad,21666377216
4,558.999,grad,21577184768
4,560.228,grad,21570756096
4,562.33,grad,21541149696
4,563.903,grad,21541214720
4,565.158,grad,21560023552
4,566.594,grad,21536332288
4,568.302,grad,21537350144
4,569.521,grad,21606812160
4,570.847,grad,21483014656
4,572.086,grad,21401782784
4,573.939,grad,21351125504
4,575.203,grad,21344238080
4,576.436,grad,21315155456
4,577.68,grad,21315155456
4,579.009,grad,21345105408
4,580.344,grad,21309847040
4,581.568,grad,21317678592
4,583.544,grad,21311553024
4,584.818,grad,21300864512
4,586.152,grad,21257086464
4,587.401,grad,21221107200
4,588.635,grad,21177787904
4,589.862,grad,21131652608
4,591.105,grad,21117883904
4,592.365,grad,21088276992
4,593.595,grad,21088276992
4,594.861,grad,21117637120
4,596.105,grad,21107085824
4,597.666,grad,21083394560
4,599.436,grad,21084477952
4,600.714,grad,21076345344
4,602.1,grad,21030142464
4,603.344,grad,21025620480
4,605.107,grad,20897499648
4,606.331,grad,20891005440
4,608.17,grad,20861529600
4,610.01,grad,20861529600
4,611.26,grad,20880731648
4,612.856,grad,20856647168
4,614.597,grad,20857730560
4,615.825,grad,20849597952
4,617.171,grad,20803395072
4,618.415,grad,20798873088
4,620.304,grad,20670621184
4,621.53,grad,20678872576
4,622.766,grad,20634651136
4,623.997,grad,20634651136
4,625.285,grad,20664535552
4,626.736,grad,20629277184
4,627.994,grad,20637108736
4,629.776,grad,20630852096
4,631.025,grad,20700314112
4,632.403,grad,20576516608
4,633.661,grad,20571994624
4,635.38,grad,20443742720
4,636.6,grad,20444588544
4,638.241,grad,20407772672
4,639.794,grad,20407772672
4,641.071,grad,20426647040
4,642.53,grad,20402890240
4,644.192,grad,20403973632
4,645.415,grad,20395841024
4,646.771,grad,20349638144
4,648.011,grad,20345116160
4,649.692,grad,20216929792
4,650.915,grad,20210501120
4,652.156,grad,20180959744
4,653.415,grad,20180960256
4,654.838,grad,20180959744
4,656.095,grad,20199703040
4,657.699,grad,20176077312
4,659.553,grad,20177160704
4,660.801,grad,20207759872
4,662.035,grad,20122825216
4,663.277,grad,20118303232
4,665.115,grad,19990051328
4,666.394,grad,19983622656
4,668.369,grad,19954081792
4,669.899,grad,19954081280
4,671.172,grad,19972890112
4,672.657,grad,19949198848
4,674.71,grad,19950282240
4,676.0,grad,19942149632
4,677.362,grad,19895946752
4,678.602,grad,19813830144
4,680.471,grad,19763238400
4,681.713,grad,19771489792
4,683.568,grad,19727268352
4,685.08,grad,19727268352
4,686.344,grad,19746142720
4,687.841,grad,19722385920
4,689.643,grad,19723469312
4,690.927,grad,19715336704
4,692.181,grad,19669133824
4,693.432,grad,19625814528
4,694.663,grad,19536357888
4,695.931,grad,19543699968
4,697.164,grad,19515185664
4,698.563,grad,19500389888
4,700.35,grad,19500389888
4,701.579,grad,19519198720
4,703.138,grad,19495507456
4,704.771,grad,19496590848
4,705.988,grad,19488392704
4,707.263,grad,19442255360
4,708.507,grad,19360138752
4,710.342,grad,19309481472
4,711.565,grad,19303052800
4,713.448,grad,19273511936
4,714.822,grad,19273511424
4,716.292,grad,19268137472
4,717.522,grad,19276001792
4,719.234,grad,19269712384
4,720.483,grad,19259154944
4,721.793,grad,19215376896
4,723.035,grad,19172057600
4,724.275,grad,19082600960
4,725.546,grad,19089943040
4,726.781,grad,19061428736
4,728.183,grad,19046632960
4,729.659,grad,19046632960
4,730.896,grad,19065507328
4,732.358,grad,19041750528
4,734.1,grad,19042833920
4,735.34,grad,19034635776
4,736.553,grad,19027295744
4,737.79,grad,18986401280
4,739.303,grad,18855724544
4,740.527,grad,18849230336
4,742.268,grad,18819754496
4,743.511,grad,18820803072
4,744.875,grad,18849638912
4,746.201,grad,18821720576
4,747.426,grad,18822212096
4,749.004,grad,18815955456
4,750.227,grad,18807822848
4,751.537,grad,18761619968
4,752.779,grad,18718300672
4,754.641,grad,18628846080
4,755.959,grad,18622417408
4,757.826,grad,18593793536
4,759.451,grad,18592876032
4,760.718,grad,18611750400
4,762.18,grad,18587993600
4,763.893,grad,18590060032
4,765.163,grad,18593199616
4,766.631,grad,18534741504
4,767.876,grad,18498762240
4,769.115,grad,18440762880
4,770.478,grad,18409307648
4,771.703,grad,18380793344
4,773.079,grad,18365997568
4,774.614,grad,18365997568
4,775.903,grad,18384871936
4,777.229,grad,18361115136
4,778.845,grad,18362198528
4,780.062,grad,18354065920
4,781.418,grad,18307863040
4,782.682,grad,18303341056
4,784.424,grad,18175154688
4,785.643,grad,18183406080
4,787.436,grad,18139184640
4,789.296,grad,18139184640
4,790.571,grad,18157927936
4,792.162,grad,18134302208
4,793.852,grad,18135385600
4,795.077,grad,18127252992
4,796.398,grad,18081443328
4,797.615,grad,18076528128
4,799.177,grad,17948341760
4,800.419,grad,17941913088
4,802.303,grad,17912372224
4,803.794,grad,17912371712
4,805.273,grad,17906997760
4,806.509,grad,17914829312
4,808.15,grad,17908572672
4,809.714,grad,17900440064
4,811.135,grad,17854237184
4,812.405,grad,17810917888
4,814.237,grad,17721528832
4,815.477,grad,17715034624
4,817.063,grad,17685558784
4,818.486,grad,17685558784
4,819.746,grad,17704433152
4,821.147,grad,17680676352
4,822.888,grad,17681759744
4,824.148,grad,17673627136
4,825.398,grad,17627424256
4,826.623,grad,17622902272
4,828.264,grad,17494715904
4,829.492,grad,17488221696
4,831.257,grad,17458745856
4,833.191,grad,17458745856
4,834.45,grad,17477554688
4,835.98,grad,17453863424
4,837.654,grad,17454946816
4,838.944,grad,17446814208
4,840.315,grad,17400611328
4,841.552,grad,17318494720
4,843.471,grad,17267837440
4,844.693,grad,17276088832
4,846.358,grad,17231867904
4,847.942,grad,17231867392
4,849.44,grad,17226493440
4,850.674,grad,17234357760
4,852.236,grad,17228068352
4,853.8,grad,17219935744
4,855.169,grad,17173732864
4,856.419,grad,17106296320
4,858.23,grad,17040958976
4,859.471,grad,17034530304
4,861.197,grad,17004988928
4,862.788,grad,17004988928
4,864.298,grad,17006955008
4,865.527,grad,17007479296
4,866.993,grad,17001189888
4,868.294,grad,16993057280
4,869.635,grad,16946854400
4,870.89,grad,16942332416
4,872.136,grad,16814080512
4,873.366,grad,16821420544
4,874.599,grad,16796576256
4,875.978,grad,16778110464
4,877.756,grad,16778110464
4,879.193,grad,16772736512
4,880.414,grad,16780600832
4,881.889,grad,16774311424
4,883.197,grad,16766178816
4,884.499,grad,16719975936
4,885.722,grad,16715453952
4,887.468,grad,16587202048
4,888.706,grad,16580773376
4,890.607,grad,16551232512
4,892.21,grad,16551232000
4,893.515,grad,16570171904
4,894.939,grad,16546349568
4,897.088,grad,16547432960
4,898.355,grad,16539234816
4,899.574,grad,16493097472
4,900.785,grad,16488641024
4,902.604,grad,16360389120
4,903.851,grad,16346620416
4,905.718,grad,16317079040
4,907.34,grad,16316816896
4,908.588,grad,16335625728
4,910.236,grad,16311934464
4,911.497,grad,16302005760
4,912.844,grad,16302005760
4,914.245,grad,16302005760
4,915.589,grad,16302005760
4,917.129,grad,16302005248
4,918.913,grad,16302005248
4,920.247,grad,16302005248
4,921.597,grad,16302005248
4,923.013,grad,16302005248
4,924.355,grad,16302005248
4,928.213,grad,16302005248
4,929.507,grad,16302005248
4,930.826,grad,16302005248
4,932.847,grad,16302005248
4,934.172,grad,16302008832
4,935.523,grad,16302072320
4,936.853,grad,16302466048
4,938.141,grad,16302465536
4,939.47,grad,16302008832
4,940.755,grad,16302072832
4,942.154,grad,16302465536
4,943.47,grad,16302009344
4,944.839,grad,16302006784
4,946.228,grad,16302465536
4,947.525,grad,16302465536
4,948.905,grad,16302006784
4,950.237,grad,16302466048
4,951.563,grad,16302006784
4,952.876,grad,16302009344
4,954.243,grad,16302465536
4,955.596,grad,16302006784
4,956.947,grad,16302008832
4,958.306,grad,16302009344
4,959.621,grad,16302465536
4,960.94,grad,16302466048
4,962.278,grad,16302006784
4,963.593,grad,16302924288
4,964.955,grad,16302072320
4,966.336,grad,16302006784
4,967.729,grad,16302072320
4,969.062,grad,16302465536
4,970.396,grad,16302465536
4,971.691,grad,16302006784
4,973.008,grad,16302924288
4,974.354,grad,16302466048
4,975.656,grad,16302007296
4,976.956,grad,16302466048
4,978.306,grad,16302006784
4,979.601,grad,16302007296
4,980.954,grad,16302006784
4,982.333,grad,16302006784
4,983.644,grad,16302006784
4,985.03,grad,16302008832
4,986.341,grad,16302466048
4,987.674,grad,16302075392
4,988.992,grad,16307024896
4,990.339,grad,16307844096
4,991.698,grad,16314135040
4,993.111,grad,16314954240
4,994.412,grad,16321180160
4,995.714,grad,16322392576
4,997.038,grad,16328651776
4,998.331,grad,16332157952
4,999.632,grad,16337662976
4,1000.924,grad,16343168512
4,1002.245,grad,16346969088
4,1003.618,grad,16351851008
4,1004.939,grad,16355718144
4,1006.268,grad,16358635008
4,1007.622,grad,16361484800
4,1008.939,grad,16364631552
4,1010.335,grad,16367251968
4,1011.652,grad,16370169856
4,1012.987,grad,16373019136
4,1014.351,grad,16376068096
4,1015.675,grad,16378917376
4,1017.086,grad,16382063104
4,1018.381,grad,16385143296
4,1019.672,grad,16389730816
4,1020.99,grad,16390550528
4,1022.397,grad,16395137536
4,1023.748,grad,16397465088
4,1025.06,grad,16400839168
4,1026.382,grad,16403460608
4,1027.714,grad,16406966784
4,1029.013,grad,16410802176
4,1030.327,grad,16413651968
4,1031.623,grad,16416569344
4,1032.946,grad,16419877376
4,1034.309,grad,16422564352
4,1035.607,grad,16425644544
4,1036.945,grad,16430364160
4,1038.358,grad,16431182336
4,1039.655,grad,16435769856
4,1040.998,grad,16438555648
4,1042.397,grad,16441930240
4,1043.707,grad,16444322816
4,1044.994,grad,16448385536
4,1046.336,grad,16451531776
4,1047.639,grad,16454513152
4,1049.011,grad,16459330048
4,1050.372,grad,16461297152
4,1051.733,grad,16464900608
4,1053.053,grad,16467293184
4,1054.365,grad,16471355904
4,1055.706,grad,16474502656
4,1057.032,grad,16477582336
4,1058.383,grad,16477396480
4,1059.682,grad,16477428224
4,1060.978,grad,16477460992
4,1062.331,grad,16477492736
4,1063.648,grad,16477524992
4,1064.955,grad,16477543424
4,1066.297,grad,16477576704
4,1067.636,grad,16383602688
4,1068.949,grad,16237654016
4,1070.255,grad,16152882688
4,1071.561,grad,16152760320
4,1078.068,grad,16152682496
4,1084.469,grad,16152690688
4,1090.851,grad,16152690688
4,1097.258,grad,16152690688
4,1102.749,grad,16152690688
4,1104.094,grad,16160102400
4,1106.971,grad,16167702528
4,1110.043,grad,16167702528
4,1111.56,grad,16177139712
4,1113.247,grad,16177139712
4,1114.571,grad,16186576896
4,1116.977,grad,16206681088
4,1118.31,grad,16252822528
4,1119.652,grad,16398705664
4,1121.032,grad,16321111040
4,1122.37,grad,16459588608
4,1124.409,grad,16406111232
4,1127.481,grad,16406230016
4,1128.883,grad,16415552512
4,1130.305,grad,16415552512
4,1131.638,grad,16424989696
4,1133.918,grad,16445093888
4,1135.311,grad,16452438016
4,1136.698,grad,16637118464
4,1138.044,grad,16559523840
4,1139.368,grad,16683321344
4,1140.814,grad,16637184000
4,1143.839,grad,16644642816
4,1145.194,grad,16653965312
4,1146.798,grad,16653965312
4,1148.112,grad,16663402496
4,1150.451,grad,16683506688
4,1151.846,grad,16690850816
4,1153.222,grad,16875531264
4,1154.655,grad,16836733952
4,1157.045,grad,16875596800
4,1159.822,grad,16883055616
4,1161.135,grad,16892378112
4,1162.751,grad,16892378112
4,1164.064,grad,16909271040
4,1166.273,grad,16921919488
4,1167.569,grad,16929263616
4,1168.884,grad,17036349440
4,1170.398,grad,17036349440
4,1171.718,grad,17174827008
4,1173.538,grad,17121349632
4,1176.476,grad,17121468416
4,1177.783,grad,17130790912
4,1179.193,grad,17130790912
4,1180.497,grad,17147683840
4,1182.738,grad,17160332288
4,1184.056,grad,17167676416
4,1185.36,grad,17352356864
4,1186.735,grad,17274762240
4,1188.049,grad,17352750080
4,1189.438,grad,17352422400
4,1192.663,grad,17360208896
4,1194.058,grad,17369531392
4,1195.655,grad,17369531392
4,1197.0,grad,17386424320
4,1198.885,grad,17399072768
4,1200.23,grad,17460221952
4,1202.476,grad,17513830400
4,1204.995,grad,17599158272
4,1207.965,grad,17599277056
4,1209.406,grad,17608599552
4,1210.968,grad,17608599552
4,1212.381,grad,17625376768
4,1214.615,grad,17638140928
4,1215.912,grad,17652825088
4,1217.271,grad,17752570880
4,1218.746,grad,17752570880
4,1220.063,grad,17837571072
4,1221.49,grad,17830231040
4,1224.485,grad,17837689856
4,1225.89,grad,17847012352
4,1227.551,grad,17847012352
4,1228.88,grad,17863905280
4,1230.969,grad,17876881408
4,1232.377,grad,17922695168
4,1233.742,grad,18069233664
4,1235.088,grad,17991639040
4,1237.504,grad,18076639232
4,1240.426,grad,18076758016
4,1241.776,grad,18086080512
4,1243.364,grad,18086080512
4,1244.688,grad,18102973440
4,1246.691,grad,18123289600
4,1248.035,grad,18161763328
4,1249.35,grad,18385568768
4,1250.79,grad,18269176832
4,1253.406,grad,18315707392
4,1256.458,grad,18315826176
4,1257.893,grad,18325148672
4,1259.787,grad,18325148672
4,1261.174,grad,18334585856
4,1262.57,grad,18354690048
4,1263.975,grad,18354690048
4,1265.297,grad,18362034176
4,1266.615,grad,18469054464
4,1268.274,grad,18469120000
4,1270.662,grad,18554120192
4,1273.611,grad,18554238976
4,1274.988,grad,18563561472
4,1276.484,grad,18563561472
4,1277.788,grad,18580454400
4,1280.034,grad,18593102848
4,1281.352,grad,18600446976
4,1282.696,grad,18707467264
4,1284.328,grad,18707532800
4,1285.899,grad,18838670336
4,1287.678,grad,18785192960
4,1290.93,grad,18792537088
4,1292.551,grad,18801974272
4,1294.331,grad,18801974272
4,1295.753,grad,18811411456
4,1298.196,grad,18831515648
4,1299.498,grad,18838859776
4,1300.856,grad,19023540224
4,1302.376,grad,18945945600
4,1303.7,grad,19069743104
4,1305.36,grad,19030945792
4,1308.667,grad,19031064576
4,1310.01,grad,19040387072
4,1311.6,grad,19040387072
4,1312.937,grad,19057280000
4,1315.231,grad,19069928448
4,1316.567,grad,19077272576
4,1317.898,grad,19184358400
4,1319.509,grad,19184358400
4,1320.846,grad,19269358592
4,1322.372,grad,19262018560
4,1325.544,grad,19269362688
4,1327.334,grad,19278799872
4,1328.963,grad,19278799872
4,1330.35,grad,19289285632
4,1331.779,grad,19317778432
4,1335.13,grad,19308341248
4,1336.49,grad,19315685376
4,1337.804,grad,19500365824
4,1339.285,grad,19422771200
4,1340.638,grad,19553908736
4,1342.391,grad,19500431360
4,1345.762,grad,19507775488
4,1347.659,grad,19517212672
4,1349.486,grad,19517212672
4,1350.868,grad,19527698432
4,1352.266,grad,19570871296
4,1354.141,grad,19554094080
4,1355.453,grad,19554098176
4,1356.785,grad,19661184000
4,1358.36,grad,19661184000
4,1359.668,grad,19799661568
4,1361.749,grad,19746184192
4,1364.883,grad,19746188288
4,1366.57,grad,19755625472
4,1368.451,grad,19755625472
4,1369.77,grad,19765062656
4,1372.38,grad,19785166848
4,1373.74,grad,19792510976
4,1375.101,grad,19846053888
4,1377.075,grad,19899596800
4,1378.415,grad,20038074368
4,1380.003,grad,19977256960
4,1383.044,grad,19984601088
4,1384.579,grad,19994038272
4,1386.572,grad,19994038272
4,1387.985,grad,20003475456
4,1389.376,grad,20024628224
4,1390.893,grad,20023579648
4,1392.26,grad,20030923776
4,1393.612,grad,20084466688
4,1395.628,grad,20138009600
4,1396.966,grad,20269147136
4,1398.627,grad,20215669760
4,1401.765,grad,20223128576
4,1403.259,grad,20232451072
4,1404.986,grad,20232451072
4,1406.358,grad,20241888256
4,1407.798,grad,20271364096
4,1409.967,grad,20261992448
4,1411.391,grad,20269336576
4,1412.726,grad,20322879488
4,1415.159,grad,20415219712
4,1416.505,grad,20514899968
4,1418.196,grad,20454082560
4,1421.379,grad,20461541376
4,1422.998,grad,20470863872
4,1424.775,grad,20470863872
4,1426.228,grad,20480301056
4,1427.568,grad,20524522496
4,1429.22,grad,20500405248
4,1430.628,grad,20507749376
4,1431.955,grad,20614769664
4,1433.684,grad,20614835200
4,1434.999,grad,20699835392
4,1436.476,grad,20692495360
4,1439.639,grad,20699954176
4,1441.047,grad,20709276672
4,1442.687,grad,20709276672
4,1444.033,grad,20726053888
4,1446.392,grad,20746158080
4,1447.724,grad,20784959488
4,1449.054,grad,20930842624
4,1450.393,grad,20892045312
4,1452.881,grad,20938248192
4,1455.685,grad,20938252288
4,1457.338,grad,20947689472
4,1459.084,grad,20947689472
4,1460.413,grad,20958175232
4,1461.746,grad,21001348096
4,1463.817,grad,20977230848
4,1465.139,grad,20991915008
4,1466.442,grad,21076915200
4,1468.336,grad,21091660800
4,1470.728,grad,21176660992
4,1473.659,grad,21176779776
4,1475.06,grad,21186102272
4,1476.607,grad,21186102272
4,1477.984,grad,21202995200
4,1479.982,grad,21222983680
4,1481.361,grad,21222987776
4,1482.712,grad,21407668224
4,1484.282,grad,21330073600
4,1485.609,grad,21407733760
4,1487.493,grad,21415073792
4,1490.354,grad,21415192576
4,1491.862,grad,21424515072
4,1493.56,grad,21424515072
4,1494.876,grad,21441292288
4,1497.178,grad,21454056448
4,1498.492,grad,21500197888
4,1499.844,grad,21723675648
4,1501.198,grad,21568486400
4,1502.543,grad,21706963968
4,1504.337,grad,21653486592
4,1507.442,grad,21653605376
4,1508.859,grad,21662927872
4,1510.723,grad,21662927872
4,1512.063,grad,21672365056
4,1514.498,grad,21692469248
4,1515.814,grad,21699813376
4,1517.072,grad,21806899200
4,1518.607,grad,21806899200
4,1519.916,grad,21884559360
4,1521.359,grad,21884559360
4,1524.366,grad,21892018176
4,1525.716,grad,21901340672
4,1527.36,grad,21901340672
4,1528.68,grad,21918233600
4,1530.753,grad,21930882048
4,1532.074,grad,21938226176
4,1533.436,grad,22122906624
4,1534.908,grad,22045312000
4,1537.498,grad,22130312192
4,1540.527,grad,22130316288
4,1542.171,grad,22139753472
4,1543.813,grad,22139753472
4,1545.124,grad,22149190656
4,1547.546,grad,22169294848
4,1548.868,grad,22215436288
4,1550.203,grad,22438914048
4,1551.514,grad,22283724800
4,1552.846,grad,22368724992
4,1554.356,grad,22361384960
4,1557.483,grad,22368843776
4,1558.8,grad,22378166272
4,1560.365,grad,22378166272
4,1561.721,grad,22395059200
4,1563.912,grad,22407707648
4,1565.286,grad,22453849088
4,1566.629,grad,22599732224
4,1568.144,grad,22560934912
4,1570.501,grad,22607137792
4,1573.552,grad,22607256576
4,1574.874,grad,22616579072
4,1576.286,grad,22616579072
4,1577.588,grad,22633472000
4,1579.922,grad,22646120448
4,1581.288,grad,22692261888
4,1582.652,grad,22915739648
4,1584.166,grad,22799347712
4,1586.433,grad,22845550592
4,1587.831,grad,23149572096
4,1589.17,grad,23772464128
4,1590.567,grad,23765104128
4,1593.077,grad,23765095936
4,1594.389,grad,23453669376
4,1595.775,grad,23453669376
4,1597.145,grad,23453669376
4,1598.507,grad,23453669376
4,1600.738,grad,23453670912
4,1602.678,grad,22842334208
4,1603.935,grad,22838592512
4,1605.245,grad,22794814464
4,1606.501,grad,22758900736
4,1607.741,grad,22715515904
4,1609.054,grad,22669380608
4,1610.282,grad,22648271872
4,1612.013,grad,22626071040
4,1613.647,grad,22626136064
4,1614.884,grad,22644879360
4,1616.135,grad,22621237248
4,1617.396,grad,22628626432
4,1618.799,grad,22622795776
4,1620.03,grad,22691733504
4,1621.27,grad,22568001536
4,1622.561,grad,22524682240
4,1624.382,grad,22435227648
4,1625.606,grad,22428798976
4,1626.842,grad,22399192064
4,1628.077,grad,22399192064
4,1629.312,grad,22428683264
4,1630.743,grad,22393883648
4,1631.984,grad,22401715200
4,1633.675,grad,22395917312
4,1634.91,grad,22387260416
4,1636.33,grad,22341057536
4,1637.553,grad,22336863232
4,1640.344,grad,22209332224
4,1641.638,grad,22202903552
4,1642.884,grad,22173427712
4,1644.135,grad,22173427712
4,1645.419,grad,22202722304
4,1646.713,grad,22192236544
4,1648.231,grad,22168479744
4,1649.953,grad,22170087424
4,1651.237,grad,22159005696
4,1652.556,grad,22116177920
4,1653.795,grad,22072858624
4,1655.083,grad,21983404032
4,1656.31,grad,21976061952
4,1657.537,grad,21962229760
4,1658.933,grad,21947499520
4,1660.495,grad,21947433984
4,1661.732,grad,21966242816
4,1663.558,grad,21942551552
4,1665.34,grad,21944159232
4,1666.589,grad,21933143040
4,1667.857,grad,21889364992
4,1669.082,grad,21853385728
4,1670.31,grad,21763929088
4,1671.697,grad,21763931136
4,1672.942,grad,21735416832
4,1674.407,grad,21720555520
4,1675.986,grad,21720621056
4,1677.249,grad,21739364352
4,1678.848,grad,21715738624
4,1680.558,grad,21716756480
4,1681.831,grad,21708623872
4,1683.218,grad,21662420992
4,1684.477,grad,21735755776
4,1686.166,grad,21529909248
4,1687.409,grad,21537243136
4,1688.658,grad,21524586496
4,1689.964,grad,21494004736
4,1691.631,grad,21493939200
4,1692.9,grad,21512813568
4,1694.394,grad,21489056768
4,1696.102,grad,21490140160
4,1697.411,grad,21482892288
4,1698.651,grad,21436689408
4,1699.908,grad,21361978368
4,1701.186,grad,21303915520
4,1702.479,grad,21311255552
4,1703.727,grad,21282741248
4,1705.126,grad,21268011008
4,1706.691,grad,21267945472
4,1707.928,grad,21286688768
4,1709.846,grad,21263063040
4,1711.673,grad,21264146432
4,1712.944,grad,21256013824
4,1714.216,grad,21209810944
4,1715.463,grad,21181171712
4,1716.692,grad,21084440576
4,1718.107,grad,21084377088
4,1719.332,grad,21055928320
4,1720.569,grad,21041067008
4,1722.154,grad,21041067008
4,1723.457,grad,21059941376
4,1724.74,grad,21036184576
4,1726.366,grad,21037267968
4,1727.601,grad,21026710528
4,1728.843,grad,20982932480
4,1730.081,grad,20908155904
4,1731.891,grad,20850224128
4,1733.252,grad,20857951232
4,1734.522,grad,20828984320
4,1735.776,grad,20814254080
4,1737.204,grad,20814188544
4,1738.425,grad,20833128448
4,1739.699,grad,20809306112
4,1741.384,grad,20810389504
4,1742.659,grad,20802256896
4,1744.039,grad,20756054016
4,1745.259,grad,20751532032
4,1746.89,grad,20623280128
4,1748.218,grad,20616851456
4,1749.922,grad,20587375616
4,1751.551,grad,20587310080
4,1752.846,grad,20606184448
4,1754.512,grad,20582427648
4,1756.229,grad,20583511040
4,1757.475,grad,20575378432
4,1758.812,grad,20529175552
4,1760.03,grad,20524719104
4,1761.669,grad,20396467200
4,1762.913,grad,20389972992
4,1764.797,grad,20360497664
4,1766.232,grad,20360431616
4,1767.455,grad,20379633664
4,1769.197,grad,20355549184
4,1770.91,grad,20356632576
4,1772.153,grad,20346140672
4,1773.448,grad,20302362624
4,1774.685,grad,20259043328
4,1775.917,grad,20169588736
4,1777.373,grad,20176928768
4,1778.637,grad,20177840128
4,1780.472,grad,20133553664
4,1782.012,grad,20133618688
4,1783.264,grad,20152820736
4,1784.828,grad,20128736256
4,1786.632,grad,20129754112
4,1787.872,grad,20119262208
4,1789.158,grad,20075484160
4,1790.374,grad,20032164864
4,1791.584,grad,19957388288
4,1792.928,grad,19950050304
4,1794.182,grad,19921536000
4,1795.449,grad,19906674688
4,1796.929,grad,19906674688
4,1798.165,grad,19925876736
4,1799.904,grad,19901792256
4,1801.622,grad,19902875648
4,1802.914,grad,19894743040
4,1804.268,grad,19848540160
4,1805.493,grad,19844018176
4,1807.303,grad,19715766272
4,1808.556,grad,19708944384
4,1809.816,grad,19695706112
4,1811.127,grad,19679861760
4,1812.388,grad,19694541824
4,1813.638,grad,19698801664
4,1814.893,grad,19674979328
4,1816.58,grad,19676062720
4,1817.796,grad,19745459200
4,1819.057,grad,19621661696
4,1820.292,grad,19617139712
4,1822.04,grad,19488887808
4,1823.381,grad,19496745984
4,1824.637,grad,19484556288
4,1825.893,grad,19452983808
4,1827.342,grad,19452983296
4,1828.616,grad,19471857664
4,1829.998,grad,19448100864
4,1831.742,grad,19449184256
4,1833.008,grad,19440986112
4,1834.433,grad,19394783232
4,1835.69,grad,19351463936
4,1837.333,grad,19262140416
4,1838.551,grad,19255711744
4,1840.362,grad,19226170368
4,1841.869,grad,19226170368
4,1843.131,grad,19244979200
4,1844.75,grad,19221287936
4,1846.713,grad,19222371328
4,1847.966,grad,19214173184
4,1849.26,grad,19168035840
4,1850.497,grad,19163513856
4,1852.227,grad,19035261952
4,1853.489,grad,19028833280
4,1855.158,grad,18999291904
4,1856.6,grad,18999291904
4,1858.031,grad,19001257984
4,1859.247,grad,19001749504
4,1860.888,grad,18995492864
4,1862.121,grad,19064889344
4,1863.445,grad,18941157376
4,1864.7,grad,18936635392
4,1866.395,grad,18808383488
4,1867.664,grad,18816176128
4,1868.902,grad,18797170688
4,1870.271,grad,18772413440
4,1871.509,grad,18801839104
4,1872.979,grad,18767039488
4,1874.227,grad,18774871040
4,1875.658,grad,18768614400
4,1876.873,grad,18760416256
4,1878.096,grad,18675481600
4,1879.313,grad,18709756928
4,1880.89,grad,18581570560
4,1882.195,grad,18575141888
4,1883.96,grad,18545600512
4,1885.383,grad,18545600512
4,1886.602,grad,18564409344
4,1888.43,grad,18540390400
4,1890.158,grad,18541801472
4,1891.418,grad,18533668864
4,1892.771,grad,18487138304
4,1894.012,grad,18443819008
4,1895.848,grad,18354036736
4,1897.061,grad,18347542528
4,1898.705,grad,18318066688
4,1900.337,grad,18318066688
4,1901.571,grad,18336941056
4,1903.096,grad,18313184256
4,1904.779,grad,18314267648
4,1906.012,grad,18306528256
4,1907.324,grad,18260325376
4,1908.564,grad,18216678400
4,1909.802,grad,18173031424
4,1911.522,grad,18134563840
4,1912.793,grad,18120729600
4,1914.563,grad,18090926592
4,1916.072,grad,18090926080
4,1917.337,grad,18109865984
4,1918.714,grad,18086043648
4,1920.375,grad,18087127040
4,1921.65,grad,18078994432
4,1923.005,grad,18032791552
4,1924.257,grad,18028269568
4,1926.037,grad,17900017664
4,1927.336,grad,17893588992
4,1929.068,grad,17864047616
4,1930.537,grad,17864047616
4,1931.76,grad,17882921984
4,1933.56,grad,17859165184
4,1935.264,grad,17860248576
4,1936.503,grad,17851722752
4,1937.716,grad,17844382720
4,1938.934,grad,17803553792
4,1940.471,grad,17672877056
4,1941.717,grad,17666448384
4,1943.512,grad,17636907008
4,1944.962,grad,17636907008
4,1946.257,grad,17655846912
4,1947.707,grad,17631696896
4,1949.237,grad,17632780288
4,1950.458,grad,17702242304
4,1951.715,grad,17578444800
4,1952.955,grad,17535125504
4,1954.757,grad,17445736448
4,1955.99,grad,17438849024
4,1957.749,grad,17409766400
4,1959.303,grad,17409766400
4,1960.592,grad,17428706304
4,1962.012,grad,17404883968
4,1963.71,grad,17405967360
4,1964.944,grad,17397834752
4,1966.34,grad,17351631872
4,1967.581,grad,17308312576
4,1969.342,grad,17218923520
4,1970.645,grad,17212494848
4,1972.467,grad,17182953472
4,1973.973,grad,17182953472
4,1975.254,grad,17201893376
4,1976.745,grad,17178071040
4,1978.335,grad,17179154432
4,1979.561,grad,17248616448
4,1981.055,grad,17124818944
4,1982.313,grad,17042702336
4,1984.173,grad,16992045056
4,1985.427,grad,17000296448
4,1987.182,grad,16956075008
4,1988.702,grad,16956075008
4,1989.932,grad,16974883840
4,1991.543,grad,16951192576
4,1993.383,grad,16952275968
4,1994.627,grad,16944077824
4,1995.886,grad,16859143168
4,1997.152,grad,16830503936
4,1998.888,grad,16765232128
4,2000.127,grad,16773024768
4,2001.353,grad,16753495040
4,2002.664,grad,16729262080
4,2003.903,grad,16758687744
4,2005.272,grad,16723888128
4,2006.498,grad,16731719680
4,2007.954,grad,16725463040
4,2009.235,grad,16717330432
4,2010.641,grad,16671127552
4,2011.897,grad,16627808256
4,2013.701,grad,16538419200
4,2014.931,grad,16524584960
4,2016.473,grad,16495109120
4,2017.837,grad,16494846976
4,2019.245,grad,16489473024
4,2020.643,grad,16489964544
4,2021.907,grad,16480035840
4,2023.301,grad,16480035840
4,2024.665,grad,16480035840
4,2026.009,grad,16480035840
4,2028.85,grad,16480035328
4,2030.542,grad,16480035328
4,2031.864,grad,16480035328
4,2033.205,grad,16480035328
4,2037.293,grad,16480035328
4,2039.011,grad,16480035328
4,2041.154,grad,16480035328
4,2042.501,grad,16480496128
4,2043.867,grad,16480036864
4,2045.196,grad,16480954368
4,2046.519,grad,16480102400
4,2047.865,grad,16480037376
4,2049.203,grad,16480496128
4,2050.522,grad,16480102400
4,2051.877,grad,16480038912
4,2053.295,grad,16480036864
4,2054.615,grad,16480039424
4,2055.991,grad,16480495616
4,2057.317,grad,16480036864
4,2058.7,grad,16480038912
4,2060.037,grad,16480495616
4,2061.355,grad,16480102400
4,2062.685,grad,16480039424
4,2064.074,grad,16480495616
4,2065.428,grad,16480036864
4,2066.728,grad,16480039424
4,2068.042,grad,16480561152
4,2069.336,grad,16480036864
4,2070.619,grad,16480497664
4,2071.921,grad,16480039424
4,2073.289,grad,16480496128
4,2074.61,grad,16480498176
4,2075.967,grad,16480036864
4,2077.334,grad,16480495616
4,2078.626,grad,16480037376
4,2079.977,grad,16480038912
4,2081.308,grad,16480038912
4,2082.684,grad,16480495616
4,2084.06,grad,16480036864
4,2085.431,grad,16480102400
4,2086.733,grad,16480036864
4,2088.092,grad,16480036864
4,2089.399,grad,16480038912
4,2090.704,grad,16480495616
4,2091.992,grad,16480497664
4,2093.335,grad,16480038912
4,2094.659,grad,16480495616
4,2095.981,grad,16480102912
4,2097.395,grad,16480103936
4,2098.686,grad,16486039040
4,2100.001,grad,16487544832
4,2101.362,grad,16494131200
4,2102.678,grad,16495245312
4,2104.007,grad,16501799424
4,2105.319,grad,16504354816
4,2106.633,grad,16507959296
4,2107.981,grad,16510351360
4,2109.32,grad,16514415104
4,2110.653,grad,16517397504
4,2111.974,grad,16520706048
4,2113.384,grad,16523393024
4,2114.703,grad,16526244352
4,2116.049,grad,16530570752
4,2117.372,grad,16532437504
4,2118.665,grad,16536664064
4,2119.976,grad,16538992128
4,2121.327,grad,16542431232
4,2122.668,grad,16544758784
4,2124.012,grad,16548362752
4,2125.345,grad,16550755328
4,2126.68,grad,16554129408
4,2127.993,grad,16556522496
4,2129.297,grad,16559896576
4,2130.598,grad,16562518016
4,2131.888,grad,16565893632
4,2133.299,grad,16568285184
4,2134.673,grad,16572348416
4,2136.048,grad,16575625216
4,2137.344,grad,16578705920
4,2138.641,grad,16583293440
4,2139.943,grad,16585260544
4,2141.305,grad,16588863488
4,2142.677,grad,16591255552
4,2143.993,grad,16594630656
4,2145.374,grad,16597252096
4,2146.69,grad,16600398336
4,2148.058,grad,16603019264
4,2149.389,grad,16606394368
4,2150.715,grad,16608983040
4,2152.033,grad,16612358144
4,2153.393,grad,16614521344
4,2154.715,grad,16617896448
4,2156.111,grad,16620517376
4,2157.4,grad,16623892992
4,2158.722,grad,16626285056
4,2160.121,grad,16630347776
4,2161.513,grad,16633265152
4,2162.817,grad,16636115456
4,2164.069,grad,16639032832
4,2165.376,grad,16641882624
4,2166.68,grad,16644799488
4,2167.993,grad,16647879168
4,2169.337,grad,16647692288
4,2170.637,grad,16647724544
4,2171.938,grad,16647753216
4,2173.299,grad,16647785472
4,2174.644,grad,16647816704
4,2175.967,grad,16647834624
4,2177.304,grad,16647867904
4,2178.612,grad,16577558016
4,2179.92,grad,16426038784
4,2181.284,grad,16320525824
4,2182.592,grad,16343332352
4,2183.898,grad,16372823552
4,2185.229,grad,16401659392
4,2186.556,grad,16430495232
4,2187.869,grad,16460838400
4,2189.173,grad,16463361536
4,2190.477,grad,16359486976
4,2191.763,grad,16263083520
4,2193.077,grad,16167597568
4,2194.378,grad,16139372032
4,2195.676,grad,16139255808
4,2201.732,grad,16139249152
4,2208.167,grad,16139257344
4,2214.568,grad,16139257344
4,2220.972,grad,16139257344
4,2226.955,grad,16139257344
4,2228.47,grad,16146734592
4,2230.928,grad,16154203648
4,2234.125,grad,16154318336
4,2235.654,grad,16163640832
4,2237.283,grad,16163640832
4,2238.61,grad,16180418048
4,2240.807,grad,16193182208
4,2242.116,grad,16200526336
4,2243.469,grad,16307546624
4,2244.981,grad,16307612160
4,2247.931,grad,16392612352
4,2250.696,grad,16392731136
4,2252.094,grad,16402053632
4,2253.711,grad,16402053632
4,2255.215,grad,16418946560
4,2257.353,grad,16431595008
4,2258.666,grad,16477736448
4,2260.001,grad,16623619584
4,2261.403,grad,16546024960
4,2262.725,grad,16623685120
4,2264.153,grad,16623685120
4,2266.872,grad,16631143936
4,2268.334,grad,16640466432
4,2269.865,grad,16640466432
4,2271.186,grad,16649903616
4,2272.541,grad,16708805120
4,2273.997,grad,16670007808
4,2275.329,grad,16716149248
4,2276.632,grad,16823235072
4,2277.946,grad,16823235072
4,2280.462,grad,16869437952
4,2283.435,grad,16869556736
4,2284.785,grad,16878879232
4,2286.167,grad,16878879232
4,2287.481,grad,16895772160
4,2289.644,grad,16908420608
4,2290.959,grad,16954562048
4,2292.35,grad,17100445184
4,2293.671,grad,17022850560
4,2295.045,grad,17146648064
4,2296.895,grad,17107850752
4,2299.75,grad,17107854848
4,2301.05,grad,17117292032
4,2302.621,grad,17117292032
4,2303.945,grad,17134184960
4,2305.886,grad,17146833408
4,2307.23,grad,17192974848
4,2308.608,grad,17338857984
4,2309.939,grad,17300060672
4,2312.491,grad,17346263552
4,2315.465,grad,17346382336
4,2316.795,grad,17355704832
4,2318.349,grad,17355704832
4,2319.728,grad,17372597760
4,2321.713,grad,17392586240
4,2323.044,grad,17431387648
4,2324.391,grad,17654865408
4,2325.716,grad,17499676160
4,2327.045,grad,17584676352
4,2328.459,grad,17577336320
4,2331.363,grad,17584795136
4,2332.691,grad,17594117632
4,2334.266,grad,17594117632
4,2335.568,grad,17611010560
4,2337.515,grad,17623659008
4,2338.877,grad,17631003136
4,2340.2,grad,17738088960
4,2341.541,grad,17738088960
4,2342.869,grad,17815749120
4,2344.36,grad,17815749120
4,2347.307,grad,17823207936
4,2348.724,grad,17832530432
4,2350.252,grad,17832530432
4,2351.642,grad,17849423360
4,2353.798,grad,17862071808
4,2355.108,grad,17908213248
4,2356.427,grad,18054096384
4,2357.865,grad,18015299072
4,2360.067,grad,18054161920
4,2363.246,grad,18061620736
4,2364.62,grad,18070943232
4,2366.304,grad,18070943232
4,2367.635,grad,18087836160
4,2369.834,grad,18100484608
4,2371.177,grad,18146626048
4,2372.54,grad,18292509184
4,2373.925,grad,18214914560
4,2375.284,grad,18292574720
4,2376.778,grad,18292574720
4,2379.673,grad,18300033536
4,2381.014,grad,18309356032
4,2382.896,grad,18309356032
4,2384.264,grad,18326248960
4,2386.385,grad,18338897408
4,2387.72,grad,18346241536
4,2389.048,grad,18530921984
4,2390.473,grad,18453327360
4,2391.777,grad,18538327552
4,2393.226,grad,18530987520
4,2396.073,grad,18538446336
4,2397.37,grad,18547768832
4,2398.697,grad,18547768832
4,2399.996,grad,18564661760
4,2402.126,grad,18577310208
4,2403.469,grad,18584654336
4,2404.805,grad,18769334784
4,2406.246,grad,18730537472
4,2407.537,grad,18844897792
4,2409.058,grad,18769400320
4,2411.914,grad,18776859136
4,2413.338,grad,18786181632
4,2414.752,grad,18786181632
4,2416.045,grad,18803074560
4,2417.961,grad,18815723008
4,2419.301,grad,18861864448
4,2420.644,grad,19007747584
4,2421.959,grad,18968950272
4,2423.317,grad,19015153152
4,2424.708,grad,19015153152
4,2427.763,grad,19015157248
4,2429.052,grad,19024594432
4,2430.62,grad,19024594432
4,2431.934,grad,19041487360
4,2434.114,grad,19054135808
4,2435.415,grad,19114957312
4,2436.749,grad,19207363072
4,2438.062,grad,19207363072
4,2440.423,grad,19253565952
4,2443.286,grad,19253684736
4,2444.642,grad,19263007232
4,2446.15,grad,19263007232
4,2447.448,grad,19279900160
4,2449.664,grad,19292548608
4,2451.008,grad,19338690048
4,2452.331,grad,19484573184
4,2453.753,grad,19406978560
4,2456.055,grad,19484638720
4,2458.714,grad,19492097536
4,2460.06,grad,19501420032
4,2461.37,grad,19501420032
4,2462.698,grad,19518197248
4,2464.777,grad,19530961408
4,2466.113,grad,19577102848
4,2467.414,grad,19722985984
4,2468.763,grad,19684188672
4,2471.397,grad,19730391552
4,2474.317,grad,19730510336
4,2475.64,grad,19739832832
4,2476.924,grad,19739832832
4,2478.266,grad,19756725760
4,2480.265,grad,19769374208
4,2481.566,grad,19815515648
4,2482.907,grad,20038993408
4,2484.307,grad,19922601472
4,2486.862,grad,19968804352
4,2489.653,grad,19968923136
4,2490.971,grad,19978245632
4,2493.966,grad,19978245632
4,2495.312,grad,19995138560
4,2497.38,grad,20007787008
4,2498.701,grad,20068608512
4,2500.761,grad,20122216960
4,2502.071,grad,20207217152
4,2503.526,grad,20199877120
4,2506.264,grad,20207335936
4,2507.64,grad,20216658432
4,2509.28,grad,20216658432
4,2510.602,grad,20233551360
4,2512.767,grad,20246199808
4,2514.079,grad,20253543936
4,2515.389,grad,20360629760
4,2516.9,grad,20360629760
4,2519.545,grad,20445629952
4,2522.44,grad,20445748736
4,2523.854,grad,20455071232
4,2525.509,grad,20455071232
4,2526.82,grad,20471963136
4,2528.894,grad,20484612608
4,2530.233,grad,20530754048
4,2531.593,grad,20676637184
4,2533.04,grad,20637839872
4,2535.51,grad,20684042752
4,2538.488,grad,20684161536
4,2539.785,grad,20693484032
4,2541.086,grad,20693484032
4,2542.394,grad,20710376960
4,2544.598,grad,20723025408
4,2545.914,grad,20769166848
4,2547.288,grad,20992644608
4,2548.653,grad,20876252672
4,2551.004,grad,20915115520
4,2553.955,grad,20922574336
4,2555.391,grad,20931896832
4,2556.918,grad,20931896832
4,2558.328,grad,20948789760
4,2560.39,grad,20961438208
4,2561.694,grad,21007579648
4,2563.051,grad,21231057408
4,2564.532,grad,21114665472
4,2566.982,grad,21160868352
4,2569.907,grad,21160987136
4,2571.354,grad,21170309632
4,2572.952,grad,21170309632
4,2574.317,grad,21187202560
4,2576.632,grad,21207191040
4,2577.957,grad,21245992448
4,2579.389,grad,21469470208
4,2580.98,grad,21353078272
4,2583.539,grad,21399281152
4,2586.614,grad,21399399936
4,2587.978,grad,21408722432
4,2589.662,grad,21408722432
4,2590.982,grad,21425499648
4,2593.274,grad,21438263808
4,2594.668,grad,21445607936
4,2596.008,grad,21707883008
4,2597.617,grad,21591491072
4,2599.925,grad,21630353920
4,2602.857,grad,21637812736
4,2604.355,grad,21647135232
4,2605.778,grad,21647135232
4,2607.072,grad,21656572416
4,2609.275,grad,21684016640
4,2610.582,grad,21722818048
4,2611.91,grad,21868701184
4,2613.369,grad,21829903872
4,2614.703,grad,21876106752
4,2616.103,grad,21868766720
4,2618.879,grad,21876225536
4,2620.217,grad,21885548032
4,2621.691,grad,21885548032
4,2623.025,grad,21902440960
4,2625.063,grad,21915089408
4,2626.362,grad,21929773568
4,2627.696,grad,22029453824
4,2629.279,grad,22029519360
4,2630.575,grad,22114519552
4,2632.002,grad,22107179520
4,2634.924,grad,22114638336
4,2636.293,grad,22123960832
4,2637.657,grad,22123960832
4,2638.965,grad,22140853760
4,2640.957,grad,22154550784
4,2642.385,grad,22160846336
4,2643.734,grad,22345526784
4,2645.09,grad,22267932160
4,2646.413,grad,22399069696
4,2648.177,grad,22345592320
4,2650.985,grad,22354099712
4,2652.406,grad,22363422208
4,2654.001,grad,22363422208
4,2655.306,grad,22380315136
4,2657.362,grad,22392963584
4,2658.651,grad,22453785088
4,2660.794,grad,22507393536
4,2662.091,grad,22592393728
4,2663.584,grad,22585053696
4,2666.462,grad,22592512512
4,2668.082,grad,22601835008
4,2669.457,grad,22601835008
4,2670.759,grad,22618727936
4,2672.921,grad,22631376384
4,2674.287,grad,22677517824
4,2675.635,grad,22823400960
4,2677.007,grad,22784603648
4,2679.131,grad,22823466496
4,2680.446,grad,23757747712
4,2681.755,grad,23757789696
4,2683.088,grad,23750425600
4,2685.253,grad,23750417408
4,2686.534,grad,23438990848
4,2687.927,grad,23438990848
4,2689.314,grad,23438990848
4,2690.654,grad,23438990848
4,2692.044,grad,24061846528
4,2693.818,grad,22827655680
4,2695.158,grad,22826338816
4,2696.546,grad,22780135936
4,2697.8,grad,22775613952
4,2699.917,grad,22647362048
4,2701.172,grad,22655220224
4,2702.444,grad,22635624960
4,2703.771,grad,22611392000
4,2705.026,grad,22640817664
4,2706.534,grad,22606018048
4,2707.795,grad,22613849600
4,2709.467,grad,22608117248
4,2710.696,grad,22599394816
4,2711.963,grad,22553257472
4,2713.22,grad,22509938176
4,2715.101,grad,22420483584
4,2716.353,grad,22413596160
4,2717.591,grad,22384513536
4,2718.816,grad,22384513536
4,2720.143,grad,22414397952
4,2721.728,grad,22378091008
4,2722.995,grad,22385922560
4,2724.662,grad,22380190208
4,2725.892,grad,22449127936
4,2727.236,grad,22325330432
4,2728.477,grad,22320808448
4,2730.029,grad,22192556544
4,2731.246,grad,22200807936
4,2733.144,grad,22157635072
4,2734.65,grad,22156586496
4,2735.888,grad,22175460864
4,2737.367,grad,22151704064
4,2739.038,grad,22153311744
4,2740.321,grad,22144654848
4,2741.716,grad,22098451968
4,2742.991,grad,22055132672
4,2744.24,grad,21973016064
4,2745.574,grad,21973018112
4,2746.8,grad,21944503808
4,2748.192,grad,21929708032
4,2749.606,grad,21929708032
4,2750.829,grad,21931805184
4,2752.25,grad,21924825600
4,2753.961,grad,21925908992
4,2755.243,grad,21917776384
4,2756.541,grad,21871573504
4,2757.762,grad,21867051520
4,2759.419,grad,21738799616
4,2760.676,grad,21732370944
4,2762.555,grad,21702829568
4,2765.099,grad,21702829568
4,2766.362,grad,21721638400
4,2767.893,grad,21697947136
4,2769.58,grad,21699030528
4,2770.84,grad,21690897920
4,2772.223,grad,21644695040
4,2773.469,grad,21601375744
4,2775.246,grad,21511986688
4,2776.534,grad,21505558016
4,2778.426,grad,21476016640
4,2779.877,grad,21476016640
4,2781.1,grad,21494891008
4,2782.562,grad,21471134208
4,2784.265,grad,21472217600
4,2785.501,grad,21464084992
4,2786.876,grad,21417882112
4,2788.126,grad,21343105536
4,2790.268,grad,21285108224
4,2791.579,grad,21278679552
4,2793.494,grad,21249138688
4,2795.007,grad,21249138176
4,2796.261,grad,21267947008
4,2797.651,grad,21244255744
4,2799.393,grad,21245339136
4,2800.684,grad,21237206528
4,2802.096,grad,21191003648
4,2803.339,grad,21147684352
4,2805.076,grad,21058229760
4,2807.062,grad,21051801088
4,2808.294,grad,21022259712
4,2809.524,grad,21023308288
4,2810.836,grad,21052144128
4,2812.201,grad,21016885760
4,2813.617,grad,21017377280
4,2815.341,grad,21018460672
4,2816.577,grad,21010328064
4,2817.95,grad,20964125184
4,2819.196,grad,20882008576
4,2820.929,grad,20831416832
4,2822.18,grad,20824529408
4,2823.443,grad,20795446784
4,2824.686,grad,20795446784
4,2825.985,grad,20825331200
4,2827.44,grad,20790072832
4,2828.68,grad,20797904384
4,2830.293,grad,20791647744
4,2831.556,grad,20783515136
4,2832.937,grad,20737312256
4,2834.188,grad,20662535680
4,2835.455,grad,20604538368
4,2836.741,grad,20611878400
4,2837.98,grad,20590704128
4,2839.683,grad,20568568832
4,2841.097,grad,20568568320
4,2842.343,grad,20587377152
4,2843.833,grad,20563685888
4,2845.513,grad,20564769280
4,2846.782,grad,20556636672
4,2848.043,grad,20510433792
4,2849.259,grad,20474520064
4,2850.987,grad,20377725440
4,2852.27,grad,20371296768
4,2854.111,grad,20341755392
4,2855.668,grad,20341755392
4,2856.92,grad,20360629760
4,2858.537,grad,20336872960
4,2860.238,grad,20337956352
4,2861.559,grad,20329823744
4,2862.921,grad,20283620864
4,2864.171,grad,20279098880
4,2865.944,grad,20150846976
4,2867.278,grad,20144418304
4,2868.513,grad,20114876928
4,2869.724,grad,20114876928
4,2870.956,grad,20144237056
4,2872.196,grad,20133685760
4,2873.708,grad,20109994496
4,2875.48,grad,20111077888
4,2876.733,grad,20102945280
4,2877.995,grad,20056742400
4,2879.223,grad,20052220416
4,2880.793,grad,19924034048
4,2882.38,grad,19917146624
4,2883.633,grad,19888064000
4,2884.854,grad,19888064000
4,2886.038,grad,19917424128
4,2887.341,grad,19906938368
4,2888.823,grad,19883181568
4,2890.522,grad,19884264960
4,2891.805,grad,19876132352
4,2893.199,grad,19829929472
4,2894.444,grad,19747812864
4,2896.344,grad,19697221120
4,2897.576,grad,19690792448
4,2899.384,grad,19661251072
4,2900.79,grad,19661251072
4,2902.112,grad,19680125440
4,2903.777,grad,19656368640
4,2905.533,grad,19657452032
4,2906.806,grad,19649253888
4,2908.082,grad,19603116544
4,2909.313,grad,19598594560
4,2911.107,grad,19470408192
4,2912.38,grad,19463979520
4,2914.15,grad,19434438144
4,2915.618,grad,19434438144
4,2916.897,grad,19453312512
4,2918.281,grad,19429555712
4,2919.987,grad,19430639104
4,2921.344,grad,19422506496
4,2922.708,grad,19376303616
4,2923.944,grad,19332984320
4,2926.006,grad,19243529728
4,2927.341,grad,19237101056
4,2929.117,grad,19207559680
4,2930.609,grad,19207559680
4,2931.89,grad,19226368512
4,2933.498,grad,19202677248
4,2935.199,grad,19203760640
4,2936.46,grad,19195628032
4,2937.773,grad,19149425152
4,2938.994,grad,19144903168
4,2940.709,grad,19016651264
4,2941.93,grad,19010222592
4,2943.801,grad,18980681216
4,2945.273,grad,18980681216
4,2946.503,grad,18999490048
4,2948.296,grad,18975798784
4,2949.904,grad,18976882176
4,2951.133,grad,18968749568
4,2952.511,grad,18922546688
4,2953.761,grad,18918024704
4,2955.552,grad,18789838336
4,2956.783,grad,18798089728
4,2958.552,grad,18753868288
4,2960.101,grad,18753868288
4,2961.405,grad,18772742656
4,2962.84,grad,18748985856
4,2964.566,grad,18750069248
4,2965.784,grad,18819531264
4,2967.176,grad,18695733760
4,2968.416,grad,18628297216
4,2969.681,grad,18562959872
4,2970.912,grad,18570299904
4,2972.175,grad,18556465664
4,2973.889,grad,18526989824
4,2975.482,grad,18526989824
4,2976.76,grad,18545864192
4,2978.111,grad,18522107392
4,2979.695,grad,18523190784
4,2980.919,grad,18514992640
4,2982.2,grad,18468855296
4,2983.451,grad,18386738688
4,2985.187,grad,18336146944
4,2986.435,grad,18329718272
4,2988.296,grad,18300176896
4,2989.831,grad,18300176896
4,2991.06,grad,18319116800
4,2992.75,grad,18295294464
4,2994.493,grad,18296377856
4,2995.754,grad,18365839872
4,2997.106,grad,18242042368
4,2998.369,grad,18237520384
4,3000.096,grad,18109661696
4,3001.375,grad,18103233024
4,3003.249,grad,18073691648
4,3004.795,grad,18073691648
4,3006.435,grad,18068317696
4,3007.822,grad,18076149248
4,3009.518,grad,18069892608
4,3010.807,grad,18061760000
4,3012.071,grad,18015557120
4,3013.32,grad,17972237824
4,3014.609,grad,17882783232
4,3015.858,grad,17890123264
4,3017.148,grad,17883629056
4,3018.843,grad,17846813184
4,3020.446,grad,17846813184
4,3021.745,grad,17865556480
4,3023.345,grad,17841930752
4,3025.029,grad,17843014144
4,3026.294,grad,17834881536
4,3027.683,grad,17788678656
4,3028.951,grad,17752699392
4,3030.244,grad,17655968256
4,3031.587,grad,17663310336
4,3032.842,grad,17634796032
4,3034.235,grad,17620000256
4,3035.697,grad,17620000256
4,3037.192,grad,17614626304
4,3038.738,grad,17615117824
4,3040.476,grad,17616201216
4,3041.732,grad,17608068608
4,3043.125,grad,17561865728
4,3044.409,grad,17557343744
4,3046.072,grad,17429157376
4,3047.429,grad,17422728704
4,3049.248,grad,17393187328
4,3050.656,grad,17393187328
4,3051.885,grad,17412127232
4,3053.356,grad,17388304896
4,3055.062,grad,17389388288
4,3056.28,grad,17381190144
4,3057.493,grad,17373850112
4,3058.788,grad,17333021184
4,3060.392,grad,17202344448
4,3061.695,grad,17210137088
4,3062.981,grad,17200044544
4,3064.426,grad,17166374400
4,3065.689,grad,17181054464
4,3066.98,grad,17185248768
4,3068.489,grad,17161491968
4,3070.226,grad,17162575360
4,3071.543,grad,17154442752
4,3072.874,grad,17108239872
4,3074.156,grad,17079600640
4,3075.402,grad,16982803968
4,3076.702,grad,16982806016
4,3077.942,grad,16954291712
4,3079.234,grad,16939495936
4,3080.671,grad,16939495936
4,3081.919,grad,16958304768
4,3083.84,grad,16934613504
4,3085.7,grad,16935696896
4,3086.954,grad,16925139456
4,3088.268,grad,16881361408
4,3089.508,grad,16860127744
4,3090.744,grad,16802062848
4,3091.997,grad,16748587520
4,3093.296,grad,16742158848
4,3095.071,grad,16712617472
4,3096.587,grad,16712617472
4,3097.885,grad,16731557376
4,3099.266,grad,16707735040
4,3100.891,grad,16708818432
4,3102.224,grad,16700685824
4,3103.635,grad,16654482944
4,3104.89,grad,16611163648
4,3106.693,grad,16521774592
4,3108.378,grad,16507940352
4,3110.202,grad,16478464512
4,3111.828,grad,16478202368
4,3113.12,grad,16497142272
4,3114.547,grad,16473319936
4,3115.794,grad,16463391232
4,3117.141,grad,16463391232
4,3118.479,grad,16463391232
4,3120.38,grad,16463390720
4,3122.594,grad,16463390720
4,3123.911,grad,16463390720
4,3125.241,grad,16463390720
4,3126.582,grad,16463390720
4,3127.894,grad,16463390720
4,3131.943,grad,16463390720
4,3133.308,grad,16463390720
4,3134.656,grad,16463390720
4,3136.682,grad,16463390720
4,3138.038,grad,16463851008
4,3139.333,grad,16463392256
4,3140.674,grad,16463851008
4,3141.965,grad,16463851520
4,3143.324,grad,16463392768
4,3144.647,grad,16463851008
4,3145.942,grad,16463457792
4,3147.335,grad,16463394304
4,3148.646,grad,16463851520
4,3150.071,grad,16463392256
4,3151.39,grad,16463394816
4,3152.741,grad,16463394304
4,3154.048,grad,16463851520
4,3155.334,grad,16463916544
4,3156.648,grad,16463392768
4,3157.943,grad,16463851008
4,3159.31,grad,16463457792
4,3160.624,grad,16463392768
4,3162.002,grad,16463851008
4,3163.338,grad,16463394816
4,3164.65,grad,16463394304
4,3165.939,grad,16463851520
4,3167.262,grad,16463916544
4,3168.64,grad,16463392256
4,3169.952,grad,16463851008
4,3171.302,grad,16463457792
4,3172.645,grad,16463392768
4,3173.962,grad,16463851520
4,3175.299,grad,16463457792
4,3176.601,grad,16463392256
4,3177.921,grad,16463851008
4,3179.248,grad,16463392256
4,3180.827,grad,16463851008
4,3182.275,grad,16463394304
4,3183.612,grad,16463392768
4,3184.913,grad,16463392768
4,3186.235,grad,16463851520
4,3187.7,grad,16463851008
4,3189.002,grad,16463392768
4,3190.286,grad,16464309760
4,3191.549,grad,16463394304
4,3192.86,grad,16463394816
4,3194.324,grad,16463851520
4,3195.585,grad,16463460352
4,3196.831,grad,16468049920
4,3198.092,grad,16471064064
4,3199.373,grad,16475946496
4,3200.62,grad,16479978496
4,3201.938,grad,16483614208
4,3203.248,grad,16489415168
4,3204.525,grad,16490921984
4,3205.763,grad,16497573376
4,3206.998,grad,16501079552
4,3208.248,grad,16506585088
4,3209.47,grad,16512090624
4,3210.685,grad,16516120576
4,3211.915,grad,16523101184
4,3213.182,grad,16524967424
4,3214.451,grad,16530210304
4,3215.67,grad,16532766720
4,3216.943,grad,16537058816
4,3218.269,grad,16541418496
4,3219.505,grad,16543350272
4,3220.765,grad,16547577344
4,3222.039,grad,16549904896
4,3223.279,grad,16553508864
4,3224.555,grad,16556195328
4,3225.785,grad,16560259072
4,3227.083,grad,16563404288
4,3228.378,grad,16566484480
4,3229.606,grad,16571203584
4,3230.843,grad,16573399552
4,3232.075,grad,16576774144
4,3233.309,grad,16579166208
4,3234.544,grad,16583720448
4,3235.759,grad,16587554304
4,3236.999,grad,16590634496
4,3238.244,grad,16594861568
4,3239.484,grad,16597189120
4,3240.747,grad,16601021952
4,3241.991,grad,16603414016
4,3243.27,grad,16607608320
4,3244.526,grad,16610526208
4,3245.758,grad,16613605376
4,3246.985,grad,16617735168
4,3248.226,grad,16619666944
4,3249.446,grad,16623795712
4,3250.657,grad,16626384896
4,3251.908,grad,16629988864
4,3253.206,grad,16633594368
4,3254.447,grad,16636444672
4,3255.675,grad,16640803840
4,3256.939,grad,16642309632
4,3258.22,grad,16642266624
4,3259.504,grad,16642299392
4,3260.864,grad,16642331648
4,3262.227,grad,16642347520
4,3263.543,grad,16642378752
4,3264.864,grad,16642411008
4,3266.318,grad,16642440704
4,3267.646,grad,16508550144
4,3268.963,grad,16362994688
4,3270.341,grad,16323116032
4,3271.652,grad,16352312320
4,3272.962,grad,16381148160
4,3274.296,grad,16409459712
4,3275.591,grad,16435411968
4,3276.904,grad,16461593600
4,3278.248,grad,16462117888
4,3279.544,grad,16363846656
4,3280.849,grad,16270851072
4,3282.168,grad,16169106432
4,3283.484,grad,16139237888
4,3289.901,grad,16139119616
4,3291.274,grad,16139120640
4,3297.708,grad,16139127808
4,3304.094,grad,16139127808
4,3310.49,grad,16139127808
4,3315.833,grad,16139127808
4,3317.193,grad,16146473984
4,3320.09,grad,16146734080
4,3323.345,grad,16154254336
4,3324.914,grad,16163576832
4,3326.607,grad,16163576832
4,3327.922,grad,16173014016
4,3330.305,grad,16200458240
4,3331.607,grad,16200462336
4,3332.943,grad,16307548160
4,3334.541,grad,16307548160
4,3335.862,grad,16431345664
4,3337.793,grad,16392548352
4,3340.652,grad,16392667136
4,3342.123,grad,16401989632
4,3343.763,grad,16401989632
4,3345.076,grad,16411426816
4,3347.399,grad,16431531008
4,3348.732,grad,16477672448
4,3350.075,grad,16623555584
4,3351.476,grad,16545960960
4,3352.797,grad,16684438528
4,3354.426,grad,16630961152
4,3358.29,grad,16631079936
4,3359.592,grad,16640402432
4,3361.174,grad,16640402432
4,3362.531,grad,16657179648
4,3364.966,grad,16669943808
4,3366.304,grad,16677287936
4,3367.703,grad,16784308224
4,3369.387,grad,16784373760
4,3370.726,grad,16908171264
4,3372.32,grad,16862033920
4,3375.345,grad,16869492736
4,3376.672,grad,16878815232
4,3378.199,grad,16878815232
4,3379.513,grad,16895708160
4,3381.867,grad,16915696640
4,3383.247,grad,16954498048
4,3384.599,grad,17177975808
4,3386.332,grad,17022786560
4,3387.698,grad,17100446720
4,3389.035,grad,17100446720
4,3391.91,grad,17107905536
4,3393.363,grad,17117228032
4,3394.872,grad,17117228032
4,3396.2,grad,17134120960
4,3398.336,grad,17154109440
4,3399.632,grad,17192910848
4,3400.945,grad,17416388608
4,3402.332,grad,17299996672
4,3403.659,grad,17414356992
4,3405.354,grad,17346199552
4,3408.512,grad,17346318336
4,3409.953,grad,17355640832
4,3411.616,grad,17355640832
4,3412.938,grad,17372418048
4,3415.315,grad,17385182208
4,3416.63,grad,17431323648
4,3417.941,grad,17538409472
4,3419.336,grad,17538409472
4,3420.638,grad,17577272320
4,3422.209,grad,17577272320
4,3425.225,grad,17584731136
4,3426.651,grad,17594053632
4,3428.315,grad,17594053632
4,3429.627,grad,17610946560
4,3431.878,grad,17623595008
4,3433.288,grad,17638279168
4,3434.621,grad,17737959424
4,3436.352,grad,17738024960
4,3438.747,grad,17815685120
4,3441.62,grad,17823143936
4,3443.159,grad,17832466432
4,3444.782,grad,17832466432
4,3446.1,grad,17849359360
4,3448.343,grad,17862007808
4,3449.637,grad,17908149248
4,3450.935,grad,17976437760
4,3452.434,grad,18015235072
4,3454.759,grad,18054097920
4,3457.709,grad,18061556736
4,3459.04,grad,18070879232
4,3460.454,grad,18070879232
4,3461.755,grad,18080316416
4,3464.043,grad,18100420608
4,3465.36,grad,18146562048
4,3466.72,grad,18370039808
4,3468.124,grad,18214850560
4,3470.538,grad,18299850752
4,3473.559,grad,18299969536
4,3474.972,grad,18309292032
4,3476.755,grad,18309292032
4,3478.066,grad,18326184960
4,3480.146,grad,18338833408
4,3481.445,grad,18346177536
4,3482.777,grad,18453263360
4,3484.31,grad,18453263360
4,3485.615,grad,18538263552
4,3487.15,grad,18530923520
4,3490.093,grad,18538382336
4,3491.491,grad,18547704832
4,3493.047,grad,18547704832
4,3494.37,grad,18564482048
4,3496.571,grad,18577246208
4,3497.89,grad,18623387648
4,3499.22,grad,18769270784
4,3500.515,grad,18691676160
4,3501.815,grad,18776676352
4,3503.391,grad,18769336320
4,3506.357,grad,18776795136
4,3507.84,grad,18786117632
4,3509.414,grad,18786117632
4,3510.725,grad,18803010560
4,3513.002,grad,18815659008
4,3514.334,grad,18823003136
4,3515.648,grad,18930088960
4,3517.2,grad,18930088960
4,3519.722,grad,19015089152
4,3523.013,grad,19015207936
4,3524.526,grad,19024530432
4,3526.198,grad,19024530432
4,3527.51,grad,19033967616
4,3529.793,grad,19054071808
4,3531.065,grad,19061415936
4,3532.4,grad,19168501760
4,3533.965,grad,19168501760
4,3536.599,grad,19253501952
4,3539.354,grad,19253620736
4,3540.903,grad,19262943232
4,3542.612,grad,19262943232
4,3543.938,grad,19272380416
4,3545.35,grad,19316601856
4,3547.052,grad,19292484608
4,3548.374,grad,19299828736
4,3549.707,grad,19484509184
4,3551.005,grad,19406914560
4,3552.338,grad,19545392128
4,3554.143,grad,19484574720
4,3557.106,grad,19492033536
4,3558.5,grad,19501356032
4,3559.975,grad,19501356032
4,3561.369,grad,19510793216
4,3563.824,grad,19530897408
4,3565.259,grad,19538241536
4,3566.607,grad,19645327360
4,3568.4,grad,19645327360
4,3569.74,grad,19798484992
4,3571.369,grad,19722987520
4,3574.532,grad,19730446336
4,3575.974,grad,19739768832
4,3577.603,grad,19739768832
4,3578.922,grad,19749206016
4,3581.411,grad,19769310208
4,3582.762,grad,19776654336
4,3584.075,grad,19883740160
4,3585.8,grad,19883740160
4,3587.074,grad,20022217728
4,3588.789,grad,19961400320
4,3592.067,grad,19968859136
4,3593.613,grad,19978181632
4,3595.287,grad,19978181632
4,3596.607,grad,19987618816
4,3597.95,grad,20031840256
4,3599.397,grad,20007723008
4,3600.694,grad,20015067136
4,3602.222,grad,20122152960
4,3603.801,grad,20122152960
4,3605.078,grad,20260630528
4,3606.834,grad,20199813120
4,3609.807,grad,20207157248
4,3611.272,grad,20216594432
4,3612.972,grad,20216594432
4,3614.323,grad,20226031616
4,3615.631,grad,20270253056
4,3617.194,grad,20246135808
4,3618.516,grad,20292277248
4,3619.9,grad,20438160384
4,3621.26,grad,20360565760
4,3622.607,grad,20513723392
4,3624.437,grad,20445565952
4,3627.654,grad,20445684736
4,3629.049,grad,20455007232
4,3630.494,grad,20455007232
4,3631.797,grad,20464444416
4,3633.07,grad,20508665856
4,3634.58,grad,20484548608
4,3635.887,grad,20491892736
4,3637.228,grad,20676573184
4,3639.812,grad,20598978560
4,3642.442,grad,20683978752
4,3645.358,grad,20684097536
4,3646.801,grad,20693420032
4,3648.388,grad,20693420032
4,3649.685,grad,20710312960
4,3651.7,grad,20722961408
4,3653.053,grad,20730305536
4,3654.384,grad,20914985984
4,3655.722,grad,20876188672
4,3658.0,grad,20922391552
4,3660.841,grad,20922510336
4,3662.227,grad,20931832832
4,3663.844,grad,20931832832
4,3665.189,grad,20948725760
4,3667.361,grad,20961374208
4,3668.677,grad,21007515648
4,3670.865,grad,21075804160
4,3672.201,grad,21153464320
4,3673.766,grad,21153464320
4,3676.672,grad,21160923136
4,3677.997,grad,21170245632
4,3679.595,grad,21170245632
4,3680.914,grad,21179682816
4,3683.321,grad,21207127040
4,3684.693,grad,21245928448
4,3686.007,grad,21391811584
4,3687.502,grad,21353014272
4,3689.824,grad,21399217152
4,3692.743,grad,21399335936
4,3694.104,grad,21408658432
4,3695.586,grad,21408658432
4,3696.934,grad,21425551360
4,3698.886,grad,21438199808
4,3700.21,grad,21499021312
4,3702.57,grad,21552629760
4,3703.899,grad,21637629952
4,3705.352,grad,21630289920
4,3708.208,grad,21637748736
4,3710.65,grad,21647071232
4,3711.994,grad,21663964160
4,3713.929,grad,21676612608
4,3715.275,grad,21722754048
4,3716.604,grad,21868637184
4,3717.988,grad,21829839872
4,3719.997,grad,21876042752
4,3722.959,grad,21876161536
4,3724.321,grad,21885484032
4,3725.875,grad,21885484032
4,3727.292,grad,21902376960
4,3729.26,grad,21915025408
4,3730.609,grad,21961166848
4,3731.911,grad,22068252672
4,3733.315,grad,22068252672
4,3735.555,grad,22114455552
4,3738.247,grad,22114574336
4,3739.569,grad,22123896832
4,3740.896,grad,22123896832
4,3742.263,grad,22133334016
4,3744.484,grad,22160778240
4,3745.784,grad,22199579648
4,3747.074,grad,22345462784
4,3748.495,grad,22306665472
4,3750.775,grad,22352868352
4,3753.647,grad,22352987136
4,3754.965,grad,22362309632
4,3756.332,grad,22362309632
4,3757.625,grad,22386542592
4,3759.378,grad,22391851008
4,3760.668,grad,22452672512
4,3761.977,grad,22583875584
4,3763.348,grad,22506280960
4,3765.792,grad,22591281152
4,3768.673,grad,22591399936
4,3771.032,grad,22600722432
4,3772.421,grad,22617615360
4,3774.496,grad,22637603840
4,3775.871,grad,22676405248
4,3778.055,grad,22744693760
4,3780.216,grad,22829693952
4,3781.55,grad,23756635136
4,3782.995,grad,23756668928
4,3784.43,grad,23749313024
4,3786.664,grad,23437877760
4,3787.984,grad,23437878272
4,3789.35,grad,23437878272
4,3790.695,grad,23437878272
4,3792.036,grad,23437878784
4,3793.33,grad,23437879808
4,3794.998,grad,22826543104
4,3796.314,grad,22825226240
4,3797.716,grad,22779023360
4,3798.983,grad,22775549952
4,3800.682,grad,22646249472
4,3801.908,grad,22639755264
4,3803.663,grad,22610279424
4,3805.236,grad,22610279424
4,3806.511,grad,22629153792
4,3807.971,grad,22605396992
4,3809.883,grad,22607004672
4,3811.15,grad,22598347776
4,3812.509,grad,22552144896
4,3813.915,grad,22550047744
4,3815.58,grad,22419371008
4,3816.822,grad,22412876800
4,3818.352,grad,22383400960
4,3819.706,grad,22383400960
4,3820.926,grad,22385498112
4,3822.325,grad,22378518528
4,3823.958,grad,22380126208
4,3825.27,grad,22371469312
4,3826.567,grad,22325266432
4,3827.85,grad,22281947136
4,3829.036,grad,22192492544
4,3830.439,grad,22199832576
4,3831.689,grad,22171318272
4,3833.031,grad,22156522496
4,3834.557,grad,22156522496
4,3835.8,grad,22175724544
4,3837.366,grad,22151640064
4,3838.965,grad,22153247744
4,3840.192,grad,22144525312
4,3841.428,grad,22137185280
4,3842.664,grad,22093865984
4,3844.303,grad,21965614080
4,3845.531,grad,21959119872
4,3847.195,grad,21929644032
4,3848.645,grad,21929644032
4,3849.984,grad,21948321792
4,3851.217,grad,21924384768
4,3852.485,grad,21932134400
4,3853.921,grad,21926369280
4,3855.157,grad,21917712384
4,3856.412,grad,21871509504
4,3857.637,grad,21796732928
4,3859.369,grad,21738735616
4,3860.589,grad,21732241408
4,3862.238,grad,21702765568
4,3863.745,grad,21702765568
4,3864.973,grad,21721574400
4,3866.449,grad,21697883136
4,3868.057,grad,21700015104
4,3869.3,grad,21729565696
4,3870.587,grad,21644631040
4,3871.826,grad,21640109056
4,3873.559,grad,21511857152
4,3874.79,grad,21520108544
4,3876.446,grad,21475887616
4,3877.825,grad,21475887104
4,3879.239,grad,21470513152
4,3880.463,grad,21478377472
4,3881.892,grad,21472088064
4,3883.15,grad,21464217600
4,3884.424,grad,21418014720
4,3885.641,grad,21413492736
4,3887.473,grad,21285240832
4,3888.866,grad,21293426688
4,3890.597,grad,21249270784
4,3892.728,grad,21249270784
4,3894.026,grad,21253465088
4,3895.312,grad,21244388352
4,3896.901,grad,21245471744
4,3898.148,grad,21314933760
4,3899.377,grad,21191136256
4,3900.615,grad,21186614272
4,3902.269,grad,21058362368
4,3903.512,grad,21066613760
4,3904.745,grad,21045576704
4,3906.09,grad,21022392320
4,3907.669,grad,21022392320
4,3909.113,grad,21017018368
4,3910.329,grad,21024882688
4,3911.638,grad,21018593280
4,3912.874,grad,21088055296
4,3914.177,grad,20964257792
4,3915.402,grad,20959801344
4,3917.281,grad,20831549440
4,3918.544,grad,20825055232
4,3920.108,grad,20795579392
4,3921.609,grad,20795579392
4,3922.884,grad,20814453760
4,3924.28,grad,20790696960
4,3925.898,grad,20791780352
4,3927.137,grad,20781222912
4,3928.494,grad,20737444864
4,3929.709,grad,20732922880
4,3931.198,grad,20604736512
4,3932.422,grad,20598307840
4,3934.122,grad,20568766464
4,3935.508,grad,20568766464
4,3936.768,grad,20587640832
4,3938.394,grad,20563884032
4,3939.865,grad,20564967424
4,3941.082,grad,20556769280
4,3942.31,grad,20510631936
4,3943.566,grad,20506109952
4,3945.236,grad,20377858048
4,3946.454,grad,20386109440
4,3948.179,grad,20341888000
4,3949.6,grad,20341888000
4,3950.833,grad,20360762368
4,3952.212,grad,20337005568
4,3953.874,grad,20339006464
4,3955.133,grad,20329956352
4,3956.407,grad,20283753472
4,3957.631,grad,20216316928
4,3959.377,grad,20150979584
4,3960.597,grad,20144092160
4,3961.821,grad,20115009536
4,3963.054,grad,20116058112
4,3964.374,grad,20144893952
4,3965.684,grad,20109635584
4,3966.915,grad,20117467136
4,3968.415,grad,20111210496
4,3969.628,grad,20103012352
4,3970.843,grad,20095672320
4,3972.156,grad,20054777856
4,3973.667,grad,19924101120
4,3974.888,grad,19932352512
4,3976.649,grad,19888131072
4,3978.026,grad,19888131072
4,3979.252,grad,19907005440
4,3980.816,grad,19883248640
4,3982.477,grad,19884332032
4,3983.712,grad,19876199424
4,3984.941,grad,19791199232
4,3986.167,grad,19825474560
4,3987.862,grad,19697222656
4,3989.114,grad,19690728448
4,3990.546,grad,19661252608
4,3991.946,grad,19661252608
4,3993.194,grad,19679995904
4,3994.633,grad,19656370176
4,3996.228,grad,19657453568
4,3997.503,grad,19649320960
4,3998.796,grad,19603118080
4,4000.029,grad,19598596096
4,4001.816,grad,19470409728
4,4003.07,grad,19463981056
4,4004.866,grad,19434439680
4,4006.488,grad,19434439680
4,4007.776,grad,19453248512
4,4009.249,grad,19429557248
4,4010.759,grad,19430640640
4,4011.978,grad,19500102656
4,4013.355,grad,19376305152
4,4014.606,grad,19371783168
4,4016.268,grad,19243531264
4,4017.54,grad,19237102592
4,4019.238,grad,19207561216
4,4020.606,grad,19207561216
4,4021.875,grad,19226435584
4,4023.589,grad,19202678784
4,4025.236,grad,19204745216
4,4026.477,grad,19273224192
4,4027.838,grad,19149426688
4,4029.059,grad,19144904704
4,4030.525,grad,19016652800
4,4031.743,grad,19010158592
4,4033.432,grad,18980683264
4,4034.79,grad,18980682752
4,4036.282,grad,18975308800
4,4037.508,grad,18983173120
4,4038.824,grad,18976883712
4,4040.049,grad,18968685568
4,4041.259,grad,18922548224
4,4042.487,grad,18918026240
4,4044.049,grad,18789839872
4,4045.263,grad,18782952448
4,4047.094,grad,18753869824
4,4048.745,grad,18753869824
4,4050.036,grad,18772744192
4,4051.351,grad,18748987392
4,4053.013,grad,18750070784
4,4054.29,grad,18741938176
4,4055.509,grad,18656937984
4,4056.724,grad,18691213312
4,4058.427,grad,18562961408
4,4059.663,grad,18571212800
4,4061.389,grad,18526991872
4,4062.903,grad,18526991360
4,4064.15,grad,18545800192
4,4065.741,grad,18522108928
4,4067.46,grad,18523192320
4,4068.701,grad,18592654336
4,4069.914,grad,18430059520
4,4071.15,grad,18464334848
4,4072.793,grad,18336148480
4,4074.028,grad,18344399872
4,4075.682,grad,18300178432
4,4077.088,grad,18300178432
4,4078.304,grad,18318987264
4,4079.623,grad,18295296000
4,4081.148,grad,18296379392
4,4082.405,grad,18288246784
4,4083.757,grad,18242043904
4,4085.028,grad,18237521920
4,4086.749,grad,18109270016
4,4088.327,grad,18102841344
4,4090.157,grad,18073299968
4,4091.659,grad,18073299968
4,4092.941,grad,18092174336
4,4094.333,grad,18068417536
4,4095.813,grad,18070418432
4,4097.03,grad,18138962944
4,4098.349,grad,18015165440
4,4099.581,grad,18010643456
4,4101.149,grad,17882391552
4,4102.386,grad,17875962880
4,4104.118,grad,17846421504
4,4105.467,grad,17846421504
4,4106.722,grad,17865295872
4,4108.423,grad,17841539072
4,4109.911,grad,17842622464
4,4111.137,grad,17912084480
4,4112.431,grad,17788286976
4,4113.667,grad,17744967680
4,4115.398,grad,17655513088
4,4116.626,grad,17649018880
4,4118.167,grad,17619543040
4,4119.514,grad,17619543040
4,4120.725,grad,17623737344
4,4122.073,grad,17614660608
4,4123.708,grad,17615744000
4,4124.922,grad,17607545856
4,4126.145,grad,17561408512
4,4127.377,grad,17479291904
4,4129.194,grad,17428634624
4,4130.649,grad,17436886016
4,4132.393,grad,17392664576
4,4133.898,grad,17392664576
4,4135.35,grad,17387290624
4,4136.597,grad,17395154944
4,4137.836,grad,17388865536
4,4139.055,grad,17458327552
4,4140.274,grad,17334530048
4,4141.498,grad,17330008064
4,4143.181,grad,17201821696
4,4144.429,grad,17195393024
4,4146.073,grad,17165851648
4,4147.733,grad,17165851648
4,4148.962,grad,17184857088
4,4150.756,grad,17160969216
4,4152.505,grad,17162052608
4,4153.744,grad,17153920000
4,4155.045,grad,17107717120
4,4156.265,grad,17103195136
4,4157.734,grad,16974943232
4,4158.963,grad,16983194624
4,4160.671,grad,16938973184
4,4162.223,grad,16938973184
4,4163.47,grad,16957978624
4,4164.788,grad,16934090752
4,4166.314,grad,16935174144
4,4167.62,grad,16927041536
4,4168.949,grad,16880838656
4,4170.201,grad,16876709888
4,4171.791,grad,16748130304
4,4173.034,grad,16755988480
4,4174.271,grad,16712160256
4,4175.503,grad,16712160256
4,4176.719,grad,16742110208
4,4177.945,grad,16706786304
4,4179.17,grad,16714650624
4,4180.456,grad,16708361216
4,4181.672,grad,16700228608
4,4183.01,grad,16654025728
4,4184.256,grad,16649503744
4,4185.862,grad,16521317376
4,4187.08,grad,16507548672
4,4188.808,grad,16478007296
4,4190.35,grad,16477745152
4,4191.627,grad,16496685056
4,4193.302,grad,16472797184
4,4194.607,grad,16462868480
4,4195.939,grad,16462868480
4,4197.278,grad,16462868480
4,4199.229,grad,16462867968
4,4201.25,grad,16462867968
4,4202.583,grad,16462867968
4,4203.899,grad,16462867968
4,4205.263,grad,16462867968
4,4206.58,grad,16462867968
4,4210.933,grad,16462867968
4,4212.264,grad,16462867968
4,4213.603,grad,16462867968
4,4215.733,grad,16462867968
4,4217.036,grad,16463328256
4,4218.365,grad,16462869504
4,4219.654,grad,16463328768
4,4221.005,grad,16462869504
4,4222.369,grad,16462871552
4,4223.735,grad,16463328256
4,4225.041,grad,16462870016
4,4226.33,grad,16462872064
4,4227.73,grad,16462871552
4,4229.065,grad,16463328256
4,4230.385,grad,16463328768
4,4231.735,grad,16462869504
4,4233.053,grad,16463328768
4,4234.364,grad,16462935552
4,4235.646,grad,16462870016
4,4236.944,grad,16463393792
4,4238.302,grad,16462869504
4,4239.655,grad,16462871552
4,4240.947,grad,16462869504
4,4242.351,grad,16463328256
4,4243.66,grad,16462872064
4,4244.971,grad,16462869504
4,4246.361,grad,16463328256
4,4247.685,grad,16462935552
4,4249.004,grad,16462870016
4,4250.319,grad,16462869504
4,4251.773,grad,16463328256
4,4253.086,grad,16462872064
4,4254.386,grad,16462871552
4,4255.717,grad,16463328256
4,4256.997,grad,16462871552
4,4258.376,grad,16463328768
4,4259.71,grad,16462935552
4,4261.043,grad,16462871552
4,4262.355,grad,16463787008
4,4263.687,grad,16462935040
4,4265.039,grad,16462869504
4,4266.363,grad,16463328256
4,4267.686,grad,16462935552
4,4269.009,grad,16462871552
4,4270.322,grad,16462935552
4,4271.648,grad,16464544768
4,4272.985,grad,16467919872
4,4274.33,grad,16470640128
4,4275.712,grad,16475358208
4,4277.077,grad,16480077824
4,4278.409,grad,16483714560
4,4279.707,grad,16489515008
4,4281.008,grad,16491381760
4,4282.353,grad,16497740288
4,4283.735,grad,16499606528
4,4285.037,grad,16507044864
4,4286.345,grad,16507864576
4,4287.672,grad,16515728896
4,4289.045,grad,16518711296
4,4290.367,grad,16522315264
4,4291.676,grad,16524707840
4,4293.072,grad,16528081920
4,4294.448,grad,16530473984
4,4295.751,grad,16533849088
4,4297.092,grad,16536470528
4,4298.387,grad,16539911168
4,4299.705,grad,16542303744
4,4301.005,grad,16546366976
4,4302.324,grad,16549349888
4,4303.64,grad,16552199168
4,4304.94,grad,16555116544
4,4306.264,grad,16557966848
4,4307.562,grad,16561015296
4,4308.89,grad,16564323328
4,4310.242,grad,16566781952
4,4311.561,grad,16570090496
4,4312.935,grad,16572777472
4,4314.283,grad,16575759872
4,4315.619,grad,16579888128
4,4316.906,grad,16581755904
4,4318.255,grad,16586343936
4,4319.572,grad,16587163136
4,4320.886,grad,16592766464
4,4322.308,grad,16595093504
4,4323.633,grad,16598533632
4,4324.963,grad,16601090048
4,4326.351,grad,16604694016
4,4327.696,grad,16607086080
4,4329.0,grad,16611149312
4,4330.356,grad,16614425600
4,4331.702,grad,16617276416
4,4333.104,grad,16621406208
4,4334.421,grad,16623272960
4,4335.705,grad,16627926016
4,4337.002,grad,16629828096
4,4338.332,grad,16633431552
4,4339.704,grad,16636183552
4,4341.007,grad,16640246784
4,4342.369,grad,16640284672
4,4343.675,grad,16640315904
4,4344.963,grad,16640350720
4,4346.417,grad,16640376320
4,4347.767,grad,16640408064
4,4349.04,grad,16640443392
4,4350.463,grad,16640476160
4,4351.775,grad,16500294144
4,4353.093,grad,16360899072
4,4354.395,grad,16321544704
4,4355.688,grad,16351330816
4,4356.965,grad,16380494336
4,4358.303,grad,16408805888
4,4359.59,grad,16435708416
4,4360.892,grad,16464544256
4,4362.223,grad,16454058496
4,4363.538,grad,16362406400
4,4364.856,grad,16270426624
4,4366.191,grad,16174350848
4,4367.485,grad,16139515392
4,4368.783,grad,16139404288
4,4375.164,grad,16139383296
4,4381.599,grad,16139391488
4,4388.039,grad,16139391488
4,4394.464,grad,16139391488
4,4400.868,grad,16139391488
4,4402.474,grad,16139391488
4,4403.987,grad,16146868736
4,4406.534,grad,16146997760
4,4410.043,grad,16154337792
4,4411.693,grad,16163840512
4,4413.512,grad,16163840512
4,4414.895,grad,16173277696
4,4416.252,grad,16232179200
4,4417.733,grad,16193316352
4,4419.038,grad,16200726016
4,4420.371,grad,16307746304
4,4422.068,grad,16307811840
4,4423.398,grad,16431543808
4,4425.516,grad,16392812032
4,4428.566,grad,16392930816
4,4429.929,grad,16402253312
4,4431.593,grad,16402253312
4,4432.911,grad,16419145216
4,4435.218,grad,16431794688
4,4436.529,grad,16477936128
4,4437.866,grad,16623819264
4,4439.191,grad,16585021952
4,4441.615,grad,16631224832
4,4444.795,grad,16631343616
4,4446.165,grad,16640666112
4,4447.848,grad,16640666112
4,4449.212,grad,16657558016
4,4451.485,grad,16670207488
4,4452.803,grad,16716348928
4,4454.202,grad,16862232064
4,4455.512,grad,16784637440
4,4457.915,grad,16869637632
4,4460.622,grad,16869756416
4,4462.0,grad,16879078912
4,4463.628,grad,16879078912
4,4464.961,grad,16895971840
4,4467.199,grad,16908620288
4,4468.521,grad,16954761728
4,4469.881,grad,17100644864
4,4472.197,grad,17023050240
4,4473.535,grad,17108050432
4,4475.111,grad,17100710400
4,4477.967,grad,17108169216
4,4479.286,grad,17117491712
4,4480.663,grad,17117491712
4,4481.993,grad,17134384640
4,4484.2,grad,17147033088
4,4485.577,grad,17193174528
4,4486.933,grad,17339057664
4,4488.329,grad,17261463040
4,4489.651,grad,17339123200
4,4491.169,grad,17339123200
4,4494.375,grad,17346582016
4,4495.697,grad,17355904512
4,4496.987,grad,17355904512
4,4498.364,grad,17372797440
4,4500.202,grad,17385445888
4,4501.513,grad,17431587328
4,4502.87,grad,17577470464
4,4504.307,grad,17538673152
4,4506.642,grad,17584876032
4,4509.436,grad,17584994816
4,4510.749,grad,17594317312
4,4512.164,grad,17594317312
4,4513.489,grad,17611210240
4,4515.736,grad,17623858688
4,4517.101,grad,17631202816
4,4518.396,grad,17777085952
4,4519.653,grad,17777085952
4,4521.584,grad,17815948800
4,4524.442,grad,17823292928
4,4525.721,grad,17832730112
4,4527.092,grad,17832730112
4,4528.359,grad,17849623040
4,4530.397,grad,17862271488
4,4531.699,grad,17908412928
4,4533.836,grad,17976701440
4,4536.142,grad,18054361600
4,4538.885,grad,18061705728
4,4540.163,grad,18071142912
4,4541.507,grad,18079532032
4,4542.777,grad,18095375872
4,4544.491,grad,18100684288
4,4545.744,grad,18161505792
4,4547.827,grad,18215114240
4,4549.966,grad,18292774400
4,4552.682,grad,18300118528
4,4553.937,grad,18309555712
4,4555.465,grad,18309555712
4,4556.738,grad,18326448640
4,4558.501,grad,18339097088
4,4559.72,grad,18385238528
4,4561.666,grad,18453527040
4,4564.16,grad,18531187200
4,4566.7,grad,18538531328
4,4568.096,grad,18547968512
4,4569.357,grad,18547968512
4,4570.581,grad,18572201472
4,4572.435,grad,18577509888
4,4573.684,grad,18623651328
4,4574.918,grad,18847129088
4,4576.182,grad,18730737152
4,4578.439,grad,18769600000
4,4581.074,grad,18776944128
4,4582.354,grad,18786381312
4,4583.765,grad,18786381312
4,4585.01,grad,18803274240
4,4586.986,grad,18815922688
4,4588.244,grad,18823266816
4,4589.491,grad,19085541888
4,4590.897,grad,18969149952
4,4593.081,grad,19008012800
4,4596.101,grad,19015356928
4,4597.339,grad,19024794112
4,4598.562,grad,19024794112
4,4599.785,grad,19041687040
4,4601.854,grad,19054335488
4,4603.11,grad,19100476928
4,4604.355,grad,19323954688
4,4605.582,grad,19207562752
4,4607.918,grad,19246425600
4,4610.569,grad,19253769728
4,4611.819,grad,19263206912
4,4613.271,grad,19263206912
4,4614.599,grad,19272644096
4,4616.664,grad,19292748288
4,4617.895,grad,19338889728
4,4619.827,grad,19407178240
4,4622.251,grad,19484838400
4,4625.008,grad,19492182528
4,4626.267,grad,19501619712
4,4627.702,grad,19501619712
4,4628.941,grad,19518512640
4,4630.688,grad,19531161088
4,4631.915,grad,19577302528
4,4633.174,grad,19723185664
4,4634.446,grad,19645591040
4,4635.701,grad,19730591232
4,4636.943,grad,19723251200
4,4639.534,grad,19730595328
4,4640.759,grad,19740032512
4,4642.078,grad,19740032512
4,4643.348,grad,19756925440
4,4645.407,grad,19769573888
4,4646.634,grad,19815715328
4,4647.868,grad,19961598464
4,4649.139,grad,19922801152
4,4650.89,grad,19961664000
4,4653.79,grad,19969008128
4,4655.06,grad,19978445312
4,4656.304,grad,19978445312
4,4657.527,grad,19995338240
4,4659.2,grad,20007986688
4,4660.432,grad,20068808192
4,4662.413,grad,20122416640
4,4664.69,grad,20200076800
4,4667.45,grad,20207420928
4,4668.695,grad,20216858112
4,4669.971,grad,20216858112
4,4671.254,grad,20226295296
4,4673.36,grad,20246399488
4,4674.602,grad,20292540928
4,4675.859,grad,20399626752
4,4677.114,grad,20399626752
4,4679.09,grad,20445829632
4,4681.631,grad,20445833728
4,4682.883,grad,20455270912
4,4684.276,grad,20455270912
4,4685.536,grad,20472163840
4,4687.612,grad,20484812288
4,4688.932,grad,20530953728
4,4691.12,grad,20599242240
4,4693.549,grad,20676902400
4,4696.226,grad,20684246528
4,4697.461,grad,20693683712
4,4698.705,grad,20701023744
4,4699.963,grad,20717916672
4,4701.624,grad,20723225088
4,4702.865,grad,20769366528
4,4704.11,grad,20915249664
4,4705.417,grad,20876452352
4,4707.583,grad,20915315200
4,4711.587,grad,20922659328
4,4712.834,grad,20932096512
4,4714.285,grad,20932096512
4,4715.597,grad,20948989440
4,4717.453,grad,20961637888
4,4718.675,grad,21007779328
4,4720.598,grad,21076067840
4,4722.966,grad,21153728000
4,4725.664,grad,21161072128
4,4726.905,grad,21170509312
4,4728.257,grad,21170509312
4,4729.491,grad,21187402240
4,4731.491,grad,21200050688
4,4732.736,grad,21246192128
4,4734.735,grad,21314480640
4,4737.001,grad,21392140800
4,4739.53,grad,21399484928
4,4741.782,grad,21408922112
4,4743.096,grad,21425815040
4,4744.766,grad,21438463488
4,4746.008,grad,21499284992
4,4748.187,grad,21552893440
4,4750.46,grad,21630553600
4,4753.196,grad,21637897728
4,4754.449,grad,21647334912
4,4755.887,grad,21647334912
4,4757.192,grad,21664227840
4,4758.855,grad,21676876288
4,4760.105,grad,21723017728
4,4762.101,grad,21791306240
4,4764.476,grad,21868966400
4,4767.348,grad,21876310528
4,4768.597,grad,21885747712
4,4769.924,grad,21885747712
4,4771.187,grad,21902640640
4,4773.024,grad,21915289088
4,4774.274,grad,21961430528
4,4775.53,grad,22107313664
4,4776.793,grad,22068516352
4,4778.83,grad,22107379200
4,4781.251,grad,22114723328
4,4782.489,grad,22124160512
4,4783.85,grad,22124160512
4,4785.036,grad,22141053440
4,4787.133,grad,22154750464
4,4788.373,grad,22199843328
4,4790.28,grad,22268131840
4,4791.515,grad,22407657984
4,4792.882,grad,22345792000
4,4795.416,grad,22354184704
4,4796.655,grad,22363621888
4,4797.873,grad,22363621888
4,4799.105,grad,22387854848
4,4800.657,grad,22393163264
4,4801.879,grad,22453984768
4,4803.993,grad,22507593216
4,4806.058,grad,22585253376
4,4808.865,grad,22592597504
4,4810.068,grad,22602034688
4,4811.309,grad,22602034688
4,4812.541,grad,22618927616
4,4814.282,grad,22631576064
4,4815.511,grad,22692397568
4,4817.439,grad,22746006016
4,4819.378,grad,22823666176
4,4820.631,grad,23757956096
4,4821.867,grad,23757989376
4,4824.939,grad,23750617088
4,4826.188,grad,23439190528
4,4827.431,grad,23439190528
4,4828.67,grad,23439190528
4,4829.875,grad,23439190528
4,4831.108,grad,24062054400
4,4832.55,grad,22827855360
4,4833.783,grad,22824113664
4,4835.057,grad,22780335616
4,4836.271,grad,22705559040
4,4838.069,grad,22647561728
4,4839.283,grad,22641067520
4,4840.821,grad,22611592192
4,4842.362,grad,22611591680
4,4843.599,grad,22630400512
4,4845.039,grad,22606709248
4,4846.896,grad,22608316928
4,4848.161,grad,22599660032
4,4849.387,grad,22553457152
4,4850.707,grad,22551360000
4,4852.16,grad,22420683264
4,4853.394,grad,22428934656
4,4855.028,grad,22384713216
4,4856.404,grad,22384713216
4,4857.647,grad,22386679296
4,4858.86,grad,22378782208
4,4860.292,grad,22380389888
4,4861.52,grad,22410464768
4,4862.752,grad,22286732800
4,4863.985,grad,22321008128
4,4865.481,grad,22192756224
4,4866.7,grad,22185868800
4,4868.551,grad,22157835264
4,4869.863,grad,22156786176
4,4871.235,grad,22151412224
4,4872.459,grad,22159243776
4,4873.969,grad,22153511424
4,4875.191,grad,22144788992
4,4876.406,grad,22098651648
4,4877.615,grad,22096620032
4,4878.992,grad,21965877760
4,4880.21,grad,21959383552
4,4881.726,grad,21929907712
4,4883.245,grad,21929907712
4,4884.48,grad,21948782080
4,4885.984,grad,21925025280
4,4887.686,grad,21926305280
4,4888.929,grad,21995570688
4,4890.243,grad,21871773184
4,4891.5,grad,21867251200
4,4893.119,grad,21738999296
4,4894.376,grad,21732570624
4,4896.073,grad,21703029248
4,4897.553,grad,21703029248
4,4898.795,grad,21721969152
4,4900.186,grad,21698146816
4,4901.779,grad,21699230208
4,4903.012,grad,21768692224
4,4904.582,grad,21644894720
4,4905.833,grad,21601575424
4,4907.643,grad,21512186368
4,4908.895,grad,21520437760
4,4910.612,grad,21476216320
4,4912.146,grad,21476216320
4,4913.69,grad,21494959616
4,4915.325,grad,21471333888
4,4916.825,grad,21472417280
4,4918.035,grad,21464219136
4,4919.245,grad,21379284480
4,4920.508,grad,21415984640
4,4921.997,grad,21285307904
4,4923.242,grad,21278879232
4,4925.146,grad,21249338368
4,4926.77,grad,21249337856
4,4928.111,grad,21268212224
4,4929.47,grad,21244455424
4,4930.94,grad,21245538816
4,4932.16,grad,21237406208
4,4933.415,grad,21191203328
4,4934.659,grad,21147884032
4,4936.483,grad,21058429440
4,4937.7,grad,21051935232
4,4938.913,grad,21049371136
4,4940.22,grad,21022459904
4,4941.618,grad,21022459392
4,4942.851,grad,21041268224
4,4944.331,grad,21017576960
4,4945.832,grad,21018660352
4,4947.081,grad,21010527744
4,4948.936,grad,20964324864
4,4950.187,grad,20959802880
4,4951.802,grad,20831616512
4,4953.041,grad,20839867904
4,4954.807,grad,20795646976
4,4956.189,grad,20795646464
4,4957.647,grad,20790272512
4,4958.863,grad,20798136832
4,4960.105,grad,20791847424
4,4961.315,grad,20783649280
4,4962.568,grad,20737511936
4,4963.804,grad,20732989952
4,4965.444,grad,20604738048
4,4966.66,grad,20598243840
4,4968.316,grad,20568768000
4,4969.716,grad,20568768000
4,4970.93,grad,20587511296
4,4972.509,grad,20563885568
4,4974.197,grad,20564968960
4,4975.456,grad,20556770816
4,4976.671,grad,20510633472
4,4977.9,grad,20508601856
4,4979.499,grad,20377925120
4,4980.829,grad,20371037696
4,4982.239,grad,20341955072
4,4983.496,grad,20343003648
4,4984.843,grad,20371839488
4,4986.206,grad,20336581120
4,4987.448,grad,20344412672
4,4988.965,grad,20338156032
4,4990.238,grad,20330023424
4,4991.479,grad,20283820544
4,4992.74,grad,20240501248
4,4994.692,grad,20151046656
4,4995.984,grad,20144617984
4,4997.771,grad,20115076608
4,4999.25,grad,20115076608
4,5000.501,grad,20133950976
4,5001.8,grad,20110194176
4,5003.481,grad,20111277568
4,5004.732,grad,20103079424
4,5005.944,grad,20018144768
4,5007.168,grad,19989505536
4,5008.907,grad,19924233728
4,5010.14,grad,19932485120
4,5011.821,grad,19888263680
4,5013.354,grad,19888263680
4,5014.818,grad,19882889728
4,5016.073,grad,19883381248
4,5017.599,grad,19884464640
4,5018.813,grad,19876266496
4,5020.026,grad,19868926464
4,5021.368,grad,19828097536
4,5022.906,grad,19697420800
4,5024.154,grad,19690992128
4,5025.442,grad,19661450752
4,5026.692,grad,19661450752
4,5027.925,grad,19690876416
4,5029.335,grad,19656076800
4,5030.573,grad,19663941120
4,5032.037,grad,19657651712
4,5033.272,grad,19649519104
4,5034.575,grad,19603316224
4,5035.823,grad,19598794240
4,5037.297,grad,19470607872
4,5038.513,grad,19463720448
4,5040.162,grad,19434637824
4,5041.543,grad,19434637824
4,5042.83,grad,19453512192
4,5044.23,grad,19429755392
4,5045.794,grad,19430838784
4,5047.086,grad,19422706176
4,5048.397,grad,19376503296
4,5049.641,grad,19333184000
4,5051.423,grad,19243729408
4,5052.674,grad,19237300736
4,5054.434,grad,19207759872
4,5055.796,grad,19207759360
4,5057.259,grad,19202385408
4,5058.526,grad,19202876928
4,5060.182,grad,19203960320
4,5061.431,grad,19195827712
4,5062.787,grad,19149624832
4,5064.028,grad,19106305536
4,5065.814,grad,19016850944
4,5067.098,grad,19010422272
4,5068.857,grad,18980880896
4,5070.36,grad,18980880896
4,5071.658,grad,18999755264
4,5073.116,grad,18975998464
4,5074.699,grad,18977081856
4,5075.913,grad,18968949248
4,5077.321,grad,18922746368
4,5078.537,grad,18918224384
4,5079.981,grad,18790038016
4,5081.239,grad,18783150592
4,5082.482,grad,18770960896
4,5083.772,grad,18754067968
4,5085.073,grad,18783952384
4,5086.379,grad,18748694016
4,5087.624,grad,18756525568
4,5089.077,grad,18750268928
4,5090.296,grad,18742136320
4,5091.677,grad,18695933440
4,5092.914,grad,18652614144
4,5094.711,grad,18563159552
4,5096.002,grad,18556730880
4,5097.684,grad,18527189504
4,5099.078,grad,18527189504
4,5100.511,grad,18521815552
4,5101.779,grad,18522307072
4,5103.46,grad,18523390464
4,5104.706,grad,18515192320
4,5105.926,grad,18507852288
4,5107.226,grad,18467023360
4,5108.72,grad,18336346624
4,5109.949,grad,18329852416
4,5111.564,grad,18300376576
4,5113.104,grad,18300376576
4,5114.36,grad,18319119872
4,5115.909,grad,18295494144
4,5117.584,grad,18296577536
4,5118.8,grad,18288379392
4,5120.012,grad,18281039360
4,5121.289,grad,18240538112
4,5122.89,grad,18109861376
4,5124.413,grad,18103432704
4,5126.122,grad,18073891328
4,5127.752,grad,18073891328
4,5129.011,grad,18092700160
4,5130.553,grad,18069008896
4,5132.281,grad,18070092288
4,5133.527,grad,18061959680
4,5134.906,grad,18015756800
4,5136.151,grad,17972437504
4,5137.882,grad,17882982912
4,5139.153,grad,17891234304
4,5140.968,grad,17847013376
4,5142.517,grad,17847012864
4,5143.755,grad,17865231872
4,5145.632,grad,17842130432
4,5147.29,grad,17843213824
4,5148.53,grad,17912675840
4,5149.744,grad,17750081024
4,5150.98,grad,17786846720
4,5152.521,grad,17656169984
4,5153.755,grad,17664421376
4,5155.378,grad,17620199936
4,5156.746,grad,17620199936
4,5157.97,grad,17638943232
4,5159.376,grad,17615317504
4,5160.848,grad,17616400896
4,5162.066,grad,17608268288
4,5163.414,grad,17562065408
4,5164.652,grad,17635138048
4,5166.291,grad,17429357056
4,5167.88,grad,17422928384
4,5169.575,grad,17393387008
4,5170.936,grad,17393387008
4,5172.221,grad,17412261376
4,5173.656,grad,17388504576
4,5175.26,grad,17389587968
4,5176.494,grad,17381389824
4,5177.739,grad,17335252480
4,5178.971,grad,17330730496
4,5180.594,grad,17202544128
4,5181.813,grad,17210795520
4,5183.539,grad,17166574080
4,5185.26,grad,17166574080
4,5186.535,grad,17185513984
4,5188.26,grad,17161691648
4,5189.879,grad,17162775040
4,5191.121,grad,17154642432
4,5192.488,grad,17108439552
4,5193.724,grad,17103917568
4,5195.36,grad,16975665664
4,5196.592,grad,16969171456
4,5198.086,grad,16939695616
4,5199.407,grad,16939695616
4,5200.82,grad,16934321664
4,5202.039,grad,16942185984
4,5203.551,grad,16935896576
4,5204.783,grad,16927698432
4,5205.994,grad,16920358400
4,5207.221,grad,16877039104
4,5208.831,grad,16748787200
4,5210.533,grad,16742358528
4,5212.335,grad,16712817152
4,5213.819,grad,16712817152
4,5215.255,grad,16707443200
4,5216.496,grad,16715307520
4,5217.931,grad,16709018112
4,5219.173,grad,16700819968
4,5220.464,grad,16654617088
4,5221.699,grad,16587180544
4,5223.615,grad,16521974272
4,5224.867,grad,16508205568
4,5226.638,grad,16478664192
4,5228.244,grad,16478402048
4,5229.702,grad,16473028096
4,5231.05,grad,16473519616
4,5232.291,grad,16463590912
4,5233.548,grad,16463590912
4,5234.79,grad,16463590912
4,5236.675,grad,16463590400
4,5238.621,grad,16463590400
4,5240.955,grad,16463590400
4,5242.419,grad,16463590400
4,5243.674,grad,16463590400
4,5246.771,grad,16463590400
4,5248.453,grad,16463590912
4,5250.478,grad,16463590400
4,5251.739,grad,16463591936
4,5252.976,grad,16463594496
4,5254.218,grad,16463593984
4,5255.438,grad,16464051200
4,5256.738,grad,16464050688
4,5258.124,grad,16463593984
4,5259.462,grad,16463657984
4,5260.749,grad,16464051200
4,5261.988,grad,16464050688
4,5263.28,grad,16463592448
4,5264.527,grad,16464050688
4,5265.756,grad,16463592448
4,5267.05,grad,16463591936
4,5268.325,grad,16463593984
4,5269.549,grad,16464509440
4,5270.762,grad,16463592448
4,5272.005,grad,16463591936
4,5273.248,grad,16463657984
4,5274.517,grad,16464050688
4,5275.74,grad,16464050688
4,5276.948,grad,16463591936
4,5278.248,grad,16463657472
4,5279.467,grad,16464051200
4,5280.705,grad,16463657472
4,5281.958,grad,16463591936
4,5283.204,grad,16463657984
4,5284.462,grad,16464050688
4,5285.702,grad,16464050688
4,5286.944,grad,16463591936
4,5288.184,grad,16464050688
4,5289.414,grad,16463592448
4,5290.621,grad,16463594496
4,5291.884,grad,16463592448
4,5293.142,grad,16464051200
4,5294.37,grad,16463657472
4,5295.62,grad,16463593984
4,5296.876,grad,16463591936
4,5298.112,grad,16464509440
4,5299.43,grad,16464808448
4,5300.645,grad,16468413440
4,5301.874,grad,16471263744
4,5303.128,grad,16475752960
4,5304.376,grad,16480701952
4,5305.598,grad,16484567552
4,5306.821,grad,16490368512
4,5308.049,grad,16491842048
4,5309.283,grad,16498461184
4,5310.572,grad,16501967360
4,5311.79,grad,16507931136
4,5313.066,grad,16512977408
4,5314.342,grad,16517008384
4,5315.55,grad,16524512768
4,5316.775,grad,16525560320
4,5317.981,grad,16530148352
4,5319.202,grad,16532704256
4,5320.47,grad,16536308224
4,5321.74,grad,16539913728
4,5322.973,grad,16542763520
4,5324.212,grad,16547188736
4,5325.481,grad,16548694528
4,5326.727,grad,16553643008
4,5327.974,grad,16555610112
4,5329.21,grad,16559507968
4,5330.429,grad,16563113984
4,5331.664,grad,16566193152
4,5332.916,grad,16570454016
4,5334.16,grad,16572320256
4,5335.393,grad,16576514560
4,5336.649,grad,16579103232
4,5337.86,grad,16583396352
4,5339.094,grad,16587753984
4,5340.341,grad,16589261312
4,5341.55,grad,16593980416
4,5342.837,grad,16596535808
4,5344.09,grad,16600140288
4,5345.302,grad,16603746304
4,5346.534,grad,16606825472
4,5347.763,grad,16610955264
4,5348.993,grad,16612461568
4,5350.211,grad,16617344000
4,5351.426,grad,16619965440
4,5352.664,grad,16624028160
4,5353.894,grad,16626946048
4,5355.173,grad,16630024704
4,5356.441,grad,16634841600
4,5357.652,grad,16636809216
4,5358.858,grad,16640642048
4,5360.075,grad,16641370624
4,5361.301,grad,16641409536
4,5362.564,grad,16641442304
4,5363.813,grad,16641463808
4,5365.05,grad,16641499648
4,5366.322,grad,16641536512
4,5367.577,grad,16623667200
4,5368.85,grad,16453535744
4,5370.155,grad,16317351936
4,5371.38,grad,16345073664
4,5372.617,grad,16374958080
4,5373.845,grad,16405465088
4,5375.074,grad,16437905408
4,5376.283,grad,16472082432
4,5377.499,grad,16415787008
4,5378.717,grad,16311453696
4,5379.934,grad,16191752192
4,5381.16,grad,16139381760
4,5387.517,grad,16139253760
4,5388.792,grad,16139263488
4,5395.239,grad,16139261952
4,5401.643,grad,16139261952
4,5408.184,grad,16139261952
4,5412.375,grad,16139261952
4,5413.747,grad,16146739200
4,5416.173,grad,16146868224
4,5418.918,grad,16154208256
4,5420.448,grad,16163645440
4,5421.815,grad,16163645440
4,5423.068,grad,16173082624
4,5425.425,grad,16193186816
4,5426.672,grad,16239328256
4,5427.914,grad,16462806016
4,5429.428,grad,16346414080
4,5431.891,grad,16385276928
4,5434.769,grad,16392621056
4,5436.022,grad,16402058240
4,5437.45,grad,16402058240
4,5438.691,grad,16418951168
4,5440.786,grad,16431599616
4,5442.035,grad,16438943744
4,5443.299,grad,16623624192
4,5444.583,grad,16546029568
4,5445.827,grad,16631029760
4,5447.211,grad,16623689728
4,5450.028,grad,16631033856
4,5451.435,grad,16640471040
4,5452.849,grad,16640471040
4,5454.111,grad,16657363456
4,5456.164,grad,16670012416
4,5457.396,grad,16716153856
4,5458.634,grad,16939631616
4,5459.862,grad,16823239680
4,5462.246,grad,16862102528
4,5465.071,grad,16869446656
4,5466.341,grad,16878883840
4,5467.748,grad,16878883840
4,5469.001,grad,16895776768
4,5471.025,grad,16908425216
4,5472.296,grad,16954566656
4,5473.546,grad,17178044416
4,5474.9,grad,17022855168
4,5476.164,grad,17146652672
4,5477.576,grad,17100515328
4,5480.416,grad,17107859456
4,5481.77,grad,17117296640
4,5483.187,grad,17117296640
4,5484.441,grad,17134189568
4,5486.611,grad,17146838016
4,5487.864,grad,17192979456
4,5489.127,grad,17338862592
4,5490.36,grad,17261267968
4,5491.622,grad,17399745536
4,5493.118,grad,17338928128
4,5496.942,grad,17346272256
4,5498.225,grad,17355709440
4,5499.652,grad,17355709440
4,5500.899,grad,17372601344
4,5503.039,grad,17385250816
4,5504.29,grad,17392594944
4,5505.541,grad,17577275392
4,5506.848,grad,17499680768
4,5508.13,grad,17584680960
4,5509.538,grad,17577340928
4,5512.492,grad,17584685056
4,5513.781,grad,17594122240
4,5515.258,grad,17594122240
4,5516.533,grad,17611015168
4,5518.661,grad,17623663616
4,5519.915,grad,17669805056
4,5521.158,grad,17815688192
4,5522.428,grad,17738093568
4,5524.85,grad,17815753728
4,5527.745,grad,17823097856
4,5528.994,grad,17832535040
4,5530.296,grad,17832535040
4,5531.576,grad,17849427968
4,5533.503,grad,17862076416
4,5534.759,grad,17908217856
4,5536.747,grad,17976506368
4,5539.131,grad,18054166528
4,5541.774,grad,18061510656
4,5543.098,grad,18070947840
4,5544.41,grad,18070947840
4,5545.693,grad,18087840768
4,5547.622,grad,18100489216
4,5548.886,grad,18146630656
4,5550.137,grad,18253716480
4,5551.452,grad,18253716480
4,5553.777,grad,18292579328
4,5556.566,grad,18299923456
4,5557.895,grad,18309360640
4,5559.162,grad,18309360640
4,5560.382,grad,18326253568
4,5562.218,grad,18338902016
4,5563.469,grad,18346246144
4,5564.711,grad,18530926592
4,5566.006,grad,18492129280
4,5568.237,grad,18530992128
4,5570.772,grad,18538336256
4,5572.173,grad,18547773440
4,5573.681,grad,18547773440
4,5574.927,grad,18564666368
4,5576.949,grad,18577314816
4,5578.278,grad,18584658944
4,5579.513,grad,18769339392
4,5580.819,grad,18730542080
4,5583.009,grad,18769404928
4,5585.761,grad,18776749056
4,5587.113,grad,18786186240
4,5588.57,grad,18786186240
4,5589.835,grad,18803079168
4,5591.844,grad,18815727616
4,5593.073,grad,18823071744
4,5594.313,grad,19007752192
4,5595.577,grad,18930157568
4,5596.821,grad,19007817728
4,5598.266,grad,19007817728
4,5600.802,grad,19015161856
4,5602.125,grad,19024599040
4,5603.572,grad,19024599040
4,5604.861,grad,19041491968
4,5606.662,grad,19054140416
4,5607.903,grad,19061484544
4,5609.136,grad,19246164992
4,5610.404,grad,19207367680
4,5612.848,grad,19246230528
4,5615.66,grad,19253574656
4,5617.096,grad,19263011840
4,5618.415,grad,19263011840
4,5619.653,grad,19279904768
4,5621.545,grad,19292553216
4,5622.817,grad,19338694656
4,5624.061,grad,19562172416
4,5625.312,grad,19445780480
4,5627.696,grad,19484643328
4,5630.282,grad,19491987456
4,5631.517,grad,19501424640
4,5632.973,grad,19501424640
4,5634.228,grad,19518317568
4,5636.213,grad,19530966016
4,5637.52,grad,19538310144
4,5638.744,grad,19800585216
4,5640.032,grad,19684193280
4,5642.342,grad,19723056128
4,5645.246,grad,19730400256
4,5646.535,grad,19739837440
4,5647.969,grad,19739837440
4,5649.213,grad,19756730368
4,5651.066,grad,19769378816
4,5652.309,grad,19776722944
4,5653.557,grad,19961403392
4,5654.798,grad,19922606080
4,5657.351,grad,19961468928
4,5660.108,grad,19968813056
4,5661.338,grad,19978250240
4,5662.716,grad,19978250240
4,5663.98,grad,19995143168
4,5665.929,grad,20007791616
4,5667.192,grad,20015135744
4,5668.437,grad,20199816192
4,5669.666,grad,20122221568
4,5670.909,grad,20199881728
4,5672.331,grad,20199881728
4,5675.192,grad,20207225856
4,5676.564,grad,20216663040
4,5678.001,grad,20216663040
4,5679.253,grad,20233555968
4,5681.304,grad,20246204416
4,5682.584,grad,20292345856
4,5683.826,grad,20515823616
4,5685.124,grad,20399431680
4,5687.461,grad,20438294528
4,5690.138,grad,20445638656
4,5691.394,grad,20455075840
4,5692.751,grad,20455075840
4,5693.996,grad,20471968768
4,5695.927,grad,20484617216
4,5697.174,grad,20491961344
4,5698.442,grad,20598981632
4,5699.782,grad,20599047168
4,5702.164,grad,20676707328
4,5704.908,grad,20684051456
4,5706.163,grad,20693488640
4,5707.591,grad,20693488640
4,5708.837,grad,20710381568
4,5710.648,grad,20723030016
4,5711.873,grad,20730374144
4,5713.125,grad,20915054592
4,5714.379,grad,20837459968
4,5715.614,grad,20915120128
4,5717.271,grad,20915120128
4,5719.95,grad,20922464256
4,5721.261,grad,20931901440
4,5722.682,grad,20931901440
4,5723.926,grad,20948794368
4,5725.852,grad,20961442816
4,5727.108,grad,20968786944
4,5728.367,grad,21153467392
4,5729.617,grad,21075872768
4,5730.858,grad,21153532928
4,5732.164,grad,21153532928
4,5734.956,grad,21160877056
4,5737.216,grad,21170314240
4,5738.569,grad,21170314240
4,5739.901,grad,21187207168
4,5741.737,grad,21199855616
4,5742.982,grad,21245997056
4,5744.247,grad,21391880192
4,5745.514,grad,21353082880
4,5747.793,grad,21391945728
4,5750.562,grad,21399289856
4,5751.884,grad,21408727040
4,5753.288,grad,21408727040
4,5754.543,grad,21425619968
4,5756.554,grad,21438268416
4,5757.879,grad,21445612544
4,5759.158,grad,21552698368
4,5760.397,grad,21552698368
4,5761.645,grad,21630358528
4,5763.009,grad,21630358528
4,5765.72,grad,21637702656
4,5767.015,grad,21647139840
4,5768.407,grad,21647139840
4,5769.661,grad,21664032768
4,5771.403,grad,21676681216
4,5772.66,grad,21722822656
4,5773.897,grad,21829908480
4,5775.238,grad,21829908480
4,5777.548,grad,21868771328
4,5780.216,grad,21876115456
4,5781.439,grad,21885552640
4,5782.784,grad,21885552640
4,5784.027,grad,21902445568
4,5785.994,grad,21915094016
4,5787.26,grad,21922438144
4,5788.514,grad,22184713216
4,5789.84,grad,22068321280
4,5791.904,grad,22107184128
4,5794.672,grad,22114528256
4,5796.028,grad,22123965440
4,5797.35,grad,22123965440
4,5798.646,grad,22140858368
4,5800.437,grad,22153506816
4,5801.659,grad,22214328320
4,5802.899,grad,22345531392
4,5804.272,grad,22306734080
4,5806.292,grad,22345596928
4,5809.107,grad,22352941056
4,5810.383,grad,22362378240
4,5811.667,grad,22362378240
4,5812.913,grad,22379271168
4,5814.85,grad,22391919616
4,5816.073,grad,22406603776
4,5817.295,grad,22506349568
4,5818.544,grad,22545146880
4,5820.845,grad,22584009728
4,5823.617,grad,22591353856
4,5824.876,grad,22600791040
4,5826.188,grad,22600791040
4,5827.416,grad,22617683968
4,5829.35,grad,22630332416
4,5830.64,grad,22676473856
4,5831.863,grad,22783559680
4,5833.108,grad,22783559680
4,5835.361,grad,22822422528
4,5836.627,grad,23756703744
4,5837.856,grad,23756746752
4,5840.791,grad,23749373440
4,5842.029,grad,23437946880
4,5843.264,grad,23437946880
4,5844.494,grad,23437946880
4,5845.709,grad,23437946880
4,5846.951,grad,24060810752
4,5848.423,grad,22826611712
4,5849.708,grad,22825294848
4,5850.92,grad,22779091968
4,5852.151,grad,22775618560
4,5853.409,grad,22646318080
4,5854.639,grad,22631631872
4,5855.857,grad,22630386688
4,5857.16,grad,22610348544
4,5858.571,grad,22610348032
4,5859.839,grad,22629222400
4,5861.153,grad,22605465600
4,5862.383,grad,22602878976
4,5863.633,grad,22607073280
4,5865.348,grad,22552213504
4,5866.566,grad,22508894208
4,5867.799,grad,22419439616
4,5869.008,grad,22419433472
4,5870.253,grad,22408226816
4,5871.678,grad,22383469568
4,5872.93,grad,22398149632
4,5874.222,grad,22402278400
4,5875.614,grad,22378587136
4,5877.131,grad,22380194816
4,5878.347,grad,22371472384
4,5879.569,grad,22286537728
4,5880.787,grad,22323237888
4,5882.596,grad,22192561152
4,5883.885,grad,22186132480
4,5885.662,grad,22156591104
4,5887.202,grad,22156591104
4,5888.488,grad,22175465472
4,5889.868,grad,22151708672
4,5891.674,grad,22153316352
4,5892.912,grad,22144593920
4,5894.216,grad,22098456576
4,5895.458,grad,22093934592
4,5897.207,grad,21965682688
4,5898.449,grad,21959188480
4,5900.081,grad,21929712640
4,5901.552,grad,21929712640
4,5902.813,grad,21947407360
4,5904.329,grad,21924338688
4,5905.569,grad,21932170240
4,5907.147,grad,21926437888
4,5908.392,grad,21917780992
4,5909.709,grad,21871578112
4,5910.94,grad,21867056128
4,5912.765,grad,21738804224
4,5914.003,grad,21732375552
4,5915.807,grad,21702834176
4,5917.356,grad,21702834176
4,5918.612,grad,21721577472
4,5920.056,grad,21697951744
4,5921.771,grad,21700083712
4,5923.007,grad,21690902528
4,5924.273,grad,21644699648
4,5925.532,grad,21608785920
4,5926.768,grad,21558061056
4,5928.037,grad,21519265792
4,5929.271,grad,21498091520
4,5930.689,grad,21475955712
4,5932.146,grad,21475955712
4,5933.378,grad,21494764544
4,5934.845,grad,21471073280
4,5936.431,grad,21472156672
4,5937.671,grad,21463958528
4,5938.932,grad,21417821184
4,5940.182,grad,21335704576
4,5941.995,grad,21285309440
4,5943.29,grad,21278880768
4,5944.99,grad,21249339392
4,5946.73,grad,21249339392
4,5947.996,grad,21268148224
4,5949.43,grad,21244456960
4,5951.002,grad,21245540352
4,5952.227,grad,21237407744
4,5953.577,grad,21191204864
4,5954.816,grad,21186682880
4,5956.38,grad,21058430976
4,5957.601,grad,21051543552
4,5959.496,grad,21022460928
4,5960.96,grad,21022460928
4,5962.277,grad,21041204224
4,5963.911,grad,21017578496
4,5965.501,grad,21018661888
4,5966.717,grad,21088123904
4,5968.329,grad,20964326400
4,5969.581,grad,20959869952
4,5971.16,grad,20831618048
4,5972.4,grad,20839869440
4,5974.119,grad,20795648000
4,5975.633,grad,20795648000
4,5976.888,grad,20814522368
4,5978.199,grad,20790765568
4,5979.751,grad,20791848960
4,5980.968,grad,20822448128
4,5982.21,grad,20737513472
4,5983.475,grad,20694194176
4,5985.276,grad,20604805120
4,5986.542,grad,20598376448
4,5988.351,grad,20568835072
4,5990.403,grad,20568835072
4,5991.735,grad,20587709440
4,5993.184,grad,20563952640
4,5994.834,grad,20565036032
4,5996.105,grad,20556903424
4,5997.388,grad,20510700544
4,5998.617,grad,20583773184
4,6000.229,grad,20377926656
4,6001.485,grad,20386178048
4,6003.249,grad,20341956608
4,6004.744,grad,20341956608
4,6005.976,grad,20361158656
4,6007.66,grad,20337074176
4,6009.38,grad,20339075072
4,6010.614,grad,20330024960
4,6011.992,grad,20283822080
4,6013.241,grad,20201705472
4,6015.234,grad,20151048192
4,6016.479,grad,20144553984
4,6018.006,grad,20115078656
4,6019.368,grad,20115078144
4,6020.611,grad,20133952512
4,6022.084,grad,20110195712
4,6023.785,grad,20111279104
4,6024.998,grad,20103080960
4,6026.246,grad,20018146304
4,6027.484,grad,20052421632
4,6029.267,grad,19924169728
4,6030.49,grad,19917675520
4,6032.045,grad,19888199680
4,6033.603,grad,19888199680
4,6034.865,grad,19907401728
4,6036.562,grad,19883317248
4,6038.081,grad,19884400640
4,6039.295,grad,19876202496
4,6040.513,grad,19830065152
4,6041.73,grad,19825543168
4,6043.402,grad,19697291264
4,6044.64,grad,19690797056
4,6046.181,grad,19661321216
4,6047.694,grad,19661321216
4,6048.929,grad,19680130048
4,6050.415,grad,19656438784
4,6052.112,grad,19657522176
4,6053.367,grad,19649389568
4,6054.664,grad,19603186688
4,6055.882,grad,19676259328
4,6057.429,grad,19470478336
4,6058.64,grad,19463590912
4,6060.304,grad,19434508288
4,6061.785,grad,19434508288
4,6063.029,grad,19453317120
4,6064.559,grad,19429625856
4,6066.244,grad,19430709248
4,6067.529,grad,19422576640
4,6068.756,grad,19376373760
4,6069.969,grad,19371851776
4,6071.671,grad,19243599872
4,6072.913,grad,19237171200
4,6074.675,grad,19207629824
4,6076.206,grad,19207629824
4,6077.536,grad,19226504192
4,6079.075,grad,19202747392
4,6080.615,grad,19204813824
4,6081.834,grad,19273292800
4,6083.146,grad,19149495296
4,6084.383,grad,19144973312
4,6086.177,grad,19016721408
4,6087.431,grad,19010292736
4,6089.108,grad,18980751360
4,6090.587,grad,18980751360
4,6091.852,grad,18999494656
4,6093.46,grad,18975868928
4,6095.182,grad,18976952320
4,6096.402,grad,19046414336
4,6097.614,grad,18883819520
4,6098.905,grad,18920585216
4,6100.451,grad,18789908480
4,6101.67,grad,18797766656
4,6102.908,grad,18753938432
4,6104.15,grad,18753938432
4,6105.458,grad,18783822848
4,6106.919,grad,18748564480
4,6108.167,grad,18756396032
4,6109.657,grad,18750139392
4,6110.87,grad,18742006784
4,6112.093,grad,18695803904
4,6113.333,grad,18652484608
4,6114.563,grad,18563030016
4,6115.807,grad,18570370048
4,6117.039,grad,18541855744
4,6118.423,grad,18527059968
4,6119.924,grad,18527059968
4,6121.154,grad,18545868800
4,6122.942,grad,18522177536
4,6124.526,grad,18523260928
4,6125.745,grad,18592722944
4,6127.125,grad,18468925440
4,6128.364,grad,18464403456
4,6130.119,grad,18336217088
4,6131.349,grad,18344468480
4,6133.14,grad,18300247040
4,6134.687,grad,18300247040
4,6135.97,grad,18318990336
4,6137.607,grad,18295364608
4,6139.412,grad,18296448000
4,6140.644,grad,18365910016
4,6141.974,grad,18242112512
4,6143.224,grad,18174675968
4,6145.414,grad,18109338624
4,6146.744,grad,18102909952
4,6148.628,grad,18073368576
4,6150.17,grad,18073368576
4,6151.508,grad,18092242944
4,6152.955,grad,18068486144
4,6154.731,grad,18070487040
4,6155.996,grad,18061436928
4,6157.397,grad,18015234048
4,6158.634,grad,18088306688
4,6160.458,grad,17882460160
4,6161.788,grad,17876031488
4,6163.656,grad,17846490112
4,6165.206,grad,17846490112
4,6166.452,grad,17864774656
4,6168.465,grad,17841607680
4,6170.134,grad,17842691072
4,6171.403,grad,17834558464
4,6172.758,grad,17788355584
4,6174.012,grad,17783833600
4,6175.662,grad,17655581696
4,6176.893,grad,17649153024
4,6178.54,grad,17619611648
4,6179.985,grad,17619611648
4,6181.286,grad,17638486016
4,6182.75,grad,17614729216
4,6184.504,grad,17615812608
4,6185.741,grad,17607680000
4,6186.999,grad,17561477120
4,6188.244,grad,17518551040
4,6189.516,grad,17428703232
4,6190.921,grad,17436043264
4,6192.164,grad,17407528960
4,6193.489,grad,17392733184
4,6195.001,grad,17392733184
4,6196.281,grad,17411673088
4,6197.699,grad,17387850752
4,6199.331,grad,17388934144
4,6200.56,grad,17458396160
4,6201.866,grad,17334598656
4,6203.117,grad,17252482048
4,6204.94,grad,17201890304
4,6206.189,grad,17195461632
4,6207.411,grad,17165920256
4,6208.64,grad,17165920256
4,6209.861,grad,17195345920
4,6211.333,grad,17160546304
4,6212.741,grad,17161037824
4,6214.438,grad,17162121216
4,6215.672,grad,17231583232
4,6216.98,grad,17107785728
4,6218.208,grad,17180858368
4,6219.724,grad,16975011840
4,6220.948,grad,16983263232
4,6222.712,grad,16939041792
4,6224.24,grad,16939041792
4,6225.497,grad,16941007872
4,6226.877,grad,16934159360
4,6228.57,grad,16935242752
4,6229.803,grad,16927044608
4,6231.027,grad,16919704576
4,6232.245,grad,16876778496
4,6234.079,grad,16748198912
4,6235.577,grad,16741704704
4,6237.133,grad,16712228864
4,6238.591,grad,16712228864
4,6240.015,grad,16706854912
4,6241.272,grad,16714719232
4,6242.774,grad,16708429824
4,6244.01,grad,16700297216
4,6245.315,grad,16654094336
4,6246.565,grad,16610775040
4,6247.797,grad,16567914496
4,6249.03,grad,16528726016
4,6250.254,grad,16500211712
4,6251.778,grad,16478075904
4,6253.433,grad,16477813760
4,6254.706,grad,16496819200
4,6256.481,grad,16472931328
4,6257.743,grad,16463002624
4,6259.025,grad,16463002624
4,6260.281,grad,16463002624
4,6261.521,grad,16463002624
4,6265.008,grad,16463002112
4,6266.284,grad,16463002112
4,6267.56,grad,16463002112
4,6268.841,grad,16463002112
4,6273.329,grad,16463002112
4,6274.963,grad,16463002112
4,6277.144,grad,16463002112
4,6278.436,grad,16463069696
4,6279.648,grad,16463006208
4,6280.894,grad,16463005696
4,6282.12,grad,16463527936
4,6283.354,grad,16463003648
4,6284.611,grad,16463005696
4,6285.841,grad,16463004160
4,6287.113,grad,16463462400
4,6288.344,grad,16463069184
4,6289.553,grad,16463004160
4,6290.796,grad,16463003648
4,6292.013,grad,16463462400
4,6293.254,grad,16463004160
4,6294.523,grad,16463006208
4,6295.774,grad,16463004160
4,6296.99,grad,16463462912
4,6298.222,grad,16463003648
4,6299.452,grad,16463006208
4,6300.715,grad,16463003648
4,6301.928,grad,16463462912
4,6303.187,grad,16463003648
4,6304.438,grad,16463005696
4,6305.645,grad,16463006208
4,6306.851,grad,16463527936
4,6308.077,grad,16463004160
4,6309.28,grad,16463006208
4,6310.509,grad,16463004160
4,6311.731,grad,16463462912
4,6312.963,grad,16463003648
4,6314.201,grad,16463003648
4,6315.413,grad,16463004160
4,6316.701,grad,16463069696
4,6318.053,grad,16463003648
4,6319.336,grad,16463003648
4,6320.615,grad,16463003648
4,6321.875,grad,16463462400
4,6323.121,grad,16463527936
4,6324.394,grad,16463070720
4,6325.619,grad,16467334656
4,6326.845,grad,16469201408
4,6328.075,grad,16475460096
4,6329.369,grad,16477983744
4,6330.584,grad,16482931200
4,6331.81,grad,16487650816
4,6333.098,grad,16491286528
4,6334.336,grad,16497939968
4,6335.571,grad,16499446272
4,6336.809,grad,16507277312
4,6338.08,grad,16513012736
4,6339.312,grad,16517042688
4,6340.566,grad,16523300864
4,6341.78,grad,16525857280
4,6343.01,grad,16529461760
4,6344.283,grad,16533065728
4,6345.519,grad,16536375296
4,6346.802,grad,16540407296
4,6348.033,grad,16542273536
4,6349.244,grad,16546500608
4,6350.478,grad,16549285888
4,6351.692,grad,16553349120
4,6352.947,grad,16558723072
4,6354.187,grad,16560591360
4,6355.405,grad,16565178880
4,6356.63,grad,16567145984
4,6357.894,grad,16570978816
4,6359.161,grad,16574583808
4,6360.392,grad,16577662976
4,6361.625,grad,16582611968
4,6362.857,grad,16583430144
4,6364.096,grad,16588017664
4,6365.378,grad,16590573568
4,6366.653,grad,16594178048
4,6367.956,grad,16597783552
4,6369.236,grad,16601092096
4,6370.47,grad,16605124096
4,6371.755,grad,16606629888
4,6373.007,grad,16611217920
4,6374.303,grad,16613773312
4,6375.529,grad,16617377792
4,6376.814,grad,16621211648
4,6378.058,grad,16624292352
4,6379.314,grad,16628813824
4,6380.551,grad,16631435264
4,6381.796,grad,16635728384
4,6383.046,grad,16639857664
4,6384.355,grad,16641363968
4,6385.577,grad,16641324032
4,6386.824,grad,16641359872
4,6388.057,grad,16641394176
4,6389.311,grad,16641420800
4,6390.556,grad,16641454592
4,6391.803,grad,16641490944
4,6393.038,grad,16519597568
4,6394.287,grad,16346123776
4,6395.523,grad,16329248256
4,6396.765,grad,16363261440
4,6397.974,grad,16397667840
4,6399.221,grad,16426274304
4,6400.479,grad,16455863808
4,6401.706,grad,16471002624
4,6402.943,grad,16368373248
4,6404.2,grad,16258567680
4,6405.447,grad,16139644416
4,6406.681,grad,16139498496
4,6412.811,grad,16139451904
4,6419.323,grad,16139460096
4,6425.787,grad,16139460096
4,6432.162,grad,16139460096
4,6436.845,grad,16139460096
4,6438.084,grad,16146937344
4,6440.377,grad,16147066368
4,6443.361,grad,16154471936
4,6444.795,grad,16163909120
4,6446.255,grad,16163909120
4,6447.493,grad,16180686336
4,6449.574,grad,16193450496
4,6450.812,grad,16239591936
4,6452.041,grad,16463069696
4,6453.538,grad,16346677760
4,6455.786,grad,16385540608
4,6458.346,grad,16392884736
4,6459.576,grad,16402321920
4,6460.795,grad,16402321920
4,6462.028,grad,16419214848
4,6463.975,grad,16431863296
4,6465.222,grad,16478004736
4,6466.463,grad,16585090560
4,6467.876,grad,16585090560
4,6469.931,grad,16623953408
4,6472.761,grad,16631297536
4,6474.241,grad,16640734720
4,6475.672,grad,16640734720
4,6476.928,grad,16657627648
4,6478.826,grad,16670276096
4,6480.066,grad,16716417536
4,6481.312,grad,16823503360
4,6482.61,grad,16823503360
4,6484.832,grad,16862366208
4,6487.681,grad,16869710336
4,6488.946,grad,16879147520
4,6490.484,grad,16879147520
4,6491.761,grad,16896040448
4,6493.799,grad,16908688896
4,6495.038,grad,16916033024
4,6496.288,grad,17100713472
4,6497.62,grad,17023118848
4,6500.022,grad,17100779008
4,6502.912,grad,17108123136
4,6504.179,grad,17117560320
4,6505.579,grad,17117560320
4,6506.829,grad,17134453248
4,6508.73,grad,17147101696
4,6509.992,grad,17193243136
4,6511.241,grad,17416720896
4,6512.459,grad,17261531648
4,6514.875,grad,17339191808
4,6517.709,grad,17346535936
4,6518.972,grad,17355973120
4,6520.257,grad,17355973120
4,6521.49,grad,17372866048
4,6523.551,grad,17385514496
4,6524.816,grad,17431655936
4,6526.037,grad,17538741760
4,6527.372,grad,17538741760
4,6529.452,grad,17577604608
4,6532.076,grad,17584948736
4,6533.399,grad,17594385920
4,6534.766,grad,17594385920
4,6536.489,grad,17602774528
4,6537.744,grad,17648044544
4,6538.97,grad,17623927296
4,6540.229,grad,17684748800
4,6541.455,grad,17815951872
4,6542.782,grad,17777154560
4,6544.899,grad,17816017408
4,6547.65,grad,17823361536
4,6548.917,grad,17832798720
4,6550.181,grad,17832798720
4,6551.475,grad,17849691648
4,6553.479,grad,17862340096
4,6554.725,grad,17908481536
4,6555.976,grad,18054364672
4,6557.202,grad,18015567360
4,6559.525,grad,18054430208
4,6562.174,grad,18061774336
4,6563.468,grad,18071211520
4,6564.834,grad,18071211520
4,6566.111,grad,18088104448
4,6568.003,grad,18100752896
4,6569.253,grad,18146894336
4,6571.275,grad,18215182848
4,6572.57,grad,18300183040
4,6573.971,grad,18292843008
4,6576.783,grad,18300187136
4,6578.015,grad,18309624320
4,6579.255,grad,18309624320
4,6580.508,grad,18333857280
4,6582.353,grad,18339165696
4,6583.602,grad,18385307136
4,6584.849,grad,18492392960
4,6586.111,grad,18492392960
4,6588.342,grad,18538595840
4,6591.027,grad,18538599936
4,6592.338,grad,18548037120
4,6593.711,grad,18548037120
4,6594.956,grad,18564929024
4,6596.796,grad,18577578496
4,6598.065,grad,18623719936
4,6599.306,grad,18730805760
4,6600.654,grad,18730805760
4,6602.819,grad,18769668608
4,6605.526,grad,18777012736
4,6606.759,grad,18786449920
4,6608.109,grad,18786449920
4,6609.337,grad,18803342848
4,6610.994,grad,18815991296
4,6612.226,grad,18862132736
4,6613.476,grad,19085610496
4,6614.773,grad,18930421248
4,6617.034,grad,19008081408
4,6619.58,grad,19015425536
4,6620.808,grad,19024862720
4,6622.034,grad,19024862720
4,6623.289,grad,19041755648
4,6625.211,grad,19054404096
4,6626.478,grad,19115225600
4,6628.524,grad,19168834048
4,6630.924,grad,19246494208
4,6633.907,grad,19253838336
4,6635.173,grad,19263275520
4,6636.426,grad,19270615552
4,6637.685,grad,19287508480
4,6639.31,grad,19292816896
4,6640.539,grad,19338958336
4,6642.638,grad,19407246848
4,6643.884,grad,19484907008
4,6645.213,grad,19484907008
4,6647.965,grad,19492251136
4,6649.204,grad,19501688320
4,6650.489,grad,19501688320
4,6651.713,grad,19518581248
4,6653.83,grad,19531229696
4,6655.074,grad,19577371136
4,6656.292,grad,19645659648
4,6657.549,grad,19684456960
4,6659.635,grad,19723319808
4,6662.437,grad,19730663936
4,6663.734,grad,19740101120
4,6665.133,grad,19740101120
4,6666.376,grad,19756994048
4,6668.433,grad,19769642496
4,6669.677,grad,19815783936
4,6670.912,grad,20039261696
4,6672.234,grad,19884072448
4,6673.497,grad,19969072640
4,6674.865,grad,19961732608
4,6677.65,grad,19969076736
4,6678.907,grad,19978513920
4,6680.138,grad,19985853952
4,6681.367,grad,19995406848
4,6683.209,grad,20008055296
4,6684.461,grad,20015399424
4,6685.705,grad,20200079872
4,6686.939,grad,20122485248
4,6689.388,grad,20200145408
4,6692.415,grad,20207489536
4,6693.692,grad,20216926720
4,6695.116,grad,20216926720
4,6696.353,grad,20233819648
4,6698.265,grad,20246468096
4,6699.508,grad,20292609536
4,6701.684,grad,20360898048
4,6704.075,grad,20438558208
4,6706.89,grad,20445902336
4,6708.16,grad,20455339520
4,6709.536,grad,20455339520
4,6710.827,grad,20464776704
4,6712.931,grad,20484880896
4,6714.192,grad,20492225024
4,6715.435,grad,20676905472
4,6716.686,grad,20599310848
4,6719.011,grad,20676971008
4,6721.836,grad,20684315136
4,6723.149,grad,20693752320
4,6724.554,grad,20693752320
4,6725.793,grad,20710645248
4,6727.967,grad,20723293696
4,6729.236,grad,20769435136
4,6730.49,grad,20915318272
4,6731.911,grad,20837723648
4,6733.173,grad,20922723840
4,6734.539,grad,20915383808
4,6737.283,grad,20922727936
4,6738.527,grad,20932165120
4,6739.801,grad,20939505152
4,6741.057,grad,20956398080
4,6742.845,grad,20961706496
4,6744.039,grad,20969050624
4,6745.279,grad,21153731072
4,6746.608,grad,21114933760
4,6748.941,grad,21153796608
4,6751.88,grad,21161140736
4,6753.141,grad,21170577920
4,6754.485,grad,21170577920
4,6755.755,grad,21187470848
4,6757.503,grad,21200119296
4,6758.756,grad,21246260736
4,6760.0,grad,21392143872
4,6761.34,grad,21353346560
4,6763.584,grad,21392209408
4,6766.292,grad,21399553536
4,6767.624,grad,21408990720
4,6768.914,grad,21408990720
4,6770.253,grad,21417379840
4,6771.492,grad,21447903744
4,6773.214,grad,21438532096
4,6774.469,grad,21484673536
4,6775.705,grad,21708151296
4,6777.003,grad,21591759360
4,6779.497,grad,21630622208
4,6782.324,grad,21637966336
4,6783.648,grad,21647403520
4,6784.963,grad,21647403520
4,6786.226,grad,21664296448
4,6788.348,grad,21684284928
4,6789.582,grad,21737766400
4,6791.785,grad,21791374848
4,6793.04,grad,21915172352
4,6794.451,grad,21869035008
4,6797.11,grad,21876379136
4,6798.354,grad,21885816320
4,6799.592,grad,21885816320
4,6800.812,grad,21902709248
4,6802.645,grad,21915357696
4,6803.887,grad,21922701824
4,6805.146,grad,22068584960
4,6806.419,grad,22068584960
4,6808.63,grad,22107447808
4,6811.523,grad,22114791936
4,6812.797,grad,22124229120
4,6814.27,grad,22124229120
4,6815.555,grad,22142170624
4,6817.277,grad,22154819072
4,6818.521,grad,22215640576
4,6820.457,grad,22269249024
4,6821.696,grad,22346909184
4,6823.122,grad,22346909184
4,6825.871,grad,22354253312
4,6827.211,grad,22363690496
4,6828.558,grad,22363690496
4,6829.793,grad,22373127680
4,6831.644,grad,22393231872
4,6832.911,grad,22400576000
4,6834.17,grad,22507661824
4,6835.407,grad,22507661824
4,6837.641,grad,22585321984
4,6840.303,grad,22592666112
4,6841.532,grad,22602103296
4,6842.922,grad,22602103296
4,6844.18,grad,22618996224
4,6845.991,grad,22631644672
4,6847.244,grad,22638988800
4,6848.528,grad,22823669248
4,6849.831,grad,22746074624
4,6851.866,grad,22823734784
4,6853.116,grad,23135161856
4,6854.354,grad,23758049792
4,6857.377,grad,23750685696
4,6858.603,grad,23439259136
4,6859.817,grad,23439259136
4,6861.032,grad,23439259136
4,6862.258,grad,23439262720
4,6863.641,grad,24062112768
4,6864.943,grad,22827923968
4,6866.194,grad,22826607104
4,6867.49,grad,22780404224
4,6868.729,grad,22737084928
4,6869.958,grad,22647630336
4,6871.226,grad,22654970368
4,6872.479,grad,22626456064
4,6873.836,grad,22611660288
4,6875.242,grad,22611660288
4,6876.68,grad,22606286336
4,6877.993,grad,22606777856
4,6879.597,grad,22608385536
4,6880.811,grad,22599663104
4,6882.108,grad,22553525760
4,6883.347,grad,22549003776
4,6885.007,grad,22420751872
4,6886.248,grad,22414323200
4,6888.103,grad,22384781824
4,6889.633,grad,22384781824
4,6890.891,grad,22403590656
4,6892.524,grad,22379899392
4,6894.248,grad,22381507072
4,6895.48,grad,22372850176
4,6896.868,grad,22326647296
4,6898.12,grad,22251870720
4,6899.965,grad,22193873408
4,6901.536,grad,22187444736
4,6903.463,grad,22156855296
4,6905.005,grad,22156854784
4,6906.246,grad,22176712192
4,6907.884,grad,22151972352
4,6909.63,grad,22153580032
4,6910.879,grad,22144923136
4,6912.248,grad,22098720256
4,6913.495,grad,22055400960
4,6915.366,grad,21965946368
4,6916.6,grad,21974197760
4,6918.244,grad,21929976320
4,6919.667,grad,21929976320
4,6920.903,grad,21932007936
4,6922.596,grad,21925093888
4,6924.453,grad,21926177280
4,6925.686,grad,21918044672
4,6927.068,grad,21871841792
4,6928.325,grad,21828522496
4,6930.058,grad,21739067904
4,6931.29,grad,21732639232
4,6933.246,grad,21703097856
4,6934.851,grad,21703097856
4,6936.097,grad,21721906688
4,6937.609,grad,21698215424
4,6939.263,grad,21700347392
4,6940.525,grad,21691166208
4,6941.932,grad,21644963328
4,6943.183,grad,21562846720
4,6945.066,grad,21512189440
4,6946.598,grad,21505302016
4,6947.855,grad,21476219392
4,6949.037,grad,21476219392
4,6950.307,grad,21506103808
4,6951.679,grad,21470845440
4,6952.921,grad,21478676992
4,6954.164,grad,21468748288
4,6955.383,grad,21472420352
4,6956.599,grad,21495679488
4,6957.81,grad,21456882176
4,6959.121,grad,21338917376
4,6960.335,grad,21285376512
4,6961.573,grad,21293627904
4,6963.473,grad,21249406464
4,6964.988,grad,21249406464
4,6966.221,grad,21268215296
4,6967.979,grad,21244524032
4,6969.53,grad,21245607424
4,6970.744,grad,21237409280
4,6971.979,grad,21152474624
4,6973.226,grad,21186749952
4,6974.868,grad,21058498048
4,6976.039,grad,21066749440
4,6977.813,grad,21022528000
4,6979.237,grad,21022528000
4,6980.486,grad,21041402368
4,6981.879,grad,21017645568
4,6983.617,grad,21018728960
4,6984.871,grad,21088125440
4,6986.437,grad,20964393472
4,6987.704,grad,20959871488
4,6989.298,grad,20831619584
4,6990.519,grad,20817785344
4,6991.971,grad,20795649536
4,6993.541,grad,20795649536
4,6994.776,grad,20814523904
4,6996.168,grad,20790767104
4,6997.693,grad,20791850496
4,6998.908,grad,20822449664
4,7000.147,grad,20737515008
4,7001.376,grad,20735417856
4,7002.949,grad,20604741120
4,7004.232,grad,20598312448
4,7006.028,grad,20568771072
4,7007.931,grad,20568771072
4,7009.248,grad,20587645440
4,7010.676,grad,20563888640
4,7012.385,grad,20565889536
4,7013.622,grad,20634434048
4,7014.866,grad,20510636544
4,7016.111,grad,20428519936
4,7017.766,grad,20377862656
4,7018.993,grad,20378708480
4,7020.508,grad,20341892608
4,7021.955,grad,20341892608
4,7023.204,grad,20360177152
4,7024.84,grad,20337010176
4,7026.394,grad,20338093568
4,7027.642,grad,20407555584
4,7029.393,grad,20283758080
4,7030.705,grad,20281660928
4,7032.138,grad,20150984192
4,7033.381,grad,20159235584
4,7035.013,grad,20115014144
4,7036.499,grad,20115014144
4,7037.915,grad,20109640192
4,7039.157,grad,20117504512
4,7040.546,grad,20111215104
4,7041.773,grad,20103016960
4,7043.009,grad,20056879616
4,7044.254,grad,20052357632
4,7045.865,grad,19924105728
4,7047.08,grad,19917677056
4,7048.728,grad,19888135680
4,7050.102,grad,19888135680
4,7051.351,grad,19906878976
4,7052.962,grad,19883253248
4,7054.597,grad,19884336640
4,7055.815,grad,19953798656
4,7057.038,grad,19791203840
4,7058.298,grad,19827969536
4,7059.646,grad,19697292800
4,7060.859,grad,19698138624
4,7062.417,grad,19661322752
4,7063.959,grad,19661322752
4,7065.199,grad,19680066048
4,7066.862,grad,19656440320
4,7068.517,grad,19657523712
4,7069.725,grad,19610528256
4,7070.955,grad,19719580160
4,7072.206,grad,19601091072
4,7073.992,grad,19470414336
4,7075.237,grad,19478665728
4,7076.966,grad,19434444288
4,7078.426,grad,19434444288
4,7079.683,grad,19453318656
4,7080.956,grad,19429561856
4,7082.599,grad,19431628288
4,7083.836,grad,19500107264
4,7085.127,grad,19376309760
4,7086.369,grad,19371787776
4,7088.215,grad,19243535872
4,7089.447,grad,19237041664
4,7090.93,grad,19207565824
4,7092.479,grad,19207565824
4,7093.748,grad,19226374656
4,7095.531,grad,19202683392
4,7097.078,grad,19203766784
4,7098.331,grad,19195568640
4,7099.547,grad,19188228608
4,7100.756,grad,19069805056
4,7102.085,grad,19016722944
4,7103.329,grad,19024974336
4,7105.048,grad,18980752896
4,7106.513,grad,18980752896
4,7107.837,grad,18999496192
4,7109.243,grad,18975870464
4,7110.779,grad,18976953856
4,7111.992,grad,18968755712
4,7113.235,grad,18922618368
4,7114.474,grad,18879299072
4,7116.207,grad,18789844480
4,7117.448,grad,18783022592
4,7118.677,grad,18753874432
4,7119.881,grad,18761214464
4,7121.102,grad,18784741888
4,7122.366,grad,18748500480
4,7123.602,grad,18756332032
4,7125.164,grad,18750075392
4,7126.4,grad,18741942784
4,7127.716,grad,18695739904
4,7129.009,grad,18693708288
4,7130.401,grad,18563031552
4,7131.621,grad,18571217408
4,7133.393,grad,18527061504
4,7134.919,grad,18527061504
4,7136.18,grad,18545346048
4,7137.444,grad,18522179072
4,7138.844,grad,18529404416
4,7140.256,grad,18523262464
4,7141.528,grad,18468926976
4,7142.764,grad,18585318912
4,7143.998,grad,18466829824
4,7145.527,grad,18336153088
4,7146.76,grad,18329724416
4,7148.596,grad,18300183040
4,7149.955,grad,18300183040
4,7151.188,grad,18318991872
4,7152.737,grad,18295300608
4,7154.523,grad,18297301504
4,7155.779,grad,18326983168
4,7156.994,grad,18242048512
4,7158.264,grad,18237526528
4,7159.913,grad,18109274624
4,7161.163,grad,18117526016
4,7162.819,grad,18073304576
4,7164.325,grad,18073304576
4,7165.579,grad,18092178944
4,7167.031,grad,18068422144
4,7168.668,grad,18069505536
4,7169.878,grad,18061307392
4,7171.117,grad,17976372736
4,7172.361,grad,18088242688
4,7174.108,grad,17882396160
4,7175.336,grad,17875901952
4,7176.862,grad,17846426112
4,7178.247,grad,17846426112
4,7179.484,grad,17865366016
4,7180.929,grad,17841543680
4,7182.6,grad,17842627072
4,7183.852,grad,17912089088
4,7185.093,grad,17788291584
4,7186.331,grad,17783769600
4,7187.99,grad,17655517696
4,7189.218,grad,17649023488
4,7190.814,grad,17619547648
4,7192.342,grad,17619547648
4,7193.61,grad,17638356480
4,7195.133,grad,17614665216
4,7196.681,grad,17615748608
4,7197.896,grad,17685210624
4,7199.161,grad,17561413120
4,7200.462,grad,17559381504
4,7201.89,grad,17428704768
4,7203.136,grad,17436562944
4,7204.376,grad,17392734720
4,7205.636,grad,17393783296
4,7206.94,grad,17422619136
4,7208.239,grad,17411674624
4,7209.675,grad,17387852288
4,7211.266,grad,17388935680
4,7212.491,grad,17458397696
4,7213.784,grad,17334600192
4,7215.107,grad,17332503040
4,7216.58,grad,17201826304
4,7217.806,grad,17202672128
4,7219.331,grad,17165856768
4,7220.621,grad,17165856256
4,7221.839,grad,17184730624
4,7223.616,grad,17160973824
4,7225.145,grad,17162057216
4,7226.357,grad,17193049600
4,7227.609,grad,17068924416
4,7228.86,grad,17103592960
4,7230.409,grad,16975013376
4,7231.627,grad,16968519168
4,7233.325,grad,16939043840
4,7234.803,grad,16939043328
4,7236.139,grad,16957983232
4,7237.56,grad,16934160896
4,7239.145,grad,16935244288
4,7240.383,grad,17004706304
4,7241.61,grad,16842111488
4,7242.864,grad,16876780032
4,7244.74,grad,16748134912
4,7245.972,grad,16756320768
4,7247.76,grad,16712164864
4,7249.158,grad,16712164864
4,7250.409,grad,16731039232
4,7251.777,grad,16707282432
4,7253.461,grad,16708365824
4,7254.707,grad,16700167680
4,7255.936,grad,16615233024
4,7257.225,grad,16649901568
4,7258.838,grad,16521321984
4,7260.06,grad,16507487744
4,7261.599,grad,16478011904
4,7263.212,grad,16477749760
4,7264.451,grad,16496624128
4,7266.071,grad,16472801792
4,7267.338,grad,16462873088
4,7268.582,grad,16462873088
4,7269.804,grad,16462873088
4,7271.01,grad,16462873088
4,7275.132,grad,16462872576
4,7276.511,grad,16462872576
4,7277.776,grad,16462872576
4,7282.085,grad,16462872576
4,7283.829,grad,16462872576
4,7286.143,grad,16462872576
4,7287.387,grad,16463333376
4,7288.622,grad,16462874112
4,7289.837,grad,16463398400
4,7291.05,grad,16462874624
4,7292.259,grad,16462876672
4,7293.528,grad,16462876672
4,7294.811,grad,16463333376
4,7296.035,grad,16462874624
4,7297.26,grad,16462876672
4,7298.516,grad,16462876160
4,7299.748,grad,16462939648
4,7300.975,grad,16462874624
4,7302.265,grad,16462876672
4,7303.525,grad,16462874624
4,7304.762,grad,16463332864
4,7305.994,grad,16462940160
4,7307.286,grad,16462874624
4,7308.523,grad,16462940160
4,7309.773,grad,16463332864
4,7311.001,grad,16462939648
4,7312.228,grad,16462874112
4,7313.504,grad,16462940160
4,7314.741,grad,16463332864
4,7315.951,grad,16463333376
4,7317.187,grad,16462874624
4,7318.436,grad,16463333376
4,7319.649,grad,16463332864
4,7320.86,grad,16463333376
4,7322.039,grad,16462874624
4,7323.27,grad,16463332864
4,7324.506,grad,16462874624
4,7325.746,grad,16462876160
4,7326.991,grad,16462876160
4,7328.232,grad,16463333376
4,7329.469,grad,16462874624
4,7330.683,grad,16462876160
4,7331.899,grad,16462876672
4,7333.146,grad,16463791616
4,7334.411,grad,16464320512
4,7335.699,grad,16467924480
4,7336.928,grad,16471988736
4,7338.152,grad,16475395584
4,7339.433,grad,16481523200
4,7340.786,grad,16484407808
4,7342.03,grad,16489125376
4,7343.267,grad,16492075008
4,7344.541,grad,16498136576
4,7345.755,grad,16505346560
4,7347.012,grad,16507213312
4,7348.269,grad,16514651648
4,7349.537,grad,16517797376
4,7350.794,grad,16523990528
4,7352.036,grad,16528940032
4,7353.269,grad,16533034496
4,7354.506,grad,16537164800
4,7355.756,grad,16538670592
4,7357.027,grad,16543258112
4,7358.293,grad,16545585664
4,7359.563,grad,16549418496
4,7360.779,grad,16553090048
4,7362.03,grad,16556168704
4,7363.264,grad,16559085568
4,7364.56,grad,16562165248
4,7365.819,grad,16566818304
4,7367.066,grad,16568784384
4,7368.32,grad,16572159488
4,7369.539,grad,16575141888
4,7370.758,grad,16579433984
4,7372.013,grad,16584251904
4,7373.259,grad,16585070080
4,7374.496,grad,16589789184
4,7375.719,grad,16592344576
4,7376.971,grad,16595949056
4,7378.289,grad,16599554560
4,7379.548,grad,16602863104
4,7380.762,grad,16607090688
4,7381.978,grad,16609647616
4,7383.222,grad,16613152768
4,7384.492,grad,16616986112
4,7385.708,grad,16620525056
4,7386.928,grad,16624196608
4,7388.176,grad,16626063360
4,7389.445,grad,16630289920
4,7390.732,grad,16632845824
4,7391.983,grad,16636581376
4,7393.227,grad,16638973440
4,7394.463,grad,16643036672
4,7395.713,grad,16643080704
4,7396.94,grad,16643117056
4,7398.187,grad,16643154432
4,7399.421,grad,16643181056
4,7400.641,grad,16643220992
4,7401.872,grad,16643260416
4,7403.113,grad,16524776448
4,7404.36,grad,16337146880
4,7405.612,grad,16336950272
4,7406.861,grad,16370439168
4,7408.1,grad,16400126976
4,7409.328,grad,16434205696
4,7410.56,grad,16465990656
4,7411.81,grad,16435713024
4,7413.049,grad,16325481472
4,7414.298,grad,16193197056
4,7415.534,grad,16139420672
4,7421.874,grad,16139322368
4,7428.382,grad,16139326464
4,7434.846,grad,16139326464
4,7441.369,grad,16139326464
4,7445.876,grad,16139326464
4,7447.17,grad,16144051200
4,7449.436,grad,16144311296
4,7452.36,grad,16147981312
4,7453.766,grad,16152699904
4,7455.135,grad,16152699904
4,7456.375,grad,16161146880
4,7458.377,grad,16167536640
4,7459.638,grad,16190541824
4,7461.653,grad,16224817152
4,7462.951,grad,16286781440
4,7464.595,grad,16263647232
4,7467.41,grad,16267384832
4,7468.655,grad,16272103424
4,7470.077,grad,16272103424
4,7471.315,grad,16280582144
4,7473.415,grad,16286907392
4,7474.658,grad,16309978112
4,7476.67,grad,16344122368
4,7478.942,grad,16382952448
4,7481.6,grad,16386624512
4,7483.123,grad,16391343104
4,7484.545,grad,16391343104
4,7485.799,grad,16399790080
4,7487.815,grad,16407162880
4,7489.06,grad,16429185024
4,7490.313,grad,16542758912
4,7491.552,grad,16465164288
4,7493.99,grad,16503994368
4,7496.666,grad,16507666432
4,7498.85,grad,16512385024
4,7500.114,grad,16520832000
4,7501.982,grad,16527156224
4,7503.233,grad,16530828288
4,7504.491,grad,16623168512
4,7505.796,grad,16584371200
4,7507.086,grad,16623201280
4,7508.44,grad,16623201280
4,7511.131,grad,16626873344
4,7512.399,grad,16632640512
4,7513.847,grad,16632640512
4,7515.099,grad,16641087488
4,7516.961,grad,16646363136
4,7518.22,grad,16670482432
4,7519.45,grad,16724025344
4,7520.708,grad,16724025344
4,7522.856,grad,16743456768
4,7525.915,grad,16747128832
4,7527.214,grad,16751847424
4,7528.647,grad,16751847424
4,7529.896,grad,16761342976
4,7531.947,grad,16767667200
4,7533.211,grad,16790737920
4,7534.451,grad,16863679488
4,7535.739,grad,16844280832
4,7537.631,grad,16863712256
4,7540.217,grad,16867384320
4,7541.448,grad,16873151488
4,7542.741,grad,16873151488
4,7544.003,grad,16877870080
4,7546.05,grad,16886874112
4,7547.297,grad,16910993408
4,7549.34,grad,16945137664
4,7551.594,grad,16983967744
4,7554.37,grad,16987639808
4,7555.611,grad,16993406976
4,7556.917,grad,16997601792
4,7558.152,grad,17012896768
4,7559.504,grad,17007129600
4,7560.729,grad,17038588928
4,7563.843,grad,17084791808
4,7566.201,grad,17104223232
4,7568.895,grad,17107895296
4,7570.148,grad,17112613888
4,7571.411,grad,17112613888
4,7572.663,grad,17121060864
4,7574.569,grad,17127385088
4,7575.835,grad,17151504384
4,7577.873,grad,17185648640
4,7579.99,grad,17224478720
4,7582.801,grad,17228150784
4,7584.058,grad,17233917952
4,7585.418,grad,17233917952
4,7586.705,grad,17242364928
4,7588.518,grad,17248689152
4,7589.761,grad,17272808448
4,7591.032,grad,17306952704
4,7592.372,grad,17326351360
4,7594.544,grad,17345782784
4,7597.109,grad,17350503424
4,7598.341,grad,17355222016
4,7599.562,grad,17358892032
4,7600.789,grad,17363668992
4,7602.703,grad,17369993216
4,7603.955,grad,17393063936
4,7605.208,grad,17466005504
4,7606.565,grad,17446606848
4,7608.659,grad,17466038272
4,7611.292,grad,17469710336
4,7612.567,grad,17475477504
4,7613.946,grad,17475477504
4,7615.199,grad,17483924480
4,7616.896,grad,17489200128
4,7618.146,grad,17514368000
4,7619.384,grad,17587309568
4,7620.676,grad,17567910912
4,7623.032,grad,17587342336
4,7625.742,grad,17591014400
4,7627.135,grad,17595732992
4,7628.52,grad,17595732992
4,7629.76,grad,17604179968
4,7631.63,grad,17610504192
4,7632.885,grad,17633574912
4,7634.138,grad,17746362368
4,7635.365,grad,17688166400
4,7637.593,grad,17707597824
4,7640.293,grad,17711269888
4,7641.527,grad,17715988480
4,7642.913,grad,17715988480
4,7644.167,grad,17724435456
4,7645.99,grad,17730759680
4,7647.245,grad,17754878976
4,7648.486,grad,17827820544
4,7649.747,grad,17808421888
4,7651.996,grad,17827853312
4,7654.758,grad,17831525376
4,7656.012,grad,17836243968
4,7657.374,grad,17836243968
4,7658.625,grad,17840962560
4,7660.879,grad,17852063744
4,7662.131,grad,17874085888
4,7663.396,grad,17927628800
4,7664.676,grad,17927628800
4,7666.83,grad,17947060224
4,7669.413,grad,17951780864
4,7670.642,grad,17956499456
4,7671.926,grad,17956499456
4,7673.179,grad,17964946432
4,7675.335,grad,17971270656
4,7676.572,grad,18001681408
4,7678.727,grad,18028485632
4,7681.063,grad,18067315712
4,7683.753,grad,18070987776
4,7685.083,grad,18075706368
4,7686.483,grad,18075706368
4,7687.751,grad,18084153344
4,7689.754,grad,18091526144
4,7691.061,grad,18114596864
4,7692.317,grad,18168139776
4,7693.569,grad,18168139776
4,7695.881,grad,18187571200
4,7698.846,grad,18192291840
4,7700.117,grad,18197010432
4,7701.444,grad,18197010432
4,7702.691,grad,18205457408
4,7704.748,grad,18211781632
4,7705.981,grad,18242192384
4,7707.242,grad,18288395264
4,7708.491,grad,18288395264
4,7710.767,grad,18307826688
4,7713.67,grad,18311498752
4,7714.93,grad,18317265920
4,7716.286,grad,18317265920
4,7717.531,grad,18325711872
4,7719.407,grad,18330988544
4,7720.668,grad,18335709184
4,7721.906,grad,18428049408
4,7723.148,grad,18389252096
4,7724.39,grad,18465830912
4,7725.786,grad,18428082176
4,7728.613,grad,18431754240
4,7729.865,grad,18436472832
4,7731.206,grad,18436472832
4,7732.452,grad,18444919808
4,7734.451,grad,18451244032
4,7735.673,grad,18481654784
4,7737.893,grad,18527857664
4,7740.22,grad,18547289088
4,7742.93,grad,18550961152
4,7744.281,grad,18555679744
4,7745.647,grad,18555679744
4,7746.881,grad,18565175296
4,7748.899,grad,18571499520
4,7750.154,grad,18594570240
4,7751.39,grad,18667511808
4,7752.693,grad,18648113152
4,7754.994,grad,18667544576
4,7757.97,grad,18671216640
4,7759.246,grad,18676983808
4,7760.532,grad,18676983808
4,7761.762,grad,18685430784
4,7763.757,grad,18690706432
4,7765.027,grad,18695427072
4,7766.286,grad,18826564608
4,7767.548,grad,18768368640
4,7769.96,grad,18787800064
4,7772.704,grad,18791472128
4,7774.012,grad,18797239296
4,7775.309,grad,18797239296
4,7776.571,grad,18801957888
4,7778.647,grad,18812010496
4,7779.883,grad,18843469824
4,7781.117,grad,18889672704
4,7782.4,grad,18890721280
4,7784.667,grad,18909104128
4,7787.504,grad,18912776192
4,7788.768,grad,18917494784
4,7789.998,grad,18917494784
4,7791.254,grad,18925941760
4,7793.115,grad,18932265984
4,7794.426,grad,18935938048
4,7795.677,grad,19028278272
4,7797.905,grad,18989480960
4,7800.187,grad,19028311040
4,7802.818,grad,19031983104
4,7804.194,grad,19037750272
4,7805.598,grad,19037750272
4,7806.918,grad,19046197248
4,7808.793,grad,19051472896
4,7810.036,grad,19056193536
4,7811.268,grad,19109736448
4,7812.67,grad,19109736448
4,7813.994,grad,19147517952
4,7815.481,grad,19148566528
4,7818.287,grad,19152238592
4,7819.539,grad,19156957184
4,7820.764,grad,19156957184
4,7822.007,grad,19166452736
4,7824.085,grad,19172776960
4,7825.323,grad,19195847680
4,7826.551,grad,19268789248
4,7827.887,grad,19249390592
4,7829.999,grad,19268822016
4,7832.729,grad,19272494080
4,7834.065,grad,19278261248
4,7835.364,grad,19278261248
4,7836.612,grad,19286708224
4,7838.557,grad,19291983872
4,7839.796,grad,19323475968
4,7841.743,grad,19350247424
4,7844.186,grad,19389077504
4,7846.92,grad,19392749568
4,7848.24,grad,19398516736
4,7849.602,grad,19398516736
4,7850.878,grad,19406963712
4,7852.734,grad,19412239360
4,7853.983,grad,19436358656
4,7855.232,grad,19489901568
4,7856.593,grad,19470502912
4,7858.597,grad,19509332992
4,7859.836,grad,19976476160
4,7861.08,grad,19976486912
4,7864.118,grad,19972811264
4,7865.347,grad,19817094144
4,7866.584,grad,19817094144
4,7867.806,grad,19817094144
4,7869.035,grad,19817094144
4,7870.332,grad,20129571328
4,7871.994,grad,19512999936
4,7873.242,grad,19508506624
4,7874.527,grad,19485569024
4,7875.754,grad,19453947904
4,7877.583,grad,19419183104
4,7878.798,grad,19424323584
4,7880.371,grad,19402245632
4,7881.822,grad,19403293696
4,7883.134,grad,19412665344
4,7884.911,grad,19401098240
4,7886.635,grad,19403230208
4,7887.882,grad,19395230720
4,7889.228,grad,19372129280
4,7890.448,grad,19369933824
4,7891.969,grad,19306038272
4,7893.3,grad,19302822912
4,7894.976,grad,19287003648
4,7896.54,grad,19288051712
4,7897.759,grad,19289034752
4,7898.992,grad,19285856256
4,7900.569,grad,19287988224
4,7901.798,grad,19320719360
4,7903.139,grad,19258820608
4,7904.375,grad,19239094272
4,7906.046,grad,19194204160
4,7907.524,grad,19190759424
4,7909.447,grad,19175169024
4,7910.974,grad,19176217600
4,7912.24,grad,19185589248
4,7913.873,grad,19174022144
4,7915.593,grad,19176154112
4,7916.841,grad,19170087936
4,7918.174,grad,19146986496
4,7919.419,grad,19145610240
4,7921.139,grad,19082370048
4,7922.433,grad,19079154688
4,7924.199,grad,19063334912
4,7925.681,grad,19064383488
4,7926.935,grad,19073755136
4,7928.726,grad,19062188032
4,7930.381,grad,19064320000
4,7931.598,grad,19058221056
4,7932.859,grad,19015753728
4,7934.104,grad,19015426048
4,7935.747,grad,18970535936
4,7936.97,grad,18967287808
4,7938.54,grad,18952549888
4,7939.895,grad,18953597952
4,7941.157,grad,18963035136
4,7942.538,grad,18951402496
4,7943.839,grad,18954056704
4,7945.114,grad,18953534464
4,7946.333,grad,18967882752
4,7947.567,grad,18924366848
4,7948.874,grad,18925153280
4,7950.353,grad,18859815936
4,7951.871,grad,18856600576
4,7953.644,grad,18839732736
4,7955.155,grad,18840780800
4,7956.372,grad,18850217984
4,7957.71,grad,18838585344
4,7959.272,grad,18840717312
4,7960.506,grad,18873579520
4,7961.783,grad,18811680768
4,7963.029,grad,18809419776
4,7964.832,grad,18745294848
4,7966.045,grad,18748338176
4,7967.649,grad,18727308288
4,7969.169,grad,18727308288
4,7970.415,grad,18736679936
4,7972.1,grad,18725112832
4,7973.764,grad,18727244800
4,7975.009,grad,18720261120
4,7976.232,grad,18697192448
4,7977.509,grad,18697192448
4,7979.077,grad,18631855104
4,7980.291,grad,18628606976
4,7981.673,grad,18611771392
4,7983.214,grad,18612819968
4,7984.467,grad,18621962240
4,7986.154,grad,18610624512
4,7987.89,grad,18612756480
4,7989.135,grad,18605805568
4,7990.435,grad,18582704128
4,7991.685,grad,18580443136
4,7993.983,grad,18516318208
4,7995.468,grad,18513102848
4,7996.98,grad,18498331648
4,7998.42,grad,18498331648
4,7999.685,grad,18507768832
4,8000.947,grad,18496136192
4,8002.623,grad,18498268160
4,8003.861,grad,18491317248
4,8005.115,grad,18468215808
4,8006.368,grad,18451274752
4,8007.686,grad,18402878464
4,8008.944,grad,18407597056
4,8010.204,grad,18393338880
4,8011.442,grad,18384892416
4,8012.929,grad,18384891904
4,8014.173,grad,18394034176
4,8016.06,grad,18382696448
4,8017.598,grad,18384828416
4,8018.832,grad,18377844736
4,8020.043,grad,18374174720
4,8021.257,grad,18353793024
4,8022.708,grad,18288422912
4,8024.002,grad,18285207552
4,8025.685,grad,18270436352
4,8027.268,grad,18271484928
4,8028.52,grad,18280889344
4,8029.876,grad,18268240896
4,8031.509,grad,18271421440
4,8032.759,grad,18263421952
4,8034.157,grad,18240320512
4,8035.395,grad,18238059520
4,8037.007,grad,18172886016
4,8038.449,grad,18178059264
4,8040.063,grad,18155948032
4,8041.414,grad,18155948032
4,8042.633,grad,18165352448
4,8044.187,grad,18153752576
4,8045.852,grad,18155884544
4,8047.139,grad,18148933632
4,8048.399,grad,18125832192
4,8049.617,grad,18123571200
4,8051.197,grad,18059479040
4,8052.465,grad,18056263680
4,8054.11,grad,18041492480
4,8055.546,grad,18042541056
4,8056.756,grad,18052142080
4,8058.713,grad,18039297024
4,8060.194,grad,18042477568
4,8061.407,grad,18034445312
4,8062.633,grad,18011376640
4,8063.876,grad,18009115648
4,8065.609,grad,17946039296
4,8066.829,grad,17949115392
4,8068.378,grad,17927004160
4,8069.741,grad,17928052736
4,8070.967,grad,17937522688
4,8072.389,grad,17925857280
4,8074.025,grad,17926940672
4,8075.238,grad,17959835648
4,8076.479,grad,17897936896
4,8077.755,grad,17896888320
4,8079.184,grad,17831550976
4,8080.469,grad,17827287040
4,8081.97,grad,17812515840
4,8083.505,grad,17813564416
4,8084.739,grad,17822968832
4,8086.206,grad,17811368960
4,8087.964,grad,17813500928
4,8089.225,grad,17806517248
4,8090.438,grad,17802847232
4,8091.708,grad,17782400000
4,8093.319,grad,17716014080
4,8094.563,grad,17713847296
4,8096.413,grad,17699076096
4,8097.905,grad,17699076096
4,8099.209,grad,17708447744
4,8100.899,grad,17696880640
4,8102.569,grad,17699012608
4,8103.822,grad,17692061696
4,8105.209,grad,17668960256
4,8106.443,grad,17666699264
4,8108.253,grad,17602574336
4,8109.489,grad,17604634624
4,8111.11,grad,17582523392
4,8112.648,grad,17582523392
4,8113.924,grad,17591698432
4,8115.87,grad,17580327936
4,8117.668,grad,17582459904
4,8118.905,grad,17576524800
4,8120.26,grad,17553423360
4,8121.502,grad,17551162368
4,8123.339,grad,17487070208
4,8124.63,grad,17490965504
4,8125.87,grad,17485952000
4,8127.252,grad,17469116416
4,8128.512,grad,17483763712
4,8129.749,grad,17470066688
4,8131.071,grad,17465839616
4,8132.73,grad,17468004352
4,8134.026,grad,17461053440
4,8135.449,grad,17437919232
4,8136.697,grad,17435658240
4,8138.367,grad,17371533312
4,8139.593,grad,17367269376
4,8140.993,grad,17352530944
4,8142.559,grad,17352530944
4,8143.846,grad,17361902592
4,8145.652,grad,17350335488
4,8147.394,grad,17352467456
4,8148.632,grad,17346499584
4,8149.846,grad,17304032256
4,8151.102,grad,17321169920
4,8152.749,grad,17257044992
4,8153.992,grad,17252781056
4,8155.693,grad,17238010368
4,8157.177,grad,17238009856
4,8158.426,grad,17247610880
4,8159.894,grad,17235814400
4,8161.51,grad,17237946368
4,8162.752,grad,17232044032
4,8164.126,grad,17208942592
4,8165.352,grad,17206681600
4,8167.116,grad,17142556672
4,8168.349,grad,17145436160
4,8170.14,grad,17123521536
4,8171.507,grad,17123521536
4,8172.783,grad,17133122560
4,8174.348,grad,17121326080
4,8175.969,grad,17123458048
4,8177.205,grad,17116507136
4,8178.44,grad,17093405696
4,8179.657,grad,17129942016
4,8181.346,grad,17027019776
4,8182.605,grad,17023804416
4,8184.284,grad,17009033728
4,8185.751,grad,17009033216
4,8186.991,grad,17018142720
4,8188.935,grad,17006837760
4,8190.635,grad,17008969728
4,8191.918,grad,17003067392
4,8193.334,grad,16979965952
4,8194.573,grad,16958306304
4,8196.354,grad,16913580032
4,8197.609,grad,16910364672
4,8199.251,grad,16894544896
4,8200.708,grad,16894544896
4,8201.994,grad,16903916544
4,8203.662,grad,16892349440
4,8205.302,grad,16894481408
4,8206.611,grad,16887530496
4,8207.88,grad,16864429056
4,8209.104,grad,16828089344
4,8210.869,grad,16799124480
4,8212.11,grad,16801971200
4,8213.352,grad,16783817728
4,8214.608,grad,16780089344
4,8215.866,grad,16794769408
4,8217.123,grad,16789493760
4,8218.6,grad,16777893888
4,8220.179,grad,16780025856
4,8221.411,grad,16812920832
4,8222.718,grad,16751022080
4,8223.962,grad,16718352384
4,8225.228,grad,16684668928
4,8226.523,grad,16688338944
4,8227.764,grad,16674080768
4,8228.994,grad,16666682880
4,8230.471,grad,16666682368
4,8231.7,grad,16676086784
4,8233.522,grad,16664486912
4,8235.173,grad,16666618880
4,8236.407,grad,16660716544
4,8237.709,grad,16637615104
4,8238.935,grad,16634305536
4,8240.493,grad,16569426944
4,8241.713,grad,16566211584
4,8243.458,grad,16551440384
4,8245.006,grad,16551440384
4,8246.251,grad,16560582656
4,8248.004,grad,16549244928
4,8249.61,grad,16551376896
4,8250.829,grad,16545441792
4,8252.071,grad,16522373120
4,8253.314,grad,16520112128
4,8254.928,grad,16456019968
4,8256.392,grad,16452804608
4,8258.144,grad,16438000640
4,8259.525,grad,16438000640
4,8260.749,grad,16447470592
4,8262.208,grad,16435739648
4,8263.958,grad,16437937152
4,8265.219,grad,16431969280
4,8266.443,grad,16408867840
4,8267.713,grad,16387208192
4,8269.572,grad,16342449152
4,8270.829,grad,16335563776
4,8272.53,grad,16320792576
4,8274.14,grad,16320530432
4,8275.459,grad,16329902080
4,8277.314,grad,16318334976
4,8278.557,grad,16313124864
4,8279.771,grad,16313124864
4,8280.981,grad,16313124864
4,8282.199,grad,16313124864
4,8284.744,grad,16313124352
4,8286.002,grad,16313124352
4,8287.295,grad,16313124352
4,8288.561,grad,16313124352
4,8289.813,grad,16313124352
4,8293.998,grad,16313124352
4,8295.708,grad,16313124352
4,8297.998,grad,16313124352
4,8299.265,grad,16313388032
4,8300.548,grad,16313126912
4,8301.777,grad,16313355776
4,8303.031,grad,16313126400
4,8304.287,grad,16313126400
4,8305.519,grad,16313126912
4,8306.781,grad,16313355264
4,8308.121,grad,16313126912
4,8309.397,grad,16313126912
4,8310.636,grad,16313355776
4,8311.907,grad,16313158656
4,8313.147,grad,16313125888
4,8314.421,grad,16313355264
4,8315.69,grad,16313125888
4,8316.942,grad,16313356800
4,8318.2,grad,16313126912
4,8319.425,grad,16313355264
4,8320.654,grad,16313125888
4,8321.898,grad,16313125888
4,8323.141,grad,16313159168
4,8324.371,grad,16313126400
4,8325.595,grad,16313355776
4,8326.848,grad,16313126912
4,8328.109,grad,16313158656
4,8329.322,grad,16313355776
4,8330.536,grad,16313159168
4,8331.771,grad,16313125888
4,8333.059,grad,16313126912
4,8334.332,grad,16313355264
4,8335.562,grad,16313159168
4,8336.802,grad,16313126912
4,8338.025,grad,16313126400
4,8339.237,grad,16313584640
4,8340.448,grad,16313158656
4,8341.66,grad,16313127424
4,8342.907,grad,16313125888
4,8344.147,grad,16313126400
4,8345.362,grad,16313356288
4,8346.72,grad,16313160192
4,8347.949,grad,16316243456
4,8349.178,grad,16318897664
4,8350.392,grad,16323747328
4,8351.642,grad,16324729856
4,8352.926,grad,16329383424
4,8354.175,grad,16331742208
4,8355.434,grad,16335576064
4,8356.659,grad,16338066944
4,8357.947,grad,16342129664
4,8359.207,grad,16345275392
4,8360.434,grad,16348126208
4,8361.666,grad,16352779776
4,8362.951,grad,16354974720
4,8364.256,grad,16358382592
4,8365.541,grad,16361036800
4,8366.824,grad,16364641280
4,8368.103,grad,16367033856
4,8369.344,grad,16370867200
4,8370.59,grad,16374242816
4,8371.863,grad,16377191936
4,8373.109,grad,16381779456
4,8374.344,grad,16382794752
4,8375.573,grad,16387382784
4,8376.872,grad,16389970944
4,8378.138,grad,16393804800
4,8379.359,grad,16397409792
4,8380.594,grad,16400260096
4,8381.838,grad,16404618752
4,8383.079,grad,16405830656
4,8384.311,grad,16410615296
4,8385.556,grad,16411631104
4,8386.777,grad,16416218112
4,8388.083,grad,16418938880
4,8389.319,grad,16422542336
4,8390.55,grad,16424934400
4,8391.777,grad,16428538880
4,8393.049,grad,16431915008
4,8394.337,grad,16434764800
4,8395.564,grad,16437911040
4,8396.821,grad,16440761856
4,8398.033,grad,16445480448
4,8399.256,grad,16447675904
4,8400.486,grad,16451083776
4,8401.735,grad,16453672448
4,8402.994,grad,16457276416
4,8404.268,grad,16460881920
4,8405.474,grad,16463502336
4,8406.718,grad,16467794944
4,8407.955,grad,16470416896
4,8409.224,grad,16474774528
4,8410.465,grad,16476412928
4,8411.685,grad,16476232704
4,8412.962,grad,16476265984
4,8414.243,grad,16476299776
4,8415.539,grad,16476315136
4,8416.779,grad,16476347904
4,8418.027,grad,16476381696
4,8419.295,grad,16476412416
4,8420.528,grad,16389184000
4,8421.875,grad,16302610944
4,8423.131,grad,16328825344
4,8424.389,grad,16362576384
4,8425.63,grad,16396720640
4,8426.861,grad,16426703360
4,8428.113,grad,16460356096
4,8429.341,grad,16397015552
4,8430.564,grad,16294189568
4,8431.809,grad,16187300352
4,8433.059,grad,16142389248
4,8434.292,grad,16142275072
4,8435.703,grad,16142274560
4,8436.941,grad,16162513408
4,8438.175,grad,16193184256
4,8439.405,grad,16224543232
4,8440.614,grad,16256885248
4,8441.834,grad,16287097344
4,8443.07,grad,16275268096
4,8444.318,grad,16154616320
4,8445.543,grad,16139280384
4,8446.763,grad,16035307520
4,8448.223,noise,15974619136
4,8449.49,noise,15974619136
4,8450.729,noise,15974619136
4,8451.957,noise,15975831552
4,8453.196,noise,15976290304
4,8454.422,noise,15976290304
4,8455.625,noise,15978256384
4,8456.835,noise,15977797632
4,8458.045,noise,15979239424
4,8459.265,noise,15979730944
4,8460.486,noise,15980419072
4,8461.701,noise,15980681216
4,8462.953,noise,15980681216
4,8464.194,noise,15982417920
4,8465.407,noise,15982647296
4,8466.624,noise,15982647296
4,8467.849,noise,15985104896
4,8469.051,noise,15985104896
4,8470.25,noise,15987333120
4,8471.461,noise,15987824640
4,8472.677,noise,15988283392
4,8473.914,noise,15988774912
4,8475.161,noise,15988774912
4,8476.383,noise,15989987328
4,8477.61,noise,15990446080
4,8478.83,noise,15990446080
4,8480.076,noise,15991887872
4,8481.283,noise,15991887872
4,8482.519,noise,15993100288
4,8483.742,noise,15993591808
4,8484.981,noise,15994279936
4,8486.225,noise,15994542080
4,8487.447,noise,15994542080
4,8488.666,noise,15995754496
4,8489.905,noise,15996213248
4,8491.136,noise,15996213248
4,8492.356,noise,15997655040
4,8493.582,noise,15997655040
4,8494.802,noise,15998867456
4,8496.029,noise,15999129600
4,8497.245,noise,15999588352
4,8498.469,noise,16000047104
4,8499.69,noise,16000309248
4,8500.912,noise,16001521664
4,8502.125,noise,16001751040
4,8503.351,noise,16001980416
4,8504.572,noise,16003192832
4,8505.802,noise,16003422208
4,8507.034,noise,16003422208
4,8508.283,noise,16004864000
4,8509.49,noise,16005355520
4,8510.693,noise,16005814272
4,8511.921,noise,16006076416
4,8513.161,noise,16006076416
4,8514.414,noise,16007518208
4,8515.642,noise,16007747584
4,8516.868,noise,16008960000
4,8518.104,noise,16009189376
4,8519.318,noise,16009189376
4,8520.541,noise,16010762240
4,8521.784,noise,16011253760
4,8523.028,noise,16011483136
4,8524.253,noise,16011974656
4,8525.483,noise,16011974656
4,8526.686,noise,16013187072
4,8527.935,noise,16013645824
4,8529.165,noise,16013645824
4,8530.383,noise,16015906816
4,8531.594,noise,16015906816
4,8532.801,noise,16019544064
4,8534.045,noise,16017381376
4,8535.253,noise,16018069504
4,8536.457,noise,16018561024
4,8537.657,noise,16018561024
4,8538.857,noise,16019773440
4,8540.06,noise,16020232192
4,8541.263,noise,16020232192
4,8542.47,noise,16021772288
4,8543.695,noise,16021772288
4,8544.935,noise,16022984704
4,8546.151,noise,16023246848
4,8547.366,noise,16023705600
4,8548.59,noise,16024164352
4,8549.81,noise,16024426496
4,8551.028,noise,16025638912
4,8552.249,noise,16026097664
4,8553.477,noise,16026097664
4,8554.698,noise,16027310080
4,8555.907,noise,16027539456
4,8557.119,noise,16027539456
4,8558.324,noise,16029243392
4,8559.526,noise,16029734912
4,8560.749,noise,16030193664
4,8561.976,noise,16030455808
4,8563.211,noise,16030455808
4,8564.431,noise,16031897600
4,8565.639,noise,16032126976
4,8566.844,noise,16032126976
4,8568.066,noise,16033798144
4,8569.273,noise,16033568768
4,8570.474,noise,16034781184
4,8571.676,noise,16035272704
4,8572.922,noise,16035731456
4,8574.151,noise,16036222976
4,8575.356,noise,16036222976
4,8576.568,noise,16037435392
4,8577.778,noise,16037894144
4,8578.993,noise,16037894144
4,8580.239,noise,16039335936
4,8581.444,noise,16039335936
4,8582.7,noise,16040548352
4,8583.929,noise,16041039872
4,8585.182,noise,16041498624
4,8586.406,noise,16042186752
4,8587.652,noise,16041990144
4,8588.892,noise,16043202560
4,8590.117,noise,16043431936
4,8591.336,noise,16043661312
4,8592.555,noise,16044873728
4,8593.78,noise,16045103104
4,8595.005,noise,16045103104
4,8596.231,noise,16046544896
4,8597.44,noise,16047036416
4,8598.646,noise,16047953920
4,8599.846,noise,16047757312
4,8601.047,noise,16047757312
4,8602.292,noise,16049428480
4,8603.512,noise,16049657856
4,8604.727,noise,16050870272
4,8605.933,noise,16051099648
4,8607.143,noise,16051099648
4,8608.36,noise,16052770816
4,8609.567,noise,16052803584
4,8610.775,noise,16053262336
4,8611.995,noise,16053753856
4,8613.23,noise,16053753856
4,8614.448,noise,16054966272
4,8615.69,noise,16055425024
4,8616.927,noise,16055425024
4,8618.162,noise,16057325568
4,8619.375,noise,16056866816
4,8620.573,noise,16058079232
4,8621.792,noise,16058570752
4,8623.027,noise,16059029504
4,8624.254,noise,16059521024
4,8625.475,noise,16059521024
4,8626.717,noise,16060962816
4,8627.954,noise,16061192192
4,8629.187,noise,16061192192
4,8630.413,noise,16063092736
4,8631.635,noise,16062633984
4,8632.861,noise,16065058816
4,8634.037,noise,16064108544
4,8635.26,noise,16064796672
4,8636.486,noise,16065255424
4,8637.705,noise,16065288192
4,8638.908,noise,16066500608
4,8640.113,noise,16066959360
4,8641.314,noise,16066959360
4,8642.536,noise,16068401152
4,8643.754,noise,16068401152
4,8645.003,noise,16069613568
4,8646.224,noise,16070105088
4,8647.431,noise,16070563840
4,8648.648,noise,16071055360
4,8649.848,noise,16071055360
4,8651.076,noise,16072497152
4,8652.281,noise,16072726528
4,8653.507,noise,16073938944
4,8654.733,noise,16074168320
4,8655.957,noise,16074168320
4,8657.189,noise,16075610112
4,8658.397,noise,16075872256
4,8659.597,noise,16076789760
4,8660.797,noise,16076822528
4,8662.007,noise,16076822528
4,8663.238,noise,16078034944
4,8664.458,noise,16078493696
4,8665.663,noise,16078493696
4,8666.888,noise,16079706112
4,8668.119,noise,16079935488
4,8669.32,noise,16081147904
4,8670.528,noise,16081410048
4,8671.771,noise,16081868800
4,8673.031,noise,16082327552
4,8674.258,noise,16082589696
4,8675.471,noise,16083802112
4,8676.682,noise,16084097024
4,8677.892,noise,16084326400
4,8679.116,noise,16085538816
4,8680.342,noise,16085768192
4,8681.566,noise,16085768192
4,8682.781,noise,16087209984
4,8684.009,noise,16087472128
4,8685.238,noise,16087930880
4,8686.458,noise,16088422400
4,8687.706,noise,16088422400
4,8688.947,noise,16089634816
4,8690.185,noise,16090093568
4,8691.417,noise,16090093568
4,8692.658,noise,16091305984
4,8693.897,noise,16091535360
4,8695.124,noise,16092747776
4,8696.331,noise,16093009920
4,8697.539,noise,16093468672
4,8698.746,noise,16094156800
4,8699.954,noise,16094189568
4,8701.166,noise,16095401984
4,8702.387,noise,16096679936
4,8703.609,noise,16096909312
4,8704.83,noise,16098121728
4,8706.038,noise,16098351104
4,8707.254,noise,16098351104
4,8708.473,noise,16099792896
4,8709.703,noise,16100055040
4,8710.948,noise,16100513792
4,8712.187,noise,16101005312
4,8713.409,noise,16101005312
4,8714.628,noise,16102217728
4,8715.843,noise,16102676480
4,8717.069,noise,16102676480
4,8718.284,noise,16104118272
4,8719.503,noise,16104118272
4,8720.729,noise,16105330688
4,8721.959,noise,16105822208
4,8723.191,noise,16106280960
4,8724.415,noise,16106739712
4,8725.619,noise,16106772480
4,8726.824,noise,16107984896
4,8728.047,noise,16108443648
4,8729.252,noise,16108443648
4,8730.449,noise,16109656064
4,8731.669,noise,16109885440
4,8732.913,noise,16111097856
4,8734.143,noise,16111360000
4,8735.36,noise,16111818752
4,8736.565,noise,16112506880
4,8737.765,noise,16112539648
4,8738.967,noise,16113752064
4,8740.19,noise,16114210816
4,8741.42,noise,16114210816
4,8742.636,noise,16115423232
4,8743.863,noise,16115652608
4,8745.116,noise,16116865024
4,8746.345,noise,16117127168
4,8747.579,noise,16117585920
4,8748.83,noise,16118274048
4,8750.036,noise,16118306816
4,8751.264,noise,16119519232
4,8752.472,noise,16119748608
4,8753.697,noise,16119977984
4,8754.92,noise,16121190400
4,8756.138,noise,16121419776
4,8757.381,noise,16122632192
4,8758.593,noise,16122894336
4,8759.795,noise,16123582464
4,8761.002,noise,16124041216
4,8762.226,noise,16124073984
4,8763.447,noise,16125286400
4,8764.667,noise,16125745152
4,8765.881,noise,16125745152
4,8767.092,noise,16129382400
4,8768.333,noise,16127186944
4,8769.551,noise,16127186944
4,8770.804,noise,16128661504
4,8772.026,noise,16129120256
4,8773.25,noise,16129579008
4,8774.473,noise,16129841152
4,8775.689,noise,16129841152
4,8776.906,noise,16131282944
4,8778.121,noise,16131512320
4,8779.324,noise,16131512320
4,8780.539,noise,16132954112
4,8781.745,noise,16132954112
4,8783.002,noise,16134166528
4,8784.233,noise,16134658048
4,8785.455,noise,16135116800
4,8786.685,noise,16135608320
4,8787.911,noise,16135608320
4,8789.135,noise,16136820736
4,8790.346,noise,16137279488
4,8791.547,noise,16137279488
4,8792.763,noise,16138721280
4,8793.994,noise,16138721280
4,8795.221,noise,16139933696
4,8796.44,noise,16140195840
4,8797.684,noise,16140883968
4,8799.246,noise,16141342720
4,8800.478,noise,16089274368
4,8801.706,noise,15996213248
4,8802.978,optimizer,15979010048
4,8804.244,optimizer,15982789632
4,8805.47,optimizer,15982522368
4,8806.699,optimizer,15983943168
4,8807.932,optimizer,15984185344
4,8809.178,optimizer,15984687616
4,8810.411,optimizer,15985161216
4,8811.641,optimizer,15986488832
4,8812.872,optimizer,15987236352
4,8814.106,optimizer,15989780480
4,8815.328,optimizer,15991300608
4,8816.569,optimizer,15991283712
4,8817.813,optimizer,15991328768
4,8819.045,optimizer,15991609856
4,8820.257,optimizer,15993370624
4,8821.499,optimizer,15995886592
4,8822.731,optimizer,15997433856
4,8824.077,optimizer,15996535296
4,8825.308,optimizer,15997448704
4,8826.55,optimizer,15997743104
4,8827.803,optimizer,16000503296
4,8829.034,optimizer,16003069952
4,8830.269,optimizer,16003634176
4,8831.494,optimizer,16002964480
4,8832.717,optimizer,16003648512
4,8833.951,optimizer,16003943936
4,8835.2,optimizer,16006474240
4,8836.44,optimizer,16009662976
4,8837.668,optimizer,16009900544
4,8838.899,optimizer,16009197056
4,8840.126,optimizer,16009929728
4,8841.335,optimizer,16010013184
4,8842.577,optimizer,16011971584
4,8843.809,optimizer,16014501888
4,8845.051,optimizer,16016036352
4,8846.287,optimizer,16015561216
4,8847.51,optimizer,16016092160
4,8848.75,optimizer,16016346624
4,8849.963,optimizer,16018106880
4,8851.209,optimizer,16020638208
4,8852.439,optimizer,16021645312
4,8853.667,optimizer,16021738496
4,8854.898,optimizer,16022428672
4,8856.113,optimizer,16024739328
4,8857.326,optimizer,16024255488
4,8858.553,optimizer,16027228160
4,8859.78,optimizer,16027160064
4,8860.996,optimizer,16028076032
4,8862.219,optimizer,16028807680
4,8863.445,optimizer,16032326656
4,8864.669,optimizer,16031717888
4,8865.875,optimizer,16033288704
4,8867.111,optimizer,16033327616
4,8868.354,optimizer,16034225152
4,8869.556,optimizer,16034747392
4,8870.797,optimizer,16037493248
4,8872.044,optimizer,16040009216
4,8873.269,optimizer,16040588288
4,8874.489,optimizer,16039675904
4,8875.711,optimizer,16040817664
4,8876.94,optimizer,16040884224
4,8878.198,optimizer,16042644992
4,8879.409,optimizer,16045241344
4,8880.615,optimizer,16045791744
4,8881.832,optimizer,16046300160
4,8883.058,optimizer,16046804480
4,8884.283,optimizer,16047084032
4,8885.493,optimizer,16049614336
4,8886.73,optimizer,16051132416
4,8887.991,optimizer,16052894720
4,8889.242,optimizer,16052009472
4,8890.464,optimizer,16052694528
4,8891.678,optimizer,16053221376
4,8892.928,optimizer,16055734784
4,8894.165,optimizer,16057268224
4,8895.39,optimizer,16060536320
4,8896.632,optimizer,16058209792
4,8897.851,optimizer,16058894848
4,8899.077,optimizer,16059419136
4,8900.291,optimizer,16061935616
4,8901.518,optimizer,16063468544
4,8902.764,optimizer,16067424768
4,8903.995,optimizer,16064329728
4,8905.227,optimizer,16065029632
4,8906.479,optimizer,16065518592
4,8907.771,optimizer,16068054016
4,8908.993,optimizer,16068619776
4,8910.238,optimizer,16070217728
4,8911.463,optimizer,16070498304
4,8912.697,optimizer,16071444480
4,8913.933,optimizer,16071732224
4,8915.199,optimizer,16072846336
4,8916.438,optimizer,16073531392
4,8917.683,optimizer,16076505088
4,8918.923,optimizer,16076633088
4,8920.158,optimizer,16077120512
4,8921.367,optimizer,16077853184
4,8922.591,optimizer,16077724160
4,8923.826,optimizer,16079650816
4,8925.072,optimizer,16082298368
4,8926.293,optimizer,16083873792
4,8927.52,optimizer,16082946560
4,8928.757,optimizer,16084318208
4,8929.974,optimizer,16084154880
4,8931.464,optimizer,16086670848
4,8932.697,optimizer,16088508928
4,8933.933,optimizer,16089736192
4,8935.19,optimizer,16088868352
4,8936.427,optimizer,16089751552
4,8937.648,optimizer,16090254848
4,8938.862,optimizer,16094231552
4,8940.072,optimizer,16093356032
4,8941.276,optimizer,16096001536
4,8942.486,optimizer,16095331328
4,8943.708,optimizer,16096059392
4,8944.941,optimizer,16096520192
4,8946.179,optimizer,16097648128
4,8947.428,optimizer,16098360320
4,8948.663,optimizer,16100849664
4,8949.886,optimizer,16101627392
4,8951.116,optimizer,16101935104
4,8952.361,optimizer,16102411264
4,8953.588,optimizer,16102493696
4,8954.815,optimizer,16104451584
4,8956.06,optimizer,16107011072
4,8957.265,optimizer,16107663872
4,8958.482,optimizer,16108200960
4,8959.724,optimizer,16108676096
4,8960.951,optimizer,16108956672
4,8962.19,optimizer,16111486464
4,8963.435,optimizer,16113004544
4,8964.662,optimizer,16115749888
4,8965.9,optimizer,16113866752
4,8967.131,optimizer,16114552320
4,8968.356,optimizer,16115055616
4,8969.578,optimizer,16116106752
4,8970.799,optimizer,16116868608
4,8972.044,optimizer,16119384576
4,8973.27,optimizer,16121146368
4,8974.513,optimizer,16120441856
4,8975.752,optimizer,16120973312
4,8976.999,optimizer,16121224192
4,8978.232,optimizer,16123741696
4,8979.439,optimizer,16125579776
4,8980.658,optimizer,16128018944
4,8981.9,optimizer,16126136832
4,8983.184,optimizer,16126850048
4,8984.427,optimizer,16127325184
4,8985.654,optimizer,16129632256
4,8986.885,optimizer,16129137664
4,8988.134,optimizer,16130670080
4,8989.348,optimizer,16132497408
4,8990.559,optimizer,16132971008
4,8991.778,optimizer,16133444096
4,8993.056,optimizer,16134510592
4,8994.3,optimizer,16135272448
4,8995.522,optimizer,16136804352
4,8996.746,optimizer,16138370048
4,8997.958,optimizer,16139105792
4,8999.209,optimizer,16139808256
4,9000.428,optimizer,16140722688
4,9001.635,optimizer,16142848000
4,9002.844,optimizer,16144303104
4,9004.094,optimizer,16144606208
4,9005.319,optimizer,16145094656
4,9006.561,optimizer,16146041344
4,9007.813,optimizer,16147030016
4,9009.057,optimizer,16147640832
4,9010.284,optimizer,16150156800
4,9011.511,optimizer,16150705152
4,9012.735,optimizer,16151214080
4,9013.968,optimizer,16151717888
4,9015.226,optimizer,16151833088
4,9016.479,optimizer,16152292864
4,9017.732,optimizer,16151900160
4,9019.012,optimizer,16151834624
4,9020.25,optimizer,16152751616
4,9021.476,optimizer,16151834112
4,9022.703,optimizer,16154258944
4,9023.943,optimizer,16152751616
4,9025.19,optimizer,16152751616
4,9026.414,optimizer,16151834112
4,9027.708,optimizer,16151834112
4,9028.942,optimizer,16152293376
4,9030.175,optimizer,16151834624
4,9031.412,optimizer,16152293376
4,9032.642,optimizer,16151965184
4,9033.873,optimizer,16152751616
4,9035.141,optimizer,16151834112
4,9036.406,optimizer,16151834112
4,9037.626,optimizer,16151834624
4,9038.845,optimizer,16152293376
4,9040.067,optimizer,16154258944
4,9041.292,optimizer,16151834624
4,9042.512,optimizer,16151834112
4,9043.737,optimizer,16152751616
4,9044.97,optimizer,16152293376
4,9046.218,optimizer,16151834624
4,9047.455,optimizer,16154258944
4,9048.692,optimizer,16151834112
4,9049.953,optimizer,16152292864
4,9051.197,optimizer,16151965184
4,9052.465,optimizer,16151834112
4,9053.695,optimizer,16152293376
4,9054.946,optimizer,16151965184
4,9056.179,optimizer,16153506816
4,9057.405,optimizer,16167957504
4,9058.626,optimizer,16180310528
4,9059.849,optimizer,16195449856
4,9061.062,optimizer,16205345792
4,9062.292,optimizer,16219763712
4,9063.543,optimizer,16231986176
4,9064.773,optimizer,16244437504
4,9066.024,optimizer,16257676288
4,9067.258,optimizer,16272093696
4,9068.506,optimizer,16284087296
4,9069.733,optimizer,16297784320
4,9070.979,optimizer,16312693760
4,9072.224,optimizer,16245877248
4,9073.466,optimizer,16156322304
4,9074.703,optimizer,16161761280
4,9075.949,optimizer,16191285248
4,9077.183,optimizer,16219891712
4,9078.41,optimizer,16248432640
4,9079.644,optimizer,16277530624
4,9080.853,optimizer,16307906560
4,9082.082,optimizer,16231426048
4,9083.337,optimizer,16151668736
4,9084.57,optimizer,16176048128
4,9085.791,optimizer,16205047808
4,9087.03,optimizer,16232409088
4,9088.275,optimizer,16260261888
4,9089.504,optimizer,16287885312
4,9090.728,optimizer,16301549568
4,9091.947,optimizer,16194660352
4,9093.189,optimizer,16092588032
4,9094.424,optimizer,16000051200
4,9095.653,optimizer,15986847232
4,9096.896,optimizer,15983873536
4,9098.141,optimizer,15980644864
4,9100.368,optimizer,15979173888
4,9101.612,optimizer,15979173888
4,9102.842,optimizer,15979173888
4,9104.07,optimizer,15979173888
4,9105.293,optimizer,15979173888
