step,t_ms,phase,alloc_bytes
3,6.563,grad,15979378176
3,13.008,grad,15979386368
3,19.376,grad,15979386368
3,25.753,grad,15979386368
3,31.007,grad,15979386368
3,32.439,grad,15986863616
3,33.722,grad,15994336768
3,35.807,grad,15994332672
3,37.291,grad,16003769856
3,38.598,grad,16019614208
3,39.872,grad,16047995392
3,41.153,grad,16187521536
3,42.448,grad,16327899648
3,45.263,grad,16296512000
3,46.641,grad,16306801152
3,47.961,grad,16322645504
3,49.288,grad,16358366720
3,50.52,grad,16504249856
3,51.76,grad,16580206080
3,53.955,grad,16588402176
3,55.254,grad,16598691328
3,56.505,grad,16614535680
3,57.779,grad,16650256896
3,59.125,grad,16796074496
3,60.417,grad,16934617600
3,62.871,grad,16880292352
3,64.211,grad,16890581504
3,65.496,grad,16906425856
3,66.793,grad,16956831232
3,68.095,grad,17073284608
3,69.363,grad,17226507776
3,72.071,grad,17173034496
3,73.431,grad,17182471680
3,74.752,grad,17198316032
3,76.08,grad,17234037248
3,77.411,grad,17457515008
3,78.755,grad,17472260608
3,80.983,grad,17464924672
3,82.385,grad,17474361856
3,83.656,grad,17490206208
3,85.077,grad,17525927424
3,86.384,grad,17749405184
3,87.673,grad,17749470720
3,90.105,grad,17756814848
3,91.426,grad,17766252032
3,92.691,grad,17782096384
3,94.049,grad,17817817600
3,95.278,grad,17963700736
3,96.508,grad,18041360896
3,98.7,grad,18048705024
3,99.97,grad,18058142208
3,101.228,grad,18073986560
3,102.534,grad,18109707776
3,103.837,grad,18333185536
3,105.174,grad,18347931136
3,107.444,grad,18340709888
3,108.816,grad,18350032384
3,110.11,grad,18373216768
3,111.387,grad,18401597952
3,112.627,grad,18625075712
3,113.877,grad,18639825408
3,116.085,grad,18632485376
3,117.631,grad,18641922560
3,118.907,grad,18657766912
3,120.164,grad,18715512320
3,121.421,grad,18839305728
3,122.733,grad,18977848832
3,125.235,grad,18924375552
3,126.561,grad,18933812736
3,127.889,grad,18949657088
3,129.247,grad,18985378304
3,130.498,grad,19208856064
3,131.747,grad,19223601664
3,133.903,grad,19216265728
3,135.164,grad,19225702912
3,136.417,grad,19241547264
3,137.745,grad,19277268480
3,138.988,grad,19500746240
3,140.224,grad,19515491840
3,142.312,grad,19508155904
3,143.567,grad,19517593088
3,144.863,grad,19533437440
3,146.23,grad,19569158656
3,147.458,grad,19715041792
3,148.704,grad,19792701952
3,151.021,grad,19800046080
3,152.308,grad,19809483264
3,153.6,grad,19832667648
3,154.847,grad,19861048832
3,156.165,grad,20006931968
3,157.452,grad,20069912064
3,159.746,grad,20091936256
3,161.005,grad,20101373440
3,162.253,grad,20124557824
3,163.483,grad,20152939008
3,164.732,grad,20298822144
3,165.983,grad,20376482304
3,168.406,grad,20383826432
3,169.681,grad,20393263616
3,170.929,grad,20409107968
3,172.242,grad,20444829184
3,173.497,grad,20668306944
3,174.744,grad,20683052544
3,176.947,grad,20675831296
3,178.315,grad,20685153792
3,179.65,grad,20700998144
3,180.991,grad,20729387520
3,182.316,grad,20829059584
3,183.663,grad,21006400000
3,186.534,grad,20967721472
3,187.886,grad,20977043968
3,189.259,grad,20992888320
3,190.599,grad,21050633728
3,191.917,grad,21159747072
3,193.233,grad,21298290176
3,196.021,grad,21259611648
3,197.366,grad,21268934144
3,198.734,grad,21284778496
3,200.087,grad,21335183872
3,201.417,grad,21451637248
3,202.815,grad,21590180352
3,205.6,grad,21551387136
3,206.987,grad,21560824320
3,208.384,grad,21576668672
3,209.784,grad,21627074048
3,211.113,grad,21743527424
3,212.491,grad,21896750592
3,215.271,grad,21843392000
3,216.862,grad,21852714496
3,218.288,grad,21868558848
3,219.645,grad,21918964224
3,220.968,grad,22035417600
3,222.307,grad,22173960704
3,225.127,grad,22135282176
3,226.464,grad,22144604672
3,227.864,grad,22160449024
3,229.222,grad,22219243008
3,230.584,grad,22343036416
3,231.974,grad,22481579520
3,234.758,grad,22428220928
3,236.097,grad,22437543424
3,237.516,grad,22453387776
3,238.88,grad,22496453120
3,240.206,grad,22620246528
3,241.564,grad,22774518272
3,244.493,grad,22721159680
3,245.869,grad,22730482176
3,247.303,grad,22746326528
3,248.663,grad,22804071936
3,250.03,grad,22927865344
3,251.369,grad,23066408448
3,254.075,grad,23012935168
3,255.491,grad,23022372352
3,256.955,grad,23038216704
3,258.31,grad,23088622080
3,259.653,grad,23205075456
3,261.003,grad,23358298624
3,263.835,grad,23304940032
3,265.233,grad,23314262528
3,266.69,grad,23330106880
3,268.042,grad,23380512256
3,269.373,grad,23496965632
3,270.764,grad,23635508736
3,273.858,grad,23596830208
3,275.28,grad,23606152704
3,276.703,grad,23621997056
3,278.039,grad,23672402432
3,279.369,grad,23788855808
3,280.746,grad,23927398912
3,283.607,grad,23888720384
3,284.953,grad,23898042880
3,286.368,grad,23913887232
3,287.748,grad,23964292608
3,289.074,grad,24080745984
3,290.401,grad,24219289088
3,291.83,grad,24477238784
3,293.194,grad,25722956800
3,295.473,grad,24781327360
3,296.836,grad,24781327872
3,298.224,grad,24781327872
3,299.599,grad,24781327872
3,300.968,grad,24781327872
3,302.239,grad,24165804544
3,303.494,grad,24158919168
3,304.769,grad,24079948288
3,306.015,grad,23997766144
3,307.336,grad,23944743424
3,308.584,grad,23932684800
3,309.821,grad,23908320768
3,311.056,grad,23930406400
3,312.549,grad,23895606784
3,313.795,grad,23903438336
3,315.031,grad,23900849664
3,316.266,grad,23874303488
3,317.498,grad,23753389568
3,318.75,grad,23700633088
3,319.983,grad,23650100736
3,321.215,grad,23622722048
3,322.765,grad,23620624896
3,324.072,grad,23639499264
3,325.53,grad,23615742464
3,326.779,grad,23620506112
3,328.014,grad,23562490368
3,329.245,grad,23480373760
3,330.472,grad,23398257152
3,331.732,grad,23384490496
3,332.963,grad,23342366208
3,334.514,grad,23340269056
3,335.821,grad,23359143424
3,337.552,grad,23335386624
3,338.829,grad,23340142080
3,340.067,grad,23320931840
3,341.323,grad,23200017920
3,342.557,grad,23117901312
3,343.799,grad,23104134656
3,345.032,grad,23063058944
3,346.613,grad,23059913216
3,347.92,grad,23078656512
3,349.564,grad,23055030784
3,350.813,grad,23059798528
3,352.045,grad,23001778688
3,353.277,grad,22951119360
3,354.511,grad,22859569664
3,355.757,grad,22809033216
3,356.998,grad,22781654528
3,358.547,grad,22779557376
3,359.815,grad,22798431744
3,361.268,grad,22774674944
3,362.509,grad,22779426304
3,363.752,grad,22752880128
3,364.986,grad,22669714944
3,366.222,grad,22548817408
3,367.457,grad,22520288768
3,368.72,grad,22498152960
3,370.199,grad,22498152960
3,371.464,grad,22517027328
3,372.929,grad,22493270528
3,374.176,grad,22498021888
3,375.43,grad,22471475712
3,376.689,grad,22389359104
3,377.924,grad,22267400704
3,379.159,grad,22253564416
3,380.391,grad,22218845696
3,382.14,grad,22216748544
3,383.454,grad,22235622912
3,384.904,grad,22211866112
3,386.141,grad,22216617472
3,387.378,grad,22197411328
3,388.616,grad,22030360064
3,389.85,grad,21987040768
3,391.083,grad,21965868544
3,392.313,grad,21936392704
3,393.762,grad,21936392704
3,395.002,grad,21955332608
3,396.533,grad,21931510272
3,397.791,grad,21936269824
3,399.027,grad,21917055488
3,400.257,grad,21827893760
3,401.484,grad,21706979840
3,402.727,grad,21685414400
3,403.954,grad,21657904640
3,405.616,grad,21656331776
3,406.853,grad,21675140608
3,408.362,grad,21651449344
3,409.608,grad,21656212992
3,410.847,grad,21598197248
3,412.082,grad,21516080640
3,413.31,grad,21441304064
3,414.537,grad,21405451776
3,415.777,grad,21383315968
3,417.203,grad,21375975936
3,418.521,grad,21394850304
3,420.059,grad,21371093504
3,421.31,grad,21383184896
3,422.556,grad,21434298880
3,423.803,grad,21267182080
3,425.035,grad,21138928128
3,426.294,grad,21125161472
3,427.536,grad,21098765824
3,429.168,grad,21095620096
3,430.432,grad,21114494464
3,431.858,grad,21090737664
3,433.094,grad,21095489024
3,434.345,grad,21107740160
3,435.611,grad,20986826240
3,436.851,grad,20865977856
3,438.105,grad,20844805632
3,439.34,grad,20826339840
3,440.679,grad,20815329792
3,441.923,grad,20834269696
3,443.343,grad,20810447360
3,444.588,grad,20815198720
3,445.82,grad,20788652544
3,447.051,grad,20628941312
3,448.283,grad,20600367616
3,449.527,grad,20564515328
3,450.799,grad,20535039488
3,452.233,grad,20535039488
3,453.517,grad,20553913856
3,454.987,grad,20530157056
3,456.227,grad,20549588480
3,457.459,grad,20508362240
3,458.711,grad,20426245632
3,459.943,grad,20334761472
3,461.173,grad,20291565056
3,462.403,grad,20262089216
3,464.49,grad,20254749184
3,465.768,grad,20273623552
3,467.196,grad,20249866752
3,468.436,grad,20254630400
3,469.686,grad,20274209280
3,470.917,grad,20114498048
3,472.148,grad,20039787008
3,473.385,grad,20018680320
3,474.619,grad,19977604608
3,476.123,grad,19974458880
3,477.383,grad,19993333248
3,478.884,grad,19969576448
3,480.12,grad,19974336000
3,481.352,grad,19916324352
3,482.588,grad,19834207744
3,483.818,grad,19744816640
3,485.051,grad,19723709952
3,486.28,grad,19696265728
3,487.884,grad,19694168576
3,489.126,grad,19712977408
3,490.686,grad,19689286144
3,491.924,grad,19694037504
3,493.16,grad,19674831360
3,494.398,grad,19546577408
3,495.663,grad,19503323648
3,496.903,grad,19442960896
3,498.146,grad,19447548416
3,499.394,grad,19421218304
3,500.696,grad,19443762688
3,502.128,grad,19408504320
3,503.388,grad,19416335872
3,504.594,grad,19406407168
3,505.932,grad,19394606592
3,507.182,grad,19312424448
3,508.419,grad,19215693312
3,509.672,grad,19177350656
3,510.909,grad,19158345216
3,512.879,grad,19133587968
3,514.129,grad,19152790016
3,515.782,grad,19128705536
3,517.028,grad,19133469184
3,518.268,grad,19153048064
3,519.524,grad,19032134144
3,520.817,grad,18911285760
3,522.139,grad,18882839040
3,523.375,grad,18855394816
3,525.078,grad,18853297664
3,526.354,grad,18872172032
3,527.836,grad,18848415232
3,529.078,grad,18853178880
3,530.312,grad,18833960448
3,531.55,grad,18751843840
3,532.794,grad,18616315392
3,534.056,grad,18602548736
3,535.287,grad,18575104512
3,536.913,grad,18573007360
3,538.177,grad,18591947264
3,539.682,grad,18568124928
3,540.924,grad,18572888576
3,542.158,grad,18514872832
3,543.392,grad,18464213504
3,544.627,grad,18358045184
3,545.859,grad,18322192896
3,547.096,grad,18294814208
3,548.831,grad,18292717056
3,550.093,grad,18311460352
3,551.699,grad,18287834624
3,552.938,grad,18292585984
3,554.174,grad,18266039808
3,555.431,grad,18183923200
3,556.682,grad,18092439040
3,557.947,grad,18049242624
3,559.186,grad,18019766784
3,560.731,grad,18012426752
3,562.003,grad,18031301120
3,563.428,grad,18007544320
3,564.683,grad,18012307968
3,565.917,grad,17954292224
3,567.148,grad,17864835584
3,568.379,grad,17812148736
3,569.616,grad,17761612288
3,570.848,grad,17734233600
3,572.371,grad,17732136448
3,573.638,grad,17751010816
3,575.111,grad,17727254016
3,576.349,grad,17732005376
3,577.591,grad,17705459200
3,578.831,grad,17623342592
3,580.068,grad,17502502400
3,581.303,grad,17488662016
3,582.534,grad,17451846144
3,584.014,grad,17451846144
3,585.254,grad,17470654976
3,586.822,grad,17446111744
3,588.062,grad,17443523072
3,589.307,grad,17431722496
3,590.547,grad,17349540352
3,591.791,grad,17268341248
3,593.025,grad,17215384064
3,594.261,grad,17171555840
3,596.116,grad,17171555840
3,597.388,grad,17190430208
3,598.84,grad,17166673408
3,600.083,grad,17171424768
3,601.316,grad,17112569344
3,602.549,grad,17061910016
3,603.79,grad,16971277824
3,605.022,grad,16920741376
3,606.257,grad,16892314112
3,607.837,grad,16891265536
3,609.108,grad,16910205440
3,610.541,grad,16885531136
3,611.794,grad,16890282496
3,613.026,grad,16863736320
3,614.256,grad,16781619712
3,615.485,grad,16661623296
3,616.731,grad,16633111040
3,617.964,grad,16632995328
3,619.204,grad,16625655296
3,620.471,grad,16630013440
3,622.004,grad,16606092800
3,623.251,grad,16610844160
3,624.495,grad,16584297984
3,625.741,grad,16422489600
3,626.975,grad,16379235840
3,628.212,grad,16365469184
3,629.444,grad,16324393472
3,631.331,grad,16320985600
3,632.682,grad,16339958272
3,634.133,grad,16316103168
3,635.396,grad,16306174464
3,636.817,grad,16306174464
3,638.18,grad,16306174464
3,639.558,grad,16306173952
3,641.657,grad,16306173952
3,643.024,grad,16306173952
3,644.488,grad,16306173952
3,645.826,grad,16306173952
3,649.912,grad,16306173952
3,651.384,grad,16306173952
3,652.698,grad,16324327424
3,654.001,grad,16344971264
3,655.313,grad,16361224192
3,657.413,grad,16361224192
3,658.739,grad,16361234432
3,660.062,grad,16523190272
3,661.373,grad,16523190272
3,663.025,grad,16523190272
3,664.313,grad,16523190272
3,665.618,grad,16467814912
3,666.923,grad,16378919936
3,668.236,grad,16198794240
3,674.333,grad,16140860416
3,680.746,grad,16140868608
3,687.146,grad,16140868608
3,693.547,grad,16140868608
3,698.558,grad,16140868608
3,699.916,grad,16148345856
3,702.958,grad,16155929600
3,704.391,grad,16165252096
3,705.831,grad,16181096448
3,707.177,grad,16224161792
3,708.513,grad,16350052352
3,709.884,grad,16518807552
3,712.533,grad,16458108928
3,713.885,grad,16468283392
3,715.216,grad,16484127744
3,716.669,grad,16519848960
3,718.021,grad,16665732096
3,719.413,grad,16727008256
3,721.826,grad,16749884416
3,723.159,grad,16760173568
3,724.482,grad,16776017920
3,725.942,grad,16811739136
3,727.292,grad,16957622272
3,728.636,grad,17019750400
3,730.946,grad,17041774592
3,732.273,grad,17052063744
3,733.601,grad,17075248128
3,735.0,grad,17103629312
3,736.328,grad,17327107072
3,737.714,grad,17341004800
3,740.26,grad,17334631424
3,741.599,grad,17343953920
3,742.94,grad,17367138304
3,744.278,grad,17395519488
3,745.599,grad,17618997248
3,746.913,grad,17619062784
3,749.147,grad,17626406912
3,750.461,grad,17635844096
3,751.826,grad,17659028480
3,753.155,grad,17687409664
3,754.5,grad,17910887424
3,755.877,grad,17925633024
3,758.104,grad,17918297088
3,759.432,grad,17927734272
3,760.809,grad,17950918656
3,762.163,grad,17979299840
3,763.514,grad,18202777600
3,764.88,grad,18202843136
3,767.22,grad,18210301952
3,768.563,grad,18219624448
3,769.905,grad,18242808832
3,771.238,grad,18271190016
3,772.614,grad,18494667776
3,773.932,grad,18509413376
3,776.2,grad,18502192128
3,777.527,grad,18511514624
3,778.895,grad,18534699008
3,780.223,grad,18563080192
3,781.548,grad,18786557952
3,782.893,grad,18801307648
3,785.076,grad,18793967616
3,786.615,grad,18801799168
3,787.956,grad,18814447616
3,789.295,grad,18841334784
3,790.648,grad,18908447744
3,791.996,grad,19156042752
3,793.335,grad,19078521856
3,795.448,grad,19085857792
3,796.807,grad,19095294976
3,798.143,grad,19118479360
3,799.564,grad,19146860544
3,800.97,grad,19292743680
3,802.313,grad,19370403840
3,804.601,grad,19377747968
3,805.921,grad,19387185152
3,807.248,grad,19403029504
3,808.641,grad,19438750720
3,809.991,grad,19662228480
3,811.341,grad,19676978176
3,813.531,grad,19669752832
3,814.903,grad,19679075328
3,816.291,grad,19702259712
3,817.621,grad,19769438208
3,818.974,grad,19954118656
3,820.298,grad,19954188288
3,822.516,grad,19961643008
3,823.883,grad,19970965504
3,825.248,grad,19994149888
3,826.586,grad,20061328384
3,827.929,grad,20323603456
3,829.254,grad,20246078464
3,831.42,grad,20253418496
3,832.783,grad,20262855680
3,834.114,grad,20286040064
3,835.455,grad,20353218560
3,836.844,grad,20615493632
3,838.18,grad,20552644608
3,840.682,grad,20545423360
3,842.004,grad,20554745856
3,843.329,grad,20577930240
3,844.657,grad,20645108736
3,845.996,grad,20907383808
3,847.323,grad,20844538880
3,849.474,grad,20837198848
3,850.827,grad,20846636032
3,852.212,grad,20869820416
3,853.539,grad,20936998912
3,854.885,grad,21121679360
3,856.209,grad,21121753088
3,858.419,grad,21129203712
3,859.772,grad,21138526208
3,861.088,grad,21176390656
3,862.469,grad,21228889088
3,863.843,grad,21491164160
3,865.184,grad,21413643264
3,867.443,grad,21421093888
3,868.815,grad,21430416384
3,870.142,grad,21453600768
3,871.465,grad,21520779264
3,872.847,grad,21705459712
3,874.177,grad,21720209408
3,876.413,grad,21712984064
3,877.783,grad,21722306560
3,879.155,grad,21745490944
3,880.48,grad,21812669440
3,881.858,grad,22074944512
3,883.2,grad,22012095488
3,885.477,grad,22004874240
3,887.097,grad,22014196736
3,888.447,grad,22037381120
3,889.833,grad,22065762304
3,891.168,grad,22289240064
3,892.522,grad,22289309696
3,894.736,grad,22296649728
3,896.061,grad,22306086912
3,897.387,grad,22343951360
3,898.753,grad,22396449792
3,900.089,grad,22581130240
3,901.41,grad,22581203968
3,903.564,grad,22588539904
3,904.911,grad,22597977088
3,906.238,grad,22635841536
3,907.597,grad,22688339968
3,908.963,grad,22950615040
3,910.287,grad,22873090048
3,912.449,grad,22880430080
3,913.8,grad,22889867264
3,915.129,grad,22927731712
3,916.509,grad,22980230144
3,917.87,grad,23243553792
3,919.211,grad,23166032896
3,921.391,grad,23173483520
3,922.753,grad,23182806016
3,924.126,grad,23220670464
3,925.466,grad,23287848960
3,926.856,grad,23457849344
3,928.221,grad,23457918976
3,930.406,grad,23465373696
3,931.796,grad,23474696192
3,933.127,grad,23497880576
3,934.468,grad,23526261760
3,935.834,grad,23750788096
3,937.176,grad,23765533696
3,939.851,grad,23758312448
3,941.235,grad,23767634944
3,942.675,grad,23783479296
3,944.077,grad,23826544640
3,945.402,grad,23911540736
3,946.771,grad,24088815616
3,949.795,grad,24050202624
3,951.204,grad,24059525120
3,952.59,grad,24075369472
3,953.96,grad,24118434816
3,955.287,grad,24203430912
3,956.644,grad,24381754368
3,958.047,grad,24327293952
3,959.398,grad,25884450816
3,961.869,grad,24942809600
3,963.192,grad,24942810112
3,964.584,grad,24942810112
3,965.952,grad,24942810112
3,967.331,grad,24942810112
3,968.64,grad,24638713856
3,969.896,grad,24320401408
3,971.183,grad,24241758208
3,972.513,grad,24158593024
3,973.764,grad,24119726080
3,975.002,grad,24081289216
3,976.235,grad,24061742080
3,977.469,grad,24076422144
3,978.731,grad,24080681984
3,980.197,grad,24056859648
3,981.436,grad,24061623296
3,982.693,grad,24081202176
3,983.922,grad,23921490944
3,985.171,grad,23846714368
3,986.403,grad,23825607680
3,987.661,grad,23783483392
3,989.296,grad,23781386240
3,990.58,grad,23800260608
3,992.102,grad,23776503808
3,993.345,grad,23781267456
3,994.584,grad,23723251712
3,995.819,grad,23671543808
3,997.055,grad,23557969920
3,998.288,grad,23544203264
3,999.535,grad,23503127552
3,1001.17,grad,23499981824
3,1002.416,grad,23518790656
3,1004.283,grad,23495099392
3,1005.558,grad,23499867136
3,1006.807,grad,23480644608
3,1008.045,grad,23398528000
3,1009.279,grad,23262934016
3,1010.516,grad,23249167360
3,1011.765,grad,23221198848
3,1013.471,grad,23219625984
3,1014.804,grad,23238500352
3,1016.266,grad,23214743552
3,1017.514,grad,23219499008
3,1018.772,grad,23200288768
3,1020.027,grad,23117123584
3,1021.295,grad,22981529600
3,1022.589,grad,22967762944
3,1023.834,grad,22939794432
3,1025.539,grad,22938221568
3,1026.795,grad,22957030400
3,1028.415,grad,22933339136
3,1029.671,grad,22938102784
3,1030.908,grad,22880087040
3,1032.143,grad,22797970432
3,1033.385,grad,22715853824
3,1034.633,grad,22702087168
3,1035.871,grad,22661011456
3,1037.507,grad,22657865728
3,1038.804,grad,22676740096
3,1040.271,grad,22652983296
3,1041.512,grad,22657734656
3,1042.758,grad,22599731200
3,1043.99,grad,22510274560
3,1045.223,grad,22457518080
3,1046.46,grad,22406985728
3,1047.711,grad,22379607040
3,1049.621,grad,22377509888
3,1050.928,grad,22396384256
3,1052.385,grad,22372627456
3,1053.63,grad,22377387008
3,1054.863,grad,22319375360
3,1056.097,grad,22268716032
3,1057.338,grad,22177166336
3,1058.584,grad,22126629888
3,1059.824,grad,22099251200
3,1061.272,grad,22097154048
3,1062.521,grad,22116093952
3,1063.984,grad,22092271616
3,1065.224,grad,22097022976
3,1066.461,grad,22109569024
3,1067.715,grad,21988655104
3,1068.953,grad,21882425344
3,1070.183,grad,21853908992
3,1071.412,grad,21820238848
3,1072.996,grad,21817093120
3,1074.305,grad,21835967488
3,1075.836,grad,21812210688
3,1077.077,grad,21816978432
3,1078.314,grad,21836553216
3,1079.545,grad,21676841984
3,1080.787,grad,21587385344
3,1082.02,grad,21566213120
3,1083.272,grad,21539883008
3,1084.907,grad,21536737280
3,1086.154,grad,21555611648
3,1087.627,grad,21531854848
3,1088.87,grad,21529266176
3,1090.17,grad,21517465600
3,1091.406,grad,21427943424
3,1092.595,grad,21307029504
3,1093.825,grad,21285464064
3,1095.058,grad,21257954304
3,1096.725,grad,21256381440
3,1097.989,grad,21275255808
3,1099.487,grad,21251499008
3,1100.743,grad,21256266752
3,1101.981,grad,21237044224
3,1103.213,grad,21147653120
3,1104.445,grad,21056099328
3,1105.691,grad,21005566976
3,1106.929,grad,20978188288
3,1108.412,grad,20976091136
3,1109.721,grad,20994965504
3,1111.147,grad,20971208704
3,1112.392,grad,20975960064
3,1113.631,grad,20956753920
3,1114.868,grad,20828893184
3,1116.104,grad,20776136704
3,1117.339,grad,20725604352
3,1118.582,grad,20698225664
3,1120.14,grad,20696128512
3,1121.436,grad,20715002880
3,1122.883,grad,20691246080
3,1124.123,grad,20696013824
3,1125.356,grad,20637993984
3,1126.593,grad,20555877376
3,1127.831,grad,20495780864
3,1129.066,grad,20445248512
3,1130.298,grad,20417869824
3,1132.021,grad,20415772672
3,1133.284,grad,20434712576
3,1134.774,grad,20410890240
3,1136.011,grad,20415641600
3,1137.247,grad,20389160960
3,1138.479,grad,20307044352
3,1139.726,grad,20186138624
3,1140.956,grad,20164958208
3,1142.189,grad,20153832448
3,1143.47,grad,20135482368
3,1144.73,grad,20154225664
3,1146.276,grad,20130599936
3,1147.609,grad,20135367680
3,1148.904,grad,20077413376
3,1150.164,grad,20034094080
3,1151.419,grad,19898500096
3,1152.685,grad,19884733440
3,1153.927,grad,19857289216
3,1155.733,grad,19855192064
3,1157.031,grad,19874066432
3,1158.568,grad,19850309632
3,1159.845,grad,19855065088
3,1161.104,grad,19835854848
3,1162.336,grad,19754131456
3,1163.581,grad,19618144256
3,1164.896,grad,19604377600
3,1166.125,grad,19576409088
3,1168.022,grad,19574836224
3,1169.281,grad,19594038272
3,1171.094,grad,19569953792
3,1172.447,grad,19567365120
3,1173.792,grad,19553139712
3,1175.051,grad,19472989184
3,1176.342,grad,19406011392
3,1177.609,grad,19337784320
3,1178.879,grad,19318713344
3,1180.154,grad,19301820416
3,1181.465,grad,19324364800
3,1182.875,grad,19289106432
3,1184.147,grad,19296937984
3,1185.397,grad,19294357504
3,1186.681,grad,19275143168
3,1187.937,grad,19193419776
3,1189.192,grad,19057498112
3,1190.438,grad,19043731456
3,1191.708,grad,19015762944
3,1193.445,grad,19014190080
3,1194.725,grad,19032998912
3,1196.39,grad,19009307648
3,1197.672,grad,19014071296
3,1198.933,grad,18956055552
3,1200.181,grad,18866598912
3,1201.417,grad,18791822336
3,1202.669,grad,18778055680
3,1203.927,grad,18735931392
3,1205.692,grad,18733834240
3,1207.032,grad,18752643072
3,1208.658,grad,18728951808
3,1209.938,grad,18733707264
3,1211.263,grad,18714497024
3,1212.524,grad,18632839168
3,1213.784,grad,18496851968
3,1215.083,grad,18483085312
3,1216.349,grad,18455116800
3,1218.393,grad,18453543936
3,1219.767,grad,18472418304
3,1221.29,grad,18448661504
3,1222.565,grad,18453421056
3,1223.816,grad,18473004032
3,1225.052,grad,18352483328
3,1226.284,grad,18223901696
3,1227.514,grad,18202336256
3,1228.763,grad,18174302208
3,1230.525,grad,18173253632
3,1231.792,grad,18191996928
3,1233.378,grad,18168371200
3,1234.626,grad,18173134848
3,1235.874,grad,18153916416
3,1237.124,grad,18079139840
3,1238.379,grad,17943545856
3,1239.764,grad,17922439168
3,1241.013,grad,17894994944
3,1242.766,grad,17892897792
3,1244.028,grad,17911772160
3,1245.537,grad,17888015360
3,1246.789,grad,17892770816
3,1248.026,grad,17873560576
3,1249.265,grad,17753039872
3,1250.523,grad,17663255552
3,1251.801,grad,17642148864
3,1253.069,grad,17615228928
3,1254.775,grad,17612607488
3,1256.081,grad,17631809536
3,1257.792,grad,17606873088
3,1259.044,grad,17604284416
3,1260.312,grad,17590059008
3,1261.585,grad,17510367232
3,1262.819,grad,17428250624
3,1264.089,grad,17375227904
3,1265.327,grad,17358123008
3,1267.325,grad,17331465216
3,1268.581,grad,17350274048
3,1270.167,grad,17326582784
3,1271.422,grad,17331346432
3,1272.678,grad,17312128000
3,1273.914,grad,17230404608
3,1275.167,grad,17095334912
3,1276.469,grad,17081568256
3,1277.725,grad,17053075456
3,1279.435,grad,17052026880
3,1280.719,grad,17070835712
3,1282.322,grad,17046292480
3,1283.56,grad,17051052032
3,1284.803,grad,17031837696
3,1286.156,grad,16949786624
3,1287.416,grad,16883267584
3,1288.676,grad,16815040512
3,1289.922,grad,16791250944
3,1291.165,grad,16772785152
3,1292.508,grad,16801620992
3,1293.966,grad,16766362624
3,1295.223,grad,16774194176
3,1296.474,grad,16771613696
3,1297.755,grad,16829207552
3,1299.009,grad,16676770816
3,1300.253,grad,16577942528
3,1301.491,grad,16510239744
3,1302.74,grad,16481157120
3,1304.839,grad,16480894976
3,1306.111,grad,16499703808
3,1307.867,grad,16476012544
3,1309.118,grad,16466083840
3,1310.372,grad,16466083840
3,1311.616,grad,16466083840
3,1313.041,grad,16466083328
3,1315.327,grad,16466083328
3,1316.641,grad,16466083328
3,1317.996,grad,16466083328
3,1319.269,grad,16466083328
3,1322.862,grad,16466083328
3,1324.272,grad,16466083328
3,1325.517,grad,16484302336
3,1326.795,grad,16505863680
3,1328.055,grad,16521133568
3,1329.905,grad,16521133568
3,1331.247,grad,16521459200
3,1332.503,grad,16683099648
3,1336.878,grad,16683099648
3,1338.31,grad,16627565568
3,1339.554,grad,16455926272
3,1340.834,grad,16302342656
3,1342.069,grad,16326754816
3,1343.304,grad,16359555584
3,1344.542,grad,16392356352
3,1345.796,grad,16423944704
3,1347.062,grad,16456385024
3,1353.172,grad,16141844992
3,1359.53,grad,16141853184
3,1365.904,grad,16141853184
3,1372.359,grad,16141853184
3,1376.933,grad,16141853184
3,1378.251,grad,16149330432
3,1381.238,grad,16156799488
3,1382.626,grad,16166236672
3,1383.882,grad,16182081024
3,1385.183,grad,16218654208
3,1386.424,grad,16444229120
3,1387.732,grad,16451642880
3,1389.855,grad,16458978816
3,1391.125,grad,16469267968
3,1392.377,grad,16492452352
3,1393.612,grad,16559630848
3,1394.841,grad,16821905920
3,1396.074,grad,16757361152
3,1398.069,grad,16750868992
3,1399.346,grad,16760306176
3,1400.601,grad,16784342528
3,1401.835,grad,16851521024
3,1403.069,grad,16997404160
3,1404.307,grad,17058295296
3,1406.222,grad,17043611136
3,1407.494,grad,17053048320
3,1408.766,grad,17076232704
3,1410.04,grad,17143411200
3,1411.271,grad,17328091648
3,1412.506,grad,17357525504
3,1414.722,grad,17335501312
3,1415.985,grad,17344938496
3,1417.279,grad,17368122880
3,1418.534,grad,17435301376
3,1419.803,grad,17542387200
3,1422.682,grad,17627391488
3,1423.95,grad,17636828672
3,1425.205,grad,17660013056
3,1426.441,grad,17741871616
3,1427.77,grad,17873074688
3,1430.546,grad,17919281664
3,1431.842,grad,17928718848
3,1433.13,grad,17966583296
3,1434.381,grad,18033761792
3,1435.703,grad,18172304896
3,1438.507,grad,18211171840
3,1439.789,grad,18220609024
3,1441.043,grad,18258473472
3,1442.279,grad,18325651968
3,1443.509,grad,18456855040
3,1444.755,grad,18510406144
3,1446.702,grad,18503062016
3,1447.997,grad,18512499200
3,1449.262,grad,18528343552
3,1450.502,grad,18564064768
3,1451.751,grad,18865137152
3,1452.983,grad,18787616256
3,1454.959,grad,18794952192
3,1456.469,grad,18804389376
3,1457.773,grad,18827573760
3,1459.03,grad,18894752256
3,1460.267,grad,19079432704
3,1461.501,grad,19108866560
3,1463.367,grad,19086842368
3,1464.625,grad,19096279552
3,1465.902,grad,19119463936
3,1467.151,grad,19186642432
3,1468.412,grad,19332525568
3,1469.687,grad,19393416704
3,1471.649,grad,19378732544
3,1472.969,grad,19388169728
3,1474.237,grad,19411354112
3,1475.524,grad,19478532608
3,1476.811,grad,19585618432
3,1478.107,grad,19685306880
3,1480.155,grad,19670622720
3,1481.423,grad,19680059904
3,1482.693,grad,19703244288
3,1483.971,grad,19770422784
3,1485.213,grad,19916305920
3,1486.471,grad,19977197056
3,1488.38,grad,19962512896
3,1489.675,grad,19971950080
3,1490.929,grad,19995134464
3,1492.19,grad,20076993024
3,1493.456,grad,20208196096
3,1496.258,grad,20254403072
3,1497.536,grad,20263840256
3,1498.827,grad,20301704704
3,1500.096,grad,20368883200
3,1501.336,grad,20500086272
3,1504.409,grad,20546293248
3,1505.69,grad,20555730432
3,1506.952,grad,20578914816
3,1508.207,grad,20646093312
3,1509.457,grad,20830773760
3,1510.716,grad,20860207616
3,1512.534,grad,20838183424
3,1513.814,grad,20847620608
3,1515.06,grad,20885485056
3,1516.292,grad,20952663552
3,1517.613,grad,21083866624
3,1520.394,grad,21130073600
3,1521.674,grad,21139510784
3,1522.935,grad,21177375232
3,1524.175,grad,21244553728
3,1525.46,grad,21375756800
3,1528.255,grad,21421963776
3,1529.522,grad,21431400960
3,1530.78,grad,21469265408
3,1532.043,grad,21536443904
3,1533.273,grad,21667646976
3,1536.07,grad,21713853952
3,1537.331,grad,21723291136
3,1538.615,grad,21761155584
3,1539.878,grad,21828334080
3,1541.116,grad,21959537152
3,1543.935,grad,22005744128
3,1545.367,grad,22015181312
3,1546.64,grad,22038365696
3,1547.905,grad,22105544192
3,1549.191,grad,22212630016
3,1552.111,grad,22297748992
3,1553.443,grad,22314411520
3,1554.731,grad,22345001472
3,1555.986,grad,22412179968
3,1557.304,grad,22550657536
3,1560.029,grad,22589524480
3,1561.297,grad,22598961664
3,1562.548,grad,22636826112
3,1563.794,grad,22704004608
3,1565.067,grad,22835207680
3,1567.827,grad,22881414656
3,1569.104,grad,22890851840
3,1570.36,grad,22928716288
3,1571.618,grad,22995894784
3,1572.869,grad,23127097856
3,1575.636,grad,23173304832
3,1576.894,grad,23182742016
3,1578.15,grad,23220672000
3,1579.399,grad,23287850496
3,1580.596,grad,23426328064
3,1583.213,grad,23465195008
3,1584.471,grad,23474632192
3,1585.738,grad,23512496640
3,1587.001,grad,23579675136
3,1588.242,grad,23710878208
3,1591.203,grad,23757085184
3,1592.47,grad,23766522368
3,1593.731,grad,23804386816
3,1594.96,grad,23871630848
3,1596.198,grad,24010108416
3,1598.834,grad,24048975360
3,1600.108,grad,24058412544
3,1601.368,grad,24096342528
3,1602.611,grad,24163521024
3,1603.844,grad,24294658560
3,1605.079,grad,24348209664
3,1606.34,grad,25883339264
3,1608.895,grad,25253124096
3,1610.165,grad,24941697536
3,1611.397,grad,24941697536
3,1612.63,grad,24941697536
3,1613.862,grad,24941697536
3,1615.095,grad,24941688320
3,1616.485,grad,24333968896
3,1617.739,grad,24317453824
3,1619.042,grad,24157742592
3,1620.368,grad,24082634240
3,1621.633,grad,24076146176
3,1622.893,grad,24076030464
3,1624.384,grad,24061350400
3,1625.637,grad,24080093696
3,1627.421,grad,24056467968
3,1628.746,grad,24090579456
3,1630.019,grad,24119607808
3,1631.261,grad,23952556544
3,1632.497,grad,23831642624
3,1633.741,grad,23810077184
3,1634.975,grad,23782043136
3,1636.834,grad,23780994560
3,1638.202,grad,23800196608
3,1640.022,grad,23776112128
3,1641.282,grad,23780875776
3,1642.525,grad,23722860032
3,1643.783,grad,23640743424
3,1645.036,grad,23558626816
3,1646.296,grad,23530114560
3,1647.542,grad,23503784448
3,1649.311,grad,23500638720
3,1650.581,grad,23519447552
3,1652.434,grad,23495756288
3,1653.734,grad,23500511744
3,1655.001,grad,23520098816
3,1656.237,grad,23367727616
3,1657.472,grad,23285611008
3,1658.766,grad,23249824256
3,1660.018,grad,23222904320
3,1661.71,grad,23220282880
3,1663.009,grad,23239157248
3,1664.532,grad,23215400448
3,1665.784,grad,23220168192
3,1667.018,grad,23162148352
3,1668.26,grad,23087371776
3,1669.529,grad,22998636032
3,1670.784,grad,22984869376
3,1672.024,grad,22942745088
3,1673.703,grad,22940647936
3,1675.003,grad,22959522304
3,1676.444,grad,22935765504
3,1677.698,grad,22940529152
3,1678.94,grad,22921310720
3,1680.204,grad,22800396800
3,1681.442,grad,22725620224
3,1682.693,grad,22689767936
3,1683.926,grad,22662913536
3,1685.673,grad,22660292096
3,1687.064,grad,22679166464
3,1688.682,grad,22655409664
3,1689.988,grad,22660169216
3,1691.237,grad,22679752192
3,1692.472,grad,22527675904
3,1693.725,grad,22430879232
3,1694.962,grad,22424452608
3,1696.196,grad,22383376896
3,1699.036,grad,22380231168
3,1700.326,grad,22398974464
3,1701.995,grad,22375348736
3,1703.257,grad,22380112384
3,1704.502,grad,22399691264
3,1705.749,grad,22278777344
3,1706.987,grad,22143183360
3,1708.248,grad,22129416704
3,1709.507,grad,22102496768
3,1711.228,grad,22099875328
3,1712.484,grad,22118749696
3,1713.968,grad,22094992896
3,1715.233,grad,22099756544
3,1716.476,grad,22041806336
3,1717.729,grad,21952349696
3,1718.972,grad,21899597312
3,1720.235,grad,21849060864
3,1721.48,grad,21822206464
3,1723.212,grad,21819585024
3,1724.531,grad,21838459392
3,1726.054,grad,21814702592
3,1727.293,grad,21819466240
3,1728.537,grad,21761516032
3,1729.783,grad,21718196736
3,1731.032,grad,21582602752
3,1732.316,grad,21568836096
3,1733.554,grad,21540343296
3,1735.37,grad,21539294720
3,1736.616,grad,21558103552
3,1738.136,grad,21534412288
3,1739.376,grad,21531823616
3,1740.662,grad,21517598208
3,1741.907,grad,21452652032
3,1743.145,grad,21341109760
3,1744.379,grad,21288087040
3,1745.622,grad,21260052992
3,1747.343,grad,21259004416
3,1748.644,grad,21277878784
3,1750.16,grad,21254121984
3,1751.423,grad,21258889728
3,1752.701,grad,21200935424
3,1753.949,grad,21111478784
3,1755.184,grad,21029755392
3,1756.417,grad,21023328768
3,1757.667,grad,20982253056
3,1759.266,grad,20979107328
3,1760.524,grad,20997916160
3,1762.102,grad,20974224896
3,1763.346,grad,20978976256
3,1764.591,grad,20959770112
3,1765.821,grad,20846196224
3,1767.053,grad,20756739584
3,1768.282,grad,20742972928
3,1769.517,grad,20700848640
3,1771.269,grad,20698751488
3,1772.558,grad,20717691392
3,1774.007,grad,20693869056
3,1775.28,grad,20698636800
3,1776.595,grad,20718211584
3,1777.861,grad,20597363200
3,1779.179,grad,20469109248
3,1780.464,grad,20447543808
3,1781.753,grad,20419509760
3,1783.792,grad,20418461184
3,1785.102,grad,20437335552
3,1786.656,grad,20413578752
3,1787.925,grad,20418330112
3,1789.171,grad,20391783936
3,1790.432,grad,20309732864
3,1791.704,grad,20203499008
3,1792.939,grad,20167646720
3,1794.178,grad,20138170880
3,1795.667,grad,20138170880
3,1796.912,grad,20156979712
3,1798.424,grad,20133288448
3,1799.68,grad,20138052096
3,1800.932,grad,20157630976
3,1802.174,grad,19997985280
3,1803.407,grad,19915868672
3,1804.593,grad,19887421952
3,1805.826,grad,19861026304
3,1807.462,grad,19857880576
3,1808.76,grad,19876754944
3,1810.198,grad,19852998144
3,1811.448,grad,19857761792
3,1812.69,grad,19799746048
3,1813.943,grad,19749152256
3,1815.177,grad,19657602560
3,1816.406,grad,19607066112
3,1817.634,grad,19578638848
3,1819.156,grad,19577590272
3,1820.498,grad,19596464640
3,1822.052,grad,19572707840
3,1823.308,grad,19570119168
3,1824.555,grad,19558318592
3,1825.803,grad,19483542016
3,1827.039,grad,19379405312
3,1828.273,grad,19326382592
3,1829.505,grad,19298872832
3,1831.241,grad,19297299968
3,1832.554,grad,19316174336
3,1834.0,grad,19292417536
3,1835.238,grad,19297168896
3,1836.475,grad,19277962752
3,1837.715,grad,19149774336
3,1838.951,grad,19097017856
3,1840.209,grad,19046485504
3,1841.489,grad,19019106816
3,1843.25,grad,19017009664
3,1844.561,grad,19035884032
3,1846.098,grad,19012127232
3,1847.365,grad,19016882688
3,1848.616,grad,18997672448
3,1849.882,grad,18915621376
3,1851.154,grad,18787367424
3,1852.395,grad,18765801984
3,1853.64,grad,18737767936
3,1855.404,grad,18736719360
3,1856.695,grad,18755593728
3,1858.226,grad,18731836928
3,1859.469,grad,18736604672
3,1860.74,grad,18717382144
3,1862.051,grad,18627991040
3,1863.294,grad,18507077120
3,1864.607,grad,18485970432
3,1865.867,grad,18458526208
3,1867.899,grad,18456429056
3,1869.221,grad,18475303424
3,1870.788,grad,18451546624
3,1872.063,grad,18456310272
3,1873.318,grad,18475889152
3,1874.556,grad,18316243456
3,1875.803,grad,18234126848
3,1877.038,grad,18220360192
3,1878.272,grad,18177711616
3,1880.019,grad,18176138752
3,1881.289,grad,18194882048
3,1883.119,grad,18171256320
3,1884.41,grad,18176011776
3,1885.676,grad,18156801536
3,1886.935,grad,18074750464
3,1888.181,grad,17946496512
3,1889.467,grad,17925389824
3,1890.719,grad,17896897024
3,1892.474,grad,17895848448
3,1893.799,grad,17914722816
3,1895.313,grad,17890966016
3,1896.561,grad,17895721472
3,1897.807,grad,17915308544
3,1899.047,grad,17794460160
3,1900.287,grad,17666206208
3,1901.663,grad,17645099520
3,1902.915,grad,17618179584
3,1904.66,grad,17615558144
3,1905.905,grad,17634366976
3,1907.5,grad,17610675712
3,1908.762,grad,17608087040
3,1910.019,grad,17593861632
3,1911.33,grad,17514235392
3,1912.586,grad,17439393280
3,1913.894,grad,17379030528
3,1915.138,grad,17361073664
3,1917.105,grad,17335267840
3,1918.381,grad,17354076672
3,1920.052,grad,17330385408
3,1921.33,grad,17335144960
3,1922.628,grad,17315930624
3,1923.877,grad,17241219584
3,1925.116,grad,17144422912
3,1926.35,grad,17084060160
3,1927.597,grad,17055174144
3,1929.438,grad,17054125568
3,1930.718,grad,17072934400
3,1932.358,grad,17048391168
3,1933.694,grad,17053146624
3,1934.993,grad,17111596544
3,1936.237,grad,16951885312
3,1937.472,grad,16855940608
3,1938.727,grad,16818449920
3,1939.958,grad,16801017344
3,1942.059,grad,16773835264
3,1943.324,grad,16792644096
3,1945.019,grad,16768952832
3,1946.261,grad,16773716480
3,1947.502,grad,16792443392
3,1948.748,grad,16663206400
3,1949.978,grad,16580893184
3,1951.221,grad,16512338432
3,1952.491,grad,16484304384
3,1954.722,grad,16482993664
3,1956.049,grad,16501900800
3,1957.72,grad,16478111232
3,1959.014,grad,16468182528
3,1960.287,grad,16468182528
3,1961.532,grad,16468182528
3,1962.95,grad,16468182016
3,1965.209,grad,16468182016
3,1966.528,grad,16468182016
3,1967.919,grad,16468182016
3,1969.161,grad,16468182016
3,1972.855,grad,16468182016
3,1974.31,grad,16468182016
3,1975.56,grad,16485876736
3,1976.831,grad,16507503616
3,1978.078,grad,16523232256
3,1979.935,grad,16523232256
3,1981.184,grad,16523242496
3,1982.587,grad,16685198336
3,1983.881,grad,16685198336
3,1985.777,grad,16685198336
3,1987.037,grad,16662588928
3,1988.281,grad,16606005248
3,1989.52,grad,16426371072
3,1990.807,grad,16303327232
3,1992.046,grad,16336455680
3,1993.292,grad,16368306176
3,1994.529,grad,16401958912
3,1995.772,grad,16433416192
3,1997.005,grad,16467134464
3,1998.238,grad,16371517440
3,2004.558,grad,16143452160
3,2010.937,grad,16143460352
3,2017.284,grad,16143460352
3,2024.031,grad,16143460352
3,2028.672,grad,16143460352
3,2030.017,grad,16150937600
3,2033.038,grad,16158406656
3,2034.482,grad,16167843840
3,2035.829,grad,16183688192
3,2037.168,grad,16219409408
3,2038.401,grad,16366341120
3,2039.624,grad,16451341312
3,2041.88,grad,16458685440
3,2043.202,grad,16468122624
3,2044.457,grad,16491307008
3,2045.708,grad,16558485504
3,2046.953,grad,16743165952
3,2048.186,grad,16757915648
3,2050.23,grad,16750575616
3,2051.501,grad,16760012800
3,2052.793,grad,16797877248
3,2054.058,grad,16865055744
3,2055.293,grad,16996258816
3,2058.173,grad,17042465792
3,2059.433,grad,17051902976
3,2060.694,grad,17089767424
3,2061.934,grad,17156945920
3,2063.209,grad,17288148992
3,2066.475,grad,17334355968
3,2067.784,grad,17343793152
3,2069.043,grad,17366977536
3,2070.281,grad,17434156032
3,2071.546,grad,17580039168
3,2072.816,grad,17633590272
3,2074.764,grad,17626246144
3,2076.02,grad,17635683328
3,2077.27,grad,17658867712
3,2078.51,grad,17726046208
3,2079.756,grad,17988321280
3,2080.989,grad,17910800384
3,2082.939,grad,17918136320
3,2084.217,grad,17927573504
3,2085.476,grad,17950757888
3,2086.779,grad,18017936384
3,2088.025,grad,18280211456
3,2089.258,grad,18202690560
3,2091.217,grad,18210026496
3,2092.484,grad,18219463680
3,2093.808,grad,18242648064
3,2095.05,grad,18309826560
3,2096.306,grad,18455709696
3,2097.557,grad,18509260800
3,2099.483,grad,18501916672
3,2100.76,grad,18511353856
3,2102.016,grad,18534538240
3,2103.27,grad,18601716736
3,2104.515,grad,18747599872
3,2105.761,grad,18808491008
3,2107.742,grad,18793806848
3,2109.312,grad,18803244032
3,2110.6,grad,18826428416
3,2111.855,grad,18893606912
3,2113.126,grad,19155881984
3,2114.43,grad,19093041152
3,2116.422,grad,19085697024
3,2117.7,grad,19095134208
3,2118.954,grad,19118318592
3,2120.187,grad,19185497088
3,2121.428,grad,19370177536
3,2122.697,grad,19399611392
3,2124.595,grad,19377587200
3,2125.85,grad,19387024384
3,2127.102,grad,19410208768
3,2128.337,grad,19477387264
3,2129.585,grad,19662067712
3,2130.82,grad,19676821504
3,2132.817,grad,19669477376
3,2134.082,grad,19678914560
3,2135.359,grad,19702098944
3,2136.661,grad,19769277440
3,2137.899,grad,19953957888
3,2139.134,grad,19983391744
3,2141.037,grad,19961367552
3,2142.315,grad,19970804736
3,2143.593,grad,19993989120
3,2144.835,grad,20061167616
3,2146.075,grad,20207050752
3,2147.356,grad,20260601856
3,2149.35,grad,20253257728
3,2150.623,grad,20262694912
3,2151.903,grad,20285879296
3,2153.233,grad,20353057792
3,2154.486,grad,20460143616
3,2155.737,grad,20567172096
3,2157.912,grad,20545147904
3,2159.176,grad,20554585088
3,2160.426,grad,20577769472
3,2161.678,grad,20644947968
3,2162.94,grad,20790831104
3,2164.188,grad,20844382208
3,2166.164,grad,20837038080
3,2167.421,grad,20846475264
3,2168.685,grad,20869659648
3,2169.93,grad,20936838144
3,2171.267,grad,21082721280
3,2172.641,grad,21143612416
3,2174.709,grad,21128928256
3,2175.987,grad,21138365440
3,2177.252,grad,21154209792
3,2178.517,grad,21189931008
3,2179.817,grad,21413408768
3,2181.171,grad,21413478400
3,2183.318,grad,21420818432
3,2184.709,grad,21430255616
3,2186.01,grad,21446099968
3,2187.306,grad,21489165312
3,2188.596,grad,21627638784
3,2189.877,grad,21690684416
3,2192.086,grad,21712708608
3,2193.35,grad,21722145792
3,2194.618,grad,21745330176
3,2195.857,grad,21812508672
3,2197.09,grad,22074783744
3,2198.324,grad,21997266944
3,2200.357,grad,22004598784
3,2201.927,grad,22014035968
3,2203.195,grad,22037220352
3,2204.459,grad,22104398848
3,2205.736,grad,22250281984
3,2206.973,grad,22303833088
3,2208.957,grad,22296488960
3,2210.207,grad,22305926144
3,2211.454,grad,22329110528
3,2212.706,grad,22396289024
3,2214.001,grad,22580969472
3,2215.245,grad,22603063296
3,2217.137,grad,22588379136
3,2218.394,grad,22597816320
3,2219.71,grad,22621000704
3,2220.978,grad,22688179200
3,2222.218,grad,22872859648
3,2223.471,grad,22902293504
3,2225.36,grad,22880269312
3,2226.627,grad,22889706496
3,2227.873,grad,22912890880
3,2229.103,grad,22980069376
3,2230.334,grad,23242344448
3,2231.583,grad,23186843648
3,2233.464,grad,23172159488
3,2234.758,grad,23181596672
3,2236.009,grad,23204781056
3,2237.337,grad,23286639616
3,2238.644,grad,23417842688
3,2241.483,grad,23464049664
3,2242.755,grad,23473486848
3,2244.023,grad,23496671232
3,2245.266,grad,23578529792
3,2246.499,grad,23670935552
3,2247.746,grad,23777964032
3,2249.87,grad,23755939840
3,2251.133,grad,23765377024
3,2252.408,grad,23788561408
3,2253.605,grad,23855739904
3,2254.849,grad,24040420352
3,2256.08,grad,24062514176
3,2257.953,grad,24047830016
3,2259.21,grad,24057267200
3,2260.486,grad,24095131648
3,2261.74,grad,24162375680
3,2262.985,grad,24300853248
3,2264.233,grad,24636463104
3,2265.591,grad,25251986944
3,2267.587,grad,25251986944
3,2268.828,grad,24940552192
3,2270.058,grad,24940552192
3,2271.291,grad,24940552192
3,2272.542,grad,24940552192
3,2273.796,grad,25563397120
3,2275.046,grad,24332364800
3,2276.31,grad,24316308480
3,2277.551,grad,24157318144
3,2278.8,grad,24082209792
3,2280.037,grad,24075721728
3,2281.28,grad,24068265984
3,2282.653,grad,24060925952
3,2283.923,grad,24077047808
3,2285.83,grad,24056043520
3,2287.107,grad,24060807168
3,2288.353,grad,24002791424
3,2289.593,grad,23920674816
3,2290.827,grad,23831218176
3,2292.065,grad,23810045952
3,2293.306,grad,23782667264
3,2295.069,grad,23780570112
3,2296.327,grad,23799378944
3,2297.978,grad,23775687680
3,2299.218,grad,23780447232
3,2300.452,grad,23761232896
3,2301.703,grad,23679116288
3,2302.933,grad,23543522304
3,2304.222,grad,23529755648
3,2305.479,grad,23501787136
3,2307.27,grad,23500214272
3,2308.569,grad,23519088640
3,2310.426,grad,23495331840
3,2311.711,grad,23500091392
3,2312.976,grad,23442079744
3,2314.214,grad,23367303168
3,2315.47,grad,23277846528
3,2316.736,grad,23264079872
3,2317.977,grad,23221955584
3,2319.687,grad,23219858432
3,2320.93,grad,23238601728
3,2322.586,grad,23214976000
3,2323.871,grad,23219731456
3,2325.133,grad,23278115840
3,2326.379,grad,23111064576
3,2327.63,grad,22990150656
3,2328.926,grad,22969043968
3,2330.16,grad,22941075456
3,2331.925,grad,22939502592
3,2333.258,grad,22958311424
3,2334.995,grad,22934620160
3,2336.308,grad,22939379712
3,2337.551,grad,22958962688
3,2338.8,grad,22799251456
3,2340.032,grad,22717134848
3,2341.266,grad,22703368192
3,2342.5,grad,22662292480
3,2344.15,grad,22659146752
3,2345.414,grad,22677890048
3,2347.096,grad,22654264320
3,2348.34,grad,22659027968
3,2349.586,grad,22601012224
3,2350.821,grad,22557692928
3,2352.051,grad,22422098944
3,2353.285,grad,22408332288
3,2354.524,grad,22381412352
3,2356.628,grad,22378790912
3,2357.971,grad,22397665280
3,2359.497,grad,22373908480
3,2360.762,grad,22393344000
3,2362.005,grad,22359453696
3,2363.239,grad,22238539776
3,2364.483,grad,22141743104
3,2365.845,grad,22127976448
3,2367.091,grad,22101056512
3,2368.8,grad,22098435072
3,2370.088,grad,22117309440
3,2371.674,grad,22093552640
3,2372.935,grad,22098304000
3,2374.186,grad,22040300544
3,2375.437,grad,21958183936
3,2376.698,grad,21876067328
3,2377.982,grad,21847620608
3,2379.217,grad,21819127808
3,2381.039,grad,21818079232
3,2382.285,grad,21836888064
3,2383.847,grad,21813196800
3,2385.099,grad,21817952256
3,2386.359,grad,21798742016
3,2387.635,grad,21716625408
3,2388.875,grad,21581031424
3,2390.112,grad,21567264768
3,2391.349,grad,21539296256
3,2393.146,grad,21537723392
3,2394.438,grad,21556597760
3,2396.082,grad,21532840960
3,2397.349,grad,21530252288
3,2398.626,grad,21516026880
3,2399.886,grad,21451015168
3,2401.125,grad,21346812928
3,2402.398,grad,21301130240
3,2403.593,grad,21289989120
3,2405.678,grad,21257367552
3,2406.973,grad,21276110848
3,2408.701,grad,21252485120
3,2409.944,grad,21257248768
3,2411.182,grad,21199298560
3,2412.414,grad,21117181952
3,2413.662,grad,21035065344
3,2414.901,grad,21006618624
3,2416.153,grad,20979698688
3,2417.991,grad,20977077248
3,2419.275,grad,20995951616
3,2420.758,grad,20972194816
3,2421.995,grad,20976958464
3,2423.236,grad,20996602880
3,2424.487,grad,20844231680
3,2425.767,grad,20740094976
3,2427.051,grad,20726328320
3,2428.285,grad,20698884096
3,2429.913,grad,20696786944
3,2431.186,grad,20715726848
3,2432.653,grad,20691904512
3,2433.887,grad,20696655872
3,2435.129,grad,20677515264
3,2436.394,grad,20510464000
3,2437.694,grad,20481824768
3,2438.946,grad,20445972480
3,2440.188,grad,20417545216
3,2442.026,grad,20416496640
3,2443.329,grad,20435371008
3,2444.811,grad,20411614208
3,2446.068,grad,20416373760
3,2447.309,grad,20474885120
3,2448.549,grad,20307768320
3,2449.793,grad,20186854400
3,2451.104,grad,20165747712
3,2452.343,grad,20138827776
3,2454.069,grad,20136206336
3,2455.318,grad,20155015168
3,2456.93,grad,20131323904
3,2458.18,grad,20136083456
3,2459.413,grad,20155666432
3,2460.66,grad,19996348416
3,2461.89,grad,19906498560
3,2463.119,grad,19885391872
3,2464.351,grad,19858996224
3,2465.98,grad,19855850496
3,2467.283,grad,19874724864
3,2468.787,grad,19850968064
3,2470.027,grad,19855727616
3,2471.269,grad,19836513280
3,2472.519,grad,19747056640
3,2473.774,grad,19655502848
3,2475.01,grad,19604970496
3,2476.265,grad,19578640384
3,2477.903,grad,19575494656
3,2479.212,grad,19594369024
3,2480.687,grad,19570612224
3,2481.93,grad,19575363584
3,2483.246,grad,19556222976
3,2484.484,grad,19474040832
3,2485.75,grad,19384649728
3,2487.005,grad,19338967040
3,2488.268,grad,19319437312
3,2490.172,grad,19295204352
3,2491.435,grad,19314078720
3,2492.892,grad,19290321920
3,2494.133,grad,19295089664
3,2495.375,grad,19275867136
3,2496.632,grad,19148006400
3,2497.872,grad,19094860800
3,2499.105,grad,19044324352
3,2500.338,grad,19014848512
3,2501.783,grad,19014848512
3,2503.043,grad,19033722880
3,2504.548,grad,19009966080
3,2505.799,grad,19014721536
3,2507.049,grad,19034308608
3,2508.285,grad,18874662912
3,2509.517,grad,18792546304
3,2510.761,grad,18778779648
3,2511.995,grad,18737703936
3,2513.58,grad,18734558208
3,2514.844,grad,18753432576
3,2516.326,grad,18729675776
3,2517.581,grad,18734439424
3,2518.824,grad,18715614208
3,2520.059,grad,18633497600
3,2521.292,grad,18497903616
3,2522.547,grad,18498817024
3,2523.823,grad,18457217024
3,2525.883,grad,18454595584
3,2527.191,grad,18473338880
3,2528.914,grad,18449713152
3,2530.157,grad,18454472704
3,2531.391,grad,18435258368
3,2532.632,grad,18346194944
3,2533.869,grad,18224953344
3,2535.101,grad,18203387904
3,2536.345,grad,18174305280
3,2538.265,grad,18174305280
3,2539.582,grad,18193179648
3,2541.099,grad,18169422848
3,2542.338,grad,18174186496
3,2543.577,grad,18116170752
3,2544.809,grad,18073244672
3,2546.047,grad,17944597504
3,2547.294,grad,17923032064
3,2548.533,grad,17894998016
3,2550.366,grad,17893949440
3,2551.616,grad,17912758272
3,2553.165,grad,17889067008
3,2554.423,grad,17893826560
3,2555.689,grad,17952272384
3,2556.943,grad,17792954368
3,2558.181,grad,17703497728
3,2559.419,grad,17642741760
3,2560.674,grad,17614707712
3,2562.461,grad,17613659136
3,2563.779,grad,17632533504
3,2565.315,grad,17608776704
3,2566.588,grad,17616149504
3,2567.861,grad,17672244224
3,2569.109,grad,17548184576
3,2570.353,grad,17427336192
3,2571.607,grad,17413377024
3,2572.866,grad,17362844672
3,2574.109,grad,17335465984
3,2575.892,grad,17333368832
3,2577.173,grad,17352112128
3,2578.852,grad,17328486400
3,2580.183,grad,17333241856
3,2581.442,grad,17314031616
3,2582.728,grad,17232308224
3,2583.97,grad,17096321024
3,2585.216,grad,17082095616
3,2586.485,grad,17053012992
3,2588.431,grad,17053012992
3,2589.74,grad,17071887360
3,2591.307,grad,17048130560
3,2592.562,grad,17052890112
3,2593.816,grad,17033675776
3,2595.053,grad,16944612352
3,2596.29,grad,16862102528
3,2597.543,grad,16801739776
3,2598.797,grad,16780112896
3,2600.786,grad,16772657152
3,2602.03,grad,16791465984
3,2603.645,grad,16767774720
3,2604.888,grad,16772534272
3,2606.16,grad,16830980096
3,2607.42,grad,16686342144
3,2608.689,grad,16588496896
3,2609.924,grad,16527282176
3,2611.158,grad,16503492608
3,2612.391,grad,16484764672
3,2613.829,grad,16483716096
3,2615.096,grad,16502590464
3,2616.801,grad,16478833664
3,2618.062,grad,16468904960
3,2619.297,grad,16468904960
3,2620.525,grad,16468904960
3,2622.131,grad,16468904448
3,2624.138,grad,16468904448
3,2625.439,grad,16468904448
3,2626.727,grad,16468904448
3,2628.054,grad,16468904448
3,2632.008,grad,16468904448
3,2633.438,grad,16468904448
3,2634.702,grad,16486599168
3,2635.952,grad,16508750336
3,2637.2,grad,16523889152
3,2639.472,grad,16523954688
3,2640.748,grad,16523964928
3,2642.226,grad,16685920768
3,2644.337,grad,16685920768
3,2645.611,grad,16685920768
3,2646.875,grad,16653480960
3,2648.136,grad,16596176384
3,2649.382,grad,16413068800
3,2650.64,grad,16304934400
3,2651.885,grad,16333639168
3,2653.145,grad,16367422976
3,2654.41,grad,16399273472
3,2655.663,grad,16432074240
3,2656.905,grad,16464514560
3,2658.167,grad,16378891776
3,2664.602,grad,16141848064
3,2670.981,grad,16141856256
3,2677.416,grad,16141856256
3,2683.802,grad,16141856256
3,2688.842,grad,16141856256
3,2690.197,grad,16149333504
3,2693.21,grad,16156802560
3,2694.627,grad,16166239744
3,2695.945,grad,16182084096
3,2697.193,grad,16233341440
3,2698.444,grad,16366637568
3,2699.697,grad,16451637760
3,2701.886,grad,16458981888
3,2703.15,grad,16469271040
3,2704.397,grad,16492455424
3,2705.633,grad,16520836608
3,2706.868,grad,16744314368
3,2708.163,grad,16742680064
3,2710.2,grad,16750872064
3,2711.458,grad,16760309248
3,2712.716,grad,16799025664
3,2713.946,grad,16851524096
3,2715.18,grad,16997407232
3,2716.407,grad,17058298368
3,2718.274,grad,17043614208
3,2719.543,grad,17053051392
3,2720.814,grad,17090915840
3,2722.064,grad,17143414272
3,2723.304,grad,17328094720
3,2724.569,grad,17350188544
3,2726.662,grad,17335504384
3,2727.921,grad,17344941568
3,2729.209,grad,17382806016
3,2730.469,grad,17449984512
3,2731.745,grad,17581187584
3,2734.447,grad,17627394560
3,2735.717,grad,17636831744
3,2736.962,grad,17674696192
3,2738.261,grad,17727194624
3,2739.504,grad,17911875072
3,2740.756,grad,17933968896
3,2742.547,grad,17919284736
3,2743.828,grad,17928721920
3,2745.082,grad,17966586368
3,2746.317,grad,18033764864
3,2747.563,grad,18164967936
3,2750.455,grad,18211174912
3,2751.73,grad,18220612096
3,2753.034,grad,18243796480
3,2754.306,grad,18310974976
3,2755.544,grad,18418060800
3,2756.81,grad,18517749248
3,2758.692,grad,18503065088
3,2759.963,grad,18512502272
3,2761.219,grad,18550366720
3,2762.475,grad,18617545216
3,2763.719,grad,18748748288
3,2766.563,grad,18794955264
3,2768.009,grad,18804392448
3,2769.288,grad,18827576832
3,2770.533,grad,18855958016
3,2771.8,grad,19157030400
3,2773.048,grad,19094189568
3,2774.989,grad,19086845440
3,2776.251,grad,19096282624
3,2777.505,grad,19134147072
3,2778.784,grad,19201325568
3,2780.096,grad,19332528640
3,2782.9,grad,19378735616
3,2784.161,grad,19388172800
3,2785.443,grad,19426037248
3,2786.731,grad,19493215744
3,2788.008,grad,19624418816
3,2790.786,grad,19670625792
3,2792.047,grad,19680062976
3,2793.296,grad,19717927424
3,2794.561,grad,19785105920
3,2795.806,grad,19916308992
3,2798.585,grad,19962515968
3,2799.854,grad,19971953152
3,2801.115,grad,19995137536
3,2802.368,grad,20023518720
3,2803.61,grad,20324591104
3,2804.845,grad,20247070208
3,2806.82,grad,20254406144
3,2808.237,grad,20263843328
3,2809.524,grad,20301707776
3,2810.778,grad,20368886272
3,2812.071,grad,20500089344
3,2814.83,grad,20546296320
3,2816.091,grad,20555733504
3,2817.336,grad,20593597952
3,2818.589,grad,20660776448
3,2819.885,grad,20791979520
3,2822.649,grad,20838186496
3,2823.905,grad,20847623680
3,2825.186,grad,20885553664
3,2826.458,grad,20952732160
3,2827.706,grad,21091209728
3,2830.368,grad,21130076672
3,2831.635,grad,21139513856
3,2832.881,grad,21177378304
3,2834.139,grad,21244622336
3,2835.366,grad,21383099904
3,2838.006,grad,21421966848
3,2839.274,grad,21431404032
3,2840.529,grad,21469268480
3,2841.771,grad,21536446976
3,2843.05,grad,21667650048
3,2845.828,grad,21713857024
3,2847.222,grad,21723294208
3,2848.526,grad,21746478592
3,2849.815,grad,21813657088
3,2851.056,grad,21998337536
3,2852.309,grad,22005751296
3,2854.137,grad,22005747200
3,2855.392,grad,22015184384
3,2856.636,grad,22053048832
3,2857.864,grad,22120227328
3,2859.139,grad,22251430400
3,2861.878,grad,22297637376
3,2863.14,grad,22307074560
3,2864.406,grad,22344939008
3,2865.636,grad,22412117504
3,2866.888,grad,22543320576
3,2869.664,grad,22589527552
3,2870.927,grad,22598964736
3,2872.202,grad,22636894720
3,2873.442,grad,22704073216
3,2874.688,grad,22842550784
3,2877.336,grad,22881417728
3,2878.603,grad,22890854912
3,2879.864,grad,22928719360
3,2881.107,grad,22995897856
3,2882.359,grad,23134440960
3,2885.177,grad,23173307904
3,2887.654,grad,23182745088
3,2888.924,grad,23205929472
3,2890.184,grad,23273107968
3,2891.455,grad,23418991104
3,2892.706,grad,23472542208
3,2894.626,grad,23465198080
3,2895.895,grad,23474635264
3,2897.15,grad,23497819648
3,2898.386,grad,23564998144
3,2899.664,grad,23827273216
3,2900.909,grad,23749752320
3,2902.842,grad,23757088256
3,2904.1,grad,23766525440
3,2905.344,grad,23789709824
3,2906.585,grad,23818091008
3,2907.852,grad,24041568768
3,2909.096,grad,24041642496
3,2911.175,grad,24048978432
3,2912.436,grad,24058415616
3,2913.726,grad,24096280064
3,2914.958,grad,24163458560
3,2916.241,grad,24294661632
3,2917.501,grad,24326184448
3,2918.778,grad,25883329536
3,2920.916,grad,25253127168
3,2922.176,grad,24941700608
3,2923.404,grad,24941700608
3,2924.689,grad,24941700608
3,2925.926,grad,24941700608
3,2927.163,grad,25253118464
3,2928.417,grad,24333971968
3,2929.668,grad,24239862272
3,2930.912,grad,24158204416
3,2932.24,grad,24105116160
3,2933.476,grad,24068809216
3,2935.367,grad,24061353472
3,2936.606,grad,24080555520
3,2938.207,grad,24056471040
3,2939.448,grad,24061222400
3,2940.726,grad,24042016256
3,2941.964,grad,23952559616
3,2943.219,grad,23831662080
3,2944.462,grad,23810473472
3,2945.7,grad,23803017728
3,2947.02,grad,23780997632
3,2948.294,grad,23799872000
3,2950.007,grad,23776115200
3,2951.288,grad,23780882944
3,2952.531,grad,23722863104
3,2953.778,grad,23594609152
3,2955.011,grad,23551302144
3,2956.243,grad,23522777600
3,2957.475,grad,23507981824
3,2958.894,grad,23500641792
3,2960.193,grad,23502738944
3,2961.68,grad,23495759360
3,2962.918,grad,23500510720
3,2964.157,grad,23473964544
3,2965.386,grad,23469442560
3,2966.613,grad,23270946304
3,2967.841,grad,23249761792
3,2969.083,grad,23239160320
3,2970.417,grad,23220285952
3,2971.689,grad,23239094784
3,2973.23,grad,23215403520
3,2974.471,grad,23220154880
3,2975.719,grad,23193608704
3,2976.955,grad,23072694784
3,2978.194,grad,23020663296
3,2979.431,grad,22962786816
3,2980.709,grad,22947991040
3,2982.145,grad,22940651008
3,2983.384,grad,22959525376
3,2985.187,grad,22935768576
3,2986.475,grad,22940536320
3,2987.739,grad,22960111104
3,2988.98,grad,22807739904
3,2990.225,grad,22740303360
3,2991.473,grad,22689771008
3,2992.722,grad,22663440896
3,2994.313,grad,22660295168
3,2995.585,grad,22664489472
3,2997.085,grad,22655412736
3,2998.325,grad,22660168192
3,2999.565,grad,22679755264
3,3000.838,grad,22527678976
3,3002.079,grad,22430882304
3,3003.308,grad,22409710080
3,3004.551,grad,22382331392
3,3006.109,grad,22380234240
3,3007.376,grad,22399436288
3,3009.073,grad,22375351808
3,3010.322,grad,22380119552
3,3011.58,grad,22322099712
3,3012.814,grad,22239983104
3,3014.041,grad,22165206528
3,3015.272,grad,22129354240
3,3016.502,grad,22101975552
3,3018.191,grad,22099878400
3,3019.44,grad,22118752768
3,3021.04,grad,22094995968
3,3022.296,grad,22092407296
3,3023.564,grad,22078181888
3,3024.855,grad,22013235712
3,3026.117,grad,21901693440
3,3027.357,grad,21863416320
3,3028.598,grad,21858558464
3,3030.665,grad,21819588096
3,3031.928,grad,21838528000
3,3033.461,grad,21814705664
3,3034.714,grad,21819465216
3,3035.952,grad,21761519104
3,3037.195,grad,21672062464
3,3038.429,grad,21589945856
3,3039.68,grad,21583519232
3,3040.933,grad,21541394944
3,3042.661,grad,21539297792
3,3043.958,grad,21558172160
3,3045.454,grad,21534415360
3,3046.71,grad,21539174912
3,3047.945,grad,21520026112
3,3049.182,grad,21437909504
3,3050.418,grad,21309655552
3,3051.708,grad,21288548864
3,3052.958,grad,21260580352
3,3054.754,grad,21259007488
3,3056.023,grad,21277881856
3,3057.492,grad,21254125056
3,3058.749,grad,21251536384
3,3060.014,grad,21237310976
3,3061.269,grad,21172364800
3,3062.516,grad,21061215744
3,3063.775,grad,21022938624
3,3065.039,grad,20979110400
3,3066.96,grad,20979110400
3,3068.294,grad,20997984768
3,3069.89,grad,20974227968
3,3071.181,grad,20978987520
3,3072.454,grad,20959773184
3,3073.72,grad,20870316544
3,3074.963,grad,20742062592
3,3076.205,grad,20728295936
3,3077.442,grad,20701376000
3,3079.223,grad,20698754560
3,3080.479,grad,20717563392
3,3082.113,grad,20693872128
3,3083.404,grad,20698635776
3,3084.762,grad,20679417344
3,3086.027,grad,20558568960
3,3087.289,grad,20476452352
3,3088.536,grad,20462685696
3,3089.802,grad,20420561408
3,3091.587,grad,20418464256
3,3092.848,grad,20437338624
3,3094.38,grad,20413581824
3,3095.635,grad,20418333184
3,3096.935,grad,20399192576
3,3098.178,grad,20309735936
3,3099.43,grad,20188822016
3,3100.724,grad,20167256576
3,3101.972,grad,20139222528
3,3103.714,grad,20138173952
3,3104.957,grad,20156982784
3,3106.583,grad,20133291520
3,3107.823,grad,20138042880
3,3109.062,grad,20118836736
3,3110.319,grad,19951851008
3,3111.595,grad,19908535808
3,3112.837,grad,19880019456
3,3114.072,grad,19865223680
3,3115.565,grad,19857883648
3,3116.843,grad,19876823552
3,3118.282,grad,19853001216
3,3119.548,grad,19857764864
3,3120.825,grad,19838546432
3,3122.071,grad,19717698048
3,3123.304,grad,19642921472
3,3124.54,grad,19607069184
3,3125.814,grad,19580739072
3,3127.397,grad,19577593344
3,3128.654,grad,19596467712
3,3130.119,grad,19572710912
3,3131.372,grad,19577462272
3,3132.694,grad,19558321664
3,3133.935,grad,19468865024
3,3135.184,grad,19347951104
3,3136.457,grad,19326844416
3,3137.712,grad,19300448768
3,3139.254,grad,19297303040
3,3140.599,grad,19316177408
3,3142.093,grad,19292420608
3,3143.333,grad,19297184256
3,3144.592,grad,19277965824
3,3145.921,grad,19164457472
3,3147.18,grad,19060320768
3,3148.416,grad,19061234176
3,3149.668,grad,19020158464
3,3151.337,grad,19017012736
3,3152.621,grad,19035887104
3,3154.095,grad,19012130304
3,3155.35,grad,19016881664
3,3156.61,grad,18997675520
3,3157.85,grad,18908284416
3,3159.088,grad,18787382784
3,3160.333,grad,18758858240
3,3161.602,grad,18736722432
3,3163.087,grad,18736722432
3,3164.351,grad,18740916736
3,3165.831,grad,18731840000
3,3167.077,grad,18736591360
3,3168.356,grad,18717450752
3,3169.588,grad,18627994112
3,3170.855,grad,18507080192
3,3172.123,grad,18485514752
3,3173.365,grad,18458004992
3,3175.018,grad,18456432128
3,3176.36,grad,18475306496
3,3177.925,grad,18451549696
3,3179.185,grad,18456313344
3,3180.432,grad,18398297600
3,3181.724,grad,18355043840
3,3182.974,grad,18258247168
3,3184.217,grad,18219970048
3,3185.47,grad,18208763392
3,3187.537,grad,18176141824
3,3188.845,grad,18195016192
3,3190.303,grad,18171259392
3,3191.564,grad,18176018944
3,3192.829,grad,18156804608
3,3194.07,grad,18074753536
3,3195.303,grad,17946499584
3,3196.584,grad,17925392896
3,3197.816,grad,17898472960
3,3199.507,grad,17895851520
3,3200.778,grad,17914660352
3,3202.486,grad,17890969088
3,3203.765,grad,17888380416
3,3205.022,grad,17874155008
3,3206.285,grad,17794528768
3,3207.535,grad,17712346624
3,3208.83,grad,17659323904
3,3210.077,grad,17640318464
3,3211.331,grad,17615561216
3,3212.609,grad,17644986880
3,3214.087,grad,17610187264
3,3215.333,grad,17618018816
3,3216.583,grad,17615430144
3,3217.828,grad,17596224000
3,3219.074,grad,17482715648
3,3220.326,grad,17393259008
3,3221.596,grad,17364353536
3,3222.846,grad,17335270912
3,3224.814,grad,17335270912
3,3226.161,grad,17354079744
3,3227.971,grad,17330388480
3,3229.248,grad,17335152128
3,3230.525,grad,17277136384
3,3231.851,grad,17226542592
3,3233.109,grad,17112968704
3,3234.426,grad,17084521984
3,3235.701,grad,17056750080
3,3237.829,grad,17054128640
3,3239.164,grad,17072413184
3,3240.517,grad,17048377856
3,3241.824,grad,17048394240
3,3243.101,grad,17045805568
3,3244.364,grad,17046325760
3,3245.609,grad,16951495168
3,3246.894,grad,16870689280
3,3248.133,grad,16817994240
3,3249.369,grad,16800750080
3,3250.621,grad,16774690304
3,3251.98,grad,16773838336
3,3253.308,grad,16792647168
3,3255.055,grad,16768955904
3,3256.312,grad,16773715456
3,3257.581,grad,16831243776
3,3258.84,grad,16670549504
3,3260.08,grad,16572704256
3,3261.326,grad,16527087104
3,3262.624,grad,16514831872
3,3263.91,grad,16490336768
3,3265.216,grad,16512881152
3,3266.649,grad,16477622784
3,3267.907,grad,16478114304
3,3269.152,grad,16468185600
3,3270.384,grad,16468185600
3,3271.644,grad,16468185600
3,3273.557,grad,16468185088
3,3275.4,grad,16468185088
3,3276.757,grad,16468185088
3,3278.057,grad,16468185088
3,3279.305,grad,16468185088
3,3283.347,grad,16468185088
3,3284.812,grad,16468185088
3,3286.064,grad,16484438016
3,3287.32,grad,16505999360
3,3288.618,grad,16523235328
3,3290.687,grad,16523235328
3,3292.039,grad,16523241984
3,3293.306,grad,16685201408
3,3294.556,grad,16685201408
3,3295.805,grad,16685201408
3,3297.589,grad,16685201408
3,3299.144,grad,16629667328
3,3300.38,grad,16476967936
3,3301.665,grad,16318469120
3,3302.957,grad,16319812608
3,3304.215,grad,16351859712
3,3305.469,grad,16384889856
3,3306.73,grad,16414446592
3,3307.965,grad,16446166016
3,3309.218,grad,16441447424
3,3310.454,grad,16338949120
3,3316.895,grad,16143455232
3,3323.301,grad,16143463424
3,3329.683,grad,16143463424
3,3336.06,grad,16143463424
3,3340.915,grad,16143463424
3,3342.323,grad,16150940672
3,3345.415,grad,16158409728
3,3346.835,grad,16167846912
3,3348.156,grad,16183691264
3,3349.4,grad,16234096640
3,3350.668,grad,16351598592
3,3351.905,grad,16504821760
3,3354.346,grad,16458688512
3,3355.626,grad,16468125696
3,3356.879,grad,16483970048
3,3358.175,grad,16519691264
3,3359.408,grad,16743169024
3,3360.655,grad,16743242752
3,3362.802,grad,16750578688
3,3364.072,grad,16760015872
3,3365.341,grad,16783200256
3,3366.582,grad,16811581440
3,3367.813,grad,17035059200
3,3369.045,grad,17035128832
3,3371.113,grad,17042468864
3,3372.722,grad,17051906048
3,3373.988,grad,17067750400
3,3375.285,grad,17103471616
3,3376.517,grad,17404544000
3,3377.759,grad,17341699072
3,3379.837,grad,17334359040
3,3381.091,grad,17343796224
3,3382.335,grad,17359640576
3,3383.656,grad,17395361792
3,3384.901,grad,17618839552
3,3386.153,grad,17633585152
3,3388.281,grad,17626249216
3,3389.551,grad,17635686400
3,3390.809,grad,17658870784
3,3392.045,grad,17726049280
3,3393.306,grad,17910729728
3,3394.559,grad,17910803456
3,3396.674,grad,17918139392
3,3397.927,grad,17927576576
3,3399.176,grad,17950760960
3,3400.405,grad,18017939456
3,3401.596,grad,18202619904
3,3402.857,grad,18202693632
3,3404.89,grad,18210029568
3,3406.175,grad,18219466752
3,3407.424,grad,18242651136
3,3408.676,grad,18271032320
3,3409.932,grad,18494510080
3,3411.159,grad,18494587904
3,3413.217,grad,18501919744
3,3414.724,grad,18511356928
3,3415.987,grad,18534541312
3,3417.223,grad,18562922496
3,3418.454,grad,18863994880
3,3419.705,grad,18786473984
3,3421.763,grad,18793809920
3,3423.055,grad,18803247104
3,3424.322,grad,18819091456
3,3425.629,grad,18854812672
3,3426.883,grad,19078290432
3,3428.122,grad,19093036032
3,3430.358,grad,19085700096
3,3431.702,grad,19095137280
3,3432.964,grad,19110981632
3,3434.249,grad,19146702848
3,3435.517,grad,19447775232
3,3436.768,grad,19370250240
3,3438.87,grad,19377590272
3,3440.248,grad,19387027456
3,3441.582,grad,19402871808
3,3442.883,grad,19438593024
3,3444.168,grad,19662070784
3,3445.443,grad,19662140416
3,3447.691,grad,19669480448
3,3448.973,grad,19678917632
3,3450.225,grad,19702102016
3,3451.458,grad,19730483200
3,3452.715,grad,20031555584
3,3454.001,grad,19968710656
3,3456.224,grad,19961370624
3,3457.736,grad,19970807808
3,3458.996,grad,19986652160
3,3460.262,grad,20022373376
3,3461.498,grad,20245851136
3,3462.745,grad,20245928960
3,3464.853,grad,20253260800
3,3466.147,grad,20262697984
3,3467.398,grad,20278542336
3,3468.669,grad,20314263552
3,3469.936,grad,20537741312
3,3471.174,grad,20537819136
3,3473.276,grad,20545150976
3,3474.551,grad,20554588160
3,3475.812,grad,20570432512
3,3477.076,grad,20606153728
3,3478.321,grad,20907226112
3,3479.587,grad,20829705216
3,3481.692,grad,20837041152
3,3482.954,grad,20846478336
3,3484.287,grad,20862322688
3,3485.541,grad,20898043904
3,3486.818,grad,21121521664
3,3488.078,grad,21136267264
3,3490.231,grad,21128931328
3,3491.508,grad,21138368512
3,3492.772,grad,21161552896
3,3494.059,grad,21228731392
3,3495.307,grad,21413411840
3,3496.54,grad,21435505664
3,3498.521,grad,21420821504
3,3499.997,grad,21430258688
3,3501.257,grad,21453443072
3,3502.492,grad,21520621568
3,3503.786,grad,21782896640
3,3505.038,grad,21720055808
3,3507.127,grad,21712711680
3,3508.385,grad,21722148864
3,3509.595,grad,21745333248
3,3510.826,grad,21812511744
3,3512.056,grad,21997192192
3,3513.289,grad,22026626048
3,3515.293,grad,22004601856
3,3516.585,grad,22014039040
3,3517.837,grad,22037223424
3,3519.073,grad,22065604608
3,3520.306,grad,22366676992
3,3521.542,grad,22289156096
3,3523.507,grad,22296492032
3,3524.829,grad,22305929216
3,3526.092,grad,22329113600
3,3527.333,grad,22396292096
3,3528.619,grad,22542175232
3,3531.514,grad,22588382208
3,3532.796,grad,22597819392
3,3534.09,grad,22621003776
3,3535.343,grad,22688182272
3,3536.638,grad,22834065408
3,3537.875,grad,22894956544
3,3539.827,grad,22880272384
3,3541.296,grad,22889709568
3,3542.557,grad,22912893952
3,3543.808,grad,22980072448
3,3545.089,grad,23164752896
3,3546.333,grad,23179506688
3,3548.351,grad,23172162560
3,3549.615,grad,23181599744
3,3550.899,grad,23204784128
3,3552.154,grad,23286642688
3,3553.439,grad,23417845760
3,3556.284,grad,23464052736
3,3557.56,grad,23473489920
3,3558.82,grad,23511354368
3,3560.053,grad,23578532864
3,3561.319,grad,23709735936
3,3564.082,grad,23755942912
3,3565.406,grad,23765380096
3,3566.681,grad,23788564480
3,3567.958,grad,23855742976
3,3569.244,grad,24001626112
3,3572.008,grad,24047833088
3,3573.302,grad,24057270272
3,3574.562,grad,24095134720
3,3575.83,grad,24162313216
3,3577.097,grad,24293516288
3,3578.329,grad,24325039104
3,3579.672,grad,25251990016
3,3581.595,grad,25251981824
3,3582.839,grad,24940555264
3,3584.085,grad,24940555264
3,3585.351,grad,24940555264
3,3586.607,grad,24940555264
3,3587.856,grad,26186254336
3,3589.186,grad,24332826624
3,3590.441,grad,24238716928
3,3591.693,grad,24172394496
3,3592.929,grad,24104232960
3,3594.172,grad,24087939072
3,3595.43,grad,24060929024
3,3596.7,grad,24060929024
3,3597.948,grad,24079737856
3,3599.831,grad,24056046592
3,3601.088,grad,24060814336
3,3602.328,grad,24002794496
3,3603.588,grad,23928017920
3,3604.849,grad,23823881216
3,3606.104,grad,23824794624
3,3607.341,grad,23783194624
3,3609.036,grad,23780573184
3,3610.32,grad,23799447552
3,3611.799,grad,23775690752
3,3613.044,grad,23780446208
3,3614.287,grad,23838830592
3,3615.54,grad,23671779328
3,3616.793,grad,23558205440
3,3618.029,grad,23529299968
3,3619.262,grad,23501265920
3,3621.044,grad,23500217344
3,3622.354,grad,23519091712
3,3623.925,grad,23495334912
3,3625.19,grad,23500094464
3,3626.459,grad,23442082816
3,3627.722,grad,23359966208
3,3628.985,grad,23285189632
3,3630.237,grad,23249337344
3,3631.474,grad,23221958656
3,3633.112,grad,23219861504
3,3634.358,grad,23238604800
3,3636.316,grad,23214979072
3,3637.592,grad,23219738624
3,3638.835,grad,23200524288
3,3640.074,grad,23118407680
3,3641.31,grad,22982813696
3,3642.543,grad,22983727104
3,3643.791,grad,22942127104
3,3645.914,grad,22939505664
3,3647.171,grad,22958314496
3,3648.833,grad,22934623232
3,3650.073,grad,22939386880
3,3651.307,grad,22881371136
3,3652.568,grad,22753117184
3,3653.824,grad,22724477952
3,3655.089,grad,22688691200
3,3656.344,grad,22661771264
3,3658.11,grad,22659149824
3,3659.357,grad,22677958656
3,3660.992,grad,22654267392
3,3662.234,grad,22659026944
3,3663.471,grad,22639812608
3,3664.726,grad,22550355968
3,3665.981,grad,22422102016
3,3667.267,grad,22408335360
3,3668.504,grad,22381415424
3,3670.238,grad,22378793984
3,3671.516,grad,22397733888
3,3673.023,grad,22373911552
3,3674.278,grad,22371322880
3,3675.549,grad,22357097472
3,3676.824,grad,22292085760
3,3678.072,grad,22180543488
3,3679.307,grad,22142266368
3,3680.541,grad,22098438144
3,3682.389,grad,22098438144
3,3683.688,grad,22117312512
3,3685.271,grad,22093555712
3,3686.561,grad,22098315264
3,3687.843,grad,22117898240
3,3689.106,grad,21996984320
3,3690.458,grad,21861390336
3,3691.78,grad,21847623680
3,3693.027,grad,21819130880
3,3694.9,grad,21818082304
3,3696.211,grad,21837022208
3,3697.724,grad,21813199872
3,3698.968,grad,21817963520
3,3700.225,grad,21759947776
3,3701.463,grad,21709288448
3,3702.714,grad,21617738752
3,3703.953,grad,21574542336
3,3705.195,grad,21540872192
3,3706.898,grad,21537726464
3,3708.213,grad,21556600832
3,3709.781,grad,21532844032
3,3711.023,grad,21540184064
3,3712.286,grad,21552275456
3,3713.525,grad,21511049216
3,3714.777,grad,21404815360
3,3716.059,grad,21300678656
3,3717.311,grad,21286912000
3,3718.549,grad,21259992064
3,3720.331,grad,21257370624
3,3721.613,grad,21276244992
3,3723.094,grad,21252488192
3,3724.335,grad,21257251840
3,3725.59,grad,21238098944
3,3726.893,grad,21155982336
3,3728.221,grad,21020388352
3,3729.503,grad,21006621696
3,3730.783,grad,20979701760
3,3732.461,grad,20977080320
3,3733.721,grad,20995954688
3,3735.273,grad,20972197888
3,3736.568,grad,20976957440
3,3737.845,grad,20957808640
3,3739.085,grad,20836894720
3,3740.318,grad,20747438080
3,3741.584,grad,20726331392
3,3742.818,grad,20698887168
3,3744.469,grad,20696790016
3,3745.745,grad,20715533312
3,3747.425,grad,20691907584
3,3748.68,grad,20696658944
3,3750.003,grad,20677583872
3,3751.244,grad,20595401728
3,3752.477,grad,20505945088
3,3753.722,grad,20445582336
3,3754.962,grad,20417548288
3,3756.882,grad,20416499712
3,3758.179,grad,20435374080
3,3759.674,grad,20411617280
3,3760.916,grad,20445732864
3,3762.155,grad,20474822656
3,3763.394,grad,20322451456
3,3764.654,grad,20186857472
3,3765.894,grad,20165292032
3,3767.165,grad,20137257984
3,3768.984,grad,20136209408
3,3770.26,grad,20155083776
3,3771.889,grad,20131326976
3,3773.156,grad,20136086528
3,3774.398,grad,20155669504
3,3775.602,grad,20027415552
3,3776.855,grad,19913841664
3,3778.164,grad,19885394944
3,3779.402,grad,19858475008
3,3781.142,grad,19855853568
3,3782.466,grad,19874727936
3,3784.007,grad,19850971136
3,3785.256,grad,19855722496
3,3786.582,grad,19834157056
3,3787.833,grad,19754465280
3,3789.076,grad,19679623168
3,3790.313,grad,19619325952
3,3791.552,grad,19584002048
3,3793.483,grad,19575497728
3,3794.76,grad,19594372096
3,3796.25,grad,19570615296
3,3797.509,grad,19575378944
3,3798.763,grad,19517363200
3,3799.997,grad,19466703872
3,3801.226,grad,19375215616
3,3802.462,grad,19324683264
3,3803.707,grad,19296256000
3,3805.18,grad,19295207424
3,3806.514,grad,19314081792
3,3808.035,grad,19290324992
3,3809.28,grad,19295076352
3,3810.514,grad,19268530176
3,3811.767,grad,19186806784
3,3812.996,grad,19065503744
3,3814.226,grad,19036987392
3,3815.467,grad,19025861632
3,3816.943,grad,19014851584
3,3818.23,grad,19033725952
3,3819.687,grad,19009969152
3,3820.926,grad,19007380480
3,3822.239,grad,18995579904
3,3823.473,grad,18920803328
3,3824.72,grad,18785209344
3,3826.017,grad,18764102656
3,3827.292,grad,18737182720
3,3828.956,grad,18734561280
3,3830.223,grad,18753435648
3,3831.731,grad,18729678848
3,3832.975,grad,18734446592
3,3834.234,grad,18676819968
3,3835.562,grad,18602436608
3,3836.87,grad,18505246720
3,3838.139,grad,18483681280
3,3839.404,grad,18455647232
3,3841.224,grad,18454598656
3,3842.475,grad,18473407488
3,3844.097,grad,18449716224
3,3845.339,grad,18454479872
3,3846.595,grad,18435261440
3,3847.857,grad,18360878080
3,3849.095,grad,18263753728
3,3850.332,grad,18203390976
3,3851.589,grad,18175356928
3,3853.427,grad,18174308352
3,3854.767,grad,18193182720
3,3856.411,grad,18169425920
3,3857.786,grad,18166837248
3,3859.08,grad,18152611840
3,3860.344,grad,18073313280
3,3861.604,grad,17991131136
3,3862.851,grad,17937256448
3,3864.088,grad,17918185472
3,3865.327,grad,17893952512
3,3866.588,grad,17893952512
3,3867.981,grad,17912695808
3,3869.747,grad,17889070080
3,3871.027,grad,17893829632
3,3872.388,grad,17874615296
3,3873.713,grad,17785617408
3,3874.958,grad,17671650304
3,3876.319,grad,17643203584
3,3877.595,grad,17614710784
3,3879.516,grad,17613662208
3,3880.805,grad,17632471040
3,3882.491,grad,17608779776
3,3883.781,grad,17642895360
3,3885.024,grad,17671985152
3,3886.277,grad,17527019520
3,3887.58,grad,17430550528
3,3888.84,grad,17391355904
3,3890.109,grad,17352886272
3,3891.35,grad,17334420480
3,3892.626,grad,17333371904
3,3893.893,grad,17352115200
3,3895.835,grad,17328489472
3,3897.084,grad,17325900800
3,3898.35,grad,17311675392
3,3899.649,grad,17232376832
3,3900.884,grad,17149801472
3,3902.175,grad,17096778752
3,3903.412,grad,17085637632
3,3905.499,grad,17053016064
3,3906.781,grad,17072218112
3,3908.586,grad,17048133632
3,3909.836,grad,17052893184
3,3911.074,grad,17033678848
3,3912.307,grad,16951955456
3,3913.558,grad,16815968256
3,3914.799,grad,16801742848
3,3916.032,grad,16773708800
3,3918.006,grad,16772660224
3,3919.34,grad,16791403520
3,3921.195,grad,16767777792
3,3922.454,grad,16772537344
3,3923.758,grad,16753388544
3,3925.003,grad,16671599616
3,3926.259,grad,16573819904
3,3927.632,grad,16527285248
3,3928.936,grad,16518233088
3,3930.2,grad,16483719168
3,3931.473,grad,16483719168
3,3932.765,grad,16502593536
3,3934.611,grad,16478836736
3,3935.88,grad,16468908032
3,3937.168,grad,16468908032
3,3938.485,grad,16468908032
3,3939.767,grad,16468908032
3,3942.477,grad,16468907520
3,3943.829,grad,16468907520
3,3945.399,grad,16468907520
3,3946.688,grad,16468907520
3,3950.354,grad,16468907520
3,3951.884,grad,16468907520
3,3953.166,grad,16486077952
3,3954.407,grad,16507246080
3,3955.666,grad,16523957760
3,3957.759,grad,16523957760
3,3959.1,grad,16523964416
3,3960.493,grad,16685923840
3,3961.755,grad,16685923840
3,3963.084,grad,16685923840
3,3964.341,grad,16685923840
3,3965.627,grad,16630389248
3,3966.901,grad,16548928000
3,3968.175,grad,16375126528
3,3969.424,grad,16307821056
3,3970.682,grad,16338852352
3,3971.941,grad,16370309632
3,3973.258,grad,16403012096
3,3974.605,grad,16432306688
3,3975.86,grad,16463305216
3,3977.112,grad,16389806592
3,3978.375,grad,16303331840
3,3984.094,grad,16141851136
3,3990.523,grad,16141859328
3,3996.941,grad,16141859328
3,4003.397,grad,16141859328
3,4009.728,grad,16141859328
3,4011.13,grad,16149336576
3,4014.153,grad,16156805632
3,4015.568,grad,16166242816
3,4016.883,grad,16182087168
3,4018.13,grad,16218660352
3,4019.399,grad,16351895040
3,4020.597,grad,16520650240
3,4023.03,grad,16458984960
3,4024.285,grad,16469274112
3,4025.547,grad,16492458496
3,4026.825,grad,16559636992
3,4028.15,grad,16821912064
3,4029.427,grad,16757359104
3,4031.736,grad,16750875136
3,4033.006,grad,16760312320
3,4034.26,grad,16777008640
3,4035.55,grad,16812729856
3,4036.815,grad,17036207616
3,4038.053,grad,17050957312
3,4040.284,grad,17043617280
3,4041.891,grad,17053054464
3,4043.147,grad,17068898816
3,4044.381,grad,17104620032
3,4045.618,grad,17328097792
3,4046.847,grad,17342843392
3,4048.992,grad,17335507456
3,4050.263,grad,17344944640
3,4051.508,grad,17360788992
3,4052.788,grad,17396510208
3,4054.016,grad,17697582592
3,4055.263,grad,17620061696
3,4057.345,grad,17627397632
3,4058.615,grad,17636834816
3,4059.869,grad,17652679168
3,4061.135,grad,17688400384
3,4062.363,grad,17911878144
3,4063.605,grad,17911947776
3,4065.69,grad,17919287808
3,4066.942,grad,17928724992
3,4068.194,grad,17951909376
3,4069.443,grad,17980290560
3,4070.694,grad,18203768320
3,4071.941,grad,18203842048
3,4073.979,grad,18211177984
3,4075.238,grad,18220615168
3,4076.558,grad,18243799552
3,4077.85,grad,18310978048
3,4079.117,grad,18573253120
3,4080.374,grad,18495732224
3,4082.391,grad,18503068160
3,4083.904,grad,18512505344
3,4085.168,grad,18535689728
3,4086.407,grad,18602868224
3,4087.697,grad,18787548672
3,4088.935,grad,18802298368
3,4091.155,grad,18794958336
3,4092.465,grad,18804395520
3,4093.744,grad,18820239872
3,4095.007,grad,18855961088
3,4096.241,grad,19157033472
3,4097.472,grad,19079512576
3,4099.551,grad,19086848512
3,4100.828,grad,19096285696
3,4102.08,grad,19119470080
3,4103.311,grad,19186648576
3,4104.541,grad,19448923648
3,4105.787,grad,19371406848
3,4107.89,grad,19378738688
3,4109.184,grad,19388175872
3,4110.45,grad,19404020224
3,4111.786,grad,19439741440
3,4113.021,grad,19663219200
3,4114.261,grad,19663288832
3,4116.451,grad,19670628864
3,4117.773,grad,19680066048
3,4119.114,grad,19695910400
3,4120.372,grad,19724291584
3,4121.658,grad,19862769152
3,4122.963,grad,20030672384
3,4125.54,grad,19962519040
3,4127.125,grad,19971956224
3,4128.411,grad,19987800576
3,4129.68,grad,20023525888
3,4130.952,grad,20169339392
3,4132.232,grad,20232385024
3,4134.612,grad,20254409216
3,4135.977,grad,20263846400
3,4137.234,grad,20287030784
3,4138.491,grad,20354209280
3,4139.753,grad,20538889728
3,4140.99,grad,20538955264
3,4143.204,grad,20546299392
3,4144.509,grad,20555736576
3,4145.914,grad,20571580928
3,4147.311,grad,20607302144
3,4148.61,grad,20830779904
3,4149.97,grad,20830845440
3,4152.296,grad,20838189568
3,4153.656,grad,20847626752
3,4154.91,grad,20870811136
3,4156.148,grad,20937989632
3,4157.388,grad,21122670080
3,4158.608,grad,21122735616
3,4161.104,grad,21130079744
3,4162.485,grad,21139516928
3,4163.782,grad,21147905536
3,4165.149,grad,21183738368
3,4166.408,grad,21283422720
3,4167.672,grad,21460697600
3,4170.715,grad,21421969920
3,4172.378,grad,21431407104
3,4173.741,grad,21447251456
3,4175.082,grad,21482972672
3,4176.327,grad,21706450432
3,4177.633,grad,21706515968
3,4179.962,grad,21713860096
3,4181.369,grad,21723297280
3,4182.699,grad,21739141632
3,4183.979,grad,21774862848
3,4185.246,grad,21998340608
3,4186.523,grad,22013090304
3,4188.918,grad,22005750272
3,4190.285,grad,22015187456
3,4191.55,grad,22031031808
3,4192.862,grad,22066753024
3,4194.113,grad,22290230784
3,4195.346,grad,22304980480
3,4197.442,grad,22297640448
3,4198.727,grad,22307077632
3,4199.983,grad,22322921984
3,4201.279,grad,22358643200
3,4202.512,grad,22659715584
3,4203.778,grad,22582190592
3,4205.883,grad,22589530624
3,4207.192,grad,22598967808
3,4208.46,grad,22622152192
3,4209.753,grad,22689330688
3,4210.993,grad,22874011136
3,4212.226,grad,22874084864
3,4214.32,grad,22881420800
3,4215.869,grad,22890857984
3,4217.129,grad,22914042368
3,4218.367,grad,22942423552
3,4219.609,grad,23165901312
3,4220.848,grad,23180646912
3,4223.012,grad,23173310976
3,4224.267,grad,23182748160
3,4225.518,grad,23205932544
3,4226.777,grad,23273111040
3,4228.116,grad,23418994176
3,4229.36,grad,23457869312
3,4231.407,grad,23465201152
3,4232.685,grad,23474638336
3,4233.933,grad,23497822720
3,4235.195,grad,23565001216
3,4236.44,grad,23710884352
3,4237.687,grad,23749759488
3,4239.726,grad,23757091328
3,4240.98,grad,23766528512
3,4242.225,grad,23782372864
3,4243.46,grad,23818094080
3,4244.714,grad,24041571840
3,4245.943,grad,24041649664
3,4248.029,grad,24048981504
3,4249.305,grad,24058418688
3,4250.551,grad,24081603072
3,4251.795,grad,24109984256
3,4253.043,grad,24411056640
3,4254.269,grad,24333539840
3,4255.501,grad,25883345408
3,4257.939,grad,25253130240
3,4259.192,grad,24941703680
3,4260.423,grad,24941703680
3,4261.672,grad,24941703680
3,4262.901,grad,24941703680
3,4264.138,grad,24326180352
3,4265.369,grad,24334040576
3,4266.609,grad,24239865344
3,4267.843,grad,24172887552
3,4269.073,grad,24104660480
3,4270.304,grad,24086638080
3,4271.539,grad,24068696576
3,4272.827,grad,24090782208
3,4274.335,grad,24055982592
3,4275.867,grad,24056474112
3,4277.132,grad,24061237760
3,4278.369,grad,24003222016
3,4279.604,grad,23921105408
3,4280.833,grad,23831648768
3,4282.061,grad,23810476544
3,4283.291,grad,23783097856
3,4284.88,grad,23781000704
3,4286.145,grad,23799809536
3,4287.8,grad,23776118272
3,4289.044,grad,23780881920
3,4290.287,grad,23761663488
3,4291.515,grad,23640749568
3,4292.755,grad,23558632960
3,4293.983,grad,23530120704
3,4295.21,grad,23502742016
3,4296.709,grad,23500644864
3,4297.943,grad,23519519232
3,4299.388,grad,23495762432
3,4300.632,grad,23500526080
3,4301.863,grad,23442510336
3,4303.087,grad,23391851008
3,4304.314,grad,23270941184
3,4305.542,grad,23242424832
3,4306.78,grad,23227629056
3,4308.291,grad,23220289024
3,4309.62,grad,23239163392
3,4311.338,grad,23215406592
3,4312.601,grad,23220170240
3,4313.835,grad,23162154496
3,4315.067,grad,23111495168
3,4316.296,grad,23020666368
3,4317.531,grad,22977469952
3,4318.776,grad,22941702656
3,4320.416,grad,22940654080
3,4321.673,grad,22959462912
3,4323.289,grad,22935771648
3,4324.528,grad,22940535296
3,4325.774,grad,22882519552
3,4327.007,grad,22800402944
3,4328.252,grad,22725626368
3,4329.492,grad,22689774080
3,4330.732,grad,22663443968
3,4332.361,grad,22660298240
3,4333.638,grad,22679172608
3,4335.135,grad,22655415808
3,4336.376,grad,22660175360
3,4337.616,grad,22640961024
3,4338.851,grad,22559139328
3,4340.082,grad,22438225408
3,4341.317,grad,22409319936
3,4342.547,grad,22381285888
3,4344.401,grad,22380237312
3,4345.715,grad,22399111680
3,4347.258,grad,22375354880
3,4348.503,grad,22380106240
3,4349.851,grad,22360965632
3,4351.089,grad,22278783488
3,4352.324,grad,22189326848
3,4353.554,grad,22128964096
3,4354.801,grad,22100930048
3,4356.609,grad,22099881472
3,4357.893,grad,22118755840
3,4359.407,grad,22094999040
3,4360.666,grad,22129114624
3,4361.9,grad,22080609792
3,4363.132,grad,21959695872
3,4364.36,grad,21862899200
3,4365.638,grad,21849132544
3,4366.872,grad,21853842944
3,4368.108,grad,21820639744
3,4369.338,grad,21834271232
3,4370.661,grad,21838465536
3,4372.273,grad,21814708736
3,4373.528,grad,21819464192
3,4374.778,grad,21877979648
3,4376.009,grad,21710862848
3,4377.242,grad,21597288960
3,4378.52,grad,21568842240
3,4379.771,grad,21541922304
3,4381.612,grad,21539300864
3,4382.893,grad,21558175232
3,4384.425,grad,21534418432
3,4385.724,grad,21531829760
3,4386.992,grad,21517604352
3,4388.235,grad,21452658176
3,4389.473,grad,21341115904
3,4390.725,grad,21302838784
3,4391.961,grad,21259011584
3,4393.919,grad,21259010560
3,4395.226,grad,21277884928
3,4396.745,grad,21254128128
3,4397.992,grad,21258891776
3,4399.231,grad,21200941568
3,4400.469,grad,21111484928
3,4401.716,grad,21037101568
3,4403.004,grad,21008654848
3,4404.27,grad,20981734912
3,4406.078,grad,20979113472
3,4407.412,grad,20997922304
3,4409.062,grad,20974231040
3,4410.331,grad,20978998784
3,4411.605,grad,20998573568
3,4412.921,grad,20877659648
3,4414.166,grad,20749405696
3,4415.403,grad,20728299008
3,4416.659,grad,20701379072
3,4418.369,grad,20698757632
3,4419.646,grad,20717632000
3,4421.17,grad,20693875200
3,4422.41,grad,20691286528
3,4423.681,grad,20677061120
3,4424.922,grad,20612114944
3,4426.154,grad,20500572672
3,4427.387,grad,20447549952
3,4428.605,grad,20435360256
3,4430.639,grad,20418467328
3,4431.906,grad,20437276160
3,4433.467,grad,20413584896
3,4434.721,grad,20418344448
3,4435.956,grad,20437927424
3,4437.189,grad,20278281728
3,4438.42,grad,20188825088
3,4439.669,grad,20182398464
3,4440.904,grad,20140274176
3,4442.691,grad,20138177024
3,4443.97,grad,20157051392
3,4445.474,grad,20133294592
3,4446.736,grad,20138050048
3,4447.973,grad,20118839808
3,4449.205,grad,20036788736
3,4450.435,grad,19901194752
3,4451.689,grad,19886969344
3,4452.923,grad,19858935296
3,4454.723,grad,19857886720
3,4456.016,grad,19876761088
3,4457.526,grad,19853004288
3,4458.777,grad,19850415616
3,4460.123,grad,19838615040
3,4461.358,grad,19771244032
3,4462.615,grad,19667041792
3,4463.85,grad,19621424640
3,4465.079,grad,19584937472
3,4466.992,grad,19577596416
3,4468.256,grad,19596470784
3,4469.73,grad,19572713984
3,4470.994,grad,19577481728
3,4472.335,grad,19558259200
3,4473.668,grad,19468868096
3,4474.919,grad,19347954176
3,4476.245,grad,19326847488
3,4477.484,grad,19299927552
3,4479.197,grad,19297306112
3,4480.449,grad,19316246016
3,4482.005,grad,19292423680
3,4483.262,grad,19297191424
3,4484.51,grad,19239171584
3,4485.764,grad,19157120512
3,4487.015,grad,19060323840
3,4488.298,grad,19061237248
3,4489.543,grad,19019112960
3,4491.197,grad,19017015808
3,4492.475,grad,19035824640
3,4494.054,grad,19012133376
3,4495.319,grad,19019506176
3,4496.588,grad,19002200576
3,4497.848,grad,19067933184
3,4499.213,grad,18910712320
3,4500.469,grad,18846089728
3,4501.765,grad,18751521280
3,4503.073,grad,18744065536
3,4504.336,grad,18736725504
3,4505.639,grad,18755599872
3,4507.188,grad,18731843072
3,4508.437,grad,18736602624
3,4509.695,grad,18756185600
3,4510.932,grad,18596539904
3,4512.188,grad,18507083264
3,4513.463,grad,18485517824
3,4514.72,grad,18457483776
3,4516.542,grad,18456435200
3,4517.807,grad,18475244032
3,4519.46,grad,18451552768
3,4520.718,grad,18456312320
3,4521.984,grad,18514758144
3,4523.237,grad,18355046912
3,4524.477,grad,18258250240
3,4525.724,grad,18219973120
3,4526.962,grad,18200902144
3,4528.204,grad,18176144896
3,4529.443,grad,18205570560
3,4530.936,grad,18170770944
3,4532.192,grad,18171262464
3,4533.447,grad,18168673792
3,4534.722,grad,18154448384
3,4535.961,grad,18074822144
3,4537.201,grad,17992640000
3,4538.465,grad,17939617280
3,4539.721,grad,17925854720
3,4541.721,grad,17895854592
3,4542.984,grad,17914663424
3,4544.551,grad,17890972160
3,4545.812,grad,17895739904
3,4547.079,grad,17837720064
3,4548.317,grad,17748328960
3,4549.554,grad,17695572480
3,4550.797,grad,17645040128
3,4552.037,grad,17617661440
3,4553.697,grad,17615564288
3,4554.993,grad,17634438656
3,4556.455,grad,17610681856
3,4557.718,grad,17615449600
3,4558.961,grad,17557429760
3,4560.214,grad,17482718720
3,4561.453,grad,17385922048
3,4562.803,grad,17364815360
3,4564.055,grad,17336846848
3,4565.854,grad,17335273984
3,4567.181,grad,17354148352
3,4568.699,grad,17330391552
3,4569.94,grad,17335142912
3,4571.277,grad,17316002304
3,4572.517,grad,17233885696
3,4573.795,grad,17151769088
3,4575.083,grad,17098746368
3,4576.319,grad,17080789504
3,4578.332,grad,17054131712
3,4579.645,grad,17073006080
3,4581.17,grad,17048397312
3,4582.417,grad,17053152768
3,4583.701,grad,17111602688
3,4584.941,grad,16959231488
3,4586.174,grad,16855946752
3,4587.418,grad,16818456064
3,4588.667,grad,16801023488
3,4590.67,grad,16773841408
3,4592.005,grad,16792715776
3,4593.658,grad,16768958976
3,4594.905,grad,16773718528
3,4596.14,grad,16753652224
3,4597.373,grad,16671404544
3,4598.618,grad,16549442048
3,4599.853,grad,16512344576
3,4601.095,grad,16483261952
3,4603.114,grad,16482999808
3,4604.374,grad,16501906944
3,4606.001,grad,16478117376
3,4607.241,grad,16468188672
3,4608.522,grad,16468188672
3,4609.804,grad,16468188672
3,4611.038,grad,16468188672
3,4613.692,grad,16468188160
3,4615.104,grad,16468188160
3,4616.378,grad,16468188160
3,4617.639,grad,16468188160
3,4621.553,grad,16468188160
3,4623.105,grad,16468188160
3,4624.384,grad,16484441088
3,4625.721,grad,16505478144
3,4626.987,grad,16523238400
3,4629.097,grad,16523238400
3,4630.395,grad,16523245056
3,4631.798,grad,16685204480
3,4633.121,grad,16685204480
3,4634.534,grad,16685204480
3,4635.959,grad,16685204480
3,4637.237,grad,16629670400
3,4638.485,grad,16546570240
3,4639.751,grad,16373063680
3,4641.018,grad,16304775168
3,4642.276,grad,16337936384
3,4643.56,grad,16368279552
3,4644.823,grad,16397148160
3,4646.067,grad,16425492480
3,4647.305,grad,16457080832
3,4648.545,grad,16412614656
3,4649.801,grad,16315031552
3,4656.025,grad,16143458304
3,4662.406,grad,16143462400
3,4668.826,grad,16143462400
3,4675.185,grad,16143462400
3,4681.119,grad,16143462400
3,4682.408,grad,16147236864
3,4683.685,grad,16162179072
3,4686.092,grad,16151166976
3,4687.59,grad,16156213248
3,4688.925,grad,16164135936
3,4690.161,grad,16189338624
3,4691.393,grad,16248613888
3,4692.627,grad,16332565504
3,4695.16,grad,16302781440
3,4696.498,grad,16307827712
3,4697.777,grad,16315750400
3,4699.038,grad,16329943040
3,4700.309,grad,16379781120
3,4701.638,grad,16476839936
3,4704.215,grad,16449775616
3,4705.503,grad,16454821888
3,4706.848,grad,16462744576
3,4708.174,grad,16480605184
3,4709.407,grad,16592344064
3,4710.615,grad,16599389184
3,4712.88,grad,16596048896
3,4714.561,grad,16600767488
3,4715.859,grad,16608690176
3,4717.101,grad,16633892864
3,4718.334,grad,16699492352
3,4719.582,grad,16745662464
3,4721.877,grad,16741994496
3,4723.146,grad,16746713088
3,4724.408,grad,16755684352
3,4725.714,grad,16773544960
3,4726.949,grad,16846486528
3,4728.185,grad,16892656640
3,4730.415,grad,16888988672
3,4731.688,grad,16893707264
3,4732.932,grad,16902678528
3,4734.24,grad,16921587712
3,4735.484,grad,17033326592
3,4736.734,grad,17040699392
3,4738.914,grad,17037031424
3,4740.176,grad,17041750016
3,4741.425,grad,17055439872
3,4742.674,grad,17068581888
3,4743.909,grad,17181369344
3,4745.155,grad,17189792768
3,4747.299,grad,17186122752
3,4748.556,grad,17190841344
3,4749.809,grad,17203482624
3,4751.047,grad,17238120448
3,4752.294,grad,17369257984
3,4753.531,grad,17337837568
3,4755.587,grad,17334165504
3,4757.094,grad,17338884096
3,4758.39,grad,17347855360
3,4759.681,grad,17366764544
3,4760.925,grad,17478503424
3,4762.157,grad,17485878272
3,4764.289,grad,17482208256
3,4765.552,grad,17486926848
3,4766.807,grad,17495898112
3,4768.157,grad,17513758720
3,4769.408,grad,17665343488
3,4770.652,grad,17625532416
3,4772.751,grad,17629202432
3,4774.02,grad,17633921024
3,4775.285,grad,17646562304
3,4776.526,grad,17680151552
3,4777.764,grad,17773540352
3,4779.012,grad,17773575168
3,4781.074,grad,17777245184
3,4782.328,grad,17781963776
3,4783.583,grad,17793556480
3,4784.871,grad,17807747072
3,4786.12,grad,17919485952
3,4787.357,grad,17920571392
3,4789.444,grad,17924239360
3,4790.74,grad,17928957952
3,4791.998,grad,17940550656
3,4793.255,grad,17954741248
3,4794.491,grad,18066480128
3,4795.779,grad,18073852928
3,4797.992,grad,18070184960
3,4800.399,grad,18074903552
3,4801.681,grad,18082826240
3,4802.955,grad,18100686848
3,4804.198,grad,18212425728
3,4805.45,grad,18219798528
3,4807.649,grad,18216130560
3,4808.929,grad,18220849152
3,4810.177,grad,18229820416
3,4811.444,grad,18247681024
3,4812.689,grad,18359419904
3,4813.942,grad,18359452672
3,4816.196,grad,18363124736
3,4817.501,grad,18367843328
3,4818.805,grad,18376814592
3,4820.077,grad,18395723776
3,4821.323,grad,18507462656
3,4822.586,grad,18507497472
3,4824.79,grad,18511167488
3,4826.063,grad,18515886080
3,4827.313,grad,18529575936
3,4828.596,grad,18562116608
3,4829.912,grad,18636106752
3,4831.157,grad,18667600896
3,4833.119,grad,18660258816
3,4834.382,grad,18664977408
3,4835.659,grad,18677618688
3,4836.907,grad,18692857856
3,4838.144,grad,18804596736
3,4839.379,grad,18804631552
3,4841.581,grad,18808301568
3,4843.089,grad,18813020160
3,4844.406,grad,18821991424
3,4845.691,grad,18852961280
3,4846.934,grad,18913842176
3,4848.174,grad,18945332224
3,4850.517,grad,18956344320
3,4851.78,grad,18961062912
3,4853.031,grad,18970034176
3,4854.331,grad,18987894784
3,4855.591,grad,19061884928
3,4856.834,grad,19099666432
3,4859.013,grad,19103338496
3,4860.346,grad,19108057088
3,4861.643,grad,19117028352
3,4862.884,grad,19134888960
3,4864.138,grad,19247676416
3,4865.376,grad,19255051264
3,4867.674,grad,19251381248
3,4868.995,grad,19256099840
3,4870.267,grad,19267692544
3,4871.528,grad,19301281792
3,4872.847,grad,19374223360
3,4874.087,grad,19405717504
3,4876.068,grad,19398375424
3,4877.336,grad,19403094016
3,4878.595,grad,19414686720
3,4879.862,grad,19428877312
3,4881.093,grad,19579413504
3,4882.33,grad,19540653056
3,4884.36,grad,19544321024
3,4885.956,grad,19549039616
3,4887.263,grad,19556962304
3,4888.563,grad,19574822912
3,4889.812,grad,19686561792
3,4891.055,grad,19686596608
3,4893.225,grad,19690266624
3,4894.509,grad,19694985216
3,4895.858,grad,19703956480
3,4897.192,grad,19721817088
3,4898.443,grad,19872353280
3,4899.709,grad,19833592832
3,4901.802,grad,19837260800
3,4903.062,grad,19841979392
3,4904.31,grad,19854620672
3,4905.546,grad,19869859840
3,4906.816,grad,19981598720
3,4908.051,grad,19988971520
3,4910.276,grad,19985303552
3,4911.547,grad,19990022144
3,4912.81,grad,20003712000
3,4914.038,grad,20036252672
3,4915.269,grad,20090844160
3,4916.521,grad,20141736960
3,4918.472,grad,20134394880
3,4919.742,grad,20139113472
3,4920.998,grad,20151754752
3,4922.271,grad,20186392576
3,4923.539,grad,20259334144
3,4924.778,grad,20274999296
3,4926.027,grad,21054623232
3,4928.327,grad,20582753792
3,4929.624,grad,20582754304
3,4930.882,grad,20582754304
3,4932.119,grad,20582754304
3,4933.356,grad,20582754304
3,4934.6,grad,20430705664
3,4935.872,grad,20278889472
3,4937.152,grad,20231474176
3,4938.395,grad,20199132160
3,4939.635,grad,20163871744
3,4940.87,grad,20153385984
3,4942.999,grad,20140122112
3,4944.246,grad,20149526528
3,4946.235,grad,20137926656
3,4947.511,grad,20140060672
3,4948.762,grad,20148803584
3,4950.002,grad,20073830400
3,4951.236,grad,20028250112
3,4952.471,grad,20013076480
3,4953.716,grad,19999353856
3,4955.209,grad,19997256704
3,4956.504,grad,20007676928
3,4958.192,grad,19995061248
3,4959.433,grad,19997191168
3,4960.673,grad,19988374528
3,4961.899,grad,19932570624
3,4963.149,grad,19892298752
3,4964.38,grad,19874372608
3,4965.633,grad,19861305344
3,4967.178,grad,19857537024
3,4968.422,grad,19866941440
3,4969.97,grad,19855341568
3,4971.236,grad,19857479680
3,4972.491,grad,19829354496
3,4973.749,grad,19785510912
3,4975.002,grad,19760019456
3,4976.238,grad,19742222336
3,4977.482,grad,19720111104
3,4979.062,grad,19719062528
3,4980.3,grad,19728466944
3,4982.207,grad,19716867072
3,4983.472,grad,19719001088
3,4984.728,grad,19690781696
3,4985.985,grad,19650608128
3,4987.241,grad,19606764544
3,4988.552,grad,19596211200
3,4989.803,grad,19582586880
3,4991.29,grad,19581440000
3,4992.56,grad,19590811648
3,4994.146,grad,19579244544
3,4995.378,grad,19581374464
3,4996.622,grad,19553257472
3,4997.87,grad,19513083904
3,4999.1,grad,19472910336
3,5000.328,grad,19466027008
3,5001.558,grad,19447684096
3,5003.036,grad,19443915776
3,5004.272,grad,19453320192
3,5005.788,grad,19441720320
3,5007.037,grad,19443854336
3,5008.281,grad,19434083328
3,5009.513,grad,19393025024
3,5010.753,grad,19328996352
3,5012.015,grad,19318344704
3,5013.243,grad,19304720384
3,5014.779,grad,19303573504
3,5016.021,grad,19312977920
3,5017.703,grad,19301378048
3,5018.949,grad,19299837952
3,5020.205,grad,19292725248
3,5021.445,grad,19252879360
3,5022.702,grad,19218112512
3,5023.938,grad,19183998976
3,5025.181,grad,19174463488
3,5026.424,grad,19161297920
3,5027.723,grad,19161297920
3,5028.979,grad,19170702336
3,5030.676,grad,19159102464
3,5031.917,grad,19161238528
3,5033.153,grad,19151629312
3,5034.385,grad,19110571008
3,5035.621,grad,19041823744
3,5036.861,grad,19034711040
3,5038.121,grad,19027567616
3,5039.36,grad,19020693504
3,5040.6,grad,19019120640
3,5041.871,grad,19028721664
3,5043.676,grad,19016925184
3,5044.916,grad,19019057152
3,5046.156,grad,19009353728
3,5047.411,grad,18971965440
3,5048.671,grad,18920192000
3,5049.954,grad,18900791296
3,5051.251,grad,18907041792
3,5052.505,grad,18879663104
3,5053.803,grad,18878090240
3,5055.046,grad,18888510464
3,5056.828,grad,18875894784
3,5058.087,grad,18874354688
3,5059.345,grad,18867143680
3,5060.616,grad,18827297792
3,5061.853,grad,18787353600
3,5063.191,grad,18759695360
3,5064.427,grad,18741017600
3,5066.459,grad,18735716352
3,5067.747,grad,18745317376
3,5069.468,grad,18733520896
3,5070.726,grad,18735652864
3,5071.986,grad,18724999168
3,5073.238,grad,18680270848
3,5074.472,grad,18618863616
3,5075.72,grad,18608080896
3,5076.954,grad,18594063360
3,5078.801,grad,18592490496
3,5080.046,grad,18602943488
3,5081.654,grad,18590295040
3,5082.913,grad,18592427008
3,5084.154,grad,18582723584
3,5085.39,grad,18541665280
3,5086.612,grad,18493266944
3,5087.872,grad,18473178112
3,5089.123,grad,18454991872
3,5091.022,grad,18450214912
3,5092.268,grad,18459619328
3,5093.915,grad,18448019456
3,5095.158,grad,18446479360
3,5096.403,grad,18439268352
3,5097.779,grad,18399455232
3,5099.022,grad,18358364160
3,5100.319,grad,18331852800
3,5101.553,grad,18313175040
3,5103.479,grad,18308922368
3,5104.79,grad,18318294016
3,5106.42,grad,18306726912
3,5107.728,grad,18323538944
3,5108.979,grad,18299286528
3,5110.213,grad,18258228224
3,5111.445,grad,18209829888
3,5112.7,grad,18190691328
3,5113.987,grad,18195729408
3,5115.318,grad,18168875008
3,5116.606,grad,18168776704
3,5117.946,grad,18178148352
3,5119.894,grad,18166581248
3,5121.158,grad,18168713216
3,5122.412,grad,18159108096
3,5123.668,grad,18118049792
3,5124.912,grad,18054053888
3,5126.146,grad,18043271168
3,5127.403,grad,18029253632
3,5129.393,grad,18028729344
3,5130.671,grad,18038133760
3,5132.272,grad,18026533888
3,5133.518,grad,18028663808
3,5134.782,grad,18016832512
3,5136.027,grad,17976986624
3,5137.267,grad,17935895552
3,5138.568,grad,17909384192
3,5139.824,grad,17891755008
3,5141.766,grad,17887502336
3,5143.076,grad,17896939520
3,5144.52,grad,17885306880
3,5145.776,grad,17887438848
3,5147.046,grad,17877866496
3,5148.312,grad,17835759616
3,5149.585,grad,17787361280
3,5150.826,grad,17768222720
3,5152.078,grad,17745783808
3,5153.92,grad,17745259520
3,5155.179,grad,17754860544
3,5156.804,grad,17743064064
3,5158.064,grad,17745200128
3,5159.376,grad,17754989568
3,5160.626,grad,17690895360
3,5161.863,grad,17634108416
3,5163.173,grad,17618836480
3,5164.408,grad,17603540992
3,5166.022,grad,17604065280
3,5167.274,grad,17613469696
3,5168.902,grad,17601869824
3,5170.163,grad,17600329728
3,5171.486,grad,17594462208
3,5172.777,grad,17554419712
3,5174.021,grad,17508839424
3,5175.259,grad,17477609472
3,5176.499,grad,17463329792
3,5178.156,grad,17462019072
3,5179.468,grad,17472504832
3,5180.966,grad,17459823616
3,5182.205,grad,17461953536
3,5183.44,grad,17449729024
3,5184.694,grad,17409719296
3,5185.949,grad,17361878016
3,5187.224,grad,17343984640
3,5188.489,grad,17319776256
3,5189.973,grad,17319776256
3,5191.221,grad,17329180672
3,5192.757,grad,17317580800
3,5193.998,grad,17319710720
3,5195.229,grad,17307486208
3,5196.461,grad,17266427904
3,5197.712,grad,17219602432
3,5198.994,grad,17193287680
3,5200.229,grad,17181957120
3,5201.641,grad,17176452096
3,5202.93,grad,17185889280
3,5204.372,grad,17174256640
3,5205.616,grad,17180056576
3,5206.956,grad,17166816256
3,5208.203,grad,17127822336
3,5209.454,grad,17078375424
3,5210.707,grad,17057139712
3,5211.942,grad,17034176512
3,5213.729,grad,17034176512
3,5215.036,grad,17043613696
3,5216.504,grad,17031981056
3,5217.755,grad,17034115072
3,5219.006,grad,17024540672
3,5220.247,grad,16984530944
3,5221.482,grad,16919355392
3,5222.727,grad,16908572672
3,5223.96,grad,16894030848
3,5225.534,grad,16892982272
3,5226.829,grad,16902353920
3,5228.48,grad,16890786816
3,5229.76,grad,16892916736
3,5231.0,grad,16884395008
3,5232.233,grad,16822889472
3,5233.465,grad,16778161152
3,5234.713,grad,16774947840
3,5235.947,grad,16753360896
3,5237.552,grad,16752836608
3,5238.881,grad,16762208256
3,5240.527,grad,16750313472
3,5241.779,grad,16752443392
3,5243.097,grad,16743200768
3,5244.332,grad,16701782016
3,5245.582,grad,16658429952
3,5246.816,grad,16626905088
3,5248.056,grad,16612330496
3,5250.036,grad,16612330496
3,5251.288,grad,16621734912
3,5252.958,grad,16609086464
3,5254.221,grad,16611220480
3,5255.458,grad,16601613312
3,5256.712,grad,16562979840
3,5257.958,grad,16497509376
3,5259.218,grad,16486005760
3,5260.462,grad,16472250368
3,5262.289,grad,16471463936
3,5263.54,grad,16480868352
3,5265.181,grad,16468318208
3,5266.417,grad,16470454272
3,5267.67,grad,16460550144
3,5268.906,grad,16423161856
3,5270.148,grad,16373911552
3,5271.409,grad,16340060160
3,5272.727,grad,16326370304
3,5274.585,grad,16325256192
3,5275.83,grad,16334857216
3,5277.553,grad,16323060736
3,5278.807,grad,16326747136
3,5280.08,grad,16317850624
3,5281.32,grad,16317850624
3,5282.552,grad,16317850624
3,5284.06,grad,16317850112
3,5286.052,grad,16317850112
3,5287.365,grad,16317850112
3,5288.781,grad,16317850112
3,5290.058,grad,16317850112
3,5293.951,grad,16317850112
3,5295.378,grad,16317850112
3,5296.624,grad,16326697472
3,5297.859,grad,16337740288
3,5299.137,grad,16345375232
3,5301.138,grad,16345375232
3,5302.376,grad,16345382400
3,5303.659,grad,16507101696
3,5304.913,grad,16507101696
3,5306.254,grad,16507101696
3,5307.505,grad,16507101696
3,5308.777,grad,16479806464
3,5310.049,grad,16432113152
3,5311.301,grad,16325027328
3,5312.561,grad,16321029632
3,5313.809,grad,16351307264
3,5315.042,grad,16385222144
3,5316.278,grad,16420054528
3,5317.512,grad,16453215744
3,5318.775,grad,16419497472
3,5320.034,grad,16303334912
3,5321.364,grad,16141855744
3,5322.604,grad,16160718336
3,5323.848,grad,16190602752
3,5325.085,grad,16220028416
3,5326.316,grad,16250076672
3,5327.566,grad,16277470720
3,5328.834,grad,16305880576
3,5330.094,grad,16198499840
3,5331.471,grad,16143449088
3,5332.728,grad,16065690624
3,5334.536,noise,15979082752
3,5335.818,noise,15979082752
3,5337.049,noise,15979082752
3,5338.295,noise,15980295168
3,5339.536,noise,15980753920
3,5340.809,noise,15980753920
3,5342.044,noise,15982490624
3,5343.279,noise,15982490624
3,5344.511,noise,15984915456
3,5345.753,noise,15983965184
3,5346.987,noise,15984423936
3,5348.223,noise,15984882688
3,5349.459,noise,15985144832
3,5350.738,noise,15986357248
3,5351.988,noise,15986586624
3,5353.246,noise,15986816000
3,5354.484,noise,15988028416
3,5355.731,noise,15988257792
3,5356.963,noise,15988257792
3,5358.19,noise,15989699584
3,5359.426,noise,15989961728
3,5360.711,noise,15990420480
3,5361.953,noise,15990912000
3,5363.181,noise,15990912000
3,5364.409,noise,15992124416
3,5365.657,noise,15992583168
3,5366.888,noise,15992583168
3,5368.12,noise,15994024960
3,5369.356,noise,15994024960
3,5370.612,noise,15995237376
3,5371.864,noise,15995499520
3,5373.124,noise,15995958272
3,5374.36,noise,15996417024
3,5375.599,noise,15996679168
3,5376.824,noise,15997891584
3,5378.048,noise,15998120960
3,5379.287,noise,15998350336
3,5380.53,noise,15999562752
3,5381.797,noise,15999792128
3,5383.064,noise,15999792128
3,5384.301,noise,16001233920
3,5385.558,noise,16001725440
3,5386.83,noise,16002184192
3,5388.069,noise,16002446336
3,5389.303,noise,16002446336
3,5390.545,noise,16003658752
3,5391.796,noise,16004117504
3,5393.023,noise,16004117504
3,5394.254,noise,16005559296
3,5395.483,noise,16005559296
3,5396.725,noise,16006771712
3,5397.949,noise,16007263232
3,5399.181,noise,16007721984
3,5400.424,noise,16008213504
3,5401.674,noise,16008213504
3,5402.897,noise,16009425920
3,5404.133,noise,16009884672
3,5405.355,noise,16009884672
3,5406.584,noise,16011326464
3,5407.811,noise,16011326464
3,5409.063,noise,16012538880
3,5410.309,noise,16012801024
3,5411.581,noise,16013259776
3,5412.813,noise,16013718528
3,5414.039,noise,16013980672
3,5415.262,noise,16015193088
3,5416.485,noise,16015422464
3,5417.727,noise,16015651840
3,5418.955,noise,16016864256
3,5420.186,noise,16017093632
3,5421.425,noise,16017093632
3,5422.67,noise,16018535424
3,5423.901,noise,16018797568
3,5425.132,noise,16019256320
3,5426.361,noise,16019747840
3,5427.599,noise,16019747840
3,5428.828,noise,16021058560
3,5430.069,noise,16021517312
3,5431.31,noise,16021517312
3,5432.535,noise,16022959104
3,5433.775,noise,16022959104
3,5434.999,noise,16024171520
3,5436.226,noise,16024433664
3,5437.451,noise,16024892416
3,5438.694,noise,16025351168
3,5439.935,noise,16025613312
3,5441.193,noise,16026825728
3,5442.425,noise,16027055104
3,5443.672,noise,16027284480
3,5444.896,noise,16028496896
3,5446.124,noise,16028726272
3,5447.348,noise,16028726272
3,5448.622,noise,16030528512
3,5449.86,noise,16031020032
3,5451.114,noise,16031478784
3,5452.36,noise,16031740928
3,5453.609,noise,16031740928
3,5454.834,noise,16033182720
3,5456.063,noise,16033412096
3,5457.293,noise,16033412096
3,5458.519,noise,16034853888
3,5459.757,noise,16034853888
3,5460.998,noise,16036066304
3,5462.231,noise,16036557824
3,5463.456,noise,16037016576
3,5464.7,noise,16037508096
3,5465.925,noise,16037508096
3,5467.154,noise,16038720512
3,5468.403,noise,16039179264
3,5469.658,noise,16039179264
3,5470.942,noise,16041210880
3,5472.203,noise,16040981504
3,5473.481,noise,16042193920
3,5474.737,noise,16043144192
3,5475.996,noise,16043602944
3,5477.332,noise,16043602944
3,5478.618,noise,16043635712
3,5479.954,noise,16044848128
3,5481.216,noise,16045077504
3,5482.457,noise,16045306880
3,5483.706,noise,16046519296
3,5484.944,noise,16046748672
3,5486.238,noise,16046748672
3,5487.512,noise,16048190464
3,5488.768,noise,16048681984
3,5490.006,noise,16049140736
3,5491.252,noise,16049402880
3,5492.485,noise,16049402880
3,5493.727,noise,16050975744
3,5494.959,noise,16051434496
3,5496.184,noise,16051434496
3,5497.41,noise,16052876288
3,5498.655,noise,16052876288
3,5499.926,noise,16054088704
3,5501.189,noise,16054350848
3,5502.432,noise,16054809600
3,5503.682,noise,16055268352
3,5504.928,noise,16055530496
3,5506.158,noise,16056742912
3,5507.381,noise,16056972288
3,5508.614,noise,16057201664
3,5509.84,noise,16058414080
3,5511.073,noise,16058643456
3,5512.321,noise,16058643456
3,5513.586,noise,16060085248
3,5514.813,noise,16060347392
3,5516.039,noise,16060806144
3,5517.263,noise,16061297664
3,5518.494,noise,16061297664
3,5519.748,noise,16062510080
3,5520.992,noise,16062968832
3,5522.229,noise,16062968832
3,5523.452,noise,16064410624
3,5524.7,noise,16064410624
3,5525.943,noise,16066835456
3,5527.169,noise,16065885184
3,5528.398,noise,16066343936
3,5529.632,noise,16066802688
3,5530.865,noise,16067064832
3,5532.104,noise,16068277248
3,5533.33,noise,16068506624
3,5534.556,noise,16068736000
3,5535.788,noise,16069948416
3,5537.012,noise,16070177792
3,5538.237,noise,16070177792
3,5539.492,noise,16071619584
3,5540.734,noise,16072111104
3,5541.977,noise,16072569856
3,5543.204,noise,16072832000
3,5544.432,noise,16072832000
3,5545.672,noise,16074044416
3,5546.929,noise,16074503168
3,5548.258,noise,16074503168
3,5549.507,noise,16075944960
3,5550.777,noise,16075944960
3,5552.11,noise,16077157376
3,5553.371,noise,16077648896
3,5554.624,noise,16078337024
3,5555.853,noise,16078599168
3,5557.099,noise,16078599168
3,5558.359,noise,16080270336
3,5559.598,noise,16080270336
3,5560.849,noise,16080270336
3,5562.098,noise,16082170880
3,5563.348,noise,16081712128
3,5564.612,noise,16082924544
3,5565.873,noise,16083416064
3,5567.099,noise,16083874816
3,5568.33,noise,16084366336
3,5569.553,noise,16084366336
3,5570.796,noise,16085578752
3,5572.051,noise,16086037504
3,5573.301,noise,16086037504
3,5574.531,noise,16087479296
3,5575.776,noise,16087479296
3,5577.003,noise,16089904128
3,5578.232,noise,16088953856
3,5579.473,noise,16089641984
3,5580.731,noise,16090100736
3,5582.003,noise,16090133504
3,5583.238,noise,16091345920
3,5584.473,noise,16091935744
3,5585.766,noise,16092165120
3,5587.015,noise,16093377536
3,5588.263,noise,16093606912
3,5589.489,noise,16093606912
3,5590.746,noise,16095048704
3,5592.003,noise,16095310848
3,5593.241,noise,16095769600
3,5594.475,noise,16096261120
3,5595.715,noise,16096261120
3,5596.945,noise,16097473536
3,5598.172,noise,16097932288
3,5599.392,noise,16097932288
3,5600.618,noise,16099603456
3,5601.848,noise,16099374080
3,5603.112,noise,16100586496
3,5604.342,noise,16100848640
3,5605.606,noise,16101536768
3,5606.834,noise,16101995520
3,5608.063,noise,16102028288
3,5609.289,noise,16103240704
3,5610.514,noise,16103699456
3,5611.759,noise,16103699456
3,5612.997,noise,16104911872
3,5614.224,noise,16105141248
3,5615.447,noise,16105141248
3,5616.686,noise,16106583040
3,5617.915,noise,16107074560
3,5619.14,noise,16107533312
3,5620.365,noise,16107795456
3,5621.601,noise,16107795456
3,5622.87,noise,16109237248
3,5624.098,noise,16109466624
3,5625.319,noise,16109466624
3,5626.545,noise,16110908416
3,5627.781,noise,16110908416
3,5629.005,noise,16112120832
3,5630.232,noise,16112612352
3,5631.461,noise,16113071104
3,5632.731,noise,16113562624
3,5633.963,noise,16113562624
3,5635.185,noise,16114775040
3,5636.414,noise,16115233792
3,5637.652,noise,16115233792
3,5638.907,noise,16116904960
3,5640.166,noise,16116675584
3,5641.396,noise,16117888000
3,5642.595,noise,16118379520
3,5643.84,noise,16118838272
3,5645.078,noise,16119297024
3,5646.307,noise,16119329792
3,5647.543,noise,16120542208
3,5648.783,noise,16121000960
3,5650.014,noise,16121000960
3,5651.239,noise,16123425792
3,5652.497,noise,16122803200
3,5653.746,noise,16122803200
3,5654.97,noise,16124703744
3,5656.201,noise,16124507136
3,5657.425,noise,16125195264
3,5658.671,noise,16125457408
3,5659.895,noise,16125457408
3,5661.116,noise,16126899200
3,5662.351,noise,16127128576
3,5663.607,noise,16127128576
3,5664.845,noise,16128799744
3,5666.074,noise,16128570368
3,5667.348,noise,16129782784
3,5668.609,noise,16130274304
3,5669.848,noise,16130733056
3,5671.109,noise,16131224576
3,5672.36,noise,16131224576
3,5673.606,noise,16132436992
3,5674.84,noise,16132895744
3,5676.118,noise,16132895744
3,5677.419,noise,16134337536
3,5678.696,noise,16134337536
3,5680.0,noise,16135549952
3,5681.258,noise,16136041472
3,5682.503,noise,16136500224
3,5683.8,noise,16136991744
3,5685.045,noise,16136991744
3,5686.341,noise,16138433536
3,5687.605,noise,16138662912
3,5688.835,noise,16138662912
3,5690.068,noise,16140104704
3,5691.297,noise,16140104704
3,5692.533,noise,16141317120
3,5693.823,noise,16141808640
3,5695.403,noise,16142267392
3,5696.666,noise,16141775872
3,5697.912,noise,16038818816
3,5699.421,optimizer,15979049984
3,5700.747,optimizer,15983976448
3,5702.018,optimizer,15982346240
3,5703.317,optimizer,15983879168
3,5704.622,optimizer,15983962112
3,5705.891,optimizer,15984877056
3,5707.13,optimizer,15985380864
3,5708.366,optimizer,15989128192
3,5709.597,optimizer,15988481024
3,5710.831,optimizer,15990090240
3,5712.072,optimizer,15990326784
3,5713.351,optimizer,15991025664
3,5714.609,optimizer,15991743488
3,5715.846,optimizer,15994065920
3,5717.094,optimizer,15995599872
3,5718.379,optimizer,15997361152
3,5719.604,optimizer,15996476928
3,5720.856,optimizer,15997619200
3,5722.098,optimizer,15997685248
3,5723.354,optimizer,16000215552
3,5724.616,optimizer,16003404288
3,5725.853,optimizer,16003511808
3,5727.106,optimizer,16003265536
3,5728.343,optimizer,16003541504
3,5729.581,optimizer,16004835840
3,5730.816,optimizer,16005597184
3,5732.048,optimizer,16008341504
3,5733.311,optimizer,16008698368
3,5734.555,optimizer,16009645056
3,5735.805,optimizer,16009920000
3,5737.038,optimizer,16013667328
3,5738.275,optimizer,16013020672
3,5739.506,optimizer,16016977408
3,5740.754,optimizer,16014881280
3,5742.007,optimizer,16015808512
3,5743.249,optimizer,16016090624
3,5744.507,optimizer,16018080256
3,5745.772,optimizer,16020396032
3,5747.015,optimizer,16020932608
3,5748.246,optimizer,16021456384
3,5749.515,optimizer,16022402560
3,5750.766,optimizer,16023316480
3,5752.0,optimizer,16026654720
3,5753.236,optimizer,16026823168
3,5754.485,optimizer,16026937856
3,5755.783,optimizer,16027834880
3,5757.132,optimizer,16028782080
3,5758.426,optimizer,16030874624
3,5759.7,optimizer,16032407552
3,5760.945,optimizer,16034198528
3,5762.187,optimizer,16033710592
3,5763.472,optimizer,16034213888
3,5764.753,optimizer,16034296320
3,5766.005,optimizer,16036298752
3,5767.261,optimizer,16037803520
3,5768.501,optimizer,16039374848
3,5769.745,optimizer,16039860736
3,5771.017,optimizer,16040592896
3,5772.349,optimizer,16044111872
3,5773.689,optimizer,16043617280
3,5775.02,optimizer,16045226496
3,5776.302,optimizer,16045541888
3,5777.544,optimizer,16046682624
3,5778.793,optimizer,16046727680
3,5780.035,optimizer,16050247168
3,5781.302,optimizer,16049829376
3,5782.589,optimizer,16052345344
3,5783.933,optimizer,16051476992
3,5785.236,optimizer,16052374016
3,5786.52,optimizer,16053091840
3,5787.805,optimizer,16055441408
3,5789.05,optimizer,16057252352
3,5790.286,optimizer,16060051968
3,5791.532,optimizer,16057956352
3,5792.801,optimizer,16059098112
3,5794.05,optimizer,16059163648
3,5795.291,optimizer,16060697088
3,5796.526,optimizer,16063442432
3,5797.775,optimizer,16064990720
3,5799.026,optimizer,16064744448
3,5800.283,optimizer,16065019904
3,5801.514,optimizer,16066314240
3,5802.761,optimizer,16067077120
3,5804.026,optimizer,16068608000
3,5805.288,optimizer,16070177792
3,5806.521,optimizer,16070666752
3,5807.779,optimizer,16071611904
3,5809.016,optimizer,16072526336
3,5810.252,optimizer,16076912640
3,5811.484,optimizer,16077081088
3,5812.723,optimizer,16077228544
3,5813.992,optimizer,16078120960
3,5815.349,optimizer,16078811648
3,5816.593,optimizer,16081145856
3,5817.827,optimizer,16082971136
3,5819.087,optimizer,16084428288
3,5820.345,optimizer,16083738624
3,5821.583,optimizer,16084471296
3,5822.814,optimizer,16084555264
3,5824.093,optimizer,16086514176
3,5825.34,optimizer,16089274880
3,5826.58,optimizer,16089632768
3,5827.807,optimizer,16090118656
3,5829.063,optimizer,16090850816
3,5830.293,optimizer,16094369792
3,5831.528,optimizer,16093953024
3,5832.769,optimizer,16098957824
3,5834.003,optimizer,16096861696
3,5835.253,optimizer,16098003968
3,5836.481,optimizer,16098072064
3,5837.757,optimizer,16099831808
3,5839.001,optimizer,16102363648
3,5840.266,optimizer,16103206912
3,5841.523,optimizer,16103665152
3,5842.786,optimizer,16104182784
3,5844.029,optimizer,16106476032
3,5845.282,optimizer,16107269120
3,5846.533,optimizer,16108804608
3,5847.787,optimizer,16109114880
3,5849.018,optimizer,16109816320
3,5850.268,optimizer,16110338560
3,5851.544,optimizer,16111872000
3,5852.814,optimizer,16114617344
3,5854.058,optimizer,16116166144
3,5855.32,optimizer,16115704832
3,5856.556,optimizer,16116423168
3,5857.836,optimizer,16117489664
3,5859.075,optimizer,16118252032
3,5860.308,optimizer,16120242688
3,5861.537,optimizer,16121352192
3,5862.792,optimizer,16122069504
3,5864.058,optimizer,16122573824
3,5865.307,optimizer,16126092288
3,5866.553,optimizer,16125675008
3,5867.814,optimizer,16128190464
3,5869.05,optimizer,16127562752
3,5870.284,optimizer,16128678400
3,5871.536,optimizer,16128744448
3,5872.828,optimizer,16130963968
3,5874.077,optimizer,16133037056
3,5875.33,optimizer,16133815296
3,5876.565,optimizer,16134110720
3,5877.814,optimizer,16134828032
3,5879.056,optimizer,16137183744
3,5880.308,optimizer,16138096640
3,5881.55,optimizer,16139478016
3,5882.832,optimizer,16139821568
3,5884.157,optimizer,16140489728
3,5885.49,optimizer,16141206528
3,5886.773,optimizer,16143673344
3,5888.011,optimizer,16144210944
3,5889.27,optimizer,16148167168
3,5890.516,optimizer,16146071552
3,5891.76,optimizer,16146998272
3,5892.996,optimizer,16147081728
3,5894.241,optimizer,16149042176
3,5895.484,optimizer,16151572480
3,5896.753,optimizer,16152154112
3,5897.987,optimizer,16152660480
3,5899.225,optimizer,16153363968
3,5900.454,optimizer,16153249792
3,5901.694,optimizer,16153250816
3,5902.931,optimizer,16153315840
3,5904.174,optimizer,16153250816
3,5905.427,optimizer,16153250304
3,5906.679,optimizer,16154167808
3,5907.913,optimizer,16153709568
3,5909.173,optimizer,16153250304
3,5910.401,optimizer,16153316352
3,5911.632,optimizer,16153250304
3,5912.861,optimizer,16153709568
3,5914.091,optimizer,16153709056
3,5915.331,optimizer,16153250816
3,5916.58,optimizer,16154167808
3,5917.829,optimizer,16153250816
3,5919.063,optimizer,16155675136
3,5920.301,optimizer,16153250304
3,5921.557,optimizer,16154167808
3,5922.794,optimizer,16153709568
3,5924.037,optimizer,16153709056
3,5925.301,optimizer,16153250304
3,5926.556,optimizer,16153250304
3,5927.827,optimizer,16153709056
3,5929.055,optimizer,16153709056
3,5930.282,optimizer,16153250816
3,5931.51,optimizer,16153250816
3,5932.755,optimizer,16153709056
3,5933.992,optimizer,16153250304
3,5935.236,optimizer,16153250304
3,5936.469,optimizer,16155675136
3,5937.791,optimizer,16153251328
3,5939.037,optimizer,16164524032
3,5940.268,optimizer,16179564544
3,5941.494,optimizer,16192311296
3,5942.736,optimizer,16205254656
3,5943.972,optimizer,16221147136
3,5945.231,optimizer,16234909696
3,5946.496,optimizer,16249589760
3,5947.742,optimizer,16263876608
3,5948.975,optimizer,16278786048
3,5950.212,optimizer,16293761024
3,5951.452,optimizer,16308899840
3,5952.696,optimizer,16282617344
3,5953.954,optimizer,16163866112
3,5955.234,optimizer,16162063360
3,5956.493,optimizer,16192340992
3,5957.761,optimizer,16221438976
3,5959.004,optimizer,16251192320
3,5960.331,optimizer,16284353536
3,5961.678,optimizer,16315679744
3,5962.952,optimizer,16204366848
3,5964.238,optimizer,16158786560
3,5965.495,optimizer,16187884544
3,5966.812,optimizer,16216753152
3,5968.055,optimizer,16248472576
3,5969.29,optimizer,16280060928
3,5970.527,optimizer,16310404096
3,5971.812,optimizer,16215671808
3,5973.076,optimizer,16110126080
3,5974.333,optimizer,15991800832
3,5975.593,optimizer,15985576448
3,5976.843,optimizer,15982023168
3,5978.911,optimizer,15978624000
3,5980.156,optimizer,15978624000
3,5981.384,optimizer,15978624000
3,5982.619,optimizer,15978624000
4,6.563,grad,15979378176
4,13.008,grad,15979386368
4,19.376,grad,15979386368
4,25.753,grad,15979386368
4,31.007,grad,15979386368
4,32.439,grad,15986863616
4,33.722,grad,15994336768
4,35.807,grad,15994332672
4,37.291,grad,16003769856
4,38.598,grad,16019614208
4,39.872,grad,16047995392
4,41.153,grad,16187521536
4,42.448,grad,16327899648
4,45.263,grad,16296512000
4,46.641,grad,16306801152
4,47.961,grad,16322645504
4,49.288,grad,16358366720
4,50.52,grad,16504249856
4,51.76,grad,16580206080
4,53.955,grad,16588402176
4,55.254,grad,16598691328
4,56.505,grad,16614535680
4,57.779,grad,16650256896
4,59.125,grad,16796074496
4,60.417,grad,16934617600
4,62.871,grad,16880292352
4,64.211,grad,16890581504
4,65.496,grad,16906425856
4,66.793,grad,16956831232
4,68.095,grad,17073284608
4,69.363,grad,17226507776
4,72.071,grad,17173034496
4,73.431,grad,17182471680
4,74.752,grad,17198316032
4,76.08,grad,17234037248
4,77.411,grad,17457515008
4,78.755,grad,17472260608
4,80.983,grad,17464924672
4,82.385,grad,17474361856
4,83.656,grad,17490206208
4,85.077,grad,17525927424
4,86.384,grad,17749405184
4,87.673,grad,17749470720
4,90.105,grad,17756814848
4,91.426,grad,17766252032
4,92.691,grad,17782096384
4,94.049,grad,17817817600
4,95.278,grad,17963700736
4,96.508,grad,18041360896
4,98.7,grad,18048705024
4,99.97,grad,18058142208
4,101.228,grad,18073986560
4,102.534,grad,18109707776
4,103.837,grad,18333185536
4,105.174,grad,18347931136
4,107.444,grad,18340709888
4,108.816,grad,18350032384
4,110.11,grad,18373216768
4,111.387,grad,18401597952
4,112.627,grad,18625075712
4,113.877,grad,18639825408
4,116.085,grad,18632485376
4,117.631,grad,18641922560
4,118.907,grad,18657766912
4,120.164,grad,18715512320
4,121.421,grad,18839305728
4,122.733,grad,18977848832
4,125.235,grad,18924375552
4,126.561,grad,18933812736
4,127.889,grad,18949657088
4,129.247,grad,18985378304
4,130.498,grad,19208856064
4,131.747,grad,19223601664
4,133.903,grad,19216265728
4,135.164,grad,19225702912
4,136.417,grad,19241547264
4,137.745,grad,19277268480
4,138.988,grad,19500746240
4,140.224,grad,19515491840
4,142.312,grad,19508155904
4,143.567,grad,19517593088
4,144.863,grad,19533437440
4,146.23,grad,19569158656
4,147.458,grad,19715041792
4,148.704,grad,19792701952
4,151.021,grad,19800046080
4,152.308,grad,19809483264
4,153.6,grad,19832667648
4,154.847,grad,19861048832
4,156.165,grad,20006931968
4,157.452,grad,20069912064
4,159.746,grad,20091936256
4,161.005,grad,20101373440
4,162.253,grad,20124557824
4,163.483,grad,20152939008
4,164.732,grad,20298822144
4,165.983,grad,20376482304
4,168.406,grad,20383826432
4,169.681,grad,20393263616
4,170.929,grad,20409107968
4,172.242,grad,20444829184
4,173.497,grad,20668306944
4,174.744,grad,20683052544
4,176.947,grad,20675831296
4,178.315,grad,20685153792
4,179.65,grad,20700998144
4,180.991,grad,20729387520
4,182.316,grad,20829059584
4,183.663,grad,21006400000
4,186.534,grad,20967721472
4,187.886,grad,20977043968
4,189.259,grad,20992888320
4,190.599,grad,21050633728
4,191.917,grad,21159747072
4,193.233,grad,21298290176
4,196.021,grad,21259611648
4,197.366,grad,21268934144
4,198.734,grad,21284778496
4,200.087,grad,21335183872
4,201.417,grad,21451637248
4,202.815,grad,21590180352
4,205.6,grad,21551387136
4,206.987,grad,21560824320
4,208.384,grad,21576668672
4,209.784,grad,21627074048
4,211.113,grad,21743527424
4,212.491,grad,21896750592
4,215.271,grad,21843392000
4,216.862,grad,21852714496
4,218.288,grad,21868558848
4,219.645,grad,21918964224
4,220.968,grad,22035417600
4,222.307,grad,22173960704
4,225.127,grad,22135282176
4,226.464,grad,22144604672
4,227.864,grad,22160449024
4,229.222,grad,22219243008
4,230.584,grad,22343036416
4,231.974,grad,22481579520
4,234.758,grad,22428220928
4,236.097,grad,22437543424
4,237.516,grad,22453387776
4,238.88,grad,22496453120
4,240.206,grad,22620246528
4,241.564,grad,22774518272
4,244.493,grad,22721159680
4,245.869,grad,22730482176
4,247.303,grad,22746326528
4,248.663,grad,22804071936
4,250.03,grad,22927865344
4,251.369,grad,23066408448
4,254.075,grad,23012935168
4,255.491,grad,23022372352
4,256.955,grad,23038216704
4,258.31,grad,23088622080
4,259.653,grad,23205075456
4,261.003,grad,23358298624
4,263.835,grad,23304940032
4,265.233,grad,23314262528
4,266.69,grad,23330106880
4,268.042,grad,23380512256
4,269.373,grad,23496965632
4,270.764,grad,23635508736
4,273.858,grad,23596830208
4,275.28,grad,23606152704
4,276.703,grad,23621997056
4,278.039,grad,23672402432
4,279.369,grad,23788855808
4,280.746,grad,23927398912
4,283.607,grad,23888720384
4,284.953,grad,23898042880
4,286.368,grad,23913887232
4,287.748,grad,23964292608
4,289.074,grad,24080745984
4,290.401,grad,24219289088
4,291.83,grad,24477238784
4,293.194,grad,25722956800
4,295.473,grad,24781327360
4,296.836,grad,24781327872
4,298.224,grad,24781327872
4,299.599,grad,24781327872
4,300.968,grad,24781327872
4,302.239,grad,24165804544
4,303.494,grad,24158919168
4,304.769,grad,24079948288
4,306.015,grad,23997766144
4,307.336,grad,23944743424
4,308.584,grad,23932684800
4,309.821,grad,23908320768
4,311.056,grad,23930406400
4,312.549,grad,23895606784
4,313.795,grad,23903438336
4,315.031,grad,23900849664
4,316.266,grad,23874303488
4,317.498,grad,23753389568
4,318.75,grad,23700633088
4,319.983,grad,23650100736
4,321.215,grad,23622722048
4,322.765,grad,23620624896
4,324.072,grad,23639499264
4,325.53,grad,23615742464
4,326.779,grad,23620506112
4,328.014,grad,23562490368
4,329.245,grad,23480373760
4,330.472,grad,23398257152
4,331.732,grad,23384490496
4,332.963,grad,23342366208
4,334.514,grad,23340269056
4,335.821,grad,23359143424
4,337.552,grad,23335386624
4,338.829,grad,23340142080
4,340.067,grad,23320931840
4,341.323,grad,23200017920
4,342.557,grad,23117901312
4,343.799,grad,23104134656
4,345.032,grad,23063058944
4,346.613,grad,23059913216
4,347.92,grad,23078656512
4,349.564,grad,23055030784
4,350.813,grad,23059798528
4,352.045,grad,23001778688
4,353.277,grad,22951119360
4,354.511,grad,22859569664
4,355.757,grad,22809033216
4,356.998,grad,22781654528
4,358.547,grad,22779557376
4,359.815,grad,22798431744
4,361.268,grad,22774674944
4,362.509,grad,22779426304
4,363.752,grad,22752880128
4,364.986,grad,22669714944
4,366.222,grad,22548817408
4,367.457,grad,22520288768
4,368.72,grad,22498152960
4,370.199,grad,22498152960
4,371.464,grad,22517027328
4,372.929,grad,22493270528
4,374.176,grad,22498021888
4,375.43,grad,22471475712
4,376.689,grad,22389359104
4,377.924,grad,22267400704
4,379.159,grad,22253564416
4,380.391,grad,22218845696
4,382.14,grad,22216748544
4,383.454,grad,22235622912
4,384.904,grad,22211866112
4,386.141,grad,22216617472
4,387.378,grad,22197411328
4,388.616,grad,22030360064
4,389.85,grad,21987040768
4,391.083,grad,21965868544
4,392.313,grad,21936392704
4,393.762,grad,21936392704
4,395.002,grad,21955332608
4,396.533,grad,21931510272
4,397.791,grad,21936269824
4,399.027,grad,21917055488
4,400.257,grad,21827893760
4,401.484,grad,21706979840
4,402.727,grad,21685414400
4,403.954,grad,21657904640
4,405.616,grad,21656331776
4,406.853,grad,21675140608
4,408.362,grad,21651449344
4,409.608,grad,21656212992
4,410.847,grad,21598197248
4,412.082,grad,21516080640
4,413.31,grad,21441304064
4,414.537,grad,21405451776
4,415.777,grad,21383315968
4,417.203,grad,21375975936
4,418.521,grad,21394850304
4,420.059,grad,21371093504
4,421.31,grad,21383184896
4,422.556,grad,21434298880
4,423.803,grad,21267182080
4,425.035,grad,21138928128
4,426.294,grad,21125161472
4,427.536,grad,21098765824
4,429.168,grad,21095620096
4,430.432,grad,21114494464
4,431.858,grad,21090737664
4,433.094,grad,21095489024
4,434.345,grad,21107740160
4,435.611,grad,20986826240
4,436.851,grad,20865977856
4,438.105,grad,20844805632
4,439.34,grad,20826339840
4,440.679,grad,20815329792
4,441.923,grad,20834269696
4,443.343,grad,20810447360
4,444.588,grad,20815198720
4,445.82,grad,20788652544
4,447.051,grad,20628941312
4,448.283,grad,20600367616
4,449.527,grad,20564515328
4,450.799,grad,20535039488
4,452.233,grad,20535039488
4,453.517,grad,20553913856
4,454.987,grad,20530157056
4,456.227,grad,20549588480
4,457.459,grad,20508362240
4,458.711,grad,20426245632
4,459.943,grad,20334761472
4,461.173,grad,20291565056
4,462.403,grad,20262089216
4,464.49,grad,20254749184
4,465.768,grad,20273623552
4,467.196,grad,20249866752
4,468.436,grad,20254630400
4,469.686,grad,20274209280
4,470.917,grad,20114498048
4,472.148,grad,20039787008
4,473.385,grad,20018680320
4,474.619,grad,19977604608
4,476.123,grad,19974458880
4,477.383,grad,19993333248
4,478.884,grad,19969576448
4,480.12,grad,19974336000
4,481.352,grad,19916324352
4,482.588,grad,19834207744
4,483.818,grad,19744816640
4,485.051,grad,19723709952
4,486.28,grad,19696265728
4,487.884,grad,19694168576
4,489.126,grad,19712977408
4,490.686,grad,19689286144
4,491.924,grad,19694037504
4,493.16,grad,19674831360
4,494.398,grad,19546577408
4,495.663,grad,19503323648
4,496.903,grad,19442960896
4,498.146,grad,19447548416
4,499.394,grad,19421218304
4,500.696,grad,19443762688
4,502.128,grad,19408504320
4,503.388,grad,19416335872
4,504.594,grad,19406407168
4,505.932,grad,19394606592
4,507.182,grad,19312424448
4,508.419,grad,19215693312
4,509.672,grad,19177350656
4,510.909,grad,19158345216
4,512.879,grad,19133587968
4,514.129,grad,19152790016
4,515.782,grad,19128705536
4,517.028,grad,19133469184
4,518.268,grad,19153048064
4,519.524,grad,19032134144
4,520.817,grad,18911285760
4,522.139,grad,18882839040
4,523.375,grad,18855394816
4,525.078,grad,18853297664
4,526.354,grad,18872172032
4,527.836,grad,18848415232
4,529.078,grad,18853178880
4,530.312,grad,18833960448
4,531.55,grad,18751843840
4,532.794,grad,18616315392
4,534.056,grad,18602548736
4,535.287,grad,18575104512
4,536.913,grad,18573007360
4,538.177,grad,18591947264
4,539.682,grad,18568124928
4,540.924,grad,18572888576
4,542.158,grad,18514872832
4,543.392,grad,18464213504
4,544.627,grad,18358045184
4,545.859,grad,18322192896
4,547.096,grad,18294814208
4,548.831,grad,18292717056
4,550.093,grad,18311460352
4,551.699,grad,18287834624
4,552.938,grad,18292585984
4,554.174,grad,18266039808
4,555.431,grad,18183923200
4,556.682,grad,18092439040
4,557.947,grad,18049242624
4,559.186,grad,18019766784
4,560.731,grad,18012426752
4,562.003,grad,18031301120
4,563.428,grad,18007544320
4,564.683,grad,18012307968
4,565.917,grad,17954292224
4,567.148,grad,17864835584
4,568.379,grad,17812148736
4,569.616,grad,17761612288
4,570.848,grad,17734233600
4,572.371,grad,17732136448
4,573.638,grad,17751010816
4,575.111,grad,17727254016
4,576.349,grad,17732005376
4,577.591,grad,17705459200
4,578.831,grad,17623342592
4,580.068,grad,17502502400
4,581.303,grad,17488662016
4,582.534,grad,17451846144
4,584.014,grad,17451846144
4,585.254,grad,17470654976
4,586.822,grad,17446111744
4,588.062,grad,17443523072
4,589.307,grad,17431722496
4,590.547,grad,17349540352
4,591.791,grad,17268341248
4,593.025,grad,17215384064
4,594.261,grad,17171555840
4,596.116,grad,17171555840
4,597.388,grad,17190430208
4,598.84,grad,17166673408
4,600.083,grad,17171424768
4,601.316,grad,17112569344
4,602.549,grad,17061910016
4,603.79,grad,16971277824
4,605.022,grad,16920741376
4,606.257,grad,16892314112
4,607.837,grad,16891265536
4,609.108,grad,16910205440
4,610.541,grad,16885531136
4,611.794,grad,16890282496
4,613.026,grad,16863736320
4,614.256,grad,16781619712
4,615.485,grad,16661623296
4,616.731,grad,16633111040
4,617.964,grad,16632995328
4,619.204,grad,16625655296
4,620.471,grad,16630013440
4,622.004,grad,16606092800
4,623.251,grad,16610844160
4,624.495,grad,16584297984
4,625.741,grad,16422489600
4,626.975,grad,16379235840
4,628.212,grad,16365469184
4,629.444,grad,16324393472
4,631.331,grad,16320985600
4,632.682,grad,16339958272
4,634.133,grad,16316103168
4,635.396,grad,16306174464
4,636.817,grad,16306174464
4,638.18,grad,16306174464
4,639.558,grad,16306173952
4,641.657,grad,16306173952
4,643.024,grad,16306173952
4,644.488,grad,16306173952
4,645.826,grad,16306173952
4,649.912,grad,16306173952
4,651.384,grad,16306173952
4,652.698,grad,16324327424
4,654.001,grad,16344971264
4,655.313,grad,16361224192
4,657.413,grad,16361224192
4,658.739,grad,16361234432
4,660.062,grad,16523190272
4,661.373,grad,16523190272
4,663.025,grad,16523190272
4,664.313,grad,16523190272
4,665.618,grad,16467814912
4,666.923,grad,16378919936
4,668.236,grad,16198794240
4,674.333,grad,16140860416
4,680.746,grad,16140868608
4,687.146,grad,16140868608
4,693.547,grad,16140868608
4,698.558,grad,16140868608
4,699.916,grad,16148345856
4,702.958,grad,16155929600
4,704.391,grad,16165252096
4,705.831,grad,16181096448
4,707.177,grad,16224161792
4,708.513,grad,16350052352
4,709.884,grad,16518807552
4,712.533,grad,16458108928
4,713.885,grad,16468283392
4,715.216,grad,16484127744
4,716.669,grad,16519848960
4,718.021,grad,16665732096
4,719.413,grad,16727008256
4,721.826,grad,16749884416
4,723.159,grad,16760173568
4,724.482,grad,16776017920
4,725.942,grad,16811739136
4,727.292,grad,16957622272
4,728.636,grad,17019750400
4,730.946,grad,17041774592
4,732.273,grad,17052063744
4,733.601,grad,17075248128
4,735.0,grad,17103629312
4,736.328,grad,17327107072
4,737.714,grad,17341004800
4,740.26,grad,17334631424
4,741.599,grad,17343953920
4,742.94,grad,17367138304
4,744.278,grad,17395519488
4,745.599,grad,17618997248
4,746.913,grad,17619062784
4,749.147,grad,17626406912
4,750.461,grad,17635844096
4,751.826,grad,17659028480
4,753.155,grad,17687409664
4,754.5,grad,17910887424
4,755.877,grad,17925633024
4,758.104,grad,17918297088
4,759.432,grad,17927734272
4,760.809,grad,17950918656
4,762.163,grad,17979299840
4,763.514,grad,18202777600
4,764.88,grad,18202843136
4,767.22,grad,18210301952
4,768.563,grad,18219624448
4,769.905,grad,18242808832
4,771.238,grad,18271190016
4,772.614,grad,18494667776
4,773.932,grad,18509413376
4,776.2,grad,18502192128
4,777.527,grad,18511514624
4,778.895,grad,18534699008
4,780.223,grad,18563080192
4,781.548,grad,18786557952
4,782.893,grad,18801307648
4,785.076,grad,18793967616
4,786.615,grad,18801799168
4,787.956,grad,18814447616
4,789.295,grad,18841334784
4,790.648,grad,18908447744
4,791.996,grad,19156042752
4,793.335,grad,19078521856
4,795.448,grad,19085857792
4,796.807,grad,19095294976
4,798.143,grad,19118479360
4,799.564,grad,19146860544
4,800.97,grad,19292743680
4,802.313,grad,19370403840
4,804.601,grad,19377747968
4,805.921,grad,19387185152
4,807.248,grad,19403029504
4,808.641,grad,19438750720
4,809.991,grad,19662228480
4,811.341,grad,19676978176
4,813.531,grad,19669752832
4,814.903,grad,19679075328
4,816.291,grad,19702259712
4,817.621,grad,19769438208
4,818.974,grad,19954118656
4,820.298,grad,19954188288
4,822.516,grad,19961643008
4,823.883,grad,19970965504
4,825.248,grad,19994149888
4,826.586,grad,20061328384
4,827.929,grad,20323603456
4,829.254,grad,20246078464
4,831.42,grad,20253418496
4,832.783,grad,20262855680
4,834.114,grad,20286040064
4,835.455,grad,20353218560
4,836.844,grad,20615493632
4,838.18,grad,20552644608
4,840.682,grad,20545423360
4,842.004,grad,20554745856
4,843.329,grad,20577930240
4,844.657,grad,20645108736
4,845.996,grad,20907383808
4,847.323,grad,20844538880
4,849.474,grad,20837198848
4,850.827,grad,20846636032
4,852.212,grad,20869820416
4,853.539,grad,20936998912
4,854.885,grad,21121679360
4,856.209,grad,21121753088
4,858.419,grad,21129203712
4,859.772,grad,21138526208
4,861.088,grad,21176390656
4,862.469,grad,21228889088
4,863.843,grad,21491164160
4,865.184,grad,21413643264
4,867.443,grad,21421093888
4,868.815,grad,21430416384
4,870.142,grad,21453600768
4,871.465,grad,21520779264
4,872.847,grad,21705459712
4,874.177,grad,21720209408
4,876.413,grad,21712984064
4,877.783,grad,21722306560
4,879.155,grad,21745490944
4,880.48,grad,21812669440
4,881.858,grad,22074944512
4,883.2,grad,22012095488
4,885.477,grad,22004874240
4,887.097,grad,22014196736
4,888.447,grad,22037381120
4,889.833,grad,22065762304
4,891.168,grad,22289240064
4,892.522,grad,22289309696
4,894.736,grad,22296649728
4,896.061,grad,22306086912
4,897.387,grad,22343951360
4,898.753,grad,22396449792
4,900.089,grad,22581130240
4,901.41,grad,22581203968
4,903.564,grad,22588539904
4,904.911,grad,22597977088
4,906.238,grad,22635841536
4,907.597,grad,22688339968
4,908.963,grad,22950615040
4,910.287,grad,22873090048
4,912.449,grad,22880430080
4,913.8,grad,22889867264
4,915.129,grad,22927731712
4,916.509,grad,22980230144
4,917.87,grad,23243553792
4,919.211,grad,23166032896
4,921.391,grad,23173483520
4,922.753,grad,23182806016
4,924.126,grad,23220670464
4,925.466,grad,23287848960
4,926.856,grad,23457849344
4,928.221,grad,23457918976
4,930.406,grad,23465373696
4,931.796,grad,23474696192
4,933.127,grad,23497880576
4,934.468,grad,23526261760
4,935.834,grad,23750788096
4,937.176,grad,23765533696
4,939.851,grad,23758312448
4,941.235,grad,23767634944
4,942.675,grad,23783479296
4,944.077,grad,23826544640
4,945.402,grad,23911540736
4,946.771,grad,24088815616
4,949.795,grad,24050202624
4,951.204,grad,24059525120
4,952.59,grad,24075369472
4,953.96,grad,24118434816
4,955.287,grad,24203430912
4,956.644,grad,24381754368
4,958.047,grad,24327293952
4,959.398,grad,25884450816
4,961.869,grad,24942809600
4,963.192,grad,24942810112
4,964.584,grad,24942810112
4,965.952,grad,24942810112
4,967.331,grad,24942810112
4,968.64,grad,24638713856
4,969.896,grad,24320401408
4,971.183,grad,24241758208
4,972.513,grad,24158593024
4,973.764,grad,24119726080
4,975.002,grad,24081289216
4,976.235,grad,24061742080
4,977.469,grad,24076422144
4,978.731,grad,24080681984
4,980.197,grad,24056859648
4,981.436,grad,24061623296
4,982.693,grad,24081202176
4,983.922,grad,23921490944
4,985.171,grad,23846714368
4,986.403,grad,23825607680
4,987.661,grad,23783483392
4,989.296,grad,23781386240
4,990.58,grad,23800260608
4,992.102,grad,23776503808
4,993.345,grad,23781267456
4,994.584,grad,23723251712
4,995.819,grad,23671543808
4,997.055,grad,23557969920
4,998.288,grad,23544203264
4,999.535,grad,23503127552
4,1001.17,grad,23499981824
4,1002.416,grad,23518790656
4,1004.283,grad,23495099392
4,1005.558,grad,23499867136
4,1006.807,grad,23480644608
4,1008.045,grad,23398528000
4,1009.279,grad,23262934016
4,1010.516,grad,23249167360
4,1011.765,grad,23221198848
4,1013.471,grad,23219625984
4,1014.804,grad,23238500352
4,1016.266,grad,23214743552
4,1017.514,grad,23219499008
4,1018.772,grad,23200288768
4,1020.027,grad,23117123584
4,1021.295,grad,22981529600
4,1022.589,grad,22967762944
4,1023.834,grad,22939794432
4,1025.539,grad,22938221568
4,1026.795,grad,22957030400
4,1028.415,grad,22933339136
4,1029.671,grad,22938102784
4,1030.908,grad,22880087040
4,1032.143,grad,22797970432
4,1033.385,grad,22715853824
4,1034.633,grad,22702087168
4,1035.871,grad,22661011456
4,1037.507,grad,22657865728
4,1038.804,grad,22676740096
4,1040.271,grad,22652983296
4,1041.512,grad,22657734656
4,1042.758,grad,22599731200
4,1043.99,grad,22510274560
4,1045.223,grad,22457518080
4,1046.46,grad,22406985728
4,1047.711,grad,22379607040
4,1049.621,grad,22377509888
4,1050.928,grad,22396384256
4,1052.385,grad,22372627456
4,1053.63,grad,22377387008
4,1054.863,grad,22319375360
4,1056.097,grad,22268716032
4,1057.338,grad,22177166336
4,1058.584,grad,22126629888
4,1059.824,grad,22099251200
4,1061.272,grad,22097154048
4,1062.521,grad,22116093952
4,1063.984,grad,22092271616
4,1065.224,grad,22097022976
4,1066.461,grad,22109569024
4,1067.715,grad,21988655104
4,1068.953,grad,21882425344
4,1070.183,grad,21853908992
4,1071.412,grad,21820238848
4,1072.996,grad,21817093120
4,1074.305,grad,21835967488
4,1075.836,grad,21812210688
4,1077.077,grad,21816978432
4,1078.314,grad,21836553216
4,1079.545,grad,21676841984
4,1080.787,grad,21587385344
4,1082.02,grad,21566213120
4,1083.272,grad,21539883008
4,1084.907,grad,21536737280
4,1086.154,grad,21555611648
4,1087.627,grad,21531854848
4,1088.87,grad,21529266176
4,1090.17,grad,21517465600
4,1091.406,grad,21427943424
4,1092.595,grad,21307029504
4,1093.825,grad,21285464064
4,1095.058,grad,21257954304
4,1096.725,grad,21256381440
4,1097.989,grad,21275255808
4,1099.487,grad,21251499008
4,1100.743,grad,21256266752
4,1101.981,grad,21237044224
4,1103.213,grad,21147653120
4,1104.445,grad,21056099328
4,1105.691,grad,21005566976
4,1106.929,grad,20978188288
4,1108.412,grad,20976091136
4,1109.721,grad,20994965504
4,1111.147,grad,20971208704
4,1112.392,grad,20975960064
4,1113.631,grad,20956753920
4,1114.868,grad,20828893184
4,1116.104,grad,20776136704
4,1117.339,grad,20725604352
4,1118.582,grad,20698225664
4,1120.14,grad,20696128512
4,1121.436,grad,20715002880
4,1122.883,grad,20691246080
4,1124.123,grad,20696013824
4,1125.356,grad,20637993984
4,1126.593,grad,20555877376
4,1127.831,grad,20495780864
4,1129.066,grad,20445248512
4,1130.298,grad,20417869824
4,1132.021,grad,20415772672
4,1133.284,grad,20434712576
4,1134.774,grad,20410890240
4,1136.011,grad,20415641600
4,1137.247,grad,20389160960
4,1138.479,grad,20307044352
4,1139.726,grad,20186138624
4,1140.956,grad,20164958208
4,1142.189,grad,20153832448
4,1143.47,grad,20135482368
4,1144.73,grad,20154225664
4,1146.276,grad,20130599936
4,1147.609,grad,20135367680
4,1148.904,grad,20077413376
4,1150.164,grad,20034094080
4,1151.419,grad,19898500096
4,1152.685,grad,19884733440
4,1153.927,grad,19857289216
4,1155.733,grad,19855192064
4,1157.031,grad,19874066432
4,1158.568,grad,19850309632
4,1159.845,grad,19855065088
4,1161.104,grad,19835854848
4,1162.336,grad,19754131456
4,1163.581,grad,19618144256
4,1164.896,grad,19604377600
4,1166.125,grad,19576409088
4,1168.022,grad,19574836224
4,1169.281,grad,19594038272
4,1171.094,grad,19569953792
4,1172.447,grad,19567365120
4,1173.792,grad,19553139712
4,1175.051,grad,19472989184
4,1176.342,grad,19406011392
4,1177.609,grad,19337784320
4,1178.879,grad,19318713344
4,1180.154,grad,19301820416
4,1181.465,grad,19324364800
4,1182.875,grad,19289106432
4,1184.147,grad,19296937984
4,1185.397,grad,19294357504
4,1186.681,grad,19275143168
4,1187.937,grad,19193419776
4,1189.192,grad,19057498112
4,1190.438,grad,19043731456
4,1191.708,grad,19015762944
4,1193.445,grad,19014190080
4,1194.725,grad,19032998912
4,1196.39,grad,19009307648
4,1197.672,grad,19014071296
4,1198.933,grad,18956055552
4,1200.181,grad,18866598912
4,1201.417,grad,18791822336
4,1202.669,grad,18778055680
4,1203.927,grad,18735931392
4,1205.692,grad,18733834240
4,1207.032,grad,18752643072
4,1208.658,grad,18728951808
4,1209.938,grad,18733707264
4,1211.263,grad,18714497024
4,1212.524,grad,18632839168
4,1213.784,grad,18496851968
4,1215.083,grad,18483085312
4,1216.349,grad,18455116800
4,1218.393,grad,18453543936
4,1219.767,grad,18472418304
4,1221.29,grad,18448661504
4,1222.565,grad,18453421056
4,1223.816,grad,18473004032
4,1225.052,grad,18352483328
4,1226.284,grad,18223901696
4,1227.514,grad,18202336256
4,1228.763,grad,18174302208
4,1230.525,grad,18173253632
4,1231.792,grad,18191996928
4,1233.378,grad,18168371200
4,1234.626,grad,18173134848
4,1235.874,grad,18153916416
4,1237.124,grad,18079139840
4,1238.379,grad,17943545856
4,1239.764,grad,17922439168
4,1241.013,grad,17894994944
4,1242.766,grad,17892897792
4,1244.028,grad,17911772160
4,1245.537,grad,17888015360
4,1246.789,grad,17892770816
4,1248.026,grad,17873560576
4,1249.265,grad,17753039872
4,1250.523,grad,17663255552
4,1251.801,grad,17642148864
4,1253.069,grad,17615228928
4,1254.775,grad,17612607488
4,1256.081,grad,17631809536
4,1257.792,grad,17606873088
4,1259.044,grad,17604284416
4,1260.312,grad,17590059008
4,1261.585,grad,17510367232
4,1262.819,grad,17428250624
4,1264.089,grad,17375227904
4,1265.327,grad,17358123008
4,1267.325,grad,17331465216
4,1268.581,grad,17350274048
4,1270.167,grad,17326582784
4,1271.422,grad,17331346432
4,1272.678,grad,17312128000
4,1273.914,grad,17230404608
4,1275.167,grad,17095334912
4,1276.469,grad,17081568256
4,1277.725,grad,17053075456
4,1279.435,grad,17052026880
4,1280.719,grad,17070835712
4,1282.322,grad,17046292480
4,1283.56,grad,17051052032
4,1284.803,grad,17031837696
4,1286.156,grad,16949786624
4,1287.416,grad,16883267584
4,1288.676,grad,16815040512
4,1289.922,grad,16791250944
4,1291.165,grad,16772785152
4,1292.508,grad,16801620992
4,1293.966,grad,16766362624
4,1295.223,grad,16774194176
4,1296.474,grad,16771613696
4,1297.755,grad,16829207552
4,1299.009,grad,16676770816
4,1300.253,grad,16577942528
4,1301.491,grad,16510239744
4,1302.74,grad,16481157120
4,1304.839,grad,16480894976
4,1306.111,grad,16499703808
4,1307.867,grad,16476012544
4,1309.118,grad,16466083840
4,1310.372,grad,16466083840
4,1311.616,grad,16466083840
4,1313.041,grad,16466083328
4,1315.327,grad,16466083328
4,1316.641,grad,16466083328
4,1317.996,grad,16466083328
4,1319.269,grad,16466083328
4,1322.862,grad,16466083328
4,1324.272,grad,16466083328
4,1325.517,grad,16484302336
4,1326.795,grad,16505863680
4,1328.055,grad,16521133568
4,1329.905,grad,16521133568
4,1331.247,grad,16521459200
4,1332.503,grad,16683099648
4,1336.878,grad,16683099648
4,1338.31,grad,16627565568
4,1339.554,grad,16455926272
4,1340.834,grad,16302342656
4,1342.069,grad,16326754816
4,1343.304,grad,16359555584
4,1344.542,grad,16392356352
4,1345.796,grad,16423944704
4,1347.062,grad,16456385024
4,1353.172,grad,16141844992
4,1359.53,grad,16141853184
4,1365.904,grad,16141853184
4,1372.359,grad,16141853184
4,1376.933,grad,16141853184
4,1378.251,grad,16149330432
4,1381.238,grad,16156799488
4,1382.626,grad,16166236672
4,1383.882,grad,16182081024
4,1385.183,grad,16218654208
4,1386.424,grad,16444229120
4,1387.732,grad,16451642880
4,1389.855,grad,16458978816
4,1391.125,grad,16469267968
4,1392.377,grad,16492452352
4,1393.612,grad,16559630848
4,1394.841,grad,16821905920
4,1396.074,grad,16757361152
4,1398.069,grad,16750868992
4,1399.346,grad,16760306176
4,1400.601,grad,16784342528
4,1401.835,grad,16851521024
4,1403.069,grad,16997404160
4,1404.307,grad,17058295296
4,1406.222,grad,17043611136
4,1407.494,grad,17053048320
4,1408.766,grad,17076232704
4,1410.04,grad,17143411200
4,1411.271,grad,17328091648
4,1412.506,grad,17357525504
4,1414.722,grad,17335501312
4,1415.985,grad,17344938496
4,1417.279,grad,17368122880
4,1418.534,grad,17435301376
4,1419.803,grad,17542387200
4,1422.682,grad,17627391488
4,1423.95,grad,17636828672
4,1425.205,grad,17660013056
4,1426.441,grad,17741871616
4,1427.77,grad,17873074688
4,1430.546,grad,17919281664
4,1431.842,grad,17928718848
4,1433.13,grad,17966583296
4,1434.381,grad,18033761792
4,1435.703,grad,18172304896
4,1438.507,grad,18211171840
4,1439.789,grad,18220609024
4,1441.043,grad,18258473472
4,1442.279,grad,18325651968
4,1443.509,grad,18456855040
4,1444.755,grad,18510406144
4,1446.702,grad,18503062016
4,1447.997,grad,18512499200
4,1449.262,grad,18528343552
4,1450.502,grad,18564064768
4,1451.751,grad,18865137152
4,1452.983,grad,18787616256
4,1454.959,grad,18794952192
4,1456.469,grad,18804389376
4,1457.773,grad,18827573760
4,1459.03,grad,18894752256
4,1460.267,grad,19079432704
4,1461.501,grad,19108866560
4,1463.367,grad,19086842368
4,1464.625,grad,19096279552
4,1465.902,grad,19119463936
4,1467.151,grad,19186642432
4,1468.412,grad,19332525568
4,1469.687,grad,19393416704
4,1471.649,grad,19378732544
4,1472.969,grad,19388169728
4,1474.237,grad,19411354112
4,1475.524,grad,19478532608
4,1476.811,grad,19585618432
4,1478.107,grad,19685306880
4,1480.155,grad,19670622720
4,1481.423,grad,19680059904
4,1482.693,grad,19703244288
4,1483.971,grad,19770422784
4,1485.213,grad,19916305920
4,1486.471,grad,19977197056
4,1488.38,grad,19962512896
4,1489.675,grad,19971950080
4,1490.929,grad,19995134464
4,1492.19,grad,20076993024
4,1493.456,grad,20208196096
4,1496.258,grad,20254403072
4,1497.536,grad,20263840256
4,1498.827,grad,20301704704
4,1500.096,grad,20368883200
4,1501.336,grad,20500086272
4,1504.409,grad,20546293248
4,1505.69,grad,20555730432
4,1506.952,grad,20578914816
4,1508.207,grad,20646093312
4,1509.457,grad,20830773760
4,1510.716,grad,20860207616
4,1512.534,grad,20838183424
4,1513.814,grad,20847620608
4,1515.06,grad,20885485056
4,1516.292,grad,20952663552
4,1517.613,grad,21083866624
4,1520.394,grad,21130073600
4,1521.674,grad,21139510784
4,1522.935,grad,21177375232
4,1524.175,grad,21244553728
4,1525.46,grad,21375756800
4,1528.255,grad,21421963776
4,1529.522,grad,21431400960
4,1530.78,grad,21469265408
4,1532.043,grad,21536443904
4,1533.273,grad,21667646976
4,1536.07,grad,21713853952
4,1537.331,grad,21723291136
4,1538.615,grad,21761155584
4,1539.878,grad,21828334080
4,1541.116,grad,21959537152
4,1543.935,grad,22005744128
4,1545.367,grad,22015181312
4,1546.64,grad,22038365696
4,1547.905,grad,22105544192
4,1549.191,grad,22212630016
4,1552.111,grad,22297748992
4,1553.443,grad,22314411520
4,1554.731,grad,22345001472
4,1555.986,grad,22412179968
4,1557.304,grad,22550657536
4,1560.029,grad,22589524480
4,1561.297,grad,22598961664
4,1562.548,grad,22636826112
4,1563.794,grad,22704004608
4,1565.067,grad,22835207680
4,1567.827,grad,22881414656
4,1569.104,grad,22890851840
4,1570.36,grad,22928716288
4,1571.618,grad,22995894784
4,1572.869,grad,23127097856
4,1575.636,grad,23173304832
4,1576.894,grad,23182742016
4,1578.15,grad,23220672000
4,1579.399,grad,23287850496
4,1580.596,grad,23426328064
4,1583.213,grad,23465195008
4,1584.471,grad,23474632192
4,1585.738,grad,23512496640
4,1587.001,grad,23579675136
4,1588.242,grad,23710878208
4,1591.203,grad,23757085184
4,1592.47,grad,23766522368
4,1593.731,grad,23804386816
4,1594.96,grad,23871630848
4,1596.198,grad,24010108416
4,1598.834,grad,24048975360
4,1600.108,grad,24058412544
4,1601.368,grad,24096342528
4,1602.611,grad,24163521024
4,1603.844,grad,24294658560
4,1605.079,grad,24348209664
4,1606.34,grad,25883339264
4,1608.895,grad,25253124096
4,1610.165,grad,24941697536
4,1611.397,grad,24941697536
4,1612.63,grad,24941697536
4,1613.862,grad,24941697536
4,1615.095,grad,24941688320
4,1616.485,grad,24333968896
4,1617.739,grad,24317453824
4,1619.042,grad,24157742592
4,1620.368,grad,24082634240
4,1621.633,grad,24076146176
4,1622.893,grad,24076030464
4,1624.384,grad,24061350400
4,1625.637,grad,24080093696
4,1627.421,grad,24056467968
4,1628.746,grad,24090579456
4,1630.019,grad,24119607808
4,1631.261,grad,23952556544
4,1632.497,grad,23831642624
4,1633.741,grad,23810077184
4,1634.975,grad,23782043136
4,1636.834,grad,23780994560
4,1638.202,grad,23800196608
4,1640.022,grad,23776112128
4,1641.282,grad,23780875776
4,1642.525,grad,23722860032
4,1643.783,grad,23640743424
4,1645.036,grad,23558626816
4,1646.296,grad,23530114560
4,1647.542,grad,23503784448
4,1649.311,grad,23500638720
4,1650.581,grad,23519447552
4,1652.434,grad,23495756288
4,1653.734,grad,23500511744
4,1655.001,grad,23520098816
4,1656.237,grad,23367727616
4,1657.472,grad,23285611008
4,1658.766,grad,23249824256
4,1660.018,grad,23222904320
4,1661.71,grad,23220282880
4,1663.009,grad,23239157248
4,1664.532,grad,23215400448
4,1665.784,grad,23220168192
4,1667.018,grad,23162148352
4,1668.26,grad,23087371776
4,1669.529,grad,22998636032
4,1670.784,grad,22984869376
4,1672.024,grad,22942745088
4,1673.703,grad,22940647936
4,1675.003,grad,22959522304
4,1676.444,grad,22935765504
4,1677.698,grad,22940529152
4,1678.94,grad,22921310720
4,1680.204,grad,22800396800
4,1681.442,grad,22725620224
4,1682.693,grad,22689767936
4,1683.926,grad,22662913536
4,1685.673,grad,22660292096
4,1687.064,grad,22679166464
4,1688.682,grad,22655409664
4,1689.988,grad,22660169216
4,1691.237,grad,22679752192
4,1692.472,grad,22527675904
4,1693.725,grad,22430879232
4,1694.962,grad,22424452608
4,1696.196,grad,22383376896
4,1699.036,grad,22380231168
4,1700.326,grad,22398974464
4,1701.995,grad,22375348736
4,1703.257,grad,22380112384
4,1704.502,grad,22399691264
4,1705.749,grad,22278777344
4,1706.987,grad,22143183360
4,1708.248,grad,22129416704
4,1709.507,grad,22102496768
4,1711.228,grad,22099875328
4,1712.484,grad,22118749696
4,1713.968,grad,22094992896
4,1715.233,grad,22099756544
4,1716.476,grad,22041806336
4,1717.729,grad,21952349696
4,1718.972,grad,21899597312
4,1720.235,grad,21849060864
4,1721.48,grad,21822206464
4,1723.212,grad,21819585024
4,1724.531,grad,21838459392
4,1726.054,grad,21814702592
4,1727.293,grad,21819466240
4,1728.537,grad,21761516032
4,1729.783,grad,21718196736
4,1731.032,grad,21582602752
4,1732.316,grad,21568836096
4,1733.554,grad,21540343296
4,1735.37,grad,21539294720
4,1736.616,grad,21558103552
4,1738.136,grad,21534412288
4,1739.376,grad,21531823616
4,1740.662,grad,21517598208
4,1741.907,grad,21452652032
4,1743.145,grad,21341109760
4,1744.379,grad,21288087040
4,1745.622,grad,21260052992
4,1747.343,grad,21259004416
4,1748.644,grad,21277878784
4,1750.16,grad,21254121984
4,1751.423,grad,21258889728
4,1752.701,grad,21200935424
4,1753.949,grad,21111478784
4,1755.184,grad,21029755392
4,1756.417,grad,21023328768
4,1757.667,grad,20982253056
4,1759.266,grad,20979107328
4,1760.524,grad,20997916160
4,1762.102,grad,20974224896
4,1763.346,grad,20978976256
4,1764.591,grad,20959770112
4,1765.821,grad,20846196224
4,1767.053,grad,20756739584
4,1768.282,grad,20742972928
4,1769.517,grad,20700848640
4,1771.269,grad,20698751488
4,1772.558,grad,20717691392
4,1774.007,grad,20693869056
4,1775.28,grad,20698636800
4,1776.595,grad,20718211584
4,1777.861,grad,20597363200
4,1779.179,grad,20469109248
4,1780.464,grad,20447543808
4,1781.753,grad,20419509760
4,1783.792,grad,20418461184
4,1785.102,grad,20437335552
4,1786.656,grad,20413578752
4,1787.925,grad,20418330112
4,1789.171,grad,20391783936
4,1790.432,grad,20309732864
4,1791.704,grad,20203499008
4,1792.939,grad,20167646720
4,1794.178,grad,20138170880
4,1795.667,grad,20138170880
4,1796.912,grad,20156979712
4,1798.424,grad,20133288448
4,1799.68,grad,20138052096
4,1800.932,grad,20157630976
4,1802.174,grad,19997985280
4,1803.407,grad,19915868672
4,1804.593,grad,19887421952
4,1805.826,grad,19861026304
4,1807.462,grad,19857880576
4,1808.76,grad,19876754944
4,1810.198,grad,19852998144
4,1811.448,grad,19857761792
4,1812.69,grad,19799746048
4,1813.943,grad,19749152256
4,1815.177,grad,19657602560
4,1816.406,grad,19607066112
4,1817.634,grad,19578638848
4,1819.156,grad,19577590272
4,1820.498,grad,19596464640
4,1822.052,grad,19572707840
4,1823.308,grad,19570119168
4,1824.555,grad,19558318592
4,1825.803,grad,19483542016
4,1827.039,grad,19379405312
4,1828.273,grad,19326382592
4,1829.505,grad,19298872832
4,1831.241,grad,19297299968
4,1832.554,grad,19316174336
4,1834.0,grad,19292417536
4,1835.238,grad,19297168896
4,1836.475,grad,19277962752
4,1837.715,grad,19149774336
4,1838.951,grad,19097017856
4,1840.209,grad,19046485504
4,1841.489,grad,19019106816
4,1843.25,grad,19017009664
4,1844.561,grad,19035884032
4,1846.098,grad,19012127232
4,1847.365,grad,19016882688
4,1848.616,grad,18997672448
4,1849.882,grad,18915621376
4,1851.154,grad,18787367424
4,1852.395,grad,18765801984
4,1853.64,grad,18737767936
4,1855.404,grad,18736719360
4,1856.695,grad,18755593728
4,1858.226,grad,18731836928
4,1859.469,grad,18736604672
4,1860.74,grad,18717382144
4,1862.051,grad,18627991040
4,1863.294,grad,18507077120
4,1864.607,grad,18485970432
4,1865.867,grad,18458526208
4,1867.899,grad,18456429056
4,1869.221,grad,18475303424
4,1870.788,grad,18451546624
4,1872.063,grad,18456310272
4,1873.318,grad,18475889152
4,1874.556,grad,18316243456
4,1875.803,grad,18234126848
4,1877.038,grad,18220360192
4,1878.272,grad,18177711616
4,1880.019,grad,18176138752
4,1881.289,grad,18194882048
4,1883.119,grad,18171256320
4,1884.41,grad,18176011776
4,1885.676,grad,18156801536
4,1886.935,grad,18074750464
4,1888.181,grad,17946496512
4,1889.467,grad,17925389824
4,1890.719,grad,17896897024
4,1892.474,grad,17895848448
4,1893.799,grad,17914722816
4,1895.313,grad,17890966016
4,1896.561,grad,17895721472
4,1897.807,grad,17915308544
4,1899.047,grad,17794460160
4,1900.287,grad,17666206208
4,1901.663,grad,17645099520
4,1902.915,grad,17618179584
4,1904.66,grad,17615558144
4,1905.905,grad,17634366976
4,1907.5,grad,17610675712
4,1908.762,grad,17608087040
4,1910.019,grad,17593861632
4,1911.33,grad,17514235392
4,1912.586,grad,17439393280
4,1913.894,grad,17379030528
4,1915.138,grad,17361073664
4,1917.105,grad,17335267840
4,1918.381,grad,17354076672
4,1920.052,grad,17330385408
4,1921.33,grad,17335144960
4,1922.628,grad,17315930624
4,1923.877,grad,17241219584
4,1925.116,grad,17144422912
4,1926.35,grad,17084060160
4,1927.597,grad,17055174144
4,1929.438,grad,17054125568
4,1930.718,grad,17072934400
4,1932.358,grad,17048391168
4,1933.694,grad,17053146624
4,1934.993,grad,17111596544
4,1936.237,grad,16951885312
4,1937.472,grad,16855940608
4,1938.727,grad,16818449920
4,1939.958,grad,16801017344
4,1942.059,grad,16773835264
4,1943.324,grad,16792644096
4,1945.019,grad,16768952832
4,1946.261,grad,16773716480
4,1947.502,grad,16792443392
4,1948.748,grad,16663206400
4,1949.978,grad,16580893184
4,1951.221,grad,16512338432
4,1952.491,grad,16484304384
4,1954.722,grad,16482993664
4,1956.049,grad,16501900800
4,1957.72,grad,16478111232
4,1959.014,grad,16468182528
4,1960.287,grad,16468182528
4,1961.532,grad,16468182528
4,1962.95,grad,16468182016
4,1965.209,grad,16468182016
4,1966.528,grad,16468182016
4,1967.919,grad,16468182016
4,1969.161,grad,16468182016
4,1972.855,grad,16468182016
4,1974.31,grad,16468182016
4,1975.56,grad,16485876736
4,1976.831,grad,16507503616
4,1978.078,grad,16523232256
4,1979.935,grad,16523232256
4,1981.184,grad,16523242496
4,1982.587,grad,16685198336
4,1983.881,grad,16685198336
4,1985.777,grad,16685198336
4,1987.037,grad,16662588928
4,1988.281,grad,16606005248
4,1989.52,grad,16426371072
4,1990.807,grad,16303327232
4,1992.046,grad,16336455680
4,1993.292,grad,16368306176
4,1994.529,grad,16401958912
4,1995.772,grad,16433416192
4,1997.005,grad,16467134464
4,1998.238,grad,16371517440
4,2004.558,grad,16143452160
4,2010.937,grad,16143460352
4,2017.284,grad,16143460352
4,2024.031,grad,16143460352
4,2028.672,grad,16143460352
4,2030.017,grad,16150937600
4,2033.038,grad,16158406656
4,2034.482,grad,16167843840
4,2035.829,grad,16183688192
4,2037.168,grad,16219409408
4,2038.401,grad,16366341120
4,2039.624,grad,16451341312
4,2041.88,grad,16458685440
4,2043.202,grad,16468122624
4,2044.457,grad,16491307008
4,2045.708,grad,16558485504
4,2046.953,grad,16743165952
4,2048.186,grad,16757915648
4,2050.23,grad,16750575616
4,2051.501,grad,16760012800
4,2052.793,grad,16797877248
4,2054.058,grad,16865055744
4,2055.293,grad,16996258816
4,2058.173,grad,17042465792
4,2059.433,grad,17051902976
4,2060.694,grad,17089767424
4,2061.934,grad,17156945920
4,2063.209,grad,17288148992
4,2066.475,grad,17334355968
4,2067.784,grad,17343793152
4,2069.043,grad,17366977536
4,2070.281,grad,17434156032
4,2071.546,grad,17580039168
4,2072.816,grad,17633590272
4,2074.764,grad,17626246144
4,2076.02,grad,17635683328
4,2077.27,grad,17658867712
4,2078.51,grad,17726046208
4,2079.756,grad,17988321280
4,2080.989,grad,17910800384
4,2082.939,grad,17918136320
4,2084.217,grad,17927573504
4,2085.476,grad,17950757888
4,2086.779,grad,18017936384
4,2088.025,grad,18280211456
4,2089.258,grad,18202690560
4,2091.217,grad,18210026496
4,2092.484,grad,18219463680
4,2093.808,grad,18242648064
4,2095.05,grad,18309826560
4,2096.306,grad,18455709696
4,2097.557,grad,18509260800
4,2099.483,grad,18501916672
4,2100.76,grad,18511353856
4,2102.016,grad,18534538240
4,2103.27,grad,18601716736
4,2104.515,grad,18747599872
4,2105.761,grad,18808491008
4,2107.742,grad,18793806848
4,2109.312,grad,18803244032
4,2110.6,grad,18826428416
4,2111.855,grad,18893606912
4,2113.126,grad,19155881984
4,2114.43,grad,19093041152
4,2116.422,grad,19085697024
4,2117.7,grad,19095134208
4,2118.954,grad,19118318592
4,2120.187,grad,19185497088
4,2121.428,grad,19370177536
4,2122.697,grad,19399611392
4,2124.595,grad,19377587200
4,2125.85,grad,19387024384
4,2127.102,grad,19410208768
4,2128.337,grad,19477387264
4,2129.585,grad,19662067712
4,2130.82,grad,19676821504
4,2132.817,grad,19669477376
4,2134.082,grad,19678914560
4,2135.359,grad,19702098944
4,2136.661,grad,19769277440
4,2137.899,grad,19953957888
4,2139.134,grad,19983391744
4,2141.037,grad,19961367552
4,2142.315,grad,19970804736
4,2143.593,grad,19993989120
4,2144.835,grad,20061167616
4,2146.075,grad,20207050752
4,2147.356,grad,20260601856
4,2149.35,grad,20253257728
4,2150.623,grad,20262694912
4,2151.903,grad,20285879296
4,2153.233,grad,20353057792
4,2154.486,grad,20460143616
4,2155.737,grad,20567172096
4,2157.912,grad,20545147904
4,2159.176,grad,20554585088
4,2160.426,grad,20577769472
4,2161.678,grad,20644947968
4,2162.94,grad,20790831104
4,2164.188,grad,20844382208
4,2166.164,grad,20837038080
4,2167.421,grad,20846475264
4,2168.685,grad,20869659648
4,2169.93,grad,20936838144
4,2171.267,grad,21082721280
4,2172.641,grad,21143612416
4,2174.709,grad,21128928256
4,2175.987,grad,21138365440
4,2177.252,grad,21154209792
4,2178.517,grad,21189931008
4,2179.817,grad,21413408768
4,2181.171,grad,21413478400
4,2183.318,grad,21420818432
4,2184.709,grad,21430255616
4,2186.01,grad,21446099968
4,2187.306,grad,21489165312
4,2188.596,grad,21627638784
4,2189.877,grad,21690684416
4,2192.086,grad,21712708608
4,2193.35,grad,21722145792
4,2194.618,grad,21745330176
4,2195.857,grad,21812508672
4,2197.09,grad,22074783744
4,2198.324,grad,21997266944
4,2200.357,grad,22004598784
4,2201.927,grad,22014035968
4,2203.195,grad,22037220352
4,2204.459,grad,22104398848
4,2205.736,grad,22250281984
4,2206.973,grad,22303833088
4,2208.957,grad,22296488960
4,2210.207,grad,22305926144
4,2211.454,grad,22329110528
4,2212.706,grad,22396289024
4,2214.001,grad,22580969472
4,2215.245,grad,22603063296
4,2217.137,grad,22588379136
4,2218.394,grad,22597816320
4,2219.71,grad,22621000704
4,2220.978,grad,22688179200
4,2222.218,grad,22872859648
4,2223.471,grad,22902293504
4,2225.36,grad,22880269312
4,2226.627,grad,22889706496
4,2227.873,grad,22912890880
4,2229.103,grad,22980069376
4,2230.334,grad,23242344448
4,2231.583,grad,23186843648
4,2233.464,grad,23172159488
4,2234.758,grad,23181596672
4,2236.009,grad,23204781056
4,2237.337,grad,23286639616
4,2238.644,grad,23417842688
4,2241.483,grad,23464049664
4,2242.755,grad,23473486848
4,2244.023,grad,23496671232
4,2245.266,grad,23578529792
4,2246.499,grad,23670935552
4,2247.746,grad,23777964032
4,2249.87,grad,23755939840
4,2251.133,grad,23765377024
4,2252.408,grad,23788561408
4,2253.605,grad,23855739904
4,2254.849,grad,24040420352
4,2256.08,grad,24062514176
4,2257.953,grad,24047830016
4,2259.21,grad,24057267200
4,2260.486,grad,24095131648
4,2261.74,grad,24162375680
4,2262.985,grad,24300853248
4,2264.233,grad,24636463104
4,2265.591,grad,25251986944
4,2267.587,grad,25251986944
4,2268.828,grad,24940552192
4,2270.058,grad,24940552192
4,2271.291,grad,24940552192
4,2272.542,grad,24940552192
4,2273.796,grad,25563397120
4,2275.046,grad,24332364800
4,2276.31,grad,24316308480
4,2277.551,grad,24157318144
4,2278.8,grad,24082209792
4,2280.037,grad,24075721728
4,2281.28,grad,24068265984
4,2282.653,grad,24060925952
4,2283.923,grad,24077047808
4,2285.83,grad,24056043520
4,2287.107,grad,24060807168
4,2288.353,grad,24002791424
4,2289.593,grad,23920674816
4,2290.827,grad,23831218176
4,2292.065,grad,23810045952
4,2293.306,grad,23782667264
4,2295.069,grad,23780570112
4,2296.327,grad,23799378944
4,2297.978,grad,23775687680
4,2299.218,grad,23780447232
4,2300.452,grad,23761232896
4,2301.703,grad,23679116288
4,2302.933,grad,23543522304
4,2304.222,grad,23529755648
4,2305.479,grad,23501787136
4,2307.27,grad,23500214272
4,2308.569,grad,23519088640
4,2310.426,grad,23495331840
4,2311.711,grad,23500091392
4,2312.976,grad,23442079744
4,2314.214,grad,23367303168
4,2315.47,grad,23277846528
4,2316.736,grad,23264079872
4,2317.977,grad,23221955584
4,2319.687,grad,23219858432
4,2320.93,grad,23238601728
4,2322.586,grad,23214976000
4,2323.871,grad,23219731456
4,2325.133,grad,23278115840
4,2326.379,grad,23111064576
4,2327.63,grad,22990150656
4,2328.926,grad,22969043968
4,2330.16,grad,22941075456
4,2331.925,grad,22939502592
4,2333.258,grad,22958311424
4,2334.995,grad,22934620160
4,2336.308,grad,22939379712
4,2337.551,grad,22958962688
4,2338.8,grad,22799251456
4,2340.032,grad,22717134848
4,2341.266,grad,22703368192
4,2342.5,grad,22662292480
4,2344.15,grad,22659146752
4,2345.414,grad,22677890048
4,2347.096,grad,22654264320
4,2348.34,grad,22659027968
4,2349.586,grad,22601012224
4,2350.821,grad,22557692928
4,2352.051,grad,22422098944
4,2353.285,grad,22408332288
4,2354.524,grad,22381412352
4,2356.628,grad,22378790912
4,2357.971,grad,22397665280
4,2359.497,grad,22373908480
4,2360.762,grad,22393344000
4,2362.005,grad,22359453696
4,2363.239,grad,22238539776
4,2364.483,grad,22141743104
4,2365.845,grad,22127976448
4,2367.091,grad,22101056512
4,2368.8,grad,22098435072
4,2370.088,grad,22117309440
4,2371.674,grad,22093552640
4,2372.935,grad,22098304000
4,2374.186,grad,22040300544
4,2375.437,grad,21958183936
4,2376.698,grad,21876067328
4,2377.982,grad,21847620608
4,2379.217,grad,21819127808
4,2381.039,grad,21818079232
4,2382.285,grad,21836888064
4,2383.847,grad,21813196800
4,2385.099,grad,21817952256
4,2386.359,grad,21798742016
4,2387.635,grad,21716625408
4,2388.875,grad,21581031424
4,2390.112,grad,21567264768
4,2391.349,grad,21539296256
4,2393.146,grad,21537723392
4,2394.438,grad,21556597760
4,2396.082,grad,21532840960
4,2397.349,grad,21530252288
4,2398.626,grad,21516026880
4,2399.886,grad,21451015168
4,2401.125,grad,21346812928
4,2402.398,grad,21301130240
4,2403.593,grad,21289989120
4,2405.678,grad,21257367552
4,2406.973,grad,21276110848
4,2408.701,grad,21252485120
4,2409.944,grad,21257248768
4,2411.182,grad,21199298560
4,2412.414,grad,21117181952
4,2413.662,grad,21035065344
4,2414.901,grad,21006618624
4,2416.153,grad,20979698688
4,2417.991,grad,20977077248
4,2419.275,grad,20995951616
4,2420.758,grad,20972194816
4,2421.995,grad,20976958464
4,2423.236,grad,20996602880
4,2424.487,grad,20844231680
4,2425.767,grad,20740094976
4,2427.051,grad,20726328320
4,2428.285,grad,20698884096
4,2429.913,grad,20696786944
4,2431.186,grad,20715726848
4,2432.653,grad,20691904512
4,2433.887,grad,20696655872
4,2435.129,grad,20677515264
4,2436.394,grad,20510464000
4,2437.694,grad,20481824768
4,2438.946,grad,20445972480
4,2440.188,grad,20417545216
4,2442.026,grad,20416496640
4,2443.329,grad,20435371008
4,2444.811,grad,20411614208
4,2446.068,grad,20416373760
4,2447.309,grad,20474885120
4,2448.549,grad,20307768320
4,2449.793,grad,20186854400
4,2451.104,grad,20165747712
4,2452.343,grad,20138827776
4,2454.069,grad,20136206336
4,2455.318,grad,20155015168
4,2456.93,grad,20131323904
4,2458.18,grad,20136083456
4,2459.413,grad,20155666432
4,2460.66,grad,19996348416
4,2461.89,grad,19906498560
4,2463.119,grad,19885391872
4,2464.351,grad,19858996224
4,2465.98,grad,19855850496
4,2467.283,grad,19874724864
4,2468.787,grad,19850968064
4,2470.027,grad,19855727616
4,2471.269,grad,19836513280
4,2472.519,grad,19747056640
4,2473.774,grad,19655502848
4,2475.01,grad,19604970496
4,2476.265,grad,19578640384
4,2477.903,grad,19575494656
4,2479.212,grad,19594369024
4,2480.687,grad,19570612224
4,2481.93,grad,19575363584
4,2483.246,grad,19556222976
4,2484.484,grad,19474040832
4,2485.75,grad,19384649728
4,2487.005,grad,19338967040
4,2488.268,grad,19319437312
4,2490.172,grad,19295204352
4,2491.435,grad,19314078720
4,2492.892,grad,19290321920
4,2494.133,grad,19295089664
4,2495.375,grad,19275867136
4,2496.632,grad,19148006400
4,2497.872,grad,19094860800
4,2499.105,grad,19044324352
4,2500.338,grad,19014848512
4,2501.783,grad,19014848512
4,2503.043,grad,19033722880
4,2504.548,grad,19009966080
4,2505.799,grad,19014721536
4,2507.049,grad,19034308608
4,2508.285,grad,18874662912
4,2509.517,grad,18792546304
4,2510.761,grad,18778779648
4,2511.995,grad,18737703936
4,2513.58,grad,18734558208
4,2514.844,grad,18753432576
4,2516.326,grad,18729675776
4,2517.581,grad,18734439424
4,2518.824,grad,18715614208
4,2520.059,grad,18633497600
4,2521.292,grad,18497903616
4,2522.547,grad,18498817024
4,2523.823,grad,18457217024
4,2525.883,grad,18454595584
4,2527.191,grad,18473338880
4,2528.914,grad,18449713152
4,2530.157,grad,18454472704
4,2531.391,grad,18435258368
4,2532.632,grad,18346194944
4,2533.869,grad,18224953344
4,2535.101,grad,18203387904
4,2536.345,grad,18174305280
4,2538.265,grad,18174305280
4,2539.582,grad,18193179648
4,2541.099,grad,18169422848
4,2542.338,grad,18174186496
4,2543.577,grad,18116170752
4,2544.809,grad,18073244672
4,2546.047,grad,17944597504
4,2547.294,grad,17923032064
4,2548.533,grad,17894998016
4,2550.366,grad,17893949440
4,2551.616,grad,17912758272
4,2553.165,grad,17889067008
4,2554.423,grad,17893826560
4,2555.689,grad,17952272384
4,2556.943,grad,17792954368
4,2558.181,grad,17703497728
4,2559.419,grad,17642741760
4,2560.674,grad,17614707712
4,2562.461,grad,17613659136
4,2563.779,grad,17632533504
4,2565.315,grad,17608776704
4,2566.588,grad,17616149504
4,2567.861,grad,17672244224
4,2569.109,grad,17548184576
4,2570.353,grad,17427336192
4,2571.607,grad,17413377024
4,2572.866,grad,17362844672
4,2574.109,grad,17335465984
4,2575.892,grad,17333368832
4,2577.173,grad,17352112128
4,2578.852,grad,17328486400
4,2580.183,grad,17333241856
4,2581.442,grad,17314031616
4,2582.728,grad,17232308224
4,2583.97,grad,17096321024
4,2585.216,grad,17082095616
4,2586.485,grad,17053012992
4,2588.431,grad,17053012992
4,2589.74,grad,17071887360
4,2591.307,grad,17048130560
4,2592.562,grad,17052890112
4,2593.816,grad,17033675776
4,2595.053,grad,16944612352
4,2596.29,grad,16862102528
4,2597.543,grad,16801739776
4,2598.797,grad,16780112896
4,2600.786,grad,16772657152
4,2602.03,grad,16791465984
4,2603.645,grad,16767774720
4,2604.888,grad,16772534272
4,2606.16,grad,16830980096
4,2607.42,grad,16686342144
4,2608.689,grad,16588496896
4,2609.924,grad,16527282176
4,2611.158,grad,16503492608
4,2612.391,grad,16484764672
4,2613.829,grad,16483716096
4,2615.096,grad,16502590464
4,2616.801,grad,16478833664
4,2618.062,grad,16468904960
4,2619.297,grad,16468904960
4,2620.525,grad,16468904960
4,2622.131,grad,16468904448
4,2624.138,grad,16468904448
4,2625.439,grad,16468904448
4,2626.727,grad,16468904448
4,2628.054,grad,16468904448
4,2632.008,grad,16468904448
4,2633.438,grad,16468904448
4,2634.702,grad,16486599168
4,2635.952,grad,16508750336
4,2637.2,grad,16523889152
4,2639.472,grad,16523954688
4,2640.748,grad,16523964928
4,2642.226,grad,16685920768
4,2644.337,grad,16685920768
4,2645.611,grad,16685920768
4,2646.875,grad,16653480960
4,2648.136,grad,16596176384
4,2649.382,grad,16413068800
4,2650.64,grad,16304934400
4,2651.885,grad,16333639168
4,2653.145,grad,16367422976
4,2654.41,grad,16399273472
4,2655.663,grad,16432074240
4,2656.905,grad,16464514560
4,2658.167,grad,16378891776
4,2664.602,grad,16141848064
4,2670.981,grad,16141856256
4,2677.416,grad,16141856256
4,2683.802,grad,16141856256
4,2688.842,grad,16141856256
4,2690.197,grad,16149333504
4,2693.21,grad,16156802560
4,2694.627,grad,16166239744
4,2695.945,grad,16182084096
4,2697.193,grad,16233341440
4,2698.444,grad,16366637568
4,2699.697,grad,16451637760
4,2701.886,grad,16458981888
4,2703.15,grad,16469271040
4,2704.397,grad,16492455424
4,2705.633,grad,16520836608
4,2706.868,grad,16744314368
4,2708.163,grad,16742680064
4,2710.2,grad,16750872064
4,2711.458,grad,16760309248
4,2712.716,grad,16799025664
4,2713.946,grad,16851524096
4,2715.18,grad,16997407232
4,2716.407,grad,17058298368
4,2718.274,grad,17043614208
4,2719.543,grad,17053051392
4,2720.814,grad,17090915840
4,2722.064,grad,17143414272
4,2723.304,grad,17328094720
4,2724.569,grad,17350188544
4,2726.662,grad,17335504384
4,2727.921,grad,17344941568
4,2729.209,grad,17382806016
4,2730.469,grad,17449984512
4,2731.745,grad,17581187584
4,2734.447,grad,17627394560
4,2735.717,grad,17636831744
4,2736.962,grad,17674696192
4,2738.261,grad,17727194624
4,2739.504,grad,17911875072
4,2740.756,grad,17933968896
4,2742.547,grad,17919284736
4,2743.828,grad,17928721920
4,2745.082,grad,17966586368
4,2746.317,grad,18033764864
4,2747.563,grad,18164967936
4,2750.455,grad,18211174912
4,2751.73,grad,18220612096
4,2753.034,grad,18243796480
4,2754.306,grad,18310974976
4,2755.544,grad,18418060800
4,2756.81,grad,18517749248
4,2758.692,grad,18503065088
4,2759.963,grad,18512502272
4,2761.219,grad,18550366720
4,2762.475,grad,18617545216
4,2763.719,grad,18748748288
4,2766.563,grad,18794955264
4,2768.009,grad,18804392448
4,2769.288,grad,18827576832
4,2770.533,grad,18855958016
4,2771.8,grad,19157030400
4,2773.048,grad,19094189568
4,2774.989,grad,19086845440
4,2776.251,grad,19096282624
4,2777.505,grad,19134147072
4,2778.784,grad,19201325568
4,2780.096,grad,19332528640
4,2782.9,grad,19378735616
4,2784.161,grad,19388172800
4,2785.443,grad,19426037248
4,2786.731,grad,19493215744
4,2788.008,grad,19624418816
4,2790.786,grad,19670625792
4,2792.047,grad,19680062976
4,2793.296,grad,19717927424
4,2794.561,grad,19785105920
4,2795.806,grad,19916308992
4,2798.585,grad,19962515968
4,2799.854,grad,19971953152
4,2801.115,grad,19995137536
4,2802.368,grad,20023518720
4,2803.61,grad,20324591104
4,2804.845,grad,20247070208
4,2806.82,grad,20254406144
4,2808.237,grad,20263843328
4,2809.524,grad,20301707776
4,2810.778,grad,20368886272
4,2812.071,grad,20500089344
4,2814.83,grad,20546296320
4,2816.091,grad,20555733504
4,2817.336,grad,20593597952
4,2818.589,grad,20660776448
4,2819.885,grad,20791979520
4,2822.649,grad,20838186496
4,2823.905,grad,20847623680
4,2825.186,grad,20885553664
4,2826.458,grad,20952732160
4,2827.706,grad,21091209728
4,2830.368,grad,21130076672
4,2831.635,grad,21139513856
4,2832.881,grad,21177378304
4,2834.139,grad,21244622336
4,2835.366,grad,21383099904
4,2838.006,grad,21421966848
4,2839.274,grad,21431404032
4,2840.529,grad,21469268480
4,2841.771,grad,21536446976
4,2843.05,grad,21667650048
4,2845.828,grad,21713857024
4,2847.222,grad,21723294208
4,2848.526,grad,21746478592
4,2849.815,grad,21813657088
4,2851.056,grad,21998337536
4,2852.309,grad,22005751296
4,2854.137,grad,22005747200
4,2855.392,grad,22015184384
4,2856.636,grad,22053048832
4,2857.864,grad,22120227328
4,2859.139,grad,22251430400
4,2861.878,grad,22297637376
4,2863.14,grad,22307074560
4,2864.406,grad,22344939008
4,2865.636,grad,22412117504
4,2866.888,grad,22543320576
4,2869.664,grad,22589527552
4,2870.927,grad,22598964736
4,2872.202,grad,22636894720
4,2873.442,grad,22704073216
4,2874.688,grad,22842550784
4,2877.336,grad,22881417728
4,2878.603,grad,22890854912
4,2879.864,grad,22928719360
4,2881.107,grad,22995897856
4,2882.359,grad,23134440960
4,2885.177,grad,23173307904
4,2887.654,grad,23182745088
4,2888.924,grad,23205929472
4,2890.184,grad,23273107968
4,2891.455,grad,23418991104
4,2892.706,grad,23472542208
4,2894.626,grad,23465198080
4,2895.895,grad,23474635264
4,2897.15,grad,23497819648
4,2898.386,grad,23564998144
4,2899.664,grad,23827273216
4,2900.909,grad,23749752320
4,2902.842,grad,23757088256
4,2904.1,grad,23766525440
4,2905.344,grad,23789709824
4,2906.585,grad,23818091008
4,2907.852,grad,24041568768
4,2909.096,grad,24041642496
4,2911.175,grad,24048978432
4,2912.436,grad,24058415616
4,2913.726,grad,24096280064
4,2914.958,grad,24163458560
4,2916.241,grad,24294661632
4,2917.501,grad,24326184448
4,2918.778,grad,25883329536
4,2920.916,grad,25253127168
4,2922.176,grad,24941700608
4,2923.404,grad,24941700608
4,2924.689,grad,24941700608
4,2925.926,grad,24941700608
4,2927.163,grad,25253118464
4,2928.417,grad,24333971968
4,2929.668,grad,24239862272
4,2930.912,grad,24158204416
4,2932.24,grad,24105116160
4,2933.476,grad,24068809216
4,2935.367,grad,24061353472
4,2936.606,grad,24080555520
4,2938.207,grad,24056471040
4,2939.448,grad,24061222400
4,2940.726,grad,24042016256
4,2941.964,grad,23952559616
4,2943.219,grad,23831662080
4,2944.462,grad,23810473472
4,2945.7,grad,23803017728
4,2947.02,grad,23780997632
4,2948.294,grad,23799872000
4,2950.007,grad,23776115200
4,2951.288,grad,23780882944
4,2952.531,grad,23722863104
4,2953.778,grad,23594609152
4,2955.011,grad,23551302144
4,2956.243,grad,23522777600
4,2957.475,grad,23507981824
4,2958.894,grad,23500641792
4,2960.193,grad,23502738944
4,2961.68,grad,23495759360
4,2962.918,grad,23500510720
4,2964.157,grad,23473964544
4,2965.386,grad,23469442560
4,2966.613,grad,23270946304
4,2967.841,grad,23249761792
4,2969.083,grad,23239160320
4,2970.417,grad,23220285952
4,2971.689,grad,23239094784
4,2973.23,grad,23215403520
4,2974.471,grad,23220154880
4,2975.719,grad,23193608704
4,2976.955,grad,23072694784
4,2978.194,grad,23020663296
4,2979.431,grad,22962786816
4,2980.709,grad,22947991040
4,2982.145,grad,22940651008
4,2983.384,grad,22959525376
4,2985.187,grad,22935768576
4,2986.475,grad,22940536320
4,2987.739,grad,22960111104
4,2988.98,grad,22807739904
4,2990.225,grad,22740303360
4,2991.473,grad,22689771008
4,2992.722,grad,22663440896
4,2994.313,grad,22660295168
4,2995.585,grad,22664489472
4,2997.085,grad,22655412736
4,2998.325,grad,22660168192
4,2999.565,grad,22679755264
4,3000.838,grad,22527678976
4,3002.079,grad,22430882304
4,3003.308,grad,22409710080
4,3004.551,grad,22382331392
4,3006.109,grad,22380234240
4,3007.376,grad,22399436288
4,3009.073,grad,22375351808
4,3010.322,grad,22380119552
4,3011.58,grad,22322099712
4,3012.814,grad,22239983104
4,3014.041,grad,22165206528
4,3015.272,grad,22129354240
4,3016.502,grad,22101975552
4,3018.191,grad,22099878400
4,3019.44,grad,22118752768
4,3021.04,grad,22094995968
4,3022.296,grad,22092407296
4,3023.564,grad,22078181888
4,3024.855,grad,22013235712
4,3026.117,grad,21901693440
4,3027.357,grad,21863416320
4,3028.598,grad,21858558464
4,3030.665,grad,21819588096
4,3031.928,grad,21838528000
4,3033.461,grad,21814705664
4,3034.714,grad,21819465216
4,3035.952,grad,21761519104
4,3037.195,grad,21672062464
4,3038.429,grad,21589945856
4,3039.68,grad,21583519232
4,3040.933,grad,21541394944
4,3042.661,grad,21539297792
4,3043.958,grad,21558172160
4,3045.454,grad,21534415360
4,3046.71,grad,21539174912
4,3047.945,grad,21520026112
4,3049.182,grad,21437909504
4,3050.418,grad,21309655552
4,3051.708,grad,21288548864
4,3052.958,grad,21260580352
4,3054.754,grad,21259007488
4,3056.023,grad,21277881856
4,3057.492,grad,21254125056
4,3058.749,grad,21251536384
4,3060.014,grad,21237310976
4,3061.269,grad,21172364800
4,3062.516,grad,21061215744
4,3063.775,grad,21022938624
4,3065.039,grad,20979110400
4,3066.96,grad,20979110400
4,3068.294,grad,20997984768
4,3069.89,grad,20974227968
4,3071.181,grad,20978987520
4,3072.454,grad,20959773184
4,3073.72,grad,20870316544
4,3074.963,grad,20742062592
4,3076.205,grad,20728295936
4,3077.442,grad,20701376000
4,3079.223,grad,20698754560
4,3080.479,grad,20717563392
4,3082.113,grad,20693872128
4,3083.404,grad,20698635776
4,3084.762,grad,20679417344
4,3086.027,grad,20558568960
4,3087.289,grad,20476452352
4,3088.536,grad,20462685696
4,3089.802,grad,20420561408
4,3091.587,grad,20418464256
4,3092.848,grad,20437338624
4,3094.38,grad,20413581824
4,3095.635,grad,20418333184
4,3096.935,grad,20399192576
4,3098.178,grad,20309735936
4,3099.43,grad,20188822016
4,3100.724,grad,20167256576
4,3101.972,grad,20139222528
4,3103.714,grad,20138173952
4,3104.957,grad,20156982784
4,3106.583,grad,20133291520
4,3107.823,grad,20138042880
4,3109.062,grad,20118836736
4,3110.319,grad,19951851008
4,3111.595,grad,19908535808
4,3112.837,grad,19880019456
4,3114.072,grad,19865223680
4,3115.565,grad,19857883648
4,3116.843,grad,19876823552
4,3118.282,grad,19853001216
4,3119.548,grad,19857764864
4,3120.825,grad,19838546432
4,3122.071,grad,19717698048
4,3123.304,grad,19642921472
4,3124.54,grad,19607069184
4,3125.814,grad,19580739072
4,3127.397,grad,19577593344
4,3128.654,grad,19596467712
4,3130.119,grad,19572710912
4,3131.372,grad,19577462272
4,3132.694,grad,19558321664
4,3133.935,grad,19468865024
4,3135.184,grad,19347951104
4,3136.457,grad,19326844416
4,3137.712,grad,19300448768
4,3139.254,grad,19297303040
4,3140.599,grad,19316177408
4,3142.093,grad,19292420608
4,3143.333,grad,19297184256
4,3144.592,grad,19277965824
4,3145.921,grad,19164457472
4,3147.18,grad,19060320768
4,3148.416,grad,19061234176
4,3149.668,grad,19020158464
4,3151.337,grad,19017012736
4,3152.621,grad,19035887104
4,3154.095,grad,19012130304
4,3155.35,grad,19016881664
4,3156.61,grad,18997675520
4,3157.85,grad,18908284416
4,3159.088,grad,18787382784
4,3160.333,grad,18758858240
4,3161.602,grad,18736722432
4,3163.087,grad,18736722432
4,3164.351,grad,18740916736
4,3165.831,grad,18731840000
4,3167.077,grad,18736591360
4,3168.356,grad,18717450752
4,3169.588,grad,18627994112
4,3170.855,grad,18507080192
4,3172.123,grad,18485514752
4,3173.365,grad,18458004992
4,3175.018,grad,18456432128
4,3176.36,grad,18475306496
4,3177.925,grad,18451549696
4,3179.185,grad,18456313344
4,3180.432,grad,18398297600
4,3181.724,grad,18355043840
4,3182.974,grad,18258247168
4,3184.217,grad,18219970048
4,3185.47,grad,18208763392
4,3187.537,grad,18176141824
4,3188.845,grad,18195016192
4,3190.303,grad,18171259392
4,3191.564,grad,18176018944
4,3192.829,grad,18156804608
4,3194.07,grad,18074753536
4,3195.303,grad,17946499584
4,3196.584,grad,17925392896
4,3197.816,grad,17898472960
4,3199.507,grad,17895851520
4,3200.778,grad,17914660352
4,3202.486,grad,17890969088
4,3203.765,grad,17888380416
4,3205.022,grad,17874155008
4,3206.285,grad,17794528768
4,3207.535,grad,17712346624
4,3208.83,grad,17659323904
4,3210.077,grad,17640318464
4,3211.331,grad,17615561216
4,3212.609,grad,17644986880
4,3214.087,grad,17610187264
4,3215.333,grad,17618018816
4,3216.583,grad,17615430144
4,3217.828,grad,17596224000
4,3219.074,grad,17482715648
4,3220.326,grad,17393259008
4,3221.596,grad,17364353536
4,3222.846,grad,17335270912
4,3224.814,grad,17335270912
4,3226.161,grad,17354079744
4,3227.971,grad,17330388480
4,3229.248,grad,17335152128
4,3230.525,grad,17277136384
4,3231.851,grad,17226542592
4,3233.109,grad,17112968704
4,3234.426,grad,17084521984
4,3235.701,grad,17056750080
4,3237.829,grad,17054128640
4,3239.164,grad,17072413184
4,3240.517,grad,17048377856
4,3241.824,grad,17048394240
4,3243.101,grad,17045805568
4,3244.364,grad,17046325760
4,3245.609,grad,16951495168
4,3246.894,grad,16870689280
4,3248.133,grad,16817994240
4,3249.369,grad,16800750080
4,3250.621,grad,16774690304
4,3251.98,grad,16773838336
4,3253.308,grad,16792647168
4,3255.055,grad,16768955904
4,3256.312,grad,16773715456
4,3257.581,grad,16831243776
4,3258.84,grad,16670549504
4,3260.08,grad,16572704256
4,3261.326,grad,16527087104
4,3262.624,grad,16514831872
4,3263.91,grad,16490336768
4,3265.216,grad,16512881152
4,3266.649,grad,16477622784
4,3267.907,grad,16478114304
4,3269.152,grad,16468185600
4,3270.384,grad,16468185600
4,3271.644,grad,16468185600
4,3273.557,grad,16468185088
4,3275.4,grad,16468185088
4,3276.757,grad,16468185088
4,3278.057,grad,16468185088
4,3279.305,grad,16468185088
4,3283.347,grad,16468185088
4,3284.812,grad,16468185088
4,3286.064,grad,16484438016
4,3287.32,grad,16505999360
4,3288.618,grad,16523235328
4,3290.687,grad,16523235328
4,3292.039,grad,16523241984
4,3293.306,grad,16685201408
4,3294.556,grad,16685201408
4,3295.805,grad,16685201408
4,3297.589,grad,16685201408
4,3299.144,grad,16629667328
4,3300.38,grad,16476967936
4,3301.665,grad,16318469120
4,3302.957,grad,16319812608
4,3304.215,grad,16351859712
4,3305.469,grad,16384889856
4,3306.73,grad,16414446592
4,3307.965,grad,16446166016
4,3309.218,grad,16441447424
4,3310.454,grad,16338949120
4,3316.895,grad,16143455232
4,3323.301,grad,16143463424
4,3329.683,grad,16143463424
4,3336.06,grad,16143463424
4,3340.915,grad,16143463424
4,3342.323,grad,16150940672
4,3345.415,grad,16158409728
4,3346.835,grad,16167846912
4,3348.156,grad,16183691264
4,3349.4,grad,16234096640
4,3350.668,grad,16351598592
4,3351.905,grad,16504821760
4,3354.346,grad,16458688512
4,3355.626,grad,16468125696
4,3356.879,grad,16483970048
4,3358.175,grad,16519691264
4,3359.408,grad,16743169024
4,3360.655,grad,16743242752
4,3362.802,grad,16750578688
4,3364.072,grad,16760015872
4,3365.341,grad,16783200256
4,3366.582,grad,16811581440
4,3367.813,grad,17035059200
4,3369.045,grad,17035128832
4,3371.113,grad,17042468864
4,3372.722,grad,17051906048
4,3373.988,grad,17067750400
4,3375.285,grad,17103471616
4,3376.517,grad,17404544000
4,3377.759,grad,17341699072
4,3379.837,grad,17334359040
4,3381.091,grad,17343796224
4,3382.335,grad,17359640576
4,3383.656,grad,17395361792
4,3384.901,grad,17618839552
4,3386.153,grad,17633585152
4,3388.281,grad,17626249216
4,3389.551,grad,17635686400
4,3390.809,grad,17658870784
4,3392.045,grad,17726049280
4,3393.306,grad,17910729728
4,3394.559,grad,17910803456
4,3396.674,grad,17918139392
4,3397.927,grad,17927576576
4,3399.176,grad,17950760960
4,3400.405,grad,18017939456
4,3401.596,grad,18202619904
4,3402.857,grad,18202693632
4,3404.89,grad,18210029568
4,3406.175,grad,18219466752
4,3407.424,grad,18242651136
4,3408.676,grad,18271032320
4,3409.932,grad,18494510080
4,3411.159,grad,18494587904
4,3413.217,grad,18501919744
4,3414.724,grad,18511356928
4,3415.987,grad,18534541312
4,3417.223,grad,18562922496
4,3418.454,grad,18863994880
4,3419.705,grad,18786473984
4,3421.763,grad,18793809920
4,3423.055,grad,18803247104
4,3424.322,grad,18819091456
4,3425.629,grad,18854812672
4,3426.883,grad,19078290432
4,3428.122,grad,19093036032
4,3430.358,grad,19085700096
4,3431.702,grad,19095137280
4,3432.964,grad,19110981632
4,3434.249,grad,19146702848
4,3435.517,grad,19447775232
4,3436.768,grad,19370250240
4,3438.87,grad,19377590272
4,3440.248,grad,19387027456
4,3441.582,grad,19402871808
4,3442.883,grad,19438593024
4,3444.168,grad,19662070784
4,3445.443,grad,19662140416
4,3447.691,grad,19669480448
4,3448.973,grad,19678917632
4,3450.225,grad,19702102016
4,3451.458,grad,19730483200
4,3452.715,grad,20031555584
4,3454.001,grad,19968710656
4,3456.224,grad,19961370624
4,3457.736,grad,19970807808
4,3458.996,grad,19986652160
4,3460.262,grad,20022373376
4,3461.498,grad,20245851136
4,3462.745,grad,20245928960
4,3464.853,grad,20253260800
4,3466.147,grad,20262697984
4,3467.398,grad,20278542336
4,3468.669,grad,20314263552
4,3469.936,grad,20537741312
4,3471.174,grad,20537819136
4,3473.276,grad,20545150976
4,3474.551,grad,20554588160
4,3475.812,grad,20570432512
4,3477.076,grad,20606153728
4,3478.321,grad,20907226112
4,3479.587,grad,20829705216
4,3481.692,grad,20837041152
4,3482.954,grad,20846478336
4,3484.287,grad,20862322688
4,3485.541,grad,20898043904
4,3486.818,grad,21121521664
4,3488.078,grad,21136267264
4,3490.231,grad,21128931328
4,3491.508,grad,21138368512
4,3492.772,grad,21161552896
4,3494.059,grad,21228731392
4,3495.307,grad,21413411840
4,3496.54,grad,21435505664
4,3498.521,grad,21420821504
4,3499.997,grad,21430258688
4,3501.257,grad,21453443072
4,3502.492,grad,21520621568
4,3503.786,grad,21782896640
4,3505.038,grad,21720055808
4,3507.127,grad,21712711680
4,3508.385,grad,21722148864
4,3509.595,grad,21745333248
4,3510.826,grad,21812511744
4,3512.056,grad,21997192192
4,3513.289,grad,22026626048
4,3515.293,grad,22004601856
4,3516.585,grad,22014039040
4,3517.837,grad,22037223424
4,3519.073,grad,22065604608
4,3520.306,grad,22366676992
4,3521.542,grad,22289156096
4,3523.507,grad,22296492032
4,3524.829,grad,22305929216
4,3526.092,grad,22329113600
4,3527.333,grad,22396292096
4,3528.619,grad,22542175232
4,3531.514,grad,22588382208
4,3532.796,grad,22597819392
4,3534.09,grad,22621003776
4,3535.343,grad,22688182272
4,3536.638,grad,22834065408
4,3537.875,grad,22894956544
4,3539.827,grad,22880272384
4,3541.296,grad,22889709568
4,3542.557,grad,22912893952
4,3543.808,grad,22980072448
4,3545.089,grad,23164752896
4,3546.333,grad,23179506688
4,3548.351,grad,23172162560
4,3549.615,grad,23181599744
4,3550.899,grad,23204784128
4,3552.154,grad,23286642688
4,3553.439,grad,23417845760
4,3556.284,grad,23464052736
4,3557.56,grad,23473489920
4,3558.82,grad,23511354368
4,3560.053,grad,23578532864
4,3561.319,grad,23709735936
4,3564.082,grad,23755942912
4,3565.406,grad,23765380096
4,3566.681,grad,23788564480
4,3567.958,grad,23855742976
4,3569.244,grad,24001626112
4,3572.008,grad,24047833088
4,3573.302,grad,24057270272
4,3574.562,grad,24095134720
4,3575.83,grad,24162313216
4,3577.097,grad,24293516288
4,3578.329,grad,24325039104
4,3579.672,grad,25251990016
4,3581.595,grad,25251981824
4,3582.839,grad,24940555264
4,3584.085,grad,24940555264
4,3585.351,grad,24940555264
4,3586.607,grad,24940555264
4,3587.856,grad,26186254336
4,3589.186,grad,24332826624
4,3590.441,grad,24238716928
4,3591.693,grad,24172394496
4,3592.929,grad,24104232960
4,3594.172,grad,24087939072
4,3595.43,grad,24060929024
4,3596.7,grad,24060929024
4,3597.948,grad,24079737856
4,3599.831,grad,24056046592
4,3601.088,grad,24060814336
4,3602.328,grad,24002794496
4,3603.588,grad,23928017920
4,3604.849,grad,23823881216
4,3606.104,grad,23824794624
4,3607.341,grad,23783194624
4,3609.036,grad,23780573184
4,3610.32,grad,23799447552
4,3611.799,grad,23775690752
4,3613.044,grad,23780446208
4,3614.287,grad,23838830592
4,3615.54,grad,23671779328
4,3616.793,grad,23558205440
4,3618.029,grad,23529299968
4,3619.262,grad,23501265920
4,3621.044,grad,23500217344
4,3622.354,grad,23519091712
4,3623.925,grad,23495334912
4,3625.19,grad,23500094464
4,3626.459,grad,23442082816
4,3627.722,grad,23359966208
4,3628.985,grad,23285189632
4,3630.237,grad,23249337344
4,3631.474,grad,23221958656
4,3633.112,grad,23219861504
4,3634.358,grad,23238604800
4,3636.316,grad,23214979072
4,3637.592,grad,23219738624
4,3638.835,grad,23200524288
4,3640.074,grad,23118407680
4,3641.31,grad,22982813696
4,3642.543,grad,22983727104
4,3643.791,grad,22942127104
4,3645.914,grad,22939505664
4,3647.171,grad,22958314496
4,3648.833,grad,22934623232
4,3650.073,grad,22939386880
4,3651.307,grad,22881371136
4,3652.568,grad,22753117184
4,3653.824,grad,22724477952
4,3655.089,grad,22688691200
4,3656.344,grad,22661771264
4,3658.11,grad,22659149824
4,3659.357,grad,22677958656
4,3660.992,grad,22654267392
4,3662.234,grad,22659026944
4,3663.471,grad,22639812608
4,3664.726,grad,22550355968
4,3665.981,grad,22422102016
4,3667.267,grad,22408335360
4,3668.504,grad,22381415424
4,3670.238,grad,22378793984
4,3671.516,grad,22397733888
4,3673.023,grad,22373911552
4,3674.278,grad,22371322880
4,3675.549,grad,22357097472
4,3676.824,grad,22292085760
4,3678.072,grad,22180543488
4,3679.307,grad,22142266368
4,3680.541,grad,22098438144
4,3682.389,grad,22098438144
4,3683.688,grad,22117312512
4,3685.271,grad,22093555712
4,3686.561,grad,22098315264
4,3687.843,grad,22117898240
4,3689.106,grad,21996984320
4,3690.458,grad,21861390336
4,3691.78,grad,21847623680
4,3693.027,grad,21819130880
4,3694.9,grad,21818082304
4,3696.211,grad,21837022208
4,3697.724,grad,21813199872
4,3698.968,grad,21817963520
4,3700.225,grad,21759947776
4,3701.463,grad,21709288448
4,3702.714,grad,21617738752
4,3703.953,grad,21574542336
4,3705.195,grad,21540872192
4,3706.898,grad,21537726464
4,3708.213,grad,21556600832
4,3709.781,grad,21532844032
4,3711.023,grad,21540184064
4,3712.286,grad,21552275456
4,3713.525,grad,21511049216
4,3714.777,grad,21404815360
4,3716.059,grad,21300678656
4,3717.311,grad,21286912000
4,3718.549,grad,21259992064
4,3720.331,grad,21257370624
4,3721.613,grad,21276244992
4,3723.094,grad,21252488192
4,3724.335,grad,21257251840
4,3725.59,grad,21238098944
4,3726.893,grad,21155982336
4,3728.221,grad,21020388352
4,3729.503,grad,21006621696
4,3730.783,grad,20979701760
4,3732.461,grad,20977080320
4,3733.721,grad,20995954688
4,3735.273,grad,20972197888
4,3736.568,grad,20976957440
4,3737.845,grad,20957808640
4,3739.085,grad,20836894720
4,3740.318,grad,20747438080
4,3741.584,grad,20726331392
4,3742.818,grad,20698887168
4,3744.469,grad,20696790016
4,3745.745,grad,20715533312
4,3747.425,grad,20691907584
4,3748.68,grad,20696658944
4,3750.003,grad,20677583872
4,3751.244,grad,20595401728
4,3752.477,grad,20505945088
4,3753.722,grad,20445582336
4,3754.962,grad,20417548288
4,3756.882,grad,20416499712
4,3758.179,grad,20435374080
4,3759.674,grad,20411617280
4,3760.916,grad,20445732864
4,3762.155,grad,20474822656
4,3763.394,grad,20322451456
4,3764.654,grad,20186857472
4,3765.894,grad,20165292032
4,3767.165,grad,20137257984
4,3768.984,grad,20136209408
4,3770.26,grad,20155083776
4,3771.889,grad,20131326976
4,3773.156,grad,20136086528
4,3774.398,grad,20155669504
4,3775.602,grad,20027415552
4,3776.855,grad,19913841664
4,3778.164,grad,19885394944
4,3779.402,grad,19858475008
4,3781.142,grad,19855853568
4,3782.466,grad,19874727936
4,3784.007,grad,19850971136
4,3785.256,grad,19855722496
4,3786.582,grad,19834157056
4,3787.833,grad,19754465280
4,3789.076,grad,19679623168
4,3790.313,grad,19619325952
4,3791.552,grad,19584002048
4,3793.483,grad,19575497728
4,3794.76,grad,19594372096
4,3796.25,grad,19570615296
4,3797.509,grad,19575378944
4,3798.763,grad,19517363200
4,3799.997,grad,19466703872
4,3801.226,grad,19375215616
4,3802.462,grad,19324683264
4,3803.707,grad,19296256000
4,3805.18,grad,19295207424
4,3806.514,grad,19314081792
4,3808.035,grad,19290324992
4,3809.28,grad,19295076352
4,3810.514,grad,19268530176
4,3811.767,grad,19186806784
4,3812.996,grad,19065503744
4,3814.226,grad,19036987392
4,3815.467,grad,19025861632
4,3816.943,grad,19014851584
4,3818.23,grad,19033725952
4,3819.687,grad,19009969152
4,3820.926,grad,19007380480
4,3822.239,grad,18995579904
4,3823.473,grad,18920803328
4,3824.72,grad,18785209344
4,3826.017,grad,18764102656
4,3827.292,grad,18737182720
4,3828.956,grad,18734561280
4,3830.223,grad,18753435648
4,3831.731,grad,18729678848
4,3832.975,grad,18734446592
4,3834.234,grad,18676819968
4,3835.562,grad,18602436608
4,3836.87,grad,18505246720
4,3838.139,grad,18483681280
4,3839.404,grad,18455647232
4,3841.224,grad,18454598656
4,3842.475,grad,18473407488
4,3844.097,grad,18449716224
4,3845.339,grad,18454479872
4,3846.595,grad,18435261440
4,3847.857,grad,18360878080
4,3849.095,grad,18263753728
4,3850.332,grad,18203390976
4,3851.589,grad,18175356928
4,3853.427,grad,18174308352
4,3854.767,grad,18193182720
4,3856.411,grad,18169425920
4,3857.786,grad,18166837248
4,3859.08,grad,18152611840
4,3860.344,grad,18073313280
4,3861.604,grad,17991131136
4,3862.851,grad,17937256448
4,3864.088,grad,17918185472
4,3865.327,grad,17893952512
4,3866.588,grad,17893952512
4,3867.981,grad,17912695808
4,3869.747,grad,17889070080
4,3871.027,grad,17893829632
4,3872.388,grad,17874615296
4,3873.713,grad,17785617408
4,3874.958,grad,17671650304
4,3876.319,grad,17643203584
4,3877.595,grad,17614710784
4,3879.516,grad,17613662208
4,3880.805,grad,17632471040
4,3882.491,grad,17608779776
4,3883.781,grad,17642895360
4,3885.024,grad,17671985152
4,3886.277,grad,17527019520
4,3887.58,grad,17430550528
4,3888.84,grad,17391355904
4,3890.109,grad,17352886272
4,3891.35,grad,17334420480
4,3892.626,grad,17333371904
4,3893.893,grad,17352115200
4,3895.835,grad,17328489472
4,3897.084,grad,17325900800
4,3898.35,grad,17311675392
4,3899.649,grad,17232376832
4,3900.884,grad,17149801472
4,3902.175,grad,17096778752
4,3903.412,grad,17085637632
4,3905.499,grad,17053016064
4,3906.781,grad,17072218112
4,3908.586,grad,17048133632
4,3909.836,grad,17052893184
4,3911.074,grad,17033678848
4,3912.307,grad,16951955456
4,3913.558,grad,16815968256
4,3914.799,grad,16801742848
4,3916.032,grad,16773708800
4,3918.006,grad,16772660224
4,3919.34,grad,16791403520
4,3921.195,grad,16767777792
4,3922.454,grad,16772537344
4,3923.758,grad,16753388544
4,3925.003,grad,16671599616
4,3926.259,grad,16573819904
4,3927.632,grad,16527285248
4,3928.936,grad,16518233088
4,3930.2,grad,16483719168
4,3931.473,grad,16483719168
4,3932.765,grad,16502593536
4,3934.611,grad,16478836736
4,3935.88,grad,16468908032
4,3937.168,grad,16468908032
4,3938.485,grad,16468908032
4,3939.767,grad,16468908032
4,3942.477,grad,16468907520
4,3943.829,grad,16468907520
4,3945.399,grad,16468907520
4,3946.688,grad,16468907520
4,3950.354,grad,16468907520
4,3951.884,grad,16468907520
4,3953.166,grad,16486077952
4,3954.407,grad,16507246080
4,3955.666,grad,16523957760
4,3957.759,grad,16523957760
4,3959.1,grad,16523964416
4,3960.493,grad,16685923840
4,3961.755,grad,16685923840
4,3963.084,grad,16685923840
4,3964.341,grad,16685923840
4,3965.627,grad,16630389248
4,3966.901,grad,16548928000
4,3968.175,grad,16375126528
4,3969.424,grad,16307821056
4,3970.682,grad,16338852352
4,3971.941,grad,16370309632
4,3973.258,grad,16403012096
4,3974.605,grad,16432306688
4,3975.86,grad,16463305216
4,3977.112,grad,16389806592
4,3978.375,grad,16303331840
4,3984.094,grad,16141851136
4,3990.523,grad,16141859328
4,3996.941,grad,16141859328
4,4003.397,grad,16141859328
4,4009.728,grad,16141859328
4,4011.13,grad,16149336576
4,4014.153,grad,16156805632
4,4015.568,grad,16166242816
4,4016.883,grad,16182087168
4,4018.13,grad,16218660352
4,4019.399,grad,16351895040
4,4020.597,grad,16520650240
4,4023.03,grad,16458984960
4,4024.285,grad,16469274112
4,4025.547,grad,16492458496
4,4026.825,grad,16559636992
4,4028.15,grad,16821912064
4,4029.427,grad,16757359104
4,4031.736,grad,16750875136
4,4033.006,grad,16760312320
4,4034.26,grad,16777008640
4,4035.55,grad,16812729856
4,4036.815,grad,17036207616
4,4038.053,grad,17050957312
4,4040.284,grad,17043617280
4,4041.891,grad,17053054464
4,4043.147,grad,17068898816
4,4044.381,grad,17104620032
4,4045.618,grad,17328097792
4,4046.847,grad,17342843392
4,4048.992,grad,17335507456
4,4050.263,grad,17344944640
4,4051.508,grad,17360788992
4,4052.788,grad,17396510208
4,4054.016,grad,17697582592
4,4055.263,grad,17620061696
4,4057.345,grad,17627397632
4,4058.615,grad,17636834816
4,4059.869,grad,17652679168
4,4061.135,grad,17688400384
4,4062.363,grad,17911878144
4,4063.605,grad,17911947776
4,4065.69,grad,17919287808
4,4066.942,grad,17928724992
4,4068.194,grad,17951909376
4,4069.443,grad,17980290560
4,4070.694,grad,18203768320
4,4071.941,grad,18203842048
4,4073.979,grad,18211177984
4,4075.238,grad,18220615168
4,4076.558,grad,18243799552
4,4077.85,grad,18310978048
4,4079.117,grad,18573253120
4,4080.374,grad,18495732224
4,4082.391,grad,18503068160
4,4083.904,grad,18512505344
4,4085.168,grad,18535689728
4,4086.407,grad,18602868224
4,4087.697,grad,18787548672
4,4088.935,grad,18802298368
4,4091.155,grad,18794958336
4,4092.465,grad,18804395520
4,4093.744,grad,18820239872
4,4095.007,grad,18855961088
4,4096.241,grad,19157033472
4,4097.472,grad,19079512576
4,4099.551,grad,19086848512
4,4100.828,grad,19096285696
4,4102.08,grad,19119470080
4,4103.311,grad,19186648576
4,4104.541,grad,19448923648
4,4105.787,grad,19371406848
4,4107.89,grad,19378738688
4,4109.184,grad,19388175872
4,4110.45,grad,19404020224
4,4111.786,grad,19439741440
4,4113.021,grad,19663219200
4,4114.261,grad,19663288832
4,4116.451,grad,19670628864
4,4117.773,grad,19680066048
4,4119.114,grad,19695910400
4,4120.372,grad,19724291584
4,4121.658,grad,19862769152
4,4122.963,grad,20030672384
4,4125.54,grad,19962519040
4,4127.125,grad,19971956224
4,4128.411,grad,19987800576
4,4129.68,grad,20023525888
4,4130.952,grad,20169339392
4,4132.232,grad,20232385024
4,4134.612,grad,20254409216
4,4135.977,grad,20263846400
4,4137.234,grad,20287030784
4,4138.491,grad,20354209280
4,4139.753,grad,20538889728
4,4140.99,grad,20538955264
4,4143.204,grad,20546299392
4,4144.509,grad,20555736576
4,4145.914,grad,20571580928
4,4147.311,grad,20607302144
4,4148.61,grad,20830779904
4,4149.97,grad,20830845440
4,4152.296,grad,20838189568
4,4153.656,grad,20847626752
4,4154.91,grad,20870811136
4,4156.148,grad,20937989632
4,4157.388,grad,21122670080
4,4158.608,grad,21122735616
4,4161.104,grad,21130079744
4,4162.485,grad,21139516928
4,4163.782,grad,21147905536
4,4165.149,grad,21183738368
4,4166.408,grad,21283422720
4,4167.672,grad,21460697600
4,4170.715,grad,21421969920
4,4172.378,grad,21431407104
4,4173.741,grad,21447251456
4,4175.082,grad,21482972672
4,4176.327,grad,21706450432
4,4177.633,grad,21706515968
4,4179.962,grad,21713860096
4,4181.369,grad,21723297280
4,4182.699,grad,21739141632
4,4183.979,grad,21774862848
4,4185.246,grad,21998340608
4,4186.523,grad,22013090304
4,4188.918,grad,22005750272
4,4190.285,grad,22015187456
4,4191.55,grad,22031031808
4,4192.862,grad,22066753024
4,4194.113,grad,22290230784
4,4195.346,grad,22304980480
4,4197.442,grad,22297640448
4,4198.727,grad,22307077632
4,4199.983,grad,22322921984
4,4201.279,grad,22358643200
4,4202.512,grad,22659715584
4,4203.778,grad,22582190592
4,4205.883,grad,22589530624
4,4207.192,grad,22598967808
4,4208.46,grad,22622152192
4,4209.753,grad,22689330688
4,4210.993,grad,22874011136
4,4212.226,grad,22874084864
4,4214.32,grad,22881420800
4,4215.869,grad,22890857984
4,4217.129,grad,22914042368
4,4218.367,grad,22942423552
4,4219.609,grad,23165901312
4,4220.848,grad,23180646912
4,4223.012,grad,23173310976
4,4224.267,grad,23182748160
4,4225.518,grad,23205932544
4,4226.777,grad,23273111040
4,4228.116,grad,23418994176
4,4229.36,grad,23457869312
4,4231.407,grad,23465201152
4,4232.685,grad,23474638336
4,4233.933,grad,23497822720
4,4235.195,grad,23565001216
4,4236.44,grad,23710884352
4,4237.687,grad,23749759488
4,4239.726,grad,23757091328
4,4240.98,grad,23766528512
4,4242.225,grad,23782372864
4,4243.46,grad,23818094080
4,4244.714,grad,24041571840
4,4245.943,grad,24041649664
4,4248.029,grad,24048981504
4,4249.305,grad,24058418688
4,4250.551,grad,24081603072
4,4251.795,grad,24109984256
4,4253.043,grad,24411056640
4,4254.269,grad,24333539840
4,4255.501,grad,25883345408
4,4257.939,grad,25253130240
4,4259.192,grad,24941703680
4,4260.423,grad,24941703680
4,4261.672,grad,24941703680
4,4262.901,grad,24941703680
4,4264.138,grad,24326180352
4,4265.369,grad,24334040576
4,4266.609,grad,24239865344
4,4267.843,grad,24172887552
4,4269.073,grad,24104660480
4,4270.304,grad,24086638080
4,4271.539,grad,24068696576
4,4272.827,grad,24090782208
4,4274.335,grad,24055982592
4,4275.867,grad,24056474112
4,4277.132,grad,24061237760
4,4278.369,grad,24003222016
4,4279.604,grad,23921105408
4,4280.833,grad,23831648768
4,4282.061,grad,23810476544
4,4283.291,grad,23783097856
4,4284.88,grad,23781000704
4,4286.145,grad,23799809536
4,4287.8,grad,23776118272
4,4289.044,grad,23780881920
4,4290.287,grad,23761663488
4,4291.515,grad,23640749568
4,4292.755,grad,23558632960
4,4293.983,grad,23530120704
4,4295.21,grad,23502742016
4,4296.709,grad,23500644864
4,4297.943,grad,23519519232
4,4299.388,grad,23495762432
4,4300.632,grad,23500526080
4,4301.863,grad,23442510336
4,4303.087,grad,23391851008
4,4304.314,grad,23270941184
4,4305.542,grad,23242424832
4,4306.78,grad,23227629056
4,4308.291,grad,23220289024
4,4309.62,grad,23239163392
4,4311.338,grad,23215406592
4,4312.601,grad,23220170240
4,4313.835,grad,23162154496
4,4315.067,grad,23111495168
4,4316.296,grad,23020666368
4,4317.531,grad,22977469952
4,4318.776,grad,22941702656
4,4320.416,grad,22940654080
4,4321.673,grad,22959462912
4,4323.289,grad,22935771648
4,4324.528,grad,22940535296
4,4325.774,grad,22882519552
4,4327.007,grad,22800402944
4,4328.252,grad,22725626368
4,4329.492,grad,22689774080
4,4330.732,grad,22663443968
4,4332.361,grad,22660298240
4,4333.638,grad,22679172608
4,4335.135,grad,22655415808
4,4336.376,grad,22660175360
4,4337.616,grad,22640961024
4,4338.851,grad,22559139328
4,4340.082,grad,22438225408
4,4341.317,grad,22409319936
4,4342.547,grad,22381285888
4,4344.401,grad,22380237312
4,4345.715,grad,22399111680
4,4347.258,grad,22375354880
4,4348.503,grad,22380106240
4,4349.851,grad,22360965632
4,4351.089,grad,22278783488
4,4352.324,grad,22189326848
4,4353.554,grad,22128964096
4,4354.801,grad,22100930048
4,4356.609,grad,22099881472
4,4357.893,grad,22118755840
4,4359.407,grad,22094999040
4,4360.666,grad,22129114624
4,4361.9,grad,22080609792
4,4363.132,grad,21959695872
4,4364.36,grad,21862899200
4,4365.638,grad,21849132544
4,4366.872,grad,21853842944
4,4368.108,grad,21820639744
4,4369.338,grad,21834271232
4,4370.661,grad,21838465536
4,4372.273,grad,21814708736
4,4373.528,grad,21819464192
4,4374.778,grad,21877979648
4,4376.009,grad,21710862848
4,4377.242,grad,21597288960
4,4378.52,grad,21568842240
4,4379.771,grad,21541922304
4,4381.612,grad,21539300864
4,4382.893,grad,21558175232
4,4384.425,grad,21534418432
4,4385.724,grad,21531829760
4,4386.992,grad,21517604352
4,4388.235,grad,21452658176
4,4389.473,grad,21341115904
4,4390.725,grad,21302838784
4,4391.961,grad,21259011584
4,4393.919,grad,21259010560
4,4395.226,grad,21277884928
4,4396.745,grad,21254128128
4,4397.992,grad,21258891776
4,4399.231,grad,21200941568
4,4400.469,grad,21111484928
4,4401.716,grad,21037101568
4,4403.004,grad,21008654848
4,4404.27,grad,20981734912
4,4406.078,grad,20979113472
4,4407.412,grad,20997922304
4,4409.062,grad,20974231040
4,4410.331,grad,20978998784
4,4411.605,grad,20998573568
4,4412.921,grad,20877659648
4,4414.166,grad,20749405696
4,4415.403,grad,20728299008
4,4416.659,grad,20701379072
4,4418.369,grad,20698757632
4,4419.646,grad,20717632000
4,4421.17,grad,20693875200
4,4422.41,grad,20691286528
4,4423.681,grad,20677061120
4,4424.922,grad,20612114944
4,4426.154,grad,20500572672
4,4427.387,grad,20447549952
4,4428.605,grad,20435360256
4,4430.639,grad,20418467328
4,4431.906,grad,20437276160
4,4433.467,grad,20413584896
4,4434.721,grad,20418344448
4,4435.956,grad,20437927424
4,4437.189,grad,20278281728
4,4438.42,grad,20188825088
4,4439.669,grad,20182398464
4,4440.904,grad,20140274176
4,4442.691,grad,20138177024
4,4443.97,grad,20157051392
4,4445.474,grad,20133294592
4,4446.736,grad,20138050048
4,4447.973,grad,20118839808
4,4449.205,grad,20036788736
4,4450.435,grad,19901194752
4,4451.689,grad,19886969344
4,4452.923,grad,19858935296
4,4454.723,grad,19857886720
4,4456.016,grad,19876761088
4,4457.526,grad,19853004288
4,4458.777,grad,19850415616
4,4460.123,grad,19838615040
4,4461.358,grad,19771244032
4,4462.615,grad,19667041792
4,4463.85,grad,19621424640
4,4465.079,grad,19584937472
4,4466.992,grad,19577596416
4,4468.256,grad,19596470784
4,4469.73,grad,19572713984
4,4470.994,grad,19577481728
4,4472.335,grad,19558259200
4,4473.668,grad,19468868096
4,4474.919,grad,19347954176
4,4476.245,grad,19326847488
4,4477.484,grad,19299927552
4,4479.197,grad,19297306112
4,4480.449,grad,19316246016
4,4482.005,grad,19292423680
4,4483.262,grad,19297191424
4,4484.51,grad,19239171584
4,4485.764,grad,19157120512
4,4487.015,grad,19060323840
4,4488.298,grad,19061237248
4,4489.543,grad,19019112960
4,4491.197,grad,19017015808
4,4492.475,grad,19035824640
4,4494.054,grad,19012133376
4,4495.319,grad,19019506176
4,4496.588,grad,19002200576
4,4497.848,grad,19067933184
4,4499.213,grad,18910712320
4,4500.469,grad,18846089728
4,4501.765,grad,18751521280
4,4503.073,grad,18744065536
4,4504.336,grad,18736725504
4,4505.639,grad,18755599872
4,4507.188,grad,18731843072
4,4508.437,grad,18736602624
4,4509.695,grad,18756185600
4,4510.932,grad,18596539904
4,4512.188,grad,18507083264
4,4513.463,grad,18485517824
4,4514.72,grad,18457483776
4,4516.542,grad,18456435200
4,4517.807,grad,18475244032
4,4519.46,grad,18451552768
4,4520.718,grad,18456312320
4,4521.984,grad,18514758144
4,4523.237,grad,18355046912
4,4524.477,grad,18258250240
4,4525.724,grad,18219973120
4,4526.962,grad,18200902144
4,4528.204,grad,18176144896
4,4529.443,grad,18205570560
4,4530.936,grad,18170770944
4,4532.192,grad,18171262464
4,4533.447,grad,18168673792
4,4534.722,grad,18154448384
4,4535.961,grad,18074822144
4,4537.201,grad,17992640000
4,4538.465,grad,17939617280
4,4539.721,grad,17925854720
4,4541.721,grad,17895854592
4,4542.984,grad,17914663424
4,4544.551,grad,17890972160
4,4545.812,grad,17895739904
4,4547.079,grad,17837720064
4,4548.317,grad,17748328960
4,4549.554,grad,17695572480
4,4550.797,grad,17645040128
4,4552.037,grad,17617661440
4,4553.697,grad,17615564288
4,4554.993,grad,17634438656
4,4556.455,grad,17610681856
4,4557.718,grad,17615449600
4,4558.961,grad,17557429760
4,4560.214,grad,17482718720
4,4561.453,grad,17385922048
4,4562.803,grad,17364815360
4,4564.055,grad,17336846848
4,4565.854,grad,17335273984
4,4567.181,grad,17354148352
4,4568.699,grad,17330391552
4,4569.94,grad,17335142912
4,4571.277,grad,17316002304
4,4572.517,grad,17233885696
4,4573.795,grad,17151769088
4,4575.083,grad,17098746368
4,4576.319,grad,17080789504
4,4578.332,grad,17054131712
4,4579.645,grad,17073006080
4,4581.17,grad,17048397312
4,4582.417,grad,17053152768
4,4583.701,grad,17111602688
4,4584.941,grad,16959231488
4,4586.174,grad,16855946752
4,4587.418,grad,16818456064
4,4588.667,grad,16801023488
4,4590.67,grad,16773841408
4,4592.005,grad,16792715776
4,4593.658,grad,16768958976
4,4594.905,grad,16773718528
4,4596.14,grad,16753652224
4,4597.373,grad,16671404544
4,4598.618,grad,16549442048
4,4599.853,grad,16512344576
4,4601.095,grad,16483261952
4,4603.114,grad,16482999808
4,4604.374,grad,16501906944
4,4606.001,grad,16478117376
4,4607.241,grad,16468188672
4,4608.522,grad,16468188672
4,4609.804,grad,16468188672
4,4611.038,grad,16468188672
4,4613.692,grad,16468188160
4,4615.104,grad,16468188160
4,4616.378,grad,16468188160
4,4617.639,grad,16468188160
4,4621.553,grad,16468188160
4,4623.105,grad,16468188160
4,4624.384,grad,16484441088
4,4625.721,grad,16505478144
4,4626.987,grad,16523238400
4,4629.097,grad,16523238400
4,4630.395,grad,16523245056
4,4631.798,grad,16685204480
4,4633.121,grad,16685204480
4,4634.534,grad,16685204480
4,4635.959,grad,16685204480
4,4637.237,grad,16629670400
4,4638.485,grad,16546570240
4,4639.751,grad,16373063680
4,4641.018,grad,16304775168
4,4642.276,grad,16337936384
4,4643.56,grad,16368279552
4,4644.823,grad,16397148160
4,4646.067,grad,16425492480
4,4647.305,grad,16457080832
4,4648.545,grad,16412614656
4,4649.801,grad,16315031552
4,4656.025,grad,16143458304
4,4662.406,grad,16143462400
4,4668.826,grad,16143462400
4,4675.185,grad,16143462400
4,4681.119,grad,16143462400
4,4682.408,grad,16147236864
4,4683.685,grad,16162179072
4,4686.092,grad,16151166976
4,4687.59,grad,16156213248
4,4688.925,grad,16164135936
4,4690.161,grad,16189338624
4,4691.393,grad,16248613888
4,4692.627,grad,16332565504
4,4695.16,grad,16302781440
4,4696.498,grad,16307827712
4,4697.777,grad,16315750400
4,4699.038,grad,16329943040
4,4700.309,grad,16379781120
4,4701.638,grad,16476839936
4,4704.215,grad,16449775616
4,4705.503,grad,16454821888
4,4706.848,grad,16462744576
4,4708.174,grad,16480605184
4,4709.407,grad,16592344064
4,4710.615,grad,16599389184
4,4712.88,grad,16596048896
4,4714.561,grad,16600767488
4,4715.859,grad,16608690176
4,4717.101,grad,16633892864
4,4718.334,grad,16699492352
4,4719.582,grad,16745662464
4,4721.877,grad,16741994496
4,4723.146,grad,16746713088
4,4724.408,grad,16755684352
4,4725.714,grad,16773544960
4,4726.949,grad,16846486528
4,4728.185,grad,16892656640
4,4730.415,grad,16888988672
4,4731.688,grad,16893707264
4,4732.932,grad,16902678528
4,4734.24,grad,16921587712
4,4735.484,grad,17033326592
4,4736.734,grad,17040699392
4,4738.914,grad,17037031424
4,4740.176,grad,17041750016
4,4741.425,grad,17055439872
4,4742.674,grad,17068581888
4,4743.909,grad,17181369344
4,4745.155,grad,17189792768
4,4747.299,grad,17186122752
4,4748.556,grad,17190841344
4,4749.809,grad,17203482624
4,4751.047,grad,17238120448
4,4752.294,grad,17369257984
4,4753.531,grad,17337837568
4,4755.587,grad,17334165504
4,4757.094,grad,17338884096
4,4758.39,grad,17347855360
4,4759.681,grad,17366764544
4,4760.925,grad,17478503424
4,4762.157,grad,17485878272
4,4764.289,grad,17482208256
4,4765.552,grad,17486926848
4,4766.807,grad,17495898112
4,4768.157,grad,17513758720
4,4769.408,grad,17665343488
4,4770.652,grad,17625532416
4,4772.751,grad,17629202432
4,4774.02,grad,17633921024
4,4775.285,grad,17646562304
4,4776.526,grad,17680151552
4,4777.764,grad,17773540352
4,4779.012,grad,17773575168
4,4781.074,grad,17777245184
4,4782.328,grad,17781963776
4,4783.583,grad,17793556480
4,4784.871,grad,17807747072
4,4786.12,grad,17919485952
4,4787.357,grad,17920571392
4,4789.444,grad,17924239360
4,4790.74,grad,17928957952
4,4791.998,grad,17940550656
4,4793.255,grad,17954741248
4,4794.491,grad,18066480128
4,4795.779,grad,18073852928
4,4797.992,grad,18070184960
4,4800.399,grad,18074903552
4,4801.681,grad,18082826240
4,4802.955,grad,18100686848
4,4804.198,grad,18212425728
4,4805.45,grad,18219798528
4,4807.649,grad,18216130560
4,4808.929,grad,18220849152
4,4810.177,grad,18229820416
4,4811.444,grad,18247681024
4,4812.689,grad,18359419904
4,4813.942,grad,18359452672
4,4816.196,grad,18363124736
4,4817.501,grad,18367843328
4,4818.805,grad,18376814592
4,4820.077,grad,18395723776
4,4821.323,grad,18507462656
4,4822.586,grad,18507497472
4,4824.79,grad,18511167488
4,4826.063,grad,18515886080
4,4827.313,grad,18529575936
4,4828.596,grad,18562116608
4,4829.912,grad,18636106752
4,4831.157,grad,18667600896
4,4833.119,grad,18660258816
4,4834.382,grad,18664977408
4,4835.659,grad,18677618688
4,4836.907,grad,18692857856
4,4838.144,grad,18804596736
4,4839.379,grad,18804631552
4,4841.581,grad,18808301568
4,4843.089,grad,18813020160
4,4844.406,grad,18821991424
4,4845.691,grad,18852961280
4,4846.934,grad,18913842176
4,4848.174,grad,18945332224
4,4850.517,grad,18956344320
4,4851.78,grad,18961062912
4,4853.031,grad,18970034176
4,4854.331,grad,18987894784
4,4855.591,grad,19061884928
4,4856.834,grad,19099666432
4,4859.013,grad,19103338496
4,4860.346,grad,19108057088
4,4861.643,grad,19117028352
4,4862.884,grad,19134888960
4,4864.138,grad,19247676416
4,4865.376,grad,19255051264
4,4867.674,grad,19251381248
4,4868.995,grad,19256099840
4,4870.267,grad,19267692544
4,4871.528,grad,19301281792
4,4872.847,grad,19374223360
4,4874.087,grad,19405717504
4,4876.068,grad,19398375424
4,4877.336,grad,19403094016
4,4878.595,grad,19414686720
4,4879.862,grad,19428877312
4,4881.093,grad,19579413504
4,4882.33,grad,19540653056
4,4884.36,grad,19544321024
4,4885.956,grad,19549039616
4,4887.263,grad,19556962304
4,4888.563,grad,19574822912
4,4889.812,grad,19686561792
4,4891.055,grad,19686596608
4,4893.225,grad,19690266624
4,4894.509,grad,19694985216
4,4895.858,grad,19703956480
4,4897.192,grad,19721817088
4,4898.443,grad,19872353280
4,4899.709,grad,19833592832
4,4901.802,grad,19837260800
4,4903.062,grad,19841979392
4,4904.31,grad,19854620672
4,4905.546,grad,19869859840
4,4906.816,grad,19981598720
4,4908.051,grad,19988971520
4,4910.276,grad,19985303552
4,4911.547,grad,19990022144
4,4912.81,grad,20003712000
4,4914.038,grad,20036252672
4,4915.269,grad,20090844160
4,4916.521,grad,20141736960
4,4918.472,grad,20134394880
4,4919.742,grad,20139113472
4,4920.998,grad,20151754752
4,4922.271,grad,20186392576
4,4923.539,grad,20259334144
4,4924.778,grad,20274999296
4,4926.027,grad,21054623232
4,4928.327,grad,20582753792
4,4929.624,grad,20582754304
4,4930.882,grad,20582754304
4,4932.119,grad,20582754304
4,4933.356,grad,20582754304
4,4934.6,grad,20430705664
4,4935.872,grad,20278889472
4,4937.152,grad,20231474176
4,4938.395,grad,20199132160
4,4939.635,grad,20163871744
4,4940.87,grad,20153385984
4,4942.999,grad,20140122112
4,4944.246,grad,20149526528
4,4946.235,grad,20137926656
4,4947.511,grad,20140060672
4,4948.762,grad,20148803584
4,4950.002,grad,20073830400
4,4951.236,grad,20028250112
4,4952.471,grad,20013076480
4,4953.716,grad,19999353856
4,4955.209,grad,19997256704
4,4956.504,grad,20007676928
4,4958.192,grad,19995061248
4,4959.433,grad,19997191168
4,4960.673,grad,19988374528
4,4961.899,grad,19932570624
4,4963.149,grad,19892298752
4,4964.38,grad,19874372608
4,4965.633,grad,19861305344
4,4967.178,grad,19857537024
4,4968.422,grad,19866941440
4,4969.97,grad,19855341568
4,4971.236,grad,19857479680
4,4972.491,grad,19829354496
4,4973.749,grad,19785510912
4,4975.002,grad,19760019456
4,4976.238,grad,19742222336
4,4977.482,grad,19720111104
4,4979.062,grad,19719062528
4,4980.3,grad,19728466944
4,4982.207,grad,19716867072
4,4983.472,grad,19719001088
4,4984.728,grad,19690781696
4,4985.985,grad,19650608128
4,4987.241,grad,19606764544
4,4988.552,grad,19596211200
4,4989.803,grad,19582586880
4,4991.29,grad,19581440000
4,4992.56,grad,19590811648
4,4994.146,grad,19579244544
4,4995.378,grad,19581374464
4,4996.622,grad,19553257472
4,4997.87,grad,19513083904
4,4999.1,grad,19472910336
4,5000.328,grad,19466027008
4,5001.558,grad,19447684096
4,5003.036,grad,19443915776
4,5004.272,grad,19453320192
4,5005.788,grad,19441720320
4,5007.037,grad,19443854336
4,5008.281,grad,19434083328
4,5009.513,grad,19393025024
4,5010.753,grad,19328996352
4,5012.015,grad,19318344704
4,5013.243,grad,19304720384
4,5014.779,grad,19303573504
4,5016.021,grad,19312977920
4,5017.703,grad,19301378048
4,5018.949,grad,19299837952
4,5020.205,grad,19292725248
4,5021.445,grad,19252879360
4,5022.702,grad,19218112512
4,5023.938,grad,19183998976
4,5025.181,grad,19174463488
4,5026.424,grad,19161297920
4,5027.723,grad,19161297920
4,5028.979,grad,19170702336
4,5030.676,grad,19159102464
4,5031.917,grad,19161238528
4,5033.153,grad,19151629312
4,5034.385,grad,19110571008
4,5035.621,grad,19041823744
4,5036.861,grad,19034711040
4,5038.121,grad,19027567616
4,5039.36,grad,19020693504
4,5040.6,grad,19019120640
4,5041.871,grad,19028721664
4,5043.676,grad,19016925184
4,5044.916,grad,19019057152
4,5046.156,grad,19009353728
4,5047.411,grad,18971965440
4,5048.671,grad,18920192000
4,5049.954,grad,18900791296
4,5051.251,grad,18907041792
4,5052.505,grad,18879663104
4,5053.803,grad,18878090240
4,5055.046,grad,18888510464
4,5056.828,grad,18875894784
4,5058.087,grad,18874354688
4,5059.345,grad,18867143680
4,5060.616,grad,18827297792
4,5061.853,grad,18787353600
4,5063.191,grad,18759695360
4,5064.427,grad,18741017600
4,5066.459,grad,18735716352
4,5067.747,grad,18745317376
4,5069.468,grad,18733520896
4,5070.726,grad,18735652864
4,5071.986,grad,18724999168
4,5073.238,grad,18680270848
4,5074.472,grad,18618863616
4,5075.72,grad,18608080896
4,5076.954,grad,18594063360
4,5078.801,grad,18592490496
4,5080.046,grad,18602943488
4,5081.654,grad,18590295040
4,5082.913,grad,18592427008
4,5084.154,grad,18582723584
4,5085.39,grad,18541665280
4,5086.612,grad,18493266944
4,5087.872,grad,18473178112
4,5089.123,grad,18454991872
4,5091.022,grad,18450214912
4,5092.268,grad,18459619328
4,5093.915,grad,18448019456
4,5095.158,grad,18446479360
4,5096.403,grad,18439268352
4,5097.779,grad,18399455232
4,5099.022,grad,18358364160
4,5100.319,grad,18331852800
4,5101.553,grad,18313175040
4,5103.479,grad,18308922368
4,5104.79,grad,18318294016
4,5106.42,grad,18306726912
4,5107.728,grad,18323538944
4,5108.979,grad,18299286528
4,5110.213,grad,18258228224
4,5111.445,grad,18209829888
4,5112.7,grad,18190691328
4,5113.987,grad,18195729408
4,5115.318,grad,18168875008
4,5116.606,grad,18168776704
4,5117.946,grad,18178148352
4,5119.894,grad,18166581248
4,5121.158,grad,18168713216
4,5122.412,grad,18159108096
4,5123.668,grad,18118049792
4,5124.912,grad,18054053888
4,5126.146,grad,18043271168
4,5127.403,grad,18029253632
4,5129.393,grad,18028729344
4,5130.671,grad,18038133760
4,5132.272,grad,18026533888
4,5133.518,grad,18028663808
4,5134.782,grad,18016832512
4,5136.027,grad,17976986624
4,5137.267,grad,17935895552
4,5138.568,grad,17909384192
4,5139.824,grad,17891755008
4,5141.766,grad,17887502336
4,5143.076,grad,17896939520
4,5144.52,grad,17885306880
4,5145.776,grad,17887438848
4,5147.046,grad,17877866496
4,5148.312,grad,17835759616
4,5149.585,grad,17787361280
4,5150.826,grad,17768222720
4,5152.078,grad,17745783808
4,5153.92,grad,17745259520
4,5155.179,grad,17754860544
4,5156.804,grad,17743064064
4,5158.064,grad,17745200128
4,5159.376,grad,17754989568
4,5160.626,grad,17690895360
4,5161.863,grad,17634108416
4,5163.173,grad,17618836480
4,5164.408,grad,17603540992
4,5166.022,grad,17604065280
4,5167.274,grad,17613469696
4,5168.902,grad,17601869824
4,5170.163,grad,17600329728
4,5171.486,grad,17594462208
4,5172.777,grad,17554419712
4,5174.021,grad,17508839424
4,5175.259,grad,17477609472
4,5176.499,grad,17463329792
4,5178.156,grad,17462019072
4,5179.468,grad,17472504832
4,5180.966,grad,17459823616
4,5182.205,grad,17461953536
4,5183.44,grad,17449729024
4,5184.694,grad,17409719296
4,5185.949,grad,17361878016
4,5187.224,grad,17343984640
4,5188.489,grad,17319776256
4,5189.973,grad,17319776256
4,5191.221,grad,17329180672
4,5192.757,grad,17317580800
4,5193.998,grad,17319710720
4,5195.229,grad,17307486208
4,5196.461,grad,17266427904
4,5197.712,grad,17219602432
4,5198.994,grad,17193287680
4,5200.229,grad,17181957120
4,5201.641,grad,17176452096
4,5202.93,grad,17185889280
4,5204.372,grad,17174256640
4,5205.616,grad,17180056576
4,5206.956,grad,17166816256
4,5208.203,grad,17127822336
4,5209.454,grad,17078375424
4,5210.707,grad,17057139712
4,5211.942,grad,17034176512
4,5213.729,grad,17034176512
4,5215.036,grad,17043613696
4,5216.504,grad,17031981056
4,5217.755,grad,17034115072
4,5219.006,grad,17024540672
4,5220.247,grad,16984530944
4,5221.482,grad,16919355392
4,5222.727,grad,16908572672
4,5223.96,grad,16894030848
4,5225.534,grad,16892982272
4,5226.829,grad,16902353920
4,5228.48,grad,16890786816
4,5229.76,grad,16892916736
4,5231.0,grad,16884395008
4,5232.233,grad,16822889472
4,5233.465,grad,16778161152
4,5234.713,grad,16774947840
4,5235.947,grad,16753360896
4,5237.552,grad,16752836608
4,5238.881,grad,16762208256
4,5240.527,grad,16750313472
4,5241.779,grad,16752443392
4,5243.097,grad,16743200768
4,5244.332,grad,16701782016
4,5245.582,grad,16658429952
4,5246.816,grad,16626905088
4,5248.056,grad,16612330496
4,5250.036,grad,16612330496
4,5251.288,grad,16621734912
4,5252.958,grad,16609086464
4,5254.221,grad,16611220480
4,5255.458,grad,16601613312
4,5256.712,grad,16562979840
4,5257.958,grad,16497509376
4,5259.218,grad,16486005760
4,5260.462,grad,16472250368
4,5262.289,grad,16471463936
4,5263.54,grad,16480868352
4,5265.181,grad,16468318208
4,5266.417,grad,16470454272
4,5267.67,grad,16460550144
4,5268.906,grad,16423161856
4,5270.148,grad,16373911552
4,5271.409,grad,16340060160
4,5272.727,grad,16326370304
4,5274.585,grad,16325256192
4,5275.83,grad,16334857216
4,5277.553,grad,16323060736
4,5278.807,grad,16326747136
4,5280.08,grad,16317850624
4,5281.32,grad,16317850624
4,5282.552,grad,16317850624
4,5284.06,grad,16317850112
4,5286.052,grad,16317850112
4,5287.365,grad,16317850112
4,5288.781,grad,16317850112
4,5290.058,grad,16317850112
4,5293.951,grad,16317850112
4,5295.378,grad,16317850112
4,5296.624,grad,16326697472
4,5297.859,grad,16337740288
4,5299.137,grad,16345375232
4,5301.138,grad,16345375232
4,5302.376,grad,16345382400
4,5303.659,grad,16507101696
4,5304.913,grad,16507101696
4,5306.254,grad,16507101696
4,5307.505,grad,16507101696
4,5308.777,grad,16479806464
4,5310.049,grad,16432113152
4,5311.301,grad,16325027328
4,5312.561,grad,16321029632
4,5313.809,grad,16351307264
4,5315.042,grad,16385222144
4,5316.278,grad,16420054528
4,5317.512,grad,16453215744
4,5318.775,grad,16419497472
4,5320.034,grad,16303334912
4,5321.364,grad,16141855744
4,5322.604,grad,16160718336
4,5323.848,grad,16190602752
4,5325.085,grad,16220028416
4,5326.316,grad,16250076672
4,5327.566,grad,16277470720
4,5328.834,grad,16305880576
4,5330.094,grad,16198499840
4,5331.471,grad,16143449088
4,5332.728,grad,16065690624
4,5334.536,noise,15979082752
4,5335.818,noise,15979082752
4,5337.049,noise,15979082752
4,5338.295,noise,15980295168
4,5339.536,noise,15980753920
4,5340.809,noise,15980753920
4,5342.044,noise,15982490624
4,5343.279,noise,15982490624
4,5344.511,noise,15984915456
4,5345.753,noise,15983965184
4,5346.987,noise,15984423936
4,5348.223,noise,15984882688
4,5349.459,noise,15985144832
4,5350.738,noise,15986357248
4,5351.988,noise,15986586624
4,5353.246,noise,15986816000
4,5354.484,noise,15988028416
4,5355.731,noise,15988257792
4,5356.963,noise,15988257792
4,5358.19,noise,15989699584
4,5359.426,noise,15989961728
4,5360.711,noise,15990420480
4,5361.953,noise,15990912000
4,5363.181,noise,15990912000
4,5364.409,noise,15992124416
4,5365.657,noise,15992583168
4,5366.888,noise,15992583168
4,5368.12,noise,15994024960
4,5369.356,noise,15994024960
4,5370.612,noise,15995237376
4,5371.864,noise,15995499520
4,5373.124,noise,15995958272
4,5374.36,noise,15996417024
4,5375.599,noise,15996679168
4,5376.824,noise,15997891584
4,5378.048,noise,15998120960
4,5379.287,noise,15998350336
4,5380.53,noise,15999562752
4,5381.797,noise,15999792128
4,5383.064,noise,15999792128
4,5384.301,noise,16001233920
4,5385.558,noise,16001725440
4,5386.83,noise,16002184192
4,5388.069,noise,16002446336
4,5389.303,noise,16002446336
4,5390.545,noise,16003658752
4,5391.796,noise,16004117504
4,5393.023,noise,16004117504
4,5394.254,noise,16005559296
4,5395.483,noise,16005559296
4,5396.725,noise,16006771712
4,5397.949,noise,16007263232
4,5399.181,noise,16007721984
4,5400.424,noise,16008213504
4,5401.674,noise,16008213504
4,5402.897,noise,16009425920
4,5404.133,noise,16009884672
4,5405.355,noise,16009884672
4,5406.584,noise,16011326464
4,5407.811,noise,16011326464
4,5409.063,noise,16012538880
4,5410.309,noise,16012801024
4,5411.581,noise,16013259776
4,5412.813,noise,16013718528
4,5414.039,noise,16013980672
4,5415.262,noise,16015193088
4,5416.485,noise,16015422464
4,5417.727,noise,16015651840
4,5418.955,noise,16016864256
4,5420.186,noise,16017093632
4,5421.425,noise,16017093632
4,5422.67,noise,16018535424
4,5423.901,noise,16018797568
4,5425.132,noise,16019256320
4,5426.361,noise,16019747840
4,5427.599,noise,16019747840
4,5428.828,noise,16021058560
4,5430.069,noise,16021517312
4,5431.31,noise,16021517312
4,5432.535,noise,16022959104
4,5433.775,noise,16022959104
4,5434.999,noise,16024171520
4,5436.226,noise,16024433664
4,5437.451,noise,16024892416
4,5438.694,noise,16025351168
4,5439.935,noise,16025613312
4,5441.193,noise,16026825728
4,5442.425,noise,16027055104
4,5443.672,noise,16027284480
4,5444.896,noise,16028496896
4,5446.124,noise,16028726272
4,5447.348,noise,16028726272
4,5448.622,noise,16030528512
4,5449.86,noise,16031020032
4,5451.114,noise,16031478784
4,5452.36,noise,16031740928
4,5453.609,noise,16031740928
4,5454.834,noise,16033182720
4,5456.063,noise,16033412096
4,5457.293,noise,16033412096
4,5458.519,noise,16034853888
4,5459.757,noise,16034853888
4,5460.998,noise,16036066304
4,5462.231,noise,16036557824
4,5463.456,noise,16037016576
4,5464.7,noise,16037508096
4,5465.925,noise,16037508096
4,5467.154,noise,16038720512
4,5468.403,noise,16039179264
4,5469.658,noise,16039179264
4,5470.942,noise,16041210880
4,5472.203,noise,16040981504
4,5473.481,noise,16042193920
4,5474.737,noise,16043144192
4,5475.996,noise,16043602944
4,5477.332,noise,16043602944
4,5478.618,noise,16043635712
4,5479.954,noise,16044848128
4,5481.216,noise,16045077504
4,5482.457,noise,16045306880
4,5483.706,noise,16046519296
4,5484.944,noise,16046748672
4,5486.238,noise,16046748672
4,5487.512,noise,16048190464
4,5488.768,noise,16048681984
4,5490.006,noise,16049140736
4,5491.252,noise,16049402880
4,5492.485,noise,16049402880
4,5493.727,noise,16050975744
4,5494.959,noise,16051434496
4,5496.184,noise,16051434496
4,5497.41,noise,16052876288
4,5498.655,noise,16052876288
4,5499.926,noise,16054088704
4,5501.189,noise,16054350848
4,5502.432,noise,16054809600
4,5503.682,noise,16055268352
4,5504.928,noise,16055530496
4,5506.158,noise,16056742912
4,5507.381,noise,16056972288
4,5508.614,noise,16057201664
4,5509.84,noise,16058414080
4,5511.073,noise,16058643456
4,5512.321,noise,16058643456
4,5513.586,noise,16060085248
4,5514.813,noise,16060347392
4,5516.039,noise,16060806144
4,5517.263,noise,16061297664
4,5518.494,noise,16061297664
4,5519.748,noise,16062510080
4,5520.992,noise,16062968832
4,5522.229,noise,16062968832
4,5523.452,noise,16064410624
4,5524.7,noise,16064410624
4,5525.943,noise,16066835456
4,5527.169,noise,16065885184
4,5528.398,noise,16066343936
4,5529.632,noise,16066802688
4,5530.865,noise,16067064832
4,5532.104,noise,16068277248
4,5533.33,noise,16068506624
4,5534.556,noise,16068736000
4,5535.788,noise,16069948416
4,5537.012,noise,16070177792
4,5538.237,noise,16070177792
4,5539.492,noise,16071619584
4,5540.734,noise,16072111104
4,5541.977,noise,16072569856
4,5543.204,noise,16072832000
4,5544.432,noise,16072832000
4,5545.672,noise,16074044416
4,5546.929,noise,16074503168
4,5548.258,noise,16074503168
4,5549.507,noise,16075944960
4,5550.777,noise,16075944960
4,5552.11,noise,16077157376
4,5553.371,noise,16077648896
4,5554.624,noise,16078337024
4,5555.853,noise,16078599168
4,5557.099,noise,16078599168
4,5558.359,noise,16080270336
4,5559.598,noise,16080270336
4,5560.849,noise,16080270336
4,5562.098,noise,16082170880
4,5563.348,noise,16081712128
4,5564.612,noise,16082924544
4,5565.873,noise,16083416064
4,5567.099,noise,16083874816
4,5568.33,noise,16084366336
4,5569.553,noise,16084366336
4,5570.796,noise,16085578752
4,5572.051,noise,16086037504
4,5573.301,noise,16086037504
4,5574.531,noise,16087479296
4,5575.776,noise,16087479296
4,5577.003,noise,16089904128
4,5578.232,noise,16088953856
4,5579.473,noise,16089641984
4,5580.731,noise,16090100736
4,5582.003,noise,16090133504
4,5583.238,noise,16091345920
4,5584.473,noise,16091935744
4,5585.766,noise,16092165120
4,5587.015,noise,16093377536
4,5588.263,noise,16093606912
4,5589.489,noise,16093606912
4,5590.746,noise,16095048704
4,5592.003,noise,16095310848
4,5593.241,noise,16095769600
4,5594.475,noise,16096261120
4,5595.715,noise,16096261120
4,5596.945,noise,16097473536
4,5598.172,noise,16097932288
4,5599.392,noise,16097932288
4,5600.618,noise,16099603456
4,5601.848,noise,16099374080
4,5603.112,noise,16100586496
4,5604.342,noise,16100848640
4,5605.606,noise,16101536768
4,5606.834,noise,16101995520
4,5608.063,noise,16102028288
4,5609.289,noise,16103240704
4,5610.514,noise,16103699456
4,5611.759,noise,16103699456
4,5612.997,noise,16104911872
4,5614.224,noise,16105141248
4,5615.447,noise,16105141248
4,5616.686,noise,16106583040
4,5617.915,noise,16107074560
4,5619.14,noise,16107533312
4,5620.365,noise,16107795456
4,5621.601,noise,16107795456
4,5622.87,noise,16109237248
4,5624.098,noise,16109466624
4,5625.319,noise,16109466624
4,5626.545,noise,16110908416
4,5627.781,noise,16110908416
4,5629.005,noise,16112120832
4,5630.232,noise,16112612352
4,5631.461,noise,16113071104
4,5632.731,noise,16113562624
4,5633.963,noise,16113562624
4,5635.185,noise,16114775040
4,5636.414,noise,16115233792
4,5637.652,noise,16115233792
4,5638.907,noise,16116904960
4,5640.166,noise,16116675584
4,5641.396,noise,16117888000
4,5642.595,noise,16118379520
4,5643.84,noise,16118838272
4,5645.078,noise,16119297024
4,5646.307,noise,16119329792
4,5647.543,noise,16120542208
4,5648.783,noise,16121000960
4,5650.014,noise,16121000960
4,5651.239,noise,16123425792
4,5652.497,noise,16122803200
4,5653.746,noise,16122803200
4,5654.97,noise,16124703744
4,5656.201,noise,16124507136
4,5657.425,noise,16125195264
4,5658.671,noise,16125457408
4,5659.895,noise,16125457408
4,5661.116,noise,16126899200
4,5662.351,noise,16127128576
4,5663.607,noise,16127128576
4,5664.845,noise,16128799744
4,5666.074,noise,16128570368
4,5667.348,noise,16129782784
4,5668.609,noise,16130274304
4,5669.848,noise,16130733056
4,5671.109,noise,16131224576
4,5672.36,noise,16131224576
4,5673.606,noise,16132436992
4,5674.84,noise,16132895744
4,5676.118,noise,16132895744
4,5677.419,noise,16134337536
4,5678.696,noise,16134337536
4,5680.0,noise,16135549952
4,5681.258,noise,16136041472
4,5682.503,noise,16136500224
4,5683.8,noise,16136991744
4,5685.045,noise,16136991744
4,5686.341,noise,16138433536
4,5687.605,noise,16138662912
4,5688.835,noise,16138662912
4,5690.068,noise,16140104704
4,5691.297,noise,16140104704
4,5692.533,noise,16141317120
4,5693.823,noise,16141808640
4,5695.403,noise,16142267392
4,5696.666,noise,16141775872
4,5697.912,noise,16038818816
4,5699.421,optimizer,15979049984
4,5700.747,optimizer,15983976448
4,5702.018,optimizer,15982346240
4,5703.317,optimizer,15983879168
4,5704.622,optimizer,15983962112
4,5705.891,optimizer,15984877056
4,5707.13,optimizer,15985380864
4,5708.366,optimizer,15989128192
4,5709.597,optimizer,15988481024
4,5710.831,optimizer,15990090240
4,5712.072,optimizer,15990326784
4,5713.351,optimizer,15991025664
4,5714.609,optimizer,15991743488
4,5715.846,optimizer,15994065920
4,5717.094,optimizer,15995599872
4,5718.379,optimizer,15997361152
4,5719.604,optimizer,15996476928
4,5720.856,optimizer,15997619200
4,5722.098,optimizer,15997685248
4,5723.354,optimizer,16000215552
4,5724.616,optimizer,16003404288
4,5725.853,optimizer,16003511808
4,5727.106,optimizer,16003265536
4,5728.343,optimizer,16003541504
4,5729.581,optimizer,16004835840
4,5730.816,optimizer,16005597184
4,5732.048,optimizer,16008341504
4,5733.311,optimizer,16008698368
4,5734.555,optimizer,16009645056
4,5735.805,optimizer,16009920000
4,5737.038,optimizer,16013667328
4,5738.275,optimizer,16013020672
4,5739.506,optimizer,16016977408
4,5740.754,optimizer,16014881280
4,5742.007,optimizer,16015808512
4,5743.249,optimizer,16016090624
4,5744.507,optimizer,16018080256
4,5745.772,optimizer,16020396032
4,5747.015,optimizer,16020932608
4,5748.246,optimizer,16021456384
4,5749.515,optimizer,16022402560
4,5750.766,optimizer,16023316480
4,5752.0,optimizer,16026654720
4,5753.236,optimizer,16026823168
4,5754.485,optimizer,16026937856
4,5755.783,optimizer,16027834880
4,5757.132,optimizer,16028782080
4,5758.426,optimizer,16030874624
4,5759.7,optimizer,16032407552
4,5760.945,optimizer,16034198528
4,5762.187,optimizer,16033710592
4,5763.472,optimizer,16034213888
4,5764.753,optimizer,16034296320
4,5766.005,optimizer,16036298752
4,5767.261,optimizer,16037803520
4,5768.501,optimizer,16039374848
4,5769.745,optimizer,16039860736
4,5771.017,optimizer,16040592896
4,5772.349,optimizer,16044111872
4,5773.689,optimizer,16043617280
4,5775.02,optimizer,16045226496
4,5776.302,optimizer,16045541888
4,5777.544,optimizer,16046682624
4,5778.793,optimizer,16046727680
4,5780.035,optimizer,16050247168
4,5781.302,optimizer,16049829376
4,5782.589,optimizer,16052345344
4,5783.933,optimizer,16051476992
4,5785.236,optimizer,16052374016
4,5786.52,optimizer,16053091840
4,5787.805,optimizer,16055441408
4,5789.05,optimizer,16057252352
4,5790.286,optimizer,16060051968
4,5791.532,optimizer,16057956352
4,5792.801,optimizer,16059098112
4,5794.05,optimizer,16059163648
4,5795.291,optimizer,16060697088
4,5796.526,optimizer,16063442432
4,5797.775,optimizer,16064990720
4,5799.026,optimizer,16064744448
4,5800.283,optimizer,16065019904
4,5801.514,optimizer,16066314240
4,5802.761,optimizer,16067077120
4,5804.026,optimizer,16068608000
4,5805.288,optimizer,16070177792
4,5806.521,optimizer,16070666752
4,5807.779,optimizer,16071611904
4,5809.016,optimizer,16072526336
4,5810.252,optimizer,16076912640
4,5811.484,optimizer,16077081088
4,5812.723,optimizer,16077228544
4,5813.992,optimizer,16078120960
4,5815.349,optimizer,16078811648
4,5816.593,optimizer,16081145856
4,5817.827,optimizer,16082971136
4,5819.087,optimizer,16084428288
4,5820.345,optimizer,16083738624
4,5821.583,optimizer,16084471296
4,5822.814,optimizer,16084555264
4,5824.093,optimizer,16086514176
4,5825.34,optimizer,16089274880
4,5826.58,optimizer,16089632768
4,5827.807,optimizer,16090118656
4,5829.063,optimizer,16090850816
4,5830.293,optimizer,16094369792
4,5831.528,optimizer,16093953024
4,5832.769,optimizer,16098957824
4,5834.003,optimizer,16096861696
4,5835.253,optimizer,16098003968
4,5836.481,optimizer,16098072064
4,5837.757,optimizer,16099831808
4,5839.001,optimizer,16102363648
4,5840.266,optimizer,16103206912
4,5841.523,optimizer,16103665152
4,5842.786,optimizer,16104182784
4,5844.029,optimizer,16106476032
4,5845.282,optimizer,16107269120
4,5846.533,optimizer,16108804608
4,5847.787,optimizer,16109114880
4,5849.018,optimizer,16109816320
4,5850.268,optimizer,16110338560
4,5851.544,optimizer,16111872000
4,5852.814,optimizer,16114617344
4,5854.058,optimizer,16116166144
4,5855.32,optimizer,16115704832
4,5856.556,optimizer,16116423168
4,5857.836,optimizer,16117489664
4,5859.075,optimizer,16118252032
4,5860.308,optimizer,16120242688
4,5861.537,optimizer,16121352192
4,5862.792,optimizer,16122069504
4,5864.058,optimizer,16122573824
4,5865.307,optimizer,16126092288
4,5866.553,optimizer,16125675008
4,5867.814,optimizer,16128190464
4,5869.05,optimizer,16127562752
4,5870.284,optimizer,16128678400
4,5871.536,optimizer,16128744448
4,5872.828,optimizer,16130963968
4,5874.077,optimizer,16133037056
4,5875.33,optimizer,16133815296
4,5876.565,optimizer,16134110720
4,5877.814,optimizer,16134828032
4,5879.056,optimizer,16137183744
4,5880.308,optimizer,16138096640
4,5881.55,optimizer,16139478016
4,5882.832,optimizer,16139821568
4,5884.157,optimizer,16140489728
4,5885.49,optimizer,16141206528
4,5886.773,optimizer,16143673344
4,5888.011,optimizer,16144210944
4,5889.27,optimizer,16148167168
4,5890.516,optimizer,16146071552
4,5891.76,optimizer,16146998272
4,5892.996,optimizer,16147081728
4,5894.241,optimizer,16149042176
4,5895.484,optimizer,16151572480
4,5896.753,optimizer,16152154112
4,5897.987,optimizer,16152660480
4,5899.225,optimizer,16153363968
4,5900.454,optimizer,16153249792
4,5901.694,optimizer,16153250816
4,5902.931,optimizer,16153315840
4,5904.174,optimizer,16153250816
4,5905.427,optimizer,16153250304
4,5906.679,optimizer,16154167808
4,5907.913,optimizer,16153709568
4,5909.173,optimizer,16153250304
4,5910.401,optimizer,16153316352
4,5911.632,optimizer,16153250304
4,5912.861,optimizer,16153709568
4,5914.091,optimizer,16153709056
4,5915.331,optimizer,16153250816
4,5916.58,optimizer,16154167808
4,5917.829,optimizer,16153250816
4,5919.063,optimizer,16155675136
4,5920.301,optimizer,16153250304
4,5921.557,optimizer,16154167808
4,5922.794,optimizer,16153709568
4,5924.037,optimizer,16153709056
4,5925.301,optimizer,16153250304
4,5926.556,optimizer,16153250304
4,5927.827,optimizer,16153709056
4,5929.055,optimizer,16153709056
4,5930.282,optimizer,16153250816
4,5931.51,optimizer,16153250816
4,5932.755,optimizer,16153709056
4,5933.992,optimizer,16153250304
4,5935.236,optimizer,16153250304
4,5936.469,optimizer,16155675136
4,5937.791,optimizer,16153251328
4,5939.037,optimizer,16164524032
4,5940.268,optimizer,16179564544
4,5941.494,optimizer,16192311296
4,5942.736,optimizer,16205254656
4,5943.972,optimizer,16221147136
4,5945.231,optimizer,16234909696
4,5946.496,optimizer,16249589760
4,5947.742,optimizer,16263876608
4,5948.975,optimizer,16278786048
4,5950.212,optimizer,16293761024
4,5951.452,optimizer,16308899840
4,5952.696,optimizer,16282617344
4,5953.954,optimizer,16163866112
4,5955.234,optimizer,16162063360
4,5956.493,optimizer,16192340992
4,5957.761,optimizer,16221438976
4,5959.004,optimizer,16251192320
4,5960.331,optimizer,16284353536
4,5961.678,optimizer,16315679744
4,5962.952,optimizer,16204366848
4,5964.238,optimizer,16158786560
4,5965.495,optimizer,16187884544
4,5966.812,optimizer,16216753152
4,5968.055,optimizer,16248472576
4,5969.29,optimizer,16280060928
4,5970.527,optimizer,16310404096
4,5971.812,optimizer,16215671808
4,5973.076,optimizer,16110126080
4,5974.333,optimizer,15991800832
4,5975.593,optimizer,15985576448
4,5976.843,optimizer,15982023168
4,5978.911,optimizer,15978624000
4,5980.156,optimizer,15978624000
4,5981.384,optimizer,15978624000
4,5982.619,optimizer,15978624000
