step,t_ms,phase,alloc_bytes
3,5.635,grad,15973840384
3,12.052,grad,15973856768
3,18.452,grad,15973856768
3,24.8,grad,15973856768
3,29.314,grad,15973856768
3,30.576,grad,15988674048
3,31.826,grad,16003483136
3,33.623,grad,16003483136
3,34.941,grad,16022816256
3,36.199,grad,16054503936
3,37.53,grad,16126405120
3,38.776,grad,16418171392
3,40.031,grad,16617531904
3,42.152,grad,16603089408
3,43.417,grad,16622422528
3,44.707,grad,16669052416
3,45.94,grad,16803409408
3,47.199,grad,17327959552
3,48.428,grad,17171992064
3,50.402,grad,17187589632
3,51.654,grad,17206464000
3,52.905,grad,17252831744
3,54.158,grad,17387188736
3,55.393,grad,17756549632
3,56.62,grad,17756697088
3,58.579,grad,17771368960
3,59.991,grad,17790243328
3,61.261,grad,17836611072
3,62.501,grad,17970968064
3,63.751,grad,18340328960
3,64.994,grad,18340468224
3,67.004,grad,18355148288
3,68.28,grad,18374022656
3,69.537,grad,18420390400
3,70.82,grad,18554747392
3,72.077,grad,18924108288
3,73.352,grad,18924255744
3,75.315,grad,18938927616
3,76.575,grad,18957801984
3,77.855,grad,19004169728
3,79.091,grad,19138526720
3,80.345,grad,19507887616
3,81.603,grad,19508026880
3,83.579,grad,19522706944
3,84.842,grad,19541581312
3,86.114,grad,19587949056
3,87.37,grad,19722306048
3,88.605,grad,20091666944
3,89.838,grad,20091822592
3,91.771,grad,20106486272
3,93.036,grad,20125360640
3,94.34,grad,20171728384
3,95.58,grad,20306085376
3,96.817,grad,20675446272
3,98.058,grad,20675593728
3,100.1,grad,20690265600
3,101.371,grad,20709139968
3,102.624,grad,20755507712
3,103.886,grad,20812270080
3,105.145,grad,21104036352
3,106.386,grad,21229996544
3,108.752,grad,21274044928
3,110.011,grad,21292919296
3,111.277,grad,21339287040
3,112.516,grad,21396049408
3,113.768,grad,21843004928
3,115.011,grad,21872496128
3,117.089,grad,21857824256
3,118.353,grad,21876698624
3,119.597,grad,21923066368
3,120.828,grad,21979828736
3,122.082,grad,22426784256
3,123.324,grad,22456283648
3,125.395,grad,22441603584
3,126.651,grad,22460477952
3,127.917,grad,22506845696
3,129.158,grad,22563608064
3,130.39,grad,23010563584
3,131.62,grad,23040054784
3,133.73,grad,23025382912
3,135.062,grad,23044257280
3,136.379,grad,23090625024
3,137.65,grad,23147387392
3,138.906,grad,23594342912
3,140.163,grad,23623834112
3,142.334,grad,23609276928
3,143.648,grad,23628036608
3,144.962,grad,23674404352
3,146.253,grad,23731166720
3,147.555,grad,24178122240
3,148.815,grad,24207613440
3,150.909,grad,24192941568
3,153.614,grad,24211815936
3,154.886,grad,24258183680
3,156.148,grad,24392540672
3,157.395,grad,24761901568
3,158.631,grad,24791392768
3,160.7,grad,24776720896
3,161.972,grad,24795595264
3,163.296,grad,24841963008
3,164.548,grad,24976320000
3,165.789,grad,25345680896
3,167.029,grad,25345820160
3,169.05,grad,25360500224
3,170.339,grad,25379374592
3,171.607,grad,25425742336
3,172.845,grad,25482504704
3,174.121,grad,25929460224
3,175.398,grad,25958959616
3,177.48,grad,25944279552
3,178.739,grad,25963153920
3,179.988,grad,26009521664
3,181.241,grad,26066284032
3,182.476,grad,26513239552
3,183.715,grad,26542738944
3,185.786,grad,26528058880
3,187.05,grad,26546933248
3,188.308,grad,26593300992
3,189.541,grad,26650063360
3,190.786,grad,27097018880
3,192.048,grad,27126518272
3,194.076,grad,27111838208
3,195.353,grad,27130712576
3,196.633,grad,27177080320
3,197.869,grad,27311437312
3,199.106,grad,27835987456
3,200.353,grad,27680937472
3,202.556,grad,27695617536
3,203.831,grad,27714491904
3,205.097,grad,27760859648
3,206.366,grad,27895216640
3,207.621,grad,28419766784
3,208.921,grad,28264733184
3,210.913,grad,28279396864
3,212.18,grad,28298271232
3,213.435,grad,28344638976
3,214.69,grad,28478995968
3,215.934,grad,28848356864
3,217.172,grad,28848496128
3,219.177,grad,28863176192
3,220.434,grad,28882050560
3,221.727,grad,28957778432
3,222.992,grad,29062775296
3,224.253,grad,29587325440
3,225.513,grad,29432291840
3,227.439,grad,29446955520
3,228.694,grad,29465829888
3,229.946,grad,29512197632
3,231.186,grad,29646554624
3,232.423,grad,30015915520
3,233.667,grad,30016062976
3,235.712,grad,30030734848
3,236.978,grad,30049609216
3,238.257,grad,30095976960
3,239.497,grad,30230333952
3,240.771,grad,30599694848
3,242.028,grad,30599842304
3,243.965,grad,30614514176
3,245.384,grad,30633388544
3,246.682,grad,30679756288
3,248.001,grad,30736518656
3,249.307,grad,31183474176
3,250.606,grad,31212965376
3,252.643,grad,31198293504
3,253.91,grad,31217167872
3,255.201,grad,31292895744
3,256.446,grad,31305617920
3,268.68,grad,31504978432
3,269.93,grad,31918379520
3,272.268,grad,31782072832
3,273.531,grad,31800947200
3,274.782,grad,31876806144
3,276.032,grad,32166352384
3,277.284,grad,32443307520
3,278.546,grad,34205050368
3,281.373,grad,34190371840
3,282.615,grad,33567518208
3,283.85,grad,33567518208
3,285.101,grad,33567518208
3,286.355,grad,32351177216
3,287.593,grad,32327420416
3,288.836,grad,32163187200
3,290.077,grad,31891999232
3,291.332,grad,31864465920
3,292.6,grad,31866432000
3,294.486,grad,31805384192
3,295.781,grad,31843132928
3,297.846,grad,31795127808
3,299.086,grad,31805122048
3,300.333,grad,31752029696
3,301.565,grad,31742985728
3,302.807,grad,31345976832
3,304.084,grad,31288944128
3,305.387,grad,31249916416
3,306.977,grad,31244673536
3,308.247,grad,31282291200
3,309.783,grad,31234417152
3,311.031,grad,31273771520
3,312.281,grad,31268913664
3,313.516,grad,31027085824
3,314.752,grad,30785257984
3,316.005,grad,30713553408
3,317.263,grad,30698642944
3,318.902,grad,30713323008
3,320.539,grad,30721711616
3,322.026,grad,30673706496
3,323.293,grad,30683717120
3,324.543,grad,30567693824
3,325.8,grad,30388780544
3,327.047,grad,30224555520
3,328.298,grad,30182202880
3,329.535,grad,30126397952
3,331.153,grad,30123252224
3,332.396,grad,30161132032
3,333.778,grad,30112995840
3,335.024,grad,30122990080
3,336.308,grad,30147492352
3,337.547,grad,29905664512
3,338.808,grad,29663836672
3,340.041,grad,29592132096
3,341.29,grad,29600290304
3,342.563,grad,29562541568
3,343.865,grad,29600290304
3,345.307,grad,29552285184
3,346.575,grad,29562279424
3,347.814,grad,29509187072
3,349.047,grad,29267359232
3,350.294,grad,29103150592
3,351.524,grad,29060781568
3,352.752,grad,29003928064
3,354.292,grad,29001830912
3,355.551,grad,29005763072
3,356.92,grad,28991574528
3,358.169,grad,29001568768
3,359.459,grad,28963287552
3,360.695,grad,28784374272
3,361.929,grad,28527866368
3,363.166,grad,28529693184
3,364.401,grad,28443348480
3,366.107,grad,28441251328
3,367.373,grad,28479131136
3,368.843,grad,28430994944
3,370.091,grad,28441013760
3,371.363,grad,28324982272
3,372.601,grad,28068605440
3,373.831,grad,28040695296
3,375.07,grad,27954302464
3,376.339,grad,27885914624
3,377.896,grad,27880671744
3,379.171,grad,27918158336
3,380.703,grad,27870415360
3,381.946,grad,27909761536
3,383.19,grad,27749722624
3,384.447,grad,27663215104
3,385.693,grad,27421387264
3,386.941,grad,27349682688
3,388.184,grad,27334772224
3,389.587,grad,27320092160
3,390.866,grad,27324024320
3,392.346,grad,27309835776
3,393.66,grad,27319830016
3,394.914,grad,27281417728
3,396.162,grad,26947446272
3,397.418,grad,26860824064
3,398.657,grad,26803783168
3,399.899,grad,26764755456
3,401.683,grad,26759512576
3,402.957,grad,26763706880
3,404.379,grad,26749256192
3,405.624,grad,26759250432
3,406.879,grad,26628563456
3,408.115,grad,26697245184
3,409.36,grad,26314908160
3,410.592,grad,26287243776
3,411.829,grad,26201030144
3,413.505,grad,26198932992
3,414.775,grad,26236681728
3,416.168,grad,26188676608
3,417.416,grad,26198670848
3,418.649,grad,26160258560
3,419.891,grad,25826156032
3,421.126,grad,25740312064
3,422.37,grad,25683279360
3,423.61,grad,25645300224
3,425.252,grad,25639008768
3,426.51,grad,25676888576
3,427.895,grad,25628752384
3,429.145,grad,25638746624
3,430.378,grad,25600334336
3,431.611,grad,25421421056
3,432.847,grad,25179609600
3,434.078,grad,25137248768
3,435.323,grad,25084589568
3,436.838,grad,25078298112
3,438.093,grad,25116177920
3,439.528,grad,25068041728
3,440.766,grad,25092716032
3,442.007,grad,25194944000
3,443.268,grad,24860841472
3,444.608,grad,24711288320
3,445.968,grad,24604325376
3,447.415,grad,24561989120
3,448.702,grad,24520864256
3,450.493,grad,24517718528
3,451.763,grad,24555205120
3,453.37,grad,24507462144
3,454.646,grad,24517456384
3,455.917,grad,24464364032
3,457.161,grad,24300261888
3,458.411,grad,24058442240
3,459.66,grad,24030769664
3,460.903,grad,23960284672
3,462.595,grad,23957138944
3,463.89,grad,23994887680
3,465.4,grad,23946882560
3,466.662,grad,23956876800
3,467.907,grad,23903784448
3,469.158,grad,23739682304
3,470.395,grad,23497870848
3,471.627,grad,23440829952
3,472.857,grad,23402850816
3,474.39,grad,23396559360
3,475.675,grad,23434308096
3,477.093,grad,23386302976
3,478.353,grad,23396297216
3,479.591,grad,23343204864
3,480.85,grad,23179102720
3,482.081,grad,22937405952
3,483.323,grad,22895061504
3,484.557,grad,22838208000
3,486.218,grad,22836110848
3,487.49,grad,22873990656
3,488.901,grad,22825854464
3,490.147,grad,22835848704
3,491.38,grad,22782756352
3,492.61,grad,22618523136
3,493.843,grad,22376703488
3,495.073,grad,22319670784
3,496.321,grad,22279594496
3,497.78,grad,22275400192
3,499.105,grad,22313148928
3,500.571,grad,22265143808
3,501.811,grad,22275138048
3,503.057,grad,22299640320
3,504.307,grad,22057943552
3,505.546,grad,21816140288
3,506.796,grad,21773771264
3,508.037,grad,21716917760
3,509.537,grad,21714820608
3,510.777,grad,21752700416
3,512.148,grad,21704564224
3,513.382,grad,21714558464
3,514.615,grad,21661466112
3,515.852,grad,21419769344
3,517.099,grad,21255552512
3,518.35,grad,21227871744
3,519.582,grad,21159483904
3,521.204,grad,21154241024
3,522.444,grad,21191858688
3,523.968,grad,21143984640
3,525.224,grad,21168658944
3,526.478,grad,21115697664
3,527.728,grad,20966144512
3,528.964,grad,20694956544
3,530.22,grad,20651825664
3,531.455,grad,20645796352
3,533.341,grad,20593661440
3,534.579,grad,20631279104
3,536.088,grad,20583405056
3,537.366,grad,20593423872
3,538.605,grad,20477392384
3,539.84,grad,20313290240
3,541.085,grad,20193097216
3,542.328,grad,20092032512
3,543.559,grad,20036227584
3,545.197,grad,20033081856
3,546.502,grad,20070830592
3,547.955,grad,20022825472
3,549.2,grad,20032819712
3,550.432,grad,19994407424
3,551.665,grad,19660435968
3,552.892,grad,19573805568
3,554.119,grad,19546132992
3,555.357,grad,19477745152
3,556.921,grad,19472502272
3,558.25,grad,19510251008
3,559.705,grad,19462245888
3,560.941,grad,19472240128
3,562.177,grad,19433827840
3,563.406,grad,19099856384
3,564.64,grad,19013234176
3,565.865,grad,18985553408
3,567.107,grad,18917165568
3,568.947,grad,18911922688
3,570.25,grad,18949671424
3,571.699,grad,18901666304
3,572.934,grad,18941020672
3,574.172,grad,18858568192
3,575.401,grad,18616740352
3,576.639,grad,18452670976
3,577.888,grad,18410293760
3,579.142,grad,18353440256
3,580.622,grad,18351343104
3,581.885,grad,18389091840
3,583.324,grad,18341086720
3,584.57,grad,18351080960
3,585.806,grad,18297988608
3,587.041,grad,18133755392
3,588.323,grad,17891952128
3,589.566,grad,17834903040
3,590.798,grad,17796923904
3,592.352,grad,17790632448
3,593.648,grad,17828381184
3,595.074,grad,17779458560
3,596.32,grad,17789460992
3,597.582,grad,17751958016
3,598.824,grad,17417855488
3,600.06,grad,17331225088
3,601.304,grad,17274192384
3,602.538,grad,17235295744
3,604.047,grad,17229004288
3,605.302,grad,17266753024
3,606.823,grad,17218518528
3,608.082,grad,17257152000
3,609.334,grad,17344929280
3,610.567,grad,17010695680
3,611.796,grad,16755236352
3,613.063,grad,16712793600
3,614.306,grad,16654170624
3,616.019,grad,16653908480
3,617.338,grad,16691788288
3,618.816,grad,16643652096
3,620.085,grad,16623827456
3,621.487,grad,16623827456
3,624.493,grad,16623826944
3,625.866,grad,16623826944
3,627.172,grad,16623826944
3,628.466,grad,16623826944
3,632.048,grad,16623826944
3,633.485,grad,16623826944
3,634.783,grad,16660264960
3,636.088,grad,16703387648
3,637.411,grad,16733927424
3,639.363,grad,16733927424
3,640.663,grad,16733943808
3,642.056,grad,16733943808
3,643.432,grad,16733943808
3,644.786,grad,16733943808
3,646.157,grad,16733943808
3,647.508,grad,16733943808
3,648.861,grad,16733943808
3,650.231,grad,16733943808
3,651.583,grad,16733943808
3,652.933,grad,16733943808
3,654.303,grad,16733943808
3,655.654,grad,16733943808
3,657.001,grad,16733943808
3,658.368,grad,16733943808
3,659.717,grad,16733943808
3,661.07,grad,16733943808
3,662.431,grad,16733943808
3,663.785,grad,16733943808
3,665.146,grad,16733943808
3,666.496,grad,16733943808
3,667.848,grad,16733943808
3,669.201,grad,16733943808
3,670.55,grad,16733943808
3,671.896,grad,16733943808
3,673.264,grad,16733943808
3,674.608,grad,16733943808
3,675.955,grad,16733943808
3,677.319,grad,16733943808
3,678.666,grad,16733943808
3,680.015,grad,16733943808
3,681.382,grad,16733943808
3,682.756,grad,16734578176
3,684.398,grad,16896372736
3,685.692,grad,16896372736
3,686.974,grad,16896372736
3,688.303,grad,16845124096
3,689.608,grad,16685169664
3,690.911,grad,16256433152
3,697.113,grad,16135322624
3,703.538,grad,16135339008
3,709.946,grad,16135339008
3,716.369,grad,16135339008
3,720.927,grad,16135339008
3,722.249,grad,16150418432
3,725.068,grad,16164965376
3,726.405,grad,16184298496
3,727.738,grad,16230895616
3,729.129,grad,16365481984
3,730.502,grad,16734842880
3,731.831,grad,16749678592
3,733.94,grad,16764571648
3,735.262,grad,16783904768
3,736.597,grad,16859894784
3,737.928,grad,16994251776
3,739.356,grad,17256657920
3,742.305,grad,17349186560
3,743.649,grad,17382626304
3,744.994,grad,17443674112
3,746.446,grad,17578031104
3,747.867,grad,17840437248
3,750.846,grad,17932965888
3,752.196,grad,17951725568
3,753.518,grad,17998093312
3,754.851,grad,18132450304
3,756.172,grad,18424216576
3,757.479,grad,18531318784
3,759.774,grad,18516630528
3,761.09,grad,18535504896
3,762.476,grad,18611232768
3,763.839,grad,18745589760
3,765.275,grad,19007995904
3,768.255,grad,19100524544
3,769.586,grad,19119284224
3,770.919,grad,19195012096
3,772.187,grad,19300008960
3,773.499,grad,19824559104
3,774.813,grad,19669517312
3,776.943,grad,19684303872
3,778.293,grad,19717743616
3,779.624,grad,19778791424
3,780.954,grad,19913148416
3,782.38,grad,20175554560
3,785.366,grad,20268083200
3,786.696,grad,20301522944
3,788.024,grad,20362701824
3,789.41,grad,20497058816
3,790.796,grad,20759333888
3,793.729,grad,20851747840
3,795.06,grad,20870622208
3,796.431,grad,20946350080
3,797.797,grad,21080707072
3,799.208,grad,21343113216
3,802.161,grad,21435527168
3,803.6,grad,21454401536
3,804.922,grad,21500769280
3,806.324,grad,21635126272
3,807.678,grad,21926892544
3,809.007,grad,22004642816
3,811.103,grad,22019306496
3,812.443,grad,22038180864
3,813.769,grad,22113908736
3,815.109,grad,22248265728
3,816.512,grad,22510671872
3,819.422,grad,22603200512
3,820.767,grad,22621960192
3,822.101,grad,22697688064
3,823.454,grad,22832045056
3,824.783,grad,23094451200
3,827.792,grad,23186979840
3,829.117,grad,23220419584
3,830.495,grad,23281598464
3,831.841,grad,23415955456
3,833.188,grad,23692910592
3,836.068,grad,23770759168
3,837.43,grad,23804198912
3,838.766,grad,23865377792
3,840.125,grad,23999734784
3,841.465,grad,24276689920
3,844.315,grad,24354538496
3,845.645,grad,24387978240
3,846.982,grad,24449157120
3,848.369,grad,24583514112
3,849.713,grad,24845789184
3,852.793,grad,24938317824
3,854.129,grad,24957077504
3,855.473,grad,25032805376
3,856.825,grad,25167162368
3,858.205,grad,25429568512
3,861.087,grad,25522097152
3,862.46,grad,25555536896
3,863.799,grad,25616715776
3,865.163,grad,25751072768
3,866.604,grad,26013347840
3,869.513,grad,26105876480
3,870.857,grad,26124636160
3,872.19,grad,26200364032
3,873.513,grad,26334721024
3,874.846,grad,26597127168
3,877.739,grad,26689655808
3,879.085,grad,26723095552
3,880.437,grad,26784274432
3,881.781,grad,26918631424
3,883.112,grad,27195586560
3,885.957,grad,27273435136
3,887.335,grad,27306874880
3,888.661,grad,27368053760
3,890.004,grad,27502410752
3,891.371,grad,27764685824
3,894.298,grad,27857214464
3,895.686,grad,27875974144
3,897.039,grad,27951702016
3,898.426,grad,28086059008
3,899.76,grad,28348465152
3,901.098,grad,28440887296
3,903.013,grad,28440879104
3,904.368,grad,28459753472
3,905.733,grad,28535481344
3,907.077,grad,28669838336
3,908.47,grad,28932244480
3,911.373,grad,29024773120
3,912.711,grad,29058212864
3,914.04,grad,29119391744
3,915.432,grad,29253748736
3,916.771,grad,29530703872
3,919.558,grad,29608552448
3,920.904,grad,29641992192
3,922.26,grad,29703171072
3,923.583,grad,29837528064
3,924.935,grad,30114483200
3,927.767,grad,30192331776
3,929.112,grad,30225771520
3,930.459,grad,30286950400
3,931.799,grad,30421307392
3,933.156,grad,30698262528
3,935.994,grad,30776111104
3,937.381,grad,30809550848
3,938.723,grad,30870729728
3,940.067,grad,31005086720
3,941.442,grad,31282041856
3,944.446,grad,31359890432
3,945.784,grad,31378650112
3,947.11,grad,31454509056
3,948.496,grad,31588866048
3,949.831,grad,31865821184
3,952.681,grad,31943669760
3,954.016,grad,31977109504
3,955.396,grad,32038288384
3,956.739,grad,32172645376
3,958.092,grad,32449600512
3,959.458,grad,32497970176
3,960.882,grad,34351870464
3,962.878,grad,34351854080
3,964.2,grad,33729000448
3,965.577,grad,33729000448
3,966.942,grad,33729000448
3,968.333,grad,33729000448
3,969.606,grad,32542003200
3,970.864,grad,32488902656
3,972.111,grad,32324669440
3,973.389,grad,32068161536
3,974.72,grad,32025948160
3,975.962,grad,31966866432
3,977.751,grad,31966866432
3,979.073,grad,32004615168
3,980.56,grad,31956610048
3,981.817,grad,31995964416
3,983.06,grad,31913511936
3,984.304,grad,31671684096
3,985.538,grad,31507475456
3,986.774,grad,31450426368
3,988.006,grad,31412447232
3,989.549,grad,31406155776
3,990.807,grad,31443904512
3,992.248,grad,31395899392
3,993.491,grad,31405918208
3,994.726,grad,31367481344
3,995.953,grad,31188568064
3,997.188,grad,30946756608
3,998.415,grad,30889715712
3,999.647,grad,30850688000
3,1001.261,grad,30845445120
3,1002.51,grad,30883193856
3,1004.302,grad,30835188736
3,1005.57,grad,30845182976
3,1006.81,grad,30869685248
3,1008.042,grad,30627857408
3,1009.291,grad,30386045952
3,1010.525,grad,30329005056
3,1011.771,grad,30291025920
3,1013.386,grad,30284734464
3,1014.648,grad,30322483200
3,1016.064,grad,30274478080
3,1017.311,grad,30284472320
3,1018.548,grad,30231379968
3,1019.784,grad,30067146752
3,1021.036,grad,29825327104
3,1022.292,grad,29782974464
3,1023.527,grad,29728218112
3,1025.107,grad,29724023808
3,1026.385,grad,29761772544
3,1027.781,grad,29713767424
3,1029.014,grad,29723761664
3,1030.27,grad,29670669312
3,1031.511,grad,29506436096
3,1032.743,grad,29264608256
3,1033.98,grad,29222263808
3,1035.229,grad,29169604608
3,1036.699,grad,29163313152
3,1037.965,grad,29201192960
3,1039.396,grad,29153056768
3,1040.64,grad,29192411136
3,1041.886,grad,29032364032
3,1043.117,grad,28945856512
3,1044.371,grad,28704045056
3,1045.602,grad,28661684224
3,1046.833,grad,28604830720
3,1048.535,grad,28602733568
3,1049.816,grad,28640482304
3,1051.26,grad,28592477184
3,1052.515,grad,28602471424
3,1053.752,grad,28564059136
3,1054.99,grad,28307682304
3,1056.24,grad,28143473664
3,1057.472,grad,28101104640
3,1058.702,grad,28048445440
3,1060.206,grad,28042153984
3,1061.456,grad,28080033792
3,1062.868,grad,28031897600
3,1064.12,grad,28041891840
3,1065.372,grad,27925884928
3,1066.611,grad,27824697344
3,1067.842,grad,27641597952
3,1069.074,grad,27555205120
3,1070.319,grad,27486817280
3,1071.9,grad,27481574400
3,1073.148,grad,27519454208
3,1074.59,grad,27471318016
3,1075.824,grad,27481312256
3,1077.062,grad,27428219904
3,1078.304,grad,27264117760
3,1079.534,grad,27022289920
3,1080.767,grad,26950585344
3,1082.009,grad,26957694976
3,1083.303,grad,26920994816
3,1084.6,grad,26958743552
3,1085.998,grad,26910738432
3,1087.252,grad,26925418496
3,1088.496,grad,26906044416
3,1089.77,grad,26872621056
3,1091.093,grad,26554116096
3,1092.368,grad,26447022080
3,1093.617,grad,26400491520
3,1094.85,grad,26360415232
3,1096.085,grad,26419266560
3,1097.516,grad,26349667328
3,1098.759,grad,26364904448
3,1099.995,grad,26330784768
3,1101.248,grad,26307060736
3,1102.491,grad,26148463616
3,1103.728,grad,25989858304
3,1104.959,grad,25830081536
3,1106.224,grad,25822511104
3,1107.5,grad,25800491008
3,1108.765,grad,25838370816
3,1110.172,grad,25790234624
3,1111.412,grad,25829588992
3,1112.662,grad,25824731136
3,1113.892,grad,25582903296
3,1115.125,grad,25341108224
3,1116.369,grad,25298731008
3,1117.604,grad,25243974656
3,1119.102,grad,25239780352
3,1120.382,grad,25277529088
3,1121.777,grad,25229523968
3,1123.026,grad,25239518208
3,1124.277,grad,25123511296
3,1125.515,grad,24944729088
3,1126.75,grad,24809856000
3,1127.982,grad,24738151424
3,1129.222,grad,24682346496
3,1130.985,grad,24679200768
3,1132.309,grad,24716949504
3,1133.698,grad,24668944384
3,1134.932,grad,24678963200
3,1136.173,grad,24562931712
3,1137.424,grad,24306554880
3,1138.655,grad,24219924480
3,1139.885,grad,24162891776
3,1141.118,grad,24122815488
3,1142.632,grad,24118621184
3,1143.938,grad,24156500992
3,1145.423,grad,24108364800
3,1146.659,grad,24147719168
3,1147.887,grad,24142861312
3,1149.114,grad,23901164544
3,1150.352,grad,23659344896
3,1151.583,grad,23602312192
3,1152.822,grad,23558041600
3,1154.268,grad,23558041600
3,1155.506,grad,23595921408
3,1156.878,grad,23547785216
3,1158.112,grad,23557779456
3,1159.351,grad,23504687104
3,1160.58,grad,23262990336
3,1161.808,grad,23098920960
3,1163.045,grad,23056543744
3,1164.287,grad,23003884544
3,1165.839,grad,22997593088
3,1167.098,grad,23001787392
3,1168.494,grad,22987336704
3,1169.729,grad,23026691072
3,1170.967,grad,22958918656
3,1172.227,grad,22717090816
3,1173.467,grad,22596897792
3,1174.706,grad,22495833088
3,1175.937,grad,22440028160
3,1177.559,grad,22436882432
3,1178.793,grad,22474762240
3,1180.179,grad,22426626048
3,1181.421,grad,22436620288
3,1182.671,grad,22461122560
3,1183.906,grad,22219425792
3,1185.153,grad,21977606144
3,1186.389,grad,21949933568
3,1187.618,grad,21881545728
3,1189.23,grad,21876302848
3,1190.488,grad,21914051584
3,1191.885,grad,21866046464
3,1193.145,grad,21905400832
3,1194.377,grad,21900542976
3,1195.606,grad,21503656960
3,1196.834,grad,21417026560
3,1198.066,grad,21359993856
3,1199.316,grad,21319917568
3,1200.849,grad,21315723264
3,1202.131,grad,21353472000
3,1203.588,grad,21305466880
3,1204.83,grad,21315485696
3,1206.069,grad,21354643456
3,1207.31,grad,21035352064
3,1208.542,grad,20885798912
3,1209.785,grad,20814094336
3,1211.047,grad,20758289408
3,1212.902,grad,20755143680
3,1214.19,grad,20792892416
3,1215.648,grad,20744887296
3,1216.891,grad,20754881536
3,1218.13,grad,20701789184
3,1219.369,grad,20382497792
3,1220.598,grad,20295867392
3,1221.832,grad,20238834688
3,1223.084,grad,20198758400
3,1224.657,grad,20194564096
3,1225.925,grad,20232181760
3,1227.44,grad,20184307712
3,1228.675,grad,20194301952
3,1229.93,grad,20141209600
3,1231.168,grad,19977107456
3,1232.403,grad,19735296000
3,1233.645,grad,19678255104
3,1234.876,grad,19638178816
3,1236.503,grad,19633984512
3,1237.741,grad,19671864320
3,1239.163,grad,19623728128
3,1240.396,grad,19633746944
3,1241.633,grad,19517715456
3,1242.88,grad,19338933248
3,1244.115,grad,19233420288
3,1245.354,grad,19132486656
3,1246.588,grad,19073405952
3,1248.424,grad,19073404928
3,1249.753,grad,19111153664
3,1251.221,grad,19063148544
3,1252.466,grad,19073142784
3,1253.724,grad,19030011904
3,1254.961,grad,18870759424
3,1256.153,grad,18735886336
3,1257.386,grad,18599432192
3,1258.616,grad,18552901632
3,1259.851,grad,18514922496
3,1261.214,grad,18572594176
3,1262.566,grad,18502077440
3,1263.852,grad,18517249024
3,1265.103,grad,18512563200
3,1266.353,grad,18396556288
3,1267.587,grad,18247134208
3,1268.818,grad,18053540864
3,1270.058,grad,18040556544
3,1271.302,grad,17954342912
3,1272.96,grad,17952245760
3,1274.261,grad,17989994496
3,1275.723,grad,17941071872
3,1276.98,grad,17951090688
3,1278.245,grad,17990248448
3,1279.49,grad,17749469184
3,1280.73,grad,17478281216
3,1281.964,grad,17449830400
3,1283.239,grad,17390945280
3,1284.984,grad,17390748672
3,1286.258,grad,17428366336
3,1287.762,grad,17380262912
3,1288.996,grad,17389560832
3,1290.24,grad,17273758720
3,1291.471,grad,17110574080
3,1292.715,grad,16930743296
3,1293.972,grad,16873849856
3,1295.251,grad,16815161344
3,1297.314,grad,16814735360
3,1298.585,grad,16852221952
3,1300.129,grad,16804478976
3,1301.391,grad,16784654336
3,1302.744,grad,16784654336
3,1306.384,grad,16784653824
3,1307.789,grad,16784653824
3,1309.205,grad,16784653824
3,1310.496,grad,16784653824
3,1313.645,grad,16784653824
3,1315.076,grad,16784653824
3,1316.4,grad,16820043264
3,1317.704,grad,16861330944
3,1319.009,grad,16894754304
3,1321.065,grad,16894754304
3,1322.403,grad,16894770688
3,1323.786,grad,16894770688
3,1325.149,grad,16894770688
3,1326.502,grad,16894770688
3,1327.85,grad,16894770688
3,1329.206,grad,16894770688
3,1330.561,grad,16894770688
3,1331.909,grad,16894770688
3,1333.276,grad,16894770688
3,1334.622,grad,16894770688
3,1335.969,grad,16894770688
3,1337.337,grad,16894770688
3,1338.681,grad,16894770688
3,1340.029,grad,16894770688
3,1341.392,grad,16894770688
3,1342.736,grad,16894770688
3,1344.083,grad,16894770688
3,1345.44,grad,16894770688
3,1346.787,grad,16894770688
3,1348.147,grad,16894770688
3,1349.49,grad,16894770688
3,1350.833,grad,16894770688
3,1352.183,grad,16894770688
3,1353.525,grad,16894770688
3,1354.869,grad,16894770688
3,1356.23,grad,16894770688
3,1357.573,grad,16894770688
3,1358.92,grad,16894770688
3,1360.283,grad,16894770688
3,1361.627,grad,16894770688
3,1362.999,grad,16895402496
3,1364.417,grad,17057199616
3,1365.792,grad,17057199616
3,1367.092,grad,17057199616
3,1368.43,grad,17057199616
3,1370.02,grad,16945218048
3,1371.379,grad,16546365952
3,1372.691,grad,16298017280
3,1374.014,grad,16330228224
3,1375.369,grad,16359916032
3,1376.673,grad,16391275008
3,1377.982,grad,16423518720
3,1379.334,grad,16454877696
3,1385.358,grad,16136241664
3,1391.766,grad,16136258048
3,1398.169,grad,16136258048
3,1404.551,grad,16136258048
3,1408.982,grad,16136258048
3,1410.321,grad,16151992832
3,1413.31,grad,16166916608
3,1414.62,grad,16186692096
3,1415.937,grad,16233321984
3,1417.333,grad,16290084352
3,1418.658,grad,16737039872
3,1420.038,grad,16751859200
3,1422.269,grad,16766539264
3,1423.587,grad,16785413632
3,1424.963,grad,16831781376
3,1426.336,grad,16966138368
3,1427.669,grad,17490688512
3,1428.999,grad,17335654912
3,1431.169,grad,17350318592
3,1432.49,grad,17369192960
3,1433.816,grad,17415560704
3,1435.155,grad,17549917696
3,1436.498,grad,17919278592
3,1437.822,grad,17919426048
3,1439.95,grad,17934097920
3,1441.27,grad,17952972288
3,1442.587,grad,18028700160
3,1443.896,grad,18133697024
3,1445.183,grad,18503057920
3,1446.537,grad,18532557312
3,1449.456,grad,18517991936
3,1450.795,grad,18536751616
3,1452.122,grad,18583119360
3,1453.451,grad,18717476352
3,1454.787,grad,19242026496
3,1456.106,grad,19086984704
3,1458.233,grad,19101656576
3,1459.543,grad,19120530944
3,1460.853,grad,19196258816
3,1462.168,grad,19301255680
3,1463.48,grad,19670616576
3,1464.792,grad,19670772224
3,1466.962,grad,19685550592
3,1468.318,grad,19704310272
3,1469.667,grad,19780038144
3,1471.029,grad,19914395136
3,1472.493,grad,20176801280
3,1475.441,grad,20269329920
3,1476.778,grad,20288089600
3,1478.103,grad,20363817472
3,1479.486,grad,20468814336
3,1480.821,grad,20760580608
3,1482.159,grad,20867682816
3,1484.234,grad,20852994560
3,1485.552,grad,20871868928
3,1486.865,grad,20947596800
3,1488.205,grad,21052593664
3,1489.544,grad,21344359936
3,1490.851,grad,21451462144
3,1492.875,grad,21436773888
3,1494.184,grad,21455648256
3,1495.491,grad,21531376128
3,1496.829,grad,21665733120
3,1498.199,grad,21928139264
3,1501.309,grad,22020667904
3,1502.642,grad,22039427584
3,1503.964,grad,22115155456
3,1505.337,grad,22249512448
3,1506.663,grad,22434323968
3,1507.983,grad,22648380928
3,1509.925,grad,22604332544
3,1511.254,grad,22623206912
3,1512.569,grad,22698934784
3,1513.884,grad,22833291776
3,1515.256,grad,23095697920
3,1518.221,grad,23188226560
3,1519.558,grad,23221666304
3,1520.9,grad,23282845184
3,1522.285,grad,23417202176
3,1523.617,grad,23679477248
3,1526.577,grad,23771891200
3,1527.907,grad,23790765568
3,1529.188,grad,23866493440
3,1530.508,grad,24000850432
3,1531.841,grad,24263256576
3,1533.166,grad,24355670528
3,1535.033,grad,24355670528
3,1536.395,grad,24374544896
3,1537.748,grad,24450272768
3,1539.103,grad,24584629760
3,1540.509,grad,24847035904
3,1543.427,grad,24939564544
3,1544.869,grad,24958324224
3,1546.258,grad,25004691968
3,1547.587,grad,25139048960
3,1548.901,grad,25430815232
3,1550.212,grad,25537917440
3,1552.261,grad,25523229184
3,1553.562,grad,25542103552
3,1554.871,grad,25617831424
3,1556.226,grad,25752188416
3,1557.602,grad,26014594560
3,1560.503,grad,26107123200
3,1561.843,grad,26125882880
3,1563.174,grad,26201741824
3,1564.53,grad,26336098816
3,1565.875,grad,26598373888
3,1568.789,grad,26690902528
3,1570.127,grad,26724342272
3,1571.477,grad,26785521152
3,1572.823,grad,26919878144
3,1574.175,grad,27196833280
3,1575.528,grad,27274567168
3,1577.286,grad,27274567168
3,1578.603,grad,27293441536
3,1579.933,grad,27369169408
3,1581.278,grad,27503526400
3,1582.637,grad,27765932544
3,1585.574,grad,27858346496
3,1586.916,grad,27877220864
3,1588.231,grad,27952948736
3,1589.592,grad,28087305728
3,1590.957,grad,28349711872
3,1594.083,grad,28442240512
3,1595.435,grad,28475680256
3,1596.769,grad,28536859136
3,1598.114,grad,28671216128
3,1599.478,grad,28933491200
3,1602.373,grad,29026019840
3,1603.712,grad,29059459584
3,1605.066,grad,29120638464
3,1606.436,grad,29254995456
3,1607.803,grad,29531950592
3,1610.653,grad,29609799168
3,1612.005,grad,29643238912
3,1613.482,grad,29704286720
3,1614.896,grad,29809283584
3,1616.224,grad,30178644480
3,1617.564,grad,30208152064
3,1619.663,grad,30193463808
3,1620.976,grad,30212338176
3,1622.377,grad,30258705920
3,1623.708,grad,30393062912
3,1625.06,grad,30917613056
3,1626.449,grad,30762571264
3,1628.581,grad,30777243136
3,1629.904,grad,30796117504
3,1631.193,grad,30842485248
3,1632.543,grad,30976842240
3,1633.908,grad,31346203136
3,1635.191,grad,31346334208
3,1637.454,grad,31361022464
3,1638.949,grad,31379896832
3,1640.37,grad,31426264576
3,1641.706,grad,31560621568
3,1643.041,grad,32085171712
3,1644.413,grad,31930138112
3,1646.547,grad,31944801792
3,1647.858,grad,31963676160
3,1649.192,grad,32010043904
3,1650.505,grad,32144400896
3,1651.829,grad,32513761792
3,1653.166,grad,32513909248
3,1654.482,grad,35612619776
3,1657.125,grad,33729329152
3,1658.447,grad,33729329664
3,1659.823,grad,33729329664
3,1661.204,grad,33729329664
3,1662.573,grad,33729329664
3,1663.89,grad,33121138176
3,1665.177,grad,32514004480
3,1666.511,grad,32325129728
3,1667.757,grad,32161682944
3,1669.073,grad,32055637504
3,1670.407,grad,32030004736
3,1671.651,grad,31968113152
3,1672.889,grad,32026833408
3,1674.39,grad,31957365248
3,1675.64,grad,31972536832
3,1676.898,grad,31997202944
3,1678.144,grad,31836246528
3,1679.38,grad,31749607936
3,1680.612,grad,31507804672
3,1681.843,grad,31451673088
3,1683.073,grad,31408582144
3,1684.586,grad,31406484992
3,1685.855,grad,31444364800
3,1687.287,grad,31396228608
3,1688.525,grad,31406222848
3,1689.755,grad,31367810560
3,1690.984,grad,31033708032
3,1692.233,grad,30947077632
3,1693.466,grad,30890962432
3,1694.695,grad,30852983296
3,1696.295,grad,30845774336
3,1697.563,grad,30883523072
3,1699.017,grad,30835517952
3,1700.271,grad,30845512192
3,1701.52,grad,30807230976
3,1702.757,grad,30628186624
3,1704.008,grad,30372596224
3,1705.281,grad,30372719104
3,1706.536,grad,30335625728
3,1708.503,grad,30285063680
3,1709.744,grad,30322681344
3,1711.276,grad,30274807296
3,1712.516,grad,30284801536
3,1713.748,grad,30231709184
3,1714.98,grad,30067475968
3,1716.274,grad,29825648128
3,1717.517,grad,29784221184
3,1718.756,grad,29724353024
3,1720.269,grad,29724353024
3,1721.512,grad,29762101760
3,1722.921,grad,29714096640
3,1724.164,grad,29724090880
3,1725.402,grad,29670998528
3,1726.649,grad,29506765312
3,1727.883,grad,29264937472
3,1729.119,grad,29208830464
3,1730.362,grad,29168754176
3,1731.8,grad,29164559872
3,1733.355,grad,29153811968
3,1734.594,grad,29168983552
3,1735.843,grad,29223009792
3,1737.094,grad,29110287872
3,1738.427,grad,28951952896
3,1739.66,grad,28792430080
3,1740.892,grad,28632653312
3,1742.124,grad,28640680448
3,1743.625,grad,28603062784
3,1744.927,grad,28640811520
3,1746.392,grad,28592806400
3,1747.675,grad,28632160768
3,1748.937,grad,28628220416
3,1750.178,grad,28386523648
3,1751.411,grad,28144712192
3,1752.647,grad,28087671296
3,1753.879,grad,28048774656
3,1755.435,grad,28042483200
3,1756.694,grad,28046546432
3,1758.075,grad,28032226816
3,1759.328,grad,28042245632
3,1760.565,grad,28081403392
3,1761.798,grad,27776660992
3,1763.033,grad,27642574336
3,1764.286,grad,27571000832
3,1765.538,grad,27482558976
3,1767.325,grad,27482558976
3,1768.577,grad,27520438784
3,1770.016,grad,27472302592
3,1771.278,grad,27482296832
3,1772.508,grad,27429204480
3,1773.737,grad,27266019840
3,1774.966,grad,27024192000
3,1776.205,grad,26981847552
3,1777.45,grad,26922896896
3,1778.859,grad,26922896896
3,1780.156,grad,26960645632
3,1781.586,grad,26912640512
3,1782.824,grad,26937314816
3,1784.076,grad,27039673856
3,1785.329,grad,26734800384
3,1786.57,grad,26478292480
3,1787.854,grad,26421399040
3,1789.087,grad,26364414464
3,1790.809,grad,26362317312
3,1792.048,grad,26400066048
3,1793.463,grad,26352060928
3,1794.696,grad,26362055168
3,1795.935,grad,26386688512
3,1797.185,grad,26144860672
3,1798.425,grad,25903032832
3,1799.679,grad,25860688384
3,1800.909,grad,25803834880
3,1802.394,grad,25801737728
3,1803.632,grad,25839486464
3,1805.008,grad,25791481344
3,1806.276,grad,25801475584
3,1807.521,grad,25748514304
3,1808.752,grad,25584281088
3,1809.984,grad,25342486016
3,1811.23,grad,25285428736
3,1812.458,grad,25245352448
3,1813.937,grad,25241158144
3,1815.19,grad,25279037952
3,1816.556,grad,25230901760
3,1817.804,grad,25240896000
3,1819.039,grad,25187934720
3,1820.282,grad,24868512256
3,1821.509,grad,24781881856
3,1822.735,grad,24724849152
3,1823.966,grad,24686870016
3,1825.749,grad,24680578560
3,1827.325,grad,24669830656
3,1828.59,grad,24685002240
3,1829.826,grad,24797748736
3,1831.061,grad,24627355136
3,1832.303,grad,24463121920
3,1833.531,grad,24250646016
3,1834.758,grad,24149589504
3,1835.984,grad,24156699136
3,1837.334,grad,24119998976
3,1838.579,grad,24123931136
3,1839.933,grad,24109742592
3,1841.178,grad,24119761408
3,1842.41,grad,24003860992
3,1843.638,grad,23902542336
3,1844.865,grad,23660722688
3,1846.102,grad,23633050112
3,1847.373,grad,23564662272
3,1848.975,grad,23559419392
3,1850.231,grad,23597299200
3,1851.658,grad,23549163008
3,1852.898,grad,23559157248
3,1854.142,grad,23506195968
3,1855.374,grad,23341962752
3,1856.614,grad,23100134912
3,1857.858,grad,23057790464
3,1859.091,grad,23003034112
3,1860.566,grad,22998839808
3,1861.835,grad,23036588544
3,1863.292,grad,22988583424
3,1864.531,grad,23013257728
3,1865.821,grad,22960427520
3,1867.07,grad,22781383168
3,1868.346,grad,22524875264
3,1869.587,grad,22497341952
3,1870.819,grad,22438260224
3,1872.584,grad,22438260224
3,1873.851,grad,22476140032
3,1875.27,grad,22428003840
3,1876.51,grad,22437998080
3,1877.759,grad,22385036800
3,1878.999,grad,22220803584
3,1880.245,grad,21979008512
3,1881.476,grad,21951311360
3,1882.702,grad,21882923520
3,1884.33,grad,21877680640
3,1885.612,grad,21915429376
3,1887.023,grad,21867424256
3,1888.308,grad,21877451264
3,1889.549,grad,21761542656
3,1890.781,grad,21597309440
3,1892.014,grad,21433076224
3,1893.257,grad,21405542912
3,1894.486,grad,21319198208
3,1896.147,grad,21317101056
3,1897.41,grad,21354980864
3,1898.808,grad,21306844672
3,1900.045,grad,21316838912
3,1901.287,grad,21200963072
3,1902.516,grad,21099644416
3,1903.748,grad,20916536832
3,1904.984,grad,20815472128
3,1906.247,grad,20759667200
3,1908.081,grad,20756521472
3,1909.396,grad,20794270208
3,1910.801,grad,20746265088
3,1912.041,grad,20756292096
3,1913.296,grad,20640383488
3,1914.529,grad,20461470208
3,1915.769,grad,20355957248
3,1917.006,grad,20254892544
3,1918.282,grad,20199087616
3,1919.925,grad,20195941888
3,1921.253,grad,20233690624
3,1922.667,grad,20185685504
3,1923.904,grad,20195679744
3,1925.144,grad,20157398528
3,1926.372,grad,19823296000
3,1927.603,grad,19736673792
3,1928.845,grad,19679632896
3,1930.08,grad,19639556608
3,1931.707,grad,19635362304
3,1932.947,grad,19673242112
3,1934.365,grad,19625105920
3,1935.601,grad,19635100160
3,1936.833,grad,19582138880
3,1938.096,grad,19340311040
3,1939.353,grad,19176094208
3,1940.586,grad,19119053312
3,1941.817,grad,19077928448
3,1943.563,grad,19074782720
3,1944.861,grad,19112531456
3,1946.474,grad,19064526336
3,1947.739,grad,19074520576
3,1949.004,grad,19031389696
3,1950.27,grad,18872137216
3,1951.51,grad,18707772928
3,1952.818,grad,18601727488
3,1954.05,grad,18559522304
3,1955.303,grad,18516300288
3,1956.537,grad,18573971968
3,1957.945,grad,18503455232
3,1959.166,grad,18503946752
3,1960.416,grad,18513940992
3,1961.656,grad,18398065152
3,1962.893,grad,18233831936
3,1964.124,grad,18054918656
3,1965.37,grad,18012705280
3,1966.6,grad,17953623552
3,1968.427,grad,17953623552
3,1969.732,grad,17991372288
3,1971.195,grad,17943367168
3,1972.436,grad,17953369600
3,1973.675,grad,17914949120
3,1974.911,grad,17750715904
3,1976.168,grad,17508888064
3,1977.404,grad,17481354752
3,1978.649,grad,17395010048
3,1980.364,grad,17392912896
3,1981.704,grad,17430661632
3,1983.214,grad,17382656512
3,1984.46,grad,17392675328
3,1985.708,grad,17354238464
3,1986.946,grad,17190005248
3,1988.192,grad,16918817280
3,1989.491,grad,16876603904
3,1990.732,grad,16816244224
3,1993.205,grad,16816997888
3,1994.481,grad,16854877696
3,1995.91,grad,16806741504
3,1997.171,grad,16786359808
3,1998.522,grad,16786359808
3,1999.889,grad,16786359808
3,2002.685,grad,16786359296
3,2004.024,grad,16786359296
3,2005.378,grad,16786359296
3,2006.681,grad,16786359296
3,2010.056,grad,16786359296
3,2011.526,grad,16786359296
3,2012.827,grad,16822666240
3,2014.149,grad,16862118912
3,2015.448,grad,16896459776
3,2017.522,grad,16896459776
3,2018.823,grad,16896476160
3,2020.169,grad,16896476160
3,2021.525,grad,16896476160
3,2022.88,grad,16896476160
3,2024.253,grad,16896476160
3,2025.613,grad,16896476160
3,2026.97,grad,16896476160
3,2028.335,grad,16896476160
3,2029.683,grad,16896476160
3,2031.03,grad,16896476160
3,2032.396,grad,16896476160
3,2033.745,grad,16896476160
3,2035.093,grad,16896476160
3,2036.452,grad,16896476160
3,2037.796,grad,16896476160
3,2039.145,grad,16896476160
3,2040.49,grad,16896476160
3,2041.835,grad,16896476160
3,2043.189,grad,16896476160
3,2044.537,grad,16896476160
3,2045.883,grad,16896476160
3,2047.246,grad,16896476160
3,2048.591,grad,16896476160
3,2049.935,grad,16896476160
3,2051.297,grad,16896476160
3,2052.643,grad,16896476160
3,2053.991,grad,16896476160
3,2055.355,grad,16896476160
3,2056.698,grad,16896476160
3,2058.044,grad,16896476160
3,2059.469,grad,17058905088
3,2060.766,grad,17058905088
3,2062.054,grad,17058905088
3,2063.375,grad,17058905088
3,2064.677,grad,16971349504
3,2065.986,grad,16814802944
3,2067.324,grad,16413984768
3,2068.632,grad,16308176896
3,2069.932,grad,16339470336
3,2071.18,grad,16369551360
3,2072.47,grad,16401762304
3,2073.771,grad,16431745024
3,2075.071,grad,16459630592
3,2076.403,grad,16333178880
3,2082.464,grad,16136734720
3,2088.869,grad,16136747008
3,2095.271,grad,16136747008
3,2101.665,grad,16136747008
3,2106.397,grad,16136747008
3,2107.817,grad,16147894272
3,2110.961,grad,16159148032
3,2112.428,grad,16174172160
3,2113.824,grad,16197938176
3,2115.277,grad,16250536960
3,2116.624,grad,16469361664
3,2118.025,grad,16574841856
3,2120.628,grad,16608402432
3,2121.993,grad,16623475712
3,2123.368,grad,16647241728
3,2124.806,grad,16700430336
3,2126.169,grad,17035646976
3,2127.526,grad,17057765376
3,2129.947,grad,17047400448
3,2131.325,grad,17062359040
3,2132.66,grad,17086649344
3,2134.078,grad,17139837952
3,2135.441,grad,17358662656
3,2136.775,grad,17453132800
3,2139.25,grad,17486808064
3,2140.583,grad,17501766656
3,2141.925,grad,17536542720
3,2143.293,grad,17578721280
3,2144.617,grad,17797545984
3,2145.949,grad,17925046272
3,2148.675,grad,17925052416
3,2150.006,grad,17940125696
3,2151.384,grad,17974901760
3,2152.789,grad,18017080320
3,2154.158,grad,18352296960
3,2155.482,grad,18374415360
3,2157.731,grad,18363411456
3,2159.061,grad,18378484736
3,2160.416,grad,18413260800
3,2161.768,grad,18455439360
3,2163.152,grad,18790656000
3,2164.493,grad,18812780544
3,2166.758,grad,18801770496
3,2168.08,grad,18816942080
3,2169.446,grad,18851718144
3,2170.789,grad,18893896704
3,2172.12,grad,19229113344
3,2173.489,grad,19251231744
3,2175.763,grad,19240227840
3,2177.087,grad,19255759872
3,2178.446,grad,19291584512
3,2179.782,grad,19333763072
3,2181.116,grad,19668979712
3,2182.479,grad,19691098112
3,2184.817,grad,19680208896
3,2186.159,grad,19694643200
3,2187.527,grad,19729419264
3,2188.842,grad,19830187008
3,2190.181,grad,20223599616
3,2191.511,grad,20107312128
3,2193.736,grad,20118436864
3,2195.262,grad,20132477952
3,2196.588,grad,20167254016
3,2197.931,grad,20209825792
3,2199.282,grad,20545042432
3,2200.623,grad,20567160832
3,2202.927,grad,20556271616
3,2204.288,grad,20571361280
3,2205.615,grad,20629206016
3,2206.995,grad,20707953664
3,2208.37,grad,21101366272
3,2209.709,grad,20985084928
3,2211.917,grad,20996203520
3,2213.278,grad,21010244608
3,2214.6,grad,21067040768
3,2215.98,grad,21145788416
3,2217.348,grad,21364613120
3,2218.67,grad,21422925824
3,2220.826,grad,21433923584
3,2222.159,grad,21448079360
3,2223.474,grad,21482855424
3,2224.794,grad,21583623168
3,2226.131,grad,21977035776
3,2227.461,grad,21860760576
3,2229.553,grad,21871758336
3,2230.86,grad,21886962688
3,2232.215,grad,21922787328
3,2233.529,grad,22023555072
3,2234.848,grad,22300575744
3,2236.17,grad,22300686336
3,2238.316,grad,22311690240
3,2239.624,grad,22325846016
3,2240.94,grad,22382642176
3,2242.294,grad,22461389824
3,2243.611,grad,22854802432
3,2244.928,grad,22738521088
3,2247.271,grad,22749524992
3,2248.578,grad,22763680768
3,2249.893,grad,22798456832
3,2251.212,grad,22899224576
3,2252.538,grad,23176245248
3,2253.854,grad,23176355840
3,2256.021,grad,23187359744
3,2257.359,grad,23202564096
3,2258.676,grad,23260408832
3,2260.06,grad,23339156480
3,2261.418,grad,23732569088
3,2262.747,grad,23616293888
3,2264.9,grad,23627406336
3,2266.254,grad,23641447424
3,2267.572,grad,23698243584
3,2268.956,grad,23776991232
3,2270.328,grad,23995815936
3,2271.657,grad,24076142592
3,2273.729,grad,24065126400
3,2275.056,grad,24079282176
3,2276.409,grad,24136078336
3,2277.786,grad,24214825984
3,2279.104,grad,24433650688
3,2280.463,grad,24513977344
3,2282.521,grad,24502961152
3,2283.83,grad,24518165504
3,2285.16,grad,24553990144
3,2286.477,grad,24654757888
3,2287.813,grad,25048170496
3,2289.156,grad,24931895296
3,2291.275,grad,24942893056
3,2292.724,grad,24957048832
3,2294.102,grad,24991824896
3,2295.444,grad,25092592640
3,2296.788,grad,25369613312
3,2298.119,grad,25369730048
3,2300.274,grad,25380727808
3,2301.592,grad,25394883584
3,2302.958,grad,25451679744
3,2304.33,grad,25552447488
3,2305.701,grad,25749252096
3,2307.023,grad,25807558656
3,2309.167,grad,25818562560
3,2310.497,grad,25833766912
3,2311.826,grad,25891611648
3,2313.193,grad,25970359296
3,2314.509,grad,26363771904
3,2315.821,grad,26247496704
3,2317.934,grad,26258609152
3,2319.264,grad,26272650240
3,2320.61,grad,26329446400
3,2321.977,grad,26430214144
3,2323.451,grad,26627018752
3,2326.419,grad,26696443904
3,2327.749,grad,26710484992
3,2329.152,grad,26745261056
3,2330.465,grad,26846028800
3,2331.809,grad,27123049472
3,2333.125,grad,27123160064
3,2335.309,grad,27134163968
3,2336.624,grad,27149368320
3,2337.941,grad,27185192960
3,2339.285,grad,27285960704
3,2340.651,grad,27562981376
3,2341.973,grad,27563085824
3,2344.456,grad,27574095872
3,2345.784,grad,27588251648
3,2347.113,grad,27623027712
3,2348.471,grad,27723795456
3,2349.821,grad,28000816128
3,2351.162,grad,28000932864
3,2353.326,grad,28011930624
3,2354.643,grad,28026086400
3,2355.956,grad,28082882560
3,2357.33,grad,28161630208
3,2358.658,grad,28438650880
3,2359.972,grad,28460781568
3,2361.323,grad,30763476992
3,2363.884,grad,29818154496
3,2365.214,grad,29351014400
3,2366.578,grad,29351014400
3,2367.94,grad,29351014400
3,2369.333,grad,29351014400
3,2370.692,grad,31219595264
3,2371.965,grad,28438733824
3,2373.23,grad,28414125056
3,2374.472,grad,28291048448
3,2375.712,grad,28194016256
3,2376.95,grad,28052163584
3,2378.187,grad,28052514816
3,2379.607,grad,28029970432
3,2380.896,grad,28058281984
3,2382.456,grad,28022401024
3,2383.718,grad,28029798400
3,2384.953,grad,28000964608
3,2386.218,grad,27877789696
3,2387.452,grad,27696418816
3,2388.681,grad,27675768832
3,2389.911,grad,27611010048
3,2391.615,grad,27609437184
3,2392.871,grad,27637748736
3,2394.343,grad,27601867776
3,2395.579,grad,27609265152
3,2396.807,grad,27522235392
3,2398.043,grad,27388050432
3,2399.282,grad,27286895616
3,2400.507,grad,27255235584
3,2401.739,grad,27191296000
3,2403.411,grad,27187363840
3,2404.65,grad,27216625664
3,2407.275,grad,27179794432
3,2408.537,grad,27186610176
3,2409.769,grad,27158358016
3,2411.002,grad,26907781120
3,2412.28,grad,26864828416
3,2413.538,grad,26822053888
3,2414.78,grad,26772106240
3,2416.4,grad,26766830592
3,2417.641,grad,26794257408
3,2419.283,grad,26759261184
3,2420.519,grad,26766658560
3,2421.775,grad,26679628800
3,2423.051,grad,26487247872
3,2424.397,grad,26466315264
3,2425.661,grad,26412628992
3,2426.902,grad,26350229504
3,2428.538,grad,26346297344
3,2429.862,grad,26374707200
3,2431.417,grad,26338727936
3,2432.741,grad,26346100736
3,2434.047,grad,26306281472
3,2435.307,grad,26183106560
3,2436.584,grad,26045782016
3,2437.89,grad,25980987392
3,2439.168,grad,25928942592
3,2440.756,grad,25923666944
3,2442.024,grad,25953125376
3,2443.536,grad,25916097536
3,2444.854,grad,25923470336
3,2446.117,grad,25837022208
3,2447.395,grad,25761033216
3,2448.652,grad,25623702528
3,2449.89,grad,25547904000
3,2451.146,grad,25506836480
3,2453.01,grad,25503690752
3,2454.296,grad,25532100608
3,2455.74,grad,25496121344
3,2456.976,grad,25503494144
3,2458.229,grad,25416488960
3,2459.458,grad,25340499968
3,2460.688,grad,25203169280
3,2461.922,grad,25127370752
3,2463.173,grad,25087876096
3,2464.696,grad,25083157504
3,2465.938,grad,25111960576
3,2467.503,grad,25075588096
3,2468.74,grad,25082960896
3,2469.976,grad,25043141632
3,2471.221,grad,24919966720
3,2472.481,grad,24782642176
3,2473.722,grad,24717847552
3,2474.954,grad,24663672832
3,2476.501,grad,24660527104
3,2477.744,grad,24689985536
3,2479.147,grad,24652957696
3,2480.385,grad,24660330496
3,2481.618,grad,24573882368
3,2482.882,grad,24381501440
3,2484.123,grad,24316534784
3,2485.362,grad,24273754112
3,2486.597,grad,24243696640
3,2488.074,grad,24240550912
3,2489.364,grad,24268862464
3,2490.882,grad,24232981504
3,2492.146,grad,24229344256
3,2493.452,grad,24211643392
3,2494.7,grad,24099380224
3,2495.948,grad,23895989248
3,2497.189,grad,23863641088
3,2498.439,grad,23820017664
3,2500.383,grad,23820017664
3,2501.685,grad,23848230912
3,2503.264,grad,23812448256
3,2504.515,grad,23819821056
3,2505.761,grad,23791011840
3,2506.995,grad,23656826880
3,2508.262,grad,23519496192
3,2509.573,grad,23443697664
3,2510.825,grad,23400532992
3,2512.455,grad,23397387264
3,2513.727,grad,23426747392
3,2515.131,grad,23389817856
3,2516.378,grad,23397190656
3,2517.612,grad,23310742528
3,2518.844,grad,23234753536
3,2520.078,grad,23053388800
3,2521.315,grad,23032634368
3,2522.547,grad,22982129664
3,2524.098,grad,22977411072
3,2525.38,grad,23005722624
3,2526.778,grad,22969841664
3,2528.015,grad,22977232896
3,2529.265,grad,22890209280
3,2530.497,grad,22756024320
3,2531.734,grad,22676889600
3,2532.996,grad,22623111168
3,2534.264,grad,22560809984
3,2536.04,grad,22556877824
3,2537.314,grad,22585091072
3,2538.815,grad,22549308416
3,2540.061,grad,22556681216
3,2541.301,grad,22516861952
3,2542.558,grad,22335491072
3,2543.807,grad,22212328448
3,2545.058,grad,22191567872
3,2546.308,grad,22137393152
3,2547.86,grad,22134247424
3,2549.202,grad,22163607552
3,2550.605,grad,22126678016
3,2551.851,grad,22134050816
3,2553.088,grad,22047602688
3,2554.339,grad,21924427776
3,2555.568,grad,21801252864
3,2556.796,grad,21780602880
3,2558.026,grad,21715844096
3,2559.793,grad,21714271232
3,2561.08,grad,21742582784
3,2562.528,grad,21706701824
3,2563.789,grad,21714093056
3,2565.042,grad,21743461376
3,2566.349,grad,21562090496
3,2567.701,grad,21369709568
3,2569.014,grad,21337361408
3,2570.325,grad,21344242688
3,2572.396,grad,21293737984
3,2573.72,grad,21321852928
3,2575.381,grad,21286168576
3,2576.633,grad,21293541376
3,2577.887,grad,21261193216
3,2579.203,grad,21141655552
3,2580.447,grad,21029392384
3,2581.712,grad,20938848256
3,2582.963,grad,20924291072
3,2584.332,grad,20872680448
3,2585.632,grad,20915246080
3,2587.15,grad,20863046656
3,2588.397,grad,20874548224
3,2589.646,grad,20870910976
3,2590.904,grad,20784462848
3,2592.156,grad,20661287936
3,2593.409,grad,20527102976
3,2594.744,grad,20494754816
3,2596.015,grad,20462142464
3,2597.889,grad,20451131392
3,2599.147,grad,20479246336
3,2600.773,grad,20443561984
3,2602.024,grad,20450934784
3,2603.292,grad,20422125568
3,2604.555,grad,20240754688
3,2605.796,grad,20095559680
3,2607.032,grad,20074909696
3,2608.284,grad,20031777792
3,2610.105,grad,20030204928
3,2611.367,grad,20058418176
3,2612.892,grad,20022635520
3,2614.171,grad,20030020608
3,2615.432,grad,20001199104
3,2616.691,grad,19878024192
3,2617.931,grad,19685643264
3,2619.176,grad,19653295104
3,2620.436,grad,19621379072
3,2622.706,grad,19607640064
3,2624.023,grad,19636246528
3,2625.715,grad,19600070656
3,2626.976,grad,19607461888
3,2628.248,grad,19695124480
3,2629.522,grad,19456016384
3,2630.786,grad,19321831424
3,2632.023,grad,19231287296
3,2633.299,grad,19198052352
3,2635.464,grad,19209061376
3,2636.842,grad,19215254528
3,2638.556,grad,19179471872
3,2639.869,grad,19186863104
3,2641.194,grad,19158035456
3,2642.549,grad,19045968896
3,2643.875,grad,18889763840
3,2645.283,grad,18832249856
3,2646.623,grad,18798269440
3,2647.949,grad,18766082048
3,2649.322,grad,18788102144
3,2650.67,grad,18794917888
3,2652.403,grad,18758512640
3,2653.727,grad,18765903872
3,2655.05,grad,18737207296
3,2656.419,grad,18625042432
3,2657.759,grad,18468935680
3,2659.114,grad,18411421696
3,2660.467,grad,18377408512
3,2661.799,grad,18345253888
3,2663.153,grad,18367339520
3,2664.482,grad,18374056960
3,2666.269,grad,18337750016
3,2667.587,grad,18334047232
3,2668.913,grad,18312709120
3,2670.377,grad,18193204224
3,2671.715,grad,18092049408
3,2673.048,grad,18011728896
3,2674.417,grad,17966468096
3,2675.762,grad,17957259264
3,2677.248,grad,17924360192
3,2678.579,grad,17953687552
3,2680.378,grad,17916266496
3,2681.701,grad,17923526656
3,2683.022,grad,17894731776
3,2684.389,grad,17782665216
3,2685.719,grad,17637470208
3,2687.157,grad,17568946176
3,2688.486,grad,17538635776
3,2689.812,grad,17503958016
3,2691.129,grad,17546425344
3,2692.462,grad,17531122688
3,2694.166,grad,17494291456
3,2695.479,grad,17501545472
3,2696.804,grad,17472756736
3,2698.118,grad,17360591872
3,2699.457,grad,17215495168
3,2700.862,grad,17146971136
3,2702.191,grad,17125073920
3,2703.507,grad,17080868864
3,2704.85,grad,17125007360
3,2706.453,grad,17072283648
3,2707.772,grad,17083785216
3,2709.091,grad,17080082432
3,2710.433,grad,16993110016
3,2711.773,grad,16869935104
3,2713.091,grad,16735750144
3,2714.44,grad,16692391936
3,2715.786,grad,16674238464
3,2717.997,grad,16648637440
3,2719.364,grad,16677243904
3,2721.024,grad,16641068032
3,2722.371,grad,16626289664
3,2723.652,grad,16626289664
3,2724.905,grad,16626289664
3,2727.883,grad,16626289152
3,2729.19,grad,16626289152
3,2730.566,grad,16626289152
3,2734.553,grad,16626289152
3,2735.881,grad,16626289152
3,2737.143,grad,16655780352
3,2738.391,grad,16689007104
3,2739.673,grad,16708864512
3,2741.35,grad,16708864512
3,2742.693,grad,16709350912
3,2744.007,grad,16871070208
3,2745.312,grad,16871070208
3,2747.07,grad,16871070208
3,2748.326,grad,16831257600
3,2749.572,grad,16692055552
3,2750.828,grad,16372862464
3,2752.09,grad,16312897024
3,2753.34,grad,16347500032
3,2754.576,grad,16382103040
3,2755.825,grad,16417197568
3,2757.06,grad,16451931648
3,2758.306,grad,16366341632
3,2759.59,grad,16136115712
3,2760.86,grad,16150887936
3,2762.198,grad,16178642432
3,2763.462,grad,16209739264
3,2764.712,grad,16240246272
3,2766.007,grad,16269082112
3,2767.278,grad,16298180096
3,2768.51,grad,16166059520
3,2769.757,grad,16123886592
3,2771.019,grad,15983049728
3,2772.3,noise,15974626304
3,2773.56,noise,15974626304
3,2774.792,noise,15975838720
3,2776.038,noise,15976297472
3,2777.282,noise,15976297472
3,2778.538,noise,15977509888
3,2779.77,noise,15977870336
3,2781.0,noise,15977870336
3,2782.24,noise,15979770880
3,2783.47,noise,15979574272
3,2784.707,noise,15980033024
3,2785.958,noise,15980524544
3,2787.195,noise,15980524544
3,2788.426,noise,15981736960
3,2789.664,noise,15982195712
3,2790.887,noise,15982195712
3,2792.149,noise,15983997952
3,2793.379,noise,15983768576
3,2794.613,noise,15987405824
3,2795.873,noise,15985243136
3,2797.127,noise,15985701888
3,2798.384,noise,15986160640
3,2799.615,noise,15986422784
3,2800.842,noise,15987635200
3,2802.079,noise,15987864576
3,2803.353,noise,15988093952
3,2804.585,noise,15989306368
3,2805.832,noise,15989535744
3,2807.069,noise,15989535744
3,2808.338,noise,15990977536
3,2809.568,noise,15991469056
3,2810.818,noise,15992157184
3,2812.05,noise,15992189952
3,2813.286,noise,15992189952
3,2814.515,noise,15993631744
3,2815.761,noise,15993861120
3,2816.997,noise,15993861120
3,2818.242,noise,15995302912
3,2819.469,noise,15995302912
3,2820.69,noise,15996515328
3,2821.913,noise,15997006848
3,2823.144,noise,15997465600
3,2824.376,noise,15997957120
3,2825.639,noise,15997957120
3,2826.889,noise,15999169536
3,2828.13,noise,15999628288
3,2829.368,noise,15999628288
3,2830.61,noise,16001299456
3,2831.841,noise,16001070080
3,2833.066,noise,16004707328
3,2834.303,noise,16002544640
3,2835.536,noise,16003003392
3,2836.781,noise,16003462144
3,2838.015,noise,16003724288
3,2839.26,noise,16004936704
3,2840.489,noise,16005166080
3,2841.717,noise,16005395456
3,2842.941,noise,16006607872
3,2844.172,noise,16006837248
3,2845.401,noise,16006837248
3,2846.668,noise,16008279040
3,2847.899,noise,16008770560
3,2849.141,noise,16009229312
3,2850.372,noise,16009491456
3,2851.599,noise,16009491456
3,2852.821,noise,16010933248
3,2854.053,noise,16011162624
3,2855.292,noise,16011162624
3,2856.537,noise,16012604416
3,2857.761,noise,16012604416
3,2858.99,noise,16013816832
3,2860.236,noise,16014308352
3,2861.464,noise,16014767104
3,2862.693,noise,16015258624
3,2863.921,noise,16015258624
3,2865.167,noise,16016471040
3,2866.425,noise,16016929792
3,2867.665,noise,16016929792
3,2868.905,noise,16018600960
3,2870.151,noise,16018371584
3,2871.408,noise,16019584000
3,2872.636,noise,16020304896
3,2873.891,noise,16020534272
3,2875.126,noise,16021025792
3,2876.389,noise,16021025792
3,2877.621,noise,16022238208
3,2878.856,noise,16022696960
3,2880.089,noise,16022696960
3,2881.33,noise,16024368128
3,2882.6,noise,16024138752
3,2883.926,noise,16025351168
3,2885.203,noise,16025842688
3,2886.51,noise,16026530816
3,2887.752,noise,16026792960
3,2888.979,noise,16026792960
3,2890.227,noise,16028234752
3,2891.455,noise,16028464128
3,2892.718,noise,16028464128
3,2894.045,noise,16030036992
3,2895.34,noise,16030036992
3,2896.654,noise,16031249408
3,2897.911,noise,16031740928
3,2899.168,noise,16032199680
3,2900.42,noise,16032691200
3,2901.653,noise,16032691200
3,2902.891,noise,16033903616
3,2904.152,noise,16034362368
3,2905.389,noise,16034362368
3,2906.65,noise,16035804160
3,2907.89,noise,16035804160
3,2909.124,noise,16038228992
3,2910.361,noise,16037278720
3,2911.59,noise,16037737472
3,2912.816,noise,16038196224
3,2914.046,noise,16038458368
3,2915.287,noise,16039670784
3,2916.526,noise,16039900160
3,2917.763,noise,16040129536
3,2918.988,noise,16041341952
3,2920.231,noise,16041571328
3,2921.454,noise,16041571328
3,2922.689,noise,16043013120
3,2923.943,noise,16043504640
3,2925.181,noise,16043963392
3,2926.438,noise,16044225536
3,2927.674,noise,16044225536
3,2928.898,noise,16045667328
3,2930.145,noise,16045896704
3,2931.377,noise,16045896704
3,2932.611,noise,16047338496
3,2933.856,noise,16047338496
3,2935.108,noise,16048550912
3,2936.359,noise,16049042432
3,2937.602,noise,16049501184
3,2938.831,noise,16049992704
3,2940.069,noise,16049992704
3,2941.322,noise,16051205120
3,2942.551,noise,16051663872
3,2943.773,noise,16051663872
3,2945.031,noise,16053466112
3,2946.289,noise,16053236736
3,2947.533,noise,16056873984
3,2948.766,noise,16054711296
3,2949.996,noise,16055170048
3,2951.239,noise,16055628800
3,2952.469,noise,16055890944
3,2953.693,noise,16057103360
3,2954.915,noise,16057332736
3,2956.162,noise,16057562112
3,2957.398,noise,16058774528
3,2958.628,noise,16059003904
3,2959.849,noise,16059003904
3,2961.074,noise,16060445696
3,2962.312,noise,16060937216
3,2963.551,noise,16061625344
3,2964.807,noise,16061658112
3,2966.121,noise,16061658112
3,2967.4,noise,16063099904
3,2968.636,noise,16063329280
3,2969.867,noise,16064541696
3,2971.1,noise,16064771072
3,2972.342,noise,16064771072
3,2973.567,noise,16066442240
3,2974.798,noise,16066475008
3,2976.04,noise,16067163136
3,2977.311,noise,16067425280
3,2978.542,noise,16067425280
3,2979.767,noise,16068867072
3,2980.999,noise,16069096448
3,2982.26,noise,16069096448
3,2983.52,noise,16070538240
3,2984.752,noise,16070538240
3,2985.99,noise,16071750656
3,2987.265,noise,16072242176
3,2988.499,noise,16072700928
3,2989.734,noise,16073192448
3,2990.959,noise,16073192448
3,2992.193,noise,16074404864
3,2993.417,noise,16074863616
3,2994.639,noise,16074863616
3,2995.895,noise,16076436480
3,2997.144,noise,16076436480
3,2998.377,noise,16077648896
3,2999.616,noise,16078140416
3,3000.842,noise,16078828544
3,3002.069,noise,16079090688
3,3003.3,noise,16079090688
3,3004.52,noise,16080532480
3,3005.745,noise,16080761856
3,3006.97,noise,16080761856
3,3008.252,noise,16082203648
3,3009.477,noise,16082203648
3,3010.699,noise,16083416064
3,3011.927,noise,16083907584
3,3013.16,noise,16084366336
3,3014.391,noise,16084857856
3,3015.613,noise,16084857856
3,3016.839,noise,16086070272
3,3018.081,noise,16086529024
3,3019.314,noise,16086529024
3,3020.536,noise,16087970816
3,3021.762,noise,16087970816
3,3023.008,noise,16089183232
3,3024.255,noise,16089445376
3,3025.493,noise,16089904128
3,3026.739,noise,16090362880
3,3027.985,noise,16090625024
3,3029.232,noise,16091837440
3,3030.473,noise,16092066816
3,3031.701,noise,16092296192
3,3032.923,noise,16093508608
3,3034.155,noise,16093737984
3,3035.378,noise,16093737984
3,3036.604,noise,16095638528
3,3037.848,noise,16095441920
3,3039.089,noise,16095900672
3,3040.327,noise,16096392192
3,3041.551,noise,16096392192
3,3042.771,noise,16097604608
3,3043.999,noise,16098063360
3,3045.243,noise,16098063360
3,3046.473,noise,16099636224
3,3047.719,noise,16099636224
3,3048.957,noise,16102061056
3,3050.196,noise,16101110784
3,3051.423,noise,16101798912
3,3052.674,noise,16102257664
3,3053.903,noise,16102290432
3,3055.141,noise,16103502848
3,3056.39,noise,16103961600
3,3057.678,noise,16103961600
3,3058.914,noise,16106386432
3,3060.154,noise,16105403392
3,3061.381,noise,16105403392
3,3062.6,noise,16106845184
3,3063.827,noise,16107336704
3,3065.063,noise,16107795456
3,3066.306,noise,16108057600
3,3067.536,noise,16108057600
3,3068.778,noise,16109499392
3,3070.025,noise,16109728768
3,3071.267,noise,16109728768
3,3072.495,noise,16111170560
3,3073.715,noise,16111170560
3,3074.936,noise,16112382976
3,3076.168,noise,16112874496
3,3077.395,noise,16113333248
3,3078.652,noise,16113824768
3,3079.885,noise,16113824768
3,3081.114,noise,16115037184
3,3082.352,noise,16115495936
3,3083.574,noise,16115495936
3,3084.814,noise,16117396480
3,3086.17,noise,16116937728
3,3087.487,noise,16118150144
3,3088.768,noise,16118641664
3,3090.048,noise,16119100416
3,3091.315,noise,16119591936
3,3092.545,noise,16119591936
3,3093.769,noise,16120804352
3,3094.995,noise,16121263104
3,3096.239,noise,16121263104
3,3097.47,noise,16122835968
3,3098.714,noise,16122835968
3,3099.971,noise,16124048384
3,3101.196,noise,16124310528
3,3102.506,noise,16124769280
3,3103.781,noise,16125457408
3,3105.07,noise,16125490176
3,3106.36,noise,16126702592
3,3107.623,noise,16127161344
3,3108.949,noise,16127161344
3,3110.162,noise,16128373760
3,3111.412,noise,16128603136
3,3112.641,noise,16128603136
3,3113.864,noise,16130044928
3,3115.098,noise,16130536448
3,3116.341,noise,16130995200
3,3117.578,noise,16131257344
3,3118.824,noise,16131257344
3,3120.054,noise,16132699136
3,3121.295,noise,16132928512
3,3122.516,noise,16132928512
3,3123.743,noise,16134370304
3,3124.963,noise,16134370304
3,3126.2,noise,16135582720
3,3127.428,noise,16136074240
3,3128.668,noise,16136532992
3,3130.249,noise,16136336384
3,3131.495,noise,16018142208
3,3132.733,optimizer,15974626304
3,3133.992,optimizer,15977667072
3,3135.252,optimizer,15978217984
3,3136.485,optimizer,15980733440
3,3137.719,optimizer,15980324352
3,3138.984,optimizer,15980763648
3,3140.249,optimizer,15981479936
3,3141.481,optimizer,15983802880
3,3142.707,optimizer,15985336320
3,3143.934,optimizer,15987196416
3,3145.177,optimizer,15986311168
3,3146.426,optimizer,15987224576
3,3147.657,optimizer,15987519488
3,3148.907,optimizer,15989052928
3,3150.165,optimizer,15991798272
3,3151.394,optimizer,15993347072
3,3152.644,optimizer,15993329664
3,3153.871,optimizer,15993375232
3,3155.131,optimizer,15994670592
3,3156.505,optimizer,15995562496
3,3157.769,optimizer,15997095936
3,3159.024,optimizer,15998664704
3,3160.293,optimizer,15999152640
3,3161.544,optimizer,15999870464
3,3162.775,optimizer,16001013248
3,3164.008,optimizer,16002909184
3,3165.265,optimizer,16004518912
3,3166.513,optimizer,16004634624
3,3167.747,optimizer,16005516800
3,3168.991,optimizer,16006020096
3,3170.265,optimizer,16009538560
3,3171.495,optimizer,16009120768
3,3172.724,optimizer,16010654720
3,3173.952,optimizer,16010802176
3,3175.185,optimizer,16011694080
3,3176.415,optimizer,16012154880
3,3177.649,optimizer,16014704640
3,3178.917,optimizer,16015293952
3,3180.169,optimizer,16016788480
3,3181.403,optimizer,16017070592
3,3182.653,optimizer,16018015232
3,3183.886,optimizer,16018275328
3,3185.143,optimizer,16019416064
3,3186.373,optimizer,16020102144
3,3187.614,optimizer,16021634560
3,3188.877,optimizer,16023396352
3,3190.127,optimizer,16023690752
3,3191.365,optimizer,16024181248
3,3192.592,optimizer,16024294912
3,3193.819,optimizer,16026221568
3,3195.058,optimizer,16028752384
3,3196.331,optimizer,16030515712
3,3197.561,optimizer,16030269440
3,3198.819,optimizer,16030314496
3,3200.064,optimizer,16030429696
3,3201.306,optimizer,16032356864
3,3202.542,optimizer,16034886656
3,3203.767,optimizer,16035436544
3,3205.012,optimizer,16035959808
3,3206.274,optimizer,16036449792
3,3207.5,optimizer,16036531712
3,3208.73,optimizer,16038491648
3,3209.972,optimizer,16041022464
3,3211.218,optimizer,16041571840
3,3212.45,optimizer,16042309632
3,3213.678,optimizer,16042584576
3,3214.922,optimizer,16042699264
3,3216.171,optimizer,16044626432
3,3217.403,optimizer,16047157248
3,3218.636,optimizer,16047935488
3,3219.879,optimizer,16048230400
3,3221.156,optimizer,16048948224
3,3222.384,optimizer,16050090496
3,3223.636,optimizer,16051234304
3,3224.877,optimizer,16053747712
3,3226.142,optimizer,16053912064
3,3227.395,optimizer,16054594560
3,3228.634,optimizer,16055097856
3,3229.901,optimizer,16057648640
3,3231.146,optimizer,16059487744
3,3232.377,optimizer,16062516736
3,3233.606,optimizer,16060191232
3,3234.853,optimizer,16061147136
3,3236.101,optimizer,16061431296
3,3237.344,optimizer,16063161856
3,3238.61,optimizer,16065693184
3,3239.86,optimizer,16066536448
3,3241.105,optimizer,16066780672
3,3242.35,optimizer,16067483648
3,3243.585,optimizer,16068626944
3,3244.816,optimizer,16070750208
3,3246.049,optimizer,16072133120
3,3247.293,optimizer,16072706560
3,3248.529,optimizer,16073145856
3,3249.777,optimizer,16073669632
3,3251.009,optimizer,16076199424
3,3252.263,optimizer,16077946368
3,3253.493,optimizer,16079495168
3,3254.72,optimizer,16079249408
3,3255.963,optimizer,16079524352
3,3257.2,optimizer,16080851456
3,3258.452,optimizer,16081582080
3,3259.725,optimizer,16084456448
3,3260.966,optimizer,16084813824
3,3262.386,optimizer,16085988864
3,3263.621,optimizer,16086034944
3,3264.878,optimizer,16088598528
3,3266.151,optimizer,16089211392
3,3267.412,optimizer,16091880448
3,3268.649,optimizer,16090996224
3,3269.898,optimizer,16091937792
3,3271.143,optimizer,16092007424
3,3272.375,optimizer,16093995008
3,3273.604,optimizer,16095514624
3,3274.854,optimizer,16097082368
3,3276.151,optimizer,16098029056
3,3277.509,optimizer,16098304512
3,3278.765,optimizer,16103035392
3,3280.012,optimizer,16101405184
3,3281.28,optimizer,16105133056
3,3282.517,optimizer,16103292928
3,3283.753,optimizer,16104178688
3,3285.011,optimizer,16104476160
3,3286.268,optimizer,16106694144
3,3287.498,optimizer,16108898816
3,3288.734,optimizer,16109709312
3,3289.995,optimizer,16109972480
3,3291.255,optimizer,16110689280
3,3292.491,optimizer,16111831040
3,3293.743,optimizer,16112975360
3,3294.992,optimizer,16115338240
3,3296.276,optimizer,16115453440
3,3297.597,optimizer,16116378624
3,3298.853,optimizer,16117068288
3,3300.14,optimizer,16119390208
3,3301.447,optimizer,16120923136
3,3302.685,optimizer,16122686464
3,3303.914,optimizer,16121996800
3,3305.159,optimizer,16122742784
3,3306.399,optimizer,16122812928
3,3307.651,optimizer,16124785664
3,3308.887,optimizer,16126319616
3,3310.145,optimizer,16127886848
3,3311.389,optimizer,16128376320
3,3312.618,optimizer,16129108480
3,3313.863,optimizer,16133970944
3,3315.09,optimizer,16132209664
3,3316.327,optimizer,16136068608
3,3317.575,optimizer,16134200832
3,3318.809,optimizer,16134885888
3,3320.059,optimizer,16135408640
3,3321.31,optimizer,16137926144
3,3322.582,optimizer,16139459072
3,3323.814,optimizer,16141220864
3,3325.071,optimizer,16140337152
3,3326.313,optimizer,16141249536
3,3327.559,optimizer,16141544448
3,3328.791,optimizer,16143077376
3,3330.05,optimizer,16147034624
3,3331.301,optimizer,16147356160
3,3332.547,optimizer,16146484224
3,3333.774,optimizer,16147156480
3,3335.003,optimizer,16147643904
3,3336.258,optimizer,16149940736
3,3337.503,optimizer,16149941248
3,3338.773,optimizer,16147515904
3,3340.086,optimizer,16147516416
3,3341.344,optimizer,16147516416
3,3342.58,optimizer,16147975168
3,3343.813,optimizer,16147975168
3,3345.072,optimizer,16149941760
3,3346.349,optimizer,16147515904
3,3347.589,optimizer,16147516416
3,3348.828,optimizer,16147516416
3,3350.103,optimizer,16147516416
3,3351.386,optimizer,16147515904
3,3352.652,optimizer,16147974656
3,3353.931,optimizer,16147515904
3,3355.169,optimizer,16147515904
3,3356.395,optimizer,16147974656
3,3357.624,optimizer,16148433408
3,3358.855,optimizer,16147581952
3,3360.089,optimizer,16147516416
3,3361.345,optimizer,16147974656
3,3362.573,optimizer,16147516416
3,3363.821,optimizer,16147974656
3,3365.067,optimizer,16147515904
3,3366.311,optimizer,16147516416
3,3367.545,optimizer,16147515904
3,3368.778,optimizer,16147974656
3,3370.011,optimizer,16147975168
3,3371.282,optimizer,16147516416
3,3372.519,optimizer,16147516416
3,3373.748,optimizer,16149940736
3,3374.975,optimizer,16147974656
3,3376.19,optimizer,16147516928
3,3377.521,optimizer,16158560256
3,3378.79,optimizer,16173600768
3,3380.114,optimizer,16187297792
3,3381.396,optimizer,16200994816
3,3383.655,optimizer,16211086848
3,3384.909,optimizer,16226095104
3,3386.19,optimizer,16240020992
3,3387.488,optimizer,16254930944
3,3388.73,optimizer,16268856832
3,3389.978,optimizer,16283766784
3,3391.257,optimizer,16297922048
3,3392.5,optimizer,16290645504
3,3393.739,optimizer,16152102400
3,3394.984,optimizer,16161932288
3,3396.256,optimizer,16192832512
3,3397.499,optimizer,16223831040
3,3398.745,optimizer,16256041984
3,3400.021,optimizer,16287532032
3,3401.305,optimizer,16273343488
3,3402.551,optimizer,16147317760
3,3403.787,optimizer,16175563776
3,3405.057,optimizer,16205251584
3,3406.347,optimizer,16235299840
3,3407.682,optimizer,16266396672
3,3408.99,optimizer,16296707072
3,3410.264,optimizer,16232449024
3,3411.578,optimizer,16069166080
3,3412.828,optimizer,15983319040
3,3414.091,optimizer,15978663424
3,3415.839,optimizer,15975248896
3,3417.103,optimizer,15975248896
3,3418.42,optimizer,15975248896
3,3419.67,optimizer,15975248896
4,5.635,grad,15973840384
4,12.052,grad,15973856768
4,18.452,grad,15973856768
4,24.8,grad,15973856768
4,29.314,grad,15973856768
4,30.576,grad,15988674048
4,31.826,grad,16003483136
4,33.623,grad,16003483136
4,34.941,grad,16022816256
4,36.199,grad,16054503936
4,37.53,grad,16126405120
4,38.776,grad,16418171392
4,40.031,grad,16617531904
4,42.152,grad,16603089408
4,43.417,grad,16622422528
4,44.707,grad,16669052416
4,45.94,grad,16803409408
4,47.199,grad,17327959552
4,48.428,grad,17171992064
4,50.402,grad,17187589632
4,51.654,grad,17206464000
4,52.905,grad,17252831744
4,54.158,grad,17387188736
4,55.393,grad,17756549632
4,56.62,grad,17756697088
4,58.579,grad,17771368960
4,59.991,grad,17790243328
4,61.261,grad,17836611072
4,62.501,grad,17970968064
4,63.751,grad,18340328960
4,64.994,grad,18340468224
4,67.004,grad,18355148288
4,68.28,grad,18374022656
4,69.537,grad,18420390400
4,70.82,grad,18554747392
4,72.077,grad,18924108288
4,73.352,grad,18924255744
4,75.315,grad,18938927616
4,76.575,grad,18957801984
4,77.855,grad,19004169728
4,79.091,grad,19138526720
4,80.345,grad,19507887616
4,81.603,grad,19508026880
4,83.579,grad,19522706944
4,84.842,grad,19541581312
4,86.114,grad,19587949056
4,87.37,grad,19722306048
4,88.605,grad,20091666944
4,89.838,grad,20091822592
4,91.771,grad,20106486272
4,93.036,grad,20125360640
4,94.34,grad,20171728384
4,95.58,grad,20306085376
4,96.817,grad,20675446272
4,98.058,grad,20675593728
4,100.1,grad,20690265600
4,101.371,grad,20709139968
4,102.624,grad,20755507712
4,103.886,grad,20812270080
4,105.145,grad,21104036352
4,106.386,grad,21229996544
4,108.752,grad,21274044928
4,110.011,grad,21292919296
4,111.277,grad,21339287040
4,112.516,grad,21396049408
4,113.768,grad,21843004928
4,115.011,grad,21872496128
4,117.089,grad,21857824256
4,118.353,grad,21876698624
4,119.597,grad,21923066368
4,120.828,grad,21979828736
4,122.082,grad,22426784256
4,123.324,grad,22456283648
4,125.395,grad,22441603584
4,126.651,grad,22460477952
4,127.917,grad,22506845696
4,129.158,grad,22563608064
4,130.39,grad,23010563584
4,131.62,grad,23040054784
4,133.73,grad,23025382912
4,135.062,grad,23044257280
4,136.379,grad,23090625024
4,137.65,grad,23147387392
4,138.906,grad,23594342912
4,140.163,grad,23623834112
4,142.334,grad,23609276928
4,143.648,grad,23628036608
4,144.962,grad,23674404352
4,146.253,grad,23731166720
4,147.555,grad,24178122240
4,148.815,grad,24207613440
4,150.909,grad,24192941568
4,153.614,grad,24211815936
4,154.886,grad,24258183680
4,156.148,grad,24392540672
4,157.395,grad,24761901568
4,158.631,grad,24791392768
4,160.7,grad,24776720896
4,161.972,grad,24795595264
4,163.296,grad,24841963008
4,164.548,grad,24976320000
4,165.789,grad,25345680896
4,167.029,grad,25345820160
4,169.05,grad,25360500224
4,170.339,grad,25379374592
4,171.607,grad,25425742336
4,172.845,grad,25482504704
4,174.121,grad,25929460224
4,175.398,grad,25958959616
4,177.48,grad,25944279552
4,178.739,grad,25963153920
4,179.988,grad,26009521664
4,181.241,grad,26066284032
4,182.476,grad,26513239552
4,183.715,grad,26542738944
4,185.786,grad,26528058880
4,187.05,grad,26546933248
4,188.308,grad,26593300992
4,189.541,grad,26650063360
4,190.786,grad,27097018880
4,192.048,grad,27126518272
4,194.076,grad,27111838208
4,195.353,grad,27130712576
4,196.633,grad,27177080320
4,197.869,grad,27311437312
4,199.106,grad,27835987456
4,200.353,grad,27680937472
4,202.556,grad,27695617536
4,203.831,grad,27714491904
4,205.097,grad,27760859648
4,206.366,grad,27895216640
4,207.621,grad,28419766784
4,208.921,grad,28264733184
4,210.913,grad,28279396864
4,212.18,grad,28298271232
4,213.435,grad,28344638976
4,214.69,grad,28478995968
4,215.934,grad,28848356864
4,217.172,grad,28848496128
4,219.177,grad,28863176192
4,220.434,grad,28882050560
4,221.727,grad,28957778432
4,222.992,grad,29062775296
4,224.253,grad,29587325440
4,225.513,grad,29432291840
4,227.439,grad,29446955520
4,228.694,grad,29465829888
4,229.946,grad,29512197632
4,231.186,grad,29646554624
4,232.423,grad,30015915520
4,233.667,grad,30016062976
4,235.712,grad,30030734848
4,236.978,grad,30049609216
4,238.257,grad,30095976960
4,239.497,grad,30230333952
4,240.771,grad,30599694848
4,242.028,grad,30599842304
4,243.965,grad,30614514176
4,245.384,grad,30633388544
4,246.682,grad,30679756288
4,248.001,grad,30736518656
4,249.307,grad,31183474176
4,250.606,grad,31212965376
4,252.643,grad,31198293504
4,253.91,grad,31217167872
4,255.201,grad,31292895744
4,256.446,grad,31305617920
4,268.68,grad,31504978432
4,269.93,grad,31918379520
4,272.268,grad,31782072832
4,273.531,grad,31800947200
4,274.782,grad,31876806144
4,276.032,grad,32166352384
4,277.284,grad,32443307520
4,278.546,grad,34205050368
4,281.373,grad,34190371840
4,282.615,grad,33567518208
4,283.85,grad,33567518208
4,285.101,grad,33567518208
4,286.355,grad,32351177216
4,287.593,grad,32327420416
4,288.836,grad,32163187200
4,290.077,grad,31891999232
4,291.332,grad,31864465920
4,292.6,grad,31866432000
4,294.486,grad,31805384192
4,295.781,grad,31843132928
4,297.846,grad,31795127808
4,299.086,grad,31805122048
4,300.333,grad,31752029696
4,301.565,grad,31742985728
4,302.807,grad,31345976832
4,304.084,grad,31288944128
4,305.387,grad,31249916416
4,306.977,grad,31244673536
4,308.247,grad,31282291200
4,309.783,grad,31234417152
4,311.031,grad,31273771520
4,312.281,grad,31268913664
4,313.516,grad,31027085824
4,314.752,grad,30785257984
4,316.005,grad,30713553408
4,317.263,grad,30698642944
4,318.902,grad,30713323008
4,320.539,grad,30721711616
4,322.026,grad,30673706496
4,323.293,grad,30683717120
4,324.543,grad,30567693824
4,325.8,grad,30388780544
4,327.047,grad,30224555520
4,328.298,grad,30182202880
4,329.535,grad,30126397952
4,331.153,grad,30123252224
4,332.396,grad,30161132032
4,333.778,grad,30112995840
4,335.024,grad,30122990080
4,336.308,grad,30147492352
4,337.547,grad,29905664512
4,338.808,grad,29663836672
4,340.041,grad,29592132096
4,341.29,grad,29600290304
4,342.563,grad,29562541568
4,343.865,grad,29600290304
4,345.307,grad,29552285184
4,346.575,grad,29562279424
4,347.814,grad,29509187072
4,349.047,grad,29267359232
4,350.294,grad,29103150592
4,351.524,grad,29060781568
4,352.752,grad,29003928064
4,354.292,grad,29001830912
4,355.551,grad,29005763072
4,356.92,grad,28991574528
4,358.169,grad,29001568768
4,359.459,grad,28963287552
4,360.695,grad,28784374272
4,361.929,grad,28527866368
4,363.166,grad,28529693184
4,364.401,grad,28443348480
4,366.107,grad,28441251328
4,367.373,grad,28479131136
4,368.843,grad,28430994944
4,370.091,grad,28441013760
4,371.363,grad,28324982272
4,372.601,grad,28068605440
4,373.831,grad,28040695296
4,375.07,grad,27954302464
4,376.339,grad,27885914624
4,377.896,grad,27880671744
4,379.171,grad,27918158336
4,380.703,grad,27870415360
4,381.946,grad,27909761536
4,383.19,grad,27749722624
4,384.447,grad,27663215104
4,385.693,grad,27421387264
4,386.941,grad,27349682688
4,388.184,grad,27334772224
4,389.587,grad,27320092160
4,390.866,grad,27324024320
4,392.346,grad,27309835776
4,393.66,grad,27319830016
4,394.914,grad,27281417728
4,396.162,grad,26947446272
4,397.418,grad,26860824064
4,398.657,grad,26803783168
4,399.899,grad,26764755456
4,401.683,grad,26759512576
4,402.957,grad,26763706880
4,404.379,grad,26749256192
4,405.624,grad,26759250432
4,406.879,grad,26628563456
4,408.115,grad,26697245184
4,409.36,grad,26314908160
4,410.592,grad,26287243776
4,411.829,grad,26201030144
4,413.505,grad,26198932992
4,414.775,grad,26236681728
4,416.168,grad,26188676608
4,417.416,grad,26198670848
4,418.649,grad,26160258560
4,419.891,grad,25826156032
4,421.126,grad,25740312064
4,422.37,grad,25683279360
4,423.61,grad,25645300224
4,425.252,grad,25639008768
4,426.51,grad,25676888576
4,427.895,grad,25628752384
4,429.145,grad,25638746624
4,430.378,grad,25600334336
4,431.611,grad,25421421056
4,432.847,grad,25179609600
4,434.078,grad,25137248768
4,435.323,grad,25084589568
4,436.838,grad,25078298112
4,438.093,grad,25116177920
4,439.528,grad,25068041728
4,440.766,grad,25092716032
4,442.007,grad,25194944000
4,443.268,grad,24860841472
4,444.608,grad,24711288320
4,445.968,grad,24604325376
4,447.415,grad,24561989120
4,448.702,grad,24520864256
4,450.493,grad,24517718528
4,451.763,grad,24555205120
4,453.37,grad,24507462144
4,454.646,grad,24517456384
4,455.917,grad,24464364032
4,457.161,grad,24300261888
4,458.411,grad,24058442240
4,459.66,grad,24030769664
4,460.903,grad,23960284672
4,462.595,grad,23957138944
4,463.89,grad,23994887680
4,465.4,grad,23946882560
4,466.662,grad,23956876800
4,467.907,grad,23903784448
4,469.158,grad,23739682304
4,470.395,grad,23497870848
4,471.627,grad,23440829952
4,472.857,grad,23402850816
4,474.39,grad,23396559360
4,475.675,grad,23434308096
4,477.093,grad,23386302976
4,478.353,grad,23396297216
4,479.591,grad,23343204864
4,480.85,grad,23179102720
4,482.081,grad,22937405952
4,483.323,grad,22895061504
4,484.557,grad,22838208000
4,486.218,grad,22836110848
4,487.49,grad,22873990656
4,488.901,grad,22825854464
4,490.147,grad,22835848704
4,491.38,grad,22782756352
4,492.61,grad,22618523136
4,493.843,grad,22376703488
4,495.073,grad,22319670784
4,496.321,grad,22279594496
4,497.78,grad,22275400192
4,499.105,grad,22313148928
4,500.571,grad,22265143808
4,501.811,grad,22275138048
4,503.057,grad,22299640320
4,504.307,grad,22057943552
4,505.546,grad,21816140288
4,506.796,grad,21773771264
4,508.037,grad,21716917760
4,509.537,grad,21714820608
4,510.777,grad,21752700416
4,512.148,grad,21704564224
4,513.382,grad,21714558464
4,514.615,grad,21661466112
4,515.852,grad,21419769344
4,517.099,grad,21255552512
4,518.35,grad,21227871744
4,519.582,grad,21159483904
4,521.204,grad,21154241024
4,522.444,grad,21191858688
4,523.968,grad,21143984640
4,525.224,grad,21168658944
4,526.478,grad,21115697664
4,527.728,grad,20966144512
4,528.964,grad,20694956544
4,530.22,grad,20651825664
4,531.455,grad,20645796352
4,533.341,grad,20593661440
4,534.579,grad,20631279104
4,536.088,grad,20583405056
4,537.366,grad,20593423872
4,538.605,grad,20477392384
4,539.84,grad,20313290240
4,541.085,grad,20193097216
4,542.328,grad,20092032512
4,543.559,grad,20036227584
4,545.197,grad,20033081856
4,546.502,grad,20070830592
4,547.955,grad,20022825472
4,549.2,grad,20032819712
4,550.432,grad,19994407424
4,551.665,grad,19660435968
4,552.892,grad,19573805568
4,554.119,grad,19546132992
4,555.357,grad,19477745152
4,556.921,grad,19472502272
4,558.25,grad,19510251008
4,559.705,grad,19462245888
4,560.941,grad,19472240128
4,562.177,grad,19433827840
4,563.406,grad,19099856384
4,564.64,grad,19013234176
4,565.865,grad,18985553408
4,567.107,grad,18917165568
4,568.947,grad,18911922688
4,570.25,grad,18949671424
4,571.699,grad,18901666304
4,572.934,grad,18941020672
4,574.172,grad,18858568192
4,575.401,grad,18616740352
4,576.639,grad,18452670976
4,577.888,grad,18410293760
4,579.142,grad,18353440256
4,580.622,grad,18351343104
4,581.885,grad,18389091840
4,583.324,grad,18341086720
4,584.57,grad,18351080960
4,585.806,grad,18297988608
4,587.041,grad,18133755392
4,588.323,grad,17891952128
4,589.566,grad,17834903040
4,590.798,grad,17796923904
4,592.352,grad,17790632448
4,593.648,grad,17828381184
4,595.074,grad,17779458560
4,596.32,grad,17789460992
4,597.582,grad,17751958016
4,598.824,grad,17417855488
4,600.06,grad,17331225088
4,601.304,grad,17274192384
4,602.538,grad,17235295744
4,604.047,grad,17229004288
4,605.302,grad,17266753024
4,606.823,grad,17218518528
4,608.082,grad,17257152000
4,609.334,grad,17344929280
4,610.567,grad,17010695680
4,611.796,grad,16755236352
4,613.063,grad,16712793600
4,614.306,grad,16654170624
4,616.019,grad,16653908480
4,617.338,grad,16691788288
4,618.816,grad,16643652096
4,620.085,grad,16623827456
4,621.487,grad,16623827456
4,624.493,grad,16623826944
4,625.866,grad,16623826944
4,627.172,grad,16623826944
4,628.466,grad,16623826944
4,632.048,grad,16623826944
4,633.485,grad,16623826944
4,634.783,grad,16660264960
4,636.088,grad,16703387648
4,637.411,grad,16733927424
4,639.363,grad,16733927424
4,640.663,grad,16733943808
4,642.056,grad,16733943808
4,643.432,grad,16733943808
4,644.786,grad,16733943808
4,646.157,grad,16733943808
4,647.508,grad,16733943808
4,648.861,grad,16733943808
4,650.231,grad,16733943808
4,651.583,grad,16733943808
4,652.933,grad,16733943808
4,654.303,grad,16733943808
4,655.654,grad,16733943808
4,657.001,grad,16733943808
4,658.368,grad,16733943808
4,659.717,grad,16733943808
4,661.07,grad,16733943808
4,662.431,grad,16733943808
4,663.785,grad,16733943808
4,665.146,grad,16733943808
4,666.496,grad,16733943808
4,667.848,grad,16733943808
4,669.201,grad,16733943808
4,670.55,grad,16733943808
4,671.896,grad,16733943808
4,673.264,grad,16733943808
4,674.608,grad,16733943808
4,675.955,grad,16733943808
4,677.319,grad,16733943808
4,678.666,grad,16733943808
4,680.015,grad,16733943808
4,681.382,grad,16733943808
4,682.756,grad,16734578176
4,684.398,grad,16896372736
4,685.692,grad,16896372736
4,686.974,grad,16896372736
4,688.303,grad,16845124096
4,689.608,grad,16685169664
4,690.911,grad,16256433152
4,697.113,grad,16135322624
4,703.538,grad,16135339008
4,709.946,grad,16135339008
4,716.369,grad,16135339008
4,720.927,grad,16135339008
4,722.249,grad,16150418432
4,725.068,grad,16164965376
4,726.405,grad,16184298496
4,727.738,grad,16230895616
4,729.129,grad,16365481984
4,730.502,grad,16734842880
4,731.831,grad,16749678592
4,733.94,grad,16764571648
4,735.262,grad,16783904768
4,736.597,grad,16859894784
4,737.928,grad,16994251776
4,739.356,grad,17256657920
4,742.305,grad,17349186560
4,743.649,grad,17382626304
4,744.994,grad,17443674112
4,746.446,grad,17578031104
4,747.867,grad,17840437248
4,750.846,grad,17932965888
4,752.196,grad,17951725568
4,753.518,grad,17998093312
4,754.851,grad,18132450304
4,756.172,grad,18424216576
4,757.479,grad,18531318784
4,759.774,grad,18516630528
4,761.09,grad,18535504896
4,762.476,grad,18611232768
4,763.839,grad,18745589760
4,765.275,grad,19007995904
4,768.255,grad,19100524544
4,769.586,grad,19119284224
4,770.919,grad,19195012096
4,772.187,grad,19300008960
4,773.499,grad,19824559104
4,774.813,grad,19669517312
4,776.943,grad,19684303872
4,778.293,grad,19717743616
4,779.624,grad,19778791424
4,780.954,grad,19913148416
4,782.38,grad,20175554560
4,785.366,grad,20268083200
4,786.696,grad,20301522944
4,788.024,grad,20362701824
4,789.41,grad,20497058816
4,790.796,grad,20759333888
4,793.729,grad,20851747840
4,795.06,grad,20870622208
4,796.431,grad,20946350080
4,797.797,grad,21080707072
4,799.208,grad,21343113216
4,802.161,grad,21435527168
4,803.6,grad,21454401536
4,804.922,grad,21500769280
4,806.324,grad,21635126272
4,807.678,grad,21926892544
4,809.007,grad,22004642816
4,811.103,grad,22019306496
4,812.443,grad,22038180864
4,813.769,grad,22113908736
4,815.109,grad,22248265728
4,816.512,grad,22510671872
4,819.422,grad,22603200512
4,820.767,grad,22621960192
4,822.101,grad,22697688064
4,823.454,grad,22832045056
4,824.783,grad,23094451200
4,827.792,grad,23186979840
4,829.117,grad,23220419584
4,830.495,grad,23281598464
4,831.841,grad,23415955456
4,833.188,grad,23692910592
4,836.068,grad,23770759168
4,837.43,grad,23804198912
4,838.766,grad,23865377792
4,840.125,grad,23999734784
4,841.465,grad,24276689920
4,844.315,grad,24354538496
4,845.645,grad,24387978240
4,846.982,grad,24449157120
4,848.369,grad,24583514112
4,849.713,grad,24845789184
4,852.793,grad,24938317824
4,854.129,grad,24957077504
4,855.473,grad,25032805376
4,856.825,grad,25167162368
4,858.205,grad,25429568512
4,861.087,grad,25522097152
4,862.46,grad,25555536896
4,863.799,grad,25616715776
4,865.163,grad,25751072768
4,866.604,grad,26013347840
4,869.513,grad,26105876480
4,870.857,grad,26124636160
4,872.19,grad,26200364032
4,873.513,grad,26334721024
4,874.846,grad,26597127168
4,877.739,grad,26689655808
4,879.085,grad,26723095552
4,880.437,grad,26784274432
4,881.781,grad,26918631424
4,883.112,grad,27195586560
4,885.957,grad,27273435136
4,887.335,grad,27306874880
4,888.661,grad,27368053760
4,890.004,grad,27502410752
4,891.371,grad,27764685824
4,894.298,grad,27857214464
4,895.686,grad,27875974144
4,897.039,grad,27951702016
4,898.426,grad,28086059008
4,899.76,grad,28348465152
4,901.098,grad,28440887296
4,903.013,grad,28440879104
4,904.368,grad,28459753472
4,905.733,grad,28535481344
4,907.077,grad,28669838336
4,908.47,grad,28932244480
4,911.373,grad,29024773120
4,912.711,grad,29058212864
4,914.04,grad,29119391744
4,915.432,grad,29253748736
4,916.771,grad,29530703872
4,919.558,grad,29608552448
4,920.904,grad,29641992192
4,922.26,grad,29703171072
4,923.583,grad,29837528064
4,924.935,grad,30114483200
4,927.767,grad,30192331776
4,929.112,grad,30225771520
4,930.459,grad,30286950400
4,931.799,grad,30421307392
4,933.156,grad,30698262528
4,935.994,grad,30776111104
4,937.381,grad,30809550848
4,938.723,grad,30870729728
4,940.067,grad,31005086720
4,941.442,grad,31282041856
4,944.446,grad,31359890432
4,945.784,grad,31378650112
4,947.11,grad,31454509056
4,948.496,grad,31588866048
4,949.831,grad,31865821184
4,952.681,grad,31943669760
4,954.016,grad,31977109504
4,955.396,grad,32038288384
4,956.739,grad,32172645376
4,958.092,grad,32449600512
4,959.458,grad,32497970176
4,960.882,grad,34351870464
4,962.878,grad,34351854080
4,964.2,grad,33729000448
4,965.577,grad,33729000448
4,966.942,grad,33729000448
4,968.333,grad,33729000448
4,969.606,grad,32542003200
4,970.864,grad,32488902656
4,972.111,grad,32324669440
4,973.389,grad,32068161536
4,974.72,grad,32025948160
4,975.962,grad,31966866432
4,977.751,grad,31966866432
4,979.073,grad,32004615168
4,980.56,grad,31956610048
4,981.817,grad,31995964416
4,983.06,grad,31913511936
4,984.304,grad,31671684096
4,985.538,grad,31507475456
4,986.774,grad,31450426368
4,988.006,grad,31412447232
4,989.549,grad,31406155776
4,990.807,grad,31443904512
4,992.248,grad,31395899392
4,993.491,grad,31405918208
4,994.726,grad,31367481344
4,995.953,grad,31188568064
4,997.188,grad,30946756608
4,998.415,grad,30889715712
4,999.647,grad,30850688000
4,1001.261,grad,30845445120
4,1002.51,grad,30883193856
4,1004.302,grad,30835188736
4,1005.57,grad,30845182976
4,1006.81,grad,30869685248
4,1008.042,grad,30627857408
4,1009.291,grad,30386045952
4,1010.525,grad,30329005056
4,1011.771,grad,30291025920
4,1013.386,grad,30284734464
4,1014.648,grad,30322483200
4,1016.064,grad,30274478080
4,1017.311,grad,30284472320
4,1018.548,grad,30231379968
4,1019.784,grad,30067146752
4,1021.036,grad,29825327104
4,1022.292,grad,29782974464
4,1023.527,grad,29728218112
4,1025.107,grad,29724023808
4,1026.385,grad,29761772544
4,1027.781,grad,29713767424
4,1029.014,grad,29723761664
4,1030.27,grad,29670669312
4,1031.511,grad,29506436096
4,1032.743,grad,29264608256
4,1033.98,grad,29222263808
4,1035.229,grad,29169604608
4,1036.699,grad,29163313152
4,1037.965,grad,29201192960
4,1039.396,grad,29153056768
4,1040.64,grad,29192411136
4,1041.886,grad,29032364032
4,1043.117,grad,28945856512
4,1044.371,grad,28704045056
4,1045.602,grad,28661684224
4,1046.833,grad,28604830720
4,1048.535,grad,28602733568
4,1049.816,grad,28640482304
4,1051.26,grad,28592477184
4,1052.515,grad,28602471424
4,1053.752,grad,28564059136
4,1054.99,grad,28307682304
4,1056.24,grad,28143473664
4,1057.472,grad,28101104640
4,1058.702,grad,28048445440
4,1060.206,grad,28042153984
4,1061.456,grad,28080033792
4,1062.868,grad,28031897600
4,1064.12,grad,28041891840
4,1065.372,grad,27925884928
4,1066.611,grad,27824697344
4,1067.842,grad,27641597952
4,1069.074,grad,27555205120
4,1070.319,grad,27486817280
4,1071.9,grad,27481574400
4,1073.148,grad,27519454208
4,1074.59,grad,27471318016
4,1075.824,grad,27481312256
4,1077.062,grad,27428219904
4,1078.304,grad,27264117760
4,1079.534,grad,27022289920
4,1080.767,grad,26950585344
4,1082.009,grad,26957694976
4,1083.303,grad,26920994816
4,1084.6,grad,26958743552
4,1085.998,grad,26910738432
4,1087.252,grad,26925418496
4,1088.496,grad,26906044416
4,1089.77,grad,26872621056
4,1091.093,grad,26554116096
4,1092.368,grad,26447022080
4,1093.617,grad,26400491520
4,1094.85,grad,26360415232
4,1096.085,grad,26419266560
4,1097.516,grad,26349667328
4,1098.759,grad,26364904448
4,1099.995,grad,26330784768
4,1101.248,grad,26307060736
4,1102.491,grad,26148463616
4,1103.728,grad,25989858304
4,1104.959,grad,25830081536
4,1106.224,grad,25822511104
4,1107.5,grad,25800491008
4,1108.765,grad,25838370816
4,1110.172,grad,25790234624
4,1111.412,grad,25829588992
4,1112.662,grad,25824731136
4,1113.892,grad,25582903296
4,1115.125,grad,25341108224
4,1116.369,grad,25298731008
4,1117.604,grad,25243974656
4,1119.102,grad,25239780352
4,1120.382,grad,25277529088
4,1121.777,grad,25229523968
4,1123.026,grad,25239518208
4,1124.277,grad,25123511296
4,1125.515,grad,24944729088
4,1126.75,grad,24809856000
4,1127.982,grad,24738151424
4,1129.222,grad,24682346496
4,1130.985,grad,24679200768
4,1132.309,grad,24716949504
4,1133.698,grad,24668944384
4,1134.932,grad,24678963200
4,1136.173,grad,24562931712
4,1137.424,grad,24306554880
4,1138.655,grad,24219924480
4,1139.885,grad,24162891776
4,1141.118,grad,24122815488
4,1142.632,grad,24118621184
4,1143.938,grad,24156500992
4,1145.423,grad,24108364800
4,1146.659,grad,24147719168
4,1147.887,grad,24142861312
4,1149.114,grad,23901164544
4,1150.352,grad,23659344896
4,1151.583,grad,23602312192
4,1152.822,grad,23558041600
4,1154.268,grad,23558041600
4,1155.506,grad,23595921408
4,1156.878,grad,23547785216
4,1158.112,grad,23557779456
4,1159.351,grad,23504687104
4,1160.58,grad,23262990336
4,1161.808,grad,23098920960
4,1163.045,grad,23056543744
4,1164.287,grad,23003884544
4,1165.839,grad,22997593088
4,1167.098,grad,23001787392
4,1168.494,grad,22987336704
4,1169.729,grad,23026691072
4,1170.967,grad,22958918656
4,1172.227,grad,22717090816
4,1173.467,grad,22596897792
4,1174.706,grad,22495833088
4,1175.937,grad,22440028160
4,1177.559,grad,22436882432
4,1178.793,grad,22474762240
4,1180.179,grad,22426626048
4,1181.421,grad,22436620288
4,1182.671,grad,22461122560
4,1183.906,grad,22219425792
4,1185.153,grad,21977606144
4,1186.389,grad,21949933568
4,1187.618,grad,21881545728
4,1189.23,grad,21876302848
4,1190.488,grad,21914051584
4,1191.885,grad,21866046464
4,1193.145,grad,21905400832
4,1194.377,grad,21900542976
4,1195.606,grad,21503656960
4,1196.834,grad,21417026560
4,1198.066,grad,21359993856
4,1199.316,grad,21319917568
4,1200.849,grad,21315723264
4,1202.131,grad,21353472000
4,1203.588,grad,21305466880
4,1204.83,grad,21315485696
4,1206.069,grad,21354643456
4,1207.31,grad,21035352064
4,1208.542,grad,20885798912
4,1209.785,grad,20814094336
4,1211.047,grad,20758289408
4,1212.902,grad,20755143680
4,1214.19,grad,20792892416
4,1215.648,grad,20744887296
4,1216.891,grad,20754881536
4,1218.13,grad,20701789184
4,1219.369,grad,20382497792
4,1220.598,grad,20295867392
4,1221.832,grad,20238834688
4,1223.084,grad,20198758400
4,1224.657,grad,20194564096
4,1225.925,grad,20232181760
4,1227.44,grad,20184307712
4,1228.675,grad,20194301952
4,1229.93,grad,20141209600
4,1231.168,grad,19977107456
4,1232.403,grad,19735296000
4,1233.645,grad,19678255104
4,1234.876,grad,19638178816
4,1236.503,grad,19633984512
4,1237.741,grad,19671864320
4,1239.163,grad,19623728128
4,1240.396,grad,19633746944
4,1241.633,grad,19517715456
4,1242.88,grad,19338933248
4,1244.115,grad,19233420288
4,1245.354,grad,19132486656
4,1246.588,grad,19073405952
4,1248.424,grad,19073404928
4,1249.753,grad,19111153664
4,1251.221,grad,19063148544
4,1252.466,grad,19073142784
4,1253.724,grad,19030011904
4,1254.961,grad,18870759424
4,1256.153,grad,18735886336
4,1257.386,grad,18599432192
4,1258.616,grad,18552901632
4,1259.851,grad,18514922496
4,1261.214,grad,18572594176
4,1262.566,grad,18502077440
4,1263.852,grad,18517249024
4,1265.103,grad,18512563200
4,1266.353,grad,18396556288
4,1267.587,grad,18247134208
4,1268.818,grad,18053540864
4,1270.058,grad,18040556544
4,1271.302,grad,17954342912
4,1272.96,grad,17952245760
4,1274.261,grad,17989994496
4,1275.723,grad,17941071872
4,1276.98,grad,17951090688
4,1278.245,grad,17990248448
4,1279.49,grad,17749469184
4,1280.73,grad,17478281216
4,1281.964,grad,17449830400
4,1283.239,grad,17390945280
4,1284.984,grad,17390748672
4,1286.258,grad,17428366336
4,1287.762,grad,17380262912
4,1288.996,grad,17389560832
4,1290.24,grad,17273758720
4,1291.471,grad,17110574080
4,1292.715,grad,16930743296
4,1293.972,grad,16873849856
4,1295.251,grad,16815161344
4,1297.314,grad,16814735360
4,1298.585,grad,16852221952
4,1300.129,grad,16804478976
4,1301.391,grad,16784654336
4,1302.744,grad,16784654336
4,1306.384,grad,16784653824
4,1307.789,grad,16784653824
4,1309.205,grad,16784653824
4,1310.496,grad,16784653824
4,1313.645,grad,16784653824
4,1315.076,grad,16784653824
4,1316.4,grad,16820043264
4,1317.704,grad,16861330944
4,1319.009,grad,16894754304
4,1321.065,grad,16894754304
4,1322.403,grad,16894770688
4,1323.786,grad,16894770688
4,1325.149,grad,16894770688
4,1326.502,grad,16894770688
4,1327.85,grad,16894770688
4,1329.206,grad,16894770688
4,1330.561,grad,16894770688
4,1331.909,grad,16894770688
4,1333.276,grad,16894770688
4,1334.622,grad,16894770688
4,1335.969,grad,16894770688
4,1337.337,grad,16894770688
4,1338.681,grad,16894770688
4,1340.029,grad,16894770688
4,1341.392,grad,16894770688
4,1342.736,grad,16894770688
4,1344.083,grad,16894770688
4,1345.44,grad,16894770688
4,1346.787,grad,16894770688
4,1348.147,grad,16894770688
4,1349.49,grad,16894770688
4,1350.833,grad,16894770688
4,1352.183,grad,16894770688
4,1353.525,grad,16894770688
4,1354.869,grad,16894770688
4,1356.23,grad,16894770688
4,1357.573,grad,16894770688
4,1358.92,grad,16894770688
4,1360.283,grad,16894770688
4,1361.627,grad,16894770688
4,1362.999,grad,16895402496
4,1364.417,grad,17057199616
4,1365.792,grad,17057199616
4,1367.092,grad,17057199616
4,1368.43,grad,17057199616
4,1370.02,grad,16945218048
4,1371.379,grad,16546365952
4,1372.691,grad,16298017280
4,1374.014,grad,16330228224
4,1375.369,grad,16359916032
4,1376.673,grad,16391275008
4,1377.982,grad,16423518720
4,1379.334,grad,16454877696
4,1385.358,grad,16136241664
4,1391.766,grad,16136258048
4,1398.169,grad,16136258048
4,1404.551,grad,16136258048
4,1408.982,grad,16136258048
4,1410.321,grad,16151992832
4,1413.31,grad,16166916608
4,1414.62,grad,16186692096
4,1415.937,grad,16233321984
4,1417.333,grad,16290084352
4,1418.658,grad,16737039872
4,1420.038,grad,16751859200
4,1422.269,grad,16766539264
4,1423.587,grad,16785413632
4,1424.963,grad,16831781376
4,1426.336,grad,16966138368
4,1427.669,grad,17490688512
4,1428.999,grad,17335654912
4,1431.169,grad,17350318592
4,1432.49,grad,17369192960
4,1433.816,grad,17415560704
4,1435.155,grad,17549917696
4,1436.498,grad,17919278592
4,1437.822,grad,17919426048
4,1439.95,grad,17934097920
4,1441.27,grad,17952972288
4,1442.587,grad,18028700160
4,1443.896,grad,18133697024
4,1445.183,grad,18503057920
4,1446.537,grad,18532557312
4,1449.456,grad,18517991936
4,1450.795,grad,18536751616
4,1452.122,grad,18583119360
4,1453.451,grad,18717476352
4,1454.787,grad,19242026496
4,1456.106,grad,19086984704
4,1458.233,grad,19101656576
4,1459.543,grad,19120530944
4,1460.853,grad,19196258816
4,1462.168,grad,19301255680
4,1463.48,grad,19670616576
4,1464.792,grad,19670772224
4,1466.962,grad,19685550592
4,1468.318,grad,19704310272
4,1469.667,grad,19780038144
4,1471.029,grad,19914395136
4,1472.493,grad,20176801280
4,1475.441,grad,20269329920
4,1476.778,grad,20288089600
4,1478.103,grad,20363817472
4,1479.486,grad,20468814336
4,1480.821,grad,20760580608
4,1482.159,grad,20867682816
4,1484.234,grad,20852994560
4,1485.552,grad,20871868928
4,1486.865,grad,20947596800
4,1488.205,grad,21052593664
4,1489.544,grad,21344359936
4,1490.851,grad,21451462144
4,1492.875,grad,21436773888
4,1494.184,grad,21455648256
4,1495.491,grad,21531376128
4,1496.829,grad,21665733120
4,1498.199,grad,21928139264
4,1501.309,grad,22020667904
4,1502.642,grad,22039427584
4,1503.964,grad,22115155456
4,1505.337,grad,22249512448
4,1506.663,grad,22434323968
4,1507.983,grad,22648380928
4,1509.925,grad,22604332544
4,1511.254,grad,22623206912
4,1512.569,grad,22698934784
4,1513.884,grad,22833291776
4,1515.256,grad,23095697920
4,1518.221,grad,23188226560
4,1519.558,grad,23221666304
4,1520.9,grad,23282845184
4,1522.285,grad,23417202176
4,1523.617,grad,23679477248
4,1526.577,grad,23771891200
4,1527.907,grad,23790765568
4,1529.188,grad,23866493440
4,1530.508,grad,24000850432
4,1531.841,grad,24263256576
4,1533.166,grad,24355670528
4,1535.033,grad,24355670528
4,1536.395,grad,24374544896
4,1537.748,grad,24450272768
4,1539.103,grad,24584629760
4,1540.509,grad,24847035904
4,1543.427,grad,24939564544
4,1544.869,grad,24958324224
4,1546.258,grad,25004691968
4,1547.587,grad,25139048960
4,1548.901,grad,25430815232
4,1550.212,grad,25537917440
4,1552.261,grad,25523229184
4,1553.562,grad,25542103552
4,1554.871,grad,25617831424
4,1556.226,grad,25752188416
4,1557.602,grad,26014594560
4,1560.503,grad,26107123200
4,1561.843,grad,26125882880
4,1563.174,grad,26201741824
4,1564.53,grad,26336098816
4,1565.875,grad,26598373888
4,1568.789,grad,26690902528
4,1570.127,grad,26724342272
4,1571.477,grad,26785521152
4,1572.823,grad,26919878144
4,1574.175,grad,27196833280
4,1575.528,grad,27274567168
4,1577.286,grad,27274567168
4,1578.603,grad,27293441536
4,1579.933,grad,27369169408
4,1581.278,grad,27503526400
4,1582.637,grad,27765932544
4,1585.574,grad,27858346496
4,1586.916,grad,27877220864
4,1588.231,grad,27952948736
4,1589.592,grad,28087305728
4,1590.957,grad,28349711872
4,1594.083,grad,28442240512
4,1595.435,grad,28475680256
4,1596.769,grad,28536859136
4,1598.114,grad,28671216128
4,1599.478,grad,28933491200
4,1602.373,grad,29026019840
4,1603.712,grad,29059459584
4,1605.066,grad,29120638464
4,1606.436,grad,29254995456
4,1607.803,grad,29531950592
4,1610.653,grad,29609799168
4,1612.005,grad,29643238912
4,1613.482,grad,29704286720
4,1614.896,grad,29809283584
4,1616.224,grad,30178644480
4,1617.564,grad,30208152064
4,1619.663,grad,30193463808
4,1620.976,grad,30212338176
4,1622.377,grad,30258705920
4,1623.708,grad,30393062912
4,1625.06,grad,30917613056
4,1626.449,grad,30762571264
4,1628.581,grad,30777243136
4,1629.904,grad,30796117504
4,1631.193,grad,30842485248
4,1632.543,grad,30976842240
4,1633.908,grad,31346203136
4,1635.191,grad,31346334208
4,1637.454,grad,31361022464
4,1638.949,grad,31379896832
4,1640.37,grad,31426264576
4,1641.706,grad,31560621568
4,1643.041,grad,32085171712
4,1644.413,grad,31930138112
4,1646.547,grad,31944801792
4,1647.858,grad,31963676160
4,1649.192,grad,32010043904
4,1650.505,grad,32144400896
4,1651.829,grad,32513761792
4,1653.166,grad,32513909248
4,1654.482,grad,35612619776
4,1657.125,grad,33729329152
4,1658.447,grad,33729329664
4,1659.823,grad,33729329664
4,1661.204,grad,33729329664
4,1662.573,grad,33729329664
4,1663.89,grad,33121138176
4,1665.177,grad,32514004480
4,1666.511,grad,32325129728
4,1667.757,grad,32161682944
4,1669.073,grad,32055637504
4,1670.407,grad,32030004736
4,1671.651,grad,31968113152
4,1672.889,grad,32026833408
4,1674.39,grad,31957365248
4,1675.64,grad,31972536832
4,1676.898,grad,31997202944
4,1678.144,grad,31836246528
4,1679.38,grad,31749607936
4,1680.612,grad,31507804672
4,1681.843,grad,31451673088
4,1683.073,grad,31408582144
4,1684.586,grad,31406484992
4,1685.855,grad,31444364800
4,1687.287,grad,31396228608
4,1688.525,grad,31406222848
4,1689.755,grad,31367810560
4,1690.984,grad,31033708032
4,1692.233,grad,30947077632
4,1693.466,grad,30890962432
4,1694.695,grad,30852983296
4,1696.295,grad,30845774336
4,1697.563,grad,30883523072
4,1699.017,grad,30835517952
4,1700.271,grad,30845512192
4,1701.52,grad,30807230976
4,1702.757,grad,30628186624
4,1704.008,grad,30372596224
4,1705.281,grad,30372719104
4,1706.536,grad,30335625728
4,1708.503,grad,30285063680
4,1709.744,grad,30322681344
4,1711.276,grad,30274807296
4,1712.516,grad,30284801536
4,1713.748,grad,30231709184
4,1714.98,grad,30067475968
4,1716.274,grad,29825648128
4,1717.517,grad,29784221184
4,1718.756,grad,29724353024
4,1720.269,grad,29724353024
4,1721.512,grad,29762101760
4,1722.921,grad,29714096640
4,1724.164,grad,29724090880
4,1725.402,grad,29670998528
4,1726.649,grad,29506765312
4,1727.883,grad,29264937472
4,1729.119,grad,29208830464
4,1730.362,grad,29168754176
4,1731.8,grad,29164559872
4,1733.355,grad,29153811968
4,1734.594,grad,29168983552
4,1735.843,grad,29223009792
4,1737.094,grad,29110287872
4,1738.427,grad,28951952896
4,1739.66,grad,28792430080
4,1740.892,grad,28632653312
4,1742.124,grad,28640680448
4,1743.625,grad,28603062784
4,1744.927,grad,28640811520
4,1746.392,grad,28592806400
4,1747.675,grad,28632160768
4,1748.937,grad,28628220416
4,1750.178,grad,28386523648
4,1751.411,grad,28144712192
4,1752.647,grad,28087671296
4,1753.879,grad,28048774656
4,1755.435,grad,28042483200
4,1756.694,grad,28046546432
4,1758.075,grad,28032226816
4,1759.328,grad,28042245632
4,1760.565,grad,28081403392
4,1761.798,grad,27776660992
4,1763.033,grad,27642574336
4,1764.286,grad,27571000832
4,1765.538,grad,27482558976
4,1767.325,grad,27482558976
4,1768.577,grad,27520438784
4,1770.016,grad,27472302592
4,1771.278,grad,27482296832
4,1772.508,grad,27429204480
4,1773.737,grad,27266019840
4,1774.966,grad,27024192000
4,1776.205,grad,26981847552
4,1777.45,grad,26922896896
4,1778.859,grad,26922896896
4,1780.156,grad,26960645632
4,1781.586,grad,26912640512
4,1782.824,grad,26937314816
4,1784.076,grad,27039673856
4,1785.329,grad,26734800384
4,1786.57,grad,26478292480
4,1787.854,grad,26421399040
4,1789.087,grad,26364414464
4,1790.809,grad,26362317312
4,1792.048,grad,26400066048
4,1793.463,grad,26352060928
4,1794.696,grad,26362055168
4,1795.935,grad,26386688512
4,1797.185,grad,26144860672
4,1798.425,grad,25903032832
4,1799.679,grad,25860688384
4,1800.909,grad,25803834880
4,1802.394,grad,25801737728
4,1803.632,grad,25839486464
4,1805.008,grad,25791481344
4,1806.276,grad,25801475584
4,1807.521,grad,25748514304
4,1808.752,grad,25584281088
4,1809.984,grad,25342486016
4,1811.23,grad,25285428736
4,1812.458,grad,25245352448
4,1813.937,grad,25241158144
4,1815.19,grad,25279037952
4,1816.556,grad,25230901760
4,1817.804,grad,25240896000
4,1819.039,grad,25187934720
4,1820.282,grad,24868512256
4,1821.509,grad,24781881856
4,1822.735,grad,24724849152
4,1823.966,grad,24686870016
4,1825.749,grad,24680578560
4,1827.325,grad,24669830656
4,1828.59,grad,24685002240
4,1829.826,grad,24797748736
4,1831.061,grad,24627355136
4,1832.303,grad,24463121920
4,1833.531,grad,24250646016
4,1834.758,grad,24149589504
4,1835.984,grad,24156699136
4,1837.334,grad,24119998976
4,1838.579,grad,24123931136
4,1839.933,grad,24109742592
4,1841.178,grad,24119761408
4,1842.41,grad,24003860992
4,1843.638,grad,23902542336
4,1844.865,grad,23660722688
4,1846.102,grad,23633050112
4,1847.373,grad,23564662272
4,1848.975,grad,23559419392
4,1850.231,grad,23597299200
4,1851.658,grad,23549163008
4,1852.898,grad,23559157248
4,1854.142,grad,23506195968
4,1855.374,grad,23341962752
4,1856.614,grad,23100134912
4,1857.858,grad,23057790464
4,1859.091,grad,23003034112
4,1860.566,grad,22998839808
4,1861.835,grad,23036588544
4,1863.292,grad,22988583424
4,1864.531,grad,23013257728
4,1865.821,grad,22960427520
4,1867.07,grad,22781383168
4,1868.346,grad,22524875264
4,1869.587,grad,22497341952
4,1870.819,grad,22438260224
4,1872.584,grad,22438260224
4,1873.851,grad,22476140032
4,1875.27,grad,22428003840
4,1876.51,grad,22437998080
4,1877.759,grad,22385036800
4,1878.999,grad,22220803584
4,1880.245,grad,21979008512
4,1881.476,grad,21951311360
4,1882.702,grad,21882923520
4,1884.33,grad,21877680640
4,1885.612,grad,21915429376
4,1887.023,grad,21867424256
4,1888.308,grad,21877451264
4,1889.549,grad,21761542656
4,1890.781,grad,21597309440
4,1892.014,grad,21433076224
4,1893.257,grad,21405542912
4,1894.486,grad,21319198208
4,1896.147,grad,21317101056
4,1897.41,grad,21354980864
4,1898.808,grad,21306844672
4,1900.045,grad,21316838912
4,1901.287,grad,21200963072
4,1902.516,grad,21099644416
4,1903.748,grad,20916536832
4,1904.984,grad,20815472128
4,1906.247,grad,20759667200
4,1908.081,grad,20756521472
4,1909.396,grad,20794270208
4,1910.801,grad,20746265088
4,1912.041,grad,20756292096
4,1913.296,grad,20640383488
4,1914.529,grad,20461470208
4,1915.769,grad,20355957248
4,1917.006,grad,20254892544
4,1918.282,grad,20199087616
4,1919.925,grad,20195941888
4,1921.253,grad,20233690624
4,1922.667,grad,20185685504
4,1923.904,grad,20195679744
4,1925.144,grad,20157398528
4,1926.372,grad,19823296000
4,1927.603,grad,19736673792
4,1928.845,grad,19679632896
4,1930.08,grad,19639556608
4,1931.707,grad,19635362304
4,1932.947,grad,19673242112
4,1934.365,grad,19625105920
4,1935.601,grad,19635100160
4,1936.833,grad,19582138880
4,1938.096,grad,19340311040
4,1939.353,grad,19176094208
4,1940.586,grad,19119053312
4,1941.817,grad,19077928448
4,1943.563,grad,19074782720
4,1944.861,grad,19112531456
4,1946.474,grad,19064526336
4,1947.739,grad,19074520576
4,1949.004,grad,19031389696
4,1950.27,grad,18872137216
4,1951.51,grad,18707772928
4,1952.818,grad,18601727488
4,1954.05,grad,18559522304
4,1955.303,grad,18516300288
4,1956.537,grad,18573971968
4,1957.945,grad,18503455232
4,1959.166,grad,18503946752
4,1960.416,grad,18513940992
4,1961.656,grad,18398065152
4,1962.893,grad,18233831936
4,1964.124,grad,18054918656
4,1965.37,grad,18012705280
4,1966.6,grad,17953623552
4,1968.427,grad,17953623552
4,1969.732,grad,17991372288
4,1971.195,grad,17943367168
4,1972.436,grad,17953369600
4,1973.675,grad,17914949120
4,1974.911,grad,17750715904
4,1976.168,grad,17508888064
4,1977.404,grad,17481354752
4,1978.649,grad,17395010048
4,1980.364,grad,17392912896
4,1981.704,grad,17430661632
4,1983.214,grad,17382656512
4,1984.46,grad,17392675328
4,1985.708,grad,17354238464
4,1986.946,grad,17190005248
4,1988.192,grad,16918817280
4,1989.491,grad,16876603904
4,1990.732,grad,16816244224
4,1993.205,grad,16816997888
4,1994.481,grad,16854877696
4,1995.91,grad,16806741504
4,1997.171,grad,16786359808
4,1998.522,grad,16786359808
4,1999.889,grad,16786359808
4,2002.685,grad,16786359296
4,2004.024,grad,16786359296
4,2005.378,grad,16786359296
4,2006.681,grad,16786359296
4,2010.056,grad,16786359296
4,2011.526,grad,16786359296
4,2012.827,grad,16822666240
4,2014.149,grad,16862118912
4,2015.448,grad,16896459776
4,2017.522,grad,16896459776
4,2018.823,grad,16896476160
4,2020.169,grad,16896476160
4,2021.525,grad,16896476160
4,2022.88,grad,16896476160
4,2024.253,grad,16896476160
4,2025.613,grad,16896476160
4,2026.97,grad,16896476160
4,2028.335,grad,16896476160
4,2029.683,grad,16896476160
4,2031.03,grad,16896476160
4,2032.396,grad,16896476160
4,2033.745,grad,16896476160
4,2035.093,grad,16896476160
4,2036.452,grad,16896476160
4,2037.796,grad,16896476160
4,2039.145,grad,16896476160
4,2040.49,grad,16896476160
4,2041.835,grad,16896476160
4,2043.189,grad,16896476160
4,2044.537,grad,16896476160
4,2045.883,grad,16896476160
4,2047.246,grad,16896476160
4,2048.591,grad,16896476160
4,2049.935,grad,16896476160
4,2051.297,grad,16896476160
4,2052.643,grad,16896476160
4,2053.991,grad,16896476160
4,2055.355,grad,16896476160
4,2056.698,grad,16896476160
4,2058.044,grad,16896476160
4,2059.469,grad,17058905088
4,2060.766,grad,17058905088
4,2062.054,grad,17058905088
4,2063.375,grad,17058905088
4,2064.677,grad,16971349504
4,2065.986,grad,16814802944
4,2067.324,grad,16413984768
4,2068.632,grad,16308176896
4,2069.932,grad,16339470336
4,2071.18,grad,16369551360
4,2072.47,grad,16401762304
4,2073.771,grad,16431745024
4,2075.071,grad,16459630592
4,2076.403,grad,16333178880
4,2082.464,grad,16136734720
4,2088.869,grad,16136747008
4,2095.271,grad,16136747008
4,2101.665,grad,16136747008
4,2106.397,grad,16136747008
4,2107.817,grad,16147894272
4,2110.961,grad,16159148032
4,2112.428,grad,16174172160
4,2113.824,grad,16197938176
4,2115.277,grad,16250536960
4,2116.624,grad,16469361664
4,2118.025,grad,16574841856
4,2120.628,grad,16608402432
4,2121.993,grad,16623475712
4,2123.368,grad,16647241728
4,2124.806,grad,16700430336
4,2126.169,grad,17035646976
4,2127.526,grad,17057765376
4,2129.947,grad,17047400448
4,2131.325,grad,17062359040
4,2132.66,grad,17086649344
4,2134.078,grad,17139837952
4,2135.441,grad,17358662656
4,2136.775,grad,17453132800
4,2139.25,grad,17486808064
4,2140.583,grad,17501766656
4,2141.925,grad,17536542720
4,2143.293,grad,17578721280
4,2144.617,grad,17797545984
4,2145.949,grad,17925046272
4,2148.675,grad,17925052416
4,2150.006,grad,17940125696
4,2151.384,grad,17974901760
4,2152.789,grad,18017080320
4,2154.158,grad,18352296960
4,2155.482,grad,18374415360
4,2157.731,grad,18363411456
4,2159.061,grad,18378484736
4,2160.416,grad,18413260800
4,2161.768,grad,18455439360
4,2163.152,grad,18790656000
4,2164.493,grad,18812780544
4,2166.758,grad,18801770496
4,2168.08,grad,18816942080
4,2169.446,grad,18851718144
4,2170.789,grad,18893896704
4,2172.12,grad,19229113344
4,2173.489,grad,19251231744
4,2175.763,grad,19240227840
4,2177.087,grad,19255759872
4,2178.446,grad,19291584512
4,2179.782,grad,19333763072
4,2181.116,grad,19668979712
4,2182.479,grad,19691098112
4,2184.817,grad,19680208896
4,2186.159,grad,19694643200
4,2187.527,grad,19729419264
4,2188.842,grad,19830187008
4,2190.181,grad,20223599616
4,2191.511,grad,20107312128
4,2193.736,grad,20118436864
4,2195.262,grad,20132477952
4,2196.588,grad,20167254016
4,2197.931,grad,20209825792
4,2199.282,grad,20545042432
4,2200.623,grad,20567160832
4,2202.927,grad,20556271616
4,2204.288,grad,20571361280
4,2205.615,grad,20629206016
4,2206.995,grad,20707953664
4,2208.37,grad,21101366272
4,2209.709,grad,20985084928
4,2211.917,grad,20996203520
4,2213.278,grad,21010244608
4,2214.6,grad,21067040768
4,2215.98,grad,21145788416
4,2217.348,grad,21364613120
4,2218.67,grad,21422925824
4,2220.826,grad,21433923584
4,2222.159,grad,21448079360
4,2223.474,grad,21482855424
4,2224.794,grad,21583623168
4,2226.131,grad,21977035776
4,2227.461,grad,21860760576
4,2229.553,grad,21871758336
4,2230.86,grad,21886962688
4,2232.215,grad,21922787328
4,2233.529,grad,22023555072
4,2234.848,grad,22300575744
4,2236.17,grad,22300686336
4,2238.316,grad,22311690240
4,2239.624,grad,22325846016
4,2240.94,grad,22382642176
4,2242.294,grad,22461389824
4,2243.611,grad,22854802432
4,2244.928,grad,22738521088
4,2247.271,grad,22749524992
4,2248.578,grad,22763680768
4,2249.893,grad,22798456832
4,2251.212,grad,22899224576
4,2252.538,grad,23176245248
4,2253.854,grad,23176355840
4,2256.021,grad,23187359744
4,2257.359,grad,23202564096
4,2258.676,grad,23260408832
4,2260.06,grad,23339156480
4,2261.418,grad,23732569088
4,2262.747,grad,23616293888
4,2264.9,grad,23627406336
4,2266.254,grad,23641447424
4,2267.572,grad,23698243584
4,2268.956,grad,23776991232
4,2270.328,grad,23995815936
4,2271.657,grad,24076142592
4,2273.729,grad,24065126400
4,2275.056,grad,24079282176
4,2276.409,grad,24136078336
4,2277.786,grad,24214825984
4,2279.104,grad,24433650688
4,2280.463,grad,24513977344
4,2282.521,grad,24502961152
4,2283.83,grad,24518165504
4,2285.16,grad,24553990144
4,2286.477,grad,24654757888
4,2287.813,grad,25048170496
4,2289.156,grad,24931895296
4,2291.275,grad,24942893056
4,2292.724,grad,24957048832
4,2294.102,grad,24991824896
4,2295.444,grad,25092592640
4,2296.788,grad,25369613312
4,2298.119,grad,25369730048
4,2300.274,grad,25380727808
4,2301.592,grad,25394883584
4,2302.958,grad,25451679744
4,2304.33,grad,25552447488
4,2305.701,grad,25749252096
4,2307.023,grad,25807558656
4,2309.167,grad,25818562560
4,2310.497,grad,25833766912
4,2311.826,grad,25891611648
4,2313.193,grad,25970359296
4,2314.509,grad,26363771904
4,2315.821,grad,26247496704
4,2317.934,grad,26258609152
4,2319.264,grad,26272650240
4,2320.61,grad,26329446400
4,2321.977,grad,26430214144
4,2323.451,grad,26627018752
4,2326.419,grad,26696443904
4,2327.749,grad,26710484992
4,2329.152,grad,26745261056
4,2330.465,grad,26846028800
4,2331.809,grad,27123049472
4,2333.125,grad,27123160064
4,2335.309,grad,27134163968
4,2336.624,grad,27149368320
4,2337.941,grad,27185192960
4,2339.285,grad,27285960704
4,2340.651,grad,27562981376
4,2341.973,grad,27563085824
4,2344.456,grad,27574095872
4,2345.784,grad,27588251648
4,2347.113,grad,27623027712
4,2348.471,grad,27723795456
4,2349.821,grad,28000816128
4,2351.162,grad,28000932864
4,2353.326,grad,28011930624
4,2354.643,grad,28026086400
4,2355.956,grad,28082882560
4,2357.33,grad,28161630208
4,2358.658,grad,28438650880
4,2359.972,grad,28460781568
4,2361.323,grad,30763476992
4,2363.884,grad,29818154496
4,2365.214,grad,29351014400
4,2366.578,grad,29351014400
4,2367.94,grad,29351014400
4,2369.333,grad,29351014400
4,2370.692,grad,31219595264
4,2371.965,grad,28438733824
4,2373.23,grad,28414125056
4,2374.472,grad,28291048448
4,2375.712,grad,28194016256
4,2376.95,grad,28052163584
4,2378.187,grad,28052514816
4,2379.607,grad,28029970432
4,2380.896,grad,28058281984
4,2382.456,grad,28022401024
4,2383.718,grad,28029798400
4,2384.953,grad,28000964608
4,2386.218,grad,27877789696
4,2387.452,grad,27696418816
4,2388.681,grad,27675768832
4,2389.911,grad,27611010048
4,2391.615,grad,27609437184
4,2392.871,grad,27637748736
4,2394.343,grad,27601867776
4,2395.579,grad,27609265152
4,2396.807,grad,27522235392
4,2398.043,grad,27388050432
4,2399.282,grad,27286895616
4,2400.507,grad,27255235584
4,2401.739,grad,27191296000
4,2403.411,grad,27187363840
4,2404.65,grad,27216625664
4,2407.275,grad,27179794432
4,2408.537,grad,27186610176
4,2409.769,grad,27158358016
4,2411.002,grad,26907781120
4,2412.28,grad,26864828416
4,2413.538,grad,26822053888
4,2414.78,grad,26772106240
4,2416.4,grad,26766830592
4,2417.641,grad,26794257408
4,2419.283,grad,26759261184
4,2420.519,grad,26766658560
4,2421.775,grad,26679628800
4,2423.051,grad,26487247872
4,2424.397,grad,26466315264
4,2425.661,grad,26412628992
4,2426.902,grad,26350229504
4,2428.538,grad,26346297344
4,2429.862,grad,26374707200
4,2431.417,grad,26338727936
4,2432.741,grad,26346100736
4,2434.047,grad,26306281472
4,2435.307,grad,26183106560
4,2436.584,grad,26045782016
4,2437.89,grad,25980987392
4,2439.168,grad,25928942592
4,2440.756,grad,25923666944
4,2442.024,grad,25953125376
4,2443.536,grad,25916097536
4,2444.854,grad,25923470336
4,2446.117,grad,25837022208
4,2447.395,grad,25761033216
4,2448.652,grad,25623702528
4,2449.89,grad,25547904000
4,2451.146,grad,25506836480
4,2453.01,grad,25503690752
4,2454.296,grad,25532100608
4,2455.74,grad,25496121344
4,2456.976,grad,25503494144
4,2458.229,grad,25416488960
4,2459.458,grad,25340499968
4,2460.688,grad,25203169280
4,2461.922,grad,25127370752
4,2463.173,grad,25087876096
4,2464.696,grad,25083157504
4,2465.938,grad,25111960576
4,2467.503,grad,25075588096
4,2468.74,grad,25082960896
4,2469.976,grad,25043141632
4,2471.221,grad,24919966720
4,2472.481,grad,24782642176
4,2473.722,grad,24717847552
4,2474.954,grad,24663672832
4,2476.501,grad,24660527104
4,2477.744,grad,24689985536
4,2479.147,grad,24652957696
4,2480.385,grad,24660330496
4,2481.618,grad,24573882368
4,2482.882,grad,24381501440
4,2484.123,grad,24316534784
4,2485.362,grad,24273754112
4,2486.597,grad,24243696640
4,2488.074,grad,24240550912
4,2489.364,grad,24268862464
4,2490.882,grad,24232981504
4,2492.146,grad,24229344256
4,2493.452,grad,24211643392
4,2494.7,grad,24099380224
4,2495.948,grad,23895989248
4,2497.189,grad,23863641088
4,2498.439,grad,23820017664
4,2500.383,grad,23820017664
4,2501.685,grad,23848230912
4,2503.264,grad,23812448256
4,2504.515,grad,23819821056
4,2505.761,grad,23791011840
4,2506.995,grad,23656826880
4,2508.262,grad,23519496192
4,2509.573,grad,23443697664
4,2510.825,grad,23400532992
4,2512.455,grad,23397387264
4,2513.727,grad,23426747392
4,2515.131,grad,23389817856
4,2516.378,grad,23397190656
4,2517.612,grad,23310742528
4,2518.844,grad,23234753536
4,2520.078,grad,23053388800
4,2521.315,grad,23032634368
4,2522.547,grad,22982129664
4,2524.098,grad,22977411072
4,2525.38,grad,23005722624
4,2526.778,grad,22969841664
4,2528.015,grad,22977232896
4,2529.265,grad,22890209280
4,2530.497,grad,22756024320
4,2531.734,grad,22676889600
4,2532.996,grad,22623111168
4,2534.264,grad,22560809984
4,2536.04,grad,22556877824
4,2537.314,grad,22585091072
4,2538.815,grad,22549308416
4,2540.061,grad,22556681216
4,2541.301,grad,22516861952
4,2542.558,grad,22335491072
4,2543.807,grad,22212328448
4,2545.058,grad,22191567872
4,2546.308,grad,22137393152
4,2547.86,grad,22134247424
4,2549.202,grad,22163607552
4,2550.605,grad,22126678016
4,2551.851,grad,22134050816
4,2553.088,grad,22047602688
4,2554.339,grad,21924427776
4,2555.568,grad,21801252864
4,2556.796,grad,21780602880
4,2558.026,grad,21715844096
4,2559.793,grad,21714271232
4,2561.08,grad,21742582784
4,2562.528,grad,21706701824
4,2563.789,grad,21714093056
4,2565.042,grad,21743461376
4,2566.349,grad,21562090496
4,2567.701,grad,21369709568
4,2569.014,grad,21337361408
4,2570.325,grad,21344242688
4,2572.396,grad,21293737984
4,2573.72,grad,21321852928
4,2575.381,grad,21286168576
4,2576.633,grad,21293541376
4,2577.887,grad,21261193216
4,2579.203,grad,21141655552
4,2580.447,grad,21029392384
4,2581.712,grad,20938848256
4,2582.963,grad,20924291072
4,2584.332,grad,20872680448
4,2585.632,grad,20915246080
4,2587.15,grad,20863046656
4,2588.397,grad,20874548224
4,2589.646,grad,20870910976
4,2590.904,grad,20784462848
4,2592.156,grad,20661287936
4,2593.409,grad,20527102976
4,2594.744,grad,20494754816
4,2596.015,grad,20462142464
4,2597.889,grad,20451131392
4,2599.147,grad,20479246336
4,2600.773,grad,20443561984
4,2602.024,grad,20450934784
4,2603.292,grad,20422125568
4,2604.555,grad,20240754688
4,2605.796,grad,20095559680
4,2607.032,grad,20074909696
4,2608.284,grad,20031777792
4,2610.105,grad,20030204928
4,2611.367,grad,20058418176
4,2612.892,grad,20022635520
4,2614.171,grad,20030020608
4,2615.432,grad,20001199104
4,2616.691,grad,19878024192
4,2617.931,grad,19685643264
4,2619.176,grad,19653295104
4,2620.436,grad,19621379072
4,2622.706,grad,19607640064
4,2624.023,grad,19636246528
4,2625.715,grad,19600070656
4,2626.976,grad,19607461888
4,2628.248,grad,19695124480
4,2629.522,grad,19456016384
4,2630.786,grad,19321831424
4,2632.023,grad,19231287296
4,2633.299,grad,19198052352
4,2635.464,grad,19209061376
4,2636.842,grad,19215254528
4,2638.556,grad,19179471872
4,2639.869,grad,19186863104
4,2641.194,grad,19158035456
4,2642.549,grad,19045968896
4,2643.875,grad,18889763840
4,2645.283,grad,18832249856
4,2646.623,grad,18798269440
4,2647.949,grad,18766082048
4,2649.322,grad,18788102144
4,2650.67,grad,18794917888
4,2652.403,grad,18758512640
4,2653.727,grad,18765903872
4,2655.05,grad,18737207296
4,2656.419,grad,18625042432
4,2657.759,grad,18468935680
4,2659.114,grad,18411421696
4,2660.467,grad,18377408512
4,2661.799,grad,18345253888
4,2663.153,grad,18367339520
4,2664.482,grad,18374056960
4,2666.269,grad,18337750016
4,2667.587,grad,18334047232
4,2668.913,grad,18312709120
4,2670.377,grad,18193204224
4,2671.715,grad,18092049408
4,2673.048,grad,18011728896
4,2674.417,grad,17966468096
4,2675.762,grad,17957259264
4,2677.248,grad,17924360192
4,2678.579,grad,17953687552
4,2680.378,grad,17916266496
4,2681.701,grad,17923526656
4,2683.022,grad,17894731776
4,2684.389,grad,17782665216
4,2685.719,grad,17637470208
4,2687.157,grad,17568946176
4,2688.486,grad,17538635776
4,2689.812,grad,17503958016
4,2691.129,grad,17546425344
4,2692.462,grad,17531122688
4,2694.166,grad,17494291456
4,2695.479,grad,17501545472
4,2696.804,grad,17472756736
4,2698.118,grad,17360591872
4,2699.457,grad,17215495168
4,2700.862,grad,17146971136
4,2702.191,grad,17125073920
4,2703.507,grad,17080868864
4,2704.85,grad,17125007360
4,2706.453,grad,17072283648
4,2707.772,grad,17083785216
4,2709.091,grad,17080082432
4,2710.433,grad,16993110016
4,2711.773,grad,16869935104
4,2713.091,grad,16735750144
4,2714.44,grad,16692391936
4,2715.786,grad,16674238464
4,2717.997,grad,16648637440
4,2719.364,grad,16677243904
4,2721.024,grad,16641068032
4,2722.371,grad,16626289664
4,2723.652,grad,16626289664
4,2724.905,grad,16626289664
4,2727.883,grad,16626289152
4,2729.19,grad,16626289152
4,2730.566,grad,16626289152
4,2734.553,grad,16626289152
4,2735.881,grad,16626289152
4,2737.143,grad,16655780352
4,2738.391,grad,16689007104
4,2739.673,grad,16708864512
4,2741.35,grad,16708864512
4,2742.693,grad,16709350912
4,2744.007,grad,16871070208
4,2745.312,grad,16871070208
4,2747.07,grad,16871070208
4,2748.326,grad,16831257600
4,2749.572,grad,16692055552
4,2750.828,grad,16372862464
4,2752.09,grad,16312897024
4,2753.34,grad,16347500032
4,2754.576,grad,16382103040
4,2755.825,grad,16417197568
4,2757.06,grad,16451931648
4,2758.306,grad,16366341632
4,2759.59,grad,16136115712
4,2760.86,grad,16150887936
4,2762.198,grad,16178642432
4,2763.462,grad,16209739264
4,2764.712,grad,16240246272
4,2766.007,grad,16269082112
4,2767.278,grad,16298180096
4,2768.51,grad,16166059520
4,2769.757,grad,16123886592
4,2771.019,grad,15983049728
4,2772.3,noise,15974626304
4,2773.56,noise,15974626304
4,2774.792,noise,15975838720
4,2776.038,noise,15976297472
4,2777.282,noise,15976297472
4,2778.538,noise,15977509888
4,2779.77,noise,15977870336
4,2781.0,noise,15977870336
4,2782.24,noise,15979770880
4,2783.47,noise,15979574272
4,2784.707,noise,15980033024
4,2785.958,noise,15980524544
4,2787.195,noise,15980524544
4,2788.426,noise,15981736960
4,2789.664,noise,15982195712
4,2790.887,noise,15982195712
4,2792.149,noise,15983997952
4,2793.379,noise,15983768576
4,2794.613,noise,15987405824
4,2795.873,noise,15985243136
4,2797.127,noise,15985701888
4,2798.384,noise,15986160640
4,2799.615,noise,15986422784
4,2800.842,noise,15987635200
4,2802.079,noise,15987864576
4,2803.353,noise,15988093952
4,2804.585,noise,15989306368
4,2805.832,noise,15989535744
4,2807.069,noise,15989535744
4,2808.338,noise,15990977536
4,2809.568,noise,15991469056
4,2810.818,noise,15992157184
4,2812.05,noise,15992189952
4,2813.286,noise,15992189952
4,2814.515,noise,15993631744
4,2815.761,noise,15993861120
4,2816.997,noise,15993861120
4,2818.242,noise,15995302912
4,2819.469,noise,15995302912
4,2820.69,noise,15996515328
4,2821.913,noise,15997006848
4,2823.144,noise,15997465600
4,2824.376,noise,15997957120
4,2825.639,noise,15997957120
4,2826.889,noise,15999169536
4,2828.13,noise,15999628288
4,2829.368,noise,15999628288
4,2830.61,noise,16001299456
4,2831.841,noise,16001070080
4,2833.066,noise,16004707328
4,2834.303,noise,16002544640
4,2835.536,noise,16003003392
4,2836.781,noise,16003462144
4,2838.015,noise,16003724288
4,2839.26,noise,16004936704
4,2840.489,noise,16005166080
4,2841.717,noise,16005395456
4,2842.941,noise,16006607872
4,2844.172,noise,16006837248
4,2845.401,noise,16006837248
4,2846.668,noise,16008279040
4,2847.899,noise,16008770560
4,2849.141,noise,16009229312
4,2850.372,noise,16009491456
4,2851.599,noise,16009491456
4,2852.821,noise,16010933248
4,2854.053,noise,16011162624
4,2855.292,noise,16011162624
4,2856.537,noise,16012604416
4,2857.761,noise,16012604416
4,2858.99,noise,16013816832
4,2860.236,noise,16014308352
4,2861.464,noise,16014767104
4,2862.693,noise,16015258624
4,2863.921,noise,16015258624
4,2865.167,noise,16016471040
4,2866.425,noise,16016929792
4,2867.665,noise,16016929792
4,2868.905,noise,16018600960
4,2870.151,noise,16018371584
4,2871.408,noise,16019584000
4,2872.636,noise,16020304896
4,2873.891,noise,16020534272
4,2875.126,noise,16021025792
4,2876.389,noise,16021025792
4,2877.621,noise,16022238208
4,2878.856,noise,16022696960
4,2880.089,noise,16022696960
4,2881.33,noise,16024368128
4,2882.6,noise,16024138752
4,2883.926,noise,16025351168
4,2885.203,noise,16025842688
4,2886.51,noise,16026530816
4,2887.752,noise,16026792960
4,2888.979,noise,16026792960
4,2890.227,noise,16028234752
4,2891.455,noise,16028464128
4,2892.718,noise,16028464128
4,2894.045,noise,16030036992
4,2895.34,noise,16030036992
4,2896.654,noise,16031249408
4,2897.911,noise,16031740928
4,2899.168,noise,16032199680
4,2900.42,noise,16032691200
4,2901.653,noise,16032691200
4,2902.891,noise,16033903616
4,2904.152,noise,16034362368
4,2905.389,noise,16034362368
4,2906.65,noise,16035804160
4,2907.89,noise,16035804160
4,2909.124,noise,16038228992
4,2910.361,noise,16037278720
4,2911.59,noise,16037737472
4,2912.816,noise,16038196224
4,2914.046,noise,16038458368
4,2915.287,noise,16039670784
4,2916.526,noise,16039900160
4,2917.763,noise,16040129536
4,2918.988,noise,16041341952
4,2920.231,noise,16041571328
4,2921.454,noise,16041571328
4,2922.689,noise,16043013120
4,2923.943,noise,16043504640
4,2925.181,noise,16043963392
4,2926.438,noise,16044225536
4,2927.674,noise,16044225536
4,2928.898,noise,16045667328
4,2930.145,noise,16045896704
4,2931.377,noise,16045896704
4,2932.611,noise,16047338496
4,2933.856,noise,16047338496
4,2935.108,noise,16048550912
4,2936.359,noise,16049042432
4,2937.602,noise,16049501184
4,2938.831,noise,16049992704
4,2940.069,noise,16049992704
4,2941.322,noise,16051205120
4,2942.551,noise,16051663872
4,2943.773,noise,16051663872
4,2945.031,noise,16053466112
4,2946.289,noise,16053236736
4,2947.533,noise,16056873984
4,2948.766,noise,16054711296
4,2949.996,noise,16055170048
4,2951.239,noise,16055628800
4,2952.469,noise,16055890944
4,2953.693,noise,16057103360
4,2954.915,noise,16057332736
4,2956.162,noise,16057562112
4,2957.398,noise,16058774528
4,2958.628,noise,16059003904
4,2959.849,noise,16059003904
4,2961.074,noise,16060445696
4,2962.312,noise,16060937216
4,2963.551,noise,16061625344
4,2964.807,noise,16061658112
4,2966.121,noise,16061658112
4,2967.4,noise,16063099904
4,2968.636,noise,16063329280
4,2969.867,noise,16064541696
4,2971.1,noise,16064771072
4,2972.342,noise,16064771072
4,2973.567,noise,16066442240
4,2974.798,noise,16066475008
4,2976.04,noise,16067163136
4,2977.311,noise,16067425280
4,2978.542,noise,16067425280
4,2979.767,noise,16068867072
4,2980.999,noise,16069096448
4,2982.26,noise,16069096448
4,2983.52,noise,16070538240
4,2984.752,noise,16070538240
4,2985.99,noise,16071750656
4,2987.265,noise,16072242176
4,2988.499,noise,16072700928
4,2989.734,noise,16073192448
4,2990.959,noise,16073192448
4,2992.193,noise,16074404864
4,2993.417,noise,16074863616
4,2994.639,noise,16074863616
4,2995.895,noise,16076436480
4,2997.144,noise,16076436480
4,2998.377,noise,16077648896
4,2999.616,noise,16078140416
4,3000.842,noise,16078828544
4,3002.069,noise,16079090688
4,3003.3,noise,16079090688
4,3004.52,noise,16080532480
4,3005.745,noise,16080761856
4,3006.97,noise,16080761856
4,3008.252,noise,16082203648
4,3009.477,noise,16082203648
4,3010.699,noise,16083416064
4,3011.927,noise,16083907584
4,3013.16,noise,16084366336
4,3014.391,noise,16084857856
4,3015.613,noise,16084857856
4,3016.839,noise,16086070272
4,3018.081,noise,16086529024
4,3019.314,noise,16086529024
4,3020.536,noise,16087970816
4,3021.762,noise,16087970816
4,3023.008,noise,16089183232
4,3024.255,noise,16089445376
4,3025.493,noise,16089904128
4,3026.739,noise,16090362880
4,3027.985,noise,16090625024
4,3029.232,noise,16091837440
4,3030.473,noise,16092066816
4,3031.701,noise,16092296192
4,3032.923,noise,16093508608
4,3034.155,noise,16093737984
4,3035.378,noise,16093737984
4,3036.604,noise,16095638528
4,3037.848,noise,16095441920
4,3039.089,noise,16095900672
4,3040.327,noise,16096392192
4,3041.551,noise,16096392192
4,3042.771,noise,16097604608
4,3043.999,noise,16098063360
4,3045.243,noise,16098063360
4,3046.473,noise,16099636224
4,3047.719,noise,16099636224
4,3048.957,noise,16102061056
4,3050.196,noise,16101110784
4,3051.423,noise,16101798912
4,3052.674,noise,16102257664
4,3053.903,noise,16102290432
4,3055.141,noise,16103502848
4,3056.39,noise,16103961600
4,3057.678,noise,16103961600
4,3058.914,noise,16106386432
4,3060.154,noise,16105403392
4,3061.381,noise,16105403392
4,3062.6,noise,16106845184
4,3063.827,noise,16107336704
4,3065.063,noise,16107795456
4,3066.306,noise,16108057600
4,3067.536,noise,16108057600
4,3068.778,noise,16109499392
4,3070.025,noise,16109728768
4,3071.267,noise,16109728768
4,3072.495,noise,16111170560
4,3073.715,noise,16111170560
4,3074.936,noise,16112382976
4,3076.168,noise,16112874496
4,3077.395,noise,16113333248
4,3078.652,noise,16113824768
4,3079.885,noise,16113824768
4,3081.114,noise,16115037184
4,3082.352,noise,16115495936
4,3083.574,noise,16115495936
4,3084.814,noise,16117396480
4,3086.17,noise,16116937728
4,3087.487,noise,16118150144
4,3088.768,noise,16118641664
4,3090.048,noise,16119100416
4,3091.315,noise,16119591936
4,3092.545,noise,16119591936
4,3093.769,noise,16120804352
4,3094.995,noise,16121263104
4,3096.239,noise,16121263104
4,3097.47,noise,16122835968
4,3098.714,noise,16122835968
4,3099.971,noise,16124048384
4,3101.196,noise,16124310528
4,3102.506,noise,16124769280
4,3103.781,noise,16125457408
4,3105.07,noise,16125490176
4,3106.36,noise,16126702592
4,3107.623,noise,16127161344
4,3108.949,noise,16127161344
4,3110.162,noise,16128373760
4,3111.412,noise,16128603136
4,3112.641,noise,16128603136
4,3113.864,noise,16130044928
4,3115.098,noise,16130536448
4,3116.341,noise,16130995200
4,3117.578,noise,16131257344
4,3118.824,noise,16131257344
4,3120.054,noise,16132699136
4,3121.295,noise,16132928512
4,3122.516,noise,16132928512
4,3123.743,noise,16134370304
4,3124.963,noise,16134370304
4,3126.2,noise,16135582720
4,3127.428,noise,16136074240
4,3128.668,noise,16136532992
4,3130.249,noise,16136336384
4,3131.495,noise,16018142208
4,3132.733,optimizer,15974626304
4,3133.992,optimizer,15977667072
4,3135.252,optimizer,15978217984
4,3136.485,optimizer,15980733440
4,3137.719,optimizer,15980324352
4,3138.984,optimizer,15980763648
4,3140.249,optimizer,15981479936
4,3141.481,optimizer,15983802880
4,3142.707,optimizer,15985336320
4,3143.934,optimizer,15987196416
4,3145.177,optimizer,15986311168
4,3146.426,optimizer,15987224576
4,3147.657,optimizer,15987519488
4,3148.907,optimizer,15989052928
4,3150.165,optimizer,15991798272
4,3151.394,optimizer,15993347072
4,3152.644,optimizer,15993329664
4,3153.871,optimizer,15993375232
4,3155.131,optimizer,15994670592
4,3156.505,optimizer,15995562496
4,3157.769,optimizer,15997095936
4,3159.024,optimizer,15998664704
4,3160.293,optimizer,15999152640
4,3161.544,optimizer,15999870464
4,3162.775,optimizer,16001013248
4,3164.008,optimizer,16002909184
4,3165.265,optimizer,16004518912
4,3166.513,optimizer,16004634624
4,3167.747,optimizer,16005516800
4,3168.991,optimizer,16006020096
4,3170.265,optimizer,16009538560
4,3171.495,optimizer,16009120768
4,3172.724,optimizer,16010654720
4,3173.952,optimizer,16010802176
4,3175.185,optimizer,16011694080
4,3176.415,optimizer,16012154880
4,3177.649,optimizer,16014704640
4,3178.917,optimizer,16015293952
4,3180.169,optimizer,16016788480
4,3181.403,optimizer,16017070592
4,3182.653,optimizer,16018015232
4,3183.886,optimizer,16018275328
4,3185.143,optimizer,16019416064
4,3186.373,optimizer,16020102144
4,3187.614,optimizer,16021634560
4,3188.877,optimizer,16023396352
4,3190.127,optimizer,16023690752
4,3191.365,optimizer,16024181248
4,3192.592,optimizer,16024294912
4,3193.819,optimizer,16026221568
4,3195.058,optimizer,16028752384
4,3196.331,optimizer,16030515712
4,3197.561,optimizer,16030269440
4,3198.819,optimizer,16030314496
4,3200.064,optimizer,16030429696
4,3201.306,optimizer,16032356864
4,3202.542,optimizer,16034886656
4,3203.767,optimizer,16035436544
4,3205.012,optimizer,16035959808
4,3206.274,optimizer,16036449792
4,3207.5,optimizer,16036531712
4,3208.73,optimizer,16038491648
4,3209.972,optimizer,16041022464
4,3211.218,optimizer,16041571840
4,3212.45,optimizer,16042309632
4,3213.678,optimizer,16042584576
4,3214.922,optimizer,16042699264
4,3216.171,optimizer,16044626432
4,3217.403,optimizer,16047157248
4,3218.636,optimizer,16047935488
4,3219.879,optimizer,16048230400
4,3221.156,optimizer,16048948224
4,3222.384,optimizer,16050090496
4,3223.636,optimizer,16051234304
4,3224.877,optimizer,16053747712
4,3226.142,optimizer,16053912064
4,3227.395,optimizer,16054594560
4,3228.634,optimizer,16055097856
4,3229.901,optimizer,16057648640
4,3231.146,optimizer,16059487744
4,3232.377,optimizer,16062516736
4,3233.606,optimizer,16060191232
4,3234.853,optimizer,16061147136
4,3236.101,optimizer,16061431296
4,3237.344,optimizer,16063161856
4,3238.61,optimizer,16065693184
4,3239.86,optimizer,16066536448
4,3241.105,optimizer,16066780672
4,3242.35,optimizer,16067483648
4,3243.585,optimizer,16068626944
4,3244.816,optimizer,16070750208
4,3246.049,optimizer,16072133120
4,3247.293,optimizer,16072706560
4,3248.529,optimizer,16073145856
4,3249.777,optimizer,16073669632
4,3251.009,optimizer,16076199424
4,3252.263,optimizer,16077946368
4,3253.493,optimizer,16079495168
4,3254.72,optimizer,16079249408
4,3255.963,optimizer,16079524352
4,3257.2,optimizer,16080851456
4,3258.452,optimizer,16081582080
4,3259.725,optimizer,16084456448
4,3260.966,optimizer,16084813824
4,3262.386,optimizer,16085988864
4,3263.621,optimizer,16086034944
4,3264.878,optimizer,16088598528
4,3266.151,optimizer,16089211392
4,3267.412,optimizer,16091880448
4,3268.649,optimizer,16090996224
4,3269.898,optimizer,16091937792
4,3271.143,optimizer,16092007424
4,3272.375,optimizer,16093995008
4,3273.604,optimizer,16095514624
4,3274.854,optimizer,16097082368
4,3276.151,optimizer,16098029056
4,3277.509,optimizer,16098304512
4,3278.765,optimizer,16103035392
4,3280.012,optimizer,16101405184
4,3281.28,optimizer,16105133056
4,3282.517,optimizer,16103292928
4,3283.753,optimizer,16104178688
4,3285.011,optimizer,16104476160
4,3286.268,optimizer,16106694144
4,3287.498,optimizer,16108898816
4,3288.734,optimizer,16109709312
4,3289.995,optimizer,16109972480
4,3291.255,optimizer,16110689280
4,3292.491,optimizer,16111831040
4,3293.743,optimizer,16112975360
4,3294.992,optimizer,16115338240
4,3296.276,optimizer,16115453440
4,3297.597,optimizer,16116378624
4,3298.853,optimizer,16117068288
4,3300.14,optimizer,16119390208
4,3301.447,optimizer,16120923136
4,3302.685,optimizer,16122686464
4,3303.914,optimizer,16121996800
4,3305.159,optimizer,16122742784
4,3306.399,optimizer,16122812928
4,3307.651,optimizer,16124785664
4,3308.887,optimizer,16126319616
4,3310.145,optimizer,16127886848
4,3311.389,optimizer,16128376320
4,3312.618,optimizer,16129108480
4,3313.863,optimizer,16133970944
4,3315.09,optimizer,16132209664
4,3316.327,optimizer,16136068608
4,3317.575,optimizer,16134200832
4,3318.809,optimizer,16134885888
4,3320.059,optimizer,16135408640
4,3321.31,optimizer,16137926144
4,3322.582,optimizer,16139459072
4,3323.814,optimizer,16141220864
4,3325.071,optimizer,16140337152
4,3326.313,optimizer,16141249536
4,3327.559,optimizer,16141544448
4,3328.791,optimizer,16143077376
4,3330.05,optimizer,16147034624
4,3331.301,optimizer,16147356160
4,3332.547,optimizer,16146484224
4,3333.774,optimizer,16147156480
4,3335.003,optimizer,16147643904
4,3336.258,optimizer,16149940736
4,3337.503,optimizer,16149941248
4,3338.773,optimizer,16147515904
4,3340.086,optimizer,16147516416
4,3341.344,optimizer,16147516416
4,3342.58,optimizer,16147975168
4,3343.813,optimizer,16147975168
4,3345.072,optimizer,16149941760
4,3346.349,optimizer,16147515904
4,3347.589,optimizer,16147516416
4,3348.828,optimizer,16147516416
4,3350.103,optimizer,16147516416
4,3351.386,optimizer,16147515904
4,3352.652,optimizer,16147974656
4,3353.931,optimizer,16147515904
4,3355.169,optimizer,16147515904
4,3356.395,optimizer,16147974656
4,3357.624,optimizer,16148433408
4,3358.855,optimizer,16147581952
4,3360.089,optimizer,16147516416
4,3361.345,optimizer,16147974656
4,3362.573,optimizer,16147516416
4,3363.821,optimizer,16147974656
4,3365.067,optimizer,16147515904
4,3366.311,optimizer,16147516416
4,3367.545,optimizer,16147515904
4,3368.778,optimizer,16147974656
4,3370.011,optimizer,16147975168
4,3371.282,optimizer,16147516416
4,3372.519,optimizer,16147516416
4,3373.748,optimizer,16149940736
4,3374.975,optimizer,16147974656
4,3376.19,optimizer,16147516928
4,3377.521,optimizer,16158560256
4,3378.79,optimizer,16173600768
4,3380.114,optimizer,16187297792
4,3381.396,optimizer,16200994816
4,3383.655,optimizer,16211086848
4,3384.909,optimizer,16226095104
4,3386.19,optimizer,16240020992
4,3387.488,optimizer,16254930944
4,3388.73,optimizer,16268856832
4,3389.978,optimizer,16283766784
4,3391.257,optimizer,16297922048
4,3392.5,optimizer,16290645504
4,3393.739,optimizer,16152102400
4,3394.984,optimizer,16161932288
4,3396.256,optimizer,16192832512
4,3397.499,optimizer,16223831040
4,3398.745,optimizer,16256041984
4,3400.021,optimizer,16287532032
4,3401.305,optimizer,16273343488
4,3402.551,optimizer,16147317760
4,3403.787,optimizer,16175563776
4,3405.057,optimizer,16205251584
4,3406.347,optimizer,16235299840
4,3407.682,optimizer,16266396672
4,3408.99,optimizer,16296707072
4,3410.264,optimizer,16232449024
4,3411.578,optimizer,16069166080
4,3412.828,optimizer,15983319040
4,3414.091,optimizer,15978663424
4,3415.839,optimizer,15975248896
4,3417.103,optimizer,15975248896
4,3418.42,optimizer,15975248896
4,3419.67,optimizer,15975248896
