step,t_ms,phase,alloc_bytes
3,6.333,grad,15979378176
3,12.749,grad,15979386368
3,19.105,grad,15979386368
3,25.462,grad,15979386368
3,29.392,grad,15979386368
3,30.692,grad,15986863616
3,33.707,grad,15994332672
3,35.052,grad,16003769856
3,36.308,grad,16019614208
3,37.572,grad,16078211584
3,38.809,grad,16188570112
3,40.044,grad,16342645248
3,42.441,grad,16296512000
3,43.704,grad,16306801152
3,44.954,grad,16322645504
3,46.248,grad,16358366720
3,47.487,grad,16504249856
3,48.743,grad,16580206080
3,50.953,grad,16588402176
3,52.264,grad,16598691328
3,53.564,grad,16621875712
3,54.819,grad,16650256896
3,56.082,grad,16873734656
3,57.318,grad,16887628288
3,59.372,grad,16880292352
3,60.687,grad,16890581504
3,62.037,grad,16913765888
3,63.304,grad,16942147072
3,64.557,grad,17088030208
3,65.827,grad,17150158336
3,68.219,grad,17173034496
3,69.509,grad,17182471680
3,70.756,grad,17205656064
3,71.993,grad,17234037248
3,73.23,grad,17379920384
3,74.47,grad,17457580544
3,76.573,grad,17464924672
3,77.833,grad,17474361856
3,79.115,grad,17497546240
3,80.356,grad,17564724736
3,81.604,grad,17749405184
3,82.84,grad,17764154880
3,84.822,grad,17756814848
3,86.084,grad,17766252032
3,87.373,grad,17789436416
3,88.616,grad,17856614912
3,89.868,grad,18041295360
3,91.104,grad,18041364992
3,93.1,grad,18048705024
3,94.36,grad,18058142208
3,95.633,grad,18081326592
3,96.866,grad,18148505088
3,98.122,grad,18333185536
3,99.352,grad,18333255168
3,101.348,grad,18340595200
3,102.61,grad,18350032384
3,103.893,grad,18373216768
3,105.127,grad,18440395264
3,106.356,grad,18702670336
3,107.593,grad,18625145344
3,109.553,grad,18632485376
3,110.895,grad,18641922560
3,112.151,grad,18665106944
3,113.387,grad,18693488128
3,114.639,grad,18839371264
3,115.875,grad,18902351360
3,117.981,grad,18924375552
3,119.262,grad,18933812736
3,120.514,grad,18956997120
3,121.746,grad,19024175616
3,122.987,grad,19286450688
3,124.225,grad,19208929792
3,126.183,grad,19216265728
3,127.463,grad,19225702912
3,128.732,grad,19263567360
3,129.97,grad,19316065792
3,131.202,grad,19578340864
3,132.433,grad,19500815872
3,134.37,grad,19508155904
3,135.654,grad,19517593088
3,136.911,grad,19540777472
3,138.145,grad,19607955968
3,139.374,grad,19870231040
3,140.63,grad,19792706048
3,142.594,grad,19800046080
3,143.852,grad,19809483264
3,145.114,grad,19832667648
3,146.358,grad,19861048832
3,147.607,grad,20006931968
3,148.841,grad,20084592128
3,151.008,grad,20091936256
3,152.292,grad,20101373440
3,153.617,grad,20124557824
3,154.886,grad,20152939008
3,156.131,grad,20298822144
3,157.409,grad,20361802240
3,159.833,grad,20383826432
3,161.132,grad,20393263616
3,162.391,grad,20416448000
3,163.702,grad,20444829184
3,164.942,grad,20590712320
3,166.174,grad,20668372480
3,168.298,grad,20675716608
3,169.572,grad,20685153792
3,170.819,grad,20708338176
3,172.164,grad,20736719360
3,173.442,grad,20882602496
3,174.696,grad,20960262656
3,176.924,grad,20967606784
3,178.192,grad,20977043968
3,179.446,grad,20992888320
3,180.753,grad,21028609536
3,182.013,grad,21252087296
3,183.242,grad,21252152832
3,185.356,grad,21259496960
3,186.635,grad,21268934144
3,187.934,grad,21284778496
3,189.195,grad,21313155584
3,190.488,grad,21451637248
3,191.735,grad,21590114816
3,194.53,grad,21551387136
3,195.79,grad,21560824320
3,197.085,grad,21576668672
3,198.317,grad,21634414080
3,199.591,grad,21758207488
3,200.84,grad,21896750592
3,203.198,grad,21843277312
3,204.667,grad,21852714496
3,206.001,grad,21868558848
3,207.252,grad,21918964224
3,208.53,grad,22050097664
3,209.795,grad,22181300736
3,212.13,grad,22135167488
3,213.392,grad,22144604672
3,214.669,grad,22160449024
3,215.997,grad,22196170240
3,217.235,grad,22343101952
3,218.512,grad,22406082048
3,220.674,grad,22428106240
3,221.934,grad,22437543424
3,223.177,grad,22453387776
3,224.407,grad,22503793152
3,225.647,grad,22635975168
3,226.874,grad,22789198336
3,229.176,grad,22721044992
3,230.431,grad,22730482176
3,231.687,grad,22746326528
3,232.922,grad,22796731904
3,234.151,grad,22927865344
3,235.388,grad,23066408448
3,237.677,grad,23012935168
3,238.93,grad,23022372352
3,240.175,grad,23038216704
3,241.516,grad,23073937920
3,242.769,grad,23219821056
3,244.02,grad,23297481216
3,246.308,grad,23304825344
3,247.586,grad,23314262528
3,248.832,grad,23337446912
3,250.061,grad,23365828096
3,251.288,grad,23511711232
3,252.538,grad,23574691328
3,254.979,grad,23596715520
3,256.257,grad,23606152704
3,257.537,grad,23629337088
3,258.777,grad,23657718272
3,260.009,grad,23803601408
3,261.237,grad,23881261568
3,263.329,grad,23888605696
3,264.597,grad,23898042880
3,265.84,grad,23921227264
3,267.066,grad,23949608448
3,268.298,grad,24095491584
3,269.541,grad,24173151744
3,270.776,grad,25722956800
3,273.429,grad,25092754432
3,274.682,grad,24781327872
3,275.909,grad,24781327872
3,277.134,grad,24781327872
3,278.401,grad,24781336576
3,279.751,grad,24173144576
3,281.075,grad,24200796672
3,282.419,grad,24072542720
3,283.774,grad,23983086080
3,285.122,grad,23944743424
3,286.441,grad,23940934144
3,287.788,grad,23902029312
3,289.107,grad,23930340864
3,290.558,grad,23919855104
3,292.134,grad,23896098304
3,293.446,grad,23900857856
3,294.785,grad,23959303680
3,296.119,grad,23799526912
3,297.441,grad,23717410304
3,298.776,grad,23663928832
3,300.105,grad,23640237568
3,301.427,grad,23621673472
3,302.767,grad,23649985024
3,304.186,grad,23639499264
3,305.771,grad,23615742464
3,307.082,grad,23620493824
3,308.425,grad,23562490368
3,309.776,grad,23519171072
3,311.114,grad,23429714432
3,312.447,grad,23384097280
3,313.798,grad,23374987776
3,316.417,grad,23340269056
3,317.77,grad,23359471104
3,319.776,grad,23335386624
3,321.099,grad,23340137984
3,322.441,grad,23282134528
3,323.818,grad,23238815232
3,325.166,grad,23149358592
3,326.499,grad,23103741440
3,327.822,grad,23084670464
3,329.865,grad,23059913216
3,331.178,grad,23078656512
3,332.903,grad,23055030784
3,334.216,grad,23059798528
3,335.537,grad,23040576000
3,336.859,grad,22965799424
3,338.188,grad,22876342784
3,339.58,grad,22823320064
3,340.91,grad,22812178944
3,342.237,grad,22779557376
3,343.583,grad,22809441792
3,345.15,grad,22774183424
3,346.473,grad,22782014976
3,347.788,grad,22794106368
3,349.11,grad,22721422848
3,350.442,grad,22677054976
3,351.791,grad,22587598336
3,353.114,grad,22541915648
3,354.436,grad,22530774528
3,355.768,grad,22498152960
3,357.13,grad,22528037376
3,358.687,grad,22492779008
3,359.994,grad,22500610560
3,361.312,grad,22512701952
3,362.675,grad,22440018432
3,364.025,grad,22389359104
3,365.348,grad,22298853888
3,366.72,grad,22261559808
3,368.065,grad,22242030080
3,369.398,grad,22216748544
3,370.75,grad,22231428608
3,372.095,grad,22235950592
3,373.891,grad,22211866112
3,375.208,grad,22216617472
3,376.507,grad,22197411328
3,377.835,grad,22115294720
3,379.161,grad,22040518144
3,380.592,grad,21980155392
3,381.921,grad,21967965696
3,383.246,grad,21936392704
3,384.572,grad,21966277120
3,386.163,grad,21931018752
3,387.484,grad,21938850304
3,388.805,grad,21950941696
3,390.125,grad,21878258176
3,391.473,grad,21835233792
3,392.802,grad,21745777152
3,394.133,grad,21700160000
3,395.483,grad,21690001920
3,396.812,grad,21656331776
3,398.139,grad,21686281728
3,399.666,grad,21650957824
3,400.988,grad,21658789376
3,402.318,grad,21656200704
3,403.693,grad,21636994560
3,405.023,grad,21554877952
3,406.346,grad,21480101376
3,407.72,grad,21419279872
3,409.046,grad,21399160320
3,410.373,grad,21377024512
3,411.748,grad,21405336064
3,413.077,grad,21394784768
3,414.785,grad,21371093504
3,416.108,grad,21375844864
3,417.431,grad,21354279424
3,418.79,grad,21274128896
3,420.189,grad,21192471040
3,421.519,grad,21131584000
3,422.857,grad,21114085888
3,424.184,grad,21117640192
3,425.556,grad,21095620096
3,426.88,grad,21114363392
3,428.647,grad,21090737664
3,429.957,grad,21095497216
3,431.27,grad,21076282880
3,432.634,grad,20994231808
3,434.018,grad,20912180736
3,435.356,grad,20836613632
3,436.719,grad,20830125568
3,438.093,grad,20837349888
3,439.5,grad,20815329792
3,440.823,grad,20834531840
3,442.611,grad,20810447360
3,443.921,grad,20815211008
3,445.245,grad,20795992576
3,446.625,grad,20713875968
3,447.961,grad,20631824896
3,449.292,grad,20578343424
3,450.666,grad,20554553856
3,452.008,grad,20535039488
3,453.338,grad,20549719552
3,454.721,grad,20553782784
3,456.479,grad,20530157056
3,457.795,grad,20534924800
3,459.121,grad,20515702272
3,460.484,grad,20433585664
3,461.801,grad,20351534592
3,463.123,grad,20298053120
3,464.475,grad,20277933568
3,465.797,grad,20255797760
3,467.249,grad,20254749184
3,468.58,grad,20273492480
3,470.344,grad,20249866752
3,471.695,grad,20254630400
3,473.019,grad,20235477504
3,474.335,grad,20168040960
3,475.703,grad,20085924352
3,477.023,grad,20017762816
3,478.367,grad,20008710656
3,479.747,grad,19989138944
3,481.083,grad,19989138944
3,482.414,grad,19993267712
3,484.123,grad,19969576448
3,485.443,grad,19974340096
3,486.781,grad,20032781824
3,488.1,grad,19887750656
3,489.424,grad,19790953984
3,490.775,grad,19737472512
3,492.116,grad,19713682944
3,493.48,grad,19695217152
3,494.817,grad,19723528704
3,496.139,grad,19712977408
3,497.801,grad,19689286144
3,499.115,grad,19694053888
3,500.428,grad,19674831360
3,501.771,grad,19592714752
3,503.1,grad,19518003712
3,504.425,grad,19457182208
3,505.776,grad,19433392640
3,507.098,grad,19414926848
3,508.429,grad,19443238400
3,509.858,grad,19432752640
3,511.428,grad,19408995840
3,512.973,grad,19416106496
3,514.413,grad,19406861824
3,515.769,grad,19389625856
3,517.107,grad,19307574784
3,518.434,grad,19184236032
3,519.775,grad,19163063808
3,521.098,grad,19135685120
3,522.923,grad,19148268032
3,524.244,grad,19152396800
3,525.939,grad,19128705536
3,527.255,grad,19133473280
3,528.595,grad,19191845376
3,529.908,grad,19046879744
3,531.226,grad,18950083072
3,532.591,grad,18911281664
3,533.913,grad,18887549440
3,535.244,grad,18853297664
3,536.581,grad,18882657792
3,537.895,grad,18872106496
3,539.588,grad,18848415232
3,540.901,grad,18853178880
3,542.216,grad,18833960448
3,543.576,grad,18759183872
3,544.899,grad,18662452736
3,546.314,grad,18616770048
3,547.699,grad,18597240320
3,549.025,grad,18574055936
3,550.432,grad,18602891776
3,552.062,grad,18567633408
3,553.387,grad,18575464960
3,554.754,grad,18572876288
3,556.107,grad,18592467456
3,557.437,grad,18478893568
3,558.792,grad,18382162432
3,560.238,grad,18336479744
3,561.581,grad,18316950016
3,562.913,grad,18293765632
3,564.279,grad,18292717056
3,565.627,grad,18311919104
3,567.378,grad,18287834624
3,568.739,grad,18292602368
3,570.074,grad,18273379840
3,571.441,grad,18191263232
3,572.789,grad,18109212160
3,574.161,grad,18055730688
3,575.505,grad,18036135424
3,576.83,grad,18013475328
3,578.154,grad,18041852416
3,579.483,grad,18031301120
3,581.042,grad,18007544320
3,582.364,grad,18012295680
3,583.732,grad,17993089536
3,585.062,grad,17910972928
3,586.39,grad,17836261888
3,587.736,grad,17775440384
3,589.073,grad,17756369408
3,590.407,grad,17732136448
3,591.773,grad,17761562112
3,593.162,grad,17751010816
3,594.758,grad,17727254016
3,596.075,grad,17732021760
3,597.398,grad,17712799232
3,598.742,grad,17630682624
3,600.083,grad,17555971584
3,601.551,grad,17495608832
3,602.88,grad,17483419136
3,604.213,grad,17451846144
3,605.503,grad,17481271808
3,606.852,grad,17470720512
3,608.704,grad,17446111744
3,610.019,grad,17450871296
3,611.337,grad,17431656960
3,612.718,grad,17364220416
3,614.047,grad,17282234880
3,615.377,grad,17229539840
3,616.726,grad,17205807616
3,618.067,grad,17186235904
3,619.396,grad,17186235904
3,620.745,grad,17190299136
3,622.477,grad,17166673408
3,623.79,grad,17171441152
3,625.117,grad,17151366656
3,626.481,grad,17076590080
3,627.804,grad,16995390976
3,629.125,grad,16934569472
3,630.47,grad,16914449920
3,631.785,grad,16892314112
3,633.117,grad,16920625664
3,634.536,grad,16910139904
3,636.091,grad,16885531136
3,637.406,grad,16890282496
3,638.762,grad,16871076352
3,640.086,grad,16788959744
3,641.41,grad,16715100672
3,642.73,grad,16654279168
3,644.073,grad,16633111040
3,645.397,grad,16618315264
3,647.094,grad,16610975232
3,648.479,grad,16629816832
3,650.273,grad,16606092800
3,651.615,grad,16610852352
3,652.984,grad,16591703552
3,654.376,grad,16508538368
3,655.744,grad,16425438720
3,657.07,grad,16364551680
3,658.404,grad,16350723584
3,659.76,grad,16328587776
3,661.746,grad,16320985600
3,663.072,grad,16339827200
3,664.933,grad,16316103168
3,666.23,grad,16306174464
3,667.509,grad,16306174464
3,668.758,grad,16306174464
3,670.026,grad,16306173952
3,671.923,grad,16306173952
3,673.202,grad,16306173952
3,674.519,grad,16306173952
3,675.763,grad,16306173952
3,679.295,grad,16306173952
3,680.563,grad,16306173952
3,681.808,grad,16325769216
3,683.045,grad,16348444672
3,684.282,grad,16361224192
3,685.894,grad,16361224192
3,687.162,grad,16361549824
3,688.555,grad,16523190272
3,689.834,grad,16523190272
3,692.414,grad,16523190272
3,693.736,grad,16467656192
3,695.051,grad,16290577408
3,696.303,grad,16140860416
3,701.73,grad,16140860416
3,708.099,grad,16140868608
3,714.441,grad,16140868608
3,720.802,grad,16140868608
3,724.667,grad,16140868608
3,725.919,grad,16148345856
3,728.69,grad,16155814912
3,729.982,grad,16165252096
3,731.23,grad,16181096448
3,732.563,grad,16216817664
3,733.806,grad,16442392576
3,735.043,grad,16450658304
3,736.981,grad,16457994240
3,738.232,grad,16468283392
3,739.485,grad,16506147840
3,740.749,grad,16573326336
3,741.981,grad,16704529408
3,744.632,grad,16749884416
3,745.886,grad,16760173568
3,747.134,grad,16798038016
3,748.393,grad,16865216512
3,749.641,grad,16996419584
3,752.285,grad,17041774592
3,753.562,grad,17052063744
3,754.806,grad,17089928192
3,756.036,grad,17157106688
3,757.267,grad,17288309760
3,760.129,grad,17334516736
3,761.402,grad,17351293952
3,762.657,grad,17381883904
3,763.888,grad,17449062400
3,765.117,grad,17665134592
3,767.637,grad,17626406912
3,768.893,grad,17643184128
3,770.137,grad,17673774080
3,771.388,grad,17740952576
3,772.636,grad,17879430144
3,775.211,grad,17918297088
3,776.474,grad,17935074304
3,777.718,grad,17965664256
3,778.948,grad,18032842752
3,780.176,grad,18171320320
3,782.718,grad,18210187264
3,783.972,grad,18226964480
3,785.215,grad,18257554432
3,786.443,grad,18324732928
3,787.687,grad,18463210496
3,790.205,grad,18502077440
3,791.462,grad,18511514624
3,792.702,grad,18549379072
3,793.934,grad,18616623104
3,795.159,grad,18755100672
3,797.711,grad,18793967616
3,799.109,grad,18803404800
3,800.358,grad,18841269248
3,801.621,grad,18908447744
3,802.855,grad,19039650816
3,805.486,grad,19085857792
3,806.758,grad,19102635008
3,808.002,grad,19133224960
3,809.235,grad,19200403456
3,810.47,grad,19338881024
3,813.005,grad,19377747968
3,814.258,grad,19394525184
3,815.507,grad,19425049600
3,816.74,grad,19492293632
3,817.973,grad,19630771200
3,820.561,grad,19669638144
3,821.813,grad,19686415360
3,823.056,grad,19717005312
3,824.29,grad,19784183808
3,825.475,grad,19922661376
3,828.01,grad,19961528320
3,829.269,grad,19978305536
3,830.534,grad,19994149888
3,831.768,grad,20061328384
3,833.0,grad,20246008832
3,834.231,grad,20246082560
3,836.128,grad,20253418496
3,837.381,grad,20262855680
3,838.682,grad,20300720128
3,839.925,grad,20367898624
3,841.208,grad,20499101696
3,844.906,grad,20545308672
3,846.174,grad,20554745856
3,847.461,grad,20592610304
3,848.696,grad,20659788800
3,849.953,grad,20790991872
3,852.718,grad,20837198848
3,853.976,grad,20846636032
3,855.221,grad,20884500480
3,856.468,grad,20951744512
3,857.716,grad,21090222080
3,860.294,grad,21129089024
3,861.573,grad,21138526208
3,862.843,grad,21161710592
3,864.079,grad,21228889088
3,865.309,grad,21491164160
3,866.553,grad,21413647360
3,868.449,grad,21420979200
3,869.719,grad,21437756416
3,871.003,grad,21468346368
3,872.28,grad,21535524864
3,873.564,grad,21674002432
3,876.198,grad,21712869376
3,877.511,grad,21722306560
3,878.761,grad,21760171008
3,879.996,grad,21827349504
3,881.248,grad,21958552576
3,882.531,grad,21997423616
3,884.633,grad,22004759552
3,885.909,grad,22014196736
3,887.216,grad,22037381120
3,888.511,grad,22104559616
3,889.751,grad,22366834688
3,890.983,grad,22289313792
3,893.185,grad,22296649728
3,894.476,grad,22306086912
3,895.725,grad,22329271296
3,896.973,grad,22396449792
3,898.206,grad,22542332928
3,899.442,grad,22603224064
3,901.278,grad,22588539904
3,902.556,grad,22597977088
3,903.802,grad,22621161472
3,905.035,grad,22688339968
3,906.286,grad,22834223104
3,907.499,grad,22873094144
3,909.389,grad,22880430080
3,910.663,grad,22889867264
3,911.905,grad,22927731712
3,913.137,grad,22980230144
3,914.375,grad,23243553792
3,915.628,grad,23180712960
3,917.546,grad,23173368832
3,918.799,grad,23182806016
3,920.043,grad,23220670464
3,921.308,grad,23287914496
3,922.554,grad,23419052032
3,925.298,grad,23465259008
3,926.577,grad,23474696192
3,927.826,grad,23512560640
3,929.055,grad,23579739136
3,930.348,grad,23711990784
3,933.198,grad,23758197760
3,934.765,grad,23767634944
3,936.026,grad,23783479296
3,937.275,grad,23841224704
3,938.514,grad,23965018112
3,939.747,grad,24118241280
3,942.113,grad,24050087936
3,943.446,grad,24059525120
3,944.716,grad,24075369472
3,945.979,grad,24103758848
3,947.253,grad,24203430912
3,948.508,grad,24381819904
3,949.741,grad,25261575168
3,950.974,grad,25254244864
3,952.958,grad,25254236672
3,954.2,grad,24942810112
3,955.433,grad,24942810112
3,956.673,grad,24942810112
3,957.943,grad,24942810112
3,959.368,grad,24334639104
3,960.737,grad,24400355328
3,962.059,grad,24241692672
3,963.422,grad,24158527488
3,964.85,grad,24105504768
3,966.193,grad,24101695488
3,967.521,grad,24062790656
3,968.862,grad,24091167744
3,970.234,grad,24080616448
3,971.832,grad,24056859648
3,973.151,grad,24061623296
3,974.485,grad,24042404864
3,975.833,grad,23967628288
3,977.165,grad,23863491584
3,978.515,grad,23825148928
3,979.839,grad,23813811200
3,981.175,grad,23788726272
3,982.512,grad,23811729408
3,984.1,grad,23776012288
3,985.421,grad,23783843840
3,986.776,grad,23781255168
3,988.116,grad,23723251712
3,989.484,grad,23678883840
3,990.84,grad,23589427200
3,992.164,grad,23543810048
3,993.505,grad,23533651968
3,994.824,grad,23499981824
3,996.15,grad,23529931776
3,997.663,grad,23494607872
3,999.008,grad,23502439424
3,1000.339,grad,23507190784
3,1001.712,grad,23478285312
3,1003.137,grad,23398593536
3,1004.476,grad,23331156992
3,1005.8,grad,23277609984
3,1007.135,grad,23255450624
3,1008.482,grad,23220674560
3,1009.83,grad,23249051648
3,1011.189,grad,23238500352
3,1012.793,grad,23214743552
3,1014.115,grad,23219503104
3,1015.438,grad,23200288768
3,1016.774,grad,23124463616
3,1018.101,grad,23027666944
3,1019.501,grad,22981984256
3,1020.81,grad,22979289088
3,1022.126,grad,22939270144
3,1023.548,grad,22968105984
3,1025.147,grad,22932847616
3,1026.468,grad,22940679168
3,1027.785,grad,22938090496
3,1029.106,grad,22957681664
3,1030.427,grad,22829427712
3,1031.765,grad,22739971072
3,1033.094,grad,22701628416
3,1034.414,grad,22694738944
3,1035.759,grad,22658914304
3,1037.1,grad,22687291392
3,1038.42,grad,22659831808
3,1039.961,grad,22652983296
3,1041.278,grad,22657746944
3,1042.637,grad,22638528512
3,1043.954,grad,22556411904
3,1045.319,grad,22466955264
3,1046.808,grad,22421272576
3,1048.151,grad,22403217408
3,1049.486,grad,22377509888
3,1050.82,grad,22377509888
3,1052.161,grad,22396253184
3,1053.916,grad,22372627456
3,1055.229,grad,22377395200
3,1056.549,grad,22358172672
3,1057.878,grad,22276056064
3,1059.205,grad,22201279488
3,1060.641,grad,22140916736
3,1061.964,grad,22136124416
3,1063.282,grad,22098202624
3,1064.652,grad,22126579712
3,1065.972,grad,22116028416
3,1067.568,grad,22092271616
3,1068.878,grad,22097039360
3,1070.195,grad,22078111744
3,1071.537,grad,22003335168
3,1072.856,grad,21921218560
3,1074.291,grad,21860855808
3,1075.649,grad,21851344896
3,1076.964,grad,21831773184
3,1078.285,grad,21831773184
3,1079.649,grad,21835901952
3,1081.358,grad,21812210688
3,1082.725,grad,21816974336
3,1084.06,grad,21797755904
3,1085.433,grad,21722979328
3,1086.782,grad,21640862720
3,1088.104,grad,21580041216
3,1089.428,grad,21556251648
3,1090.765,grad,21536737280
3,1092.114,grad,21566097408
3,1093.557,grad,21555611648
3,1095.376,grad,21531854848
3,1096.729,grad,21536622592
3,1098.055,grad,21517400064
3,1099.401,grad,21442623488
3,1100.764,grad,21345826816
3,1102.202,grad,21300144128
3,1103.546,grad,21280614400
3,1104.866,grad,21256381440
3,1106.236,grad,21286265856
3,1107.79,grad,21251007488
3,1109.105,grad,21258839040
3,1110.437,grad,21270930432
3,1111.784,grad,21275841536
3,1113.102,grad,21162333184
3,1114.433,grad,21072876544
3,1115.85,grad,21019853824
3,1117.194,grad,21000324096
3,1118.528,grad,20976091136
3,1119.919,grad,21005975552
3,1121.484,grad,20970717184
3,1122.79,grad,20978548736
3,1124.11,grad,20975960064
3,1125.441,grad,20917956608
3,1126.804,grad,20867690496
3,1128.13,grad,20778233856
3,1129.467,grad,20739891200
3,1130.783,grad,20720361472
3,1132.107,grad,20697177088
3,1133.469,grad,20725554176
3,1134.785,grad,20715068416
3,1136.352,grad,20691246080
3,1137.696,grad,20696005632
3,1139.021,grad,20676791296
3,1140.377,grad,20602014720
3,1141.751,grad,20505218048
3,1143.172,grad,20459535360
3,1144.52,grad,20440005632
3,1145.838,grad,20415772672
3,1147.361,grad,20415772672
3,1148.734,grad,20434515968
3,1150.588,grad,20410890240
3,1151.906,grad,20415649792
3,1153.228,grad,20474161152
3,1154.506,grad,20329129984
3,1155.826,grad,20232267776
3,1157.165,grad,20178786304
3,1158.508,grad,20154996736
3,1159.838,grad,20135482368
3,1161.159,grad,20164842496
3,1162.473,grad,20154684416
3,1164.214,grad,20130599936
3,1165.527,grad,20135367680
3,1166.841,grad,20116210688
3,1168.182,grad,20034094080
3,1169.503,grad,19951977472
3,1170.826,grad,19898496000
3,1172.153,grad,19874706432
3,1173.502,grad,19856240640
3,1174.841,grad,19884552192
3,1176.276,grad,19874066432
3,1177.921,grad,19850309632
3,1179.246,grad,19855073280
3,1180.593,grad,19833495552
3,1181.936,grad,19753345024
3,1183.309,grad,19671228416
3,1184.682,grad,19640160256
3,1186.031,grad,19596972032
3,1187.319,grad,19575884800
3,1189.132,grad,19589516288
3,1190.482,grad,19593645056
3,1192.489,grad,19569953792
3,1193.815,grad,19574713344
3,1195.15,grad,19633159168
3,1196.484,grad,19488128000
3,1197.812,grad,19406011392
3,1199.14,grad,19337784320
3,1200.479,grad,19321392128
3,1201.796,grad,19309160448
3,1203.204,grad,19294480384
3,1204.521,grad,19313223680
3,1206.276,grad,19289597952
3,1207.616,grad,19294361600
3,1208.939,grad,19352737792
3,1210.257,grad,19207772160
3,1211.588,grad,19125721088
3,1212.911,grad,19050153984
3,1214.236,grad,19028985856
3,1215.597,grad,19036210176
3,1216.998,grad,19014190080
3,1218.311,grad,19033392128
3,1220.11,grad,19009307648
3,1221.428,grad,19014075392
3,1222.772,grad,19072447488
3,1224.104,grad,18927481856
3,1225.425,grad,18845299712
3,1226.774,grad,18791818240
3,1228.117,grad,18768086016
3,1229.481,grad,18733834240
3,1230.826,grad,18748514304
3,1232.164,grad,18752643072
3,1233.897,grad,18728951808
3,1235.212,grad,18733703168
3,1236.505,grad,18714497024
3,1237.845,grad,18632445952
3,1239.183,grad,18550329344
3,1240.507,grad,18496847872
3,1241.836,grad,18473058304
3,1243.181,grad,18454592512
3,1244.648,grad,18453543936
3,1245.969,grad,18472745984
3,1247.749,grad,18448661504
3,1249.076,grad,18453421056
3,1250.398,grad,18434206720
3,1251.758,grad,18352090112
3,1253.104,grad,18270039040
3,1254.603,grad,18217016320
3,1255.949,grad,18197486592
3,1257.279,grad,18173253632
3,1258.717,grad,18203138048
3,1260.337,grad,18167879680
3,1261.714,grad,18175711232
3,1263.054,grad,18173122560
3,1264.388,grad,18192713728
3,1265.757,grad,18071799808
3,1267.095,grad,17997023232
3,1268.571,grad,17936660480
3,1269.906,grad,17917130752
3,1271.237,grad,17892897792
3,1272.509,grad,17922323456
3,1273.903,grad,17911772160
3,1275.523,grad,17888015360
3,1276.836,grad,17892783104
3,1278.163,grad,17873560576
3,1279.5,grad,17791443968
3,1280.826,grad,17709392896
3,1282.163,grad,17655911424
3,1283.492,grad,17632121856
3,1284.822,grad,17612607488
3,1286.157,grad,17612607488
3,1287.513,grad,17631350784
3,1289.323,grad,17606873088
3,1290.66,grad,17611624448
3,1292.007,grad,17590124544
3,1293.337,grad,17587503104
3,1294.766,grad,17505452032
3,1296.122,grad,17382113280
3,1297.479,grad,17360941056
3,1298.828,grad,17335462912
3,1300.686,grad,17331465216
3,1302.044,grad,17350208512
3,1303.893,grad,17326582784
3,1305.214,grad,17331346432
3,1306.543,grad,17389788160
3,1307.869,grad,17230076928
3,1309.189,grad,17148877824
3,1310.512,grad,17073310720
3,1311.828,grad,17074162688
3,1313.163,grad,17053075456
3,1314.944,grad,17052026880
3,1316.319,grad,17070770176
3,1318.166,grad,17046292480
3,1319.486,grad,17051052032
3,1320.804,grad,17031903232
3,1322.133,grad,16949786624
3,1323.448,grad,16868587520
3,1324.783,grad,16814188544
3,1326.114,grad,16801212416
3,1327.43,grad,16782746624
3,1329.043,grad,16771736576
3,1330.395,grad,16790545408
3,1332.26,grad,16766854144
3,1333.61,grad,16771609600
3,1335.018,grad,16751612928
3,1336.36,grad,16669496320
3,1337.747,grad,16585348096
3,1339.078,grad,16524461056
3,1340.416,grad,16510632960
3,1341.773,grad,16488497152
3,1343.763,grad,16480894976
3,1345.111,grad,16499703808
3,1346.973,grad,16476012544
3,1348.278,grad,16466083840
3,1349.586,grad,16466083840
3,1350.845,grad,16466083840
3,1352.358,grad,16466083328
3,1354.357,grad,16466083328
3,1355.741,grad,16466083328
3,1357.106,grad,16466083328
3,1358.366,grad,16466083328
3,1362.273,grad,16466083328
3,1363.887,grad,16466083328
3,1365.151,grad,16483778048
3,1366.391,grad,16505339392
3,1367.669,grad,16521133568
3,1369.594,grad,16521133568
3,1370.855,grad,16521143808
3,1372.144,grad,16683099648
3,1375.473,grad,16683099648
3,1376.806,grad,16667371520
3,1378.121,grad,16618848768
3,1379.414,grad,16447275520
3,1380.701,grad,16302342656
3,1382.025,grad,16325378560
3,1383.283,grad,16357851648
3,1384.556,grad,16389440000
3,1385.828,grad,16423256576
3,1387.135,grad,16454713856
3,1393.419,grad,16141844992
3,1399.784,grad,16141853184
3,1406.138,grad,16141853184
3,1412.476,grad,16141853184
3,1416.911,grad,16141853184
3,1418.207,grad,16149330432
3,1421.193,grad,16156799488
3,1422.558,grad,16166236672
3,1423.809,grad,16182081024
3,1425.139,grad,16218654208
3,1426.378,grad,16366634496
3,1427.643,grad,16436954624
3,1429.901,grad,16458978816
3,1431.164,grad,16469267968
3,1432.431,grad,16485112320
3,1433.775,grad,16520833536
3,1435.021,grad,16744311296
3,1436.254,grad,16742681088
3,1438.198,grad,16750868992
3,1439.491,grad,16760306176
3,1440.738,grad,16799022592
3,1441.977,grad,16866201088
3,1443.208,grad,16958606848
3,1444.443,grad,17058295296
3,1446.25,grad,17043611136
3,1447.495,grad,17053048320
3,1448.755,grad,17076232704
3,1449.997,grad,17143411200
3,1451.229,grad,17289294336
3,1452.462,grad,17328165376
3,1454.695,grad,17335501312
3,1455.953,grad,17344938496
3,1457.222,grad,17382802944
3,1458.492,grad,17449981440
3,1459.725,grad,17542387200
3,1460.953,grad,17642075648
3,1462.729,grad,17627391488
3,1463.99,grad,17636828672
3,1465.233,grad,17674693120
3,1466.49,grad,17741937152
3,1467.719,grad,17880414720
3,1470.314,grad,17919281664
3,1471.581,grad,17928718848
3,1472.826,grad,17951903232
3,1474.066,grad,18019081728
3,1475.32,grad,18164964864
3,1476.561,grad,18203835904
3,1478.567,grad,18211171840
3,1479.842,grad,18220609024
3,1481.126,grad,18258473472
3,1482.363,grad,18325651968
3,1483.623,grad,18456855040
3,1486.348,grad,18503062016
3,1487.615,grad,18512499200
3,1488.865,grad,18550363648
3,1490.101,grad,18617607680
3,1491.331,grad,18756085248
3,1493.983,grad,18794952192
3,1495.347,grad,18804389376
3,1496.655,grad,18827573760
3,1497.915,grad,18909432320
3,1499.196,grad,19040635392
3,1501.912,grad,19086842368
3,1503.164,grad,19096279552
3,1504.418,grad,19134144000
3,1505.662,grad,19201322496
3,1506.901,grad,19332525568
3,1509.676,grad,19378732544
3,1510.958,grad,19388169728
3,1512.238,grad,19426034176
3,1513.48,grad,19493212672
3,1514.747,grad,19624415744
3,1517.496,grad,19670622720
3,1518.763,grad,19680059904
3,1520.015,grad,19717924352
3,1521.245,grad,19785168384
3,1522.477,grad,19923645952
3,1525.152,grad,19962512896
3,1526.442,grad,19971950080
3,1527.722,grad,20009814528
3,1528.987,grad,20077058560
3,1530.222,grad,20215536128
3,1532.87,grad,20254403072
3,1534.14,grad,20263840256
3,1535.432,grad,20301704704
3,1536.707,grad,20368883200
3,1537.941,grad,20500086272
3,1540.828,grad,20546293248
3,1542.091,grad,20555730432
3,1543.343,grad,20593594880
3,1544.597,grad,20660773376
3,1545.855,grad,20753179136
3,1547.094,grad,20852867584
3,1548.893,grad,20838183424
3,1550.144,grad,20847620608
3,1551.417,grad,20885485056
3,1552.66,grad,20937983488
3,1553.895,grad,21122663936
3,1555.124,grad,21144757760
3,1556.991,grad,21130073600
3,1558.244,grad,21139510784
3,1559.492,grad,21177375232
3,1560.722,grad,21244553728
3,1561.99,grad,21375756800
3,1564.736,grad,21421963776
3,1565.997,grad,21431400960
3,1567.247,grad,21469265408
3,1568.485,grad,21536443904
3,1569.718,grad,21667646976
3,1572.397,grad,21713853952
3,1573.667,grad,21723291136
3,1574.944,grad,21761155584
3,1576.179,grad,21828334080
3,1577.411,grad,21959537152
3,1580.115,grad,22005744128
3,1581.475,grad,22015181312
3,1582.742,grad,22038365696
3,1583.991,grad,22105544192
3,1585.263,grad,22251427328
3,1586.505,grad,22290298368
3,1588.331,grad,22297634304
3,1589.607,grad,22314411520
3,1590.857,grad,22345001472
3,1592.104,grad,22412179968
3,1593.339,grad,22550657536
3,1595.952,grad,22589524480
3,1597.231,grad,22598961664
3,1598.505,grad,22636826112
3,1599.778,grad,22704004608
3,1601.047,grad,22835207680
3,1603.771,grad,22881414656
3,1605.044,grad,22890851840
3,1606.295,grad,22928716288
3,1607.548,grad,22995894784
3,1608.786,grad,23127097856
3,1611.507,grad,23173304832
3,1612.766,grad,23182742016
3,1614.028,grad,23220606464
3,1615.27,grad,23287784960
3,1616.576,grad,23418988032
3,1619.333,grad,23465195008
3,1620.598,grad,23481972224
3,1621.839,grad,23512562176
3,1623.076,grad,23579740672
3,1624.306,grad,23718218240
3,1627.137,grad,23757085184
3,1628.401,grad,23773862400
3,1629.656,grad,23804452352
3,1630.895,grad,23871630848
3,1632.126,grad,24010108416
3,1634.766,grad,24048975360
3,1636.024,grad,24058412544
3,1637.272,grad,24096342528
3,1638.499,grad,24163521024
3,1639.726,grad,24294658560
3,1641.026,grad,24326185472
3,1642.26,grad,25883339264
3,1644.61,grad,25253124096
3,1645.858,grad,24941697536
3,1647.105,grad,24941697536
3,1648.337,grad,24941697536
3,1649.598,grad,24941697536
3,1650.915,grad,24637601280
3,1652.262,grad,24334034432
3,1653.615,grad,24317519360
3,1654.958,grad,24157742592
3,1656.35,grad,24097314304
3,1657.733,grad,24076146176
3,1659.127,grad,24083370496
3,1660.595,grad,24061350400
3,1662.0,grad,24080093696
3,1663.827,grad,24056467968
3,1665.15,grad,24061219328
3,1666.488,grad,24080810496
3,1667.804,grad,23952556544
3,1669.142,grad,23870439936
3,1670.478,grad,23824822784
3,1671.807,grad,23805227520
3,1673.868,grad,23780994560
3,1675.193,grad,23799737856
3,1676.898,grad,23776112128
3,1678.21,grad,23780863488
3,1679.538,grad,23722860032
3,1680.875,grad,23679540736
3,1682.253,grad,23590084096
3,1683.598,grad,23544401408
3,1684.926,grad,23533260288
3,1686.254,grad,23500638720
3,1687.595,grad,23530588672
3,1689.11,grad,23495264768
3,1690.64,grad,23495756288
3,1691.955,grad,23500507648
3,1693.294,grad,23520098816
3,1694.656,grad,23391844864
3,1696.029,grad,23302388224
3,1697.356,grad,23264111104
3,1698.741,grad,23246088704
3,1700.808,grad,23220282880
3,1702.141,grad,23239091712
3,1703.834,grad,23215400448
3,1705.163,grad,23220151808
3,1706.496,grad,23162148352
3,1707.842,grad,23118829056
3,1709.181,grad,22991296000
3,1710.509,grad,22969730560
3,1711.871,grad,22941696512
3,1713.858,grad,22940647936
3,1715.2,grad,22959456768
3,1716.877,grad,22935765504
3,1718.205,grad,22940516864
3,1719.546,grad,22882513408
3,1720.906,grad,22839194112
3,1722.25,grad,22710940160
3,1723.61,grad,22689374720
3,1724.983,grad,22661340672
3,1726.931,grad,22660292096
3,1728.262,grad,22679100928
3,1729.993,grad,22655409664
3,1731.321,grad,22660161024
3,1732.725,grad,22640954880
3,1734.069,grad,22559133184
3,1735.4,grad,22469676544
3,1736.846,grad,22423993856
3,1738.202,grad,22411804160
3,1739.531,grad,22387571200
3,1740.846,grad,22394911232
3,1742.168,grad,22399040000
3,1743.847,grad,22375348736
3,1745.169,grad,22380100096
3,1746.505,grad,22322096640
3,1747.842,grad,22278777344
3,1749.176,grad,22150523392
3,1750.519,grad,22128957952
3,1751.908,grad,22100923904
3,1753.9,grad,22099875328
3,1755.229,grad,22118618624
3,1756.936,grad,22094992896
3,1758.263,grad,22099748352
3,1759.6,grad,22080603648
3,1760.951,grad,22005827072
3,1762.295,grad,21901690368
3,1763.701,grad,21863347712
3,1765.044,grad,21846496768
3,1766.385,grad,21819585024
3,1767.751,grad,21834265088
3,1769.096,grad,21838393856
3,1770.815,grad,21814702592
3,1772.137,grad,21819453952
3,1773.488,grad,21800313344
3,1774.814,grad,21718196736
3,1776.141,grad,21643420160
3,1777.551,grad,21583057408
3,1778.874,grad,21570867712
3,1780.198,grad,21539294720
3,1781.559,grad,21569179136
3,1783.135,grad,21533920768
3,1785.133,grad,21534412288
3,1786.464,grad,21539167744
3,1787.79,grad,21520023040
3,1789.142,grad,21445246464
3,1790.477,grad,21341109760
3,1791.819,grad,21302767104
3,1793.146,grad,21283237376
3,1794.479,grad,21259004416
3,1795.835,grad,21288888832
3,1797.421,grad,21253630464
3,1798.751,grad,21261462016
3,1800.073,grad,21258873344
3,1801.392,grad,21200935424
3,1802.747,grad,21157616128
3,1804.092,grad,21068552704
3,1805.423,grad,21022935552
3,1806.776,grad,21004388864
3,1808.879,grad,20979107328
3,1810.201,grad,20997916160
3,1811.873,grad,20974224896
3,1813.19,grad,20978992640
3,1814.506,grad,20959770112
3,1815.846,grad,20884993536
3,1817.178,grad,20788196864
3,1818.579,grad,20742514176
3,1819.915,grad,20730324480
3,1821.234,grad,20698751488
3,1822.596,grad,20728635904
3,1824.188,grad,20693377536
3,1825.501,grad,20701209088
3,1826.825,grad,20713300480
3,1828.157,grad,20640616960
3,1829.49,grad,20597363200
3,1830.834,grad,20507906560
3,1832.166,grad,20447609344
3,1833.495,grad,20444267008
3,1834.809,grad,20418461184
3,1836.139,grad,20447821312
3,1837.528,grad,20437335552
3,1839.082,grad,20413578752
3,1840.402,grad,20418338304
3,1841.748,grad,20399123968
3,1843.098,grad,20317072896
3,1844.432,grad,20242296320
3,1845.878,grad,20181933568
3,1847.223,grad,20162403840
3,1848.541,grad,20138170880
3,1849.937,grad,20168055296
3,1851.502,grad,20132796928
3,1852.808,grad,20140628480
3,1854.14,grad,20138039808
3,1855.483,grad,20157630976
3,1856.801,grad,20044122624
3,1858.127,grad,19954665984
3,1859.488,grad,19901184512
3,1860.802,grad,19877394944
3,1862.125,grad,19857880576
3,1863.437,grad,19872560640
3,1864.776,grad,19876689408
3,1866.472,grad,19852998144
3,1867.788,grad,19857761792
3,1869.11,grad,19838543360
3,1870.439,grad,19763832320
3,1871.774,grad,19674375680
3,1873.209,grad,19621352960
3,1874.533,grad,19601823232
3,1875.851,grad,19578638848
3,1877.269,grad,19607474688
3,1878.828,grad,19572216320
3,1880.29,grad,19572707840
3,1881.639,grad,19577475584
3,1882.966,grad,19558253056
3,1884.316,grad,19483542016
3,1885.698,grad,19386745344
3,1887.12,grad,19341062656
3,1888.483,grad,19328872960
3,1889.805,grad,19297299968
3,1891.197,grad,19327184384
3,1892.788,grad,19291926016
3,1894.123,grad,19299757568
3,1895.438,grad,19297168896
3,1896.78,grad,19316760064
3,1898.111,grad,19188571648
3,1899.467,grad,19099115008
3,1900.787,grad,19060772352
3,1902.12,grad,19048582656
3,1903.445,grad,19017009664
3,1904.841,grad,19046894080
3,1906.392,grad,19011635712
3,1907.725,grad,19019467264
3,1909.061,grad,19031554560
3,1910.398,grad,18997672448
3,1911.754,grad,18915621376
3,1913.082,grad,18826164736
3,1914.419,grad,18780547584
3,1915.77,grad,18762525184
3,1917.862,grad,18736719360
3,1919.182,grad,18755528192
3,1920.844,grad,18731836928
3,1922.162,grad,18736588288
3,1923.486,grad,18756179456
3,1924.802,grad,18642671104
3,1926.13,grad,18553214464
3,1927.492,grad,18500191744
3,1928.816,grad,18488002048
3,1930.142,grad,18456429056
3,1931.48,grad,18471109120
3,1932.796,grad,18475237888
3,1934.538,grad,18451546624
3,1935.85,grad,18456297984
3,1937.191,grad,18398294528
3,1938.531,grad,18355040768
3,1939.874,grad,18265584128
3,1941.208,grad,18205221376
3,1942.526,grad,18191983104
3,1944.547,grad,18176138752
3,1945.857,grad,18194947584
3,1947.57,grad,18171256320
3,1948.879,grad,18176007680
3,1950.22,grad,18118004224
3,1951.504,grad,18067410432
3,1952.839,grad,17977953792
3,1954.185,grad,17939611136
3,1955.505,grad,17928470016
3,1956.836,grad,17903188480
3,1958.161,grad,17925798400
3,1959.665,grad,17890474496
3,1960.974,grad,17898306048
3,1962.302,grad,17895717376
3,1963.66,grad,17876511232
3,1965.01,grad,17794460160
3,1966.354,grad,17719683584
3,1967.738,grad,17658862080
3,1969.078,grad,17635072512
3,1970.415,grad,17616606720
3,1971.764,grad,17644918272
3,1973.094,grad,17634366976
3,1975.052,grad,17610675712
3,1976.383,grad,17615427072
3,1977.76,grad,17635018240
3,1979.108,grad,17521509888
3,1980.438,grad,17432053248
3,1981.889,grad,17379030528
3,1983.215,grad,17366898176
3,1984.531,grad,17335267840
3,1985.849,grad,17364693504
3,1987.174,grad,17354142208
3,1988.814,grad,17330385408
3,1990.134,grad,17335149056
3,1991.447,grad,17315930624
3,1992.803,grad,17233879552
3,1994.149,grad,17151762944
3,1995.481,grad,17098281472
3,1996.803,grad,17074491904
3,1998.127,grad,17054977536
3,1999.448,grad,17068805632
3,2000.778,grad,17072934400
3,2002.482,grad,17048391168
3,2003.795,grad,17053154816
3,2005.123,grad,17034001920
3,2006.435,grad,16951950848
3,2007.766,grad,16870686208
3,2009.092,grad,16795119104
3,2010.42,grad,16788631040
3,2011.786,grad,16796707328
3,2013.25,grad,16773835264
3,2014.617,grad,16792578560
3,2016.426,grad,16768952832
3,2017.763,grad,16773716480
3,2019.092,grad,16831306240
3,2020.427,grad,16685292032
3,2021.766,grad,16602978816
3,2023.095,grad,16519219712
3,2024.421,grad,16498051584
3,2025.776,grad,16497804800
3,2027.552,grad,16482993664
3,2028.873,grad,16501835264
3,2030.719,grad,16478111232
3,2032.024,grad,16468182528
3,2033.296,grad,16468182528
3,2034.559,grad,16468182528
3,2038.108,grad,16468182016
3,2039.377,grad,16468182016
3,2040.758,grad,16468182016
3,2042.01,grad,16468182016
3,2045.532,grad,16468182016
3,2046.864,grad,16468182016
3,2048.109,grad,16486859776
3,2049.392,grad,16509928448
3,2050.738,grad,16523232256
3,2052.562,grad,16523232256
3,2053.866,grad,16523242496
3,2055.167,grad,16685198336
3,2056.446,grad,16685198336
3,2057.734,grad,16685198336
3,2059.044,grad,16685198336
3,2060.626,grad,16629664256
3,2061.955,grad,16454223872
3,2063.228,grad,16303327232
3,2064.473,grad,16327968768
3,2065.717,grad,16362506240
3,2066.978,grad,16396421120
3,2068.221,grad,16430532608
3,2069.465,grad,16464513024
3,2070.716,grad,16384493568
3,2077.053,grad,16143452160
3,2083.413,grad,16143460352
3,2089.757,grad,16143460352
3,2096.096,grad,16143460352
3,2100.872,grad,16143460352
3,2102.184,grad,16150937600
3,2105.122,grad,16158406656
3,2106.447,grad,16167843840
3,2107.78,grad,16183688192
3,2109.046,grad,16219409408
3,2110.32,grad,16366341120
3,2111.617,grad,16436661248
3,2113.793,grad,16458685440
3,2115.063,grad,16468122624
3,2116.348,grad,16505987072
3,2117.6,grad,16558485504
3,2118.839,grad,16743165952
3,2120.087,grad,16757919744
3,2121.941,grad,16750575616
3,2123.197,grad,16760012800
3,2124.465,grad,16783197184
3,2125.714,grad,16811578368
3,2126.988,grad,17035056128
3,2128.224,grad,17035133952
3,2130.1,grad,17042465792
3,2131.357,grad,17051902976
3,2132.62,grad,17075087360
3,2133.865,grad,17142265856
3,2135.1,grad,17404540928
3,2136.36,grad,17341700096
3,2138.775,grad,17334355968
3,2140.044,grad,17343793152
3,2141.295,grad,17366977536
3,2142.552,grad,17434156032
3,2143.811,grad,17618836480
3,2145.087,grad,17618914304
3,2146.984,grad,17626246144
3,2148.25,grad,17635683328
3,2149.504,grad,17673547776
3,2150.739,grad,17740726272
3,2151.984,grad,17871929344
3,2153.271,grad,17932820480
3,2155.204,grad,17918136320
3,2156.536,grad,17927573504
3,2157.879,grad,17950757888
3,2159.174,grad,18017936384
3,2160.428,grad,18280211456
3,2161.713,grad,18217370624
3,2163.644,grad,18210026496
3,2164.921,grad,18219463680
3,2166.219,grad,18242648064
3,2167.477,grad,18309826560
3,2168.725,grad,18572101632
3,2170.004,grad,18516600832
3,2171.86,grad,18501916672
3,2173.138,grad,18511353856
3,2174.399,grad,18534538240
3,2175.675,grad,18601716736
3,2176.951,grad,18863991808
3,2178.219,grad,18808491008
3,2180.065,grad,18793806848
3,2181.337,grad,18803244032
3,2182.621,grad,18841108480
3,2183.868,grad,18893606912
3,2185.119,grad,19078287360
3,2186.367,grad,19093041152
3,2188.535,grad,19085697024
3,2189.809,grad,19095134208
3,2191.107,grad,19132998656
3,2192.349,grad,19200177152
3,2193.669,grad,19331380224
3,2196.42,grad,19377587200
3,2197.702,grad,19387024384
3,2198.976,grad,19410208768
3,2200.212,grad,19492067328
3,2201.513,grad,19623270400
3,2204.215,grad,19669477376
3,2205.501,grad,19678914560
3,2206.771,grad,19716844544
3,2208.031,grad,19784023040
3,2209.298,grad,19922500608
3,2212.091,grad,19961367552
3,2213.351,grad,19970804736
3,2214.663,grad,20008669184
3,2215.911,grad,20061167616
3,2217.153,grad,20323442688
3,2218.388,grad,20260601856
3,2220.251,grad,20253257728
3,2221.51,grad,20262694912
3,2222.751,grad,20300559360
3,2223.982,grad,20367803392
3,2225.215,grad,20506280960
3,2227.821,grad,20545147904
3,2229.201,grad,20554585088
3,2230.46,grad,20577769472
3,2231.694,grad,20644947968
3,2232.94,grad,20829628416
3,2234.176,grad,20859062272
3,2235.954,grad,20837038080
3,2237.206,grad,20853815296
3,2238.446,grad,20884405248
3,2239.69,grad,20951583744
3,2240.918,grad,21090061312
3,2243.539,grad,21128928256
3,2244.81,grad,21145705472
3,2246.062,grad,21176295424
3,2247.293,grad,21243473920
3,2248.474,grad,21374611456
3,2251.161,grad,21420818432
3,2252.427,grad,21430255616
3,2253.692,grad,21468120064
3,2254.97,grad,21535298560
3,2256.202,grad,21666501632
3,2258.863,grad,21712708608
3,2260.146,grad,21722145792
3,2261.393,grad,21760075776
3,2262.652,grad,21827254272
3,2263.92,grad,21965731840
3,2266.552,grad,22004598784
3,2267.839,grad,22021376000
3,2269.102,grad,22051965952
3,2270.384,grad,22119144448
3,2271.719,grad,22257622016
3,2273.013,grad,22296488960
3,2274.813,grad,22296488960
3,2276.092,grad,22305926144
3,2277.345,grad,22343790592
3,2278.603,grad,22411034624
3,2279.856,grad,22549512192
3,2282.432,grad,22588379136
3,2283.702,grad,22605156352
3,2284.951,grad,22635746304
3,2286.217,grad,22702924800
3,2287.509,grad,22841402368
3,2290.078,grad,22880269312
3,2291.338,grad,22889706496
3,2292.603,grad,22927570944
3,2293.841,grad,22994749440
3,2295.121,grad,23125952512
3,2297.785,grad,23172159488
3,2299.048,grad,23181596672
3,2300.326,grad,23204781056
3,2301.582,grad,23271959552
3,2302.844,grad,23456640000
3,2304.11,grad,23486073856
3,2305.868,grad,23464049664
3,2307.139,grad,23473486848
3,2308.39,grad,23511351296
3,2309.632,grad,23578595328
3,2310.866,grad,23717072896
3,2313.497,grad,23755939840
3,2314.83,grad,23765377024
3,2316.096,grad,23788561408
3,2317.328,grad,23870419968
3,2318.604,grad,24001623040
3,2321.251,grad,24047830016
3,2322.502,grad,24057267200
3,2323.743,grad,24095197184
3,2324.982,grad,24162375680
3,2326.242,grad,24300853248
3,2327.476,grad,24636463104
3,2328.785,grad,25251986944
3,2330.809,grad,25251978752
3,2332.062,grad,24940552192
3,2333.295,grad,24940552192
3,2334.541,grad,24940552192
3,2335.843,grad,24940552192
3,2337.155,grad,24636455936
3,2338.49,grad,24332889088
3,2339.813,grad,24238713856
3,2341.266,grad,24157776896
3,2342.647,grad,24096889856
3,2343.981,grad,24075721728
3,2345.331,grad,24068265984
3,2346.806,grad,24060925952
3,2348.134,grad,24079669248
3,2349.931,grad,24056043520
3,2351.25,grad,24060803072
3,2352.578,grad,24119248896
3,2353.907,grad,23959472128
3,2355.255,grad,23877355520
3,2356.656,grad,23824332800
3,2358.009,grad,23812569088
3,2359.341,grad,23780570112
3,2360.708,grad,23810520064
3,2362.257,grad,23775196160
3,2363.583,grad,23783027712
3,2364.911,grad,23780439040
3,2366.233,grad,23722435584
3,2367.581,grad,23679116288
3,2368.924,grad,23589659648
3,2370.245,grad,23529296896
3,2371.65,grad,23501262848
3,2373.66,grad,23500214272
3,2375.002,grad,23518957568
3,2376.81,grad,23495331840
3,2378.127,grad,23492743168
3,2379.448,grad,23478517760
3,2380.854,grad,23398825984
3,2382.188,grad,23316643840
3,2383.501,grad,23263162368
3,2384.837,grad,23245197312
3,2386.165,grad,23219858432
3,2387.48,grad,23249284096
3,2388.853,grad,23238732800
3,2390.416,grad,23214976000
3,2391.753,grad,23219743744
3,2393.077,grad,23200521216
3,2394.413,grad,23111064576
3,2395.781,grad,23021607936
3,2397.109,grad,22983265280
3,2398.436,grad,22972124160
3,2399.781,grad,22946842624
3,2401.101,grad,22969387008
3,2402.692,grad,22934128640
3,2404.027,grad,22941960192
3,2405.356,grad,22954051584
3,2406.719,grad,22881368064
3,2408.077,grad,22838048768
3,2409.419,grad,22709794816
3,2410.78,grad,22688229376
3,2412.162,grad,22660195328
3,2414.134,grad,22659146752
3,2415.472,grad,22677955584
3,2417.146,grad,22654264320
3,2418.483,grad,22659032064
3,2419.798,grad,22639809536
3,2421.146,grad,22565032960
3,2422.475,grad,22460896256
3,2423.837,grad,22422553600
3,2425.181,grad,22411412480
3,2426.515,grad,22386130944
3,2427.83,grad,22408151040
3,2429.153,grad,22397599744
3,2430.813,grad,22373908480
3,2432.133,grad,22378659840
3,2433.481,grad,22398251008
3,2434.808,grad,22284677120
3,2436.131,grad,22195220480
3,2437.52,grad,22142197760
3,2438.845,grad,22131482624
3,2440.173,grad,22105775104
3,2441.494,grad,22128319488
3,2443.028,grad,22093061120
3,2444.339,grad,22100892672
3,2445.692,grad,22098304000
3,2447.021,grad,22117895168
3,2448.338,grad,21989641216
3,2449.705,grad,21900184576
3,2451.043,grad,21861841920
3,2452.389,grad,21852331008
3,2453.769,grad,21825419264
3,2455.096,grad,21818079232
3,2456.425,grad,21836888064
3,2458.128,grad,21813196800
3,2459.464,grad,21817964544
3,2460.791,grad,21798742016
3,2462.154,grad,21723965440
3,2463.494,grad,21634508800
3,2464.909,grad,21581486080
3,2466.248,grad,21569296384
3,2467.608,grad,21545063424
3,2468.935,grad,21567607808
3,2470.484,grad,21532349440
3,2471.986,grad,21532840960
3,2473.306,grad,21537604608
3,2474.659,grad,21596046336
3,2475.983,grad,21436269568
3,2477.354,grad,21346812928
3,2478.83,grad,21301130240
3,2480.181,grad,21281600512
3,2481.51,grad,21257367552
3,2482.84,grad,21287251968
3,2484.465,grad,21251993600
3,2485.778,grad,21259825152
3,2487.102,grad,21271916544
3,2488.427,grad,21199298560
3,2489.782,grad,21148639232
3,2491.122,grad,21059182592
3,2492.447,grad,21020839936
3,2493.799,grad,21008707584
3,2495.122,grad,20978125824
3,2496.562,grad,21006961664
3,2498.139,grad,20971703296
3,2499.469,grad,20979534848
3,2500.794,grad,20976946176
3,2502.124,grad,20996602880
3,2503.444,grad,20868348928
3,2504.811,grad,20778892288
3,2506.153,grad,20740549632
3,2507.484,grad,20728359936
3,2508.823,grad,20704126976
3,2510.16,grad,20726671360
3,2511.702,grad,20691412992
3,2513.02,grad,20699244544
3,2514.34,grad,20696655872
3,2515.703,grad,20677515264
3,2517.026,grad,20602738688
3,2518.357,grad,20513282048
3,2519.802,grad,20460259328
3,2521.155,grad,20440729600
3,2522.48,grad,20416496640
3,2523.838,grad,20416496640
3,2525.164,grad,20435239936
3,2526.916,grad,20411614208
3,2528.231,grad,20416365568
3,2529.503,grad,20397224960
3,2530.831,grad,20315108352
3,2532.156,grad,20240331776
3,2533.61,grad,20179969024
3,2534.94,grad,20167779328
3,2536.272,grad,20143546368
3,2537.626,grad,20166090752
3,2539.17,grad,20130832384
3,2540.501,grad,20138663936
3,2541.826,grad,20150755328
3,2543.157,grad,20078071808
3,2544.487,grad,20035145728
3,2545.833,grad,19945295872
3,2547.164,grad,19899678720
3,2548.484,grad,19880083456
3,2550.488,grad,19855850496
3,2551.795,grad,19874593792
3,2553.586,grad,19850968064
3,2554.902,grad,19855727616
3,2556.218,grad,19836513280
3,2557.542,grad,19761736704
3,2558.863,grad,19664940032
3,2560.266,grad,19619257344
3,2561.618,grad,19599784960
3,2562.944,grad,19576543232
3,2564.351,grad,19605379072
3,2565.961,grad,19570120704
3,2567.624,grad,19570612224
3,2568.939,grad,19575375872
3,2570.258,grad,19556157440
3,2571.619,grad,19474040832
3,2572.943,grad,19391989760
3,2574.262,grad,19338508288
3,2575.594,grad,19314718720
3,2576.919,grad,19296252928
3,2578.28,grad,19324630016
3,2579.676,grad,19314078720
3,2581.229,grad,19290321920
3,2582.546,grad,19295077376
3,2583.865,grad,19275867136
3,2585.212,grad,19201090560
3,2586.54,grad,19112027136
3,2587.917,grad,19058611200
3,2589.25,grad,19046421504
3,2590.594,grad,19022188544
3,2591.939,grad,19044798464
3,2593.531,grad,19009474560
3,2594.839,grad,19017306112
3,2596.166,grad,19029397504
3,2597.483,grad,18956713984
3,2598.818,grad,18906120192
3,2600.175,grad,18816663552
3,2601.494,grad,18778320896
3,2602.809,grad,18766131200
3,2604.135,grad,18741898240
3,2605.484,grad,18764508160
3,2607.006,grad,18729184256
3,2608.326,grad,18737015808
3,2609.704,grad,18734427136
3,2611.041,grad,18754411520
3,2612.393,grad,18626157568
3,2613.788,grad,18536700928
3,2615.15,grad,18498358272
3,2616.491,grad,18486168576
3,2617.829,grad,18461935616
3,2619.17,grad,18483955712
3,2620.535,grad,18473469952
3,2622.088,grad,18449713152
3,2623.402,grad,18454472704
3,2624.747,grad,18512852992
3,2626.07,grad,18368280576
3,2627.393,grad,18285770752
3,2628.751,grad,18210269184
3,2630.089,grad,18189101056
3,2631.427,grad,18181645312
3,2632.831,grad,18174305280
3,2634.145,grad,18193048576
3,2635.914,grad,18169422848
3,2637.225,grad,18174174208
3,2638.503,grad,18154968064
3,2639.83,grad,18073244672
3,2641.149,grad,17991128064
3,2642.434,grad,17937253376
3,2643.701,grad,17917133824
3,2644.936,grad,17894998016
3,2646.185,grad,17908629504
3,2647.458,grad,17912758272
3,2648.975,grad,17889067008
3,2650.218,grad,17893818368
3,2651.465,grad,17835814912
3,2652.696,grad,17792954368
3,2653.93,grad,17671647232
3,2655.174,grad,17642741760
3,2656.415,grad,17614707712
3,2658.127,grad,17613659136
3,2659.509,grad,17632533504
3,2661.16,grad,17608776704
3,2662.422,grad,17613528064
3,2663.667,grad,17555917824
3,2664.898,grad,17512270848
3,2666.156,grad,17376676864
3,2667.495,grad,17362910208
3,2668.757,grad,17334941696
3,2670.461,grad,17333368832
3,2671.702,grad,17352177664
3,2673.25,grad,17328486400
3,2674.499,grad,17333254144
3,2675.733,grad,17353222144
3,2676.965,grad,17232308224
3,2678.194,grad,17096321024
3,2679.522,grad,17082554368
3,2680.759,grad,17055110144
3,2682.336,grad,17053012992
3,2683.592,grad,17071756288
3,2685.149,grad,17048130560
3,2686.389,grad,17052881920
3,2687.64,grad,16995271680
3,2688.883,grad,16912761856
3,2690.122,grad,16823305216
3,2691.358,grad,16801739776
3,2692.606,grad,16773705728
3,2694.363,grad,16772657152
3,2695.633,grad,16791400448
3,2697.234,grad,16767774720
3,2698.478,grad,16772538368
3,2699.711,grad,16753319936
3,2700.942,grad,16664256512
3,2702.174,grad,16581156864
3,2703.403,grad,16527806464
3,2704.645,grad,16499822592
3,2707.138,grad,16483716096
3,2708.421,grad,16502590464
3,2710.001,grad,16478833664
3,2711.287,grad,16468904960
3,2712.629,grad,16468904960
3,2713.878,grad,16468904960
3,2715.464,grad,16468904448
3,2717.401,grad,16468904448
3,2718.773,grad,16468904448
3,2720.271,grad,16468904448
3,2724.416,grad,16468904448
3,2725.761,grad,16468904448
3,2727.014,grad,16487123456
3,2728.256,grad,16510126592
3,2729.508,grad,16523954688
3,2731.539,grad,16523954688
3,2732.778,grad,16524280320
3,2734.035,grad,16685920768
3,2735.406,grad,16685920768
3,2737.049,grad,16685920768
3,2738.289,grad,16670127104
3,2739.538,grad,16617868800
3,2740.779,grad,16431877632
3,2742.017,grad,16304934400
3,2743.271,grad,16332951040
3,2744.503,grad,16364768768
3,2745.734,grad,16397831680
3,2746.987,grad,16432074240
3,2748.219,grad,16466185728
3,2749.448,grad,16371453440
3,2755.718,grad,16141848064
3,2762.077,grad,16141856256
3,2768.411,grad,16141856256
3,2774.759,grad,16141856256
3,2778.572,grad,16141856256
3,2779.843,grad,16149333504
3,2782.656,grad,16156802560
3,2783.971,grad,16166239744
3,2785.222,grad,16182084096
3,2786.521,grad,16218657280
3,2787.753,grad,16444232192
3,2788.989,grad,16451650048
3,2790.909,grad,16458981888
3,2792.168,grad,16469271040
3,2793.466,grad,16492455424
3,2794.73,grad,16559633920
3,2795.987,grad,16705517056
3,2797.219,grad,16764704256
3,2798.989,grad,16750872064
3,2800.245,grad,16760309248
3,2801.489,grad,16799025664
3,2802.745,grad,16866204160
3,2804.016,grad,16997407232
3,2806.704,grad,17043614208
3,2808.097,grad,17053051392
3,2809.353,grad,17076235776
3,2810.599,grad,17143414272
3,2811.832,grad,17405689344
3,2813.074,grad,17342848512
3,2814.893,grad,17335504384
3,2816.148,grad,17344941568
3,2817.396,grad,17382806016
3,2818.64,grad,17449984512
3,2819.87,grad,17581187584
3,2822.557,grad,17627394560
3,2823.819,grad,17636831744
3,2825.093,grad,17674761728
3,2826.33,grad,17741940224
3,2827.579,grad,17880417792
3,2830.145,grad,17919284736
3,2831.4,grad,17928721920
3,2832.656,grad,17966586368
3,2833.92,grad,18033830400
3,2835.183,grad,18126170624
3,2836.482,grad,18189150720
3,2838.649,grad,18211174912
3,2839.923,grad,18220612096
3,2841.205,grad,18258476544
3,2842.466,grad,18325655040
3,2843.721,grad,18495655424
3,2844.974,grad,18525089280
3,2846.77,grad,18503065088
3,2848.156,grad,18512502272
3,2849.443,grad,18535686656
3,2850.756,grad,18602865152
3,2852.015,grad,18787545600
3,2853.257,grad,18809639424
3,2855.088,grad,18794955264
3,2856.423,grad,18804392448
3,2857.696,grad,18842256896
3,2858.97,grad,18909435392
3,2860.212,grad,19079435776
3,2861.445,grad,19101529600
3,2863.207,grad,19086845440
3,2864.469,grad,19096282624
3,2865.716,grad,19134147072
3,2866.945,grad,19201325568
3,2868.18,grad,19332528640
3,2870.935,grad,19378735616
3,2872.191,grad,19388172800
3,2873.525,grad,19426037248
3,2874.761,grad,19493215744
3,2876.023,grad,19624418816
3,2878.798,grad,19670625792
3,2880.064,grad,19680062976
3,2881.344,grad,19717927424
3,2882.596,grad,19785105920
3,2883.868,grad,19916308992
3,2885.113,grad,19962520064
3,2886.898,grad,19962515968
3,2888.295,grad,19971953152
3,2889.607,grad,19995137536
3,2890.875,grad,20062316032
3,2892.12,grad,20169401856
3,2893.354,grad,20269090304
3,2895.135,grad,20254406144
3,2896.391,grad,20263843328
3,2897.644,grad,20301707776
3,2898.876,grad,20368886272
3,2900.136,grad,20500089344
3,2902.839,grad,20546296320
3,2904.125,grad,20555733504
3,2905.403,grad,20593597952
3,2906.646,grad,20660776448
3,2907.877,grad,20830776832
3,2909.12,grad,20852870656
3,2910.94,grad,20838186496
3,2912.2,grad,20847623680
3,2913.461,grad,20885488128
3,2914.693,grad,20952666624
3,2915.989,grad,21083869696
3,2918.753,grad,21130076672
3,2920.037,grad,21139513856
3,2921.296,grad,21177378304
3,2922.541,grad,21244556800
3,2923.801,grad,21375759872
3,2926.585,grad,21421966848
3,2927.953,grad,21431404032
3,2929.215,grad,21454588416
3,2930.464,grad,21521766912
3,2931.724,grad,21667650048
3,2932.963,grad,21721201152
3,2934.85,grad,21713857024
3,2936.12,grad,21723294208
3,2937.366,grad,21761158656
3,2938.654,grad,21828337152
3,2940.05,grad,21959540224
3,2942.86,grad,22005747200
3,2944.128,grad,22015184384
3,2945.387,grad,22053048832
3,2946.677,grad,22105547264
3,2947.938,grad,22251430400
3,2949.192,grad,22312321536
3,2950.989,grad,22297637376
3,2952.248,grad,22307074560
3,2953.507,grad,22344939008
3,2954.765,grad,22412117504
3,2956.069,grad,22543320576
3,2958.881,grad,22589527552
3,2960.155,grad,22598964736
3,2961.441,grad,22636829184
3,2962.826,grad,22704007680
3,2964.149,grad,22835210752
3,2966.866,grad,22881417728
3,2968.238,grad,22890854912
3,2969.546,grad,22914039296
3,2970.863,grad,22981217792
3,2972.11,grad,23127100928
3,2973.373,grad,23187992064
3,2975.212,grad,23173422592
3,2976.509,grad,23182745088
3,2977.758,grad,23220675072
3,2978.997,grad,23287853568
3,2980.228,grad,23426331136
3,2982.849,grad,23465198080
3,2984.111,grad,23474635264
3,2985.361,grad,23512499712
3,2986.608,grad,23579678208
3,2987.868,grad,23710881280
3,2990.664,grad,23757088256
3,2991.921,grad,23766525440
3,2993.17,grad,23804389888
3,2994.402,grad,23871633920
3,2995.647,grad,24010111488
3,2998.26,grad,24048978432
3,2999.515,grad,24065755648
3,3000.761,grad,24096345600
3,3002.027,grad,24163524096
3,3003.273,grad,24302001664
3,3004.506,grad,24326184448
3,3005.807,grad,25253135360
3,3007.77,grad,25253127168
3,3009.026,grad,24941700608
3,3010.26,grad,24941700608
3,3011.487,grad,24941700608
3,3012.715,grad,24941700608
3,3014.056,grad,24348197376
3,3015.493,grad,24322437632
3,3016.815,grad,24239862272
3,3018.237,grad,24158204416
3,3019.505,grad,24082637312
3,3020.825,grad,24076149248
3,3022.168,grad,24068693504
3,3023.577,grad,24061353472
3,3024.937,grad,24080096768
3,3026.732,grad,24056471040
3,3028.628,grad,24063581696
3,3030.023,grad,24054337024
3,3031.349,grad,24037166592
3,3032.712,grad,23877389824
3,3034.103,grad,23816961536
3,3035.445,grad,23795793408
3,3036.837,grad,23795677696
3,3038.179,grad,23780997632
3,3039.503,grad,23799806464
3,3041.178,grad,23776115200
3,3042.493,grad,23780874752
3,3043.816,grad,23761660416
3,3045.152,grad,23686883840
3,3046.48,grad,23590087168
3,3047.846,grad,23544404480
3,3049.186,grad,23533263360
3,3051.218,grad,23500641792
3,3052.534,grad,23519450624
3,3054.223,grad,23495759360
3,3055.537,grad,23500510720
3,3056.872,grad,23442507264
3,3058.228,grad,23399187968
3,3059.506,grad,23309731328
3,3060.842,grad,23264114176
3,3062.179,grad,23246091776
3,3064.171,grad,23220285952
3,3065.485,grad,23239094784
3,3067.129,grad,23215403520
3,3068.438,grad,23220154880
3,3069.86,grad,23201014272
3,3071.198,grad,23133577728
3,3072.526,grad,23037436416
3,3073.98,grad,22984413696
3,3075.324,grad,22974321152
3,3076.685,grad,22941699584
3,3078.03,grad,22970535424
3,3079.426,grad,22935277056
3,3080.686,grad,22943108608
3,3081.935,grad,22969875968
3,3083.173,grad,22952771072
3,3084.421,grad,22831857152
3,3085.684,grad,22710955520
3,3086.922,grad,22682430976
3,3088.157,grad,22671305216
3,3089.475,grad,22660295168
3,3090.719,grad,22679104000
3,3092.318,grad,22655412736
3,3093.6,grad,22660172288
3,3094.845,grad,22679755264
3,3096.089,grad,22520338944
3,3097.323,grad,22423542272
3,3098.612,grad,22409775616
3,3099.852,grad,22383379968
3,3101.44,grad,22380234240
3,3102.691,grad,22399043072
3,3104.191,grad,22375351808
3,3105.43,grad,22394783232
3,3106.684,grad,22360962560
3,3107.919,grad,22278780416
3,3109.15,grad,22189323776
3,3110.381,grad,22128961024
3,3111.626,grad,22100926976
3,3113.372,grad,22099878400
3,3114.625,grad,22118687232
3,3116.112,grad,22094995968
3,3117.351,grad,22099747328
3,3118.599,grad,22041809408
3,3119.835,grad,21967032832
3,3121.08,grad,21901693440
3,3122.336,grad,21848736256
3,3123.614,grad,21834383872
3,3124.854,grad,21826928128
3,3126.093,grad,21848948224
3,3127.382,grad,21838528000
3,3128.85,grad,21814705664
3,3130.094,grad,21819457024
3,3131.353,grad,21800316416
3,3132.63,grad,21679402496
3,3133.954,grad,21589945856
3,3135.24,grad,21568380416
3,3136.5,grad,21540346368
3,3138.231,grad,21539297792
3,3139.569,grad,21558172160
3,3141.026,grad,21534415360
3,3142.292,grad,21531826688
3,3143.689,grad,21520091648
3,3144.987,grad,21437909504
3,3146.234,grad,21341112832
3,3147.473,grad,21288155648
3,3148.73,grad,21267511808
3,3150.666,grad,21259007488
3,3151.912,grad,21277226496
3,3153.943,grad,21254125056
3,3155.191,grad,21258876416
3,3156.43,grad,21200938496
3,3157.679,grad,21157619200
3,3158.914,grad,21022418432
3,3160.199,grad,21008651776
3,3161.436,grad,20981207552
3,3163.092,grad,20979110400
3,3164.437,grad,20997984768
3,3165.964,grad,20974227968
3,3167.206,grad,20978979328
3,3168.442,grad,20959773184
3,3169.689,grad,20838859264
3,3170.92,grad,20742062592
3,3172.21,grad,20728295936
3,3173.463,grad,20701376000
3,3175.148,grad,20698754560
3,3176.405,grad,20717563392
3,3178.038,grad,20693872128
3,3179.296,grad,20705963520
3,3180.663,grad,20679482880
3,3181.906,grad,20674633216
3,3183.142,grad,20592516608
3,3184.381,grad,20483788288
3,3185.626,grad,20440600064
3,3186.858,grad,20433144320
3,3188.139,grad,20418464256
3,3189.378,grad,20437273088
3,3190.987,grad,20413581824
3,3192.25,grad,20418341376
3,3193.478,grad,20476787200
3,3194.725,grad,20317075968
3,3195.977,grad,20220279296
3,3197.217,grad,20167256576
3,3198.465,grad,20154018304
3,3200.337,grad,20138173952
3,3201.588,grad,20157376000
3,3203.348,grad,20133291520
3,3204.601,grad,20138051072
3,3205.834,grad,20118836736
3,3207.071,grad,20029445632
3,3208.302,grad,19908531712
3,3209.54,grad,19886966272
3,3210.771,grad,19858932224
3,3212.502,grad,19857883648
3,3213.747,grad,19876692480
3,3215.289,grad,19853001216
3,3216.541,grad,19850412544
3,3217.848,grad,19838611968
3,3219.087,grad,19756495360
3,3220.321,grad,19659698688
3,3221.575,grad,19621421568
3,3222.814,grad,19577593856
3,3224.674,grad,19577593344
3,3225.999,grad,19596467712
3,3227.412,grad,19572710912
3,3228.662,grad,19577474560
3,3229.909,grad,19597053440
3,3231.147,grad,19476205056
3,3232.378,grad,19355291136
3,3233.618,grad,19326385664
3,3234.854,grad,19298875904
3,3236.537,grad,19297303040
3,3237.774,grad,19316111872
3,3239.352,grad,19292420608
3,3240.6,grad,19297180160
3,3241.844,grad,19316763136
3,3243.088,grad,19188574720
3,3244.325,grad,19121138176
3,3245.642,grad,19060775424
3,3246.882,grad,19050682880
3,3248.832,grad,19017012736
3,3250.072,grad,19035756032
3,3251.699,grad,19012130304
3,3252.935,grad,19016881664
3,3254.27,grad,18997741056
3,3255.624,grad,18915689984
3,3256.906,grad,18833507840
3,3258.197,grad,18780485120
3,3259.476,grad,18775692800
3,3260.738,grad,18744062464
3,3262.002,grad,18767065600
3,3263.393,grad,18731348480
3,3264.657,grad,18739180032
3,3265.901,grad,18751267328
3,3267.14,grad,18710045184
3,3268.374,grad,18627994112
3,3269.619,grad,18514420224
3,3270.896,grad,18485973504
3,3272.141,grad,18459577856
3,3273.77,grad,18456432128
3,3275.011,grad,18475240960
3,3276.576,grad,18451549696
3,3277.867,grad,18456305152
3,3279.121,grad,18437094912
3,3280.359,grad,18347703808
3,3281.609,grad,18258247168
3,3282.846,grad,18219970048
3,3284.079,grad,18184646144
3,3285.927,grad,18176141824
3,3287.177,grad,18194950656
3,3288.774,grad,18171259392
3,3290.025,grad,18183350784
3,3291.342,grad,18156870144
3,3292.644,grad,18089499136
3,3293.919,grad,17992636928
3,3295.249,grad,17939614208
3,3296.497,grad,17929521664
3,3298.41,grad,17895851520
3,3299.66,grad,17914594816
3,3301.222,grad,17890969088
3,3302.477,grad,17895720448
3,3303.733,grad,17837716992
3,3304.972,grad,17755665920
3,3306.201,grad,17658869248
3,3307.484,grad,17645102592
3,3308.738,grad,17618182656
3,3310.421,grad,17615561216
3,3311.677,grad,17634304512
3,3313.267,grad,17610678784
3,3314.516,grad,17615438336
3,3315.753,grad,17635021312
3,3316.981,grad,17514172928
3,3318.21,grad,17385918976
3,3319.567,grad,17364812288
3,3320.813,grad,17337892352
3,3322.497,grad,17335270912
3,3323.743,grad,17354079744
3,3325.301,grad,17330388480
3,3326.552,grad,17342479872
3,3327.825,grad,17315999232
3,3329.061,grad,17233882624
3,3330.294,grad,17144425984
3,3331.547,grad,17098743296
3,3332.782,grad,17087602176
3,3334.772,grad,17054128640
3,3336.023,grad,17072871936
3,3337.624,grad,17048394240
3,3338.862,grad,17053145600
3,3340.104,grad,17033939456
3,3341.373,grad,16906603008
3,3342.624,grad,16817146368
3,3343.858,grad,16803772928
3,3345.088,grad,16775738880
3,3346.86,grad,16773838336
3,3348.102,grad,16793040384
3,3349.74,grad,16768955904
3,3350.977,grad,16773723648
3,3352.213,grad,16753649152
3,3353.464,grad,16677889536
3,3354.708,grad,16596428288
3,3355.95,grad,16526562816
3,3357.183,grad,16502773248
3,3358.411,grad,16484045312
3,3359.653,grad,16512356864
3,3360.902,grad,16501903872
3,3362.583,grad,16478114304
3,3363.836,grad,16468185600
3,3365.078,grad,16468185600
3,3366.316,grad,16468185600
3,3368.035,grad,16468185088
3,3369.976,grad,16468185088
3,3371.416,grad,16468185088
3,3372.723,grad,16468185088
3,3373.985,grad,16468185088
3,3377.44,grad,16468185088
3,3378.826,grad,16468185088
3,3380.073,grad,16486338560
3,3381.315,grad,16508489728
3,3382.573,grad,16523235328
3,3384.313,grad,16523235328
3,3385.576,grad,16523245568
3,3386.825,grad,16685201408
3,3388.097,grad,16685201408
3,3389.709,grad,16685201408
3,3390.96,grad,16685201920
3,3392.325,grad,16629667328
3,3393.607,grad,16453702656
3,3394.855,grad,16303330304
3,3396.101,grad,16328201216
3,3397.336,grad,16362509312
3,3398.597,grad,16395965440
3,3399.835,grad,16427193344
3,3401.069,grad,16460452864
3,3402.303,grad,16395080704
3,3403.568,grad,16304935936
3,3409.25,grad,16143455232
3,3415.633,grad,16143463424
3,3421.977,grad,16143463424
3,3428.327,grad,16143463424
3,3432.425,grad,16143463424
3,3433.753,grad,16150940672
3,3436.775,grad,16158409728
3,3438.126,grad,16167846912
3,3439.429,grad,16183691264
3,3440.787,grad,16219412480
3,3442.034,grad,16366344192
3,3443.272,grad,16451344384
3,3445.367,grad,16458688512
3,3446.638,grad,16468125696
3,3447.914,grad,16491310080
3,3449.147,grad,16558488576
3,3450.38,grad,16820763648
3,3451.632,grad,16743242752
3,3453.625,grad,16750578688
3,3454.877,grad,16760015872
3,3456.125,grad,16783200256
3,3457.362,grad,16850378752
3,3458.607,grad,17035059200
3,3459.836,grad,17035137024
3,3461.71,grad,17042468864
3,3463.147,grad,17051906048
3,3464.402,grad,17075090432
3,3465.648,grad,17142268928
3,3466.876,grad,17326949376
3,3468.103,grad,17341699072
3,3470.137,grad,17334359040
3,3471.397,grad,17343796224
3,3472.663,grad,17381660672
3,3473.915,grad,17448839168
3,3475.145,grad,17696434176
3,3476.375,grad,17633593344
3,3478.269,grad,17626249216
3,3479.561,grad,17635686400
3,3480.811,grad,17673550848
3,3482.042,grad,17740729344
3,3483.271,grad,17871932416
3,3484.512,grad,17910803456
3,3486.447,grad,17918139392
3,3487.721,grad,17927576576
3,3488.973,grad,17965441024
3,3490.209,grad,18032619520
3,3491.47,grad,18163822592
3,3492.719,grad,18232053760
3,3494.499,grad,18210029568
3,3495.76,grad,18219466752
3,3497.029,grad,18257331200
3,3498.293,grad,18309829632
3,3499.545,grad,18455712768
3,3500.776,grad,18516603904
3,3502.562,grad,18501919744
3,3503.904,grad,18511356928
3,3505.155,grad,18534541312
3,3506.389,grad,18601719808
3,3507.643,grad,18786400256
3,3508.869,grad,18808494080
3,3510.641,grad,18793809920
3,3511.886,grad,18803247104
3,3513.124,grad,18841111552
3,3514.352,grad,18893609984
3,3515.6,grad,19078290432
3,3516.826,grad,19093040128
3,3518.817,grad,19085700096
3,3520.181,grad,19095137280
3,3521.463,grad,19118321664
3,3522.724,grad,19185500160
3,3523.965,grad,19447775232
3,3525.206,grad,19370254336
3,3527.127,grad,19377590272
3,3528.403,grad,19387027456
3,3529.661,grad,19410211840
3,3530.893,grad,19438593024
3,3532.12,grad,19739665408
3,3533.386,grad,19662144512
3,3535.399,grad,19669480448
3,3536.702,grad,19678917632
3,3537.972,grad,19716782080
3,3539.269,grad,19769280512
3,3540.594,grad,20031555584
3,3541.852,grad,19954034688
3,3544.035,grad,19961370624
3,3545.91,grad,19970807808
3,3547.189,grad,19986652160
3,3548.575,grad,20022373376
3,3549.828,grad,20168256512
3,3551.085,grad,20260596736
3,3553.254,grad,20253260800
3,3554.547,grad,20262697984
3,3555.808,grad,20285882368
3,3557.064,grad,20314263552
3,3558.31,grad,20537741312
3,3559.603,grad,20537806848
3,3561.743,grad,20545150976
3,3563.046,grad,20554588160
3,3564.344,grad,20592452608
3,3565.658,grad,20659631104
3,3567.063,grad,20790834176
3,3568.475,grad,20851725312
3,3570.607,grad,20837155840
3,3572.042,grad,20853818368
3,3573.481,grad,20884342784
3,3574.955,grad,20951521280
3,3576.425,grad,21082724352
3,3577.793,grad,21121591296
3,3579.896,grad,21128931328
3,3581.17,grad,21138368512
3,3582.438,grad,21161552896
3,3583.754,grad,21189934080
3,3585.023,grad,21413411840
3,3586.273,grad,21413481472
3,3588.291,grad,21420821504
3,3589.769,grad,21430258688
3,3591.14,grad,21446103040
3,3592.513,grad,21481824256
3,3593.767,grad,21705302016
3,3595.003,grad,21720047616
3,3596.998,grad,21712711680
3,3598.254,grad,21722148864
3,3599.533,grad,21745333248
3,3600.772,grad,21773714432
3,3602.0,grad,21997192192
3,3603.229,grad,21997265920
3,3605.189,grad,22004601856
3,3606.441,grad,22014039040
3,3607.698,grad,22037223424
3,3608.927,grad,22104401920
3,3610.161,grad,22289082368
3,3611.392,grad,22303832064
3,3613.441,grad,22296492032
3,3614.713,grad,22305929216
3,3615.965,grad,22329113600
3,3617.198,grad,22396292096
3,3618.43,grad,22542175232
3,3619.668,grad,22595726336
3,3621.613,grad,22588382208
3,3622.865,grad,22597819392
3,3624.129,grad,22621003776
3,3625.474,grad,22649384960
3,3626.733,grad,22795268096
3,3627.968,grad,22872928256
3,3630.191,grad,22880272384
3,3631.681,grad,22889709568
3,3632.985,grad,22905553920
3,3634.327,grad,22941275136
3,3635.605,grad,23087158272
3,3636.906,grad,23150138368
3,3639.06,grad,23172162560
3,3640.323,grad,23181599744
3,3641.59,grad,23204784128
3,3642.798,grad,23233165312
3,3644.233,grad,23379048448
3,3645.519,grad,23456708608
3,3647.806,grad,23464052736
3,3649.199,grad,23473489920
3,3650.486,grad,23496674304
3,3651.758,grad,23525055488
3,3653.029,grad,23748533248
3,3654.309,grad,23763278848
3,3656.447,grad,23755942912
3,3657.728,grad,23765380096
3,3659.032,grad,23788564480
3,3660.354,grad,23816945664
3,3661.759,grad,24040423424
3,3663.034,grad,24040497152
3,3665.032,grad,24047833088
3,3666.334,grad,24057270272
3,3667.644,grad,24073114624
3,3668.974,grad,24108835840
3,3670.254,grad,24332313600
3,3671.487,grad,24347063296
3,3672.738,grad,25882195456
3,3675.287,grad,25251981824
3,3676.565,grad,24940555264
3,3677.836,grad,24940555264
3,3679.093,grad,24940555264
3,3680.341,grad,24940555264
3,3681.626,grad,24325031936
3,3682.899,grad,24318146560
3,3684.255,grad,24239175680
3,3685.507,grad,24157714432
3,3686.823,grad,24104691712
3,3688.072,grad,24093976576
3,3690.054,grad,24060929024
3,3691.313,grad,24080131072
3,3693.271,grad,24056046592
3,3694.546,grad,24060806144
3,3695.82,grad,24041591808
3,3697.082,grad,23952135168
3,3698.32,grad,23831221248
3,3699.572,grad,23824401408
3,3700.828,grad,23787914240
3,3702.691,grad,23780573184
3,3703.957,grad,23799316480
3,3705.532,grad,23775690752
3,3706.781,grad,23780442112
3,3708.021,grad,23722438656
3,3709.256,grad,23647662080
3,3710.496,grad,23558205440
3,3711.739,grad,23529758720
3,3712.991,grad,23502838784
3,3714.648,grad,23500217344
3,3715.893,grad,23519026176
3,3717.412,grad,23495334912
3,3718.663,grad,23500094464
3,3719.924,grad,23480880128
3,3721.244,grad,23391423488
3,3722.483,grad,23309306880
3,3723.771,grad,23263624192
3,3725.023,grad,23253531648
3,3727.053,grad,23219861504
3,3728.399,grad,23238604800
3,3730.296,grad,23214979072
3,3731.6,grad,23219746816
3,3732.857,grad,23200524288
3,3734.132,grad,23111067648
3,3735.398,grad,22990153728
3,3736.689,grad,22968588288
3,3737.942,grad,22940554240
3,3739.719,grad,22939505664
3,3740.984,grad,22958248960
3,3742.68,grad,22934623232
3,3743.93,grad,22939382784
3,3745.174,grad,22920168448
3,3746.428,grad,22830711808
3,3747.712,grad,22748595200
3,3749.005,grad,22688232448
3,3750.251,grad,22660722688
3,3751.92,grad,22659149824
3,3753.166,grad,22677893120
3,3754.723,grad,22654267392
3,3755.961,grad,22659018752
3,3757.208,grad,22639812608
3,3758.475,grad,22518898688
3,3759.716,grad,22429442048
3,3760.972,grad,22408335360
3,3762.224,grad,22380891136
3,3763.832,grad,22378793984
3,3765.074,grad,22397602816
3,3766.611,grad,22373911552
3,3767.865,grad,22393342976
3,3769.113,grad,22359522304
3,3770.366,grad,22277340160
3,3771.627,grad,22195223552
3,3772.969,grad,22142200832
3,3774.212,grad,22132534272
3,3776.151,grad,22098438144
3,3777.42,grad,22117246976
3,3778.993,grad,22093555712
3,3780.254,grad,22098315264
3,3781.49,grad,22079100928
3,3782.74,grad,21989644288
3,3783.974,grad,21907527680
3,3785.214,grad,21847164928
3,3786.468,grad,21852334080
3,3787.721,grad,21818082304
3,3788.957,grad,21847442432
3,3790.228,grad,21836956672
3,3791.979,grad,21813199872
3,3793.273,grad,21817951232
3,3794.563,grad,21837542400
3,3795.802,grad,21716628480
3,3797.051,grad,21595714560
3,3798.308,grad,21566809088
3,3799.583,grad,21538775040
3,3801.322,grad,21537726464
3,3802.649,grad,21556928512
3,3804.266,grad,21532844032
3,3805.762,grad,21540069376
3,3807.101,grad,21530710016
3,3808.356,grad,21435879424
3,3809.663,grad,21354221568
3,3810.918,grad,21293334528
3,3812.228,grad,21284282368
3,3813.527,grad,21264710656
3,3814.838,grad,21257370624
3,3816.099,grad,21276113920
3,3817.757,grad,21252488192
3,3819.015,grad,21257239552
3,3820.252,grad,21199301632
3,3821.497,grad,21117185024
3,3822.733,grad,21020388352
3,3824.066,grad,21006621696
3,3825.325,grad,20979177472
3,3827.016,grad,20977080320
3,3828.336,grad,20995954688
3,3829.839,grad,20972197888
3,3831.079,grad,20976965632
3,3832.321,grad,20996605952
3,3833.609,grad,20868352000
3,3834.847,grad,20786235392
3,3836.089,grad,20725872640
3,3837.333,grad,20697838592
3,3839.137,grad,20696790016
3,3840.477,grad,20715664384
3,3841.984,grad,20691907584
3,3843.271,grad,20689318912
3,3844.542,grad,20675093504
3,3845.821,grad,20595467264
3,3847.056,grad,20513285120
3,3848.365,grad,20460262400
3,3849.625,grad,20440732672
3,3850.863,grad,20416499712
3,3852.093,grad,20446449664
3,3853.463,grad,20411125760
3,3854.71,grad,20418957312
3,3855.95,grad,20416368640
3,3857.192,grad,20397228032
3,3858.475,grad,20283654144
3,3859.717,grad,20179517440
3,3860.95,grad,20165750784
3,3862.195,grad,20138830848
3,3863.856,grad,20136209408
3,3865.121,grad,20155018240
3,3866.694,grad,20131326976
3,3867.94,grad,20136078336
3,3869.194,grad,20116872192
3,3870.443,grad,19988618240
3,3871.7,grad,19913841664
3,3872.949,grad,19884936192
3,3874.2,grad,19856902144
3,3875.925,grad,19855853568
3,3877.256,grad,19874727936
3,3878.736,grad,19850971136
3,3879.994,grad,19870402560
3,3881.238,grad,19836581888
3,3882.484,grad,19754399744
3,3883.731,grad,19657603072
3,3884.981,grad,19604580352
3,3886.223,grad,19577070592
3,3887.921,grad,19575497728
3,3889.179,grad,19594306560
3,3890.74,grad,19570615296
3,3891.996,grad,19575366656
3,3893.242,grad,19517363200
3,3894.494,grad,19474043904
3,3895.739,grad,19353195520
3,3896.981,grad,19324290048
3,3898.225,grad,19296256000
3,3899.971,grad,19295207424
3,3901.311,grad,19314081792
3,3902.828,grad,19290324992
3,3904.073,grad,19295092736
3,3905.325,grad,19314667520
3,3906.582,grad,19186413568
3,3907.818,grad,19065499648
3,3909.134,grad,19044392960
3,3910.381,grad,19017997312
3,3912.043,grad,19014851584
3,3913.292,grad,19033660416
3,3914.921,grad,19009969152
3,3916.168,grad,19029400576
3,3917.409,grad,19073174528
3,3918.658,grad,18913463296
3,3919.907,grad,18838686720
3,3921.141,grad,18778323968
3,3922.38,grad,18742017024
3,3924.256,grad,18734561280
3,3925.517,grad,18753370112
3,3927.037,grad,18729678848
3,3928.275,grad,18734430208
3,3929.52,grad,18676819968
3,3930.767,grad,18594703360
3,3932.002,grad,18497906688
3,3933.323,grad,18484140032
3,3934.598,grad,18456171520
3,3936.291,grad,18454598656
3,3937.555,grad,18473800704
3,3939.121,grad,18449716224
3,3940.372,grad,18454467584
3,3941.633,grad,18474451968
3,3942.882,grad,18346198016
3,3944.118,grad,18263753728
3,3945.364,grad,18218136576
3,3946.619,grad,18206929920
3,3948.576,grad,18174308352
3,3949.817,grad,18193510400
3,3951.42,grad,18169425920
3,3952.671,grad,18166837248
3,3954.015,grad,18155036672
3,3955.267,grad,18087993344
3,3956.49,grad,17991131136
3,3957.723,grad,17951936512
3,3958.963,grad,17928204288
3,3960.22,grad,17895001088
3,3961.47,grad,17923378176
3,3962.713,grad,17912892416
3,3964.152,grad,17889070080
3,3965.404,grad,17893837824
3,3966.656,grad,17874615296
3,3967.888,grad,17785617408
3,3969.121,grad,17703500800
3,3970.385,grad,17642744832
3,3971.636,grad,17614710784
3,3973.408,grad,17613662208
3,3974.698,grad,17632405504
3,3976.328,grad,17608779776
3,3977.589,grad,17613543424
3,3978.836,grad,17594324992
3,3980.074,grad,17519613952
3,3981.318,grad,17415870464
3,3982.565,grad,17377134592
3,3983.798,grad,17364944896
3,3985.031,grad,17340711936
3,3986.273,grad,17363715072
3,3987.699,grad,17327997952
3,3988.937,grad,17335829504
3,3990.175,grad,17362600960
3,3991.427,grad,17314100224
3,3992.697,grad,17232376832
3,3993.937,grad,17149801472
3,3995.248,grad,17096778752
3,3996.52,grad,17085637632
3,3998.479,grad,17053016064
3,3999.733,grad,17071824896
3,4001.356,grad,17048133632
3,4002.616,grad,17052901376
3,4003.852,grad,17072869376
3,4005.088,grad,16944615424
3,4006.344,grad,16862105600
3,4007.624,grad,16801808384
3,4008.871,grad,16796893184
3,4010.858,grad,16772660224
3,4012.125,grad,16791862272
3,4013.94,grad,16775117824
3,4015.202,grad,16772529152
3,4016.469,grad,16792120320
3,4017.754,grad,16678939648
3,4019.098,grad,16588499968
3,4020.446,grad,16527285248
3,4021.777,grad,16518233088
3,4023.033,grad,16491190272
3,4024.386,grad,16483719168
3,4025.724,grad,16502986752
3,4027.464,grad,16478836736
3,4028.712,grad,16468908032
3,4029.965,grad,16468908032
3,4031.205,grad,16468908032
3,4032.464,grad,16468908032
3,4035.172,grad,16468907520
3,4036.559,grad,16468907520
3,4037.843,grad,16468907520
3,4039.092,grad,16468907520
3,4042.968,grad,16468907520
3,4044.418,grad,16468907520
3,4045.678,grad,16486077952
3,4046.926,grad,16507246080
3,4048.185,grad,16523957760
3,4050.09,grad,16523957760
3,4051.345,grad,16523968000
3,4052.846,grad,16685923840
3,4054.102,grad,16685923840
3,4055.362,grad,16685923840
3,4056.749,grad,16685923840
3,4058.246,grad,16630389760
3,4059.512,grad,16462289408
3,4060.88,grad,16304937472
3,4062.143,grad,16329218560
3,4063.401,grad,16361888256
3,4064.655,grad,16393280000
3,4065.894,grad,16426080768
3,4067.153,grad,16458750464
3,4068.418,grad,16399669760
3,4069.674,grad,16303331840
3,4075.238,grad,16141851136
3,4081.584,grad,16141859328
3,4087.949,grad,16141859328
3,4094.674,grad,16141859328
3,4099.291,grad,16141859328
3,4100.733,grad,16149336576
3,4103.734,grad,16156805632
3,4105.129,grad,16166242816
3,4106.421,grad,16182087168
3,4107.717,grad,16218660352
3,4109.001,grad,16351895040
3,4110.283,grad,16505970176
3,4112.798,grad,16458984960
3,4114.16,grad,16469274112
3,4115.44,grad,16485118464
3,4116.745,grad,16520839680
3,4118.003,grad,16744317440
3,4119.258,grad,16757363200
3,4121.309,grad,16750875136
3,4122.593,grad,16760312320
3,4123.887,grad,16784348672
3,4125.138,grad,16851527168
3,4126.399,grad,17036207616
3,4127.651,grad,17036285440
3,4129.598,grad,17043617280
3,4131.053,grad,17053054464
3,4132.315,grad,17076238848
3,4133.614,grad,17143417344
3,4134.866,grad,17328097792
3,4136.105,grad,17342843392
3,4138.195,grad,17335507456
3,4139.464,grad,17344944640
3,4140.716,grad,17368129024
3,4142.032,grad,17396510208
3,4143.284,grad,17619987968
3,4144.544,grad,17620057600
3,4146.503,grad,17627397632
3,4147.762,grad,17636834816
3,4149.018,grad,17674699264
3,4150.251,grad,17727197696
3,4151.482,grad,17989472768
3,4152.738,grad,17911951872
3,4154.694,grad,17919287808
3,4155.974,grad,17928724992
3,4157.269,grad,17966589440
3,4158.523,grad,18019087872
3,4159.769,grad,18164971008
3,4161.001,grad,18225862144
3,4162.803,grad,18211177984
3,4164.073,grad,18220615168
3,4165.327,grad,18258479616
3,4166.577,grad,18310978048
3,4167.811,grad,18573253120
3,4169.059,grad,18495736320
3,4170.953,grad,18503068160
3,4172.333,grad,18512505344
3,4173.69,grad,18535689728
3,4174.952,grad,18602868224
3,4176.23,grad,18748751360
3,4177.486,grad,18809642496
3,4179.312,grad,18794958336
3,4180.592,grad,18804395520
3,4181.847,grad,18842259968
3,4183.088,grad,18894758400
3,4184.342,grad,19157033472
3,4185.603,grad,19094192640
3,4187.411,grad,19086848512
3,4188.692,grad,19096285696
3,4189.951,grad,19134150144
3,4191.232,grad,19201328640
3,4192.56,grad,19332531712
3,4195.299,grad,19378738688
3,4196.575,grad,19388175872
3,4197.844,grad,19426040320
3,4199.132,grad,19493218816
3,4200.438,grad,19624421888
3,4203.154,grad,19670628864
3,4204.423,grad,19680066048
3,4205.687,grad,19717930496
3,4206.922,grad,19785108992
3,4208.19,grad,19916312064
3,4210.971,grad,19962519040
3,4212.365,grad,19971956224
3,4213.655,grad,19995140608
3,4214.913,grad,20062319104
3,4216.151,grad,20246999552
3,4217.386,grad,20261753344
3,4219.24,grad,20254409216
3,4220.51,grad,20263846400
3,4221.754,grad,20301710848
3,4222.984,grad,20368889344
3,4224.233,grad,20500092416
3,4225.502,grad,20568323584
3,4227.307,grad,20546299392
3,4228.638,grad,20555736576
3,4229.931,grad,20593601024
3,4231.217,grad,20660779520
3,4232.513,grad,20830779904
3,4233.814,grad,20830857728
3,4235.835,grad,20838189568
3,4237.104,grad,20847626752
3,4238.399,grad,20870811136
3,4239.651,grad,20937989632
3,4240.92,grad,21122670080
3,4242.183,grad,21122743808
3,4244.147,grad,21130079744
3,4245.418,grad,21139516928
3,4246.691,grad,21177381376
3,4247.932,grad,21244559872
3,4249.173,grad,21336965632
3,4250.422,grad,21436654080
3,4252.255,grad,21421969920
3,4253.682,grad,21431407104
3,4254.973,grad,21454591488
3,4256.221,grad,21521769984
3,4257.465,grad,21706450432
3,4258.696,grad,21721204224
3,4260.595,grad,21713860096
3,4261.893,grad,21723297280
3,4263.159,grad,21746481664
3,4264.408,grad,21813660160
3,4265.686,grad,22075935232
3,4266.947,grad,21998418432
3,4268.909,grad,22005750272
3,4270.247,grad,22015187456
3,4271.543,grad,22038371840
3,4272.794,grad,22066753024
3,4274.036,grad,22290230784
3,4275.289,grad,22304976384
3,4277.338,grad,22297640448
3,4278.672,grad,22307077632
3,4279.961,grad,22344942080
3,4281.21,grad,22412120576
3,4282.464,grad,22543323648
3,4283.696,grad,22582194688
3,4285.583,grad,22589530624
3,4286.87,grad,22598967808
3,4288.159,grad,22636832256
3,4289.464,grad,22689330688
3,4290.723,grad,22874011136
3,4291.98,grad,22903444992
3,4293.855,grad,22881420800
3,4295.29,grad,22890857984
3,4296.597,grad,22914042368
3,4297.845,grad,22981220864
3,4299.09,grad,23165901312
3,4300.329,grad,23187995136
3,4302.165,grad,23173310976
3,4303.427,grad,23182748160
3,4304.713,grad,23220612608
3,4305.975,grad,23287791104
3,4307.215,grad,23418994176
3,4310.0,grad,23465315840
3,4311.308,grad,23481978368
3,4312.622,grad,23512502784
3,4313.863,grad,23579681280
3,4315.131,grad,23710884352
3,4317.897,grad,23757091328
3,4319.176,grad,23766528512
3,4320.444,grad,23804392960
3,4321.712,grad,23871571456
3,4322.988,grad,24002774528
3,4325.706,grad,24048981504
3,4326.995,grad,24065758720
3,4328.279,grad,24096348672
3,4329.593,grad,24163527168
3,4330.861,grad,24302004736
3,4332.14,grad,24637614592
3,4333.533,grad,25253138432
3,4335.549,grad,25253130240
3,4336.816,grad,24941703680
3,4338.061,grad,24941703680
3,4339.304,grad,24941703680
3,4340.572,grad,24941703680
3,4341.831,grad,24340860416
3,4343.082,grad,24334040576
3,4344.324,grad,24239865344
3,4345.654,grad,24158207488
3,4346.908,grad,24104660480
3,4348.144,grad,24086113792
3,4349.383,grad,24061356544
3,4350.632,grad,24090782208
3,4351.885,grad,24080296448
3,4353.621,grad,24056474112
3,4354.877,grad,24061237760
3,4356.123,grad,24003222016
3,4357.396,grad,23928445440
3,4358.653,grad,23824308736
3,4359.937,grad,23810542080
3,4361.176,grad,23784146432
3,4362.767,grad,23781000704
3,4364.023,grad,23799809536
3,4365.577,grad,23776118272
3,4366.842,grad,23780869632
3,4368.086,grad,23761663488
3,4369.316,grad,23672206848
3,4370.569,grad,23543952896
3,4371.818,grad,23530186240
3,4373.085,grad,23503790592
3,4374.681,grad,23500644864
3,4375.954,grad,23519453696
3,4377.496,grad,23495762432
3,4378.744,grad,23500513792
3,4379.983,grad,23481307648
3,4381.217,grad,23391851008
3,4382.469,grad,23300297216
3,4383.71,grad,23249764864
3,4384.94,grad,23220289024
3,4386.377,grad,23220289024
3,4387.67,grad,23239032320
3,4389.42,grad,23215406592
3,4390.684,grad,23220170240
3,4391.93,grad,23239749120
3,4393.189,grad,23118835200
3,4394.44,grad,22983962112
3,4395.687,grad,22969736704
3,4396.928,grad,22942226944
3,4398.61,grad,22940654080
3,4399.859,grad,22959462912
3,4401.393,grad,22935771648
3,4402.675,grad,22940535296
3,4403.916,grad,22921316864
3,4405.15,grad,22839200256
3,4406.394,grad,22703606272
3,4407.673,grad,22689380864
3,4408.917,grad,22661346816
3,4410.609,grad,22660298240
3,4411.858,grad,22679107072
3,4413.421,grad,22655415808
3,4414.68,grad,22660179456
3,4415.916,grad,22640961024
3,4417.154,grad,22559139328
3,4418.402,grad,22423545344
3,4419.652,grad,22409319936
3,4420.89,grad,22381810176
3,4422.562,grad,22380237312
3,4423.815,grad,22399046144
3,4425.346,grad,22375354880
3,4426.601,grad,22372766208
3,4427.919,grad,22360965632
3,4429.173,grad,22278783488
3,4430.409,grad,22181986816
3,4431.653,grad,22143709696
3,4432.895,grad,22099882496
3,4434.753,grad,22099881472
3,4435.997,grad,22118690304
3,4437.525,grad,22094999040
3,4438.775,grad,22099750400
3,4440.012,grad,22041812480
3,4441.25,grad,21959695872
3,4442.503,grad,21862899200
3,4443.799,grad,21849132544
3,4445.071,grad,21858561536
3,4447.104,grad,21834271232
3,4448.36,grad,21838465536
3,4449.861,grad,21814708736
3,4451.099,grad,21819464192
3,4452.35,grad,21761522176
3,4453.627,grad,21718202880
3,4454.874,grad,21589948928
3,4456.117,grad,21568383488
3,4457.359,grad,21540349440
3,4459.203,grad,21539300864
3,4460.46,grad,21558109696
3,4462.014,grad,21534418432
3,4463.267,grad,21546509824
3,4464.571,grad,21517604352
3,4465.862,grad,21437978112
3,4467.104,grad,21355795968
3,4468.397,grad,21302773248
3,4469.66,grad,21283243520
3,4471.671,grad,21259010560
3,4472.928,grad,21277753856
3,4474.542,grad,21254128128
3,4475.792,grad,21258879488
3,4477.025,grad,21200941568
3,4478.261,grad,21118824960
3,4479.476,grad,21037101568
3,4480.717,grad,21008196096
3,4481.955,grad,20980162048
3,4483.694,grad,20979113472
3,4484.958,grad,20997922304
3,4486.5,grad,20974231040
3,4487.758,grad,20978982400
3,4489.016,grad,20920978944
3,4490.258,grad,20838862336
3,4491.506,grad,20742065664
3,4492.76,grad,20727840256
3,4494.028,grad,20699806208
3,4495.818,grad,20698757632
3,4497.081,grad,20717566464
3,4498.659,grad,20693875200
3,4499.919,grad,20691286528
3,4501.245,grad,20679485952
3,4502.494,grad,20597369344
3,4503.734,grad,20500572672
3,4504.984,grad,20447549952
3,4506.22,grad,20419515904
3,4507.968,grad,20418467328
3,4509.244,grad,20437276160
3,4510.825,grad,20413584896
3,4512.078,grad,20418348544
3,4513.321,grad,20399130112
3,4514.595,grad,20317079040
3,4515.833,grad,20227622400
3,4517.065,grad,20181939712
3,4518.301,grad,20162409984
3,4520.286,grad,20138177024
3,4521.551,grad,20156985856
3,4523.087,grad,20133294592
3,4524.336,grad,20138045952
3,4525.601,grad,20157637120
3,4526.836,grad,20036788736
3,4528.094,grad,19915874816
3,4529.42,grad,19887428096
3,4530.68,grad,19860508160
3,4532.417,grad,19857886720
3,4533.687,grad,19877088768
3,4535.333,grad,19853004288
3,4536.602,grad,19857755648
3,4537.851,grad,19836190208
3,4539.132,grad,19756563968
3,4540.404,grad,19674381824
3,4541.664,grad,19620900352
3,4542.9,grad,19612896768
3,4544.141,grad,19577596416
3,4545.398,grad,19607939584
3,4546.851,grad,19572222464
3,4548.096,grad,19580054016
3,4549.338,grad,19606821376
3,4550.61,grad,19558259200
3,4551.852,grad,19444750848
3,4553.086,grad,19355294208
3,4554.332,grad,19326388736
3,4555.611,grad,19298354688
3,4557.345,grad,19297306112
3,4558.605,grad,19316508160
3,4560.191,grad,19292423680
3,4561.443,grad,19297175040
3,4562.702,grad,19316766208
3,4563.96,grad,19188577792
3,4565.237,grad,19106461184
3,4566.5,grad,19046098432
3,4567.748,grad,19018064384
3,4569.524,grad,19017015808
3,4570.791,grad,19035824640
3,4572.417,grad,19012133376
3,4573.678,grad,19019506176
3,4574.941,grad,19009540608
3,4576.22,grad,18912743936
3,4577.487,grad,18908287488
3,4578.743,grad,18787381760
3,4579.998,grad,18773541376
3,4581.248,grad,18736725504
3,4582.749,grad,18736725504
3,4583.996,grad,18755468800
3,4585.628,grad,18731843072
3,4586.885,grad,18736594432
3,4588.124,grad,18717388288
3,4589.357,grad,18589199872
3,4590.653,grad,18507083264
3,4591.975,grad,18485976576
3,4593.233,grad,18459056640
3,4594.891,grad,18456435200
3,4596.16,grad,18475244032
3,4597.718,grad,18451552768
3,4598.959,grad,18456304128
3,4600.203,grad,18398300672
3,4601.468,grad,18355046912
3,4602.713,grad,18226792960
3,4603.952,grad,18205227520
3,4605.191,grad,18177193472
3,4606.933,grad,18176144896
3,4608.206,grad,18194888192
3,4609.787,grad,18171262464
3,4611.055,grad,18176013824
3,4612.367,grad,18156873216
3,4613.698,grad,18074822144
3,4614.952,grad,18007385600
3,4616.218,grad,17939158528
3,4617.473,grad,17934824960
3,4618.713,grad,17895854592
3,4619.978,grad,17925739008
3,4621.443,grad,17890480640
3,4622.726,grad,17898312192
3,4623.975,grad,17925079552
3,4625.219,grad,17869177344
3,4626.474,grad,17763009024
3,4627.751,grad,17658872320
3,4629.139,grad,17645105664
3,4630.417,grad,17617661440
3,4632.166,grad,17615564288
3,4633.443,grad,17634307584
3,4635.077,grad,17610681856
3,4636.372,grad,17615445504
3,4637.634,grad,17596227072
3,4638.877,grad,17506835968
3,4640.154,grad,17432059392
3,4641.476,grad,17378577920
3,4642.752,grad,17358982656
3,4644.019,grad,17335273984
3,4645.376,grad,17365158400
3,4646.919,grad,17329900032
3,4648.177,grad,17337731584
3,4649.429,grad,17364507136
3,4650.693,grad,17316002304
3,4651.956,grad,17248631296
3,4653.196,grad,17151769088
3,4654.54,grad,17098746368
3,4655.815,grad,17079216640
3,4657.806,grad,17054131712
3,4659.131,grad,17072940544
3,4660.734,grad,17048397312
3,4662.006,grad,17053148672
3,4663.26,grad,16995145216
3,4664.51,grad,16951891456
3,4665.763,grad,16817149440
3,4667.102,grad,16804234752
3,4668.354,grad,16776790528
3,4670.048,grad,16773841408
3,4671.325,grad,16792584704
3,4673.055,grad,16768958976
3,4674.305,grad,16773718528
3,4675.558,grad,16753652224
3,4676.82,grad,16663212544
3,4678.072,grad,16580899328
3,4679.319,grad,16527090176
3,4680.587,grad,16515883520
3,4681.842,grad,16490339840
3,4683.094,grad,16512884224
3,4684.561,grad,16477625856
3,4685.804,grad,16485457408
3,4687.046,grad,16468188672
3,4688.299,grad,16468188672
3,4689.55,grad,16468188672
3,4691.157,grad,16468188160
3,4693.096,grad,16468188160
3,4694.555,grad,16468188160
3,4695.836,grad,16468188160
3,4697.092,grad,16468188160
3,4700.506,grad,16468188160
3,4701.896,grad,16468188160
3,4703.148,grad,16486341632
3,4704.395,grad,16507968512
3,4705.664,grad,16523238400
3,4707.481,grad,16523238400
3,4708.733,grad,16523248640
3,4710.148,grad,16685204480
3,4711.578,grad,16685204480
3,4713.127,grad,16685204480
3,4714.384,grad,16671966720
3,4715.64,grad,16628228096
3,4716.893,grad,16449445888
3,4718.155,grad,16303333376
3,4719.419,grad,16329646080
3,4720.67,grad,16363757568
3,4721.914,grad,16396656640
3,4723.178,grad,16429096960
3,4724.43,grad,16461602816
3,4725.691,grad,16390856704
3,4732.054,grad,16143458304
3,4738.432,grad,16143462400
3,4744.8,grad,16143462400
3,4751.183,grad,16143462400
3,4755.529,grad,16143462400
3,4756.848,grad,16147367936
3,4759.843,grad,16151166976
3,4761.205,grad,16156213248
3,4762.522,grad,16164135936
3,4763.808,grad,16181996544
3,4765.072,grad,16255953920
3,4766.338,grad,16294816768
3,4768.635,grad,16302781440
3,4769.911,grad,16307827712
3,4771.219,grad,16319420416
3,4772.485,grad,16353009664
3,4773.744,grad,16484147200
3,4774.991,grad,16445061120
3,4776.945,grad,16449775616
3,4778.213,grad,16454821888
3,4779.482,grad,16466414592
3,4780.726,grad,16500003840
3,4781.989,grad,16572945408
3,4783.232,grad,16603063296
3,4785.126,grad,16596048896
3,4786.624,grad,16600767488
3,4787.928,grad,16612360192
3,4789.196,grad,16645949440
3,4790.515,grad,16777086976
3,4791.767,grad,16738328576
3,4793.715,grad,16741994496
3,4795.031,grad,16746713088
3,4796.306,grad,16759354368
3,4797.561,grad,16792943616
3,4798.826,grad,16924081152
3,4800.085,grad,16885322752
3,4801.983,grad,16888988672
3,4803.264,grad,16893707264
3,4804.545,grad,16913688576
3,4805.818,grad,16940986368
3,4807.061,grad,17033326592
3,4808.298,grad,17048043520
3,4810.089,grad,17037031424
3,4811.354,grad,17041750016
3,4812.659,grad,17062779904
3,4813.905,grad,17096369152
3,4815.157,grad,17161970688
3,4816.402,grad,17193464832
3,4818.195,grad,17186122752
3,4819.467,grad,17190841344
3,4820.721,grad,17203482624
3,4821.991,grad,17238120448
3,4823.225,grad,17330460672
3,4824.494,grad,17341507584
3,4826.298,grad,17334165504
3,4827.663,grad,17338884096
3,4828.934,grad,17352573952
3,4830.185,grad,17386163200
3,4831.464,grad,17459104768
3,4832.701,grad,17485880320
3,4834.579,grad,17482208256
3,4835.841,grad,17486926848
3,4837.099,grad,17506908160
3,4838.337,grad,17541545984
3,4839.604,grad,17626546176
3,4840.853,grad,17636544512
3,4842.679,grad,17629202432
3,4843.967,grad,17633921024
3,4845.233,grad,17653902336
3,4846.48,grad,17687491584
3,4847.739,grad,17734743040
3,4848.985,grad,17780917248
3,4850.9,grad,17777245184
3,4852.163,grad,17781963776
3,4853.427,grad,17800896512
3,4854.72,grad,17827145728
3,4855.986,grad,17900087296
3,4857.23,grad,17931581440
3,4859.102,grad,17924239360
3,4860.371,grad,17928957952
3,4861.633,grad,17947890688
3,4862.867,grad,17981479936
3,4864.13,grad,18027682816
3,4865.392,grad,18070187008
3,4867.132,grad,18070184960
3,4869.181,grad,18074903552
3,4870.464,grad,18086496256
3,4871.737,grad,18100686848
3,4872.994,grad,18212425728
3,4874.239,grad,18212460544
3,4876.182,grad,18216130560
3,4877.446,grad,18220849152
3,4878.743,grad,18240830464
3,4879.989,grad,18274419712
3,4881.266,grad,18340021248
3,4883.943,grad,18363124736
3,4885.211,grad,18367843328
3,4886.475,grad,18387824640
3,4887.74,grad,18422462464
3,4888.98,grad,18468665344
3,4890.219,grad,18522179584
3,4892.021,grad,18511167488
3,4893.287,grad,18515886080
3,4894.596,grad,18536915968
3,4895.842,grad,18570505216
3,4897.09,grad,18636106752
3,4899.849,grad,18660258816
3,4901.125,grad,18664977408
3,4902.423,grad,18686007296
3,4903.775,grad,18719596544
3,4905.095,grad,18785198080
3,4907.836,grad,18808301568
3,4909.26,grad,18813020160
3,4910.546,grad,18826710016
3,4911.803,grad,18860299264
3,4913.101,grad,18952639488
3,4914.377,grad,18960016384
3,4916.263,grad,18956344320
3,4917.557,grad,18961062912
3,4918.845,grad,18981044224
3,4920.106,grad,19015682048
3,4921.402,grad,19081283584
3,4924.129,grad,19103338496
3,4925.396,grad,19108057088
3,4926.682,grad,19128038400
3,4927.918,grad,19161627648
3,4929.193,grad,19228277760
3,4931.915,grad,19251381248
3,4933.184,grad,19256099840
3,4934.439,grad,19275032576
3,4935.688,grad,19308621824
3,4937.002,grad,19374223360
3,4939.723,grad,19398375424
3,4941.012,grad,19403094016
3,4942.367,grad,19414686720
3,4943.638,grad,19448275968
3,4944.886,grad,19540616192
3,4946.146,grad,19547993088
3,4948.017,grad,19544321024
3,4949.44,grad,19549039616
3,4950.721,grad,19560632320
3,4951.98,grad,19594221568
3,4953.217,grad,19686561792
3,4954.463,grad,19693938688
3,4956.317,grad,19690266624
3,4957.596,grad,19694985216
3,4958.883,grad,19714966528
3,4960.118,grad,19748588544
3,4961.354,grad,19817827328
3,4964.001,grad,19837260800
3,4965.281,grad,19841979392
3,4966.551,grad,19861960704
3,4967.806,grad,19896631296
3,4969.054,grad,19965870080
3,4971.758,grad,19985303552
3,4973.041,grad,19990022144
3,4974.333,grad,20011052032
3,4975.586,grad,20044641280
3,4976.851,grad,20110242816
3,4979.579,grad,20134394880
3,4980.848,grad,20143832064
3,4982.116,grad,20160176128
3,4983.359,grad,20193765376
3,4984.606,grad,20263004160
3,4985.84,grad,20430708736
3,4988.944,grad,20738467328
3,4990.204,grad,20582754304
3,4991.472,grad,20582754304
3,4992.738,grad,20582754304
3,4993.976,grad,20582754304
3,4995.217,grad,20279710720
3,4996.464,grad,20271582208
3,4997.7,grad,20231474176
3,4998.979,grad,20190743552
3,5000.217,grad,20163871744
3,5001.463,grad,20157580288
3,5003.51,grad,20140122112
3,5004.755,grad,20149493760
3,5006.715,grad,20137926656
3,5007.996,grad,20140060672
3,5009.24,grad,20168202240
3,5010.476,grad,20088412160
3,5011.729,grad,20039358464
3,5013.05,grad,20021268480
3,5014.332,grad,19998305280
3,5016.212,grad,19997256704
3,5017.54,grad,20007676928
3,5019.207,grad,19995061248
3,5020.463,grad,19997197312
3,5021.724,grad,19988374528
3,5023.069,grad,19944530944
3,5024.394,grad,19888727040
3,5025.67,grad,19873127424
3,5026.909,grad,19858946048
3,5028.561,grad,19857537024
3,5029.812,grad,19866941440
3,5031.383,grad,19855341568
3,5032.705,grad,19857477632
3,5033.978,grad,19848753152
3,5035.263,grad,19804909568
3,5036.571,grad,19764834304
3,5037.872,grad,19734652928
3,5039.166,grad,19720111104
3,5040.925,grad,19726402560
3,5042.277,grad,19728499712
3,5044.025,grad,19716867072
3,5045.331,grad,19718996992
3,5046.608,grad,19729579008
3,5047.851,grad,19666336768
3,5049.092,grad,19606764544
3,5050.328,grad,19595981824
3,5051.587,grad,19582324736
3,5053.276,grad,19581440000
3,5054.542,grad,19590811648
3,5056.181,grad,19579244544
3,5057.429,grad,19581374464
3,5058.682,grad,19592054784
3,5059.913,grad,19528812544
3,5061.148,grad,19469240320
3,5062.521,grad,19458686976
3,5063.775,grad,19444538368
3,5065.272,grad,19443915776
3,5066.472,grad,19453287424
3,5068.048,grad,19441720320
3,5069.284,grad,19443850240
3,5070.471,grad,19453481984
3,5071.706,grad,19393025024
3,5072.947,grad,19328898048
3,5074.269,grad,19318344704
3,5075.509,grad,19304196096
3,5076.982,grad,19303573504
3,5078.228,grad,19312977920
3,5079.791,grad,19301378048
3,5081.034,grad,19310848000
3,5082.275,grad,19332734976
3,5083.514,grad,19251798016
3,5084.781,grad,19203399680
3,5086.094,grad,19184261120
3,5087.412,grad,19161920512
3,5089.171,grad,19161297920
3,5090.424,grad,19170898944
3,5092.083,grad,19159102464
3,5093.394,grad,19161240576
3,5094.653,grad,19151629312
3,5095.909,grad,19106900992
3,5097.24,grad,19065842688
3,5098.516,grad,19034711040
3,5099.762,grad,19033392128
3,5101.017,grad,19020169216
3,5102.269,grad,19034292224
3,5103.658,grad,19016433664
3,5104.908,grad,19020595200
3,5106.169,grad,19033733120
3,5107.405,grad,19005683712
3,5108.648,grad,18946275328
3,5109.881,grad,18908035072
3,5111.112,grad,18893910016
3,5112.367,grad,18879663104
3,5113.934,grad,18878090240
3,5115.175,grad,18888543232
3,5116.738,grad,18875894784
3,5117.981,grad,18882743296
3,5119.299,grad,18868356096
3,5120.597,grad,18828313600
3,5121.845,grad,18778866688
3,5123.085,grad,18752355328
3,5124.321,grad,18736240640
3,5126.074,grad,18735716352
3,5127.317,grad,18745120768
3,5128.893,grad,18733520896
3,5130.134,grad,18735654912
3,5131.368,grad,18705600512
3,5132.627,grad,18664640512
3,5133.883,grad,18619813888
3,5135.136,grad,18608080896
3,5136.433,grad,18594325504
3,5138.19,grad,18592490496
3,5139.475,grad,18602910720
3,5141.167,grad,18590295040
3,5142.441,grad,18592424960
3,5143.707,grad,18563324928
3,5144.958,grad,18541665280
3,5146.201,grad,18477636608
3,5147.472,grad,18465805312
3,5148.742,grad,18451525632
3,5150.444,grad,18450214912
3,5151.755,grad,18459586560
3,5153.471,grad,18448019456
3,5154.76,grad,18446479360
3,5156.027,grad,18439268352
3,5157.303,grad,18399455232
3,5158.57,grad,18365736960
3,5159.812,grad,18331623424
3,5161.047,grad,18326380544
3,5162.986,grad,18308922368
3,5164.238,grad,18318326784
3,5165.848,grad,18306726912
3,5167.107,grad,18308862976
3,5168.352,grad,18299253760
3,5169.611,grad,18254558208
3,5170.897,grad,18194101248
3,5172.249,grad,18183318528
3,5173.552,grad,18169563136
3,5175.303,grad,18168776704
3,5176.578,grad,18178148352
3,5178.195,grad,18166581248
3,5179.464,grad,18168719360
3,5180.707,grad,18159108096
3,5181.943,grad,18114379776
3,5183.173,grad,18054053888
3,5184.415,grad,18043271168
3,5185.693,grad,18029515776
3,5187.388,grad,18028729344
3,5188.664,grad,18038100992
3,5190.251,grad,18026533888
3,5191.514,grad,18032333824
3,5192.806,grad,18018044928
3,5194.051,grad,17978002432
3,5195.302,grad,17928555520
3,5196.564,grad,17909384192
3,5197.8,grad,17887502336
3,5199.625,grad,17887502336
3,5200.945,grad,17896939520
3,5202.38,grad,17885306880
3,5203.634,grad,17887440896
3,5204.88,grad,17877833728
3,5206.141,grad,17832089600
3,5207.387,grad,17771632640
3,5208.632,grad,17760849920
3,5209.867,grad,17746570240
3,5211.516,grad,17745259520
3,5212.778,grad,17754663936
3,5214.343,grad,17743064064
3,5215.632,grad,17745202176
3,5216.876,grad,17754989568
3,5218.114,grad,17695613952
3,5219.35,grad,17625719808
3,5220.599,grad,17618607104
3,5221.826,grad,17604327424
3,5223.5,grad,17604065280
3,5224.842,grad,17613436928
3,5226.712,grad,17601869824
3,5228.024,grad,17603999744
3,5229.292,grad,17593217024
3,5230.65,grad,17554452480
3,5231.924,grad,17513558016
3,5233.256,grad,17484949504
3,5234.559,grad,17465690112
3,5236.576,grad,17462019072
3,5237.853,grad,17472472064
3,5239.486,grad,17459823616
3,5240.741,grad,17461957632
3,5242.005,grad,17452350464
3,5243.264,grad,17408670720
3,5244.564,grad,17367645184
3,5245.823,grad,17336415232
3,5247.093,grad,17321086976
3,5248.798,grad,17319776256
3,5250.138,grad,17329213440
3,5251.686,grad,17317580800
3,5253.102,grad,17319710720
3,5254.385,grad,17291757568
3,5255.665,grad,17270097920
3,5256.922,grad,17200203776
3,5258.269,grad,17193320448
3,5259.584,grad,17178024960
3,5261.158,grad,17176452096
3,5262.434,grad,17185856512
3,5264.093,grad,17174256640
3,5265.367,grad,17180056576
3,5266.739,grad,17166816256
3,5268.003,grad,17135195136
3,5269.272,grad,17086764032
3,5270.554,grad,17056877568
3,5271.818,grad,17052060672
3,5273.093,grad,17038895104
3,5274.356,grad,17049151488
3,5275.774,grad,17031489536
3,5277.039,grad,17035651072
3,5278.296,grad,17041448960
3,5279.571,grad,17005142016
3,5280.821,grad,16984530944
3,5282.1,grad,16919355392
3,5283.392,grad,16908572672
3,5284.678,grad,16893768704
3,5286.418,grad,16892982272
3,5287.733,grad,16902353920
3,5289.402,grad,16890786816
3,5290.659,grad,16892924928
3,5291.909,grad,16883346432
3,5293.151,grad,16845958144
3,5294.407,grad,16794938368
3,5295.688,grad,16774718464
3,5296.954,grad,16752836608
3,5298.773,grad,16752836608
3,5300.033,grad,16762241024
3,5301.59,grad,16750313472
3,5302.839,grad,16752443392
3,5304.14,grad,16743200768
3,5305.393,grad,16701782016
3,5306.669,grad,16665442304
3,5307.983,grad,16634212352
3,5309.236,grad,16612330496
3,5311.08,grad,16612330496
3,5312.348,grad,16621734912
3,5313.978,grad,16609086464
3,5315.251,grad,16611216384
3,5316.511,grad,16583263232
3,5317.761,grad,16542532608
3,5319.009,grad,16492790784
3,5320.291,grad,16486235136
3,5321.545,grad,16473036800
3,5323.14,grad,16471463936
3,5324.398,grad,16480868352
3,5326.045,grad,16468318208
3,5327.317,grad,16470448128
3,5328.594,grad,16442200064
3,5329.841,grad,16399372288
3,5331.087,grad,16354512896
3,5332.41,grad,16340289536
3,5333.665,grad,16327418880
3,5335.306,grad,16325256192
3,5336.613,grad,16334627840
3,5338.245,grad,16323060736
3,5339.547,grad,16326616064
3,5340.805,grad,16317850624
3,5342.049,grad,16317850624
3,5343.3,grad,16317850624
3,5345.851,grad,16317850112
3,5347.117,grad,16317850112
3,5348.411,grad,16317850112
3,5349.692,grad,16317850112
3,5353.021,grad,16317850112
3,5354.372,grad,16317850112
3,5355.637,grad,16327942656
3,5356.887,grad,16339739136
3,5359.439,grad,16345375232
3,5360.791,grad,16345540096
3,5362.071,grad,16507101696
3,5364.271,grad,16507101696
3,5365.733,grad,16507101696
3,5367.264,grad,16479332352
3,5368.552,grad,16379225600
3,5369.809,grad,16306152960
3,5371.056,grad,16339314176
3,5372.304,grad,16373458432
3,5373.594,grad,16408552960
3,5374.844,grad,16443123200
3,5376.09,grad,16445777408
3,5377.345,grad,16318965248
3,5378.679,grad,16141855744
3,5379.928,grad,16162160128
3,5381.197,grad,16194076160
3,5382.439,grad,16222944768
3,5383.712,grad,16251780608
3,5384.968,grad,16280616448
3,5386.213,grad,16293395968
3,5387.477,grad,16146103808
3,5388.738,grad,16123821056
3,5390.009,grad,16014048256
3,5391.363,noise,15979082752
3,5392.642,noise,15979082752
3,5393.89,noise,15979082752
3,5395.15,noise,15980524544
3,5396.398,noise,15980753920
3,5397.654,noise,15980753920
3,5398.926,noise,15982490624
3,5400.169,noise,15982490624
3,5401.398,noise,15983703040
3,5402.644,noise,15984194560
3,5403.911,noise,15984882688
3,5405.157,noise,15985144832
3,5406.393,noise,15985144832
3,5407.659,noise,15986586624
3,5408.906,noise,15986816000
3,5410.148,noise,15986816000
3,5411.384,noise,15988257792
3,5412.627,noise,15988257792
3,5413.872,noise,15989470208
3,5415.129,noise,15989961728
3,5416.387,noise,15990420480
3,5417.665,noise,15990912000
3,5418.917,noise,15990912000
3,5420.172,noise,15992124416
3,5421.41,noise,15992583168
3,5422.683,noise,15992583168
3,5423.956,noise,15994483712
3,5425.216,noise,15994024960
3,5426.53,noise,15995237376
3,5427.846,noise,15995728896
3,5429.12,noise,15996187648
3,5430.378,noise,15996679168
3,5431.636,noise,15996679168
3,5432.88,noise,15997891584
3,5434.14,noise,15998350336
3,5435.384,noise,15998350336
3,5436.649,noise,15999792128
3,5437.898,noise,15999792128
3,5439.144,noise,16002216960
3,5440.394,noise,16001266688
3,5441.644,noise,16001725440
3,5442.887,noise,16002184192
3,5444.142,noise,16002446336
3,5445.398,noise,16003658752
3,5446.649,noise,16003888128
3,5447.898,noise,16004117504
3,5449.154,noise,16005329920
3,5450.401,noise,16005559296
3,5451.649,noise,16005559296
3,5452.897,noise,16007230464
3,5454.184,noise,16007263232
3,5455.475,noise,16007721984
3,5456.742,noise,16008213504
3,5457.998,noise,16008213504
3,5459.267,noise,16009655296
3,5460.55,noise,16009884672
3,5461.788,noise,16009884672
3,5463.027,noise,16011326464
3,5464.295,noise,16011326464
3,5465.576,noise,16012538880
3,5466.811,noise,16013030400
3,5468.056,noise,16013489152
3,5469.292,noise,16013980672
3,5470.56,noise,16013980672
3,5471.792,noise,16015193088
3,5473.03,noise,16015651840
3,5474.261,noise,16015651840
3,5475.539,noise,16017552384
3,5476.78,noise,16017093632
3,5478.02,noise,16018306048
3,5479.272,noise,16018797568
3,5480.522,noise,16019256320
3,5481.753,noise,16019747840
3,5482.984,noise,16019747840
3,5484.217,noise,16021058560
3,5485.472,noise,16021517312
3,5486.711,noise,16021517312
3,5487.951,noise,16022959104
3,5489.188,noise,16022959104
3,5490.428,noise,16026596352
3,5491.673,noise,16024433664
3,5492.904,noise,16024892416
3,5494.14,noise,16025351168
3,5495.389,noise,16025613312
3,5496.659,noise,16026825728
3,5497.895,noise,16027055104
3,5499.129,noise,16027284480
3,5500.372,noise,16028496896
3,5501.622,noise,16028726272
3,5502.85,noise,16028726272
3,5504.102,noise,16030528512
3,5505.347,noise,16031020032
3,5506.614,noise,16031478784
3,5507.855,noise,16031740928
3,5509.093,noise,16031740928
3,5510.337,noise,16033182720
3,5511.587,noise,16033412096
3,5512.815,noise,16033412096
3,5514.049,noise,16034853888
3,5515.288,noise,16034853888
3,5516.543,noise,16036066304
3,5517.785,noise,16036557824
3,5519.02,noise,16037016576
3,5520.277,noise,16037508096
3,5521.517,noise,16037508096
3,5522.742,noise,16038720512
3,5523.972,noise,16039179264
3,5525.204,noise,16039179264
3,5526.468,noise,16041210880
3,5527.717,noise,16040981504
3,5528.954,noise,16043406336
3,5530.19,noise,16042456064
3,5531.463,noise,16043144192
3,5532.722,noise,16043602944
3,5533.961,noise,16043635712
3,5535.196,noise,16044848128
3,5536.443,noise,16045306880
3,5537.717,noise,16045306880
3,5538.956,noise,16047731712
3,5540.191,noise,16046748672
3,5541.429,noise,16046748672
3,5542.676,noise,16048190464
3,5543.922,noise,16048681984
3,5545.169,noise,16049140736
3,5546.416,noise,16049402880
3,5547.683,noise,16049402880
3,5548.915,noise,16051205120
3,5550.15,noise,16051434496
3,5551.387,noise,16051434496
3,5552.632,noise,16052876288
3,5553.86,noise,16052876288
3,5555.094,noise,16054088704
3,5556.342,noise,16054580224
3,5557.59,noise,16055038976
3,5558.828,noise,16055530496
3,5560.065,noise,16055530496
3,5561.3,noise,16057955328
3,5562.548,noise,16057201664
3,5563.777,noise,16057201664
3,5565.021,noise,16058414080
3,5566.263,noise,16058643456
3,5567.499,noise,16058643456
3,5568.729,noise,16060085248
3,5569.967,noise,16060576768
3,5571.209,noise,16061035520
3,5572.447,noise,16061297664
3,5573.684,noise,16061297664
3,5574.909,noise,16062739456
3,5576.187,noise,16062968832
3,5577.431,noise,16062968832
3,5578.699,noise,16064410624
3,5579.947,noise,16064410624
3,5581.215,noise,16065623040
3,5582.467,noise,16066114560
3,5583.705,noise,16066802688
3,5584.947,noise,16067064832
3,5586.211,noise,16067064832
3,5587.539,noise,16068506624
3,5588.817,noise,16068736000
3,5590.067,noise,16069948416
3,5591.36,noise,16070177792
3,5592.638,noise,16070177792
3,5593.893,noise,16072078336
3,5595.162,noise,16071881728
3,5596.42,noise,16072340480
3,5597.683,noise,16072832000
3,5598.931,noise,16072832000
3,5600.163,noise,16074044416
3,5601.403,noise,16074503168
3,5602.658,noise,16074503168
3,5603.885,noise,16075944960
3,5605.116,noise,16075944960
3,5606.377,noise,16077157376
3,5607.66,noise,16077419520
3,5608.909,noise,16077878272
3,5610.155,noise,16078337024
3,5611.394,noise,16078599168
3,5612.671,noise,16079811584
3,5613.903,noise,16080040960
3,5615.14,noise,16080270336
3,5616.371,noise,16081482752
3,5617.645,noise,16081712128
3,5618.884,noise,16081712128
3,5620.158,noise,16083153920
3,5621.499,noise,16083645440
3,5622.822,noise,16084104192
3,5624.078,noise,16084366336
3,5625.315,noise,16084366336
3,5626.56,noise,16085808128
3,5627.815,noise,16086037504
3,5629.063,noise,16086037504
3,5630.311,noise,16087479296
3,5631.643,noise,16087479296
3,5632.962,noise,16088691712
3,5634.213,noise,16089183232
3,5635.468,noise,16089641984
3,5636.739,noise,16090133504
3,5638.082,noise,16090133504
3,5639.348,noise,16091935744
3,5640.598,noise,16092165120
3,5641.842,noise,16092165120
3,5643.126,noise,16093606912
3,5644.387,noise,16093606912
3,5645.657,noise,16094819328
3,5646.893,noise,16095310848
3,5648.14,noise,16095769600
3,5649.384,noise,16096261120
3,5650.627,noise,16096261120
3,5651.864,noise,16097473536
3,5653.114,noise,16097932288
3,5654.375,noise,16097932288
3,5655.666,noise,16099832832
3,5656.92,noise,16099374080
3,5658.199,noise,16100586496
3,5659.472,noise,16101078016
3,5660.732,noise,16101536768
3,5662.021,noise,16102028288
3,5663.331,noise,16102028288
3,5664.618,noise,16103470080
3,5665.877,noise,16103699456
3,5667.137,noise,16103699456
3,5668.391,noise,16105141248
3,5669.67,noise,16105141248
3,5670.927,noise,16106353664
3,5672.204,noise,16106845184
3,5673.476,noise,16107303936
3,5674.731,noise,16107795456
3,5675.968,noise,16107795456
3,5677.204,noise,16109007872
3,5678.467,noise,16109466624
3,5679.716,noise,16109466624
3,5680.951,noise,16111137792
3,5682.188,noise,16110908416
3,5683.428,noise,16114545664
3,5684.684,noise,16112382976
3,5685.919,noise,16112841728
3,5687.161,noise,16113300480
3,5688.42,noise,16113562624
3,5689.701,noise,16114775040
3,5690.977,noise,16115233792
3,5692.246,noise,16115233792
3,5693.52,noise,16117658624
3,5694.762,noise,16116675584
3,5696.008,noise,16116675584
3,5697.25,noise,16118117376
3,5698.502,noise,16118608896
3,5699.744,noise,16119067648
3,5700.985,noise,16119329792
3,5702.215,noise,16119329792
3,5703.462,noise,16120771584
3,5704.71,noise,16121000960
3,5705.951,noise,16121000960
3,5707.186,noise,16122803200
3,5708.447,noise,16122803200
3,5709.71,noise,16124015616
3,5710.956,noise,16124507136
3,5712.187,noise,16124965888
3,5713.466,noise,16125457408
3,5714.706,noise,16125457408
3,5715.982,noise,16126669824
3,5717.283,noise,16127128576
3,5718.58,noise,16127128576
3,5719.828,noise,16128799744
3,5721.069,noise,16128570368
3,5722.298,noise,16130995200
3,5723.554,noise,16130044928
3,5724.798,noise,16130503680
3,5726.038,noise,16130962432
3,5727.284,noise,16131224576
3,5728.483,noise,16132436992
3,5729.722,noise,16132666368
3,5730.959,noise,16132895744
3,5732.187,noise,16134108160
3,5733.427,noise,16134337536
3,5734.696,noise,16134337536
3,5735.959,noise,16135779328
3,5737.197,noise,16136270848
3,5738.47,noise,16136958976
3,5739.718,noise,16136991744
3,5740.948,noise,16136991744
3,5742.178,noise,16138433536
3,5743.422,noise,16138662912
3,5744.699,noise,16138662912
3,5745.956,noise,16140104704
3,5747.207,noise,16140104704
3,5748.474,noise,16141317120
3,5749.725,noise,16141808640
3,5750.956,noise,16142496768
3,5752.49,noise,16138433536
3,5753.739,noise,16027284480
3,5755.066,optimizer,15979049984
3,5756.329,optimizer,15981795328
3,5757.576,optimizer,15982346752
3,5758.829,optimizer,15984862208
3,5760.077,optimizer,15984192000
3,5761.306,optimizer,15984891904
3,5762.644,optimizer,15985418240
3,5763.964,optimizer,15987932160
3,5765.222,optimizer,15989464576
3,5766.467,optimizer,15993421312
3,5767.715,optimizer,15990341120
3,5768.967,optimizer,15991255552
3,5770.286,optimizer,15991550464
3,5771.537,optimizer,15994310144
3,5772.767,optimizer,15998023680
3,5774.005,optimizer,15997375488
3,5775.273,optimizer,15996672000
3,5776.523,optimizer,15997418496
3,5777.759,optimizer,15997685760
3,5779.013,optimizer,15999676416
3,5780.273,optimizer,16002006016
3,5781.508,optimizer,16003740160
3,5782.763,optimizer,16003079168
3,5784.0,optimizer,16003784192
3,5785.244,optimizer,16004835840
3,5786.486,optimizer,16005597696
3,5787.714,optimizer,16007358464
3,5788.956,optimizer,16008698368
3,5790.216,optimizer,16009185792
3,5791.483,optimizer,16009947136
3,5792.718,optimizer,16012226048
3,5793.954,optimizer,16013094912
3,5795.204,optimizer,16014629376
3,5796.449,optimizer,16014897664
3,5797.692,optimizer,16015566336
3,5798.932,optimizer,16016315392
3,5800.18,optimizer,16018605568
3,5801.425,optimizer,16021349888
3,5802.67,optimizer,16021914624
3,5803.903,optimizer,16021211648
3,5805.166,optimizer,16021971968
3,5806.403,optimizer,16022027776
3,5807.653,optimizer,16023986688
3,5808.894,optimizer,16026747392
3,5810.134,optimizer,16027103232
3,5811.376,optimizer,16027834880
3,5812.616,optimizer,16028308480
3,5813.881,optimizer,16029451776
3,5815.252,optimizer,16030365184
3,5816.549,optimizer,16033032192
3,5817.788,optimizer,16033238528
3,5819.043,optimizer,16034183680
3,5820.3,optimizer,16034459136
3,5821.559,optimizer,16039190016
3,5822.818,optimizer,16037559808
3,5824.048,optimizer,16040304640
3,5825.322,optimizer,16039405568
3,5826.605,optimizer,16040334848
3,5827.861,optimizer,16040629248
3,5829.122,optimizer,16043144704
3,5830.439,optimizer,16045889024
3,5831.738,optimizer,16046439936
3,5833.014,optimizer,16045555712
3,5834.27,optimizer,16046468096
3,5835.572,optimizer,16046763008
3,5836.833,optimizer,16048295936
3,5838.065,optimizer,16052253184
3,5839.297,optimizer,16052602880
3,5840.588,optimizer,16051885568
3,5841.859,optimizer,16052631552
3,5843.099,optimizer,16052899328
3,5844.348,optimizer,16054659584
3,5845.634,optimizer,16057321472
3,5846.898,optimizer,16058855424
3,5848.15,optimizer,16058609664
3,5849.391,optimizer,16058885120
3,5850.644,optimizer,16058999296
3,5851.895,optimizer,16060940288
3,5853.142,optimizer,16063458304
3,5854.393,optimizer,16064465408
3,5855.645,optimizer,16064530432
3,5856.93,optimizer,16065018880
3,5858.276,optimizer,16066315264
3,5859.605,optimizer,16067076608
3,5860.931,optimizer,16068608512
3,5862.248,optimizer,16070175744
3,5863.511,optimizer,16070665728
3,5864.798,optimizer,16071154176
3,5866.07,optimizer,16071269376
3,5867.312,optimizer,16073196544
3,5868.568,optimizer,16076775936
3,5869.83,optimizer,16077783552
3,5871.11,optimizer,16077848576
3,5872.419,optimizer,16078795264
3,5873.953,optimizer,16079859712
3,5875.229,optimizer,16080393216
3,5876.524,optimizer,16083290112
3,5877.821,optimizer,16083495424
3,5879.109,optimizer,16083983872
3,5880.35,optimizer,16084729856
3,5881.624,optimizer,16087023104
3,5882.876,optimizer,16087816192
3,5884.119,optimizer,16089350656
3,5885.353,optimizer,16089498624
3,5886.624,optimizer,16090362368
3,5887.883,optimizer,16091309056
3,5889.132,optimizer,16093402624
3,5890.48,optimizer,16095240704
3,5891.749,optimizer,16099940864
3,5893.003,optimizer,16096860672
3,5894.244,optimizer,16098004480
3,5895.526,optimizer,16098070016
3,5896.826,optimizer,16099602432
3,5898.068,optimizer,16103559680
3,5899.3,optimizer,16103896064
3,5900.553,optimizer,16103421440
3,5901.801,optimizer,16103925760
3,5903.054,optimizer,16106464768
3,5904.306,optimizer,16105981952
3,5905.58,optimizer,16107743232
3,5906.85,optimizer,16109082624
3,5908.088,optimizer,16109799936
3,5909.32,optimizer,16110317568
3,5910.565,optimizer,16113822720
3,5911.824,optimizer,16113442816
3,5913.075,optimizer,16115920896
3,5914.331,optimizer,16115250688
3,5915.59,optimizer,16116178944
3,5916.847,optimizer,16116476928
3,5918.122,optimizer,16118990848
3,5919.357,optimizer,16122947584
3,5920.613,optimizer,16122313728
3,5921.866,optimizer,16121596928
3,5923.114,optimizer,16122329600
3,5924.355,optimizer,16122444800
3,5925.605,optimizer,16124399616
3,5926.84,optimizer,16126902272
3,5928.078,optimizer,16127910400
3,5929.308,optimizer,16127975936
3,5930.552,optimizer,16128693248
3,5931.786,optimizer,16129836032
3,5933.031,optimizer,16130979328
3,5934.274,optimizer,16133342720
3,5935.516,optimizer,16133425664
3,5936.752,optimizer,16134353920
3,5938.001,optimizer,16135071744
3,5939.233,optimizer,16137394176
3,5940.472,optimizer,16139232768
3,5941.706,optimizer,16141901312
3,5942.953,optimizer,16139805184
3,5944.209,optimizer,16140718080
3,5945.475,optimizer,16141012992
3,5946.717,optimizer,16142677504
3,5947.962,optimizer,16145423360
3,5949.196,optimizer,16146971648
3,5950.426,optimizer,16146495488
3,5951.681,optimizer,16147000832
3,5952.928,optimizer,16149539328
3,5954.173,optimizer,16149056512
3,5955.444,optimizer,16150818304
3,5956.689,optimizer,16152157184
3,5957.958,optimizer,16152646144
3,5959.192,optimizer,16153392128
3,5960.425,optimizer,16153709056
3,5961.675,optimizer,16155675136
3,5962.94,optimizer,16153381376
3,5964.19,optimizer,16154167808
3,5965.433,optimizer,16153250816
3,5966.683,optimizer,16153709568
3,5967.924,optimizer,16154167808
3,5969.16,optimizer,16153316352
3,5970.39,optimizer,16153709568
3,5971.629,optimizer,16158099968
3,5972.895,optimizer,16153709056
3,5974.139,optimizer,16158099968
3,5975.401,optimizer,16153250816
3,5976.649,optimizer,16153250816
3,5977.908,optimizer,16153250816
3,5979.151,optimizer,16153250816
3,5980.389,optimizer,16153709568
3,5981.643,optimizer,16153709056
3,5982.894,optimizer,16153709056
3,5984.149,optimizer,16153709056
3,5985.42,optimizer,16153250304
3,5986.668,optimizer,16155675648
3,5987.903,optimizer,16154167808
3,5989.161,optimizer,16158099968
3,5990.405,optimizer,16153709056
3,5991.645,optimizer,16153250304
3,5992.878,optimizer,16153381376
3,5994.123,optimizer,16153709568
3,5995.362,optimizer,16153250816
3,5996.612,optimizer,16153316352
3,5997.847,optimizer,16153250304
3,5999.085,optimizer,16153251840
3,6000.318,optimizer,16169472000
3,6001.56,optimizer,16182218240
3,6002.962,optimizer,16198307840
3,6004.221,optimizer,16211054592
3,6005.488,optimizer,16228225024
3,6006.719,optimizer,16242380800
3,6007.957,optimizer,16257519104
3,6009.202,optimizer,16273018368
3,6010.437,optimizer,16287174656
3,6011.693,optimizer,16304345088
3,6012.943,optimizer,16317319680
3,6014.255,optimizer,16182085120
3,6015.48,optimizer,16158229504
3,6016.742,optimizer,16187982848
3,6017.983,optimizer,16219964416
3,6019.233,optimizer,16250962944
3,6020.487,optimizer,16282682368
3,6021.725,optimizer,16315909120
3,6022.968,optimizer,16175039488
3,6024.269,optimizer,16169763840
3,6025.603,optimizer,16199418880
3,6026.874,optimizer,16229729280
3,6028.139,optimizer,16261448704
3,6029.418,optimizer,16291824640
3,6030.707,optimizer,16297919488
3,6031.958,optimizer,16143844352
3,6033.218,optimizer,16028304384
3,6034.502,optimizer,15986541056
3,6035.758,optimizer,15982941184
3,6037.001,optimizer,15979265536
3,6038.285,optimizer,15978624000
3,6039.554,optimizer,15978624000
3,6040.82,optimizer,15978624000
3,6042.125,optimizer,15978624000
4,6.333,grad,15979378176
4,12.749,grad,15979386368
4,19.105,grad,15979386368
4,25.462,grad,15979386368
4,29.392,grad,15979386368
4,30.692,grad,15986863616
4,33.707,grad,15994332672
4,35.052,grad,16003769856
4,36.308,grad,16019614208
4,37.572,grad,16078211584
4,38.809,grad,16188570112
4,40.044,grad,16342645248
4,42.441,grad,16296512000
4,43.704,grad,16306801152
4,44.954,grad,16322645504
4,46.248,grad,16358366720
4,47.487,grad,16504249856
4,48.743,grad,16580206080
4,50.953,grad,16588402176
4,52.264,grad,16598691328
4,53.564,grad,16621875712
4,54.819,grad,16650256896
4,56.082,grad,16873734656
4,57.318,grad,16887628288
4,59.372,grad,16880292352
4,60.687,grad,16890581504
4,62.037,grad,16913765888
4,63.304,grad,16942147072
4,64.557,grad,17088030208
4,65.827,grad,17150158336
4,68.219,grad,17173034496
4,69.509,grad,17182471680
4,70.756,grad,17205656064
4,71.993,grad,17234037248
4,73.23,grad,17379920384
4,74.47,grad,17457580544
4,76.573,grad,17464924672
4,77.833,grad,17474361856
4,79.115,grad,17497546240
4,80.356,grad,17564724736
4,81.604,grad,17749405184
4,82.84,grad,17764154880
4,84.822,grad,17756814848
4,86.084,grad,17766252032
4,87.373,grad,17789436416
4,88.616,grad,17856614912
4,89.868,grad,18041295360
4,91.104,grad,18041364992
4,93.1,grad,18048705024
4,94.36,grad,18058142208
4,95.633,grad,18081326592
4,96.866,grad,18148505088
4,98.122,grad,18333185536
4,99.352,grad,18333255168
4,101.348,grad,18340595200
4,102.61,grad,18350032384
4,103.893,grad,18373216768
4,105.127,grad,18440395264
4,106.356,grad,18702670336
4,107.593,grad,18625145344
4,109.553,grad,18632485376
4,110.895,grad,18641922560
4,112.151,grad,18665106944
4,113.387,grad,18693488128
4,114.639,grad,18839371264
4,115.875,grad,18902351360
4,117.981,grad,18924375552
4,119.262,grad,18933812736
4,120.514,grad,18956997120
4,121.746,grad,19024175616
4,122.987,grad,19286450688
4,124.225,grad,19208929792
4,126.183,grad,19216265728
4,127.463,grad,19225702912
4,128.732,grad,19263567360
4,129.97,grad,19316065792
4,131.202,grad,19578340864
4,132.433,grad,19500815872
4,134.37,grad,19508155904
4,135.654,grad,19517593088
4,136.911,grad,19540777472
4,138.145,grad,19607955968
4,139.374,grad,19870231040
4,140.63,grad,19792706048
4,142.594,grad,19800046080
4,143.852,grad,19809483264
4,145.114,grad,19832667648
4,146.358,grad,19861048832
4,147.607,grad,20006931968
4,148.841,grad,20084592128
4,151.008,grad,20091936256
4,152.292,grad,20101373440
4,153.617,grad,20124557824
4,154.886,grad,20152939008
4,156.131,grad,20298822144
4,157.409,grad,20361802240
4,159.833,grad,20383826432
4,161.132,grad,20393263616
4,162.391,grad,20416448000
4,163.702,grad,20444829184
4,164.942,grad,20590712320
4,166.174,grad,20668372480
4,168.298,grad,20675716608
4,169.572,grad,20685153792
4,170.819,grad,20708338176
4,172.164,grad,20736719360
4,173.442,grad,20882602496
4,174.696,grad,20960262656
4,176.924,grad,20967606784
4,178.192,grad,20977043968
4,179.446,grad,20992888320
4,180.753,grad,21028609536
4,182.013,grad,21252087296
4,183.242,grad,21252152832
4,185.356,grad,21259496960
4,186.635,grad,21268934144
4,187.934,grad,21284778496
4,189.195,grad,21313155584
4,190.488,grad,21451637248
4,191.735,grad,21590114816
4,194.53,grad,21551387136
4,195.79,grad,21560824320
4,197.085,grad,21576668672
4,198.317,grad,21634414080
4,199.591,grad,21758207488
4,200.84,grad,21896750592
4,203.198,grad,21843277312
4,204.667,grad,21852714496
4,206.001,grad,21868558848
4,207.252,grad,21918964224
4,208.53,grad,22050097664
4,209.795,grad,22181300736
4,212.13,grad,22135167488
4,213.392,grad,22144604672
4,214.669,grad,22160449024
4,215.997,grad,22196170240
4,217.235,grad,22343101952
4,218.512,grad,22406082048
4,220.674,grad,22428106240
4,221.934,grad,22437543424
4,223.177,grad,22453387776
4,224.407,grad,22503793152
4,225.647,grad,22635975168
4,226.874,grad,22789198336
4,229.176,grad,22721044992
4,230.431,grad,22730482176
4,231.687,grad,22746326528
4,232.922,grad,22796731904
4,234.151,grad,22927865344
4,235.388,grad,23066408448
4,237.677,grad,23012935168
4,238.93,grad,23022372352
4,240.175,grad,23038216704
4,241.516,grad,23073937920
4,242.769,grad,23219821056
4,244.02,grad,23297481216
4,246.308,grad,23304825344
4,247.586,grad,23314262528
4,248.832,grad,23337446912
4,250.061,grad,23365828096
4,251.288,grad,23511711232
4,252.538,grad,23574691328
4,254.979,grad,23596715520
4,256.257,grad,23606152704
4,257.537,grad,23629337088
4,258.777,grad,23657718272
4,260.009,grad,23803601408
4,261.237,grad,23881261568
4,263.329,grad,23888605696
4,264.597,grad,23898042880
4,265.84,grad,23921227264
4,267.066,grad,23949608448
4,268.298,grad,24095491584
4,269.541,grad,24173151744
4,270.776,grad,25722956800
4,273.429,grad,25092754432
4,274.682,grad,24781327872
4,275.909,grad,24781327872
4,277.134,grad,24781327872
4,278.401,grad,24781336576
4,279.751,grad,24173144576
4,281.075,grad,24200796672
4,282.419,grad,24072542720
4,283.774,grad,23983086080
4,285.122,grad,23944743424
4,286.441,grad,23940934144
4,287.788,grad,23902029312
4,289.107,grad,23930340864
4,290.558,grad,23919855104
4,292.134,grad,23896098304
4,293.446,grad,23900857856
4,294.785,grad,23959303680
4,296.119,grad,23799526912
4,297.441,grad,23717410304
4,298.776,grad,23663928832
4,300.105,grad,23640237568
4,301.427,grad,23621673472
4,302.767,grad,23649985024
4,304.186,grad,23639499264
4,305.771,grad,23615742464
4,307.082,grad,23620493824
4,308.425,grad,23562490368
4,309.776,grad,23519171072
4,311.114,grad,23429714432
4,312.447,grad,23384097280
4,313.798,grad,23374987776
4,316.417,grad,23340269056
4,317.77,grad,23359471104
4,319.776,grad,23335386624
4,321.099,grad,23340137984
4,322.441,grad,23282134528
4,323.818,grad,23238815232
4,325.166,grad,23149358592
4,326.499,grad,23103741440
4,327.822,grad,23084670464
4,329.865,grad,23059913216
4,331.178,grad,23078656512
4,332.903,grad,23055030784
4,334.216,grad,23059798528
4,335.537,grad,23040576000
4,336.859,grad,22965799424
4,338.188,grad,22876342784
4,339.58,grad,22823320064
4,340.91,grad,22812178944
4,342.237,grad,22779557376
4,343.583,grad,22809441792
4,345.15,grad,22774183424
4,346.473,grad,22782014976
4,347.788,grad,22794106368
4,349.11,grad,22721422848
4,350.442,grad,22677054976
4,351.791,grad,22587598336
4,353.114,grad,22541915648
4,354.436,grad,22530774528
4,355.768,grad,22498152960
4,357.13,grad,22528037376
4,358.687,grad,22492779008
4,359.994,grad,22500610560
4,361.312,grad,22512701952
4,362.675,grad,22440018432
4,364.025,grad,22389359104
4,365.348,grad,22298853888
4,366.72,grad,22261559808
4,368.065,grad,22242030080
4,369.398,grad,22216748544
4,370.75,grad,22231428608
4,372.095,grad,22235950592
4,373.891,grad,22211866112
4,375.208,grad,22216617472
4,376.507,grad,22197411328
4,377.835,grad,22115294720
4,379.161,grad,22040518144
4,380.592,grad,21980155392
4,381.921,grad,21967965696
4,383.246,grad,21936392704
4,384.572,grad,21966277120
4,386.163,grad,21931018752
4,387.484,grad,21938850304
4,388.805,grad,21950941696
4,390.125,grad,21878258176
4,391.473,grad,21835233792
4,392.802,grad,21745777152
4,394.133,grad,21700160000
4,395.483,grad,21690001920
4,396.812,grad,21656331776
4,398.139,grad,21686281728
4,399.666,grad,21650957824
4,400.988,grad,21658789376
4,402.318,grad,21656200704
4,403.693,grad,21636994560
4,405.023,grad,21554877952
4,406.346,grad,21480101376
4,407.72,grad,21419279872
4,409.046,grad,21399160320
4,410.373,grad,21377024512
4,411.748,grad,21405336064
4,413.077,grad,21394784768
4,414.785,grad,21371093504
4,416.108,grad,21375844864
4,417.431,grad,21354279424
4,418.79,grad,21274128896
4,420.189,grad,21192471040
4,421.519,grad,21131584000
4,422.857,grad,21114085888
4,424.184,grad,21117640192
4,425.556,grad,21095620096
4,426.88,grad,21114363392
4,428.647,grad,21090737664
4,429.957,grad,21095497216
4,431.27,grad,21076282880
4,432.634,grad,20994231808
4,434.018,grad,20912180736
4,435.356,grad,20836613632
4,436.719,grad,20830125568
4,438.093,grad,20837349888
4,439.5,grad,20815329792
4,440.823,grad,20834531840
4,442.611,grad,20810447360
4,443.921,grad,20815211008
4,445.245,grad,20795992576
4,446.625,grad,20713875968
4,447.961,grad,20631824896
4,449.292,grad,20578343424
4,450.666,grad,20554553856
4,452.008,grad,20535039488
4,453.338,grad,20549719552
4,454.721,grad,20553782784
4,456.479,grad,20530157056
4,457.795,grad,20534924800
4,459.121,grad,20515702272
4,460.484,grad,20433585664
4,461.801,grad,20351534592
4,463.123,grad,20298053120
4,464.475,grad,20277933568
4,465.797,grad,20255797760
4,467.249,grad,20254749184
4,468.58,grad,20273492480
4,470.344,grad,20249866752
4,471.695,grad,20254630400
4,473.019,grad,20235477504
4,474.335,grad,20168040960
4,475.703,grad,20085924352
4,477.023,grad,20017762816
4,478.367,grad,20008710656
4,479.747,grad,19989138944
4,481.083,grad,19989138944
4,482.414,grad,19993267712
4,484.123,grad,19969576448
4,485.443,grad,19974340096
4,486.781,grad,20032781824
4,488.1,grad,19887750656
4,489.424,grad,19790953984
4,490.775,grad,19737472512
4,492.116,grad,19713682944
4,493.48,grad,19695217152
4,494.817,grad,19723528704
4,496.139,grad,19712977408
4,497.801,grad,19689286144
4,499.115,grad,19694053888
4,500.428,grad,19674831360
4,501.771,grad,19592714752
4,503.1,grad,19518003712
4,504.425,grad,19457182208
4,505.776,grad,19433392640
4,507.098,grad,19414926848
4,508.429,grad,19443238400
4,509.858,grad,19432752640
4,511.428,grad,19408995840
4,512.973,grad,19416106496
4,514.413,grad,19406861824
4,515.769,grad,19389625856
4,517.107,grad,19307574784
4,518.434,grad,19184236032
4,519.775,grad,19163063808
4,521.098,grad,19135685120
4,522.923,grad,19148268032
4,524.244,grad,19152396800
4,525.939,grad,19128705536
4,527.255,grad,19133473280
4,528.595,grad,19191845376
4,529.908,grad,19046879744
4,531.226,grad,18950083072
4,532.591,grad,18911281664
4,533.913,grad,18887549440
4,535.244,grad,18853297664
4,536.581,grad,18882657792
4,537.895,grad,18872106496
4,539.588,grad,18848415232
4,540.901,grad,18853178880
4,542.216,grad,18833960448
4,543.576,grad,18759183872
4,544.899,grad,18662452736
4,546.314,grad,18616770048
4,547.699,grad,18597240320
4,549.025,grad,18574055936
4,550.432,grad,18602891776
4,552.062,grad,18567633408
4,553.387,grad,18575464960
4,554.754,grad,18572876288
4,556.107,grad,18592467456
4,557.437,grad,18478893568
4,558.792,grad,18382162432
4,560.238,grad,18336479744
4,561.581,grad,18316950016
4,562.913,grad,18293765632
4,564.279,grad,18292717056
4,565.627,grad,18311919104
4,567.378,grad,18287834624
4,568.739,grad,18292602368
4,570.074,grad,18273379840
4,571.441,grad,18191263232
4,572.789,grad,18109212160
4,574.161,grad,18055730688
4,575.505,grad,18036135424
4,576.83,grad,18013475328
4,578.154,grad,18041852416
4,579.483,grad,18031301120
4,581.042,grad,18007544320
4,582.364,grad,18012295680
4,583.732,grad,17993089536
4,585.062,grad,17910972928
4,586.39,grad,17836261888
4,587.736,grad,17775440384
4,589.073,grad,17756369408
4,590.407,grad,17732136448
4,591.773,grad,17761562112
4,593.162,grad,17751010816
4,594.758,grad,17727254016
4,596.075,grad,17732021760
4,597.398,grad,17712799232
4,598.742,grad,17630682624
4,600.083,grad,17555971584
4,601.551,grad,17495608832
4,602.88,grad,17483419136
4,604.213,grad,17451846144
4,605.503,grad,17481271808
4,606.852,grad,17470720512
4,608.704,grad,17446111744
4,610.019,grad,17450871296
4,611.337,grad,17431656960
4,612.718,grad,17364220416
4,614.047,grad,17282234880
4,615.377,grad,17229539840
4,616.726,grad,17205807616
4,618.067,grad,17186235904
4,619.396,grad,17186235904
4,620.745,grad,17190299136
4,622.477,grad,17166673408
4,623.79,grad,17171441152
4,625.117,grad,17151366656
4,626.481,grad,17076590080
4,627.804,grad,16995390976
4,629.125,grad,16934569472
4,630.47,grad,16914449920
4,631.785,grad,16892314112
4,633.117,grad,16920625664
4,634.536,grad,16910139904
4,636.091,grad,16885531136
4,637.406,grad,16890282496
4,638.762,grad,16871076352
4,640.086,grad,16788959744
4,641.41,grad,16715100672
4,642.73,grad,16654279168
4,644.073,grad,16633111040
4,645.397,grad,16618315264
4,647.094,grad,16610975232
4,648.479,grad,16629816832
4,650.273,grad,16606092800
4,651.615,grad,16610852352
4,652.984,grad,16591703552
4,654.376,grad,16508538368
4,655.744,grad,16425438720
4,657.07,grad,16364551680
4,658.404,grad,16350723584
4,659.76,grad,16328587776
4,661.746,grad,16320985600
4,663.072,grad,16339827200
4,664.933,grad,16316103168
4,666.23,grad,16306174464
4,667.509,grad,16306174464
4,668.758,grad,16306174464
4,670.026,grad,16306173952
4,671.923,grad,16306173952
4,673.202,grad,16306173952
4,674.519,grad,16306173952
4,675.763,grad,16306173952
4,679.295,grad,16306173952
4,680.563,grad,16306173952
4,681.808,grad,16325769216
4,683.045,grad,16348444672
4,684.282,grad,16361224192
4,685.894,grad,16361224192
4,687.162,grad,16361549824
4,688.555,grad,16523190272
4,689.834,grad,16523190272
4,692.414,grad,16523190272
4,693.736,grad,16467656192
4,695.051,grad,16290577408
4,696.303,grad,16140860416
4,701.73,grad,16140860416
4,708.099,grad,16140868608
4,714.441,grad,16140868608
4,720.802,grad,16140868608
4,724.667,grad,16140868608
4,725.919,grad,16148345856
4,728.69,grad,16155814912
4,729.982,grad,16165252096
4,731.23,grad,16181096448
4,732.563,grad,16216817664
4,733.806,grad,16442392576
4,735.043,grad,16450658304
4,736.981,grad,16457994240
4,738.232,grad,16468283392
4,739.485,grad,16506147840
4,740.749,grad,16573326336
4,741.981,grad,16704529408
4,744.632,grad,16749884416
4,745.886,grad,16760173568
4,747.134,grad,16798038016
4,748.393,grad,16865216512
4,749.641,grad,16996419584
4,752.285,grad,17041774592
4,753.562,grad,17052063744
4,754.806,grad,17089928192
4,756.036,grad,17157106688
4,757.267,grad,17288309760
4,760.129,grad,17334516736
4,761.402,grad,17351293952
4,762.657,grad,17381883904
4,763.888,grad,17449062400
4,765.117,grad,17665134592
4,767.637,grad,17626406912
4,768.893,grad,17643184128
4,770.137,grad,17673774080
4,771.388,grad,17740952576
4,772.636,grad,17879430144
4,775.211,grad,17918297088
4,776.474,grad,17935074304
4,777.718,grad,17965664256
4,778.948,grad,18032842752
4,780.176,grad,18171320320
4,782.718,grad,18210187264
4,783.972,grad,18226964480
4,785.215,grad,18257554432
4,786.443,grad,18324732928
4,787.687,grad,18463210496
4,790.205,grad,18502077440
4,791.462,grad,18511514624
4,792.702,grad,18549379072
4,793.934,grad,18616623104
4,795.159,grad,18755100672
4,797.711,grad,18793967616
4,799.109,grad,18803404800
4,800.358,grad,18841269248
4,801.621,grad,18908447744
4,802.855,grad,19039650816
4,805.486,grad,19085857792
4,806.758,grad,19102635008
4,808.002,grad,19133224960
4,809.235,grad,19200403456
4,810.47,grad,19338881024
4,813.005,grad,19377747968
4,814.258,grad,19394525184
4,815.507,grad,19425049600
4,816.74,grad,19492293632
4,817.973,grad,19630771200
4,820.561,grad,19669638144
4,821.813,grad,19686415360
4,823.056,grad,19717005312
4,824.29,grad,19784183808
4,825.475,grad,19922661376
4,828.01,grad,19961528320
4,829.269,grad,19978305536
4,830.534,grad,19994149888
4,831.768,grad,20061328384
4,833.0,grad,20246008832
4,834.231,grad,20246082560
4,836.128,grad,20253418496
4,837.381,grad,20262855680
4,838.682,grad,20300720128
4,839.925,grad,20367898624
4,841.208,grad,20499101696
4,844.906,grad,20545308672
4,846.174,grad,20554745856
4,847.461,grad,20592610304
4,848.696,grad,20659788800
4,849.953,grad,20790991872
4,852.718,grad,20837198848
4,853.976,grad,20846636032
4,855.221,grad,20884500480
4,856.468,grad,20951744512
4,857.716,grad,21090222080
4,860.294,grad,21129089024
4,861.573,grad,21138526208
4,862.843,grad,21161710592
4,864.079,grad,21228889088
4,865.309,grad,21491164160
4,866.553,grad,21413647360
4,868.449,grad,21420979200
4,869.719,grad,21437756416
4,871.003,grad,21468346368
4,872.28,grad,21535524864
4,873.564,grad,21674002432
4,876.198,grad,21712869376
4,877.511,grad,21722306560
4,878.761,grad,21760171008
4,879.996,grad,21827349504
4,881.248,grad,21958552576
4,882.531,grad,21997423616
4,884.633,grad,22004759552
4,885.909,grad,22014196736
4,887.216,grad,22037381120
4,888.511,grad,22104559616
4,889.751,grad,22366834688
4,890.983,grad,22289313792
4,893.185,grad,22296649728
4,894.476,grad,22306086912
4,895.725,grad,22329271296
4,896.973,grad,22396449792
4,898.206,grad,22542332928
4,899.442,grad,22603224064
4,901.278,grad,22588539904
4,902.556,grad,22597977088
4,903.802,grad,22621161472
4,905.035,grad,22688339968
4,906.286,grad,22834223104
4,907.499,grad,22873094144
4,909.389,grad,22880430080
4,910.663,grad,22889867264
4,911.905,grad,22927731712
4,913.137,grad,22980230144
4,914.375,grad,23243553792
4,915.628,grad,23180712960
4,917.546,grad,23173368832
4,918.799,grad,23182806016
4,920.043,grad,23220670464
4,921.308,grad,23287914496
4,922.554,grad,23419052032
4,925.298,grad,23465259008
4,926.577,grad,23474696192
4,927.826,grad,23512560640
4,929.055,grad,23579739136
4,930.348,grad,23711990784
4,933.198,grad,23758197760
4,934.765,grad,23767634944
4,936.026,grad,23783479296
4,937.275,grad,23841224704
4,938.514,grad,23965018112
4,939.747,grad,24118241280
4,942.113,grad,24050087936
4,943.446,grad,24059525120
4,944.716,grad,24075369472
4,945.979,grad,24103758848
4,947.253,grad,24203430912
4,948.508,grad,24381819904
4,949.741,grad,25261575168
4,950.974,grad,25254244864
4,952.958,grad,25254236672
4,954.2,grad,24942810112
4,955.433,grad,24942810112
4,956.673,grad,24942810112
4,957.943,grad,24942810112
4,959.368,grad,24334639104
4,960.737,grad,24400355328
4,962.059,grad,24241692672
4,963.422,grad,24158527488
4,964.85,grad,24105504768
4,966.193,grad,24101695488
4,967.521,grad,24062790656
4,968.862,grad,24091167744
4,970.234,grad,24080616448
4,971.832,grad,24056859648
4,973.151,grad,24061623296
4,974.485,grad,24042404864
4,975.833,grad,23967628288
4,977.165,grad,23863491584
4,978.515,grad,23825148928
4,979.839,grad,23813811200
4,981.175,grad,23788726272
4,982.512,grad,23811729408
4,984.1,grad,23776012288
4,985.421,grad,23783843840
4,986.776,grad,23781255168
4,988.116,grad,23723251712
4,989.484,grad,23678883840
4,990.84,grad,23589427200
4,992.164,grad,23543810048
4,993.505,grad,23533651968
4,994.824,grad,23499981824
4,996.15,grad,23529931776
4,997.663,grad,23494607872
4,999.008,grad,23502439424
4,1000.339,grad,23507190784
4,1001.712,grad,23478285312
4,1003.137,grad,23398593536
4,1004.476,grad,23331156992
4,1005.8,grad,23277609984
4,1007.135,grad,23255450624
4,1008.482,grad,23220674560
4,1009.83,grad,23249051648
4,1011.189,grad,23238500352
4,1012.793,grad,23214743552
4,1014.115,grad,23219503104
4,1015.438,grad,23200288768
4,1016.774,grad,23124463616
4,1018.101,grad,23027666944
4,1019.501,grad,22981984256
4,1020.81,grad,22979289088
4,1022.126,grad,22939270144
4,1023.548,grad,22968105984
4,1025.147,grad,22932847616
4,1026.468,grad,22940679168
4,1027.785,grad,22938090496
4,1029.106,grad,22957681664
4,1030.427,grad,22829427712
4,1031.765,grad,22739971072
4,1033.094,grad,22701628416
4,1034.414,grad,22694738944
4,1035.759,grad,22658914304
4,1037.1,grad,22687291392
4,1038.42,grad,22659831808
4,1039.961,grad,22652983296
4,1041.278,grad,22657746944
4,1042.637,grad,22638528512
4,1043.954,grad,22556411904
4,1045.319,grad,22466955264
4,1046.808,grad,22421272576
4,1048.151,grad,22403217408
4,1049.486,grad,22377509888
4,1050.82,grad,22377509888
4,1052.161,grad,22396253184
4,1053.916,grad,22372627456
4,1055.229,grad,22377395200
4,1056.549,grad,22358172672
4,1057.878,grad,22276056064
4,1059.205,grad,22201279488
4,1060.641,grad,22140916736
4,1061.964,grad,22136124416
4,1063.282,grad,22098202624
4,1064.652,grad,22126579712
4,1065.972,grad,22116028416
4,1067.568,grad,22092271616
4,1068.878,grad,22097039360
4,1070.195,grad,22078111744
4,1071.537,grad,22003335168
4,1072.856,grad,21921218560
4,1074.291,grad,21860855808
4,1075.649,grad,21851344896
4,1076.964,grad,21831773184
4,1078.285,grad,21831773184
4,1079.649,grad,21835901952
4,1081.358,grad,21812210688
4,1082.725,grad,21816974336
4,1084.06,grad,21797755904
4,1085.433,grad,21722979328
4,1086.782,grad,21640862720
4,1088.104,grad,21580041216
4,1089.428,grad,21556251648
4,1090.765,grad,21536737280
4,1092.114,grad,21566097408
4,1093.557,grad,21555611648
4,1095.376,grad,21531854848
4,1096.729,grad,21536622592
4,1098.055,grad,21517400064
4,1099.401,grad,21442623488
4,1100.764,grad,21345826816
4,1102.202,grad,21300144128
4,1103.546,grad,21280614400
4,1104.866,grad,21256381440
4,1106.236,grad,21286265856
4,1107.79,grad,21251007488
4,1109.105,grad,21258839040
4,1110.437,grad,21270930432
4,1111.784,grad,21275841536
4,1113.102,grad,21162333184
4,1114.433,grad,21072876544
4,1115.85,grad,21019853824
4,1117.194,grad,21000324096
4,1118.528,grad,20976091136
4,1119.919,grad,21005975552
4,1121.484,grad,20970717184
4,1122.79,grad,20978548736
4,1124.11,grad,20975960064
4,1125.441,grad,20917956608
4,1126.804,grad,20867690496
4,1128.13,grad,20778233856
4,1129.467,grad,20739891200
4,1130.783,grad,20720361472
4,1132.107,grad,20697177088
4,1133.469,grad,20725554176
4,1134.785,grad,20715068416
4,1136.352,grad,20691246080
4,1137.696,grad,20696005632
4,1139.021,grad,20676791296
4,1140.377,grad,20602014720
4,1141.751,grad,20505218048
4,1143.172,grad,20459535360
4,1144.52,grad,20440005632
4,1145.838,grad,20415772672
4,1147.361,grad,20415772672
4,1148.734,grad,20434515968
4,1150.588,grad,20410890240
4,1151.906,grad,20415649792
4,1153.228,grad,20474161152
4,1154.506,grad,20329129984
4,1155.826,grad,20232267776
4,1157.165,grad,20178786304
4,1158.508,grad,20154996736
4,1159.838,grad,20135482368
4,1161.159,grad,20164842496
4,1162.473,grad,20154684416
4,1164.214,grad,20130599936
4,1165.527,grad,20135367680
4,1166.841,grad,20116210688
4,1168.182,grad,20034094080
4,1169.503,grad,19951977472
4,1170.826,grad,19898496000
4,1172.153,grad,19874706432
4,1173.502,grad,19856240640
4,1174.841,grad,19884552192
4,1176.276,grad,19874066432
4,1177.921,grad,19850309632
4,1179.246,grad,19855073280
4,1180.593,grad,19833495552
4,1181.936,grad,19753345024
4,1183.309,grad,19671228416
4,1184.682,grad,19640160256
4,1186.031,grad,19596972032
4,1187.319,grad,19575884800
4,1189.132,grad,19589516288
4,1190.482,grad,19593645056
4,1192.489,grad,19569953792
4,1193.815,grad,19574713344
4,1195.15,grad,19633159168
4,1196.484,grad,19488128000
4,1197.812,grad,19406011392
4,1199.14,grad,19337784320
4,1200.479,grad,19321392128
4,1201.796,grad,19309160448
4,1203.204,grad,19294480384
4,1204.521,grad,19313223680
4,1206.276,grad,19289597952
4,1207.616,grad,19294361600
4,1208.939,grad,19352737792
4,1210.257,grad,19207772160
4,1211.588,grad,19125721088
4,1212.911,grad,19050153984
4,1214.236,grad,19028985856
4,1215.597,grad,19036210176
4,1216.998,grad,19014190080
4,1218.311,grad,19033392128
4,1220.11,grad,19009307648
4,1221.428,grad,19014075392
4,1222.772,grad,19072447488
4,1224.104,grad,18927481856
4,1225.425,grad,18845299712
4,1226.774,grad,18791818240
4,1228.117,grad,18768086016
4,1229.481,grad,18733834240
4,1230.826,grad,18748514304
4,1232.164,grad,18752643072
4,1233.897,grad,18728951808
4,1235.212,grad,18733703168
4,1236.505,grad,18714497024
4,1237.845,grad,18632445952
4,1239.183,grad,18550329344
4,1240.507,grad,18496847872
4,1241.836,grad,18473058304
4,1243.181,grad,18454592512
4,1244.648,grad,18453543936
4,1245.969,grad,18472745984
4,1247.749,grad,18448661504
4,1249.076,grad,18453421056
4,1250.398,grad,18434206720
4,1251.758,grad,18352090112
4,1253.104,grad,18270039040
4,1254.603,grad,18217016320
4,1255.949,grad,18197486592
4,1257.279,grad,18173253632
4,1258.717,grad,18203138048
4,1260.337,grad,18167879680
4,1261.714,grad,18175711232
4,1263.054,grad,18173122560
4,1264.388,grad,18192713728
4,1265.757,grad,18071799808
4,1267.095,grad,17997023232
4,1268.571,grad,17936660480
4,1269.906,grad,17917130752
4,1271.237,grad,17892897792
4,1272.509,grad,17922323456
4,1273.903,grad,17911772160
4,1275.523,grad,17888015360
4,1276.836,grad,17892783104
4,1278.163,grad,17873560576
4,1279.5,grad,17791443968
4,1280.826,grad,17709392896
4,1282.163,grad,17655911424
4,1283.492,grad,17632121856
4,1284.822,grad,17612607488
4,1286.157,grad,17612607488
4,1287.513,grad,17631350784
4,1289.323,grad,17606873088
4,1290.66,grad,17611624448
4,1292.007,grad,17590124544
4,1293.337,grad,17587503104
4,1294.766,grad,17505452032
4,1296.122,grad,17382113280
4,1297.479,grad,17360941056
4,1298.828,grad,17335462912
4,1300.686,grad,17331465216
4,1302.044,grad,17350208512
4,1303.893,grad,17326582784
4,1305.214,grad,17331346432
4,1306.543,grad,17389788160
4,1307.869,grad,17230076928
4,1309.189,grad,17148877824
4,1310.512,grad,17073310720
4,1311.828,grad,17074162688
4,1313.163,grad,17053075456
4,1314.944,grad,17052026880
4,1316.319,grad,17070770176
4,1318.166,grad,17046292480
4,1319.486,grad,17051052032
4,1320.804,grad,17031903232
4,1322.133,grad,16949786624
4,1323.448,grad,16868587520
4,1324.783,grad,16814188544
4,1326.114,grad,16801212416
4,1327.43,grad,16782746624
4,1329.043,grad,16771736576
4,1330.395,grad,16790545408
4,1332.26,grad,16766854144
4,1333.61,grad,16771609600
4,1335.018,grad,16751612928
4,1336.36,grad,16669496320
4,1337.747,grad,16585348096
4,1339.078,grad,16524461056
4,1340.416,grad,16510632960
4,1341.773,grad,16488497152
4,1343.763,grad,16480894976
4,1345.111,grad,16499703808
4,1346.973,grad,16476012544
4,1348.278,grad,16466083840
4,1349.586,grad,16466083840
4,1350.845,grad,16466083840
4,1352.358,grad,16466083328
4,1354.357,grad,16466083328
4,1355.741,grad,16466083328
4,1357.106,grad,16466083328
4,1358.366,grad,16466083328
4,1362.273,grad,16466083328
4,1363.887,grad,16466083328
4,1365.151,grad,16483778048
4,1366.391,grad,16505339392
4,1367.669,grad,16521133568
4,1369.594,grad,16521133568
4,1370.855,grad,16521143808
4,1372.144,grad,16683099648
4,1375.473,grad,16683099648
4,1376.806,grad,16667371520
4,1378.121,grad,16618848768
4,1379.414,grad,16447275520
4,1380.701,grad,16302342656
4,1382.025,grad,16325378560
4,1383.283,grad,16357851648
4,1384.556,grad,16389440000
4,1385.828,grad,16423256576
4,1387.135,grad,16454713856
4,1393.419,grad,16141844992
4,1399.784,grad,16141853184
4,1406.138,grad,16141853184
4,1412.476,grad,16141853184
4,1416.911,grad,16141853184
4,1418.207,grad,16149330432
4,1421.193,grad,16156799488
4,1422.558,grad,16166236672
4,1423.809,grad,16182081024
4,1425.139,grad,16218654208
4,1426.378,grad,16366634496
4,1427.643,grad,16436954624
4,1429.901,grad,16458978816
4,1431.164,grad,16469267968
4,1432.431,grad,16485112320
4,1433.775,grad,16520833536
4,1435.021,grad,16744311296
4,1436.254,grad,16742681088
4,1438.198,grad,16750868992
4,1439.491,grad,16760306176
4,1440.738,grad,16799022592
4,1441.977,grad,16866201088
4,1443.208,grad,16958606848
4,1444.443,grad,17058295296
4,1446.25,grad,17043611136
4,1447.495,grad,17053048320
4,1448.755,grad,17076232704
4,1449.997,grad,17143411200
4,1451.229,grad,17289294336
4,1452.462,grad,17328165376
4,1454.695,grad,17335501312
4,1455.953,grad,17344938496
4,1457.222,grad,17382802944
4,1458.492,grad,17449981440
4,1459.725,grad,17542387200
4,1460.953,grad,17642075648
4,1462.729,grad,17627391488
4,1463.99,grad,17636828672
4,1465.233,grad,17674693120
4,1466.49,grad,17741937152
4,1467.719,grad,17880414720
4,1470.314,grad,17919281664
4,1471.581,grad,17928718848
4,1472.826,grad,17951903232
4,1474.066,grad,18019081728
4,1475.32,grad,18164964864
4,1476.561,grad,18203835904
4,1478.567,grad,18211171840
4,1479.842,grad,18220609024
4,1481.126,grad,18258473472
4,1482.363,grad,18325651968
4,1483.623,grad,18456855040
4,1486.348,grad,18503062016
4,1487.615,grad,18512499200
4,1488.865,grad,18550363648
4,1490.101,grad,18617607680
4,1491.331,grad,18756085248
4,1493.983,grad,18794952192
4,1495.347,grad,18804389376
4,1496.655,grad,18827573760
4,1497.915,grad,18909432320
4,1499.196,grad,19040635392
4,1501.912,grad,19086842368
4,1503.164,grad,19096279552
4,1504.418,grad,19134144000
4,1505.662,grad,19201322496
4,1506.901,grad,19332525568
4,1509.676,grad,19378732544
4,1510.958,grad,19388169728
4,1512.238,grad,19426034176
4,1513.48,grad,19493212672
4,1514.747,grad,19624415744
4,1517.496,grad,19670622720
4,1518.763,grad,19680059904
4,1520.015,grad,19717924352
4,1521.245,grad,19785168384
4,1522.477,grad,19923645952
4,1525.152,grad,19962512896
4,1526.442,grad,19971950080
4,1527.722,grad,20009814528
4,1528.987,grad,20077058560
4,1530.222,grad,20215536128
4,1532.87,grad,20254403072
4,1534.14,grad,20263840256
4,1535.432,grad,20301704704
4,1536.707,grad,20368883200
4,1537.941,grad,20500086272
4,1540.828,grad,20546293248
4,1542.091,grad,20555730432
4,1543.343,grad,20593594880
4,1544.597,grad,20660773376
4,1545.855,grad,20753179136
4,1547.094,grad,20852867584
4,1548.893,grad,20838183424
4,1550.144,grad,20847620608
4,1551.417,grad,20885485056
4,1552.66,grad,20937983488
4,1553.895,grad,21122663936
4,1555.124,grad,21144757760
4,1556.991,grad,21130073600
4,1558.244,grad,21139510784
4,1559.492,grad,21177375232
4,1560.722,grad,21244553728
4,1561.99,grad,21375756800
4,1564.736,grad,21421963776
4,1565.997,grad,21431400960
4,1567.247,grad,21469265408
4,1568.485,grad,21536443904
4,1569.718,grad,21667646976
4,1572.397,grad,21713853952
4,1573.667,grad,21723291136
4,1574.944,grad,21761155584
4,1576.179,grad,21828334080
4,1577.411,grad,21959537152
4,1580.115,grad,22005744128
4,1581.475,grad,22015181312
4,1582.742,grad,22038365696
4,1583.991,grad,22105544192
4,1585.263,grad,22251427328
4,1586.505,grad,22290298368
4,1588.331,grad,22297634304
4,1589.607,grad,22314411520
4,1590.857,grad,22345001472
4,1592.104,grad,22412179968
4,1593.339,grad,22550657536
4,1595.952,grad,22589524480
4,1597.231,grad,22598961664
4,1598.505,grad,22636826112
4,1599.778,grad,22704004608
4,1601.047,grad,22835207680
4,1603.771,grad,22881414656
4,1605.044,grad,22890851840
4,1606.295,grad,22928716288
4,1607.548,grad,22995894784
4,1608.786,grad,23127097856
4,1611.507,grad,23173304832
4,1612.766,grad,23182742016
4,1614.028,grad,23220606464
4,1615.27,grad,23287784960
4,1616.576,grad,23418988032
4,1619.333,grad,23465195008
4,1620.598,grad,23481972224
4,1621.839,grad,23512562176
4,1623.076,grad,23579740672
4,1624.306,grad,23718218240
4,1627.137,grad,23757085184
4,1628.401,grad,23773862400
4,1629.656,grad,23804452352
4,1630.895,grad,23871630848
4,1632.126,grad,24010108416
4,1634.766,grad,24048975360
4,1636.024,grad,24058412544
4,1637.272,grad,24096342528
4,1638.499,grad,24163521024
4,1639.726,grad,24294658560
4,1641.026,grad,24326185472
4,1642.26,grad,25883339264
4,1644.61,grad,25253124096
4,1645.858,grad,24941697536
4,1647.105,grad,24941697536
4,1648.337,grad,24941697536
4,1649.598,grad,24941697536
4,1650.915,grad,24637601280
4,1652.262,grad,24334034432
4,1653.615,grad,24317519360
4,1654.958,grad,24157742592
4,1656.35,grad,24097314304
4,1657.733,grad,24076146176
4,1659.127,grad,24083370496
4,1660.595,grad,24061350400
4,1662.0,grad,24080093696
4,1663.827,grad,24056467968
4,1665.15,grad,24061219328
4,1666.488,grad,24080810496
4,1667.804,grad,23952556544
4,1669.142,grad,23870439936
4,1670.478,grad,23824822784
4,1671.807,grad,23805227520
4,1673.868,grad,23780994560
4,1675.193,grad,23799737856
4,1676.898,grad,23776112128
4,1678.21,grad,23780863488
4,1679.538,grad,23722860032
4,1680.875,grad,23679540736
4,1682.253,grad,23590084096
4,1683.598,grad,23544401408
4,1684.926,grad,23533260288
4,1686.254,grad,23500638720
4,1687.595,grad,23530588672
4,1689.11,grad,23495264768
4,1690.64,grad,23495756288
4,1691.955,grad,23500507648
4,1693.294,grad,23520098816
4,1694.656,grad,23391844864
4,1696.029,grad,23302388224
4,1697.356,grad,23264111104
4,1698.741,grad,23246088704
4,1700.808,grad,23220282880
4,1702.141,grad,23239091712
4,1703.834,grad,23215400448
4,1705.163,grad,23220151808
4,1706.496,grad,23162148352
4,1707.842,grad,23118829056
4,1709.181,grad,22991296000
4,1710.509,grad,22969730560
4,1711.871,grad,22941696512
4,1713.858,grad,22940647936
4,1715.2,grad,22959456768
4,1716.877,grad,22935765504
4,1718.205,grad,22940516864
4,1719.546,grad,22882513408
4,1720.906,grad,22839194112
4,1722.25,grad,22710940160
4,1723.61,grad,22689374720
4,1724.983,grad,22661340672
4,1726.931,grad,22660292096
4,1728.262,grad,22679100928
4,1729.993,grad,22655409664
4,1731.321,grad,22660161024
4,1732.725,grad,22640954880
4,1734.069,grad,22559133184
4,1735.4,grad,22469676544
4,1736.846,grad,22423993856
4,1738.202,grad,22411804160
4,1739.531,grad,22387571200
4,1740.846,grad,22394911232
4,1742.168,grad,22399040000
4,1743.847,grad,22375348736
4,1745.169,grad,22380100096
4,1746.505,grad,22322096640
4,1747.842,grad,22278777344
4,1749.176,grad,22150523392
4,1750.519,grad,22128957952
4,1751.908,grad,22100923904
4,1753.9,grad,22099875328
4,1755.229,grad,22118618624
4,1756.936,grad,22094992896
4,1758.263,grad,22099748352
4,1759.6,grad,22080603648
4,1760.951,grad,22005827072
4,1762.295,grad,21901690368
4,1763.701,grad,21863347712
4,1765.044,grad,21846496768
4,1766.385,grad,21819585024
4,1767.751,grad,21834265088
4,1769.096,grad,21838393856
4,1770.815,grad,21814702592
4,1772.137,grad,21819453952
4,1773.488,grad,21800313344
4,1774.814,grad,21718196736
4,1776.141,grad,21643420160
4,1777.551,grad,21583057408
4,1778.874,grad,21570867712
4,1780.198,grad,21539294720
4,1781.559,grad,21569179136
4,1783.135,grad,21533920768
4,1785.133,grad,21534412288
4,1786.464,grad,21539167744
4,1787.79,grad,21520023040
4,1789.142,grad,21445246464
4,1790.477,grad,21341109760
4,1791.819,grad,21302767104
4,1793.146,grad,21283237376
4,1794.479,grad,21259004416
4,1795.835,grad,21288888832
4,1797.421,grad,21253630464
4,1798.751,grad,21261462016
4,1800.073,grad,21258873344
4,1801.392,grad,21200935424
4,1802.747,grad,21157616128
4,1804.092,grad,21068552704
4,1805.423,grad,21022935552
4,1806.776,grad,21004388864
4,1808.879,grad,20979107328
4,1810.201,grad,20997916160
4,1811.873,grad,20974224896
4,1813.19,grad,20978992640
4,1814.506,grad,20959770112
4,1815.846,grad,20884993536
4,1817.178,grad,20788196864
4,1818.579,grad,20742514176
4,1819.915,grad,20730324480
4,1821.234,grad,20698751488
4,1822.596,grad,20728635904
4,1824.188,grad,20693377536
4,1825.501,grad,20701209088
4,1826.825,grad,20713300480
4,1828.157,grad,20640616960
4,1829.49,grad,20597363200
4,1830.834,grad,20507906560
4,1832.166,grad,20447609344
4,1833.495,grad,20444267008
4,1834.809,grad,20418461184
4,1836.139,grad,20447821312
4,1837.528,grad,20437335552
4,1839.082,grad,20413578752
4,1840.402,grad,20418338304
4,1841.748,grad,20399123968
4,1843.098,grad,20317072896
4,1844.432,grad,20242296320
4,1845.878,grad,20181933568
4,1847.223,grad,20162403840
4,1848.541,grad,20138170880
4,1849.937,grad,20168055296
4,1851.502,grad,20132796928
4,1852.808,grad,20140628480
4,1854.14,grad,20138039808
4,1855.483,grad,20157630976
4,1856.801,grad,20044122624
4,1858.127,grad,19954665984
4,1859.488,grad,19901184512
4,1860.802,grad,19877394944
4,1862.125,grad,19857880576
4,1863.437,grad,19872560640
4,1864.776,grad,19876689408
4,1866.472,grad,19852998144
4,1867.788,grad,19857761792
4,1869.11,grad,19838543360
4,1870.439,grad,19763832320
4,1871.774,grad,19674375680
4,1873.209,grad,19621352960
4,1874.533,grad,19601823232
4,1875.851,grad,19578638848
4,1877.269,grad,19607474688
4,1878.828,grad,19572216320
4,1880.29,grad,19572707840
4,1881.639,grad,19577475584
4,1882.966,grad,19558253056
4,1884.316,grad,19483542016
4,1885.698,grad,19386745344
4,1887.12,grad,19341062656
4,1888.483,grad,19328872960
4,1889.805,grad,19297299968
4,1891.197,grad,19327184384
4,1892.788,grad,19291926016
4,1894.123,grad,19299757568
4,1895.438,grad,19297168896
4,1896.78,grad,19316760064
4,1898.111,grad,19188571648
4,1899.467,grad,19099115008
4,1900.787,grad,19060772352
4,1902.12,grad,19048582656
4,1903.445,grad,19017009664
4,1904.841,grad,19046894080
4,1906.392,grad,19011635712
4,1907.725,grad,19019467264
4,1909.061,grad,19031554560
4,1910.398,grad,18997672448
4,1911.754,grad,18915621376
4,1913.082,grad,18826164736
4,1914.419,grad,18780547584
4,1915.77,grad,18762525184
4,1917.862,grad,18736719360
4,1919.182,grad,18755528192
4,1920.844,grad,18731836928
4,1922.162,grad,18736588288
4,1923.486,grad,18756179456
4,1924.802,grad,18642671104
4,1926.13,grad,18553214464
4,1927.492,grad,18500191744
4,1928.816,grad,18488002048
4,1930.142,grad,18456429056
4,1931.48,grad,18471109120
4,1932.796,grad,18475237888
4,1934.538,grad,18451546624
4,1935.85,grad,18456297984
4,1937.191,grad,18398294528
4,1938.531,grad,18355040768
4,1939.874,grad,18265584128
4,1941.208,grad,18205221376
4,1942.526,grad,18191983104
4,1944.547,grad,18176138752
4,1945.857,grad,18194947584
4,1947.57,grad,18171256320
4,1948.879,grad,18176007680
4,1950.22,grad,18118004224
4,1951.504,grad,18067410432
4,1952.839,grad,17977953792
4,1954.185,grad,17939611136
4,1955.505,grad,17928470016
4,1956.836,grad,17903188480
4,1958.161,grad,17925798400
4,1959.665,grad,17890474496
4,1960.974,grad,17898306048
4,1962.302,grad,17895717376
4,1963.66,grad,17876511232
4,1965.01,grad,17794460160
4,1966.354,grad,17719683584
4,1967.738,grad,17658862080
4,1969.078,grad,17635072512
4,1970.415,grad,17616606720
4,1971.764,grad,17644918272
4,1973.094,grad,17634366976
4,1975.052,grad,17610675712
4,1976.383,grad,17615427072
4,1977.76,grad,17635018240
4,1979.108,grad,17521509888
4,1980.438,grad,17432053248
4,1981.889,grad,17379030528
4,1983.215,grad,17366898176
4,1984.531,grad,17335267840
4,1985.849,grad,17364693504
4,1987.174,grad,17354142208
4,1988.814,grad,17330385408
4,1990.134,grad,17335149056
4,1991.447,grad,17315930624
4,1992.803,grad,17233879552
4,1994.149,grad,17151762944
4,1995.481,grad,17098281472
4,1996.803,grad,17074491904
4,1998.127,grad,17054977536
4,1999.448,grad,17068805632
4,2000.778,grad,17072934400
4,2002.482,grad,17048391168
4,2003.795,grad,17053154816
4,2005.123,grad,17034001920
4,2006.435,grad,16951950848
4,2007.766,grad,16870686208
4,2009.092,grad,16795119104
4,2010.42,grad,16788631040
4,2011.786,grad,16796707328
4,2013.25,grad,16773835264
4,2014.617,grad,16792578560
4,2016.426,grad,16768952832
4,2017.763,grad,16773716480
4,2019.092,grad,16831306240
4,2020.427,grad,16685292032
4,2021.766,grad,16602978816
4,2023.095,grad,16519219712
4,2024.421,grad,16498051584
4,2025.776,grad,16497804800
4,2027.552,grad,16482993664
4,2028.873,grad,16501835264
4,2030.719,grad,16478111232
4,2032.024,grad,16468182528
4,2033.296,grad,16468182528
4,2034.559,grad,16468182528
4,2038.108,grad,16468182016
4,2039.377,grad,16468182016
4,2040.758,grad,16468182016
4,2042.01,grad,16468182016
4,2045.532,grad,16468182016
4,2046.864,grad,16468182016
4,2048.109,grad,16486859776
4,2049.392,grad,16509928448
4,2050.738,grad,16523232256
4,2052.562,grad,16523232256
4,2053.866,grad,16523242496
4,2055.167,grad,16685198336
4,2056.446,grad,16685198336
4,2057.734,grad,16685198336
4,2059.044,grad,16685198336
4,2060.626,grad,16629664256
4,2061.955,grad,16454223872
4,2063.228,grad,16303327232
4,2064.473,grad,16327968768
4,2065.717,grad,16362506240
4,2066.978,grad,16396421120
4,2068.221,grad,16430532608
4,2069.465,grad,16464513024
4,2070.716,grad,16384493568
4,2077.053,grad,16143452160
4,2083.413,grad,16143460352
4,2089.757,grad,16143460352
4,2096.096,grad,16143460352
4,2100.872,grad,16143460352
4,2102.184,grad,16150937600
4,2105.122,grad,16158406656
4,2106.447,grad,16167843840
4,2107.78,grad,16183688192
4,2109.046,grad,16219409408
4,2110.32,grad,16366341120
4,2111.617,grad,16436661248
4,2113.793,grad,16458685440
4,2115.063,grad,16468122624
4,2116.348,grad,16505987072
4,2117.6,grad,16558485504
4,2118.839,grad,16743165952
4,2120.087,grad,16757919744
4,2121.941,grad,16750575616
4,2123.197,grad,16760012800
4,2124.465,grad,16783197184
4,2125.714,grad,16811578368
4,2126.988,grad,17035056128
4,2128.224,grad,17035133952
4,2130.1,grad,17042465792
4,2131.357,grad,17051902976
4,2132.62,grad,17075087360
4,2133.865,grad,17142265856
4,2135.1,grad,17404540928
4,2136.36,grad,17341700096
4,2138.775,grad,17334355968
4,2140.044,grad,17343793152
4,2141.295,grad,17366977536
4,2142.552,grad,17434156032
4,2143.811,grad,17618836480
4,2145.087,grad,17618914304
4,2146.984,grad,17626246144
4,2148.25,grad,17635683328
4,2149.504,grad,17673547776
4,2150.739,grad,17740726272
4,2151.984,grad,17871929344
4,2153.271,grad,17932820480
4,2155.204,grad,17918136320
4,2156.536,grad,17927573504
4,2157.879,grad,17950757888
4,2159.174,grad,18017936384
4,2160.428,grad,18280211456
4,2161.713,grad,18217370624
4,2163.644,grad,18210026496
4,2164.921,grad,18219463680
4,2166.219,grad,18242648064
4,2167.477,grad,18309826560
4,2168.725,grad,18572101632
4,2170.004,grad,18516600832
4,2171.86,grad,18501916672
4,2173.138,grad,18511353856
4,2174.399,grad,18534538240
4,2175.675,grad,18601716736
4,2176.951,grad,18863991808
4,2178.219,grad,18808491008
4,2180.065,grad,18793806848
4,2181.337,grad,18803244032
4,2182.621,grad,18841108480
4,2183.868,grad,18893606912
4,2185.119,grad,19078287360
4,2186.367,grad,19093041152
4,2188.535,grad,19085697024
4,2189.809,grad,19095134208
4,2191.107,grad,19132998656
4,2192.349,grad,19200177152
4,2193.669,grad,19331380224
4,2196.42,grad,19377587200
4,2197.702,grad,19387024384
4,2198.976,grad,19410208768
4,2200.212,grad,19492067328
4,2201.513,grad,19623270400
4,2204.215,grad,19669477376
4,2205.501,grad,19678914560
4,2206.771,grad,19716844544
4,2208.031,grad,19784023040
4,2209.298,grad,19922500608
4,2212.091,grad,19961367552
4,2213.351,grad,19970804736
4,2214.663,grad,20008669184
4,2215.911,grad,20061167616
4,2217.153,grad,20323442688
4,2218.388,grad,20260601856
4,2220.251,grad,20253257728
4,2221.51,grad,20262694912
4,2222.751,grad,20300559360
4,2223.982,grad,20367803392
4,2225.215,grad,20506280960
4,2227.821,grad,20545147904
4,2229.201,grad,20554585088
4,2230.46,grad,20577769472
4,2231.694,grad,20644947968
4,2232.94,grad,20829628416
4,2234.176,grad,20859062272
4,2235.954,grad,20837038080
4,2237.206,grad,20853815296
4,2238.446,grad,20884405248
4,2239.69,grad,20951583744
4,2240.918,grad,21090061312
4,2243.539,grad,21128928256
4,2244.81,grad,21145705472
4,2246.062,grad,21176295424
4,2247.293,grad,21243473920
4,2248.474,grad,21374611456
4,2251.161,grad,21420818432
4,2252.427,grad,21430255616
4,2253.692,grad,21468120064
4,2254.97,grad,21535298560
4,2256.202,grad,21666501632
4,2258.863,grad,21712708608
4,2260.146,grad,21722145792
4,2261.393,grad,21760075776
4,2262.652,grad,21827254272
4,2263.92,grad,21965731840
4,2266.552,grad,22004598784
4,2267.839,grad,22021376000
4,2269.102,grad,22051965952
4,2270.384,grad,22119144448
4,2271.719,grad,22257622016
4,2273.013,grad,22296488960
4,2274.813,grad,22296488960
4,2276.092,grad,22305926144
4,2277.345,grad,22343790592
4,2278.603,grad,22411034624
4,2279.856,grad,22549512192
4,2282.432,grad,22588379136
4,2283.702,grad,22605156352
4,2284.951,grad,22635746304
4,2286.217,grad,22702924800
4,2287.509,grad,22841402368
4,2290.078,grad,22880269312
4,2291.338,grad,22889706496
4,2292.603,grad,22927570944
4,2293.841,grad,22994749440
4,2295.121,grad,23125952512
4,2297.785,grad,23172159488
4,2299.048,grad,23181596672
4,2300.326,grad,23204781056
4,2301.582,grad,23271959552
4,2302.844,grad,23456640000
4,2304.11,grad,23486073856
4,2305.868,grad,23464049664
4,2307.139,grad,23473486848
4,2308.39,grad,23511351296
4,2309.632,grad,23578595328
4,2310.866,grad,23717072896
4,2313.497,grad,23755939840
4,2314.83,grad,23765377024
4,2316.096,grad,23788561408
4,2317.328,grad,23870419968
4,2318.604,grad,24001623040
4,2321.251,grad,24047830016
4,2322.502,grad,24057267200
4,2323.743,grad,24095197184
4,2324.982,grad,24162375680
4,2326.242,grad,24300853248
4,2327.476,grad,24636463104
4,2328.785,grad,25251986944
4,2330.809,grad,25251978752
4,2332.062,grad,24940552192
4,2333.295,grad,24940552192
4,2334.541,grad,24940552192
4,2335.843,grad,24940552192
4,2337.155,grad,24636455936
4,2338.49,grad,24332889088
4,2339.813,grad,24238713856
4,2341.266,grad,24157776896
4,2342.647,grad,24096889856
4,2343.981,grad,24075721728
4,2345.331,grad,24068265984
4,2346.806,grad,24060925952
4,2348.134,grad,24079669248
4,2349.931,grad,24056043520
4,2351.25,grad,24060803072
4,2352.578,grad,24119248896
4,2353.907,grad,23959472128
4,2355.255,grad,23877355520
4,2356.656,grad,23824332800
4,2358.009,grad,23812569088
4,2359.341,grad,23780570112
4,2360.708,grad,23810520064
4,2362.257,grad,23775196160
4,2363.583,grad,23783027712
4,2364.911,grad,23780439040
4,2366.233,grad,23722435584
4,2367.581,grad,23679116288
4,2368.924,grad,23589659648
4,2370.245,grad,23529296896
4,2371.65,grad,23501262848
4,2373.66,grad,23500214272
4,2375.002,grad,23518957568
4,2376.81,grad,23495331840
4,2378.127,grad,23492743168
4,2379.448,grad,23478517760
4,2380.854,grad,23398825984
4,2382.188,grad,23316643840
4,2383.501,grad,23263162368
4,2384.837,grad,23245197312
4,2386.165,grad,23219858432
4,2387.48,grad,23249284096
4,2388.853,grad,23238732800
4,2390.416,grad,23214976000
4,2391.753,grad,23219743744
4,2393.077,grad,23200521216
4,2394.413,grad,23111064576
4,2395.781,grad,23021607936
4,2397.109,grad,22983265280
4,2398.436,grad,22972124160
4,2399.781,grad,22946842624
4,2401.101,grad,22969387008
4,2402.692,grad,22934128640
4,2404.027,grad,22941960192
4,2405.356,grad,22954051584
4,2406.719,grad,22881368064
4,2408.077,grad,22838048768
4,2409.419,grad,22709794816
4,2410.78,grad,22688229376
4,2412.162,grad,22660195328
4,2414.134,grad,22659146752
4,2415.472,grad,22677955584
4,2417.146,grad,22654264320
4,2418.483,grad,22659032064
4,2419.798,grad,22639809536
4,2421.146,grad,22565032960
4,2422.475,grad,22460896256
4,2423.837,grad,22422553600
4,2425.181,grad,22411412480
4,2426.515,grad,22386130944
4,2427.83,grad,22408151040
4,2429.153,grad,22397599744
4,2430.813,grad,22373908480
4,2432.133,grad,22378659840
4,2433.481,grad,22398251008
4,2434.808,grad,22284677120
4,2436.131,grad,22195220480
4,2437.52,grad,22142197760
4,2438.845,grad,22131482624
4,2440.173,grad,22105775104
4,2441.494,grad,22128319488
4,2443.028,grad,22093061120
4,2444.339,grad,22100892672
4,2445.692,grad,22098304000
4,2447.021,grad,22117895168
4,2448.338,grad,21989641216
4,2449.705,grad,21900184576
4,2451.043,grad,21861841920
4,2452.389,grad,21852331008
4,2453.769,grad,21825419264
4,2455.096,grad,21818079232
4,2456.425,grad,21836888064
4,2458.128,grad,21813196800
4,2459.464,grad,21817964544
4,2460.791,grad,21798742016
4,2462.154,grad,21723965440
4,2463.494,grad,21634508800
4,2464.909,grad,21581486080
4,2466.248,grad,21569296384
4,2467.608,grad,21545063424
4,2468.935,grad,21567607808
4,2470.484,grad,21532349440
4,2471.986,grad,21532840960
4,2473.306,grad,21537604608
4,2474.659,grad,21596046336
4,2475.983,grad,21436269568
4,2477.354,grad,21346812928
4,2478.83,grad,21301130240
4,2480.181,grad,21281600512
4,2481.51,grad,21257367552
4,2482.84,grad,21287251968
4,2484.465,grad,21251993600
4,2485.778,grad,21259825152
4,2487.102,grad,21271916544
4,2488.427,grad,21199298560
4,2489.782,grad,21148639232
4,2491.122,grad,21059182592
4,2492.447,grad,21020839936
4,2493.799,grad,21008707584
4,2495.122,grad,20978125824
4,2496.562,grad,21006961664
4,2498.139,grad,20971703296
4,2499.469,grad,20979534848
4,2500.794,grad,20976946176
4,2502.124,grad,20996602880
4,2503.444,grad,20868348928
4,2504.811,grad,20778892288
4,2506.153,grad,20740549632
4,2507.484,grad,20728359936
4,2508.823,grad,20704126976
4,2510.16,grad,20726671360
4,2511.702,grad,20691412992
4,2513.02,grad,20699244544
4,2514.34,grad,20696655872
4,2515.703,grad,20677515264
4,2517.026,grad,20602738688
4,2518.357,grad,20513282048
4,2519.802,grad,20460259328
4,2521.155,grad,20440729600
4,2522.48,grad,20416496640
4,2523.838,grad,20416496640
4,2525.164,grad,20435239936
4,2526.916,grad,20411614208
4,2528.231,grad,20416365568
4,2529.503,grad,20397224960
4,2530.831,grad,20315108352
4,2532.156,grad,20240331776
4,2533.61,grad,20179969024
4,2534.94,grad,20167779328
4,2536.272,grad,20143546368
4,2537.626,grad,20166090752
4,2539.17,grad,20130832384
4,2540.501,grad,20138663936
4,2541.826,grad,20150755328
4,2543.157,grad,20078071808
4,2544.487,grad,20035145728
4,2545.833,grad,19945295872
4,2547.164,grad,19899678720
4,2548.484,grad,19880083456
4,2550.488,grad,19855850496
4,2551.795,grad,19874593792
4,2553.586,grad,19850968064
4,2554.902,grad,19855727616
4,2556.218,grad,19836513280
4,2557.542,grad,19761736704
4,2558.863,grad,19664940032
4,2560.266,grad,19619257344
4,2561.618,grad,19599784960
4,2562.944,grad,19576543232
4,2564.351,grad,19605379072
4,2565.961,grad,19570120704
4,2567.624,grad,19570612224
4,2568.939,grad,19575375872
4,2570.258,grad,19556157440
4,2571.619,grad,19474040832
4,2572.943,grad,19391989760
4,2574.262,grad,19338508288
4,2575.594,grad,19314718720
4,2576.919,grad,19296252928
4,2578.28,grad,19324630016
4,2579.676,grad,19314078720
4,2581.229,grad,19290321920
4,2582.546,grad,19295077376
4,2583.865,grad,19275867136
4,2585.212,grad,19201090560
4,2586.54,grad,19112027136
4,2587.917,grad,19058611200
4,2589.25,grad,19046421504
4,2590.594,grad,19022188544
4,2591.939,grad,19044798464
4,2593.531,grad,19009474560
4,2594.839,grad,19017306112
4,2596.166,grad,19029397504
4,2597.483,grad,18956713984
4,2598.818,grad,18906120192
4,2600.175,grad,18816663552
4,2601.494,grad,18778320896
4,2602.809,grad,18766131200
4,2604.135,grad,18741898240
4,2605.484,grad,18764508160
4,2607.006,grad,18729184256
4,2608.326,grad,18737015808
4,2609.704,grad,18734427136
4,2611.041,grad,18754411520
4,2612.393,grad,18626157568
4,2613.788,grad,18536700928
4,2615.15,grad,18498358272
4,2616.491,grad,18486168576
4,2617.829,grad,18461935616
4,2619.17,grad,18483955712
4,2620.535,grad,18473469952
4,2622.088,grad,18449713152
4,2623.402,grad,18454472704
4,2624.747,grad,18512852992
4,2626.07,grad,18368280576
4,2627.393,grad,18285770752
4,2628.751,grad,18210269184
4,2630.089,grad,18189101056
4,2631.427,grad,18181645312
4,2632.831,grad,18174305280
4,2634.145,grad,18193048576
4,2635.914,grad,18169422848
4,2637.225,grad,18174174208
4,2638.503,grad,18154968064
4,2639.83,grad,18073244672
4,2641.149,grad,17991128064
4,2642.434,grad,17937253376
4,2643.701,grad,17917133824
4,2644.936,grad,17894998016
4,2646.185,grad,17908629504
4,2647.458,grad,17912758272
4,2648.975,grad,17889067008
4,2650.218,grad,17893818368
4,2651.465,grad,17835814912
4,2652.696,grad,17792954368
4,2653.93,grad,17671647232
4,2655.174,grad,17642741760
4,2656.415,grad,17614707712
4,2658.127,grad,17613659136
4,2659.509,grad,17632533504
4,2661.16,grad,17608776704
4,2662.422,grad,17613528064
4,2663.667,grad,17555917824
4,2664.898,grad,17512270848
4,2666.156,grad,17376676864
4,2667.495,grad,17362910208
4,2668.757,grad,17334941696
4,2670.461,grad,17333368832
4,2671.702,grad,17352177664
4,2673.25,grad,17328486400
4,2674.499,grad,17333254144
4,2675.733,grad,17353222144
4,2676.965,grad,17232308224
4,2678.194,grad,17096321024
4,2679.522,grad,17082554368
4,2680.759,grad,17055110144
4,2682.336,grad,17053012992
4,2683.592,grad,17071756288
4,2685.149,grad,17048130560
4,2686.389,grad,17052881920
4,2687.64,grad,16995271680
4,2688.883,grad,16912761856
4,2690.122,grad,16823305216
4,2691.358,grad,16801739776
4,2692.606,grad,16773705728
4,2694.363,grad,16772657152
4,2695.633,grad,16791400448
4,2697.234,grad,16767774720
4,2698.478,grad,16772538368
4,2699.711,grad,16753319936
4,2700.942,grad,16664256512
4,2702.174,grad,16581156864
4,2703.403,grad,16527806464
4,2704.645,grad,16499822592
4,2707.138,grad,16483716096
4,2708.421,grad,16502590464
4,2710.001,grad,16478833664
4,2711.287,grad,16468904960
4,2712.629,grad,16468904960
4,2713.878,grad,16468904960
4,2715.464,grad,16468904448
4,2717.401,grad,16468904448
4,2718.773,grad,16468904448
4,2720.271,grad,16468904448
4,2724.416,grad,16468904448
4,2725.761,grad,16468904448
4,2727.014,grad,16487123456
4,2728.256,grad,16510126592
4,2729.508,grad,16523954688
4,2731.539,grad,16523954688
4,2732.778,grad,16524280320
4,2734.035,grad,16685920768
4,2735.406,grad,16685920768
4,2737.049,grad,16685920768
4,2738.289,grad,16670127104
4,2739.538,grad,16617868800
4,2740.779,grad,16431877632
4,2742.017,grad,16304934400
4,2743.271,grad,16332951040
4,2744.503,grad,16364768768
4,2745.734,grad,16397831680
4,2746.987,grad,16432074240
4,2748.219,grad,16466185728
4,2749.448,grad,16371453440
4,2755.718,grad,16141848064
4,2762.077,grad,16141856256
4,2768.411,grad,16141856256
4,2774.759,grad,16141856256
4,2778.572,grad,16141856256
4,2779.843,grad,16149333504
4,2782.656,grad,16156802560
4,2783.971,grad,16166239744
4,2785.222,grad,16182084096
4,2786.521,grad,16218657280
4,2787.753,grad,16444232192
4,2788.989,grad,16451650048
4,2790.909,grad,16458981888
4,2792.168,grad,16469271040
4,2793.466,grad,16492455424
4,2794.73,grad,16559633920
4,2795.987,grad,16705517056
4,2797.219,grad,16764704256
4,2798.989,grad,16750872064
4,2800.245,grad,16760309248
4,2801.489,grad,16799025664
4,2802.745,grad,16866204160
4,2804.016,grad,16997407232
4,2806.704,grad,17043614208
4,2808.097,grad,17053051392
4,2809.353,grad,17076235776
4,2810.599,grad,17143414272
4,2811.832,grad,17405689344
4,2813.074,grad,17342848512
4,2814.893,grad,17335504384
4,2816.148,grad,17344941568
4,2817.396,grad,17382806016
4,2818.64,grad,17449984512
4,2819.87,grad,17581187584
4,2822.557,grad,17627394560
4,2823.819,grad,17636831744
4,2825.093,grad,17674761728
4,2826.33,grad,17741940224
4,2827.579,grad,17880417792
4,2830.145,grad,17919284736
4,2831.4,grad,17928721920
4,2832.656,grad,17966586368
4,2833.92,grad,18033830400
4,2835.183,grad,18126170624
4,2836.482,grad,18189150720
4,2838.649,grad,18211174912
4,2839.923,grad,18220612096
4,2841.205,grad,18258476544
4,2842.466,grad,18325655040
4,2843.721,grad,18495655424
4,2844.974,grad,18525089280
4,2846.77,grad,18503065088
4,2848.156,grad,18512502272
4,2849.443,grad,18535686656
4,2850.756,grad,18602865152
4,2852.015,grad,18787545600
4,2853.257,grad,18809639424
4,2855.088,grad,18794955264
4,2856.423,grad,18804392448
4,2857.696,grad,18842256896
4,2858.97,grad,18909435392
4,2860.212,grad,19079435776
4,2861.445,grad,19101529600
4,2863.207,grad,19086845440
4,2864.469,grad,19096282624
4,2865.716,grad,19134147072
4,2866.945,grad,19201325568
4,2868.18,grad,19332528640
4,2870.935,grad,19378735616
4,2872.191,grad,19388172800
4,2873.525,grad,19426037248
4,2874.761,grad,19493215744
4,2876.023,grad,19624418816
4,2878.798,grad,19670625792
4,2880.064,grad,19680062976
4,2881.344,grad,19717927424
4,2882.596,grad,19785105920
4,2883.868,grad,19916308992
4,2885.113,grad,19962520064
4,2886.898,grad,19962515968
4,2888.295,grad,19971953152
4,2889.607,grad,19995137536
4,2890.875,grad,20062316032
4,2892.12,grad,20169401856
4,2893.354,grad,20269090304
4,2895.135,grad,20254406144
4,2896.391,grad,20263843328
4,2897.644,grad,20301707776
4,2898.876,grad,20368886272
4,2900.136,grad,20500089344
4,2902.839,grad,20546296320
4,2904.125,grad,20555733504
4,2905.403,grad,20593597952
4,2906.646,grad,20660776448
4,2907.877,grad,20830776832
4,2909.12,grad,20852870656
4,2910.94,grad,20838186496
4,2912.2,grad,20847623680
4,2913.461,grad,20885488128
4,2914.693,grad,20952666624
4,2915.989,grad,21083869696
4,2918.753,grad,21130076672
4,2920.037,grad,21139513856
4,2921.296,grad,21177378304
4,2922.541,grad,21244556800
4,2923.801,grad,21375759872
4,2926.585,grad,21421966848
4,2927.953,grad,21431404032
4,2929.215,grad,21454588416
4,2930.464,grad,21521766912
4,2931.724,grad,21667650048
4,2932.963,grad,21721201152
4,2934.85,grad,21713857024
4,2936.12,grad,21723294208
4,2937.366,grad,21761158656
4,2938.654,grad,21828337152
4,2940.05,grad,21959540224
4,2942.86,grad,22005747200
4,2944.128,grad,22015184384
4,2945.387,grad,22053048832
4,2946.677,grad,22105547264
4,2947.938,grad,22251430400
4,2949.192,grad,22312321536
4,2950.989,grad,22297637376
4,2952.248,grad,22307074560
4,2953.507,grad,22344939008
4,2954.765,grad,22412117504
4,2956.069,grad,22543320576
4,2958.881,grad,22589527552
4,2960.155,grad,22598964736
4,2961.441,grad,22636829184
4,2962.826,grad,22704007680
4,2964.149,grad,22835210752
4,2966.866,grad,22881417728
4,2968.238,grad,22890854912
4,2969.546,grad,22914039296
4,2970.863,grad,22981217792
4,2972.11,grad,23127100928
4,2973.373,grad,23187992064
4,2975.212,grad,23173422592
4,2976.509,grad,23182745088
4,2977.758,grad,23220675072
4,2978.997,grad,23287853568
4,2980.228,grad,23426331136
4,2982.849,grad,23465198080
4,2984.111,grad,23474635264
4,2985.361,grad,23512499712
4,2986.608,grad,23579678208
4,2987.868,grad,23710881280
4,2990.664,grad,23757088256
4,2991.921,grad,23766525440
4,2993.17,grad,23804389888
4,2994.402,grad,23871633920
4,2995.647,grad,24010111488
4,2998.26,grad,24048978432
4,2999.515,grad,24065755648
4,3000.761,grad,24096345600
4,3002.027,grad,24163524096
4,3003.273,grad,24302001664
4,3004.506,grad,24326184448
4,3005.807,grad,25253135360
4,3007.77,grad,25253127168
4,3009.026,grad,24941700608
4,3010.26,grad,24941700608
4,3011.487,grad,24941700608
4,3012.715,grad,24941700608
4,3014.056,grad,24348197376
4,3015.493,grad,24322437632
4,3016.815,grad,24239862272
4,3018.237,grad,24158204416
4,3019.505,grad,24082637312
4,3020.825,grad,24076149248
4,3022.168,grad,24068693504
4,3023.577,grad,24061353472
4,3024.937,grad,24080096768
4,3026.732,grad,24056471040
4,3028.628,grad,24063581696
4,3030.023,grad,24054337024
4,3031.349,grad,24037166592
4,3032.712,grad,23877389824
4,3034.103,grad,23816961536
4,3035.445,grad,23795793408
4,3036.837,grad,23795677696
4,3038.179,grad,23780997632
4,3039.503,grad,23799806464
4,3041.178,grad,23776115200
4,3042.493,grad,23780874752
4,3043.816,grad,23761660416
4,3045.152,grad,23686883840
4,3046.48,grad,23590087168
4,3047.846,grad,23544404480
4,3049.186,grad,23533263360
4,3051.218,grad,23500641792
4,3052.534,grad,23519450624
4,3054.223,grad,23495759360
4,3055.537,grad,23500510720
4,3056.872,grad,23442507264
4,3058.228,grad,23399187968
4,3059.506,grad,23309731328
4,3060.842,grad,23264114176
4,3062.179,grad,23246091776
4,3064.171,grad,23220285952
4,3065.485,grad,23239094784
4,3067.129,grad,23215403520
4,3068.438,grad,23220154880
4,3069.86,grad,23201014272
4,3071.198,grad,23133577728
4,3072.526,grad,23037436416
4,3073.98,grad,22984413696
4,3075.324,grad,22974321152
4,3076.685,grad,22941699584
4,3078.03,grad,22970535424
4,3079.426,grad,22935277056
4,3080.686,grad,22943108608
4,3081.935,grad,22969875968
4,3083.173,grad,22952771072
4,3084.421,grad,22831857152
4,3085.684,grad,22710955520
4,3086.922,grad,22682430976
4,3088.157,grad,22671305216
4,3089.475,grad,22660295168
4,3090.719,grad,22679104000
4,3092.318,grad,22655412736
4,3093.6,grad,22660172288
4,3094.845,grad,22679755264
4,3096.089,grad,22520338944
4,3097.323,grad,22423542272
4,3098.612,grad,22409775616
4,3099.852,grad,22383379968
4,3101.44,grad,22380234240
4,3102.691,grad,22399043072
4,3104.191,grad,22375351808
4,3105.43,grad,22394783232
4,3106.684,grad,22360962560
4,3107.919,grad,22278780416
4,3109.15,grad,22189323776
4,3110.381,grad,22128961024
4,3111.626,grad,22100926976
4,3113.372,grad,22099878400
4,3114.625,grad,22118687232
4,3116.112,grad,22094995968
4,3117.351,grad,22099747328
4,3118.599,grad,22041809408
4,3119.835,grad,21967032832
4,3121.08,grad,21901693440
4,3122.336,grad,21848736256
4,3123.614,grad,21834383872
4,3124.854,grad,21826928128
4,3126.093,grad,21848948224
4,3127.382,grad,21838528000
4,3128.85,grad,21814705664
4,3130.094,grad,21819457024
4,3131.353,grad,21800316416
4,3132.63,grad,21679402496
4,3133.954,grad,21589945856
4,3135.24,grad,21568380416
4,3136.5,grad,21540346368
4,3138.231,grad,21539297792
4,3139.569,grad,21558172160
4,3141.026,grad,21534415360
4,3142.292,grad,21531826688
4,3143.689,grad,21520091648
4,3144.987,grad,21437909504
4,3146.234,grad,21341112832
4,3147.473,grad,21288155648
4,3148.73,grad,21267511808
4,3150.666,grad,21259007488
4,3151.912,grad,21277226496
4,3153.943,grad,21254125056
4,3155.191,grad,21258876416
4,3156.43,grad,21200938496
4,3157.679,grad,21157619200
4,3158.914,grad,21022418432
4,3160.199,grad,21008651776
4,3161.436,grad,20981207552
4,3163.092,grad,20979110400
4,3164.437,grad,20997984768
4,3165.964,grad,20974227968
4,3167.206,grad,20978979328
4,3168.442,grad,20959773184
4,3169.689,grad,20838859264
4,3170.92,grad,20742062592
4,3172.21,grad,20728295936
4,3173.463,grad,20701376000
4,3175.148,grad,20698754560
4,3176.405,grad,20717563392
4,3178.038,grad,20693872128
4,3179.296,grad,20705963520
4,3180.663,grad,20679482880
4,3181.906,grad,20674633216
4,3183.142,grad,20592516608
4,3184.381,grad,20483788288
4,3185.626,grad,20440600064
4,3186.858,grad,20433144320
4,3188.139,grad,20418464256
4,3189.378,grad,20437273088
4,3190.987,grad,20413581824
4,3192.25,grad,20418341376
4,3193.478,grad,20476787200
4,3194.725,grad,20317075968
4,3195.977,grad,20220279296
4,3197.217,grad,20167256576
4,3198.465,grad,20154018304
4,3200.337,grad,20138173952
4,3201.588,grad,20157376000
4,3203.348,grad,20133291520
4,3204.601,grad,20138051072
4,3205.834,grad,20118836736
4,3207.071,grad,20029445632
4,3208.302,grad,19908531712
4,3209.54,grad,19886966272
4,3210.771,grad,19858932224
4,3212.502,grad,19857883648
4,3213.747,grad,19876692480
4,3215.289,grad,19853001216
4,3216.541,grad,19850412544
4,3217.848,grad,19838611968
4,3219.087,grad,19756495360
4,3220.321,grad,19659698688
4,3221.575,grad,19621421568
4,3222.814,grad,19577593856
4,3224.674,grad,19577593344
4,3225.999,grad,19596467712
4,3227.412,grad,19572710912
4,3228.662,grad,19577474560
4,3229.909,grad,19597053440
4,3231.147,grad,19476205056
4,3232.378,grad,19355291136
4,3233.618,grad,19326385664
4,3234.854,grad,19298875904
4,3236.537,grad,19297303040
4,3237.774,grad,19316111872
4,3239.352,grad,19292420608
4,3240.6,grad,19297180160
4,3241.844,grad,19316763136
4,3243.088,grad,19188574720
4,3244.325,grad,19121138176
4,3245.642,grad,19060775424
4,3246.882,grad,19050682880
4,3248.832,grad,19017012736
4,3250.072,grad,19035756032
4,3251.699,grad,19012130304
4,3252.935,grad,19016881664
4,3254.27,grad,18997741056
4,3255.624,grad,18915689984
4,3256.906,grad,18833507840
4,3258.197,grad,18780485120
4,3259.476,grad,18775692800
4,3260.738,grad,18744062464
4,3262.002,grad,18767065600
4,3263.393,grad,18731348480
4,3264.657,grad,18739180032
4,3265.901,grad,18751267328
4,3267.14,grad,18710045184
4,3268.374,grad,18627994112
4,3269.619,grad,18514420224
4,3270.896,grad,18485973504
4,3272.141,grad,18459577856
4,3273.77,grad,18456432128
4,3275.011,grad,18475240960
4,3276.576,grad,18451549696
4,3277.867,grad,18456305152
4,3279.121,grad,18437094912
4,3280.359,grad,18347703808
4,3281.609,grad,18258247168
4,3282.846,grad,18219970048
4,3284.079,grad,18184646144
4,3285.927,grad,18176141824
4,3287.177,grad,18194950656
4,3288.774,grad,18171259392
4,3290.025,grad,18183350784
4,3291.342,grad,18156870144
4,3292.644,grad,18089499136
4,3293.919,grad,17992636928
4,3295.249,grad,17939614208
4,3296.497,grad,17929521664
4,3298.41,grad,17895851520
4,3299.66,grad,17914594816
4,3301.222,grad,17890969088
4,3302.477,grad,17895720448
4,3303.733,grad,17837716992
4,3304.972,grad,17755665920
4,3306.201,grad,17658869248
4,3307.484,grad,17645102592
4,3308.738,grad,17618182656
4,3310.421,grad,17615561216
4,3311.677,grad,17634304512
4,3313.267,grad,17610678784
4,3314.516,grad,17615438336
4,3315.753,grad,17635021312
4,3316.981,grad,17514172928
4,3318.21,grad,17385918976
4,3319.567,grad,17364812288
4,3320.813,grad,17337892352
4,3322.497,grad,17335270912
4,3323.743,grad,17354079744
4,3325.301,grad,17330388480
4,3326.552,grad,17342479872
4,3327.825,grad,17315999232
4,3329.061,grad,17233882624
4,3330.294,grad,17144425984
4,3331.547,grad,17098743296
4,3332.782,grad,17087602176
4,3334.772,grad,17054128640
4,3336.023,grad,17072871936
4,3337.624,grad,17048394240
4,3338.862,grad,17053145600
4,3340.104,grad,17033939456
4,3341.373,grad,16906603008
4,3342.624,grad,16817146368
4,3343.858,grad,16803772928
4,3345.088,grad,16775738880
4,3346.86,grad,16773838336
4,3348.102,grad,16793040384
4,3349.74,grad,16768955904
4,3350.977,grad,16773723648
4,3352.213,grad,16753649152
4,3353.464,grad,16677889536
4,3354.708,grad,16596428288
4,3355.95,grad,16526562816
4,3357.183,grad,16502773248
4,3358.411,grad,16484045312
4,3359.653,grad,16512356864
4,3360.902,grad,16501903872
4,3362.583,grad,16478114304
4,3363.836,grad,16468185600
4,3365.078,grad,16468185600
4,3366.316,grad,16468185600
4,3368.035,grad,16468185088
4,3369.976,grad,16468185088
4,3371.416,grad,16468185088
4,3372.723,grad,16468185088
4,3373.985,grad,16468185088
4,3377.44,grad,16468185088
4,3378.826,grad,16468185088
4,3380.073,grad,16486338560
4,3381.315,grad,16508489728
4,3382.573,grad,16523235328
4,3384.313,grad,16523235328
4,3385.576,grad,16523245568
4,3386.825,grad,16685201408
4,3388.097,grad,16685201408
4,3389.709,grad,16685201408
4,3390.96,grad,16685201920
4,3392.325,grad,16629667328
4,3393.607,grad,16453702656
4,3394.855,grad,16303330304
4,3396.101,grad,16328201216
4,3397.336,grad,16362509312
4,3398.597,grad,16395965440
4,3399.835,grad,16427193344
4,3401.069,grad,16460452864
4,3402.303,grad,16395080704
4,3403.568,grad,16304935936
4,3409.25,grad,16143455232
4,3415.633,grad,16143463424
4,3421.977,grad,16143463424
4,3428.327,grad,16143463424
4,3432.425,grad,16143463424
4,3433.753,grad,16150940672
4,3436.775,grad,16158409728
4,3438.126,grad,16167846912
4,3439.429,grad,16183691264
4,3440.787,grad,16219412480
4,3442.034,grad,16366344192
4,3443.272,grad,16451344384
4,3445.367,grad,16458688512
4,3446.638,grad,16468125696
4,3447.914,grad,16491310080
4,3449.147,grad,16558488576
4,3450.38,grad,16820763648
4,3451.632,grad,16743242752
4,3453.625,grad,16750578688
4,3454.877,grad,16760015872
4,3456.125,grad,16783200256
4,3457.362,grad,16850378752
4,3458.607,grad,17035059200
4,3459.836,grad,17035137024
4,3461.71,grad,17042468864
4,3463.147,grad,17051906048
4,3464.402,grad,17075090432
4,3465.648,grad,17142268928
4,3466.876,grad,17326949376
4,3468.103,grad,17341699072
4,3470.137,grad,17334359040
4,3471.397,grad,17343796224
4,3472.663,grad,17381660672
4,3473.915,grad,17448839168
4,3475.145,grad,17696434176
4,3476.375,grad,17633593344
4,3478.269,grad,17626249216
4,3479.561,grad,17635686400
4,3480.811,grad,17673550848
4,3482.042,grad,17740729344
4,3483.271,grad,17871932416
4,3484.512,grad,17910803456
4,3486.447,grad,17918139392
4,3487.721,grad,17927576576
4,3488.973,grad,17965441024
4,3490.209,grad,18032619520
4,3491.47,grad,18163822592
4,3492.719,grad,18232053760
4,3494.499,grad,18210029568
4,3495.76,grad,18219466752
4,3497.029,grad,18257331200
4,3498.293,grad,18309829632
4,3499.545,grad,18455712768
4,3500.776,grad,18516603904
4,3502.562,grad,18501919744
4,3503.904,grad,18511356928
4,3505.155,grad,18534541312
4,3506.389,grad,18601719808
4,3507.643,grad,18786400256
4,3508.869,grad,18808494080
4,3510.641,grad,18793809920
4,3511.886,grad,18803247104
4,3513.124,grad,18841111552
4,3514.352,grad,18893609984
4,3515.6,grad,19078290432
4,3516.826,grad,19093040128
4,3518.817,grad,19085700096
4,3520.181,grad,19095137280
4,3521.463,grad,19118321664
4,3522.724,grad,19185500160
4,3523.965,grad,19447775232
4,3525.206,grad,19370254336
4,3527.127,grad,19377590272
4,3528.403,grad,19387027456
4,3529.661,grad,19410211840
4,3530.893,grad,19438593024
4,3532.12,grad,19739665408
4,3533.386,grad,19662144512
4,3535.399,grad,19669480448
4,3536.702,grad,19678917632
4,3537.972,grad,19716782080
4,3539.269,grad,19769280512
4,3540.594,grad,20031555584
4,3541.852,grad,19954034688
4,3544.035,grad,19961370624
4,3545.91,grad,19970807808
4,3547.189,grad,19986652160
4,3548.575,grad,20022373376
4,3549.828,grad,20168256512
4,3551.085,grad,20260596736
4,3553.254,grad,20253260800
4,3554.547,grad,20262697984
4,3555.808,grad,20285882368
4,3557.064,grad,20314263552
4,3558.31,grad,20537741312
4,3559.603,grad,20537806848
4,3561.743,grad,20545150976
4,3563.046,grad,20554588160
4,3564.344,grad,20592452608
4,3565.658,grad,20659631104
4,3567.063,grad,20790834176
4,3568.475,grad,20851725312
4,3570.607,grad,20837155840
4,3572.042,grad,20853818368
4,3573.481,grad,20884342784
4,3574.955,grad,20951521280
4,3576.425,grad,21082724352
4,3577.793,grad,21121591296
4,3579.896,grad,21128931328
4,3581.17,grad,21138368512
4,3582.438,grad,21161552896
4,3583.754,grad,21189934080
4,3585.023,grad,21413411840
4,3586.273,grad,21413481472
4,3588.291,grad,21420821504
4,3589.769,grad,21430258688
4,3591.14,grad,21446103040
4,3592.513,grad,21481824256
4,3593.767,grad,21705302016
4,3595.003,grad,21720047616
4,3596.998,grad,21712711680
4,3598.254,grad,21722148864
4,3599.533,grad,21745333248
4,3600.772,grad,21773714432
4,3602.0,grad,21997192192
4,3603.229,grad,21997265920
4,3605.189,grad,22004601856
4,3606.441,grad,22014039040
4,3607.698,grad,22037223424
4,3608.927,grad,22104401920
4,3610.161,grad,22289082368
4,3611.392,grad,22303832064
4,3613.441,grad,22296492032
4,3614.713,grad,22305929216
4,3615.965,grad,22329113600
4,3617.198,grad,22396292096
4,3618.43,grad,22542175232
4,3619.668,grad,22595726336
4,3621.613,grad,22588382208
4,3622.865,grad,22597819392
4,3624.129,grad,22621003776
4,3625.474,grad,22649384960
4,3626.733,grad,22795268096
4,3627.968,grad,22872928256
4,3630.191,grad,22880272384
4,3631.681,grad,22889709568
4,3632.985,grad,22905553920
4,3634.327,grad,22941275136
4,3635.605,grad,23087158272
4,3636.906,grad,23150138368
4,3639.06,grad,23172162560
4,3640.323,grad,23181599744
4,3641.59,grad,23204784128
4,3642.798,grad,23233165312
4,3644.233,grad,23379048448
4,3645.519,grad,23456708608
4,3647.806,grad,23464052736
4,3649.199,grad,23473489920
4,3650.486,grad,23496674304
4,3651.758,grad,23525055488
4,3653.029,grad,23748533248
4,3654.309,grad,23763278848
4,3656.447,grad,23755942912
4,3657.728,grad,23765380096
4,3659.032,grad,23788564480
4,3660.354,grad,23816945664
4,3661.759,grad,24040423424
4,3663.034,grad,24040497152
4,3665.032,grad,24047833088
4,3666.334,grad,24057270272
4,3667.644,grad,24073114624
4,3668.974,grad,24108835840
4,3670.254,grad,24332313600
4,3671.487,grad,24347063296
4,3672.738,grad,25882195456
4,3675.287,grad,25251981824
4,3676.565,grad,24940555264
4,3677.836,grad,24940555264
4,3679.093,grad,24940555264
4,3680.341,grad,24940555264
4,3681.626,grad,24325031936
4,3682.899,grad,24318146560
4,3684.255,grad,24239175680
4,3685.507,grad,24157714432
4,3686.823,grad,24104691712
4,3688.072,grad,24093976576
4,3690.054,grad,24060929024
4,3691.313,grad,24080131072
4,3693.271,grad,24056046592
4,3694.546,grad,24060806144
4,3695.82,grad,24041591808
4,3697.082,grad,23952135168
4,3698.32,grad,23831221248
4,3699.572,grad,23824401408
4,3700.828,grad,23787914240
4,3702.691,grad,23780573184
4,3703.957,grad,23799316480
4,3705.532,grad,23775690752
4,3706.781,grad,23780442112
4,3708.021,grad,23722438656
4,3709.256,grad,23647662080
4,3710.496,grad,23558205440
4,3711.739,grad,23529758720
4,3712.991,grad,23502838784
4,3714.648,grad,23500217344
4,3715.893,grad,23519026176
4,3717.412,grad,23495334912
4,3718.663,grad,23500094464
4,3719.924,grad,23480880128
4,3721.244,grad,23391423488
4,3722.483,grad,23309306880
4,3723.771,grad,23263624192
4,3725.023,grad,23253531648
4,3727.053,grad,23219861504
4,3728.399,grad,23238604800
4,3730.296,grad,23214979072
4,3731.6,grad,23219746816
4,3732.857,grad,23200524288
4,3734.132,grad,23111067648
4,3735.398,grad,22990153728
4,3736.689,grad,22968588288
4,3737.942,grad,22940554240
4,3739.719,grad,22939505664
4,3740.984,grad,22958248960
4,3742.68,grad,22934623232
4,3743.93,grad,22939382784
4,3745.174,grad,22920168448
4,3746.428,grad,22830711808
4,3747.712,grad,22748595200
4,3749.005,grad,22688232448
4,3750.251,grad,22660722688
4,3751.92,grad,22659149824
4,3753.166,grad,22677893120
4,3754.723,grad,22654267392
4,3755.961,grad,22659018752
4,3757.208,grad,22639812608
4,3758.475,grad,22518898688
4,3759.716,grad,22429442048
4,3760.972,grad,22408335360
4,3762.224,grad,22380891136
4,3763.832,grad,22378793984
4,3765.074,grad,22397602816
4,3766.611,grad,22373911552
4,3767.865,grad,22393342976
4,3769.113,grad,22359522304
4,3770.366,grad,22277340160
4,3771.627,grad,22195223552
4,3772.969,grad,22142200832
4,3774.212,grad,22132534272
4,3776.151,grad,22098438144
4,3777.42,grad,22117246976
4,3778.993,grad,22093555712
4,3780.254,grad,22098315264
4,3781.49,grad,22079100928
4,3782.74,grad,21989644288
4,3783.974,grad,21907527680
4,3785.214,grad,21847164928
4,3786.468,grad,21852334080
4,3787.721,grad,21818082304
4,3788.957,grad,21847442432
4,3790.228,grad,21836956672
4,3791.979,grad,21813199872
4,3793.273,grad,21817951232
4,3794.563,grad,21837542400
4,3795.802,grad,21716628480
4,3797.051,grad,21595714560
4,3798.308,grad,21566809088
4,3799.583,grad,21538775040
4,3801.322,grad,21537726464
4,3802.649,grad,21556928512
4,3804.266,grad,21532844032
4,3805.762,grad,21540069376
4,3807.101,grad,21530710016
4,3808.356,grad,21435879424
4,3809.663,grad,21354221568
4,3810.918,grad,21293334528
4,3812.228,grad,21284282368
4,3813.527,grad,21264710656
4,3814.838,grad,21257370624
4,3816.099,grad,21276113920
4,3817.757,grad,21252488192
4,3819.015,grad,21257239552
4,3820.252,grad,21199301632
4,3821.497,grad,21117185024
4,3822.733,grad,21020388352
4,3824.066,grad,21006621696
4,3825.325,grad,20979177472
4,3827.016,grad,20977080320
4,3828.336,grad,20995954688
4,3829.839,grad,20972197888
4,3831.079,grad,20976965632
4,3832.321,grad,20996605952
4,3833.609,grad,20868352000
4,3834.847,grad,20786235392
4,3836.089,grad,20725872640
4,3837.333,grad,20697838592
4,3839.137,grad,20696790016
4,3840.477,grad,20715664384
4,3841.984,grad,20691907584
4,3843.271,grad,20689318912
4,3844.542,grad,20675093504
4,3845.821,grad,20595467264
4,3847.056,grad,20513285120
4,3848.365,grad,20460262400
4,3849.625,grad,20440732672
4,3850.863,grad,20416499712
4,3852.093,grad,20446449664
4,3853.463,grad,20411125760
4,3854.71,grad,20418957312
4,3855.95,grad,20416368640
4,3857.192,grad,20397228032
4,3858.475,grad,20283654144
4,3859.717,grad,20179517440
4,3860.95,grad,20165750784
4,3862.195,grad,20138830848
4,3863.856,grad,20136209408
4,3865.121,grad,20155018240
4,3866.694,grad,20131326976
4,3867.94,grad,20136078336
4,3869.194,grad,20116872192
4,3870.443,grad,19988618240
4,3871.7,grad,19913841664
4,3872.949,grad,19884936192
4,3874.2,grad,19856902144
4,3875.925,grad,19855853568
4,3877.256,grad,19874727936
4,3878.736,grad,19850971136
4,3879.994,grad,19870402560
4,3881.238,grad,19836581888
4,3882.484,grad,19754399744
4,3883.731,grad,19657603072
4,3884.981,grad,19604580352
4,3886.223,grad,19577070592
4,3887.921,grad,19575497728
4,3889.179,grad,19594306560
4,3890.74,grad,19570615296
4,3891.996,grad,19575366656
4,3893.242,grad,19517363200
4,3894.494,grad,19474043904
4,3895.739,grad,19353195520
4,3896.981,grad,19324290048
4,3898.225,grad,19296256000
4,3899.971,grad,19295207424
4,3901.311,grad,19314081792
4,3902.828,grad,19290324992
4,3904.073,grad,19295092736
4,3905.325,grad,19314667520
4,3906.582,grad,19186413568
4,3907.818,grad,19065499648
4,3909.134,grad,19044392960
4,3910.381,grad,19017997312
4,3912.043,grad,19014851584
4,3913.292,grad,19033660416
4,3914.921,grad,19009969152
4,3916.168,grad,19029400576
4,3917.409,grad,19073174528
4,3918.658,grad,18913463296
4,3919.907,grad,18838686720
4,3921.141,grad,18778323968
4,3922.38,grad,18742017024
4,3924.256,grad,18734561280
4,3925.517,grad,18753370112
4,3927.037,grad,18729678848
4,3928.275,grad,18734430208
4,3929.52,grad,18676819968
4,3930.767,grad,18594703360
4,3932.002,grad,18497906688
4,3933.323,grad,18484140032
4,3934.598,grad,18456171520
4,3936.291,grad,18454598656
4,3937.555,grad,18473800704
4,3939.121,grad,18449716224
4,3940.372,grad,18454467584
4,3941.633,grad,18474451968
4,3942.882,grad,18346198016
4,3944.118,grad,18263753728
4,3945.364,grad,18218136576
4,3946.619,grad,18206929920
4,3948.576,grad,18174308352
4,3949.817,grad,18193510400
4,3951.42,grad,18169425920
4,3952.671,grad,18166837248
4,3954.015,grad,18155036672
4,3955.267,grad,18087993344
4,3956.49,grad,17991131136
4,3957.723,grad,17951936512
4,3958.963,grad,17928204288
4,3960.22,grad,17895001088
4,3961.47,grad,17923378176
4,3962.713,grad,17912892416
4,3964.152,grad,17889070080
4,3965.404,grad,17893837824
4,3966.656,grad,17874615296
4,3967.888,grad,17785617408
4,3969.121,grad,17703500800
4,3970.385,grad,17642744832
4,3971.636,grad,17614710784
4,3973.408,grad,17613662208
4,3974.698,grad,17632405504
4,3976.328,grad,17608779776
4,3977.589,grad,17613543424
4,3978.836,grad,17594324992
4,3980.074,grad,17519613952
4,3981.318,grad,17415870464
4,3982.565,grad,17377134592
4,3983.798,grad,17364944896
4,3985.031,grad,17340711936
4,3986.273,grad,17363715072
4,3987.699,grad,17327997952
4,3988.937,grad,17335829504
4,3990.175,grad,17362600960
4,3991.427,grad,17314100224
4,3992.697,grad,17232376832
4,3993.937,grad,17149801472
4,3995.248,grad,17096778752
4,3996.52,grad,17085637632
4,3998.479,grad,17053016064
4,3999.733,grad,17071824896
4,4001.356,grad,17048133632
4,4002.616,grad,17052901376
4,4003.852,grad,17072869376
4,4005.088,grad,16944615424
4,4006.344,grad,16862105600
4,4007.624,grad,16801808384
4,4008.871,grad,16796893184
4,4010.858,grad,16772660224
4,4012.125,grad,16791862272
4,4013.94,grad,16775117824
4,4015.202,grad,16772529152
4,4016.469,grad,16792120320
4,4017.754,grad,16678939648
4,4019.098,grad,16588499968
4,4020.446,grad,16527285248
4,4021.777,grad,16518233088
4,4023.033,grad,16491190272
4,4024.386,grad,16483719168
4,4025.724,grad,16502986752
4,4027.464,grad,16478836736
4,4028.712,grad,16468908032
4,4029.965,grad,16468908032
4,4031.205,grad,16468908032
4,4032.464,grad,16468908032
4,4035.172,grad,16468907520
4,4036.559,grad,16468907520
4,4037.843,grad,16468907520
4,4039.092,grad,16468907520
4,4042.968,grad,16468907520
4,4044.418,grad,16468907520
4,4045.678,grad,16486077952
4,4046.926,grad,16507246080
4,4048.185,grad,16523957760
4,4050.09,grad,16523957760
4,4051.345,grad,16523968000
4,4052.846,grad,16685923840
4,4054.102,grad,16685923840
4,4055.362,grad,16685923840
4,4056.749,grad,16685923840
4,4058.246,grad,16630389760
4,4059.512,grad,16462289408
4,4060.88,grad,16304937472
4,4062.143,grad,16329218560
4,4063.401,grad,16361888256
4,4064.655,grad,16393280000
4,4065.894,grad,16426080768
4,4067.153,grad,16458750464
4,4068.418,grad,16399669760
4,4069.674,grad,16303331840
4,4075.238,grad,16141851136
4,4081.584,grad,16141859328
4,4087.949,grad,16141859328
4,4094.674,grad,16141859328
4,4099.291,grad,16141859328
4,4100.733,grad,16149336576
4,4103.734,grad,16156805632
4,4105.129,grad,16166242816
4,4106.421,grad,16182087168
4,4107.717,grad,16218660352
4,4109.001,grad,16351895040
4,4110.283,grad,16505970176
4,4112.798,grad,16458984960
4,4114.16,grad,16469274112
4,4115.44,grad,16485118464
4,4116.745,grad,16520839680
4,4118.003,grad,16744317440
4,4119.258,grad,16757363200
4,4121.309,grad,16750875136
4,4122.593,grad,16760312320
4,4123.887,grad,16784348672
4,4125.138,grad,16851527168
4,4126.399,grad,17036207616
4,4127.651,grad,17036285440
4,4129.598,grad,17043617280
4,4131.053,grad,17053054464
4,4132.315,grad,17076238848
4,4133.614,grad,17143417344
4,4134.866,grad,17328097792
4,4136.105,grad,17342843392
4,4138.195,grad,17335507456
4,4139.464,grad,17344944640
4,4140.716,grad,17368129024
4,4142.032,grad,17396510208
4,4143.284,grad,17619987968
4,4144.544,grad,17620057600
4,4146.503,grad,17627397632
4,4147.762,grad,17636834816
4,4149.018,grad,17674699264
4,4150.251,grad,17727197696
4,4151.482,grad,17989472768
4,4152.738,grad,17911951872
4,4154.694,grad,17919287808
4,4155.974,grad,17928724992
4,4157.269,grad,17966589440
4,4158.523,grad,18019087872
4,4159.769,grad,18164971008
4,4161.001,grad,18225862144
4,4162.803,grad,18211177984
4,4164.073,grad,18220615168
4,4165.327,grad,18258479616
4,4166.577,grad,18310978048
4,4167.811,grad,18573253120
4,4169.059,grad,18495736320
4,4170.953,grad,18503068160
4,4172.333,grad,18512505344
4,4173.69,grad,18535689728
4,4174.952,grad,18602868224
4,4176.23,grad,18748751360
4,4177.486,grad,18809642496
4,4179.312,grad,18794958336
4,4180.592,grad,18804395520
4,4181.847,grad,18842259968
4,4183.088,grad,18894758400
4,4184.342,grad,19157033472
4,4185.603,grad,19094192640
4,4187.411,grad,19086848512
4,4188.692,grad,19096285696
4,4189.951,grad,19134150144
4,4191.232,grad,19201328640
4,4192.56,grad,19332531712
4,4195.299,grad,19378738688
4,4196.575,grad,19388175872
4,4197.844,grad,19426040320
4,4199.132,grad,19493218816
4,4200.438,grad,19624421888
4,4203.154,grad,19670628864
4,4204.423,grad,19680066048
4,4205.687,grad,19717930496
4,4206.922,grad,19785108992
4,4208.19,grad,19916312064
4,4210.971,grad,19962519040
4,4212.365,grad,19971956224
4,4213.655,grad,19995140608
4,4214.913,grad,20062319104
4,4216.151,grad,20246999552
4,4217.386,grad,20261753344
4,4219.24,grad,20254409216
4,4220.51,grad,20263846400
4,4221.754,grad,20301710848
4,4222.984,grad,20368889344
4,4224.233,grad,20500092416
4,4225.502,grad,20568323584
4,4227.307,grad,20546299392
4,4228.638,grad,20555736576
4,4229.931,grad,20593601024
4,4231.217,grad,20660779520
4,4232.513,grad,20830779904
4,4233.814,grad,20830857728
4,4235.835,grad,20838189568
4,4237.104,grad,20847626752
4,4238.399,grad,20870811136
4,4239.651,grad,20937989632
4,4240.92,grad,21122670080
4,4242.183,grad,21122743808
4,4244.147,grad,21130079744
4,4245.418,grad,21139516928
4,4246.691,grad,21177381376
4,4247.932,grad,21244559872
4,4249.173,grad,21336965632
4,4250.422,grad,21436654080
4,4252.255,grad,21421969920
4,4253.682,grad,21431407104
4,4254.973,grad,21454591488
4,4256.221,grad,21521769984
4,4257.465,grad,21706450432
4,4258.696,grad,21721204224
4,4260.595,grad,21713860096
4,4261.893,grad,21723297280
4,4263.159,grad,21746481664
4,4264.408,grad,21813660160
4,4265.686,grad,22075935232
4,4266.947,grad,21998418432
4,4268.909,grad,22005750272
4,4270.247,grad,22015187456
4,4271.543,grad,22038371840
4,4272.794,grad,22066753024
4,4274.036,grad,22290230784
4,4275.289,grad,22304976384
4,4277.338,grad,22297640448
4,4278.672,grad,22307077632
4,4279.961,grad,22344942080
4,4281.21,grad,22412120576
4,4282.464,grad,22543323648
4,4283.696,grad,22582194688
4,4285.583,grad,22589530624
4,4286.87,grad,22598967808
4,4288.159,grad,22636832256
4,4289.464,grad,22689330688
4,4290.723,grad,22874011136
4,4291.98,grad,22903444992
4,4293.855,grad,22881420800
4,4295.29,grad,22890857984
4,4296.597,grad,22914042368
4,4297.845,grad,22981220864
4,4299.09,grad,23165901312
4,4300.329,grad,23187995136
4,4302.165,grad,23173310976
4,4303.427,grad,23182748160
4,4304.713,grad,23220612608
4,4305.975,grad,23287791104
4,4307.215,grad,23418994176
4,4310.0,grad,23465315840
4,4311.308,grad,23481978368
4,4312.622,grad,23512502784
4,4313.863,grad,23579681280
4,4315.131,grad,23710884352
4,4317.897,grad,23757091328
4,4319.176,grad,23766528512
4,4320.444,grad,23804392960
4,4321.712,grad,23871571456
4,4322.988,grad,24002774528
4,4325.706,grad,24048981504
4,4326.995,grad,24065758720
4,4328.279,grad,24096348672
4,4329.593,grad,24163527168
4,4330.861,grad,24302004736
4,4332.14,grad,24637614592
4,4333.533,grad,25253138432
4,4335.549,grad,25253130240
4,4336.816,grad,24941703680
4,4338.061,grad,24941703680
4,4339.304,grad,24941703680
4,4340.572,grad,24941703680
4,4341.831,grad,24340860416
4,4343.082,grad,24334040576
4,4344.324,grad,24239865344
4,4345.654,grad,24158207488
4,4346.908,grad,24104660480
4,4348.144,grad,24086113792
4,4349.383,grad,24061356544
4,4350.632,grad,24090782208
4,4351.885,grad,24080296448
4,4353.621,grad,24056474112
4,4354.877,grad,24061237760
4,4356.123,grad,24003222016
4,4357.396,grad,23928445440
4,4358.653,grad,23824308736
4,4359.937,grad,23810542080
4,4361.176,grad,23784146432
4,4362.767,grad,23781000704
4,4364.023,grad,23799809536
4,4365.577,grad,23776118272
4,4366.842,grad,23780869632
4,4368.086,grad,23761663488
4,4369.316,grad,23672206848
4,4370.569,grad,23543952896
4,4371.818,grad,23530186240
4,4373.085,grad,23503790592
4,4374.681,grad,23500644864
4,4375.954,grad,23519453696
4,4377.496,grad,23495762432
4,4378.744,grad,23500513792
4,4379.983,grad,23481307648
4,4381.217,grad,23391851008
4,4382.469,grad,23300297216
4,4383.71,grad,23249764864
4,4384.94,grad,23220289024
4,4386.377,grad,23220289024
4,4387.67,grad,23239032320
4,4389.42,grad,23215406592
4,4390.684,grad,23220170240
4,4391.93,grad,23239749120
4,4393.189,grad,23118835200
4,4394.44,grad,22983962112
4,4395.687,grad,22969736704
4,4396.928,grad,22942226944
4,4398.61,grad,22940654080
4,4399.859,grad,22959462912
4,4401.393,grad,22935771648
4,4402.675,grad,22940535296
4,4403.916,grad,22921316864
4,4405.15,grad,22839200256
4,4406.394,grad,22703606272
4,4407.673,grad,22689380864
4,4408.917,grad,22661346816
4,4410.609,grad,22660298240
4,4411.858,grad,22679107072
4,4413.421,grad,22655415808
4,4414.68,grad,22660179456
4,4415.916,grad,22640961024
4,4417.154,grad,22559139328
4,4418.402,grad,22423545344
4,4419.652,grad,22409319936
4,4420.89,grad,22381810176
4,4422.562,grad,22380237312
4,4423.815,grad,22399046144
4,4425.346,grad,22375354880
4,4426.601,grad,22372766208
4,4427.919,grad,22360965632
4,4429.173,grad,22278783488
4,4430.409,grad,22181986816
4,4431.653,grad,22143709696
4,4432.895,grad,22099882496
4,4434.753,grad,22099881472
4,4435.997,grad,22118690304
4,4437.525,grad,22094999040
4,4438.775,grad,22099750400
4,4440.012,grad,22041812480
4,4441.25,grad,21959695872
4,4442.503,grad,21862899200
4,4443.799,grad,21849132544
4,4445.071,grad,21858561536
4,4447.104,grad,21834271232
4,4448.36,grad,21838465536
4,4449.861,grad,21814708736
4,4451.099,grad,21819464192
4,4452.35,grad,21761522176
4,4453.627,grad,21718202880
4,4454.874,grad,21589948928
4,4456.117,grad,21568383488
4,4457.359,grad,21540349440
4,4459.203,grad,21539300864
4,4460.46,grad,21558109696
4,4462.014,grad,21534418432
4,4463.267,grad,21546509824
4,4464.571,grad,21517604352
4,4465.862,grad,21437978112
4,4467.104,grad,21355795968
4,4468.397,grad,21302773248
4,4469.66,grad,21283243520
4,4471.671,grad,21259010560
4,4472.928,grad,21277753856
4,4474.542,grad,21254128128
4,4475.792,grad,21258879488
4,4477.025,grad,21200941568
4,4478.261,grad,21118824960
4,4479.476,grad,21037101568
4,4480.717,grad,21008196096
4,4481.955,grad,20980162048
4,4483.694,grad,20979113472
4,4484.958,grad,20997922304
4,4486.5,grad,20974231040
4,4487.758,grad,20978982400
4,4489.016,grad,20920978944
4,4490.258,grad,20838862336
4,4491.506,grad,20742065664
4,4492.76,grad,20727840256
4,4494.028,grad,20699806208
4,4495.818,grad,20698757632
4,4497.081,grad,20717566464
4,4498.659,grad,20693875200
4,4499.919,grad,20691286528
4,4501.245,grad,20679485952
4,4502.494,grad,20597369344
4,4503.734,grad,20500572672
4,4504.984,grad,20447549952
4,4506.22,grad,20419515904
4,4507.968,grad,20418467328
4,4509.244,grad,20437276160
4,4510.825,grad,20413584896
4,4512.078,grad,20418348544
4,4513.321,grad,20399130112
4,4514.595,grad,20317079040
4,4515.833,grad,20227622400
4,4517.065,grad,20181939712
4,4518.301,grad,20162409984
4,4520.286,grad,20138177024
4,4521.551,grad,20156985856
4,4523.087,grad,20133294592
4,4524.336,grad,20138045952
4,4525.601,grad,20157637120
4,4526.836,grad,20036788736
4,4528.094,grad,19915874816
4,4529.42,grad,19887428096
4,4530.68,grad,19860508160
4,4532.417,grad,19857886720
4,4533.687,grad,19877088768
4,4535.333,grad,19853004288
4,4536.602,grad,19857755648
4,4537.851,grad,19836190208
4,4539.132,grad,19756563968
4,4540.404,grad,19674381824
4,4541.664,grad,19620900352
4,4542.9,grad,19612896768
4,4544.141,grad,19577596416
4,4545.398,grad,19607939584
4,4546.851,grad,19572222464
4,4548.096,grad,19580054016
4,4549.338,grad,19606821376
4,4550.61,grad,19558259200
4,4551.852,grad,19444750848
4,4553.086,grad,19355294208
4,4554.332,grad,19326388736
4,4555.611,grad,19298354688
4,4557.345,grad,19297306112
4,4558.605,grad,19316508160
4,4560.191,grad,19292423680
4,4561.443,grad,19297175040
4,4562.702,grad,19316766208
4,4563.96,grad,19188577792
4,4565.237,grad,19106461184
4,4566.5,grad,19046098432
4,4567.748,grad,19018064384
4,4569.524,grad,19017015808
4,4570.791,grad,19035824640
4,4572.417,grad,19012133376
4,4573.678,grad,19019506176
4,4574.941,grad,19009540608
4,4576.22,grad,18912743936
4,4577.487,grad,18908287488
4,4578.743,grad,18787381760
4,4579.998,grad,18773541376
4,4581.248,grad,18736725504
4,4582.749,grad,18736725504
4,4583.996,grad,18755468800
4,4585.628,grad,18731843072
4,4586.885,grad,18736594432
4,4588.124,grad,18717388288
4,4589.357,grad,18589199872
4,4590.653,grad,18507083264
4,4591.975,grad,18485976576
4,4593.233,grad,18459056640
4,4594.891,grad,18456435200
4,4596.16,grad,18475244032
4,4597.718,grad,18451552768
4,4598.959,grad,18456304128
4,4600.203,grad,18398300672
4,4601.468,grad,18355046912
4,4602.713,grad,18226792960
4,4603.952,grad,18205227520
4,4605.191,grad,18177193472
4,4606.933,grad,18176144896
4,4608.206,grad,18194888192
4,4609.787,grad,18171262464
4,4611.055,grad,18176013824
4,4612.367,grad,18156873216
4,4613.698,grad,18074822144
4,4614.952,grad,18007385600
4,4616.218,grad,17939158528
4,4617.473,grad,17934824960
4,4618.713,grad,17895854592
4,4619.978,grad,17925739008
4,4621.443,grad,17890480640
4,4622.726,grad,17898312192
4,4623.975,grad,17925079552
4,4625.219,grad,17869177344
4,4626.474,grad,17763009024
4,4627.751,grad,17658872320
4,4629.139,grad,17645105664
4,4630.417,grad,17617661440
4,4632.166,grad,17615564288
4,4633.443,grad,17634307584
4,4635.077,grad,17610681856
4,4636.372,grad,17615445504
4,4637.634,grad,17596227072
4,4638.877,grad,17506835968
4,4640.154,grad,17432059392
4,4641.476,grad,17378577920
4,4642.752,grad,17358982656
4,4644.019,grad,17335273984
4,4645.376,grad,17365158400
4,4646.919,grad,17329900032
4,4648.177,grad,17337731584
4,4649.429,grad,17364507136
4,4650.693,grad,17316002304
4,4651.956,grad,17248631296
4,4653.196,grad,17151769088
4,4654.54,grad,17098746368
4,4655.815,grad,17079216640
4,4657.806,grad,17054131712
4,4659.131,grad,17072940544
4,4660.734,grad,17048397312
4,4662.006,grad,17053148672
4,4663.26,grad,16995145216
4,4664.51,grad,16951891456
4,4665.763,grad,16817149440
4,4667.102,grad,16804234752
4,4668.354,grad,16776790528
4,4670.048,grad,16773841408
4,4671.325,grad,16792584704
4,4673.055,grad,16768958976
4,4674.305,grad,16773718528
4,4675.558,grad,16753652224
4,4676.82,grad,16663212544
4,4678.072,grad,16580899328
4,4679.319,grad,16527090176
4,4680.587,grad,16515883520
4,4681.842,grad,16490339840
4,4683.094,grad,16512884224
4,4684.561,grad,16477625856
4,4685.804,grad,16485457408
4,4687.046,grad,16468188672
4,4688.299,grad,16468188672
4,4689.55,grad,16468188672
4,4691.157,grad,16468188160
4,4693.096,grad,16468188160
4,4694.555,grad,16468188160
4,4695.836,grad,16468188160
4,4697.092,grad,16468188160
4,4700.506,grad,16468188160
4,4701.896,grad,16468188160
4,4703.148,grad,16486341632
4,4704.395,grad,16507968512
4,4705.664,grad,16523238400
4,4707.481,grad,16523238400
4,4708.733,grad,16523248640
4,4710.148,grad,16685204480
4,4711.578,grad,16685204480
4,4713.127,grad,16685204480
4,4714.384,grad,16671966720
4,4715.64,grad,16628228096
4,4716.893,grad,16449445888
4,4718.155,grad,16303333376
4,4719.419,grad,16329646080
4,4720.67,grad,16363757568
4,4721.914,grad,16396656640
4,4723.178,grad,16429096960
4,4724.43,grad,16461602816
4,4725.691,grad,16390856704
4,4732.054,grad,16143458304
4,4738.432,grad,16143462400
4,4744.8,grad,16143462400
4,4751.183,grad,16143462400
4,4755.529,grad,16143462400
4,4756.848,grad,16147367936
4,4759.843,grad,16151166976
4,4761.205,grad,16156213248
4,4762.522,grad,16164135936
4,4763.808,grad,16181996544
4,4765.072,grad,16255953920
4,4766.338,grad,16294816768
4,4768.635,grad,16302781440
4,4769.911,grad,16307827712
4,4771.219,grad,16319420416
4,4772.485,grad,16353009664
4,4773.744,grad,16484147200
4,4774.991,grad,16445061120
4,4776.945,grad,16449775616
4,4778.213,grad,16454821888
4,4779.482,grad,16466414592
4,4780.726,grad,16500003840
4,4781.989,grad,16572945408
4,4783.232,grad,16603063296
4,4785.126,grad,16596048896
4,4786.624,grad,16600767488
4,4787.928,grad,16612360192
4,4789.196,grad,16645949440
4,4790.515,grad,16777086976
4,4791.767,grad,16738328576
4,4793.715,grad,16741994496
4,4795.031,grad,16746713088
4,4796.306,grad,16759354368
4,4797.561,grad,16792943616
4,4798.826,grad,16924081152
4,4800.085,grad,16885322752
4,4801.983,grad,16888988672
4,4803.264,grad,16893707264
4,4804.545,grad,16913688576
4,4805.818,grad,16940986368
4,4807.061,grad,17033326592
4,4808.298,grad,17048043520
4,4810.089,grad,17037031424
4,4811.354,grad,17041750016
4,4812.659,grad,17062779904
4,4813.905,grad,17096369152
4,4815.157,grad,17161970688
4,4816.402,grad,17193464832
4,4818.195,grad,17186122752
4,4819.467,grad,17190841344
4,4820.721,grad,17203482624
4,4821.991,grad,17238120448
4,4823.225,grad,17330460672
4,4824.494,grad,17341507584
4,4826.298,grad,17334165504
4,4827.663,grad,17338884096
4,4828.934,grad,17352573952
4,4830.185,grad,17386163200
4,4831.464,grad,17459104768
4,4832.701,grad,17485880320
4,4834.579,grad,17482208256
4,4835.841,grad,17486926848
4,4837.099,grad,17506908160
4,4838.337,grad,17541545984
4,4839.604,grad,17626546176
4,4840.853,grad,17636544512
4,4842.679,grad,17629202432
4,4843.967,grad,17633921024
4,4845.233,grad,17653902336
4,4846.48,grad,17687491584
4,4847.739,grad,17734743040
4,4848.985,grad,17780917248
4,4850.9,grad,17777245184
4,4852.163,grad,17781963776
4,4853.427,grad,17800896512
4,4854.72,grad,17827145728
4,4855.986,grad,17900087296
4,4857.23,grad,17931581440
4,4859.102,grad,17924239360
4,4860.371,grad,17928957952
4,4861.633,grad,17947890688
4,4862.867,grad,17981479936
4,4864.13,grad,18027682816
4,4865.392,grad,18070187008
4,4867.132,grad,18070184960
4,4869.181,grad,18074903552
4,4870.464,grad,18086496256
4,4871.737,grad,18100686848
4,4872.994,grad,18212425728
4,4874.239,grad,18212460544
4,4876.182,grad,18216130560
4,4877.446,grad,18220849152
4,4878.743,grad,18240830464
4,4879.989,grad,18274419712
4,4881.266,grad,18340021248
4,4883.943,grad,18363124736
4,4885.211,grad,18367843328
4,4886.475,grad,18387824640
4,4887.74,grad,18422462464
4,4888.98,grad,18468665344
4,4890.219,grad,18522179584
4,4892.021,grad,18511167488
4,4893.287,grad,18515886080
4,4894.596,grad,18536915968
4,4895.842,grad,18570505216
4,4897.09,grad,18636106752
4,4899.849,grad,18660258816
4,4901.125,grad,18664977408
4,4902.423,grad,18686007296
4,4903.775,grad,18719596544
4,4905.095,grad,18785198080
4,4907.836,grad,18808301568
4,4909.26,grad,18813020160
4,4910.546,grad,18826710016
4,4911.803,grad,18860299264
4,4913.101,grad,18952639488
4,4914.377,grad,18960016384
4,4916.263,grad,18956344320
4,4917.557,grad,18961062912
4,4918.845,grad,18981044224
4,4920.106,grad,19015682048
4,4921.402,grad,19081283584
4,4924.129,grad,19103338496
4,4925.396,grad,19108057088
4,4926.682,grad,19128038400
4,4927.918,grad,19161627648
4,4929.193,grad,19228277760
4,4931.915,grad,19251381248
4,4933.184,grad,19256099840
4,4934.439,grad,19275032576
4,4935.688,grad,19308621824
4,4937.002,grad,19374223360
4,4939.723,grad,19398375424
4,4941.012,grad,19403094016
4,4942.367,grad,19414686720
4,4943.638,grad,19448275968
4,4944.886,grad,19540616192
4,4946.146,grad,19547993088
4,4948.017,grad,19544321024
4,4949.44,grad,19549039616
4,4950.721,grad,19560632320
4,4951.98,grad,19594221568
4,4953.217,grad,19686561792
4,4954.463,grad,19693938688
4,4956.317,grad,19690266624
4,4957.596,grad,19694985216
4,4958.883,grad,19714966528
4,4960.118,grad,19748588544
4,4961.354,grad,19817827328
4,4964.001,grad,19837260800
4,4965.281,grad,19841979392
4,4966.551,grad,19861960704
4,4967.806,grad,19896631296
4,4969.054,grad,19965870080
4,4971.758,grad,19985303552
4,4973.041,grad,19990022144
4,4974.333,grad,20011052032
4,4975.586,grad,20044641280
4,4976.851,grad,20110242816
4,4979.579,grad,20134394880
4,4980.848,grad,20143832064
4,4982.116,grad,20160176128
4,4983.359,grad,20193765376
4,4984.606,grad,20263004160
4,4985.84,grad,20430708736
4,4988.944,grad,20738467328
4,4990.204,grad,20582754304
4,4991.472,grad,20582754304
4,4992.738,grad,20582754304
4,4993.976,grad,20582754304
4,4995.217,grad,20279710720
4,4996.464,grad,20271582208
4,4997.7,grad,20231474176
4,4998.979,grad,20190743552
4,5000.217,grad,20163871744
4,5001.463,grad,20157580288
4,5003.51,grad,20140122112
4,5004.755,grad,20149493760
4,5006.715,grad,20137926656
4,5007.996,grad,20140060672
4,5009.24,grad,20168202240
4,5010.476,grad,20088412160
4,5011.729,grad,20039358464
4,5013.05,grad,20021268480
4,5014.332,grad,19998305280
4,5016.212,grad,19997256704
4,5017.54,grad,20007676928
4,5019.207,grad,19995061248
4,5020.463,grad,19997197312
4,5021.724,grad,19988374528
4,5023.069,grad,19944530944
4,5024.394,grad,19888727040
4,5025.67,grad,19873127424
4,5026.909,grad,19858946048
4,5028.561,grad,19857537024
4,5029.812,grad,19866941440
4,5031.383,grad,19855341568
4,5032.705,grad,19857477632
4,5033.978,grad,19848753152
4,5035.263,grad,19804909568
4,5036.571,grad,19764834304
4,5037.872,grad,19734652928
4,5039.166,grad,19720111104
4,5040.925,grad,19726402560
4,5042.277,grad,19728499712
4,5044.025,grad,19716867072
4,5045.331,grad,19718996992
4,5046.608,grad,19729579008
4,5047.851,grad,19666336768
4,5049.092,grad,19606764544
4,5050.328,grad,19595981824
4,5051.587,grad,19582324736
4,5053.276,grad,19581440000
4,5054.542,grad,19590811648
4,5056.181,grad,19579244544
4,5057.429,grad,19581374464
4,5058.682,grad,19592054784
4,5059.913,grad,19528812544
4,5061.148,grad,19469240320
4,5062.521,grad,19458686976
4,5063.775,grad,19444538368
4,5065.272,grad,19443915776
4,5066.472,grad,19453287424
4,5068.048,grad,19441720320
4,5069.284,grad,19443850240
4,5070.471,grad,19453481984
4,5071.706,grad,19393025024
4,5072.947,grad,19328898048
4,5074.269,grad,19318344704
4,5075.509,grad,19304196096
4,5076.982,grad,19303573504
4,5078.228,grad,19312977920
4,5079.791,grad,19301378048
4,5081.034,grad,19310848000
4,5082.275,grad,19332734976
4,5083.514,grad,19251798016
4,5084.781,grad,19203399680
4,5086.094,grad,19184261120
4,5087.412,grad,19161920512
4,5089.171,grad,19161297920
4,5090.424,grad,19170898944
4,5092.083,grad,19159102464
4,5093.394,grad,19161240576
4,5094.653,grad,19151629312
4,5095.909,grad,19106900992
4,5097.24,grad,19065842688
4,5098.516,grad,19034711040
4,5099.762,grad,19033392128
4,5101.017,grad,19020169216
4,5102.269,grad,19034292224
4,5103.658,grad,19016433664
4,5104.908,grad,19020595200
4,5106.169,grad,19033733120
4,5107.405,grad,19005683712
4,5108.648,grad,18946275328
4,5109.881,grad,18908035072
4,5111.112,grad,18893910016
4,5112.367,grad,18879663104
4,5113.934,grad,18878090240
4,5115.175,grad,18888543232
4,5116.738,grad,18875894784
4,5117.981,grad,18882743296
4,5119.299,grad,18868356096
4,5120.597,grad,18828313600
4,5121.845,grad,18778866688
4,5123.085,grad,18752355328
4,5124.321,grad,18736240640
4,5126.074,grad,18735716352
4,5127.317,grad,18745120768
4,5128.893,grad,18733520896
4,5130.134,grad,18735654912
4,5131.368,grad,18705600512
4,5132.627,grad,18664640512
4,5133.883,grad,18619813888
4,5135.136,grad,18608080896
4,5136.433,grad,18594325504
4,5138.19,grad,18592490496
4,5139.475,grad,18602910720
4,5141.167,grad,18590295040
4,5142.441,grad,18592424960
4,5143.707,grad,18563324928
4,5144.958,grad,18541665280
4,5146.201,grad,18477636608
4,5147.472,grad,18465805312
4,5148.742,grad,18451525632
4,5150.444,grad,18450214912
4,5151.755,grad,18459586560
4,5153.471,grad,18448019456
4,5154.76,grad,18446479360
4,5156.027,grad,18439268352
4,5157.303,grad,18399455232
4,5158.57,grad,18365736960
4,5159.812,grad,18331623424
4,5161.047,grad,18326380544
4,5162.986,grad,18308922368
4,5164.238,grad,18318326784
4,5165.848,grad,18306726912
4,5167.107,grad,18308862976
4,5168.352,grad,18299253760
4,5169.611,grad,18254558208
4,5170.897,grad,18194101248
4,5172.249,grad,18183318528
4,5173.552,grad,18169563136
4,5175.303,grad,18168776704
4,5176.578,grad,18178148352
4,5178.195,grad,18166581248
4,5179.464,grad,18168719360
4,5180.707,grad,18159108096
4,5181.943,grad,18114379776
4,5183.173,grad,18054053888
4,5184.415,grad,18043271168
4,5185.693,grad,18029515776
4,5187.388,grad,18028729344
4,5188.664,grad,18038100992
4,5190.251,grad,18026533888
4,5191.514,grad,18032333824
4,5192.806,grad,18018044928
4,5194.051,grad,17978002432
4,5195.302,grad,17928555520
4,5196.564,grad,17909384192
4,5197.8,grad,17887502336
4,5199.625,grad,17887502336
4,5200.945,grad,17896939520
4,5202.38,grad,17885306880
4,5203.634,grad,17887440896
4,5204.88,grad,17877833728
4,5206.141,grad,17832089600
4,5207.387,grad,17771632640
4,5208.632,grad,17760849920
4,5209.867,grad,17746570240
4,5211.516,grad,17745259520
4,5212.778,grad,17754663936
4,5214.343,grad,17743064064
4,5215.632,grad,17745202176
4,5216.876,grad,17754989568
4,5218.114,grad,17695613952
4,5219.35,grad,17625719808
4,5220.599,grad,17618607104
4,5221.826,grad,17604327424
4,5223.5,grad,17604065280
4,5224.842,grad,17613436928
4,5226.712,grad,17601869824
4,5228.024,grad,17603999744
4,5229.292,grad,17593217024
4,5230.65,grad,17554452480
4,5231.924,grad,17513558016
4,5233.256,grad,17484949504
4,5234.559,grad,17465690112
4,5236.576,grad,17462019072
4,5237.853,grad,17472472064
4,5239.486,grad,17459823616
4,5240.741,grad,17461957632
4,5242.005,grad,17452350464
4,5243.264,grad,17408670720
4,5244.564,grad,17367645184
4,5245.823,grad,17336415232
4,5247.093,grad,17321086976
4,5248.798,grad,17319776256
4,5250.138,grad,17329213440
4,5251.686,grad,17317580800
4,5253.102,grad,17319710720
4,5254.385,grad,17291757568
4,5255.665,grad,17270097920
4,5256.922,grad,17200203776
4,5258.269,grad,17193320448
4,5259.584,grad,17178024960
4,5261.158,grad,17176452096
4,5262.434,grad,17185856512
4,5264.093,grad,17174256640
4,5265.367,grad,17180056576
4,5266.739,grad,17166816256
4,5268.003,grad,17135195136
4,5269.272,grad,17086764032
4,5270.554,grad,17056877568
4,5271.818,grad,17052060672
4,5273.093,grad,17038895104
4,5274.356,grad,17049151488
4,5275.774,grad,17031489536
4,5277.039,grad,17035651072
4,5278.296,grad,17041448960
4,5279.571,grad,17005142016
4,5280.821,grad,16984530944
4,5282.1,grad,16919355392
4,5283.392,grad,16908572672
4,5284.678,grad,16893768704
4,5286.418,grad,16892982272
4,5287.733,grad,16902353920
4,5289.402,grad,16890786816
4,5290.659,grad,16892924928
4,5291.909,grad,16883346432
4,5293.151,grad,16845958144
4,5294.407,grad,16794938368
4,5295.688,grad,16774718464
4,5296.954,grad,16752836608
4,5298.773,grad,16752836608
4,5300.033,grad,16762241024
4,5301.59,grad,16750313472
4,5302.839,grad,16752443392
4,5304.14,grad,16743200768
4,5305.393,grad,16701782016
4,5306.669,grad,16665442304
4,5307.983,grad,16634212352
4,5309.236,grad,16612330496
4,5311.08,grad,16612330496
4,5312.348,grad,16621734912
4,5313.978,grad,16609086464
4,5315.251,grad,16611216384
4,5316.511,grad,16583263232
4,5317.761,grad,16542532608
4,5319.009,grad,16492790784
4,5320.291,grad,16486235136
4,5321.545,grad,16473036800
4,5323.14,grad,16471463936
4,5324.398,grad,16480868352
4,5326.045,grad,16468318208
4,5327.317,grad,16470448128
4,5328.594,grad,16442200064
4,5329.841,grad,16399372288
4,5331.087,grad,16354512896
4,5332.41,grad,16340289536
4,5333.665,grad,16327418880
4,5335.306,grad,16325256192
4,5336.613,grad,16334627840
4,5338.245,grad,16323060736
4,5339.547,grad,16326616064
4,5340.805,grad,16317850624
4,5342.049,grad,16317850624
4,5343.3,grad,16317850624
4,5345.851,grad,16317850112
4,5347.117,grad,16317850112
4,5348.411,grad,16317850112
4,5349.692,grad,16317850112
4,5353.021,grad,16317850112
4,5354.372,grad,16317850112
4,5355.637,grad,16327942656
4,5356.887,grad,16339739136
4,5359.439,grad,16345375232
4,5360.791,grad,16345540096
4,5362.071,grad,16507101696
4,5364.271,grad,16507101696
4,5365.733,grad,16507101696
4,5367.264,grad,16479332352
4,5368.552,grad,16379225600
4,5369.809,grad,16306152960
4,5371.056,grad,16339314176
4,5372.304,grad,16373458432
4,5373.594,grad,16408552960
4,5374.844,grad,16443123200
4,5376.09,grad,16445777408
4,5377.345,grad,16318965248
4,5378.679,grad,16141855744
4,5379.928,grad,16162160128
4,5381.197,grad,16194076160
4,5382.439,grad,16222944768
4,5383.712,grad,16251780608
4,5384.968,grad,16280616448
4,5386.213,grad,16293395968
4,5387.477,grad,16146103808
4,5388.738,grad,16123821056
4,5390.009,grad,16014048256
4,5391.363,noise,15979082752
4,5392.642,noise,15979082752
4,5393.89,noise,15979082752
4,5395.15,noise,15980524544
4,5396.398,noise,15980753920
4,5397.654,noise,15980753920
4,5398.926,noise,15982490624
4,5400.169,noise,15982490624
4,5401.398,noise,15983703040
4,5402.644,noise,15984194560
4,5403.911,noise,15984882688
4,5405.157,noise,15985144832
4,5406.393,noise,15985144832
4,5407.659,noise,15986586624
4,5408.906,noise,15986816000
4,5410.148,noise,15986816000
4,5411.384,noise,15988257792
4,5412.627,noise,15988257792
4,5413.872,noise,15989470208
4,5415.129,noise,15989961728
4,5416.387,noise,15990420480
4,5417.665,noise,15990912000
4,5418.917,noise,15990912000
4,5420.172,noise,15992124416
4,5421.41,noise,15992583168
4,5422.683,noise,15992583168
4,5423.956,noise,15994483712
4,5425.216,noise,15994024960
4,5426.53,noise,15995237376
4,5427.846,noise,15995728896
4,5429.12,noise,15996187648
4,5430.378,noise,15996679168
4,5431.636,noise,15996679168
4,5432.88,noise,15997891584
4,5434.14,noise,15998350336
4,5435.384,noise,15998350336
4,5436.649,noise,15999792128
4,5437.898,noise,15999792128
4,5439.144,noise,16002216960
4,5440.394,noise,16001266688
4,5441.644,noise,16001725440
4,5442.887,noise,16002184192
4,5444.142,noise,16002446336
4,5445.398,noise,16003658752
4,5446.649,noise,16003888128
4,5447.898,noise,16004117504
4,5449.154,noise,16005329920
4,5450.401,noise,16005559296
4,5451.649,noise,16005559296
4,5452.897,noise,16007230464
4,5454.184,noise,16007263232
4,5455.475,noise,16007721984
4,5456.742,noise,16008213504
4,5457.998,noise,16008213504
4,5459.267,noise,16009655296
4,5460.55,noise,16009884672
4,5461.788,noise,16009884672
4,5463.027,noise,16011326464
4,5464.295,noise,16011326464
4,5465.576,noise,16012538880
4,5466.811,noise,16013030400
4,5468.056,noise,16013489152
4,5469.292,noise,16013980672
4,5470.56,noise,16013980672
4,5471.792,noise,16015193088
4,5473.03,noise,16015651840
4,5474.261,noise,16015651840
4,5475.539,noise,16017552384
4,5476.78,noise,16017093632
4,5478.02,noise,16018306048
4,5479.272,noise,16018797568
4,5480.522,noise,16019256320
4,5481.753,noise,16019747840
4,5482.984,noise,16019747840
4,5484.217,noise,16021058560
4,5485.472,noise,16021517312
4,5486.711,noise,16021517312
4,5487.951,noise,16022959104
4,5489.188,noise,16022959104
4,5490.428,noise,16026596352
4,5491.673,noise,16024433664
4,5492.904,noise,16024892416
4,5494.14,noise,16025351168
4,5495.389,noise,16025613312
4,5496.659,noise,16026825728
4,5497.895,noise,16027055104
4,5499.129,noise,16027284480
4,5500.372,noise,16028496896
4,5501.622,noise,16028726272
4,5502.85,noise,16028726272
4,5504.102,noise,16030528512
4,5505.347,noise,16031020032
4,5506.614,noise,16031478784
4,5507.855,noise,16031740928
4,5509.093,noise,16031740928
4,5510.337,noise,16033182720
4,5511.587,noise,16033412096
4,5512.815,noise,16033412096
4,5514.049,noise,16034853888
4,5515.288,noise,16034853888
4,5516.543,noise,16036066304
4,5517.785,noise,16036557824
4,5519.02,noise,16037016576
4,5520.277,noise,16037508096
4,5521.517,noise,16037508096
4,5522.742,noise,16038720512
4,5523.972,noise,16039179264
4,5525.204,noise,16039179264
4,5526.468,noise,16041210880
4,5527.717,noise,16040981504
4,5528.954,noise,16043406336
4,5530.19,noise,16042456064
4,5531.463,noise,16043144192
4,5532.722,noise,16043602944
4,5533.961,noise,16043635712
4,5535.196,noise,16044848128
4,5536.443,noise,16045306880
4,5537.717,noise,16045306880
4,5538.956,noise,16047731712
4,5540.191,noise,16046748672
4,5541.429,noise,16046748672
4,5542.676,noise,16048190464
4,5543.922,noise,16048681984
4,5545.169,noise,16049140736
4,5546.416,noise,16049402880
4,5547.683,noise,16049402880
4,5548.915,noise,16051205120
4,5550.15,noise,16051434496
4,5551.387,noise,16051434496
4,5552.632,noise,16052876288
4,5553.86,noise,16052876288
4,5555.094,noise,16054088704
4,5556.342,noise,16054580224
4,5557.59,noise,16055038976
4,5558.828,noise,16055530496
4,5560.065,noise,16055530496
4,5561.3,noise,16057955328
4,5562.548,noise,16057201664
4,5563.777,noise,16057201664
4,5565.021,noise,16058414080
4,5566.263,noise,16058643456
4,5567.499,noise,16058643456
4,5568.729,noise,16060085248
4,5569.967,noise,16060576768
4,5571.209,noise,16061035520
4,5572.447,noise,16061297664
4,5573.684,noise,16061297664
4,5574.909,noise,16062739456
4,5576.187,noise,16062968832
4,5577.431,noise,16062968832
4,5578.699,noise,16064410624
4,5579.947,noise,16064410624
4,5581.215,noise,16065623040
4,5582.467,noise,16066114560
4,5583.705,noise,16066802688
4,5584.947,noise,16067064832
4,5586.211,noise,16067064832
4,5587.539,noise,16068506624
4,5588.817,noise,16068736000
4,5590.067,noise,16069948416
4,5591.36,noise,16070177792
4,5592.638,noise,16070177792
4,5593.893,noise,16072078336
4,5595.162,noise,16071881728
4,5596.42,noise,16072340480
4,5597.683,noise,16072832000
4,5598.931,noise,16072832000
4,5600.163,noise,16074044416
4,5601.403,noise,16074503168
4,5602.658,noise,16074503168
4,5603.885,noise,16075944960
4,5605.116,noise,16075944960
4,5606.377,noise,16077157376
4,5607.66,noise,16077419520
4,5608.909,noise,16077878272
4,5610.155,noise,16078337024
4,5611.394,noise,16078599168
4,5612.671,noise,16079811584
4,5613.903,noise,16080040960
4,5615.14,noise,16080270336
4,5616.371,noise,16081482752
4,5617.645,noise,16081712128
4,5618.884,noise,16081712128
4,5620.158,noise,16083153920
4,5621.499,noise,16083645440
4,5622.822,noise,16084104192
4,5624.078,noise,16084366336
4,5625.315,noise,16084366336
4,5626.56,noise,16085808128
4,5627.815,noise,16086037504
4,5629.063,noise,16086037504
4,5630.311,noise,16087479296
4,5631.643,noise,16087479296
4,5632.962,noise,16088691712
4,5634.213,noise,16089183232
4,5635.468,noise,16089641984
4,5636.739,noise,16090133504
4,5638.082,noise,16090133504
4,5639.348,noise,16091935744
4,5640.598,noise,16092165120
4,5641.842,noise,16092165120
4,5643.126,noise,16093606912
4,5644.387,noise,16093606912
4,5645.657,noise,16094819328
4,5646.893,noise,16095310848
4,5648.14,noise,16095769600
4,5649.384,noise,16096261120
4,5650.627,noise,16096261120
4,5651.864,noise,16097473536
4,5653.114,noise,16097932288
4,5654.375,noise,16097932288
4,5655.666,noise,16099832832
4,5656.92,noise,16099374080
4,5658.199,noise,16100586496
4,5659.472,noise,16101078016
4,5660.732,noise,16101536768
4,5662.021,noise,16102028288
4,5663.331,noise,16102028288
4,5664.618,noise,16103470080
4,5665.877,noise,16103699456
4,5667.137,noise,16103699456
4,5668.391,noise,16105141248
4,5669.67,noise,16105141248
4,5670.927,noise,16106353664
4,5672.204,noise,16106845184
4,5673.476,noise,16107303936
4,5674.731,noise,16107795456
4,5675.968,noise,16107795456
4,5677.204,noise,16109007872
4,5678.467,noise,16109466624
4,5679.716,noise,16109466624
4,5680.951,noise,16111137792
4,5682.188,noise,16110908416
4,5683.428,noise,16114545664
4,5684.684,noise,16112382976
4,5685.919,noise,16112841728
4,5687.161,noise,16113300480
4,5688.42,noise,16113562624
4,5689.701,noise,16114775040
4,5690.977,noise,16115233792
4,5692.246,noise,16115233792
4,5693.52,noise,16117658624
4,5694.762,noise,16116675584
4,5696.008,noise,16116675584
4,5697.25,noise,16118117376
4,5698.502,noise,16118608896
4,5699.744,noise,16119067648
4,5700.985,noise,16119329792
4,5702.215,noise,16119329792
4,5703.462,noise,16120771584
4,5704.71,noise,16121000960
4,5705.951,noise,16121000960
4,5707.186,noise,16122803200
4,5708.447,noise,16122803200
4,5709.71,noise,16124015616
4,5710.956,noise,16124507136
4,5712.187,noise,16124965888
4,5713.466,noise,16125457408
4,5714.706,noise,16125457408
4,5715.982,noise,16126669824
4,5717.283,noise,16127128576
4,5718.58,noise,16127128576
4,5719.828,noise,16128799744
4,5721.069,noise,16128570368
4,5722.298,noise,16130995200
4,5723.554,noise,16130044928
4,5724.798,noise,16130503680
4,5726.038,noise,16130962432
4,5727.284,noise,16131224576
4,5728.483,noise,16132436992
4,5729.722,noise,16132666368
4,5730.959,noise,16132895744
4,5732.187,noise,16134108160
4,5733.427,noise,16134337536
4,5734.696,noise,16134337536
4,5735.959,noise,16135779328
4,5737.197,noise,16136270848
4,5738.47,noise,16136958976
4,5739.718,noise,16136991744
4,5740.948,noise,16136991744
4,5742.178,noise,16138433536
4,5743.422,noise,16138662912
4,5744.699,noise,16138662912
4,5745.956,noise,16140104704
4,5747.207,noise,16140104704
4,5748.474,noise,16141317120
4,5749.725,noise,16141808640
4,5750.956,noise,16142496768
4,5752.49,noise,16138433536
4,5753.739,noise,16027284480
4,5755.066,optimizer,15979049984
4,5756.329,optimizer,15981795328
4,5757.576,optimizer,15982346752
4,5758.829,optimizer,15984862208
4,5760.077,optimizer,15984192000
4,5761.306,optimizer,15984891904
4,5762.644,optimizer,15985418240
4,5763.964,optimizer,15987932160
4,5765.222,optimizer,15989464576
4,5766.467,optimizer,15993421312
4,5767.715,optimizer,15990341120
4,5768.967,optimizer,15991255552
4,5770.286,optimizer,15991550464
4,5771.537,optimizer,15994310144
4,5772.767,optimizer,15998023680
4,5774.005,optimizer,15997375488
4,5775.273,optimizer,15996672000
4,5776.523,optimizer,15997418496
4,5777.759,optimizer,15997685760
4,5779.013,optimizer,15999676416
4,5780.273,optimizer,16002006016
4,5781.508,optimizer,16003740160
4,5782.763,optimizer,16003079168
4,5784.0,optimizer,16003784192
4,5785.244,optimizer,16004835840
4,5786.486,optimizer,16005597696
4,5787.714,optimizer,16007358464
4,5788.956,optimizer,16008698368
4,5790.216,optimizer,16009185792
4,5791.483,optimizer,16009947136
4,5792.718,optimizer,16012226048
4,5793.954,optimizer,16013094912
4,5795.204,optimizer,16014629376
4,5796.449,optimizer,16014897664
4,5797.692,optimizer,16015566336
4,5798.932,optimizer,16016315392
4,5800.18,optimizer,16018605568
4,5801.425,optimizer,16021349888
4,5802.67,optimizer,16021914624
4,5803.903,optimizer,16021211648
4,5805.166,optimizer,16021971968
4,5806.403,optimizer,16022027776
4,5807.653,optimizer,16023986688
4,5808.894,optimizer,16026747392
4,5810.134,optimizer,16027103232
4,5811.376,optimizer,16027834880
4,5812.616,optimizer,16028308480
4,5813.881,optimizer,16029451776
4,5815.252,optimizer,16030365184
4,5816.549,optimizer,16033032192
4,5817.788,optimizer,16033238528
4,5819.043,optimizer,16034183680
4,5820.3,optimizer,16034459136
4,5821.559,optimizer,16039190016
4,5822.818,optimizer,16037559808
4,5824.048,optimizer,16040304640
4,5825.322,optimizer,16039405568
4,5826.605,optimizer,16040334848
4,5827.861,optimizer,16040629248
4,5829.122,optimizer,16043144704
4,5830.439,optimizer,16045889024
4,5831.738,optimizer,16046439936
4,5833.014,optimizer,16045555712
4,5834.27,optimizer,16046468096
4,5835.572,optimizer,16046763008
4,5836.833,optimizer,16048295936
4,5838.065,optimizer,16052253184
4,5839.297,optimizer,16052602880
4,5840.588,optimizer,16051885568
4,5841.859,optimizer,16052631552
4,5843.099,optimizer,16052899328
4,5844.348,optimizer,16054659584
4,5845.634,optimizer,16057321472
4,5846.898,optimizer,16058855424
4,5848.15,optimizer,16058609664
4,5849.391,optimizer,16058885120
4,5850.644,optimizer,16058999296
4,5851.895,optimizer,16060940288
4,5853.142,optimizer,16063458304
4,5854.393,optimizer,16064465408
4,5855.645,optimizer,16064530432
4,5856.93,optimizer,16065018880
4,5858.276,optimizer,16066315264
4,5859.605,optimizer,16067076608
4,5860.931,optimizer,16068608512
4,5862.248,optimizer,16070175744
4,5863.511,optimizer,16070665728
4,5864.798,optimizer,16071154176
4,5866.07,optimizer,16071269376
4,5867.312,optimizer,16073196544
4,5868.568,optimizer,16076775936
4,5869.83,optimizer,16077783552
4,5871.11,optimizer,16077848576
4,5872.419,optimizer,16078795264
4,5873.953,optimizer,16079859712
4,5875.229,optimizer,16080393216
4,5876.524,optimizer,16083290112
4,5877.821,optimizer,16083495424
4,5879.109,optimizer,16083983872
4,5880.35,optimizer,16084729856
4,5881.624,optimizer,16087023104
4,5882.876,optimizer,16087816192
4,5884.119,optimizer,16089350656
4,5885.353,optimizer,16089498624
4,5886.624,optimizer,16090362368
4,5887.883,optimizer,16091309056
4,5889.132,optimizer,16093402624
4,5890.48,optimizer,16095240704
4,5891.749,optimizer,16099940864
4,5893.003,optimizer,16096860672
4,5894.244,optimizer,16098004480
4,5895.526,optimizer,16098070016
4,5896.826,optimizer,16099602432
4,5898.068,optimizer,16103559680
4,5899.3,optimizer,16103896064
4,5900.553,optimizer,16103421440
4,5901.801,optimizer,16103925760
4,5903.054,optimizer,16106464768
4,5904.306,optimizer,16105981952
4,5905.58,optimizer,16107743232
4,5906.85,optimizer,16109082624
4,5908.088,optimizer,16109799936
4,5909.32,optimizer,16110317568
4,5910.565,optimizer,16113822720
4,5911.824,optimizer,16113442816
4,5913.075,optimizer,16115920896
4,5914.331,optimizer,16115250688
4,5915.59,optimizer,16116178944
4,5916.847,optimizer,16116476928
4,5918.122,optimizer,16118990848
4,5919.357,optimizer,16122947584
4,5920.613,optimizer,16122313728
4,5921.866,optimizer,16121596928
4,5923.114,optimizer,16122329600
4,5924.355,optimizer,16122444800
4,5925.605,optimizer,16124399616
4,5926.84,optimizer,16126902272
4,5928.078,optimizer,16127910400
4,5929.308,optimizer,16127975936
4,5930.552,optimizer,16128693248
4,5931.786,optimizer,16129836032
4,5933.031,optimizer,16130979328
4,5934.274,optimizer,16133342720
4,5935.516,optimizer,16133425664
4,5936.752,optimizer,16134353920
4,5938.001,optimizer,16135071744
4,5939.233,optimizer,16137394176
4,5940.472,optimizer,16139232768
4,5941.706,optimizer,16141901312
4,5942.953,optimizer,16139805184
4,5944.209,optimizer,16140718080
4,5945.475,optimizer,16141012992
4,5946.717,optimizer,16142677504
4,5947.962,optimizer,16145423360
4,5949.196,optimizer,16146971648
4,5950.426,optimizer,16146495488
4,5951.681,optimizer,16147000832
4,5952.928,optimizer,16149539328
4,5954.173,optimizer,16149056512
4,5955.444,optimizer,16150818304
4,5956.689,optimizer,16152157184
4,5957.958,optimizer,16152646144
4,5959.192,optimizer,16153392128
4,5960.425,optimizer,16153709056
4,5961.675,optimizer,16155675136
4,5962.94,optimizer,16153381376
4,5964.19,optimizer,16154167808
4,5965.433,optimizer,16153250816
4,5966.683,optimizer,16153709568
4,5967.924,optimizer,16154167808
4,5969.16,optimizer,16153316352
4,5970.39,optimizer,16153709568
4,5971.629,optimizer,16158099968
4,5972.895,optimizer,16153709056
4,5974.139,optimizer,16158099968
4,5975.401,optimizer,16153250816
4,5976.649,optimizer,16153250816
4,5977.908,optimizer,16153250816
4,5979.151,optimizer,16153250816
4,5980.389,optimizer,16153709568
4,5981.643,optimizer,16153709056
4,5982.894,optimizer,16153709056
4,5984.149,optimizer,16153709056
4,5985.42,optimizer,16153250304
4,5986.668,optimizer,16155675648
4,5987.903,optimizer,16154167808
4,5989.161,optimizer,16158099968
4,5990.405,optimizer,16153709056
4,5991.645,optimizer,16153250304
4,5992.878,optimizer,16153381376
4,5994.123,optimizer,16153709568
4,5995.362,optimizer,16153250816
4,5996.612,optimizer,16153316352
4,5997.847,optimizer,16153250304
4,5999.085,optimizer,16153251840
4,6000.318,optimizer,16169472000
4,6001.56,optimizer,16182218240
4,6002.962,optimizer,16198307840
4,6004.221,optimizer,16211054592
4,6005.488,optimizer,16228225024
4,6006.719,optimizer,16242380800
4,6007.957,optimizer,16257519104
4,6009.202,optimizer,16273018368
4,6010.437,optimizer,16287174656
4,6011.693,optimizer,16304345088
4,6012.943,optimizer,16317319680
4,6014.255,optimizer,16182085120
4,6015.48,optimizer,16158229504
4,6016.742,optimizer,16187982848
4,6017.983,optimizer,16219964416
4,6019.233,optimizer,16250962944
4,6020.487,optimizer,16282682368
4,6021.725,optimizer,16315909120
4,6022.968,optimizer,16175039488
4,6024.269,optimizer,16169763840
4,6025.603,optimizer,16199418880
4,6026.874,optimizer,16229729280
4,6028.139,optimizer,16261448704
4,6029.418,optimizer,16291824640
4,6030.707,optimizer,16297919488
4,6031.958,optimizer,16143844352
4,6033.218,optimizer,16028304384
4,6034.502,optimizer,15986541056
4,6035.758,optimizer,15982941184
4,6037.001,optimizer,15979265536
4,6038.285,optimizer,15978624000
4,6039.554,optimizer,15978624000
4,6040.82,optimizer,15978624000
4,6042.125,optimizer,15978624000
