step,t_ms,phase,alloc_bytes
3,6.354,grad,15979378176
3,12.786,grad,15979386368
3,19.182,grad,15979386368
3,25.524,grad,15979386368
3,30.334,grad,15979386368
3,31.661,grad,15986863616
3,34.699,grad,15994332672
3,36.04,grad,16003769856
3,37.298,grad,16019614208
3,38.669,grad,16055335424
3,39.913,grad,16280910336
3,41.18,grad,16303847936
3,43.302,grad,16296512000
3,44.601,grad,16306801152
3,45.852,grad,16322645504
3,47.177,grad,16358366720
3,48.41,grad,16581844480
3,49.643,grad,16580206080
3,51.826,grad,16588402176
3,53.098,grad,16598691328
3,54.343,grad,16621875712
3,55.572,grad,16650256896
3,56.805,grad,16873734656
3,58.05,grad,16887628288
3,60.16,grad,16880292352
3,61.424,grad,16890581504
3,62.669,grad,16906425856
3,63.962,grad,16942147072
3,65.213,grad,17165624832
3,66.443,grad,17179518464
3,68.856,grad,17173034496
3,70.125,grad,17182471680
3,71.372,grad,17198316032
3,72.668,grad,17234037248
3,73.898,grad,17457515008
3,75.155,grad,17472264704
3,77.231,grad,17464924672
3,78.476,grad,17474361856
3,79.764,grad,17497546240
3,80.995,grad,17564724736
3,82.229,grad,17749405184
3,83.458,grad,17749474816
3,85.447,grad,17756814848
3,86.697,grad,17766252032
3,87.937,grad,17789436416
3,89.185,grad,17856614912
3,90.414,grad,18118889984
3,91.643,grad,18041364992
3,93.635,grad,18048705024
3,94.912,grad,18058142208
3,96.175,grad,18081326592
3,97.406,grad,18109707776
3,98.63,grad,18333185536
3,99.859,grad,18347935232
3,101.896,grad,18340595200
3,103.171,grad,18350032384
3,104.461,grad,18373216768
3,105.691,grad,18440395264
3,106.92,grad,18625075712
3,108.161,grad,18625149440
3,110.122,grad,18632485376
3,111.525,grad,18641922560
3,112.803,grad,18665106944
3,114.091,grad,18732285440
3,115.329,grad,18916965888
3,116.565,grad,18931715584
3,118.589,grad,18924375552
3,119.856,grad,18933812736
3,121.155,grad,18956997120
3,122.392,grad,19024175616
3,123.625,grad,19208856064
3,124.854,grad,19208929792
3,126.816,grad,19216265728
3,128.094,grad,19225702912
3,129.339,grad,19248887296
3,130.569,grad,19277268480
3,131.802,grad,19500746240
3,133.029,grad,19515495936
3,135.091,grad,19508155904
3,136.345,grad,19517593088
3,137.587,grad,19540777472
3,138.812,grad,19607955968
3,140.05,grad,19792636416
3,141.286,grad,19807382016
3,143.377,grad,19800046080
3,144.626,grad,19809483264
3,145.869,grad,19825327616
3,147.17,grad,19861048832
3,148.397,grad,20084526592
3,149.621,grad,20099272192
3,151.727,grad,20091936256
3,152.983,grad,20101373440
3,154.231,grad,20124557824
3,155.461,grad,20152939008
3,156.712,grad,20376416768
3,157.944,grad,20391162368
3,160.295,grad,20383826432
3,161.555,grad,20393263616
3,162.825,grad,20416448000
3,164.068,grad,20444829184
3,165.306,grad,20668306944
3,166.533,grad,20683052544
3,168.631,grad,20675716608
3,169.892,grad,20685153792
3,171.145,grad,20708338176
3,172.376,grad,20736719360
3,173.608,grad,20960197120
3,174.834,grad,20974942720
3,176.911,grad,20967606784
3,178.192,grad,20977043968
3,179.456,grad,21000228352
3,180.689,grad,21028609536
3,181.94,grad,21252087296
3,183.183,grad,21266832896
3,185.281,grad,21259496960
3,186.529,grad,21268934144
3,187.769,grad,21284778496
3,189.05,grad,21320499712
3,190.309,grad,21466382848
3,191.538,grad,21544043008
3,193.668,grad,21551387136
3,194.915,grad,21560824320
3,196.174,grad,21584008704
3,197.407,grad,21612389888
3,198.632,grad,21835867648
3,199.861,grad,21850613248
3,202.009,grad,21843277312
3,203.445,grad,21852714496
3,204.699,grad,21868558848
3,206.027,grad,21904280064
3,207.268,grad,22050163200
3,208.497,grad,22113143296
3,210.671,grad,22135167488
3,211.925,grad,22144604672
3,213.191,grad,22167789056
3,214.45,grad,22196170240
3,215.681,grad,22420696576
3,216.932,grad,22435442176
3,219.104,grad,22428106240
3,220.361,grad,22437543424
3,221.608,grad,22453387776
3,222.938,grad,22489108992
3,224.191,grad,22636040704
3,225.422,grad,22713700864
3,227.651,grad,22721044992
3,228.902,grad,22730482176
3,230.161,grad,22746326528
3,231.394,grad,22804071936
3,232.623,grad,22927865344
3,233.85,grad,23059068416
3,236.324,grad,23012935168
3,237.599,grad,23022372352
3,238.842,grad,23038216704
3,240.092,grad,23095962112
3,241.351,grad,23219755520
3,242.581,grad,23350958592
3,245.025,grad,23304825344
3,246.29,grad,23314262528
3,247.536,grad,23330106880
3,248.835,grad,23365828096
3,250.087,grad,23511711232
3,251.32,grad,23589371392
3,253.873,grad,23596715520
3,255.186,grad,23606152704
3,256.459,grad,23621997056
3,257.781,grad,23657718272
3,259.012,grad,23803601408
3,260.252,grad,23866581504
3,262.502,grad,23888605696
3,263.776,grad,23898042880
3,265.02,grad,23913887232
3,266.357,grad,23949608448
3,267.588,grad,24095491584
3,268.815,grad,24187831808
3,270.063,grad,25722957312
3,272.963,grad,25092754432
3,274.357,grad,24781327872
3,275.754,grad,24781327872
3,277.132,grad,24781327872
3,278.497,grad,24781327872
3,279.779,grad,24187824640
3,280.996,grad,24158919168
3,282.335,grad,24079948288
3,283.572,grad,23997766144
3,284.887,grad,23944743424
3,286.155,grad,23925344768
3,287.401,grad,23902029312
3,288.765,grad,23900980736
3,290.026,grad,23920182784
3,291.765,grad,23896098304
3,293.016,grad,23900857856
3,294.262,grad,23959238144
3,295.509,grad,23806866944
3,296.77,grad,23702730240
3,298.033,grad,23664453120
3,299.306,grad,23650952704
3,301.314,grad,23620624896
3,302.619,grad,23639499264
3,304.116,grad,23615742464
3,305.375,grad,23620502016
3,306.644,grad,23640084992
3,307.891,grad,23526511104
3,309.172,grad,23422374400
3,310.419,grad,23384097280
3,311.668,grad,23348773376
3,313.609,grad,23340269056
3,314.927,grad,23359143424
3,316.715,grad,23335386624
3,318.008,grad,23340146176
3,319.274,grad,23320931840
3,320.522,grad,23238815232
3,321.771,grad,23110561280
3,323.031,grad,23089454592
3,324.28,grad,23063058944
3,325.83,grad,23059913216
3,327.254,grad,23078590976
3,329.207,grad,23055030784
3,330.463,grad,23059794432
3,331.725,grad,23001778688
3,332.982,grad,22912322048
3,334.241,grad,22844885504
3,335.487,grad,22823713280
3,336.733,grad,22782703104
3,338.286,grad,22779557376
3,339.558,grad,22798431744
3,340.981,grad,22774674944
3,342.248,grad,22779426304
3,343.494,grad,22752880128
3,344.741,grad,22630917632
3,345.98,grad,22548809216
3,347.226,grad,22520288768
3,348.464,grad,22505492992
3,349.838,grad,22498152960
3,351.145,grad,22517027328
3,352.578,grad,22493270528
3,353.818,grad,22498021888
3,355.06,grad,22478815744
3,356.298,grad,22311764480
3,357.529,grad,22267400704
3,358.766,grad,22238884352
3,359.995,grad,22224088576
3,361.582,grad,22216748544
3,362.893,grad,22235622912
3,364.35,grad,22211866112
3,365.608,grad,22216617472
3,366.843,grad,22190071296
3,368.117,grad,22069157376
3,369.364,grad,21987053056
3,370.598,grad,21965868544
3,371.83,grad,21947402752
3,373.206,grad,21936392704
3,374.479,grad,21955267072
3,375.873,grad,21931510272
3,377.143,grad,21936261632
3,378.385,grad,21909715456
3,379.615,grad,21827893760
3,380.848,grad,21706992128
3,382.112,grad,21678467584
3,383.352,grad,21663671808
3,384.704,grad,21656331776
3,385.941,grad,21675206144
3,387.418,grad,21651449344
3,388.68,grad,21656200704
3,389.938,grad,21629654528
3,391.228,grad,21469943296
3,392.477,grad,21455988224
3,393.725,grad,21405451776
3,394.959,grad,21375975936
3,396.451,grad,21375975936
3,397.775,grad,21394850304
3,399.306,grad,21371093504
3,400.647,grad,21378466304
3,401.943,grad,21346480640
3,403.204,grad,21349298688
3,404.491,grad,21269606912
3,405.758,grad,21146264064
3,406.996,grad,21110415872
3,408.236,grad,21095620096
3,409.475,grad,21125045760
3,410.925,grad,21090246144
3,412.195,grad,21098077696
3,413.459,grad,21124845056
3,414.73,grad,21107740160
3,415.98,grad,20986826240
3,417.224,grad,20880653824
3,418.458,grad,20830125568
3,419.696,grad,20815329792
3,420.946,grad,20844755456
3,422.432,grad,20809955840
3,423.676,grad,20817820160
3,424.915,grad,20829874688
3,426.167,grad,20711057920
3,427.4,grad,20706535936
3,428.631,grad,20600367616
3,429.867,grad,20564515328
3,431.141,grad,20549719552
3,432.454,grad,20535039488
3,433.72,grad,20553913856
3,435.16,grad,20530157056
3,436.416,grad,20534920704
3,437.688,grad,20476904960
3,438.929,grad,20387448320
3,440.184,grad,20334757376
3,441.448,grad,20284225024
3,442.693,grad,20254749184
3,444.426,grad,20254749184
3,445.74,grad,20273623552
3,447.216,grad,20249866752
3,448.453,grad,20254618112
3,449.696,grad,20228071936
3,450.949,grad,20107158016
3,452.208,grad,20025111040
3,453.44,grad,20011274752
3,454.675,grad,19974458880
3,456.143,grad,19974458880
3,457.425,grad,19993333248
3,458.85,grad,19969576448
3,460.11,grad,19974344192
3,461.361,grad,19916324352
3,462.593,grad,19826867712
3,463.824,grad,19759496704
3,465.069,grad,19738324480
3,466.321,grad,19695217152
3,467.823,grad,19694168576
3,469.103,grad,19713042944
3,470.522,grad,19689286144
3,471.778,grad,19694049792
3,473.016,grad,19636034048
3,474.253,grad,19561257472
3,475.485,grad,19464526336
3,476.715,grad,19458034176
3,477.945,grad,19414926848
3,479.51,grad,19413878272
3,480.799,grad,19432752640
3,482.306,grad,19408995840
3,483.556,grad,19421087232
3,484.805,grad,19394606592
3,485.989,grad,19312424448
3,487.245,grad,19215693312
3,488.483,grad,19162670592
3,489.723,grad,19135160832
3,491.419,grad,19133587968
3,492.741,grad,19152462336
3,494.232,grad,19128705536
3,495.474,grad,19133456896
3,496.711,grad,19106910720
3,497.945,grad,18947199488
3,499.23,grad,18903949824
3,500.559,grad,18882773504
3,501.822,grad,18855394816
3,503.383,grad,18853297664
3,504.709,grad,18872172032
3,506.185,grad,18848415232
3,507.451,grad,18853182976
3,508.706,grad,18795163136
3,509.957,grad,18744503808
3,511.214,grad,18653015552
3,512.466,grad,18602483200
3,513.705,grad,18573007360
3,515.166,grad,18573007360
3,516.448,grad,18591881728
3,517.868,grad,18568124928
3,519.13,grad,18572876288
3,520.383,grad,18514872832
3,521.7,grad,18432756224
3,523.024,grad,18350705152
3,524.364,grad,18322258432
3,525.615,grad,18295862784
3,527.431,grad,18292717056
3,528.726,grad,18311591424
3,530.169,grad,18287834624
3,531.419,grad,18292585984
3,532.687,grad,18234582528
3,533.932,grad,18152465920
3,535.186,grad,18055734784
3,536.42,grad,18041968128
3,537.653,grad,18014523904
3,539.221,grad,18012426752
3,540.548,grad,18031301120
3,541.983,grad,18007544320
3,543.231,grad,18012307968
3,544.469,grad,17954292224
3,545.7,grad,17903632896
3,546.93,grad,17812148736
3,548.176,grad,17761612288
3,549.412,grad,17739476480
3,550.824,grad,17732136448
3,552.119,grad,17750945280
3,553.719,grad,17727254016
3,554.978,grad,17732005376
3,556.226,grad,17712799232
3,557.472,grad,17623342592
3,558.711,grad,17531854336
3,559.99,grad,17481321984
3,561.266,grad,17451846144
3,562.756,grad,17451846144
3,564.076,grad,17470720512
3,565.5,grad,17446111744
3,566.738,grad,17443523072
3,568.011,grad,17431722496
3,569.248,grad,17356880384
3,570.498,grad,17261001216
3,571.762,grad,17200638464
3,573.021,grad,17172604416
3,574.705,grad,17171555840
3,575.955,grad,17190495744
3,577.371,grad,17166673408
3,578.621,grad,17171424768
3,579.882,grad,17144026624
3,581.138,grad,17061910016
3,582.405,grad,16941921792
3,583.693,grad,16920741376
3,584.936,grad,16893362688
3,586.447,grad,16891265536
3,587.734,grad,16910139904
3,589.239,grad,16885531136
3,590.49,grad,16890282496
3,591.746,grad,16871076352
3,593.078,grad,16750162432
3,594.32,grad,16654283264
3,595.562,grad,16640057856
3,596.829,grad,16612023808
3,598.608,grad,16610975232
3,599.879,grad,16629882368
3,601.53,grad,16606092800
3,602.796,grad,16610860544
3,604.06,grad,16591638016
3,605.307,grad,16508472832
3,606.566,grad,16371895808
3,607.866,grad,16350789120
3,609.115,grad,16323869184
3,611.017,grad,16320985600
3,612.334,grad,16339892736
3,613.995,grad,16316103168
3,615.258,grad,16306174464
3,616.492,grad,16306174464
3,617.733,grad,16306174464
3,620.7,grad,16306173952
3,622.107,grad,16306173952
3,623.405,grad,16306173952
3,624.668,grad,16306173952
3,628.094,grad,16306173952
3,629.395,grad,16306173952
3,630.631,grad,16324392960
3,631.869,grad,16346937344
3,633.145,grad,16361224192
3,634.851,grad,16361224192
3,636.187,grad,16361549824
3,637.705,grad,16523190272
3,638.948,grad,16523190272
3,640.331,grad,16523190272
3,641.568,grad,16523190272
3,642.885,grad,16523190272
3,644.175,grad,16468133888
3,645.422,grad,16376036352
3,646.665,grad,16205020160
3,653.013,grad,16140860416
3,659.391,grad,16140868608
3,665.776,grad,16140868608
3,672.195,grad,16140868608
3,677.612,grad,16140868608
3,678.927,grad,16148345856
3,682.147,grad,16155814912
3,683.54,grad,16165252096
3,684.873,grad,16181096448
3,686.165,grad,16216817664
3,687.414,grad,16364797952
3,688.65,grad,16465330176
3,690.805,grad,16457994240
3,692.079,grad,16468283392
3,693.345,grad,16491467776
3,694.578,grad,16558646272
3,695.808,grad,16820921344
3,696.992,grad,16741696512
3,698.929,grad,16749884416
3,700.2,grad,16760173568
3,701.496,grad,16783357952
3,702.739,grad,16865216512
3,704.055,grad,16996419584
3,706.782,grad,17041774592
3,708.015,grad,17052063744
3,709.266,grad,17075248128
3,710.526,grad,17142426624
3,711.758,grad,17249512448
3,715.458,grad,17334516736
3,716.742,grad,17343953920
3,717.999,grad,17359798272
3,719.279,grad,17395519488
3,720.522,grad,17618997248
3,721.755,grad,17619066880
3,723.755,grad,17626406912
3,725.038,grad,17635844096
3,726.297,grad,17659028480
3,727.534,grad,17726206976
3,728.765,grad,17872090112
3,729.993,grad,17940321280
3,731.796,grad,17918297088
3,733.01,grad,17927734272
3,734.318,grad,17950918656
3,735.556,grad,18018097152
3,736.792,grad,18202777600
3,739.599,grad,18210187264
3,740.866,grad,18219624448
3,742.144,grad,18242808832
3,743.456,grad,18309987328
3,744.708,grad,18455870464
3,747.589,grad,18502077440
3,748.847,grad,18511514624
3,750.113,grad,18549379072
3,751.356,grad,18616557568
3,752.598,grad,18747760640
3,755.503,grad,18793967616
3,756.763,grad,18803404800
3,758.009,grad,18841269248
3,759.248,grad,18908513280
3,760.479,grad,19046990848
3,763.306,grad,19085857792
3,764.595,grad,19095294976
3,765.845,grad,19133224960
3,767.093,grad,19200403456
3,768.327,grad,19338881024
3,771.171,grad,19377747968
3,772.425,grad,19387185152
3,773.726,grad,19410369536
3,774.977,grad,19492228096
3,776.273,grad,19623431168
3,779.087,grad,19669638144
3,780.339,grad,19679075328
3,781.586,grad,19716939776
3,782.821,grad,19784183808
3,784.1,grad,19922661376
3,786.748,grad,19961528320
3,788.106,grad,19970965504
3,789.356,grad,19986809856
3,790.641,grad,20022531072
3,791.876,grad,20246008832
3,793.124,grad,20246082560
3,795.215,grad,20253418496
3,796.472,grad,20262855680
3,797.721,grad,20286040064
3,798.954,grad,20353218560
3,800.209,grad,20615493632
3,801.448,grad,20537968640
3,803.545,grad,20545308672
3,805.011,grad,20554745856
3,806.272,grad,20577930240
3,807.505,grad,20645108736
3,808.735,grad,20752194560
3,811.577,grad,20837198848
3,812.882,grad,20846636032
3,814.182,grad,20884500480
3,815.445,grad,20951744512
3,816.68,grad,21090222080
3,819.329,grad,21129089024
3,820.585,grad,21138526208
3,821.828,grad,21176390656
3,823.092,grad,21243569152
3,824.362,grad,21374772224
3,827.051,grad,21420979200
3,828.309,grad,21437756416
3,829.55,grad,21468346368
3,830.782,grad,21535524864
3,832.012,grad,21674002432
3,834.585,grad,21712869376
3,835.847,grad,21729646592
3,837.103,grad,21760171008
3,838.335,grad,21827415040
3,839.562,grad,21958552576
3,842.262,grad,22004759552
3,843.518,grad,22021536768
3,844.775,grad,22052126720
3,846.01,grad,22119305216
3,847.247,grad,22335377408
3,849.926,grad,22296649728
3,851.194,grad,22306086912
3,852.44,grad,22343951360
3,853.676,grad,22411129856
3,854.921,grad,22549672960
3,857.579,grad,22588539904
3,858.828,grad,22597977088
3,860.092,grad,22635841536
3,861.322,grad,22703020032
3,862.549,grad,22834223104
3,865.35,grad,22880430080
3,866.61,grad,22897207296
3,867.853,grad,22927797248
3,869.106,grad,22994975744
3,870.339,grad,23134501888
3,872.953,grad,23173368832
3,874.225,grad,23182806016
3,875.511,grad,23220670464
3,876.745,grad,23287914496
3,877.98,grad,23426392064
3,880.647,grad,23465259008
3,881.926,grad,23474696192
3,883.183,grad,23512560640
3,884.418,grad,23579739136
3,885.661,grad,23719330816
3,888.321,grad,23758197760
3,889.749,grad,23767634944
3,891.001,grad,23783479296
3,892.242,grad,23826544640
3,893.48,grad,23911540736
3,894.751,grad,24088881152
3,897.565,grad,24050087936
3,898.986,grad,24059525120
3,900.266,grad,24075368448
3,901.504,grad,24089066496
3,902.736,grad,24164633600
3,903.988,grad,24334568448
3,905.273,grad,24349318144
3,906.547,grad,25884438016
3,909.464,grad,25254244864
3,910.708,grad,24942810112
3,911.939,grad,24942810112
3,913.185,grad,24942810112
3,914.42,grad,24942810112
3,915.674,grad,24638713856
3,916.914,grad,24335147008
3,918.169,grad,24241299456
3,919.407,grad,24173273088
3,920.638,grad,24105046016
3,921.867,grad,24101695488
3,923.107,grad,24069082112
3,924.384,grad,24091626496
3,925.858,grad,24056368128
3,927.114,grad,24064199680
3,928.354,grad,24076291072
3,929.587,grad,24073862144
3,930.816,grad,23952948224
3,932.057,grad,23832046592
3,933.297,grad,23803522048
3,934.533,grad,23788726272
3,935.983,grad,23781386240
3,937.31,grad,23800260608
3,938.759,grad,23776503808
3,939.995,grad,23781267456
3,941.231,grad,23800846336
3,942.464,grad,23640086528
3,943.693,grad,23550629888
3,944.929,grad,23529457664
3,946.202,grad,23503127552
3,947.738,grad,23499981824
3,949.008,grad,23518856192
3,950.439,grad,23495099392
3,951.676,grad,23499850752
3,952.957,grad,23480710144
3,954.212,grad,23391187968
3,955.46,grad,23270274048
3,956.787,grad,23249167360
3,958.023,grad,23221723136
3,959.59,grad,23219625984
3,960.889,grad,23238500352
3,962.322,grad,23214743552
3,963.561,grad,23219494912
3,964.797,grad,23192948736
3,965.991,grad,23070986240
3,967.231,grad,23003549696
3,968.461,grad,22967697408
3,969.691,grad,22939270144
3,971.165,grad,22938221568
3,972.465,grad,22957095936
3,973.877,grad,22933339136
3,975.132,grad,22938090496
3,976.378,grad,22880087040
3,977.608,grad,22829427712
3,978.841,grad,22708517888
3,980.096,grad,22694681600
3,981.326,grad,22665205760
3,982.705,grad,22657865728
3,983.94,grad,22676805632
3,985.348,grad,22652983296
3,986.596,grad,22657742848
3,987.827,grad,22599731200
3,989.065,grad,22549071872
3,990.3,grad,22457522176
3,991.527,grad,22414325760
3,992.786,grad,22384849920
3,994.402,grad,22377509888
3,995.741,grad,22396384256
3,997.25,grad,22372627456
3,998.491,grad,22392058880
3,999.726,grad,22350832640
3,1000.956,grad,22268716032
3,1002.204,grad,22147806208
3,1003.434,grad,22126629888
3,1004.668,grad,22115504128
3,1006.095,grad,22097154048
3,1007.396,grad,22116028416
3,1008.818,grad,22092271616
3,1010.092,grad,22097022976
3,1011.329,grad,22078111744
3,1012.561,grad,21988655104
3,1013.847,grad,21867749376
3,1015.199,grad,21839228928
3,1016.5,grad,21820238848
3,1018.101,grad,21817093120
3,1019.384,grad,21835967488
3,1020.814,grad,21812210688
3,1022.059,grad,21816978432
3,1023.303,grad,21758958592
3,1024.536,grad,21708299264
3,1025.789,grad,21616749568
3,1027.03,grad,21566213120
3,1028.265,grad,21536737280
3,1029.67,grad,21536737280
3,1030.935,grad,21555611648
3,1032.385,grad,21531854848
3,1033.623,grad,21536606208
3,1034.866,grad,21517400064
3,1036.145,grad,21435283456
3,1037.404,grad,21299689472
3,1038.658,grad,21285922816
3,1039.892,grad,21258478592
3,1041.451,grad,21256381440
3,1042.693,grad,21275321344
3,1044.092,grad,21251499008
3,1045.332,grad,21270930432
3,1046.578,grad,21229704192
3,1047.813,grad,21108855808
3,1049.056,grad,21056103424
3,1050.302,grad,21005566976
3,1051.54,grad,20976091136
3,1052.96,grad,20976091136
3,1054.249,grad,20994965504
3,1055.672,grad,20971208704
3,1056.926,grad,20975960064
3,1058.184,grad,20956753920
3,1059.42,grad,20867690496
3,1060.654,grad,20746784768
3,1061.883,grad,20718264320
3,1063.124,grad,20703468544
3,1064.474,grad,20696128512
3,1065.742,grad,20715068416
3,1067.233,grad,20691246080
3,1068.479,grad,20695997440
3,1069.716,grad,20669451264
3,1070.955,grad,20587334656
3,1072.2,grad,20466433024
3,1073.434,grad,20445248512
3,1074.663,grad,20434122752
3,1076.207,grad,20415772672
3,1077.484,grad,20434581504
3,1078.984,grad,20410890240
3,1080.226,grad,20415641600
3,1081.482,grad,20389160960
3,1082.713,grad,20307044352
3,1083.942,grad,20186130432
3,1085.2,grad,20157618176
3,1086.447,grad,20153832448
3,1087.808,grad,20135482368
3,1089.093,grad,20154356736
3,1090.524,grad,20130599936
3,1091.764,grad,20135351296
3,1092.996,grad,20108870656
3,1094.231,grad,19987956736
3,1095.469,grad,19935204352
3,1096.739,grad,19892007936
3,1097.978,grad,19856240640
3,1099.44,grad,19855192064
3,1100.705,grad,19874066432
3,1102.165,grad,19850309632
3,1103.41,grad,19855060992
3,1104.644,grad,19828514816
3,1105.879,grad,19746398208
3,1107.147,grad,19625496576
3,1108.383,grad,19596972032
3,1109.611,grad,19582176256
3,1110.979,grad,19574836224
3,1112.279,grad,19593710592
3,1113.684,grad,19569953792
3,1114.947,grad,19589385216
3,1116.237,grad,19555499008
3,1117.523,grad,19473775616
3,1118.76,grad,19337788416
3,1120.031,grad,19324021760
3,1121.282,grad,19296577536
3,1122.865,grad,19294480384
3,1124.142,grad,19313354752
3,1125.584,grad,19289597952
3,1126.842,grad,19309029376
3,1128.099,grad,19275143168
3,1129.332,grad,19108091904
3,1130.563,grad,19079522304
3,1131.796,grad,19043665920
3,1133.028,grad,19016287232
3,1134.482,grad,19014190080
3,1135.757,grad,19033064448
3,1137.209,grad,19009307648
3,1138.455,grad,19014071296
3,1139.691,grad,18994852864
3,1140.923,grad,18827801600
3,1142.169,grad,18784486400
3,1143.402,grad,18770650112
3,1144.631,grad,18741174272
3,1146.072,grad,18733834240
3,1147.4,grad,18752708608
3,1148.883,grad,18728951808
3,1150.167,grad,18733703168
3,1151.448,grad,18714497024
3,1152.692,grad,18547511296
3,1153.927,grad,18504196096
3,1155.178,grad,18490359808
3,1156.417,grad,18460883968
3,1158.066,grad,18453543936
3,1159.362,grad,18472418304
3,1160.78,grad,18448661504
3,1162.046,grad,18453412864
3,1163.308,grad,18434206720
3,1164.544,grad,18344750080
3,1165.778,grad,18223909888
3,1167.058,grad,18195389440
3,1168.308,grad,18173253632
3,1169.719,grad,18173253632
3,1170.993,grad,18192128000
3,1172.437,grad,18168371200
3,1173.724,grad,18187802624
3,1175.012,grad,18185373696
3,1176.281,grad,18064459776
3,1177.534,grad,17943545856
3,1178.784,grad,17922373632
3,1180.053,grad,17911247872
3,1181.35,grad,17892897792
3,1182.595,grad,17911837696
3,1183.989,grad,17888015360
3,1185.238,grad,17892766720
3,1186.506,grad,17873560576
3,1187.76,grad,17706509312
3,1189.001,grad,17692615680
3,1190.236,grad,17642083328
3,1191.473,grad,17613656064
3,1192.991,grad,17612607488
3,1194.253,grad,17631416320
3,1195.786,grad,17606873088
3,1197.042,grad,17604284416
3,1198.392,grad,17592483840
3,1199.693,grad,17503813632
3,1200.986,grad,17390305280
3,1202.313,grad,17361006592
3,1203.556,grad,17335462912
3,1205.157,grad,17331465216
3,1206.47,grad,17350339584
3,1207.929,grad,17326582784
3,1209.253,grad,17331346432
3,1210.497,grad,17350925312
3,1211.732,grad,17230404608
3,1212.992,grad,17102674944
3,1214.281,grad,17081568256
3,1215.58,grad,17054124032
3,1217.166,grad,17052026880
3,1218.42,grad,17070835712
3,1219.99,grad,17046292480
3,1221.24,grad,17051052032
3,1222.493,grad,17031837696
3,1223.733,grad,16950114304
3,1224.979,grad,16822384640
3,1226.252,grad,16801277952
3,1227.496,grad,16774882304
3,1229.17,grad,16771736576
3,1230.414,grad,16790610944
3,1232.02,grad,16766854144
3,1233.284,grad,16771613696
3,1234.526,grad,16751547392
3,1235.787,grad,16669430784
3,1237.068,grad,16531805184
3,1238.325,grad,16510239744
3,1239.562,grad,16482205696
3,1242.044,grad,16480894976
3,1243.343,grad,16499703808
3,1245.005,grad,16476012544
3,1246.34,grad,16466083840
3,1247.621,grad,16466083840
3,1248.881,grad,16466083840
3,1250.348,grad,16466083328
3,1252.332,grad,16466083328
3,1253.615,grad,16466083328
3,1255.211,grad,16466083328
3,1259.406,grad,16466083328
3,1260.769,grad,16466083328
3,1262.01,grad,16483778048
3,1263.252,grad,16505863680
3,1264.493,grad,16521133568
3,1266.365,grad,16521133568
3,1267.62,grad,16521143808
3,1268.995,grad,16683099648
3,1270.253,grad,16683099648
3,1271.507,grad,16683099648
3,1272.795,grad,16683099648
3,1274.103,grad,16654133248
3,1275.363,grad,16597221888
3,1276.61,grad,16420864512
3,1277.888,grad,16302342656
3,1279.151,grad,16315089408
3,1280.391,grad,16417227264
3,1281.624,grad,16303325696
3,1287.115,grad,16141844992
3,1293.487,grad,16141853184
3,1299.821,grad,16141853184
3,1306.236,grad,16141853184
3,1310.629,grad,16141853184
3,1311.903,grad,16149330432
3,1315.012,grad,16156799488
3,1316.427,grad,16166236672
3,1317.711,grad,16182081024
3,1319.053,grad,16218654208
3,1320.306,grad,16444229120
3,1321.579,grad,16451642880
3,1323.646,grad,16458978816
3,1324.906,grad,16469267968
3,1326.183,grad,16492452352
3,1327.425,grad,16574310912
3,1328.71,grad,16705513984
3,1331.54,grad,16750868992
3,1332.815,grad,16760306176
3,1334.11,grad,16799022592
3,1335.363,grad,16866266624
3,1336.599,grad,17004744192
3,1339.321,grad,17043611136
3,1340.587,grad,17053048320
3,1341.843,grad,17090912768
3,1343.125,grad,17158091264
3,1344.366,grad,17289294336
3,1347.456,grad,17335501312
3,1348.73,grad,17344938496
3,1349.984,grad,17382802944
3,1351.224,grad,17450046976
3,1352.462,grad,17588524544
3,1355.114,grad,17627391488
3,1356.39,grad,17644168704
3,1357.639,grad,17674758656
3,1358.889,grad,17741937152
3,1360.165,grad,17880414720
3,1362.793,grad,17919281664
3,1364.056,grad,17928718848
3,1365.305,grad,17966648832
3,1366.568,grad,18033827328
3,1367.804,grad,18249899520
3,1370.381,grad,18211171840
3,1371.641,grad,18220609024
3,1372.901,grad,18258539008
3,1374.16,grad,18325717504
3,1375.392,grad,18464195072
3,1377.991,grad,18503062016
3,1379.262,grad,18512499200
3,1380.507,grad,18550363648
3,1381.735,grad,18617607680
3,1382.963,grad,18756085248
3,1385.579,grad,18794952192
3,1387.031,grad,18804389376
3,1388.316,grad,18827573760
3,1389.562,grad,18909432320
3,1390.831,grad,19040635392
3,1393.552,grad,19086842368
3,1394.805,grad,19096279552
3,1396.067,grad,19134209536
3,1397.305,grad,19201388032
3,1398.54,grad,19417460224
3,1401.161,grad,19378732544
3,1402.445,grad,19395509760
3,1403.719,grad,19426099712
3,1404.949,grad,19570872832
3,1406.199,grad,19709350400
3,1408.747,grad,19670622720
3,1410.011,grad,19680059904
3,1411.263,grad,19717924352
3,1412.504,grad,19785102848
3,1413.756,grad,19916305920
3,1416.473,grad,19962512896
3,1417.739,grad,19971950080
3,1419.022,grad,20009814528
3,1420.274,grad,20077058560
3,1421.513,grad,20215536128
3,1424.133,grad,20254403072
3,1425.385,grad,20263840256
3,1426.626,grad,20301770240
3,1427.855,grad,20368948736
3,1429.101,grad,20507426304
3,1432.03,grad,20546293248
3,1433.32,grad,20555730432
3,1434.567,grad,20593594880
3,1435.801,grad,20660838912
3,1437.029,grad,20791976448
3,1439.796,grad,20838183424
3,1441.078,grad,20847620608
3,1442.331,grad,20885485056
3,1443.562,grad,20952729088
3,1444.79,grad,21091206656
3,1447.526,grad,21130073600
3,1448.784,grad,21139510784
3,1450.055,grad,21162695168
3,1451.338,grad,21229873664
3,1452.571,grad,21336959488
3,1453.962,grad,21421963776
3,1455.52,grad,21421963776
3,1456.776,grad,21438740992
3,1458.019,grad,21469330944
3,1459.259,grad,21536443904
3,1460.5,grad,21667646976
3,1463.192,grad,21713853952
3,1464.441,grad,21730631168
3,1465.686,grad,21761221120
3,1466.915,grad,21828399616
3,1468.176,grad,21966877184
3,1469.411,grad,22005744128
3,1471.059,grad,22005744128
3,1472.441,grad,22015181312
3,1473.703,grad,22038365696
3,1474.942,grad,22120224256
3,1476.23,grad,22251427328
3,1478.956,grad,22297634304
3,1480.244,grad,22314411520
3,1481.495,grad,22345001472
3,1482.73,grad,22412179968
3,1483.959,grad,22550657536
3,1486.518,grad,22589524480
3,1487.773,grad,22606301696
3,1489.018,grad,22636826112
3,1490.27,grad,22704004608
3,1491.508,grad,22835207680
3,1494.411,grad,22881414656
3,1495.701,grad,22890851840
3,1496.949,grad,22914036224
3,1498.199,grad,22981214720
3,1499.434,grad,23243489792
3,1500.711,grad,23187988992
3,1502.554,grad,23173304832
3,1503.809,grad,23182742016
3,1505.115,grad,23205926400
3,1506.352,grad,23273104896
3,1507.618,grad,23418988032
3,1508.853,grad,23457859072
3,1510.852,grad,23465195008
3,1512.136,grad,23474632192
3,1513.393,grad,23512496640
3,1514.676,grad,23579675136
3,1515.98,grad,23710878208
3,1518.932,grad,23757085184
3,1520.262,grad,23773862400
3,1521.521,grad,23804452352
3,1522.789,grad,23871630848
3,1524.059,grad,24010108416
3,1526.625,grad,24048975360
3,1527.878,grad,24065752576
3,1529.135,grad,24096342528
3,1530.38,grad,24163521024
3,1531.695,grad,24294658560
3,1533.007,grad,24326185472
3,1534.272,grad,25883347456
3,1536.635,grad,25253124096
3,1537.887,grad,24941697536
3,1539.139,grad,24941697536
3,1540.387,grad,24941697536
3,1541.625,grad,24941697536
3,1542.861,grad,24333522432
3,1544.105,grad,24361166336
3,1545.337,grad,24201455104
3,1546.572,grad,24111998464
3,1547.81,grad,24090826240
3,1549.05,grad,24062398976
3,1550.701,grad,24061350400
3,1551.956,grad,24080159232
3,1553.504,grad,24056467968
3,1554.75,grad,24061219328
3,1555.99,grad,24042013184
3,1557.241,grad,23874961920
3,1558.494,grad,23831646720
3,1559.739,grad,23803130368
3,1560.987,grad,23780994560
3,1562.484,grad,23780994560
3,1563.732,grad,23799868928
3,1565.2,grad,23776112128
3,1566.437,grad,23780863488
3,1567.675,grad,23754317312
3,1568.903,grad,23672200704
3,1570.149,grad,23551286784
3,1571.411,grad,23530114560
3,1572.646,grad,23512173056
3,1573.98,grad,23500638720
3,1575.252,grad,23519513088
3,1577.753,grad,23495756288
3,1579.026,grad,23500507648
3,1580.272,grad,23473961472
3,1581.543,grad,23314250240
3,1582.785,grad,23270935040
3,1584.016,grad,23257098752
3,1585.245,grad,23227622912
3,1586.651,grad,23220282880
3,1587.915,grad,23239157248
3,1589.38,grad,23215400448
3,1590.647,grad,23220151808
3,1591.897,grad,23162148352
3,1593.142,grad,23087371776
3,1594.375,grad,23020656128
3,1595.606,grad,22984869376
3,1596.836,grad,22942745088
3,1598.366,grad,22940647936
3,1599.634,grad,22959587840
3,1601.05,grad,22935765504
3,1602.311,grad,22940533248
3,1603.548,grad,22882513408
3,1604.786,grad,22754259456
3,1606.018,grad,22710944256
3,1607.268,grad,22682427904
3,1608.498,grad,22667632128
3,1609.892,grad,22660292096
3,1611.235,grad,22679166464
3,1612.693,grad,22655409664
3,1613.949,grad,22660161024
3,1615.218,grad,22633614848
3,1616.463,grad,22551793152
3,1617.704,grad,22430887424
3,1618.941,grad,22409707008
3,1620.214,grad,22391241216
3,1621.853,grad,22380231168
3,1623.159,grad,22399105536
3,1624.568,grad,22375348736
3,1625.81,grad,22380100096
3,1627.049,grad,22353553920
3,1628.278,grad,22232640000
3,1629.509,grad,22150535680
3,1630.748,grad,22129351168
3,1631.998,grad,22107215360
3,1633.369,grad,22099875328
3,1634.641,grad,22118749696
3,1636.074,grad,22094992896
3,1637.307,grad,22099744256
3,1638.54,grad,22080603648
3,1639.778,grad,21952349696
3,1641.03,grad,21870241280
3,1642.276,grad,21849060864
3,1643.508,grad,21845390848
3,1645.389,grad,21819585024
3,1646.629,grad,21838459392
3,1648.085,grad,21814702592
3,1649.342,grad,21834134016
3,1650.588,grad,21831770624
3,1651.832,grad,21710856704
3,1653.084,grad,21619307008
3,1654.315,grad,21576110592
3,1655.549,grad,21546634752
3,1656.925,grad,21539294720
3,1658.204,grad,21558169088
3,1659.634,grad,21534412288
3,1660.896,grad,21546503680
3,1662.268,grad,21520088576
3,1663.522,grad,21430566400
3,1664.767,grad,21309652480
3,1665.999,grad,21288545792
3,1667.229,grad,21261101568
3,1668.758,grad,21259004416
3,1670.027,grad,21277878784
3,1671.501,grad,21254121984
3,1672.773,grad,21258885632
3,1674.009,grad,21200935424
3,1675.239,grad,21111478784
3,1676.469,grad,21059115520
3,1677.709,grad,21008583168
3,1678.94,grad,20979107328
3,1680.385,grad,20979107328
3,1681.671,grad,20997981696
3,1683.166,grad,20974224896
3,1684.408,grad,20978976256
3,1685.642,grad,20952430080
3,1686.871,grad,20831516160
3,1688.11,grad,20749407744
3,1689.341,grad,20720887296
3,1690.576,grad,20706091520
3,1692.017,grad,20698751488
3,1693.276,grad,20717560320
3,1694.784,grad,20693869056
3,1696.023,grad,20698620416
3,1697.256,grad,20672074240
3,1698.486,grad,20551225856
3,1699.718,grad,20469121536
3,1700.96,grad,20447937024
3,1702.243,grad,20425801216
3,1703.868,grad,20418461184
3,1705.171,grad,20437335552
3,1706.575,grad,20413578752
3,1707.817,grad,20418330112
3,1709.056,grad,20391783936
3,1710.285,grad,20270935552
3,1711.525,grad,20188831232
3,1712.789,grad,20160306688
3,1714.037,grad,20145510912
3,1715.467,grad,20138170880
3,1716.757,grad,20156979712
3,1718.296,grad,20133288448
3,1719.539,grad,20152719872
3,1720.789,grad,20150290944
3,1722.039,grad,20029442560
3,1723.279,grad,19908536832
3,1724.511,grad,19880016384
3,1725.775,grad,19868890624
3,1727.127,grad,19857880576
3,1728.365,grad,19876820480
3,1729.756,grad,19852998144
3,1731.005,grad,19857749504
3,1732.257,grad,19838543360
3,1733.494,grad,19725035008
3,1734.731,grad,19642918400
3,1735.965,grad,19607066112
3,1737.204,grad,19579687424
3,1738.649,grad,19577590272
3,1739.912,grad,19596530176
3,1741.334,grad,19572707840
3,1742.599,grad,19570119168
3,1743.896,grad,19558318592
3,1745.146,grad,19483542016
3,1746.378,grad,19347948032
3,1747.65,grad,19326841344
3,1748.88,grad,19299397120
3,1750.452,grad,19297299968
3,1751.73,grad,19316174336
3,1753.254,grad,19292417536
3,1754.496,grad,19297168896
3,1755.741,grad,19270622720
3,1756.981,grad,19188571648
3,1758.216,grad,19067657728
3,1759.447,grad,19039145472
3,1760.684,grad,19035359744
3,1762.021,grad,19017009664
3,1763.283,grad,19035818496
3,1764.769,grad,19012127232
3,1766.013,grad,19016878592
3,1767.263,grad,18990332416
3,1768.499,grad,18869484032
3,1769.737,grad,18787379712
3,1770.986,grad,18773535232
3,1772.241,grad,18737767936
3,1773.794,grad,18736719360
3,1775.091,grad,18755593728
3,1776.496,grad,18731836928
3,1777.739,grad,18736588288
3,1778.98,grad,18710042112
3,1780.212,grad,18589193728
3,1781.454,grad,18507085312
3,1782.732,grad,18485904896
3,1783.976,grad,18463769088
3,1785.561,grad,18456429056
3,1786.878,grad,18475303424
3,1788.324,grad,18451546624
3,1789.561,grad,18456297984
3,1790.8,grad,18429751808
3,1792.037,grad,18347700736
3,1793.286,grad,18241466880
3,1794.522,grad,18205614592
3,1795.76,grad,18176138752
3,1797.206,grad,18176138752
3,1798.442,grad,18195078656
3,1799.839,grad,18171256320
3,1801.092,grad,18176007680
3,1802.364,grad,18149461504
3,1803.61,grad,18028613120
3,1804.844,grad,17961176576
3,1806.086,grad,17925324288
3,1807.317,grad,17895848448
3,1808.738,grad,17895848448
3,1810.012,grad,17914722816
3,1811.447,grad,17890966016
3,1812.708,grad,17895717376
3,1813.951,grad,17837713920
3,1815.197,grad,17755662848
3,1816.442,grad,17658866176
3,1817.711,grad,17645099520
3,1818.944,grad,17617655296
3,1820.531,grad,17615558144
3,1821.817,grad,17634432512
3,1823.275,grad,17610675712
3,1824.521,grad,17615427072
3,1825.818,grad,17596286464
3,1827.061,grad,17514169856
3,1828.294,grad,17424713216
3,1829.526,grad,17364350464
3,1830.764,grad,17336840704
3,1832.453,grad,17335267840
3,1833.712,grad,17354076672
3,1835.273,grad,17330385408
3,1836.508,grad,17335136768
3,1837.747,grad,17308590592
3,1838.977,grad,17187742208
3,1840.207,grad,17105629696
3,1841.438,grad,17091793408
3,1842.7,grad,17061465600
3,1844.206,grad,17054125568
3,1845.489,grad,17072999936
3,1846.956,grad,17048391168
3,1848.212,grad,17053142528
3,1849.446,grad,17033936384
3,1850.685,grad,16906599936
3,1851.922,grad,16830971392
3,1853.196,grad,16804228608
3,1854.435,grad,16776260096
3,1856.133,grad,16773835264
3,1857.436,grad,16792709632
3,1858.911,grad,16768952832
3,1860.165,grad,16773720576
3,1861.397,grad,16792443392
3,1862.634,grad,16671398400
3,1863.874,grad,16549435904
3,1865.119,grad,16512338432
3,1866.36,grad,16484304384
3,1868.371,grad,16482993664
3,1869.694,grad,16501966336
3,1871.224,grad,16478111232
3,1872.472,grad,16468182528
3,1873.728,grad,16468182528
3,1874.957,grad,16468182528
3,1878.341,grad,16468182016
3,1879.672,grad,16468182016
3,1880.933,grad,16468182016
3,1882.197,grad,16468182016
3,1885.828,grad,16468182016
3,1887.169,grad,16468182016
3,1888.404,grad,16486401024
3,1889.634,grad,16508486656
3,1890.887,grad,16523232256
3,1892.711,grad,16523232256
3,1893.964,grad,16523242496
3,1895.332,grad,16685198336
3,1896.568,grad,16685198336
3,1899.675,grad,16685198336
3,1901.071,grad,16629664256
3,1902.331,grad,16453699584
3,1903.641,grad,16303327232
3,1904.885,grad,16313419776
3,1906.13,grad,16415885312
3,1907.358,grad,16444557312
3,1908.598,grad,16332818432
3,1914.621,grad,16143452160
3,1921.009,grad,16143460352
3,1927.357,grad,16143460352
3,1933.712,grad,16143460352
3,1938.525,grad,16143460352
3,1939.783,grad,16150937600
3,1942.823,grad,16158406656
3,1944.235,grad,16167843840
3,1945.517,grad,16183688192
3,1946.781,grad,16234093568
3,1948.191,grad,16366275584
3,1949.528,grad,16519498752
3,1952.245,grad,16458800128
3,1953.61,grad,16468122624
3,1954.931,grad,16483966976
3,1956.295,grad,16527024128
3,1957.627,grad,16650825728
3,1958.945,grad,16704368640
3,1960.277,grad,16765259776
3,1962.528,grad,16750575616
3,1963.926,grad,16760012800
3,1965.284,grad,16775857152
3,1966.611,grad,16818918400
3,1967.936,grad,16865121280
3,1969.288,grad,17003598848
3,1970.61,grad,17057149952
3,1972.84,grad,17042580480
3,1974.179,grad,17051902976
3,1975.531,grad,17067747328
3,1976.96,grad,17103468544
3,1978.33,grad,17249351680
3,1979.675,grad,17312331776
3,1982.467,grad,17334470656
3,1983.805,grad,17343793152
3,1985.15,grad,17366977536
3,1986.507,grad,17395358720
3,1987.863,grad,17541241856
3,1989.245,grad,17604221952
3,1991.601,grad,17626246144
3,1992.934,grad,17635683328
3,1994.286,grad,17658867712
3,1995.615,grad,17687248896
3,1996.946,grad,17910726656
3,1998.314,grad,17925472256
3,2000.55,grad,17918136320
3,2001.862,grad,17927573504
3,2003.211,grad,17950757888
3,2004.535,grad,17979139072
3,2005.861,grad,18202616832
3,2007.265,grad,18217362432
3,2009.48,grad,18210026496
3,2010.808,grad,18219463680
3,2012.174,grad,18242648064
3,2013.524,grad,18271029248
3,2014.861,grad,18494507008
3,2016.249,grad,18509252608
3,2018.461,grad,18501916672
3,2019.786,grad,18511353856
3,2021.13,grad,18534538240
3,2022.496,grad,18562919424
3,2023.841,grad,18786397184
3,2025.234,grad,18801142784
3,2027.439,grad,18793806848
3,2029.012,grad,18803244032
3,2030.352,grad,18826428416
3,2031.699,grad,18854809600
3,2033.025,grad,19078287360
3,2034.382,grad,19093037056
3,2036.586,grad,19085811712
3,2037.916,grad,19095134208
3,2039.28,grad,19132998656
3,2040.607,grad,19185497088
3,2041.941,grad,19370177536
3,2043.296,grad,19370247168
3,2045.467,grad,19377587200
3,2046.794,grad,19387024384
3,2048.125,grad,19410208768
3,2049.473,grad,19438589952
3,2050.792,grad,19662067712
3,2052.147,grad,19662133248
3,2054.651,grad,19669477376
3,2056.205,grad,19678914560
3,2057.562,grad,19694758912
3,2058.919,grad,19737820160
3,2060.309,grad,19939212288
3,2061.761,grad,19915160576
3,2063.157,grad,19954031616
3,2065.564,grad,19961367552
3,2067.164,grad,19970804736
3,2068.519,grad,19986649088
3,2069.876,grad,20015030272
3,2071.254,grad,20114710528
3,2072.581,grad,20292050944
3,2075.483,grad,20253372416
3,2076.831,grad,20262694912
3,2078.191,grad,20285879296
3,2079.536,grad,20314260480
3,2080.871,grad,20460143616
3,2082.266,grad,20523123712
3,2084.925,grad,20545262592
3,2086.283,grad,20554585088
3,2087.609,grad,20577769472
3,2088.937,grad,20606150656
3,2090.296,grad,20752033792
3,2091.662,grad,20815013888
3,2094.098,grad,20837038080
3,2095.405,grad,20846475264
3,2096.722,grad,20869659648
3,2098.031,grad,20898040832
3,2099.377,grad,21121518592
3,2100.743,grad,21136264192
3,2103.11,grad,21128928256
3,2104.415,grad,21138365440
3,2105.732,grad,21161549824
3,2107.059,grad,21189931008
3,2108.365,grad,21413408768
3,2109.69,grad,21428154368
3,2112.015,grad,21420818432
3,2113.326,grad,21430255616
3,2114.641,grad,21453440000
3,2116.026,grad,21520618496
3,2117.375,grad,21705298944
3,2118.713,grad,21720044544
3,2120.957,grad,21712708608
3,2122.284,grad,21722145792
3,2123.605,grad,21745330176
3,2124.932,grad,21812508672
3,2126.296,grad,22074783744
3,2127.651,grad,21997258752
3,2129.903,grad,22004713472
3,2131.4,grad,22014035968
3,2132.741,grad,22037220352
3,2134.104,grad,22065601536
3,2135.43,grad,22289079296
3,2136.787,grad,22303828992
3,2138.999,grad,22296488960
3,2140.308,grad,22305926144
3,2141.667,grad,22329110528
3,2142.998,grad,22396289024
3,2144.315,grad,22658564096
3,2145.626,grad,22595715072
3,2147.835,grad,22588493824
3,2149.202,grad,22605156352
3,2150.541,grad,22635680768
3,2151.895,grad,22702859264
3,2153.265,grad,22950454272
3,2154.6,grad,22872933376
3,2156.762,grad,22880384000
3,2158.101,grad,22889706496
3,2159.422,grad,22927570944
3,2160.764,grad,22980069376
3,2162.084,grad,23164749824
3,2163.415,grad,23164819456
3,2165.618,grad,23172274176
3,2166.93,grad,23181596672
3,2168.286,grad,23219461120
3,2169.603,grad,23271959552
3,2170.918,grad,23534234624
3,2172.27,grad,23456713728
3,2174.388,grad,23464049664
3,2175.7,grad,23473486848
3,2177.063,grad,23496671232
3,2178.372,grad,23563849728
3,2179.695,grad,23748530176
3,2181.007,grad,23748599808
3,2183.358,grad,23755939840
3,2184.674,grad,23765377024
3,2185.996,grad,23803241472
3,2187.318,grad,23855739904
3,2188.629,grad,24040420352
3,2189.94,grad,24040498176
3,2192.094,grad,24047830016
3,2193.403,grad,24057267200
3,2194.725,grad,24095131648
3,2196.073,grad,24147630080
3,2197.417,grad,24293513216
3,2198.736,grad,24347064320
3,2200.053,grad,25882192384
3,2202.794,grad,24940551680
3,2204.137,grad,24940552192
3,2205.508,grad,24940552192
3,2206.889,grad,24940552192
3,2208.271,grad,24940552192
3,2209.621,grad,24629115904
3,2210.908,grad,24332823552
3,2212.2,grad,24238713856
3,2213.457,grad,24172456960
3,2214.818,grad,24104688640
3,2216.09,grad,24085158912
3,2218.029,grad,24060925952
3,2219.292,grad,24079734784
3,2220.845,grad,24056043520
3,2222.121,grad,24060794880
3,2223.384,grad,24073046016
3,2224.62,grad,24029726720
3,2225.853,grad,23831218176
3,2227.121,grad,23802705920
3,2228.371,grad,23787910144
3,2229.744,grad,23780570112
3,2231.052,grad,23799444480
3,2232.51,grad,23775687680
3,2233.756,grad,23780455424
3,2234.992,grad,23722435584
3,2236.232,grad,23632978944
3,2237.462,grad,23543522304
3,2238.695,grad,23544435712
3,2239.926,grad,23502311424
3,2241.653,grad,23500214272
3,2242.981,grad,23519088640
3,2244.752,grad,23495331840
3,2246.03,grad,23500099584
3,2247.271,grad,23480877056
3,2248.503,grad,23359963136
3,2249.743,grad,23270506496
3,2250.984,grad,23249334272
3,2252.242,grad,23221955584
3,2253.754,grad,23219858432
3,2255.08,grad,23238732800
3,2256.525,grad,23214976000
3,2257.772,grad,23219735552
3,2259.008,grad,23239318528
3,2260.24,grad,23079607296
3,2261.477,grad,22997490688
3,2262.723,grad,22983724032
3,2263.957,grad,22942648320
3,2265.519,grad,22939502592
3,2266.846,grad,22958376960
3,2268.335,grad,22934620160
3,2269.581,grad,22939371520
3,2270.818,grad,22997825536
3,2272.175,grad,22838048768
3,2273.478,grad,22833199104
3,2274.766,grad,22702454784
3,2276.075,grad,22702450688
3,2277.329,grad,22688622592
3,2278.564,grad,22660195328
3,2279.809,grad,22660195328
3,2281.377,grad,22659146752
3,2282.682,grad,22677496832
3,2283.918,grad,22654247936
3,2285.169,grad,22661637120
3,2286.418,grad,22688371712
3,2287.665,grad,22632469504
3,2288.899,grad,22550352896
3,2290.137,grad,22458799104
3,2291.367,grad,22408266752
3,2292.599,grad,22381936640
3,2294.483,grad,22378790912
3,2295.821,grad,22397665280
3,2297.337,grad,22373908480
3,2298.586,grad,22378659840
3,2299.821,grad,22352113664
3,2301.042,grad,22269997056
3,2302.385,grad,22163763200
3,2303.681,grad,22127910912
3,2304.977,grad,22098435072
3,2306.417,grad,22098435072
3,2307.722,grad,22117309440
3,2309.219,grad,22093552640
3,2310.458,grad,22098316288
3,2311.706,grad,22079097856
3,2312.947,grad,21996981248
3,2314.188,grad,21868727296
3,2315.433,grad,21847620608
3,2316.706,grad,21819127808
3,2318.463,grad,21818079232
3,2319.765,grad,21836953600
3,2321.244,grad,21813196800
3,2322.484,grad,21817948160
3,2323.724,grad,21791401984
3,2324.953,grad,21709285376
3,2326.197,grad,21588379648
3,2327.44,grad,21567199232
3,2328.68,grad,21556073472
3,2329.98,grad,21537723392
3,2331.258,grad,21556597760
3,2332.725,grad,21532840960
3,2333.981,grad,21530252288
3,2335.25,grad,21518451712
3,2336.511,grad,21443609600
3,2337.759,grad,21308015616
3,2339.092,grad,21286908928
3,2340.326,grad,21260513280
3,2341.89,grad,21257367552
3,2343.141,grad,21276176384
3,2344.682,grad,21252485120
3,2345.95,grad,21257236480
3,2347.223,grad,21238095872
3,2348.468,grad,21071044608
3,2349.726,grad,21027729408
3,2350.961,grad,20999213056
3,2352.204,grad,20984417280
3,2353.557,grad,20977077248
3,2354.856,grad,20995951616
3,2356.298,grad,20972194816
3,2357.555,grad,20976946176
3,2358.795,grad,20950465536
3,2360.023,grad,20868348928
3,2361.251,grad,20747439104
3,2362.484,grad,20733602816
3,2363.719,grad,20704126976
3,2365.172,grad,20696786944
3,2366.444,grad,20715661312
3,2367.889,grad,20691904512
3,2369.139,grad,20696664064
3,2370.37,grad,20677515264
3,2371.607,grad,20510464000
3,2372.844,grad,20496508928
3,2374.086,grad,20445972480
3,2375.32,grad,20416496640
3,2377.016,grad,20416496640
3,2378.313,grad,20435436544
3,2379.723,grad,20411614208
3,2380.977,grad,20416365568
3,2382.214,grad,20397224960
3,2383.466,grad,20230173696
3,2384.704,grad,20216218624
3,2385.937,grad,20173022208
3,2387.213,grad,20138303488
3,2388.685,grad,20136206336
3,2389.984,grad,20155080704
3,2391.433,grad,20131323904
3,2392.678,grad,20136079360
3,2393.911,grad,20116869120
3,2395.159,grad,19949817856
3,2396.393,grad,19935862784
3,2397.633,grad,19892666368
3,2398.883,grad,19863190528
3,2400.346,grad,19855850496
3,2401.692,grad,19874724864
3,2403.19,grad,19850968064
3,2404.436,grad,19855719424
3,2405.681,grad,19829173248
3,2406.92,grad,19669462016
3,2408.189,grad,19655502848
3,2409.429,grad,19604970496
3,2410.668,grad,19577591808
3,2412.215,grad,19575494656
3,2413.516,grad,19594369024
3,2414.949,grad,19570612224
3,2416.224,grad,19575363584
3,2417.524,grad,19556222976
3,2418.776,grad,19481380864
3,2420.012,grad,19384649728
3,2421.242,grad,19324286976
3,2422.476,grad,19296777216
3,2424.152,grad,19295204352
3,2425.399,grad,19313947648
3,2427.222,grad,19290321920
3,2428.472,grad,19295073280
3,2429.711,grad,19268527104
3,2430.942,grad,19109209088
3,2432.185,grad,19080176640
3,2433.416,grad,19044324352
3,2434.648,grad,19015897088
3,2436.144,grad,19014848512
3,2437.459,grad,19033722880
3,2438.899,grad,19009966080
3,2440.148,grad,19014717440
3,2441.381,grad,18995511296
3,2442.613,grad,18828525568
3,2443.842,grad,18814570496
3,2445.082,grad,18764034048
3,2446.313,grad,18734558208
3,2447.745,grad,18734558208
3,2449.008,grad,18753432576
3,2450.442,grad,18729675776
3,2451.695,grad,18734427136
3,2452.928,grad,18708274176
3,2454.168,grad,18626550784
3,2455.397,grad,18505247744
3,2456.63,grad,18476731392
3,2457.876,grad,18465605632
3,2459.925,grad,18454595584
3,2461.287,grad,18473469952
3,2462.706,grad,18449713152
3,2463.946,grad,18454464512
3,2465.192,grad,18396854272
3,2466.421,grad,18314344448
3,2467.689,grad,18217613312
3,2468.944,grad,18203846656
3,2470.189,grad,18177451008
3,2471.754,grad,18174305280
3,2473.041,grad,18193179648
3,2474.449,grad,18169422848
3,2475.689,grad,18174174208
3,2476.927,grad,18148021248
3,2478.2,grad,17987916800
3,2479.436,grad,17973961728
3,2480.671,grad,17923425280
3,2481.903,grad,17894998016
3,2483.412,grad,17893949440
3,2484.739,grad,17912823808
3,2486.176,grad,17889067008
3,2487.417,grad,17893826560
3,2488.669,grad,17835814912
3,2489.902,grad,17754157056
3,2491.145,grad,17671647232
3,2492.377,grad,17643200512
3,2493.608,grad,17616804864
3,2495.207,grad,17613659136
3,2496.514,grad,17632533504
3,2497.958,grad,17608776704
3,2499.219,grad,17613528064
3,2500.536,grad,17594387456
3,2501.791,grad,17512270848
3,2502.992,grad,17415867392
3,2504.229,grad,17362451456
3,2505.467,grad,17334417408
3,2507.213,grad,17333368832
3,2508.527,grad,17352243200
3,2510.088,grad,17328486400
3,2511.329,grad,17333250048
3,2512.584,grad,17353222144
3,2513.828,grad,17193117696
3,2515.07,grad,17103661056
3,2516.327,grad,17082554368
3,2517.589,grad,17055110144
3,2519.237,grad,17053012992
3,2520.535,grad,17071756288
3,2522.238,grad,17048130560
3,2523.475,grad,17052881920
3,2524.717,grad,17026728960
3,2525.961,grad,16944612352
3,2527.209,grad,16852669440
3,2528.457,grad,16802132992
3,2529.703,grad,16774754304
3,2531.208,grad,16772657152
3,2532.45,grad,16791400448
3,2534.087,grad,16767774720
3,2535.324,grad,16772526080
3,2536.557,grad,16753713152
3,2537.797,grad,16640139264
3,2539.054,grad,16549306368
3,2540.362,grad,16513519616
3,2541.623,grad,16486075392
3,2543.496,grad,16483716096
3,2544.765,grad,16502590464
3,2546.325,grad,16478833664
3,2547.567,grad,16468904960
3,2548.814,grad,16468904960
3,2550.055,grad,16468904960
3,2553.597,grad,16468904448
3,2554.894,grad,16468904448
3,2556.28,grad,16468904448
3,2557.547,grad,16468904448
3,2561.163,grad,16468904448
3,2562.538,grad,16468904448
3,2563.783,grad,16488040960
3,2565.029,grad,16510126592
3,2566.26,grad,16523954688
3,2568.306,grad,16523954688
3,2569.672,grad,16524280320
3,2571.705,grad,16685920768
3,2573.009,grad,16685920768
3,2574.245,grad,16685920768
3,2575.48,grad,16657413120
3,2576.722,grad,16584117760
3,2577.963,grad,16387575296
3,2579.265,grad,16304934400
3,2580.512,grad,16339078656
3,2581.751,grad,16443117056
3,2583.004,grad,16413986304
3,2584.246,grad,16303328768
3,2589.744,grad,16141848064
3,2596.121,grad,16141856256
3,2602.483,grad,16141856256
3,2608.856,grad,16141856256
3,2613.819,grad,16141856256
3,2615.24,grad,16149333504
3,2618.33,grad,16156802560
3,2619.783,grad,16166239744
3,2621.075,grad,16182084096
3,2622.311,grad,16218657280
3,2623.544,grad,16366637568
3,2624.781,grad,16451637760
3,2626.945,grad,16458981888
3,2628.212,grad,16469271040
3,2629.465,grad,16485115392
3,2630.702,grad,16520836608
3,2631.932,grad,16744314368
3,2633.173,grad,16757356032
3,2635.238,grad,16750872064
3,2636.489,grad,16760309248
3,2637.763,grad,16784345600
3,2639.12,grad,16812726784
3,2640.387,grad,17036204544
3,2641.644,grad,17050954240
3,2643.716,grad,17043614208
3,2645.033,grad,17053051392
3,2646.343,grad,17076235776
3,2647.595,grad,17143414272
3,2648.835,grad,17289297408
3,2650.109,grad,17328168448
3,2652.416,grad,17335504384
3,2653.682,grad,17344941568
3,2654.953,grad,17368125952
3,2656.199,grad,17435304448
3,2657.431,grad,17697579520
3,2658.674,grad,17620058624
3,2660.602,grad,17627394560
3,2661.878,grad,17636831744
3,2663.145,grad,17660016128
3,2664.382,grad,17688397312
3,2665.628,grad,17911875072
3,2666.879,grad,17911948800
3,2668.857,grad,17919284736
3,2670.145,grad,17928721920
3,2671.434,grad,17951906304
3,2672.679,grad,18019084800
3,2673.916,grad,18164967936
3,2675.171,grad,18218519040
3,2677.082,grad,18211174912
3,2678.34,grad,18220612096
3,2679.6,grad,18258476544
3,2680.839,grad,18325655040
3,2682.083,grad,18456858112
3,2683.345,grad,18510409216
3,2685.249,grad,18503065088
3,2686.503,grad,18512502272
3,2687.754,grad,18550366720
3,2689.018,grad,18617545216
3,2690.282,grad,18787545600
3,2691.522,grad,18809639424
3,2693.342,grad,18794955264
3,2694.781,grad,18804392448
3,2696.052,grad,18820236800
3,2697.34,grad,18855958016
3,2698.586,grad,19079435776
3,2699.837,grad,19079505408
3,2701.926,grad,19086845440
3,2703.215,grad,19096282624
3,2704.472,grad,19119467008
3,2705.75,grad,19186645504
3,2707.002,grad,19332528640
3,2708.23,grad,19400759808
3,2710.151,grad,19378735616
3,2711.413,grad,19388172800
3,2712.666,grad,19426037248
3,2713.897,grad,19493281280
3,2715.141,grad,19631758848
3,2717.831,grad,19670625792
3,2719.126,grad,19680062976
3,2720.379,grad,19717927424
3,2721.614,grad,19785105920
3,2722.845,grad,19916308992
3,2725.584,grad,19962515968
3,2726.847,grad,19971953152
3,2728.13,grad,20009817600
3,2729.364,grad,20076996096
3,2730.606,grad,20208199168
3,2733.427,grad,20254406144
3,2734.716,grad,20263843328
3,2735.964,grad,20301773312
3,2737.207,grad,20368951808
3,2738.435,grad,20507429376
3,2741.309,grad,20546296320
3,2742.582,grad,20555733504
3,2743.829,grad,20593597952
3,2745.074,grad,20660776448
3,2746.387,grad,20791979520
3,2749.17,grad,20838186496
3,2750.433,grad,20847623680
3,2751.7,grad,20885488128
3,2752.933,grad,20952666624
3,2754.246,grad,21083869696
3,2757.13,grad,21130076672
3,2758.393,grad,21139513856
3,2759.653,grad,21162698240
3,2760.905,grad,21244556800
3,2762.204,grad,21375759872
3,2764.916,grad,21421966848
3,2766.183,grad,21431404032
3,2767.46,grad,21469268480
3,2768.713,grad,21536512512
3,2769.95,grad,21674990080
3,2771.219,grad,21713857024
3,2772.823,grad,21713857024
3,2774.096,grad,21723294208
3,2775.34,grad,21761158656
3,2776.571,grad,21828337152
3,2777.856,grad,21959540224
3,2781.663,grad,22005747200
3,2782.938,grad,22015184384
3,2784.195,grad,22053048832
3,2785.426,grad,22120227328
3,2786.66,grad,22251430400
3,2789.537,grad,22297637376
3,2790.809,grad,22307074560
3,2792.068,grad,22330258944
3,2793.306,grad,22397437440
3,2794.557,grad,22543320576
3,2795.791,grad,22596871680
3,2797.67,grad,22589527552
3,2798.915,grad,22598964736
3,2800.168,grad,22636829184
3,2801.436,grad,22689327616
3,2802.71,grad,22796413440
3,2803.944,grad,22896101888
3,2805.785,grad,22881417728
3,2807.036,grad,22890854912
3,2808.277,grad,22928719360
3,2809.507,grad,22995963392
3,2810.76,grad,23134440960
3,2812.0,grad,23173307904
3,2813.612,grad,23173307904
3,2814.865,grad,23190085120
3,2816.121,grad,23220609536
3,2817.354,grad,23287788032
3,2818.586,grad,23418991104
3,2821.297,grad,23465198080
3,2822.721,grad,23474635264
3,2823.999,grad,23497819648
3,2825.239,grad,23579678208
3,2826.52,grad,23710881280
3,2829.349,grad,23757088256
3,2830.621,grad,23766525440
3,2831.875,grad,23804389888
3,2833.154,grad,23871568384
3,2834.428,grad,24002771456
3,2837.152,grad,24048978432
3,2838.406,grad,24065755648
3,2839.659,grad,24096345600
3,2840.904,grad,24163524096
3,2842.152,grad,24302001664
3,2843.384,grad,24326184448
3,2844.72,grad,25253135360
3,2846.683,grad,25253127168
3,2847.947,grad,24941700608
3,2849.21,grad,24941700608
3,2850.444,grad,24941700608
3,2851.701,grad,24941700608
3,2852.931,grad,24941691392
3,2854.233,grad,24333971968
3,2855.467,grad,24239862272
3,2856.707,grad,24172884480
3,2858.039,grad,24105116160
3,2859.27,grad,24085586432
3,2861.18,grad,24061353472
3,2862.459,grad,24080096768
3,2864.099,grad,24056471040
3,2865.338,grad,24061238784
3,2866.568,grad,24003218944
3,2867.805,grad,23913762304
3,2869.058,grad,23861009920
3,2870.297,grad,23817813504
3,2871.538,grad,23788337664
3,2873.028,grad,23780997632
3,2874.317,grad,23799872000
3,2875.735,grad,23776115200
3,2876.98,grad,23780866560
3,2878.213,grad,23754320384
3,2879.439,grad,23594609152
3,2880.676,grad,23551293952
3,2881.916,grad,23537457664
3,2883.158,grad,23500641792
3,2884.844,grad,23500641792
3,2886.125,grad,23519516160
3,2887.545,grad,23495759360
3,2888.784,grad,23500510720
3,2890.013,grad,23481304576
3,2891.274,grad,23314253312
3,2892.52,grad,23285614080
3,2893.762,grad,23249761792
3,2894.993,grad,23220285952
3,2896.417,grad,23220285952
3,2897.694,grad,23239160320
3,2899.141,grad,23215403520
3,2900.379,grad,23220154880
3,2901.65,grad,23193608704
3,2902.897,grad,23111492096
3,2904.14,grad,22991303168
3,2905.367,grad,22970126848
3,2906.597,grad,22959525376
3,2907.894,grad,22940651008
3,2909.173,grad,22959525376
3,2910.676,grad,22935768576
3,2911.929,grad,22940536320
3,2913.188,grad,22882516480
3,2914.444,grad,22831857152
3,2915.7,grad,22740307456
3,2916.933,grad,22697111040
3,2918.178,grad,22660295168
3,2919.635,grad,22660295168
3,2920.924,grad,22679169536
3,2922.662,grad,22655412736
3,2923.904,grad,22660164096
3,2925.147,grad,22640957952
3,2926.376,grad,22551796224
3,2927.606,grad,22430890496
3,2928.831,grad,22402370048
3,2930.068,grad,22387574272
3,2931.424,grad,22380234240
3,2932.735,grad,22399108608
3,2934.187,grad,22375351808
3,2935.422,grad,22380103168
3,2936.657,grad,22353556992
3,2937.884,grad,22271440384
3,2939.12,grad,22150542848
3,2940.349,grad,22129354240
3,2941.607,grad,22118228480
3,2942.921,grad,22099878400
3,2944.207,grad,22118752768
3,2945.647,grad,22094995968
3,2946.883,grad,22099747328
3,2948.127,grad,22080606720
3,2949.367,grad,21991150080
3,2950.603,grad,21870244352
3,2951.847,grad,21841723904
3,2953.102,grad,21820636672
3,2954.595,grad,21819588096
3,2955.859,grad,21838462464
3,2957.534,grad,21814705664
3,2958.799,grad,21819457024
3,2960.032,grad,21792976384
3,2961.288,grad,21633265152
3,2962.539,grad,21589949952
3,2963.779,grad,21561433600
3,2965.006,grad,21546637824
3,2966.367,grad,21539297792
3,2967.649,grad,21558172160
3,2969.131,grad,21534415360
3,2970.371,grad,21539183104
3,2971.614,grad,21481228800
3,2972.872,grad,21391772160
3,2974.117,grad,21339015680
3,2975.346,grad,21288483328
3,2976.573,grad,21259007488
3,2978.02,grad,21259007488
3,2979.301,grad,21277881856
3,2980.719,grad,21254125056
3,2981.99,grad,21258876416
3,2983.242,grad,21232395776
3,2984.472,grad,21150279168
3,2985.706,grad,21029766656
3,2986.934,grad,21008586240
3,2988.175,grad,20990120448
3,2989.488,grad,20979110400
3,2990.772,grad,20997984768
3,2992.274,grad,20974227968
3,2993.532,grad,20978979328
3,2994.802,grad,21037433344
3,2996.051,grad,20870316544
3,2997.283,grad,20756742656
3,2998.558,grad,20728295936
3,2999.796,grad,20701376000
3,3001.556,grad,20698754560
3,3002.896,grad,20717563392
3,3004.565,grad,20693872128
3,3005.83,grad,20698635776
3,3007.104,grad,20679417344
3,3008.349,grad,20590026240
3,3009.593,grad,20469112320
3,3010.838,grad,20462292480
3,3012.099,grad,20450037248
3,3013.36,grad,20418464256
3,3014.608,grad,20433144320
3,3015.91,grad,20437338624
3,3017.508,grad,20413581824
3,3018.78,grad,20418345472
3,3020.026,grad,20360329728
3,3021.264,grad,20317075968
3,3022.514,grad,20188822016
3,3023.76,grad,20167715328
3,3025.005,grad,20140795392
3,3026.65,grad,20138173952
3,3027.917,grad,20157113856
3,3029.371,grad,20133291520
3,3030.649,grad,20130702848
3,3032.055,grad,20118902272
3,3033.319,grad,20036785664
3,3034.556,grad,19947329024
3,3035.795,grad,19886966272
3,3037.032,grad,19859456512
3,3038.649,grad,19857883648
3,3039.911,grad,19876758016
3,3041.451,grad,19853001216
3,3042.714,grad,19857752576
3,3043.958,grad,19831206400
3,3045.227,grad,19749155328
3,3046.46,grad,19628245504
3,3047.699,grad,19607069184
3,3048.93,grad,19595943424
3,3050.231,grad,19577593344
3,3051.482,grad,19596795392
3,3053.098,grad,19572710912
3,3054.345,grad,19577462272
3,3055.587,grad,19550916096
3,3056.818,grad,19430067712
3,3058.059,grad,19347959296
3,3059.293,grad,19319438848
3,3060.523,grad,19304643072
3,3062.009,grad,19297303040
3,3063.263,grad,19316177408
3,3064.683,grad,19292420608
3,3065.92,grad,19297171968
3,3067.177,grad,19355625984
3,3068.43,grad,19203254784
3,3069.695,grad,19067660800
3,3070.942,grad,19046095360
3,3072.195,grad,19018061312
3,3073.888,grad,19017012736
3,3075.184,grad,19035887104
3,3076.601,grad,19012130304
3,3077.837,grad,19016881664
3,3079.081,grad,18997675520
3,3080.313,grad,18830689792
3,3081.543,grad,18802050560
3,3082.802,grad,18766198272
3,3084.058,grad,18736722432
3,3085.482,grad,18736722432
3,3086.748,grad,18755596800
3,3088.207,grad,18731840000
3,3089.447,grad,18736591360
3,3090.693,grad,18710045184
3,3091.928,grad,18627994112
3,3093.201,grad,18507080192
3,3094.437,grad,18485907968
3,3095.679,grad,18456432128
3,3097.137,grad,18456432128
3,3098.414,grad,18475306496
3,3099.834,grad,18451549696
3,3101.083,grad,18463641088
3,3102.396,grad,18437160448
3,3103.642,grad,18355043840
3,3104.875,grad,18258247168
3,3106.115,grad,18219970048
3,3107.348,grad,18176141824
3,3109.143,grad,18176141824
3,3110.379,grad,18195343872
3,3112.014,grad,18171259392
3,3113.267,grad,18176010752
3,3114.501,grad,18156804608
3,3115.76,grad,17989818880
3,3116.991,grad,17975859712
3,3118.223,grad,17925327360
3,3119.472,grad,17895851520
3,3120.964,grad,17895851520
3,3122.225,grad,17914136064
3,3124.025,grad,17890969088
3,3125.278,grad,17910404608
3,3126.517,grad,17876579840
3,3127.755,grad,17809208832
3,3128.986,grad,17712346624
3,3130.22,grad,17658865152
3,3131.45,grad,17646142976
3,3132.715,grad,17622901248
3,3134.027,grad,17615561216
3,3135.343,grad,17634304512
3,3137.097,grad,17610678784
3,3138.349,grad,17608090112
3,3139.683,grad,17596289536
3,3140.92,grad,17514172928
3,3142.174,grad,17439396352
3,3143.465,grad,17379033600
3,3144.716,grad,17365271040
3,3146.664,grad,17335270912
3,3147.965,grad,17354145280
3,3149.445,grad,17330388480
3,3150.683,grad,17335143936
3,3151.916,grad,17315933696
3,3153.16,grad,17226542592
3,3154.4,grad,17105628672
3,3155.71,grad,17084521984
3,3156.941,grad,17056225792
3,3158.553,grad,17054128640
3,3159.849,grad,17073003008
3,3161.392,grad,17048394240
3,3162.639,grad,17053157888
3,3163.883,grad,17033939456
3,3165.127,grad,16944548352
3,3166.357,grad,16824486400
3,3167.593,grad,16803772928
3,3168.828,grad,16775738880
3,3170.622,grad,16773838336
3,3171.867,grad,16793040384
3,3173.564,grad,16768955904
3,3174.82,grad,16766367232
3,3176.07,grad,16751289856
3,3177.302,grad,16670615040
3,3178.531,grad,16588236288
3,3179.834,grad,16527021568
3,3181.076,grad,16516929024
3,3182.307,grad,16490336768
3,3183.543,grad,16513339904
3,3184.938,grad,16477622784
3,3186.193,grad,16485454336
3,3187.428,grad,16468185600
3,3188.662,grad,16468185600
3,3189.887,grad,16468185600
3,3191.434,grad,16468185088
3,3193.44,grad,16468185088
3,3194.738,grad,16468185088
3,3196.098,grad,16468185088
3,3197.349,grad,16468185088
3,3200.936,grad,16468185088
3,3202.347,grad,16468185088
3,3203.593,grad,16486338560
3,3204.839,grad,16507965440
3,3206.088,grad,16523235328
3,3207.923,grad,16523235328
3,3209.169,grad,16523245568
3,3210.405,grad,16685201408
3,3211.646,grad,16685201408
3,3213.443,grad,16685201408
3,3214.722,grad,16684218880
3,3216.057,grad,16629667328
3,3217.292,grad,16463926272
3,3218.559,grad,16303330304
3,3219.795,grad,16304772096
3,3221.023,grad,16407729152
3,3222.252,grad,16460420096
3,3223.487,grad,16351335424
3,3229.697,grad,16143455232
3,3236.055,grad,16143463424
3,3242.405,grad,16143463424
3,3248.751,grad,16143463424
3,3253.19,grad,16143463424
3,3254.454,grad,16150940672
3,3257.331,grad,16158409728
3,3258.666,grad,16167846912
3,3259.913,grad,16183691264
3,3261.156,grad,16241436672
3,3262.384,grad,16366278656
3,3263.623,grad,16444004352
3,3265.897,grad,16458688512
3,3267.167,grad,16468125696
3,3268.411,grad,16491310080
3,3269.643,grad,16558488576
3,3270.871,grad,16704371712
3,3272.136,grad,16728554496
3,3274.442,grad,16750578688
3,3275.765,grad,16760015872
3,3277.022,grad,16775860224
3,3278.296,grad,16811581440
3,3279.527,grad,17112653824
3,3280.765,grad,17035132928
3,3282.812,grad,17042468864
3,3284.318,grad,17051906048
3,3285.587,grad,17075090432
3,3286.821,grad,17103471616
3,3288.064,grad,17249354752
3,3289.295,grad,17341694976
3,3291.391,grad,17334359040
3,3292.646,grad,17343796224
3,3293.897,grad,17366980608
3,3295.169,grad,17395361792
3,3296.408,grad,17618839552
3,3297.636,grad,17618913280
3,3299.645,grad,17626249216
3,3300.898,grad,17635686400
3,3302.193,grad,17658870784
3,3303.425,grad,17726049280
3,3304.72,grad,17871932416
3,3305.976,grad,17925483520
3,3307.89,grad,17918139392
3,3309.152,grad,17927576576
3,3310.395,grad,17950760960
3,3311.629,grad,18017939456
3,3312.871,grad,18280214528
3,3314.129,grad,18202693632
3,3316.203,grad,18210029568
3,3317.477,grad,18219466752
3,3318.742,grad,18242651136
3,3320.008,grad,18309829632
3,3321.245,grad,18572104704
3,3322.48,grad,18509263872
3,3324.456,grad,18501919744
3,3325.874,grad,18511356928
3,3327.142,grad,18534541312
3,3328.376,grad,18601719808
3,3329.606,grad,18747602944
3,3330.861,grad,18801154048
3,3332.787,grad,18793809920
3,3334.07,grad,18803247104
3,3335.369,grad,18826431488
3,3336.646,grad,18893609984
3,3337.878,grad,19078290432
3,3339.13,grad,19093044224
3,3341.027,grad,19085700096
3,3342.277,grad,19095137280
3,3343.522,grad,19118321664
3,3344.761,grad,19185500160
3,3346.003,grad,19331383296
3,3347.23,grad,19370254336
3,3349.16,grad,19377590272
3,3350.412,grad,19387027456
3,3351.723,grad,19410211840
3,3352.995,grad,19477390336
3,3354.228,grad,19739665408
3,3355.468,grad,19662148608
3,3357.428,grad,19669480448
3,3358.693,grad,19678917632
3,3359.94,grad,19702102016
3,3361.181,grad,19769280512
3,3362.414,grad,19915163648
3,3363.674,grad,19968714752
3,3365.625,grad,19961370624
3,3367.035,grad,19970807808
3,3368.333,grad,19993992192
3,3369.573,grad,20061170688
3,3370.832,grad,20245851136
3,3372.075,grad,20245924864
3,3374.098,grad,20253260800
3,3375.367,grad,20262697984
3,3376.641,grad,20300562432
3,3377.875,grad,20367740928
3,3379.117,grad,20498944000
3,3380.345,grad,20552495104
3,3382.267,grad,20545150976
3,3383.523,grad,20554588160
3,3384.775,grad,20577772544
3,3386.063,grad,20644951040
3,3387.327,grad,20790834176
3,3388.579,grad,20844385280
3,3390.515,grad,20837041152
3,3391.8,grad,20846478336
3,3393.056,grad,20869662720
3,3394.301,grad,20936841216
3,3395.547,grad,21121521664
3,3396.792,grad,21121599488
3,3398.718,grad,21128931328
3,3399.984,grad,21138368512
3,3401.248,grad,21176232960
3,3402.481,grad,21228731392
3,3403.718,grad,21374614528
3,3405.038,grad,21420821504
3,3406.875,grad,21420821504
3,3408.296,grad,21430258688
3,3409.551,grad,21453443072
3,3410.791,grad,21520621568
3,3412.023,grad,21782896640
3,3413.255,grad,21705375744
3,3415.202,grad,21712711680
3,3416.462,grad,21722148864
3,3417.741,grad,21760013312
3,3418.983,grad,21827191808
3,3420.279,grad,21958394880
3,3423.105,grad,22004601856
3,3424.382,grad,22014039040
3,3425.652,grad,22051903488
3,3426.897,grad,22119081984
3,3428.14,grad,22366676992
3,3429.37,grad,22289160192
3,3431.332,grad,22296492032
3,3432.593,grad,22305929216
3,3433.875,grad,22329113600
3,3435.125,grad,22396292096
3,3436.391,grad,22658567168
3,3437.629,grad,22595726336
3,3439.518,grad,22588382208
3,3440.777,grad,22597819392
3,3442.022,grad,22621003776
3,3443.252,grad,22688182272
3,3444.506,grad,22834065408
3,3445.747,grad,22887616512
3,3447.652,grad,22880272384
3,3449.064,grad,22889709568
3,3450.319,grad,22912893952
3,3451.55,grad,22980072448
3,3452.798,grad,23164752896
3,3454.027,grad,23179506688
3,3455.922,grad,23172162560
3,3457.204,grad,23181599744
3,3458.449,grad,23204784128
3,3459.684,grad,23271962624
3,3460.923,grad,23534237696
3,3462.18,grad,23456720896
3,3464.167,grad,23464052736
3,3465.425,grad,23473489920
3,3466.687,grad,23511354368
3,3467.945,grad,23578532864
3,3469.197,grad,23670938624
3,3470.427,grad,23770627072
3,3472.3,grad,23755942912
3,3473.555,grad,23765380096
3,3474.805,grad,23788564480
3,3476.064,grad,23855742976
3,3477.315,grad,24118018048
3,3478.556,grad,24055177216
3,3480.475,grad,24047833088
3,3481.753,grad,24057270272
3,3483.063,grad,24095134720
3,3484.29,grad,24162313216
3,3485.524,grad,24293516288
3,3486.836,grad,24325043200
3,3488.124,grad,25882195968
3,3490.407,grad,25251981824
3,3491.667,grad,24940555264
3,3492.91,grad,24940555264
3,3494.15,grad,24940555264
3,3495.383,grad,24940555264
3,3496.626,grad,25251973120
3,3497.869,grad,24332826624
3,3499.113,grad,24316377088
3,3500.422,grad,24157779968
3,3501.669,grad,24104232960
3,3502.905,grad,24101373952
3,3504.148,grad,24060929024
3,3505.461,grad,24090813440
3,3506.908,grad,24055555072
3,3508.51,grad,24056046592
3,3509.774,grad,24060810240
3,3511.008,grad,24002794496
3,3512.248,grad,23920677888
3,3513.488,grad,23845901312
3,3514.731,grad,23810049024
3,3515.981,grad,23780573184
3,3517.481,grad,23780573184
3,3518.8,grad,23799447552
3,3520.278,grad,23775690752
3,3521.519,grad,23780446208
3,3522.783,grad,23761235968
3,3524.017,grad,23594184704
3,3525.247,grad,23580229632
3,3526.503,grad,23537033216
3,3527.757,grad,23500217344
3,3529.245,grad,23500217344
3,3530.571,grad,23519091712
3,3532.098,grad,23495334912
3,3533.338,grad,23500086272
3,3534.57,grad,23473540096
3,3535.806,grad,23391423488
3,3537.061,grad,23270525952
3,3538.298,grad,23249337344
3,3539.526,grad,23231395840
3,3540.868,grad,23219861504
3,3542.191,grad,23238735872
3,3543.808,grad,23214979072
3,3545.075,grad,23219742720
3,3546.316,grad,23200524288
3,3547.572,grad,23033473024
3,3548.817,grad,22990157824
3,3550.059,grad,22976321536
3,3551.292,grad,22939505664
3,3552.756,grad,22939505664
3,3554.048,grad,22958380032
3,3555.478,grad,22934623232
3,3556.741,grad,22939378688
3,3557.989,grad,22881371136
3,3559.223,grad,22791914496
3,3560.453,grad,22739158016
3,3561.694,grad,22688625664
3,3562.929,grad,22659149824
3,3564.418,grad,22659149824
3,3565.694,grad,22678089728
3,3567.143,grad,22654267392
3,3568.391,grad,22659018752
3,3569.626,grad,22632472576
3,3570.858,grad,22511558656
3,3572.104,grad,22444122112
3,3573.356,grad,22408269824
3,3574.596,grad,22379842560
3,3576.115,grad,22378793984
3,3577.417,grad,22397668352
3,3578.853,grad,22373911552
3,3580.103,grad,22381284352
3,3581.35,grad,22371318784
3,3582.592,grad,22352116736
3,3583.861,grad,22272424960
3,3585.105,grad,22149082112
3,3586.343,grad,22113233920
3,3587.593,grad,22098438144
3,3588.934,grad,22128322560
3,3590.285,grad,22093064192
3,3591.526,grad,22100895744
3,3592.777,grad,22127663104
3,3594.01,grad,22032963584
3,3595.24,grad,22067238912
3,3596.478,grad,21868730368
3,3597.739,grad,21847558144
3,3598.983,grad,21825422336
3,3600.357,grad,21818082304
3,3601.6,grad,21836891136
3,3603.199,grad,21813199872
3,3604.435,grad,21817967616
3,3605.671,grad,21759947776
3,3606.905,grad,21709288448
3,3608.176,grad,21617734656
3,3609.412,grad,21567202304
3,3610.642,grad,21537726464
3,3612.124,grad,21537726464
3,3613.419,grad,21556600832
3,3614.892,grad,21532844032
3,3616.157,grad,21530255360
3,3617.431,grad,21518454784
3,3618.683,grad,21443612672
3,3619.918,grad,21308018688
3,3621.161,grad,21286453248
3,3622.396,grad,21258419200
3,3624.109,grad,21257370624
3,3625.409,grad,21276244992
3,3626.847,grad,21252488192
3,3628.123,grad,21257247744
3,3629.365,grad,21199301632
3,3630.603,grad,21109844992
3,3631.836,grad,21027728384
3,3633.082,grad,21021301760
3,3634.313,grad,20978128896
3,3635.834,grad,20977080320
3,3637.085,grad,20995954688
3,3638.505,grad,20972197888
3,3639.75,grad,20976949248
3,3640.985,grad,20957808640
3,3642.219,grad,20829554688
3,3643.448,grad,20776802304
3,3644.683,grad,20726265856
3,3645.918,grad,20696790016
3,3647.37,grad,20696790016
3,3648.653,grad,20715664384
3,3650.109,grad,20691907584
3,3651.358,grad,20696658944
3,3652.604,grad,20677583872
3,3653.838,grad,20602741760
3,3655.082,grad,20505945088
3,3656.316,grad,20445582336
3,3657.553,grad,20418072576
3,3659.239,grad,20416499712
3,3660.507,grad,20435374080
3,3661.945,grad,20411617280
3,3663.194,grad,20416368640
3,3664.426,grad,20389888000
3,3665.661,grad,20230176768
3,3666.899,grad,20186861568
3,3668.169,grad,20173025280
3,3669.428,grad,20143549440
3,3670.893,grad,20136209408
3,3672.152,grad,20155018240
3,3673.655,grad,20131326976
3,3674.904,grad,20136078336
3,3676.148,grad,20116872192
3,3677.404,grad,20027415552
3,3678.659,grad,19906505728
3,3679.893,grad,19892669440
3,3681.137,grad,19855853568
3,3682.55,grad,19855853568
3,3683.823,grad,19874727936
3,3685.291,grad,19850971136
3,3686.529,grad,19855722496
3,3687.81,grad,19914176512
3,3689.078,grad,19747059712
3,3690.323,grad,19618805760
3,3691.593,grad,19605039104
3,3692.846,grad,19578643456
3,3694.481,grad,19575497728
3,3695.743,grad,19594372096
3,3697.215,grad,19570615296
3,3698.472,grad,19575366656
3,3699.717,grad,19548820480
3,3700.949,grad,19389109248
3,3702.191,grad,19375215616
3,3703.434,grad,19324683264
3,3704.672,grad,19295207424
3,3706.13,grad,19295207424
3,3707.412,grad,19314081792
3,3708.858,grad,19290324992
3,3710.22,grad,19295076352
3,3711.624,grad,19280392192
3,3713.016,grad,19237072896
3,3714.385,grad,19201093632
3,3715.683,grad,19111636992
3,3717.101,grad,19065511936
3,3718.493,grad,19059073024
3,3719.902,grad,19016424448
3,3721.295,grad,19014851584
3,3722.566,grad,19044211712
3,3723.902,grad,19033725952
3,3725.46,grad,19009969152
3,3726.725,grad,19007380480
3,3728.018,grad,18993155072
3,3729.371,grad,18913528832
3,3730.62,grad,18831346688
3,3731.899,grad,18778323968
3,3733.156,grad,18758794240
3,3735.081,grad,18734561280
3,3736.383,grad,18753435648
3,3737.849,grad,18729678848
3,3739.103,grad,18734442496
3,3740.339,grad,18715617280
3,3741.573,grad,18633500672
3,3742.809,grad,18505246720
3,3744.055,grad,18484140032
3,3745.305,grad,18457220096
3,3746.93,grad,18454598656
3,3748.183,grad,18473341952
3,3749.789,grad,18449716224
3,3751.028,grad,18454483968
3,3752.259,grad,18435261440
3,3753.487,grad,18346198016
3,3754.72,grad,18263753728
3,3755.965,grad,18203390976
3,3757.206,grad,18175356928
3,3758.985,grad,18174308352
3,3760.244,grad,18193051648
3,3761.859,grad,18169425920
3,3763.11,grad,18166837248
3,3764.376,grad,18155036672
3,3765.609,grad,18073247744
3,3766.841,grad,17991131136
3,3768.136,grad,17937715200
3,3769.37,grad,17918185472
3,3770.604,grad,17901292544
3,3771.837,grad,17924295680
3,3773.193,grad,17888578560
3,3774.43,grad,17896410112
3,3775.669,grad,17908501504
3,3776.9,grad,17867668480
3,3778.14,grad,17761500160
3,3779.367,grad,17671650304
3,3780.646,grad,17643203584
3,3781.88,grad,17615759360
3,3783.502,grad,17613662208
3,3784.815,grad,17632536576
3,3786.313,grad,17608779776
3,3787.552,grad,17613531136
3,3788.792,grad,17555920896
3,3790.023,grad,17473476608
3,3791.251,grad,17376679936
3,3792.483,grad,17362454528
3,3793.72,grad,17334420480
3,3795.512,grad,17333371904
3,3796.758,grad,17352115200
3,3798.41,grad,17328489472
3,3799.646,grad,17325900800
3,3800.98,grad,17314100224
3,3802.214,grad,17232311296
3,3803.457,grad,17142461440
3,3804.696,grad,17082098688
3,3805.952,grad,17078297600
3,3807.866,grad,17053016064
3,3809.111,grad,17071824896
3,3810.664,grad,17048133632
3,3811.899,grad,17052893184
3,3813.146,grad,17033678848
3,3814.379,grad,16951955456
3,3815.612,grad,16823308288
3,3816.869,grad,16802201600
3,3818.116,grad,16774233088
3,3819.942,grad,16772660224
3,3821.195,grad,16791403520
3,3822.784,grad,16767777792
3,3824.039,grad,16772533248
3,3825.271,grad,16714525696
3,3826.5,grad,16632802304
3,3827.734,grad,16534629376
3,3829.089,grad,16513522688
3,3830.356,grad,16486078464
3,3832.06,grad,16483719168
3,3833.369,grad,16502659072
3,3834.837,grad,16478836736
3,3836.09,grad,16468908032
3,3837.334,grad,16468908032
3,3838.568,grad,16468908032
3,3840.3,grad,16468907520
3,3842.222,grad,16468907520
3,3843.503,grad,16468907520
3,3844.859,grad,16468907520
3,3846.127,grad,16468907520
3,3849.512,grad,16468907520
3,3850.86,grad,16468907520
3,3852.113,grad,16486536704
3,3853.35,grad,16508163584
3,3854.618,grad,16523957760
3,3856.404,grad,16523957760
3,3857.648,grad,16523968000
3,3858.899,grad,16685923840
3,3860.424,grad,16685923840
3,3861.68,grad,16685923840
3,3862.925,grad,16685923840
3,3864.17,grad,16630390272
3,3865.407,grad,16522516992
3,3866.716,grad,16338098688
3,3868.166,grad,16304937472
3,3869.408,grad,16408517120
3,3870.682,grad,16454916608
3,3871.925,grad,16342260224
3,3877.88,grad,16141851136
3,3884.25,grad,16141859328
3,3890.624,grad,16141859328
3,3896.965,grad,16141859328
3,3901.811,grad,16141859328
3,3903.162,grad,16149336576
3,3906.164,grad,16156805632
3,3907.525,grad,16166242816
3,3908.786,grad,16182087168
3,3910.124,grad,16218660352
3,3911.408,grad,16444235264
3,3912.766,grad,16451644928
3,3914.879,grad,16458984960
3,3916.171,grad,16469274112
3,3917.447,grad,16485118464
3,3918.747,grad,16520839680
3,3919.989,grad,16744317440
3,3921.237,grad,16742683136
3,3923.286,grad,16750875136
3,3924.548,grad,16760312320
3,3925.826,grad,16784348672
3,3927.101,grad,16851527168
3,3928.346,grad,17113802240
3,3929.581,grad,17036281344
3,3931.506,grad,17043617280
3,3933.01,grad,17053054464
3,3934.276,grad,17076238848
3,3935.546,grad,17143417344
3,3936.795,grad,17328097792
3,3938.063,grad,17342851584
3,3939.936,grad,17335507456
3,3941.221,grad,17344944640
3,3942.512,grad,17368129024
3,3943.768,grad,17435307520
3,3945.008,grad,17619987968
3,3946.248,grad,17634741760
3,3948.106,grad,17627397632
3,3949.363,grad,17636834816
3,3950.607,grad,17660019200
3,3951.852,grad,17727197696
3,3953.11,grad,17989472768
3,3954.35,grad,17911951872
3,3956.377,grad,17919287808
3,3957.645,grad,17928724992
3,3958.9,grad,17966589440
3,3960.153,grad,18019087872
3,3961.387,grad,18203768320
3,3962.632,grad,18218522112
3,3964.515,grad,18211177984
3,3965.778,grad,18220615168
3,3967.031,grad,18243799552
3,3968.303,grad,18310978048
3,3969.548,grad,18495658496
3,3970.782,grad,18525092352
3,3972.599,grad,18503068160
3,3974.084,grad,18512505344
3,3975.38,grad,18535689728
3,3976.655,grad,18602868224
3,3977.92,grad,18709954048
3,3979.192,grad,18816982528
3,3981.01,grad,18794958336
3,3982.289,grad,18804395520
3,3983.545,grad,18827579904
3,3984.801,grad,18894758400
3,3986.069,grad,19157033472
3,3987.319,grad,19079508480
3,3989.325,grad,19086848512
3,3990.591,grad,19096285696
3,3991.865,grad,19119470080
3,3993.187,grad,19201328640
3,3994.513,grad,19371329024
3,3995.794,grad,19386082816
3,3997.77,grad,19378738688
3,3999.11,grad,19388175872
3,4000.451,grad,19404020224
3,4001.784,grad,19439741440
3,4003.115,grad,19585624576
3,4004.439,grad,19655944704
3,4006.758,grad,19670628864
3,4008.123,grad,19680066048
3,4009.446,grad,19695910400
3,4010.818,grad,19731631616
3,4012.077,grad,19877514752
3,4013.362,grad,19962514944
3,4015.629,grad,19962519040
3,4017.152,grad,19971956224
3,4018.432,grad,19995140608
3,4019.686,grad,20062319104
3,4020.951,grad,20208202240
3,4022.208,grad,20247077376
3,4024.196,grad,20254409216
3,4025.463,grad,20263846400
3,4026.719,grad,20301710848
3,4027.977,grad,20368954880
3,4029.264,grad,20500092416
3,4032.105,grad,20546299392
3,4033.362,grad,20555736576
3,4034.611,grad,20593601024
3,4035.852,grad,20660779520
3,4037.107,grad,20830779904
3,4038.35,grad,20845533696
3,4040.233,grad,20838189568
3,4041.49,grad,20847626752
3,4042.764,grad,20885491200
3,4044.011,grad,20952669696
3,4045.269,grad,21045075456
3,4048.133,grad,21130079744
3,4049.401,grad,21146856960
3,4050.658,grad,21177446912
3,4051.896,grad,21244625408
3,4053.191,grad,21375762944
3,4055.94,grad,21421969920
3,4057.384,grad,21431407104
3,4058.645,grad,21454591488
3,4059.883,grad,21521769984
3,4061.155,grad,21784045056
3,4062.396,grad,21721204224
3,4064.291,grad,21713860096
3,4065.555,grad,21723297280
3,4066.808,grad,21761227264
3,4068.066,grad,21828405760
3,4069.312,grad,21959543296
3,4072.053,grad,22005750272
3,4073.321,grad,22015187456
3,4074.572,grad,22053051904
3,4075.84,grad,22120295936
3,4077.097,grad,22251433472
3,4079.93,grad,22297640448
3,4081.238,grad,22307077632
3,4082.49,grad,22344942080
3,4083.757,grad,22412186112
3,4084.999,grad,22550663680
3,4087.644,grad,22589530624
3,4088.907,grad,22606307840
3,4090.167,grad,22636832256
3,4091.433,grad,22704010752
3,4092.695,grad,22835213824
3,4095.485,grad,22881420800
3,4096.83,grad,22890857984
3,4098.121,grad,22914042368
3,4099.36,grad,22981220864
3,4100.597,grad,23165901312
3,4103.481,grad,23173310976
3,4104.764,grad,23182748160
3,4106.028,grad,23220612608
3,4107.325,grad,23273111040
3,4108.579,grad,23535386112
3,4109.811,grad,23457869312
3,4111.945,grad,23465201152
3,4113.326,grad,23474638336
3,4114.625,grad,23490482688
3,4115.946,grad,23526203904
3,4117.229,grad,23672087040
3,4118.537,grad,23742407168
3,4120.942,grad,23757091328
3,4122.288,grad,23766528512
3,4123.554,grad,23789712896
3,4124.799,grad,23818094080
3,4126.065,grad,24041571840
3,4127.319,grad,24041645568
3,4129.342,grad,24048981504
3,4130.609,grad,24058418688
3,4131.898,grad,24096283136
3,4133.181,grad,24163461632
3,4134.423,grad,24294664704
3,4135.661,grad,24326187520
3,4137.031,grad,25253138432
3,4139.011,grad,25253130240
3,4140.273,grad,24941703680
3,4141.534,grad,24941703680
3,4142.793,grad,24941703680
3,4144.04,grad,24941703680
3,4145.286,grad,24362880512
3,4146.544,grad,24400035328
3,4147.794,grad,24232918528
3,4148.992,grad,24158141952
3,4150.236,grad,24105184768
3,4151.482,grad,24061356544
3,4153.426,grad,24061356544
3,4154.732,grad,24080230912
3,4156.515,grad,24056474112
3,4157.789,grad,24061225472
3,4158.994,grad,24042019328
3,4160.241,grad,23952562688
3,4161.479,grad,23831656960
3,4162.729,grad,23810476544
3,4163.981,grad,23799875072
3,4165.28,grad,23781000704
3,4166.555,grad,23799875072
3,4168.035,grad,23776118272
3,4169.293,grad,23780869632
3,4170.532,grad,23754323456
3,4171.778,grad,23633409536
3,4173.029,grad,23551301120
3,4174.277,grad,23522780672
3,4175.511,grad,23512179200
3,4176.835,grad,23500644864
3,4178.136,grad,23519519232
3,4179.554,grad,23495762432
3,4180.792,grad,23500513792
3,4182.032,grad,23473967616
3,4183.284,grad,23391851008
3,4184.529,grad,23270945280
3,4185.763,grad,23249764864
3,4187.003,grad,23239163392
3,4188.297,grad,23220289024
3,4189.574,grad,23239228928
3,4191.183,grad,23215406592
3,4192.45,grad,23220157952
3,4193.704,grad,23232409088
3,4194.979,grad,23111495168
3,4196.23,grad,22991302144
3,4197.501,grad,22970129920
3,4198.773,grad,22955334144
3,4200.03,grad,22955334144
3,4201.289,grad,22944848384
3,4202.713,grad,22935771648
3,4203.986,grad,22940523008
3,4205.233,grad,22921316864
3,4206.476,grad,22839200256
3,4207.726,grad,22703606272
3,4208.983,grad,22704519680
3,4210.229,grad,22661346816
3,4211.75,grad,22660298240
3,4213.079,grad,22678648320
3,4214.321,grad,22655038976
3,4215.868,grad,22655415808
3,4217.127,grad,22652827136
3,4218.382,grad,22638601728
3,4219.651,grad,22559204864
3,4220.886,grad,22484362752
3,4222.136,grad,22424000000
3,4223.383,grad,22404470272
3,4225.226,grad,22380237312
3,4226.491,grad,22399111680
3,4227.907,grad,22375354880
3,4229.198,grad,22409466368
3,4230.456,grad,22360900096
3,4231.722,grad,22278783488
3,4232.998,grad,22143189504
3,4234.258,grad,22144102912
3,4235.503,grad,22100930048
3,4237.03,grad,22099881472
3,4238.29,grad,22118755840
3,4239.672,grad,22094999040
3,4240.937,grad,22099750400
3,4242.2,grad,22073269760
3,4243.452,grad,21991153152
3,4244.703,grad,21870239232
3,4245.946,grad,21849067008
3,4247.209,grad,21821164032
3,4248.848,grad,21819591168
3,4250.153,grad,21838465536
3,4251.577,grad,21814708736
3,4252.838,grad,21819460096
3,4254.108,grad,21792979456
3,4255.357,grad,21710862848
3,4256.593,grad,21589948928
3,4257.83,grad,21561436672
3,4259.107,grad,21553980928
3,4260.354,grad,21553980928
3,4261.856,grad,21533926912
3,4263.11,grad,21541758464
3,4264.576,grad,21568525824
3,4265.837,grad,21512689152
3,4267.09,grad,21430572544
3,4268.333,grad,21339014656
3,4269.589,grad,21273806336
3,4270.832,grad,21266350592
3,4272.086,grad,21273690624
3,4273.583,grad,21253636608
3,4274.842,grad,21261468160
3,4276.097,grad,21302915584
3,4277.355,grad,21154804224
3,4278.609,grad,21150282240
3,4279.858,grad,21029765632
3,4281.114,grad,21008589312
3,4282.349,grad,20997463552
3,4283.638,grad,20979113472
3,4284.914,grad,20983307776
3,4286.35,grad,20974231040
3,4287.59,grad,20978982400
3,4288.852,grad,20952436224
3,4290.122,grad,20831522304
3,4291.36,grad,20749413888
3,4292.593,grad,20720893440
3,4293.834,grad,20709767680
3,4295.236,grad,20698757632
3,4296.57,grad,20717632000
3,4298.094,grad,20701215232
3,4299.594,grad,20713306624
3,4300.859,grad,20672080384
3,4302.115,grad,20590029312
3,4303.377,grad,20469123584
3,4304.648,grad,20440603136
3,4305.895,grad,20420040192
3,4307.608,grad,20418467328
3,4308.86,grad,20437407232
3,4310.363,grad,20413584896
3,4311.611,grad,20418336256
3,4312.86,grad,20399195648
3,4314.108,grad,20394345984
3,4315.359,grad,20309739008
3,4316.603,grad,20196165120
3,4317.862,grad,20182005248
3,4319.121,grad,20163982848
3,4321.068,grad,20138177024
3,4322.382,grad,20157051392
3,4323.893,grad,20133294592
3,4325.182,grad,20138045952
3,4326.426,grad,20111499776
3,4327.656,grad,20029448704
3,4328.891,grad,19908542976
3,4330.172,grad,19880022528
3,4331.41,grad,19865226752
3,4332.804,grad,19857886720
3,4334.004,grad,19876695552
3,4335.518,grad,19853004288
3,4336.764,grad,19860377088
3,4338.02,grad,19843071488
3,4339.364,grad,19833699840
3,4340.633,grad,19673988608
3,4341.89,grad,19613560320
3,4343.153,grad,19608178176
3,4344.394,grad,19577596416
3,4345.697,grad,19607480832
3,4347.055,grad,19572222464
3,4348.304,grad,19580054016
3,4349.548,grad,19621501440
3,4350.796,grad,19589716480
3,4352.031,grad,19546462720
3,4353.27,grad,19347954176
3,4354.507,grad,19319441920
3,4355.753,grad,19319326208
3,4357.019,grad,19297306112
3,4358.305,grad,19316180480
3,4359.772,grad,19292423680
3,4361.027,grad,19297175040
3,4362.267,grad,19277968896
3,4363.497,grad,19110983168
3,4364.732,grad,19067667968
3,4365.983,grad,19039151616
3,4367.231,grad,19028025856
3,4368.587,grad,19017015808
3,4369.832,grad,19035955712
3,4371.278,grad,19012133376
3,4372.528,grad,19024224768
3,4373.777,grad,19075338752
3,4375.015,grad,18915627520
3,4376.271,grad,18826170880
3,4377.504,grad,18765808128
3,4378.737,grad,18738298368
3,4380.413,grad,18736725504
3,4381.705,grad,18755599872
3,4383.204,grad,18731843072
3,4384.45,grad,18736602624
3,4385.703,grad,18678590976
3,4386.944,grad,18596539904
3,4388.191,grad,18507083264
3,4389.425,grad,18485911040
3,4390.675,grad,18458532352
3,4392.208,grad,18456435200
3,4393.484,grad,18475309568
3,4394.942,grad,18451552768
3,4396.226,grad,18456312320
3,4397.468,grad,18398300672
3,4398.708,grad,18323589632
3,4399.948,grad,18234132992
3,4401.244,grad,18205686272
3,4402.482,grad,18178242048
3,4404.118,grad,18176144896
3,4405.464,grad,18194363904
3,4407.303,grad,18171262464
3,4408.545,grad,18183353856
3,4409.8,grad,18156873216
3,4411.071,grad,18074756608
3,4412.319,grad,17992640000
3,4413.581,grad,17939617280
3,4414.828,grad,17929524736
3,4416.772,grad,17895854592
3,4418.044,grad,17914597888
3,4419.717,grad,17890972160
3,4420.986,grad,17895731712
3,4422.236,grad,17837720064
3,4423.47,grad,17763009024
3,4424.699,grad,17658872320
3,4425.931,grad,17645105664
3,4427.191,grad,17618710016
3,4428.744,grad,17615564288
3,4430.023,grad,17634438656
3,4431.472,grad,17610681856
3,4432.729,grad,17615441408
3,4433.966,grad,17557429760
3,4435.215,grad,17514176000
3,4436.46,grad,17378582016
3,4437.701,grad,17364356608
3,4438.931,grad,17336322560
3,4440.668,grad,17335273984
3,4441.998,grad,17354148352
3,4443.45,grad,17330391552
3,4444.688,grad,17342482944
3,4446.031,grad,17316002304
3,4447.295,grad,17233885696
3,4448.535,grad,17144429056
3,4449.771,grad,17084066304
3,4451.011,grad,17055180288
3,4452.751,grad,17054131712
3,4454.027,grad,17073006080
3,4455.544,grad,17048397312
3,4456.798,grad,17053148672
3,4458.055,grad,17033942528
3,4459.297,grad,16945403392
3,4460.537,grad,16852997632
3,4461.793,grad,16804169216
3,4463.033,grad,16776790528
3,4464.535,grad,16773841408
3,4465.783,grad,16792584704
3,4467.463,grad,16768958976
3,4468.706,grad,16773714432
3,4469.938,grad,16714854912
3,4471.19,grad,16632607232
3,4472.436,grad,16549442048
3,4473.757,grad,16512803328
3,4475.005,grad,16485359104
3,4476.714,grad,16482999808
3,4478.053,grad,16501972480
3,4479.501,grad,16478117376
3,4480.742,grad,16468188672
3,4482.012,grad,16468188672
3,4483.256,grad,16468188672
3,4484.944,grad,16468188160
3,4486.945,grad,16468188160
3,4488.232,grad,16468188160
3,4489.49,grad,16468188160
3,4490.737,grad,16468188160
3,4494.231,grad,16468188160
3,4495.632,grad,16468188160
3,4496.876,grad,16486865920
3,4498.155,grad,16507968512
3,4499.431,grad,16523238400
3,4501.24,grad,16523238400
3,4502.506,grad,16523564032
3,4504.012,grad,16685204480
3,4505.576,grad,16685204480
3,4506.869,grad,16685204480
3,4508.153,grad,16685204992
3,4509.547,grad,16629670400
3,4510.788,grad,16453771264
3,4512.095,grad,16303333376
3,4513.344,grad,16304545792
3,4514.581,grad,16407961600
3,4515.816,grad,16460685312
3,4517.086,grad,16356646912
3,4523.228,grad,16143458304
3,4529.602,grad,16143462400
3,4535.947,grad,16143462400
3,4542.402,grad,16143462400
3,4547.025,grad,16143462400
3,4548.351,grad,16147367936
3,4551.346,grad,16151166976
3,4552.723,grad,16156213248
3,4553.984,grad,16164135936
3,4555.228,grad,16181996544
3,4556.466,grad,16255953920
3,4557.717,grad,16325225472
3,4560.02,grad,16302781440
3,4561.277,grad,16307827712
3,4562.577,grad,16319420416
3,4563.824,grad,16353009664
3,4565.084,grad,16484147200
3,4566.354,grad,16445057024
3,4568.428,grad,16449775616
3,4569.691,grad,16454821888
3,4570.992,grad,16466414592
3,4572.241,grad,16480605184
3,4573.488,grad,16592344064
3,4574.723,grad,16592055296
3,4576.738,grad,16596048896
3,4578.18,grad,16600767488
3,4579.441,grad,16612360192
3,4580.681,grad,16645949440
3,4581.942,grad,16718891008
3,4583.196,grad,16745666560
3,4585.135,grad,16741994496
3,4586.417,grad,16746713088
3,4587.716,grad,16759354368
3,4588.966,grad,16792943616
3,4590.238,grad,16885283840
3,4591.519,grad,16885318656
3,4593.601,grad,16888988672
3,4594.873,grad,16893707264
3,4596.209,grad,16906348544
3,4597.457,grad,16940986368
3,4598.743,grad,17013927936
3,4599.988,grad,17040703488
3,4601.842,grad,17037031424
3,4603.119,grad,17041750016
3,4604.432,grad,17055439872
3,4605.683,grad,17087980544
3,4606.927,grad,17181369344
3,4608.202,grad,17182452736
3,4610.173,grad,17186122752
3,4611.427,grad,17190841344
3,4612.717,grad,17203482624
3,4614.014,grad,17238120448
3,4615.266,grad,17291663360
3,4616.504,grad,17341507584
3,4618.428,grad,17334165504
3,4620.516,grad,17338884096
3,4621.794,grad,17352573952
3,4623.038,grad,17386163200
3,4624.317,grad,17459104768
3,4625.564,grad,17489550336
3,4627.456,grad,17482208256
3,4628.725,grad,17486926848
3,4629.986,grad,17506908160
3,4631.239,grad,17534205952
3,4632.495,grad,17607147520
3,4633.732,grad,17636544512
3,4635.577,grad,17629202432
3,4636.839,grad,17633921024
3,4638.118,grad,17646562304
3,4639.382,grad,17680151552
3,4640.65,grad,17754141696
3,4641.884,grad,17780917248
3,4643.796,grad,17777245184
3,4645.091,grad,17781963776
3,4646.361,grad,17793556480
3,4647.65,grad,17827145728
3,4648.899,grad,17900087296
3,4650.174,grad,17927911424
3,4652.095,grad,17924239360
3,4653.364,grad,17928957952
3,4654.639,grad,17947890688
3,4655.882,grad,17981479936
3,4657.132,grad,18066480128
3,4658.378,grad,18073857024
3,4660.266,grad,18070184960
3,4661.673,grad,18074903552
3,4662.938,grad,18086496256
3,4664.198,grad,18100686848
3,4665.445,grad,18212425728
3,4666.692,grad,18212460544
3,4668.77,grad,18216130560
3,4670.035,grad,18220849152
3,4671.297,grad,18240830464
3,4672.531,grad,18267079680
3,4673.764,grad,18359419904
3,4675.022,grad,18370466816
3,4676.91,grad,18363124736
3,4678.202,grad,18367843328
3,4679.491,grad,18380484608
3,4680.764,grad,18415122432
3,4682.013,grad,18488064000
3,4683.25,grad,18518509568
3,4685.144,grad,18511167488
3,4686.426,grad,18515886080
3,4687.679,grad,18529575936
3,4688.928,grad,18562116608
3,4690.211,grad,18636106752
3,4691.451,grad,18663930880
3,4693.402,grad,18660258816
3,4694.681,grad,18664977408
3,4695.958,grad,18686007296
3,4697.234,grad,18712256512
3,4698.481,grad,18843394048
3,4699.741,grad,18811973632
3,4701.664,grad,18808301568
3,4703.192,grad,18813020160
3,4704.466,grad,18826710016
3,4705.725,grad,18860299264
3,4706.979,grad,18952639488
3,4708.238,grad,18960016384
3,4710.159,grad,18956344320
3,4711.419,grad,18961062912
3,4712.668,grad,18973704192
3,4713.925,grad,19008342016
3,4715.194,grad,19100682240
3,4716.474,grad,19107010560
3,4718.384,grad,19103338496
3,4719.662,grad,19108057088
3,4720.935,grad,19128038400
3,4722.231,grad,19161627648
3,4723.486,grad,19247676416
3,4724.731,grad,19262393344
3,4726.541,grad,19251381248
3,4727.803,grad,19256099840
3,4729.101,grad,19267692544
3,4730.384,grad,19301281792
3,4731.655,grad,19393622016
3,4734.507,grad,19398375424
3,4735.791,grad,19403094016
3,4737.059,grad,19422026752
3,4738.311,grad,19448275968
3,4739.557,grad,19579413504
3,4740.82,grad,19547993088
3,4742.719,grad,19544321024
3,4744.189,grad,19549039616
3,4745.448,grad,19560632320
3,4746.694,grad,19594221568
3,4747.962,grad,19667163136
3,4749.234,grad,19686598656
3,4751.17,grad,19690266624
3,4752.446,grad,19694985216
3,4753.694,grad,19714966528
3,4754.931,grad,19748588544
3,4756.21,grad,19814157312
3,4759.01,grad,19837260800
3,4760.279,grad,19841979392
3,4761.535,grad,19861993472
3,4762.809,grad,19896631296
3,4764.059,grad,19965870080
3,4766.737,grad,19985303552
3,4768.006,grad,19990022144
3,4769.261,grad,20011052032
3,4770.497,grad,20044641280
3,4771.746,grad,20110242816
3,4774.422,grad,20134394880
3,4775.703,grad,20143832064
3,4776.958,grad,20160176128
3,4778.215,grad,20193732608
3,4779.457,grad,20259334144
3,4780.69,grad,20274995200
3,4782.041,grad,20738471424
3,4784.108,grad,20738467328
3,4785.354,grad,20582754304
3,4786.591,grad,20582754304
3,4787.832,grad,20582754304
3,4789.094,grad,20582754304
3,4790.334,grad,20287050752
3,4791.574,grad,20271549440
3,4792.831,grad,20231703552
3,4794.129,grad,20183272448
3,4795.481,grad,20156761088
3,4796.776,grad,20141432832
3,4798.496,grad,20140122112
3,4799.75,grad,20149526528
3,4801.593,grad,20137926656
3,4802.88,grad,20140064768
3,4804.131,grad,20110006272
3,4805.368,grad,20092082176
3,4806.607,grad,20043028480
3,4807.862,grad,20012847104
3,4809.135,grad,19999353856
3,4810.724,grad,19997256704
3,4811.985,grad,20007676928
3,4813.596,grad,19995061248
3,4814.837,grad,19997191168
3,4816.085,grad,19988374528
3,4817.339,grad,19944629248
3,4818.59,grad,19884958720
3,4819.838,grad,19873127424
3,4821.09,grad,19858683904
3,4822.695,grad,19857537024
3,4824.026,grad,19866974208
3,4825.445,grad,19855341568
3,4826.691,grad,19857471488
3,4827.94,grad,19845083136
3,4829.224,grad,19785510912
3,4830.462,grad,19745341440
3,4831.707,grad,19731179520
3,4832.952,grad,19731121152
3,4834.21,grad,19719062528
3,4835.452,grad,19728434176
3,4837.251,grad,19716867072
3,4838.527,grad,19718996992
3,4839.784,grad,19710180352
3,4841.027,grad,19666435072
3,4842.27,grad,19621444608
3,4843.516,grad,19596178432
3,4844.749,grad,19587305472
3,4846.105,grad,19581440000
3,4847.394,grad,19590877184
3,4848.834,grad,19579244544
3,4850.106,grad,19581374464
3,4851.35,grad,19572656128
3,4852.589,grad,19528910848
3,4853.836,grad,19483922432
3,4855.083,grad,19458654208
3,4856.319,grad,19449781248
3,4857.62,grad,19443915776
3,4858.933,grad,19453352960
3,4860.427,grad,19441720320
3,4861.675,grad,19443850240
3,4862.933,grad,19430413312
3,4864.19,grad,19389355008
3,4865.426,grad,19328902144
3,4866.655,grad,19314641920
3,4867.891,grad,19314681856
3,4869.156,grad,19303573504
3,4870.414,grad,19312977920
3,4871.933,grad,19301378048
3,4873.215,grad,19303507968
3,4874.469,grad,19332734976
3,4875.71,grad,19248128000
3,4876.953,grad,19191439360
3,4878.292,grad,19177117696
3,4879.56,grad,19161396224
3,4881.0,grad,19161297920
3,4882.249,grad,19170702336
3,4883.75,grad,19159102464
3,4885.003,grad,19161232384
3,4886.247,grad,19147959296
3,4887.486,grad,19106999296
3,4888.738,grad,19060075520
3,4889.987,grad,19034907648
3,4891.234,grad,19019120640
3,4893.039,grad,19019120640
3,4894.353,grad,19028557824
3,4895.821,grad,19016925184
3,4897.081,grad,19019055104
3,4898.326,grad,19005683712
3,4899.596,grad,18946275328
3,4900.843,grad,18904369152
3,4902.101,grad,18897547264
3,4903.339,grad,18888313856
3,4904.63,grad,18878090240
3,4905.896,grad,18888313856
3,4907.757,grad,18875894784
3,4909.013,grad,18882743296
3,4910.276,grad,18868356096
3,4911.514,grad,18828313600
3,4912.767,grad,18782536704
3,4914.019,grad,18759728128
3,4915.273,grad,18736240640
3,4916.98,grad,18735716352
3,4918.239,grad,18744858624
3,4920.133,grad,18733520896
3,4921.385,grad,18735650816
3,4922.626,grad,18721329152
3,4923.867,grad,18681319424
3,4925.123,grad,18618767360
3,4926.359,grad,18611947520
3,4927.592,grad,18603303936
3,4928.88,grad,18592490496
3,4930.175,grad,18602943488
3,4931.674,grad,18590295040
3,4932.923,grad,18592424960
3,4934.201,grad,18582723584
3,4935.442,grad,18499296256
3,4936.676,grad,18492220416
3,4937.91,grad,18467050496
3,4939.179,grad,18456342528
3,4940.498,grad,18450214912
3,4941.745,grad,18459619328
3,4943.258,grad,18448019456
3,4944.508,grad,18457489408
3,4945.756,grad,18479278080
3,4946.989,grad,18395752448
3,4948.234,grad,18335393792
3,4949.553,grad,18324742144
3,4950.799,grad,18309970944
3,4952.278,grad,18308922368
3,4953.594,grad,18318359552
3,4955.059,grad,18306726912
3,4956.31,grad,18308856832
3,4957.544,grad,18295583744
3,4958.778,grad,18254558208
3,4960.037,grad,18194103296
3,4961.283,grad,18187185152
3,4962.518,grad,18177951744
3,4963.82,grad,18168776704
3,4965.104,grad,18178181120
3,4966.634,grad,18166581248
3,4967.892,grad,18168711168
3,4969.156,grad,18159108096
3,4970.41,grad,18075582464
3,4971.65,grad,18068736000
3,4972.896,grad,18043467776
3,4974.143,grad,18032399360
3,4975.514,grad,18028729344
3,4976.85,grad,18038166528
3,4978.283,grad,18026533888
3,4979.532,grad,18036003840
3,4980.791,grad,18056842240
3,4982.033,grad,17981672448
3,4983.273,grad,17932225536
3,4984.509,grad,17902044160
3,4985.755,grad,17889075200
3,4987.351,grad,17887502336
3,4988.651,grad,17896939520
3,4990.092,grad,17885306880
3,4991.345,grad,17887436800
3,4992.587,grad,17877833728
3,4993.82,grad,17793292288
3,4995.101,grad,17771634688
3,4996.354,grad,17764716544
3,4997.59,grad,17755057152
3,4998.882,grad,17745259520
3,5000.164,grad,17754663936
3,5001.737,grad,17743064064
3,5002.993,grad,17745193984
3,5004.263,grad,17731920896
3,5005.515,grad,17695613952
3,5006.76,grad,17625719808
3,5008.051,grad,17618836480
3,5009.333,grad,17603540992
3,5010.995,grad,17604065280
3,5012.302,grad,17613436928
3,5014.517,grad,17601869824
3,5015.769,grad,17604524032
3,5017.029,grad,17600327680
3,5018.272,grad,17630605312
3,5019.51,grad,17550749696
3,5020.767,grad,17489440768
3,5022.017,grad,17475184640
3,5023.265,grad,17471194112
3,5024.55,grad,17462019072
3,5025.846,grad,17472504832
3,5027.352,grad,17459823616
3,5028.607,grad,17461953536
3,5029.852,grad,17434000384
3,5031.123,grad,17391893504
3,5032.369,grad,17343527936
3,5033.606,grad,17336644608
3,5034.849,grad,17319776256
3,5036.327,grad,17319776256
3,5037.643,grad,17329213440
3,5039.111,grad,17317580800
3,5040.356,grad,17319716864
3,5041.621,grad,17291757568
3,5042.869,grad,17245980672
3,5044.114,grad,17204922368
3,5045.355,grad,17193287680
3,5046.622,grad,17180122112
3,5048.014,grad,17176452096
3,5049.321,grad,17185889280
3,5050.846,grad,17174256640
3,5052.128,grad,17180056576
3,5053.38,grad,17166816256
3,5054.62,grad,17127822336
3,5055.864,grad,17078375424
3,5057.151,grad,17057139712
3,5058.398,grad,17034700800
3,5060.167,grad,17034176512
3,5061.422,grad,17043580928
3,5062.951,grad,17031981056
3,5064.212,grad,17034117120
3,5065.459,grad,17043939328
3,5066.715,grad,16984530944
3,5067.959,grad,16915685376
3,5069.282,grad,16908802048
3,5070.524,grad,16894555136
3,5072.207,grad,16892982272
3,5073.469,grad,16902386688
3,5075.014,grad,16890786816
3,5076.267,grad,16892916736
3,5077.518,grad,16884395008
3,5078.754,grad,16819219456
3,5079.986,grad,16785501184
3,5081.229,grad,16767607808
3,5082.478,grad,16754409472
3,5084.098,grad,16752836608
3,5085.433,grad,16762273792
3,5086.879,grad,16750313472
3,5088.228,grad,16753868800
3,5089.537,grad,16749328384
3,5090.781,grad,16740415488
3,5092.042,grad,16661575680
3,5093.297,grad,16630640640
3,5094.544,grad,16619728896
3,5095.803,grad,16612330496
3,5097.089,grad,16627043328
3,5098.597,grad,16608594944
3,5099.843,grad,16612756480
3,5101.117,grad,16611216384
3,5102.453,grad,16583263232
3,5103.715,grad,16542532608
3,5104.966,grad,16497509376
3,5106.286,grad,16493345792
3,5107.581,grad,16471988224
3,5109.331,grad,16471463936
3,5110.656,grad,16480835584
3,5112.428,grad,16468318208
3,5113.69,grad,16470452224
3,5114.933,grad,16460550144
3,5116.193,grad,16419819520
3,5117.448,grad,16350842880
3,5118.705,grad,16340060160
3,5119.965,grad,16326894592
3,5121.716,grad,16325256192
3,5122.986,grad,16334857216
3,5124.591,grad,16323060736
3,5125.848,grad,16317850624
3,5127.142,grad,16317850624
3,5128.394,grad,16317850624
3,5130.091,grad,16317850112
3,5132.093,grad,16317850112
3,5133.397,grad,16317850112
3,5134.735,grad,16317850112
3,5136.015,grad,16317850112
3,5139.408,grad,16317850112
3,5140.814,grad,16317850112
3,5142.077,grad,16327188992
3,5143.328,grad,16338493952
3,5144.585,grad,16345375232
3,5146.259,grad,16345375232
3,5147.554,grad,16345382400
3,5148.983,grad,16507101696
3,5150.311,grad,16507101696
3,5151.556,grad,16507101696
3,5152.877,grad,16507101696
3,5154.174,grad,16482755584
3,5155.425,grad,16438633984
3,5156.681,grad,16349537792
3,5158.505,grad,16304940544
3,5159.761,grad,16408290816
3,5161.053,grad,16467174912
3,5162.317,grad,16378668544
3,5163.637,grad,16141854208
3,5164.937,grad,16141843968
3,5166.222,grad,16163864064
3,5167.483,grad,16192634368
3,5168.746,grad,16221240832
3,5169.994,grad,16248634880
3,5171.235,grad,16275766784
3,5172.474,grad,16305192448
3,5173.737,grad,16188866048
3,5175.038,grad,16143449088
3,5176.298,grad,16049732608
3,5177.881,noise,15979082752
3,5179.201,noise,15979082752
3,5180.443,noise,15979082752
3,5181.673,noise,15980295168
3,5182.911,noise,15980753920
3,5184.188,noise,15980753920
3,5185.423,noise,15982490624
3,5186.656,noise,15982490624
3,5187.891,noise,15983703040
3,5189.166,noise,15983965184
3,5190.404,noise,15984423936
3,5191.636,noise,15984882688
3,5192.89,noise,15985144832
3,5194.164,noise,15986357248
3,5195.4,noise,15986586624
3,5196.647,noise,15986816000
3,5197.883,noise,15988028416
3,5199.163,noise,15988257792
3,5200.4,noise,15988257792
3,5201.633,noise,15989928960
3,5202.885,noise,15989961728
3,5204.186,noise,15990420480
3,5205.474,noise,15990912000
3,5206.72,noise,15990912000
3,5207.962,noise,15992124416
3,5209.235,noise,15992583168
3,5210.477,noise,15992583168
3,5211.716,noise,15994024960
3,5212.998,noise,15994024960
3,5214.342,noise,15995237376
3,5215.611,noise,15995728896
3,5216.845,noise,15996187648
3,5218.103,noise,15996679168
3,5219.362,noise,15996679168
3,5220.6,noise,15997891584
3,5221.851,noise,15998350336
3,5223.128,noise,15998350336
3,5224.384,noise,15999562752
3,5225.645,noise,15999792128
3,5226.883,noise,16001004544
3,5228.131,noise,16001266688
3,5229.383,noise,16001725440
3,5230.627,noise,16002184192
3,5231.87,noise,16002446336
3,5233.116,noise,16002446336
3,5234.38,noise,16003888128
3,5235.624,noise,16004117504
3,5236.855,noise,16004117504
3,5238.106,noise,16005559296
3,5239.385,noise,16005559296
3,5240.624,noise,16006771712
3,5241.864,noise,16007033856
3,5243.108,noise,16007492608
3,5244.366,noise,16007951360
3,5245.61,noise,16008213504
3,5246.839,noise,16009425920
3,5248.084,noise,16009655296
3,5249.337,noise,16009884672
3,5250.579,noise,16011097088
3,5251.814,noise,16011326464
3,5253.055,noise,16011326464
3,5254.295,noise,16012538880
3,5255.546,noise,16013030400
3,5256.778,noise,16013489152
3,5258.011,noise,16013980672
3,5259.249,noise,16013980672
3,5260.489,noise,16015193088
3,5261.728,noise,16015651840
3,5262.962,noise,16015651840
3,5264.215,noise,16016864256
3,5265.473,noise,16017093632
3,5266.705,noise,16018306048
3,5267.946,noise,16018568192
3,5269.228,noise,16019026944
3,5270.486,noise,16019485696
3,5271.73,noise,16019747840
3,5272.987,noise,16019747840
3,5274.235,noise,16021287936
3,5275.491,noise,16021517312
3,5276.726,noise,16021517312
3,5277.952,noise,16022729728
3,5279.207,noise,16022959104
3,5280.45,noise,16024171520
3,5281.68,noise,16024433664
3,5282.91,noise,16024892416
3,5284.159,noise,16025351168
3,5285.399,noise,16025613312
3,5286.627,noise,16026825728
3,5287.85,noise,16027055104
3,5289.094,noise,16027284480
3,5290.335,noise,16028496896
3,5291.562,noise,16028726272
3,5292.807,noise,16028726272
3,5294.046,noise,16030299136
3,5295.303,noise,16030790656
3,5296.55,noise,16031249408
3,5297.783,noise,16031740928
3,5299.021,noise,16031740928
3,5300.301,noise,16032953344
3,5301.547,noise,16033412096
3,5302.792,noise,16033412096
3,5304.027,noise,16034853888
3,5305.327,noise,16034853888
3,5306.591,noise,16036066304
3,5307.828,noise,16036328448
3,5309.079,noise,16036787200
3,5310.34,noise,16037245952
3,5311.581,noise,16037508096
3,5312.822,noise,16038720512
3,5314.057,noise,16038949888
3,5315.292,noise,16039179264
3,5316.544,noise,16040391680
3,5317.807,noise,16040981504
3,5319.055,noise,16040981504
3,5320.292,noise,16042423296
3,5321.54,noise,16042685440
3,5322.77,noise,16043144192
3,5323.999,noise,16043635712
3,5325.234,noise,16043635712
3,5326.473,noise,16044848128
3,5327.708,noise,16045306880
3,5328.934,noise,16045306880
3,5330.178,noise,16046748672
3,5331.417,noise,16046748672
3,5332.64,noise,16047961088
3,5333.868,noise,16048223232
3,5335.111,noise,16048681984
3,5336.353,noise,16049140736
3,5337.584,noise,16049402880
3,5338.816,noise,16050615296
3,5340.0,noise,16051205120
3,5341.249,noise,16051434496
3,5342.474,noise,16052646912
3,5343.701,noise,16052876288
3,5344.931,noise,16052876288
3,5346.215,noise,16054318080
3,5347.447,noise,16054580224
3,5348.675,noise,16055038976
3,5349.908,noise,16055530496
3,5351.184,noise,16055530496
3,5352.419,noise,16056742912
3,5353.652,noise,16057201664
3,5354.884,noise,16057201664
3,5356.165,noise,16058643456
3,5357.404,noise,16058643456
3,5358.631,noise,16059855872
3,5359.864,noise,16060118016
3,5361.127,noise,16060576768
3,5362.37,noise,16061035520
3,5363.604,noise,16061297664
3,5364.826,noise,16062510080
3,5366.063,noise,16062739456
3,5367.313,noise,16062968832
3,5368.542,noise,16064181248
3,5369.774,noise,16064410624
3,5371.012,noise,16064410624
3,5372.267,noise,16065852416
3,5373.502,noise,16066114560
3,5374.737,noise,16066573312
3,5375.983,noise,16067064832
3,5377.233,noise,16067064832
3,5378.463,noise,16068277248
3,5379.689,noise,16068736000
3,5380.916,noise,16068736000
3,5382.182,noise,16070177792
3,5383.417,noise,16070177792
3,5384.645,noise,16071390208
3,5385.879,noise,16071652352
3,5387.156,noise,16072111104
3,5388.39,noise,16072569856
3,5389.621,noise,16072832000
3,5390.858,noise,16074044416
3,5392.115,noise,16074273792
3,5393.352,noise,16074503168
3,5394.576,noise,16075715584
3,5395.805,noise,16075944960
3,5396.993,noise,16075944960
3,5398.234,noise,16077386752
3,5399.462,noise,16077648896
3,5400.719,noise,16078337024
3,5401.963,noise,16078599168
3,5403.215,noise,16078599168
3,5404.45,noise,16079811584
3,5405.687,noise,16080270336
3,5406.94,noise,16080270336
3,5408.192,noise,16081712128
3,5409.421,noise,16081712128
3,5410.665,noise,16084136960
3,5411.919,noise,16083186688
3,5413.178,noise,16083645440
3,5414.407,noise,16084104192
3,5415.636,noise,16084366336
3,5416.863,noise,16085578752
3,5418.134,noise,16085808128
3,5419.453,noise,16086037504
3,5420.69,noise,16087249920
3,5421.94,noise,16087479296
3,5423.256,noise,16087479296
3,5424.489,noise,16089379840
3,5425.717,noise,16089183232
3,5426.949,noise,16089871360
3,5428.219,noise,16090133504
3,5429.444,noise,16090133504
3,5430.664,noise,16091935744
3,5431.896,noise,16092165120
3,5433.17,noise,16092165120
3,5434.401,noise,16094065664
3,5435.63,noise,16093606912
3,5436.891,noise,16094819328
3,5438.162,noise,16095540224
3,5439.395,noise,16095769600
3,5440.621,noise,16096228352
3,5441.855,noise,16096261120
3,5443.108,noise,16097473536
3,5444.337,noise,16097702912
3,5445.566,noise,16097932288
3,5446.794,noise,16099144704
3,5448.04,noise,16099374080
3,5449.277,noise,16099374080
3,5450.499,noise,16100815872
3,5451.732,noise,16101307392
3,5452.983,noise,16101766144
3,5454.224,noise,16102028288
3,5455.447,noise,16102028288
3,5456.673,noise,16103240704
3,5457.921,noise,16103699456
3,5459.168,noise,16103699456
3,5460.392,noise,16105141248
3,5461.621,noise,16105141248
3,5462.873,noise,16106353664
3,5464.066,noise,16106615808
3,5465.3,noise,16107074560
3,5466.534,noise,16107533312
3,5467.796,noise,16107795456
3,5468.993,noise,16109007872
3,5470.223,noise,16109237248
3,5471.451,noise,16109466624
3,5472.675,noise,16110679040
3,5473.901,noise,16110908416
3,5475.135,noise,16110908416
3,5476.355,noise,16112350208
3,5477.59,noise,16112612352
3,5478.818,noise,16113071104
3,5480.058,noise,16113562624
3,5481.286,noise,16113562624
3,5482.511,noise,16114775040
3,5483.739,noise,16115233792
3,5484.959,noise,16115233792
3,5486.195,noise,16116675584
3,5487.42,noise,16116675584
3,5488.643,noise,16117888000
3,5489.869,noise,16118150144
3,5491.109,noise,16118608896
3,5492.336,noise,16119067648
3,5493.564,noise,16119329792
3,5494.787,noise,16120542208
3,5496.009,noise,16120771584
3,5497.237,noise,16121000960
3,5498.459,noise,16122213376
3,5499.685,noise,16122803200
3,5500.92,noise,16122803200
3,5502.185,noise,16124703744
3,5503.422,noise,16124507136
3,5504.666,noise,16124965888
3,5505.924,noise,16125457408
3,5507.176,noise,16125457408
3,5508.403,noise,16126669824
3,5509.639,noise,16127128576
3,5510.862,noise,16127128576
3,5512.095,noise,16128570368
3,5513.324,noise,16128570368
3,5514.548,noise,16129782784
3,5515.774,noise,16130044928
3,5516.997,noise,16130503680
3,5518.242,noise,16130962432
3,5519.496,noise,16131224576
3,5520.728,noise,16132436992
3,5521.954,noise,16132666368
3,5523.208,noise,16132895744
3,5524.434,noise,16134108160
3,5525.668,noise,16134337536
3,5526.894,noise,16134337536
3,5528.128,noise,16135549952
3,5529.359,noise,16136041472
3,5530.582,noise,16136500224
3,5531.815,noise,16136991744
3,5533.054,noise,16136991744
3,5534.284,noise,16138204160
3,5535.511,noise,16138662912
3,5536.731,noise,16138662912
3,5537.951,noise,16140104704
3,5539.202,noise,16140104704
3,5540.427,noise,16141317120
3,5541.983,noise,16141579264
3,5543.228,noise,16142038016
3,5544.464,noise,16142496768
3,5545.694,noise,16090625024
3,5546.986,noise,15979049984
3,5548.3,optimizer,15979049984
3,5549.55,optimizer,15981042176
3,5550.803,optimizer,15983559168
3,5552.057,optimizer,15985106432
3,5553.297,optimizer,15984631808
3,5554.528,optimizer,15985135104
3,5555.756,optimizer,15985417728
3,5557.006,optimizer,15987176960
3,5558.322,optimizer,15989707776
3,5559.559,optimizer,15991242752
3,5560.809,optimizer,15990780928
3,5561.99,optimizer,15991270400
3,5563.225,optimizer,15991551488
3,5564.454,optimizer,15993082880
3,5565.697,optimizer,15996811264
3,5566.944,optimizer,15997389824
3,5568.191,optimizer,15996476928
3,5569.418,optimizer,15997404160
3,5570.656,optimizer,15997687296
3,5571.904,optimizer,15999446528
3,5573.142,optimizer,16001964032
3,5574.371,optimizer,16003512320
3,5575.621,optimizer,16003036672
3,5576.848,optimizer,16003539968
3,5578.087,optimizer,16003623424
3,5579.314,optimizer,16005582336
3,5580.563,optimizer,16008113664
3,5581.798,optimizer,16008891392
3,5583.028,optimizer,16009186816
3,5584.26,optimizer,16010133504
3,5585.49,optimizer,16010971136
3,5586.724,optimizer,16011732480
3,5587.951,optimizer,16013264384
3,5589.192,optimizer,16015058944
3,5590.423,optimizer,16015321600
3,5591.671,optimizer,16016267776
3,5592.92,optimizer,16017181696
3,5594.225,optimizer,16017866240
3,5595.5,optimizer,16020840448
3,5596.745,optimizer,16020967936
3,5597.981,optimizer,16021914112
3,5599.218,optimizer,16022189056
3,5600.45,optimizer,16026920448
3,5601.678,optimizer,16025289728
3,5602.91,optimizer,16027806208
3,5604.156,optimizer,16027134464
3,5605.388,optimizer,16027863040
3,5606.634,optimizer,16028323328
3,5607.863,optimizer,16030873600
3,5609.102,optimizer,16031425024
3,5610.337,optimizer,16033941504
3,5611.587,optimizer,16033270784
3,5612.83,optimizer,16033969664
3,5614.07,optimizer,16034752512
3,5615.351,optimizer,16037009920
3,5616.601,optimizer,16037560320
3,5617.836,optimizer,16041287168
3,5619.077,optimizer,16039404544
3,5620.305,optimizer,16040103936
3,5621.552,optimizer,16040627200
3,5622.829,optimizer,16043145216
3,5624.083,optimizer,16044677632
3,5625.322,optimizer,16047651328
3,5626.593,optimizer,16045582336
3,5627.836,optimizer,16046239744
3,5629.085,optimizer,16046761984
3,5630.314,optimizer,16049279488
3,5631.539,optimizer,16050811904
3,5632.774,optimizer,16052575232
3,5634.001,optimizer,16051689472
3,5635.24,optimizer,16052832256
3,5636.481,optimizer,16052897792
3,5637.709,optimizer,16055657984
3,5638.96,optimizer,16057307136
3,5640.204,optimizer,16058868736
3,5641.433,optimizer,16057955840
3,5642.659,optimizer,16058868736
3,5643.889,optimizer,16059163648
3,5645.128,optimizer,16061923840
3,5646.37,optimizer,16064424960
3,5647.597,optimizer,16065003520
3,5648.823,optimizer,16064286208
3,5650.069,optimizer,16065032192
3,5651.305,optimizer,16065299456
3,5652.562,optimizer,16067060736
3,5653.792,optimizer,16069577216
3,5655.024,optimizer,16071125504
3,5656.271,optimizer,16070420992
3,5657.503,optimizer,16071153152
3,5658.733,optimizer,16071236608
3,5659.961,optimizer,16073209856
3,5661.205,optimizer,16076775936
3,5662.448,optimizer,16077783040
3,5663.679,optimizer,16078062592
3,5664.913,optimizer,16078338048
3,5666.184,optimizer,16078420480
3,5667.416,optimizer,16080379904
3,5668.642,optimizer,16083139584
3,5669.867,optimizer,16083497984
3,5671.101,optimizer,16083983872
3,5672.331,optimizer,16084700672
3,5673.558,optimizer,16085842944
3,5674.791,optimizer,16086528512
3,5676.038,optimizer,16089502720
3,5677.297,optimizer,16089630208
3,5678.53,optimizer,16090576384
3,5679.757,optimizer,16090852352
3,5681.007,optimizer,16094828544
3,5682.241,optimizer,16093952512
3,5683.468,optimizer,16099940864
3,5684.695,optimizer,16096861696
3,5685.949,optimizer,16098003968
3,5687.205,optimizer,16098069504
3,5688.434,optimizer,16100814848
3,5689.662,optimizer,16103559680
3,5690.891,optimizer,16103896064
3,5692.131,optimizer,16103191552
3,5693.36,optimizer,16103952384
3,5694.587,optimizer,16104237568
3,5695.816,optimizer,16106195456
3,5697.066,optimizer,16108511232
3,5698.321,optimizer,16110259200
3,5699.552,optimizer,16109598720
3,5700.781,optimizer,16110059520
3,5702.02,optimizer,16111354880
3,5703.297,optimizer,16112116224
3,5704.531,optimizer,16115012608
3,5705.765,optimizer,16115219968
3,5707.037,optimizer,16115934720
3,5708.284,optimizer,16116439040
3,5709.536,optimizer,16118745600
3,5710.779,optimizer,16119690240
3,5712.041,optimizer,16121073664
3,5713.296,optimizer,16121220608
3,5714.532,optimizer,16122085376
3,5715.77,optimizer,16122834944
3,5717.016,optimizer,16125124608
3,5718.258,optimizer,16126963200
3,5719.491,optimizer,16128419840
3,5720.725,optimizer,16127535616
3,5721.982,optimizer,16128477184
3,5723.248,optimizer,16128744448
3,5724.478,optimizer,16130275840
3,5725.712,optimizer,16133050368
3,5726.956,optimizer,16134798336
3,5728.232,optimizer,16134094848
3,5729.463,optimizer,16134599680
3,5730.693,optimizer,16134746624
3,5731.937,optimizer,16136641024
3,5733.189,optimizer,16139171328
3,5734.418,optimizer,16139721216
3,5735.648,optimizer,16140244480
3,5736.913,optimizer,16140748288
3,5738.166,optimizer,16140881920
3,5739.399,optimizer,16142949376
3,5740.629,optimizer,16144454656
3,5741.888,optimizer,16146025472
3,5743.15,optimizer,16146511872
3,5744.406,optimizer,16147228160
3,5745.64,optimizer,16148371968
3,5746.905,optimizer,16149284864
3,5748.169,optimizer,16151876608
3,5749.401,optimizer,16152159744
3,5750.635,optimizer,16152875520
3,5751.879,optimizer,16153379328
3,5753.158,optimizer,16153250816
3,5754.392,optimizer,16155676672
3,5755.626,optimizer,16153250304
3,5756.893,optimizer,16153709568
3,5758.143,optimizer,16153250304
3,5759.374,optimizer,16153250816
3,5760.621,optimizer,16153709056
3,5761.856,optimizer,16154167808
3,5763.121,optimizer,16153709568
3,5764.354,optimizer,16153250816
3,5765.612,optimizer,16158099968
3,5766.858,optimizer,16153250304
3,5768.122,optimizer,16154167808
3,5769.356,optimizer,16153709568
3,5770.585,optimizer,16153250304
3,5771.816,optimizer,16153250816
3,5773.083,optimizer,16153250304
3,5774.343,optimizer,16153709056
3,5775.581,optimizer,16153709056
3,5776.822,optimizer,16153250816
3,5778.101,optimizer,16153250304
3,5779.363,optimizer,16153709056
3,5780.597,optimizer,16158099968
3,5781.833,optimizer,16154167808
3,5783.097,optimizer,16153250816
3,5784.329,optimizer,16153709568
3,5785.556,optimizer,16155675136
3,5786.809,optimizer,16153250304
3,5788.063,optimizer,16153709056
3,5789.301,optimizer,16153381376
3,5790.532,optimizer,16153250304
3,5791.764,optimizer,16154464256
3,5793.005,optimizer,16169242112
3,5794.308,optimizer,16181038592
3,5795.544,optimizer,16193753088
3,5796.796,optimizer,16209612288
3,5798.047,optimizer,16222096896
3,5799.288,optimizer,16236843008
3,5800.539,optimizer,16251752448
3,5801.774,optimizer,16266039296
3,5803.015,optimizer,16280719360
3,5804.259,optimizer,16295693824
3,5805.497,optimizer,16310373888
3,5806.751,optimizer,16270820864
3,5808.213,optimizer,16153478656
3,5809.455,optimizer,16175268864
3,5810.69,optimizer,16205054976
3,5811.928,optimizer,16235365376
3,5813.201,optimizer,16264791040
3,5814.452,optimizer,16298607616
3,5815.683,optimizer,16268887040
3,5816.989,optimizer,16153052160
3,5818.262,optimizer,16180577280
3,5819.496,optimizer,16209544192
3,5820.739,optimizer,16239100928
3,5822.002,optimizer,16269673472
3,5823.252,optimizer,16300114944
3,5824.483,optimizer,16260367360
3,5825.721,optimizer,16134472704
3,5827.007,optimizer,16009102336
3,5828.268,optimizer,15985958400
3,5829.512,optimizer,15982238208
3,5831.569,optimizer,15978624000
3,5832.822,optimizer,15978624000
3,5834.103,optimizer,15978624000
3,5835.337,optimizer,15978624000
4,6.354,grad,15979378176
4,12.786,grad,15979386368
4,19.182,grad,15979386368
4,25.524,grad,15979386368
4,30.334,grad,15979386368
4,31.661,grad,15986863616
4,34.699,grad,15994332672
4,36.04,grad,16003769856
4,37.298,grad,16019614208
4,38.669,grad,16055335424
4,39.913,grad,16280910336
4,41.18,grad,16303847936
4,43.302,grad,16296512000
4,44.601,grad,16306801152
4,45.852,grad,16322645504
4,47.177,grad,16358366720
4,48.41,grad,16581844480
4,49.643,grad,16580206080
4,51.826,grad,16588402176
4,53.098,grad,16598691328
4,54.343,grad,16621875712
4,55.572,grad,16650256896
4,56.805,grad,16873734656
4,58.05,grad,16887628288
4,60.16,grad,16880292352
4,61.424,grad,16890581504
4,62.669,grad,16906425856
4,63.962,grad,16942147072
4,65.213,grad,17165624832
4,66.443,grad,17179518464
4,68.856,grad,17173034496
4,70.125,grad,17182471680
4,71.372,grad,17198316032
4,72.668,grad,17234037248
4,73.898,grad,17457515008
4,75.155,grad,17472264704
4,77.231,grad,17464924672
4,78.476,grad,17474361856
4,79.764,grad,17497546240
4,80.995,grad,17564724736
4,82.229,grad,17749405184
4,83.458,grad,17749474816
4,85.447,grad,17756814848
4,86.697,grad,17766252032
4,87.937,grad,17789436416
4,89.185,grad,17856614912
4,90.414,grad,18118889984
4,91.643,grad,18041364992
4,93.635,grad,18048705024
4,94.912,grad,18058142208
4,96.175,grad,18081326592
4,97.406,grad,18109707776
4,98.63,grad,18333185536
4,99.859,grad,18347935232
4,101.896,grad,18340595200
4,103.171,grad,18350032384
4,104.461,grad,18373216768
4,105.691,grad,18440395264
4,106.92,grad,18625075712
4,108.161,grad,18625149440
4,110.122,grad,18632485376
4,111.525,grad,18641922560
4,112.803,grad,18665106944
4,114.091,grad,18732285440
4,115.329,grad,18916965888
4,116.565,grad,18931715584
4,118.589,grad,18924375552
4,119.856,grad,18933812736
4,121.155,grad,18956997120
4,122.392,grad,19024175616
4,123.625,grad,19208856064
4,124.854,grad,19208929792
4,126.816,grad,19216265728
4,128.094,grad,19225702912
4,129.339,grad,19248887296
4,130.569,grad,19277268480
4,131.802,grad,19500746240
4,133.029,grad,19515495936
4,135.091,grad,19508155904
4,136.345,grad,19517593088
4,137.587,grad,19540777472
4,138.812,grad,19607955968
4,140.05,grad,19792636416
4,141.286,grad,19807382016
4,143.377,grad,19800046080
4,144.626,grad,19809483264
4,145.869,grad,19825327616
4,147.17,grad,19861048832
4,148.397,grad,20084526592
4,149.621,grad,20099272192
4,151.727,grad,20091936256
4,152.983,grad,20101373440
4,154.231,grad,20124557824
4,155.461,grad,20152939008
4,156.712,grad,20376416768
4,157.944,grad,20391162368
4,160.295,grad,20383826432
4,161.555,grad,20393263616
4,162.825,grad,20416448000
4,164.068,grad,20444829184
4,165.306,grad,20668306944
4,166.533,grad,20683052544
4,168.631,grad,20675716608
4,169.892,grad,20685153792
4,171.145,grad,20708338176
4,172.376,grad,20736719360
4,173.608,grad,20960197120
4,174.834,grad,20974942720
4,176.911,grad,20967606784
4,178.192,grad,20977043968
4,179.456,grad,21000228352
4,180.689,grad,21028609536
4,181.94,grad,21252087296
4,183.183,grad,21266832896
4,185.281,grad,21259496960
4,186.529,grad,21268934144
4,187.769,grad,21284778496
4,189.05,grad,21320499712
4,190.309,grad,21466382848
4,191.538,grad,21544043008
4,193.668,grad,21551387136
4,194.915,grad,21560824320
4,196.174,grad,21584008704
4,197.407,grad,21612389888
4,198.632,grad,21835867648
4,199.861,grad,21850613248
4,202.009,grad,21843277312
4,203.445,grad,21852714496
4,204.699,grad,21868558848
4,206.027,grad,21904280064
4,207.268,grad,22050163200
4,208.497,grad,22113143296
4,210.671,grad,22135167488
4,211.925,grad,22144604672
4,213.191,grad,22167789056
4,214.45,grad,22196170240
4,215.681,grad,22420696576
4,216.932,grad,22435442176
4,219.104,grad,22428106240
4,220.361,grad,22437543424
4,221.608,grad,22453387776
4,222.938,grad,22489108992
4,224.191,grad,22636040704
4,225.422,grad,22713700864
4,227.651,grad,22721044992
4,228.902,grad,22730482176
4,230.161,grad,22746326528
4,231.394,grad,22804071936
4,232.623,grad,22927865344
4,233.85,grad,23059068416
4,236.324,grad,23012935168
4,237.599,grad,23022372352
4,238.842,grad,23038216704
4,240.092,grad,23095962112
4,241.351,grad,23219755520
4,242.581,grad,23350958592
4,245.025,grad,23304825344
4,246.29,grad,23314262528
4,247.536,grad,23330106880
4,248.835,grad,23365828096
4,250.087,grad,23511711232
4,251.32,grad,23589371392
4,253.873,grad,23596715520
4,255.186,grad,23606152704
4,256.459,grad,23621997056
4,257.781,grad,23657718272
4,259.012,grad,23803601408
4,260.252,grad,23866581504
4,262.502,grad,23888605696
4,263.776,grad,23898042880
4,265.02,grad,23913887232
4,266.357,grad,23949608448
4,267.588,grad,24095491584
4,268.815,grad,24187831808
4,270.063,grad,25722957312
4,272.963,grad,25092754432
4,274.357,grad,24781327872
4,275.754,grad,24781327872
4,277.132,grad,24781327872
4,278.497,grad,24781327872
4,279.779,grad,24187824640
4,280.996,grad,24158919168
4,282.335,grad,24079948288
4,283.572,grad,23997766144
4,284.887,grad,23944743424
4,286.155,grad,23925344768
4,287.401,grad,23902029312
4,288.765,grad,23900980736
4,290.026,grad,23920182784
4,291.765,grad,23896098304
4,293.016,grad,23900857856
4,294.262,grad,23959238144
4,295.509,grad,23806866944
4,296.77,grad,23702730240
4,298.033,grad,23664453120
4,299.306,grad,23650952704
4,301.314,grad,23620624896
4,302.619,grad,23639499264
4,304.116,grad,23615742464
4,305.375,grad,23620502016
4,306.644,grad,23640084992
4,307.891,grad,23526511104
4,309.172,grad,23422374400
4,310.419,grad,23384097280
4,311.668,grad,23348773376
4,313.609,grad,23340269056
4,314.927,grad,23359143424
4,316.715,grad,23335386624
4,318.008,grad,23340146176
4,319.274,grad,23320931840
4,320.522,grad,23238815232
4,321.771,grad,23110561280
4,323.031,grad,23089454592
4,324.28,grad,23063058944
4,325.83,grad,23059913216
4,327.254,grad,23078590976
4,329.207,grad,23055030784
4,330.463,grad,23059794432
4,331.725,grad,23001778688
4,332.982,grad,22912322048
4,334.241,grad,22844885504
4,335.487,grad,22823713280
4,336.733,grad,22782703104
4,338.286,grad,22779557376
4,339.558,grad,22798431744
4,340.981,grad,22774674944
4,342.248,grad,22779426304
4,343.494,grad,22752880128
4,344.741,grad,22630917632
4,345.98,grad,22548809216
4,347.226,grad,22520288768
4,348.464,grad,22505492992
4,349.838,grad,22498152960
4,351.145,grad,22517027328
4,352.578,grad,22493270528
4,353.818,grad,22498021888
4,355.06,grad,22478815744
4,356.298,grad,22311764480
4,357.529,grad,22267400704
4,358.766,grad,22238884352
4,359.995,grad,22224088576
4,361.582,grad,22216748544
4,362.893,grad,22235622912
4,364.35,grad,22211866112
4,365.608,grad,22216617472
4,366.843,grad,22190071296
4,368.117,grad,22069157376
4,369.364,grad,21987053056
4,370.598,grad,21965868544
4,371.83,grad,21947402752
4,373.206,grad,21936392704
4,374.479,grad,21955267072
4,375.873,grad,21931510272
4,377.143,grad,21936261632
4,378.385,grad,21909715456
4,379.615,grad,21827893760
4,380.848,grad,21706992128
4,382.112,grad,21678467584
4,383.352,grad,21663671808
4,384.704,grad,21656331776
4,385.941,grad,21675206144
4,387.418,grad,21651449344
4,388.68,grad,21656200704
4,389.938,grad,21629654528
4,391.228,grad,21469943296
4,392.477,grad,21455988224
4,393.725,grad,21405451776
4,394.959,grad,21375975936
4,396.451,grad,21375975936
4,397.775,grad,21394850304
4,399.306,grad,21371093504
4,400.647,grad,21378466304
4,401.943,grad,21346480640
4,403.204,grad,21349298688
4,404.491,grad,21269606912
4,405.758,grad,21146264064
4,406.996,grad,21110415872
4,408.236,grad,21095620096
4,409.475,grad,21125045760
4,410.925,grad,21090246144
4,412.195,grad,21098077696
4,413.459,grad,21124845056
4,414.73,grad,21107740160
4,415.98,grad,20986826240
4,417.224,grad,20880653824
4,418.458,grad,20830125568
4,419.696,grad,20815329792
4,420.946,grad,20844755456
4,422.432,grad,20809955840
4,423.676,grad,20817820160
4,424.915,grad,20829874688
4,426.167,grad,20711057920
4,427.4,grad,20706535936
4,428.631,grad,20600367616
4,429.867,grad,20564515328
4,431.141,grad,20549719552
4,432.454,grad,20535039488
4,433.72,grad,20553913856
4,435.16,grad,20530157056
4,436.416,grad,20534920704
4,437.688,grad,20476904960
4,438.929,grad,20387448320
4,440.184,grad,20334757376
4,441.448,grad,20284225024
4,442.693,grad,20254749184
4,444.426,grad,20254749184
4,445.74,grad,20273623552
4,447.216,grad,20249866752
4,448.453,grad,20254618112
4,449.696,grad,20228071936
4,450.949,grad,20107158016
4,452.208,grad,20025111040
4,453.44,grad,20011274752
4,454.675,grad,19974458880
4,456.143,grad,19974458880
4,457.425,grad,19993333248
4,458.85,grad,19969576448
4,460.11,grad,19974344192
4,461.361,grad,19916324352
4,462.593,grad,19826867712
4,463.824,grad,19759496704
4,465.069,grad,19738324480
4,466.321,grad,19695217152
4,467.823,grad,19694168576
4,469.103,grad,19713042944
4,470.522,grad,19689286144
4,471.778,grad,19694049792
4,473.016,grad,19636034048
4,474.253,grad,19561257472
4,475.485,grad,19464526336
4,476.715,grad,19458034176
4,477.945,grad,19414926848
4,479.51,grad,19413878272
4,480.799,grad,19432752640
4,482.306,grad,19408995840
4,483.556,grad,19421087232
4,484.805,grad,19394606592
4,485.989,grad,19312424448
4,487.245,grad,19215693312
4,488.483,grad,19162670592
4,489.723,grad,19135160832
4,491.419,grad,19133587968
4,492.741,grad,19152462336
4,494.232,grad,19128705536
4,495.474,grad,19133456896
4,496.711,grad,19106910720
4,497.945,grad,18947199488
4,499.23,grad,18903949824
4,500.559,grad,18882773504
4,501.822,grad,18855394816
4,503.383,grad,18853297664
4,504.709,grad,18872172032
4,506.185,grad,18848415232
4,507.451,grad,18853182976
4,508.706,grad,18795163136
4,509.957,grad,18744503808
4,511.214,grad,18653015552
4,512.466,grad,18602483200
4,513.705,grad,18573007360
4,515.166,grad,18573007360
4,516.448,grad,18591881728
4,517.868,grad,18568124928
4,519.13,grad,18572876288
4,520.383,grad,18514872832
4,521.7,grad,18432756224
4,523.024,grad,18350705152
4,524.364,grad,18322258432
4,525.615,grad,18295862784
4,527.431,grad,18292717056
4,528.726,grad,18311591424
4,530.169,grad,18287834624
4,531.419,grad,18292585984
4,532.687,grad,18234582528
4,533.932,grad,18152465920
4,535.186,grad,18055734784
4,536.42,grad,18041968128
4,537.653,grad,18014523904
4,539.221,grad,18012426752
4,540.548,grad,18031301120
4,541.983,grad,18007544320
4,543.231,grad,18012307968
4,544.469,grad,17954292224
4,545.7,grad,17903632896
4,546.93,grad,17812148736
4,548.176,grad,17761612288
4,549.412,grad,17739476480
4,550.824,grad,17732136448
4,552.119,grad,17750945280
4,553.719,grad,17727254016
4,554.978,grad,17732005376
4,556.226,grad,17712799232
4,557.472,grad,17623342592
4,558.711,grad,17531854336
4,559.99,grad,17481321984
4,561.266,grad,17451846144
4,562.756,grad,17451846144
4,564.076,grad,17470720512
4,565.5,grad,17446111744
4,566.738,grad,17443523072
4,568.011,grad,17431722496
4,569.248,grad,17356880384
4,570.498,grad,17261001216
4,571.762,grad,17200638464
4,573.021,grad,17172604416
4,574.705,grad,17171555840
4,575.955,grad,17190495744
4,577.371,grad,17166673408
4,578.621,grad,17171424768
4,579.882,grad,17144026624
4,581.138,grad,17061910016
4,582.405,grad,16941921792
4,583.693,grad,16920741376
4,584.936,grad,16893362688
4,586.447,grad,16891265536
4,587.734,grad,16910139904
4,589.239,grad,16885531136
4,590.49,grad,16890282496
4,591.746,grad,16871076352
4,593.078,grad,16750162432
4,594.32,grad,16654283264
4,595.562,grad,16640057856
4,596.829,grad,16612023808
4,598.608,grad,16610975232
4,599.879,grad,16629882368
4,601.53,grad,16606092800
4,602.796,grad,16610860544
4,604.06,grad,16591638016
4,605.307,grad,16508472832
4,606.566,grad,16371895808
4,607.866,grad,16350789120
4,609.115,grad,16323869184
4,611.017,grad,16320985600
4,612.334,grad,16339892736
4,613.995,grad,16316103168
4,615.258,grad,16306174464
4,616.492,grad,16306174464
4,617.733,grad,16306174464
4,620.7,grad,16306173952
4,622.107,grad,16306173952
4,623.405,grad,16306173952
4,624.668,grad,16306173952
4,628.094,grad,16306173952
4,629.395,grad,16306173952
4,630.631,grad,16324392960
4,631.869,grad,16346937344
4,633.145,grad,16361224192
4,634.851,grad,16361224192
4,636.187,grad,16361549824
4,637.705,grad,16523190272
4,638.948,grad,16523190272
4,640.331,grad,16523190272
4,641.568,grad,16523190272
4,642.885,grad,16523190272
4,644.175,grad,16468133888
4,645.422,grad,16376036352
4,646.665,grad,16205020160
4,653.013,grad,16140860416
4,659.391,grad,16140868608
4,665.776,grad,16140868608
4,672.195,grad,16140868608
4,677.612,grad,16140868608
4,678.927,grad,16148345856
4,682.147,grad,16155814912
4,683.54,grad,16165252096
4,684.873,grad,16181096448
4,686.165,grad,16216817664
4,687.414,grad,16364797952
4,688.65,grad,16465330176
4,690.805,grad,16457994240
4,692.079,grad,16468283392
4,693.345,grad,16491467776
4,694.578,grad,16558646272
4,695.808,grad,16820921344
4,696.992,grad,16741696512
4,698.929,grad,16749884416
4,700.2,grad,16760173568
4,701.496,grad,16783357952
4,702.739,grad,16865216512
4,704.055,grad,16996419584
4,706.782,grad,17041774592
4,708.015,grad,17052063744
4,709.266,grad,17075248128
4,710.526,grad,17142426624
4,711.758,grad,17249512448
4,715.458,grad,17334516736
4,716.742,grad,17343953920
4,717.999,grad,17359798272
4,719.279,grad,17395519488
4,720.522,grad,17618997248
4,721.755,grad,17619066880
4,723.755,grad,17626406912
4,725.038,grad,17635844096
4,726.297,grad,17659028480
4,727.534,grad,17726206976
4,728.765,grad,17872090112
4,729.993,grad,17940321280
4,731.796,grad,17918297088
4,733.01,grad,17927734272
4,734.318,grad,17950918656
4,735.556,grad,18018097152
4,736.792,grad,18202777600
4,739.599,grad,18210187264
4,740.866,grad,18219624448
4,742.144,grad,18242808832
4,743.456,grad,18309987328
4,744.708,grad,18455870464
4,747.589,grad,18502077440
4,748.847,grad,18511514624
4,750.113,grad,18549379072
4,751.356,grad,18616557568
4,752.598,grad,18747760640
4,755.503,grad,18793967616
4,756.763,grad,18803404800
4,758.009,grad,18841269248
4,759.248,grad,18908513280
4,760.479,grad,19046990848
4,763.306,grad,19085857792
4,764.595,grad,19095294976
4,765.845,grad,19133224960
4,767.093,grad,19200403456
4,768.327,grad,19338881024
4,771.171,grad,19377747968
4,772.425,grad,19387185152
4,773.726,grad,19410369536
4,774.977,grad,19492228096
4,776.273,grad,19623431168
4,779.087,grad,19669638144
4,780.339,grad,19679075328
4,781.586,grad,19716939776
4,782.821,grad,19784183808
4,784.1,grad,19922661376
4,786.748,grad,19961528320
4,788.106,grad,19970965504
4,789.356,grad,19986809856
4,790.641,grad,20022531072
4,791.876,grad,20246008832
4,793.124,grad,20246082560
4,795.215,grad,20253418496
4,796.472,grad,20262855680
4,797.721,grad,20286040064
4,798.954,grad,20353218560
4,800.209,grad,20615493632
4,801.448,grad,20537968640
4,803.545,grad,20545308672
4,805.011,grad,20554745856
4,806.272,grad,20577930240
4,807.505,grad,20645108736
4,808.735,grad,20752194560
4,811.577,grad,20837198848
4,812.882,grad,20846636032
4,814.182,grad,20884500480
4,815.445,grad,20951744512
4,816.68,grad,21090222080
4,819.329,grad,21129089024
4,820.585,grad,21138526208
4,821.828,grad,21176390656
4,823.092,grad,21243569152
4,824.362,grad,21374772224
4,827.051,grad,21420979200
4,828.309,grad,21437756416
4,829.55,grad,21468346368
4,830.782,grad,21535524864
4,832.012,grad,21674002432
4,834.585,grad,21712869376
4,835.847,grad,21729646592
4,837.103,grad,21760171008
4,838.335,grad,21827415040
4,839.562,grad,21958552576
4,842.262,grad,22004759552
4,843.518,grad,22021536768
4,844.775,grad,22052126720
4,846.01,grad,22119305216
4,847.247,grad,22335377408
4,849.926,grad,22296649728
4,851.194,grad,22306086912
4,852.44,grad,22343951360
4,853.676,grad,22411129856
4,854.921,grad,22549672960
4,857.579,grad,22588539904
4,858.828,grad,22597977088
4,860.092,grad,22635841536
4,861.322,grad,22703020032
4,862.549,grad,22834223104
4,865.35,grad,22880430080
4,866.61,grad,22897207296
4,867.853,grad,22927797248
4,869.106,grad,22994975744
4,870.339,grad,23134501888
4,872.953,grad,23173368832
4,874.225,grad,23182806016
4,875.511,grad,23220670464
4,876.745,grad,23287914496
4,877.98,grad,23426392064
4,880.647,grad,23465259008
4,881.926,grad,23474696192
4,883.183,grad,23512560640
4,884.418,grad,23579739136
4,885.661,grad,23719330816
4,888.321,grad,23758197760
4,889.749,grad,23767634944
4,891.001,grad,23783479296
4,892.242,grad,23826544640
4,893.48,grad,23911540736
4,894.751,grad,24088881152
4,897.565,grad,24050087936
4,898.986,grad,24059525120
4,900.266,grad,24075368448
4,901.504,grad,24089066496
4,902.736,grad,24164633600
4,903.988,grad,24334568448
4,905.273,grad,24349318144
4,906.547,grad,25884438016
4,909.464,grad,25254244864
4,910.708,grad,24942810112
4,911.939,grad,24942810112
4,913.185,grad,24942810112
4,914.42,grad,24942810112
4,915.674,grad,24638713856
4,916.914,grad,24335147008
4,918.169,grad,24241299456
4,919.407,grad,24173273088
4,920.638,grad,24105046016
4,921.867,grad,24101695488
4,923.107,grad,24069082112
4,924.384,grad,24091626496
4,925.858,grad,24056368128
4,927.114,grad,24064199680
4,928.354,grad,24076291072
4,929.587,grad,24073862144
4,930.816,grad,23952948224
4,932.057,grad,23832046592
4,933.297,grad,23803522048
4,934.533,grad,23788726272
4,935.983,grad,23781386240
4,937.31,grad,23800260608
4,938.759,grad,23776503808
4,939.995,grad,23781267456
4,941.231,grad,23800846336
4,942.464,grad,23640086528
4,943.693,grad,23550629888
4,944.929,grad,23529457664
4,946.202,grad,23503127552
4,947.738,grad,23499981824
4,949.008,grad,23518856192
4,950.439,grad,23495099392
4,951.676,grad,23499850752
4,952.957,grad,23480710144
4,954.212,grad,23391187968
4,955.46,grad,23270274048
4,956.787,grad,23249167360
4,958.023,grad,23221723136
4,959.59,grad,23219625984
4,960.889,grad,23238500352
4,962.322,grad,23214743552
4,963.561,grad,23219494912
4,964.797,grad,23192948736
4,965.991,grad,23070986240
4,967.231,grad,23003549696
4,968.461,grad,22967697408
4,969.691,grad,22939270144
4,971.165,grad,22938221568
4,972.465,grad,22957095936
4,973.877,grad,22933339136
4,975.132,grad,22938090496
4,976.378,grad,22880087040
4,977.608,grad,22829427712
4,978.841,grad,22708517888
4,980.096,grad,22694681600
4,981.326,grad,22665205760
4,982.705,grad,22657865728
4,983.94,grad,22676805632
4,985.348,grad,22652983296
4,986.596,grad,22657742848
4,987.827,grad,22599731200
4,989.065,grad,22549071872
4,990.3,grad,22457522176
4,991.527,grad,22414325760
4,992.786,grad,22384849920
4,994.402,grad,22377509888
4,995.741,grad,22396384256
4,997.25,grad,22372627456
4,998.491,grad,22392058880
4,999.726,grad,22350832640
4,1000.956,grad,22268716032
4,1002.204,grad,22147806208
4,1003.434,grad,22126629888
4,1004.668,grad,22115504128
4,1006.095,grad,22097154048
4,1007.396,grad,22116028416
4,1008.818,grad,22092271616
4,1010.092,grad,22097022976
4,1011.329,grad,22078111744
4,1012.561,grad,21988655104
4,1013.847,grad,21867749376
4,1015.199,grad,21839228928
4,1016.5,grad,21820238848
4,1018.101,grad,21817093120
4,1019.384,grad,21835967488
4,1020.814,grad,21812210688
4,1022.059,grad,21816978432
4,1023.303,grad,21758958592
4,1024.536,grad,21708299264
4,1025.789,grad,21616749568
4,1027.03,grad,21566213120
4,1028.265,grad,21536737280
4,1029.67,grad,21536737280
4,1030.935,grad,21555611648
4,1032.385,grad,21531854848
4,1033.623,grad,21536606208
4,1034.866,grad,21517400064
4,1036.145,grad,21435283456
4,1037.404,grad,21299689472
4,1038.658,grad,21285922816
4,1039.892,grad,21258478592
4,1041.451,grad,21256381440
4,1042.693,grad,21275321344
4,1044.092,grad,21251499008
4,1045.332,grad,21270930432
4,1046.578,grad,21229704192
4,1047.813,grad,21108855808
4,1049.056,grad,21056103424
4,1050.302,grad,21005566976
4,1051.54,grad,20976091136
4,1052.96,grad,20976091136
4,1054.249,grad,20994965504
4,1055.672,grad,20971208704
4,1056.926,grad,20975960064
4,1058.184,grad,20956753920
4,1059.42,grad,20867690496
4,1060.654,grad,20746784768
4,1061.883,grad,20718264320
4,1063.124,grad,20703468544
4,1064.474,grad,20696128512
4,1065.742,grad,20715068416
4,1067.233,grad,20691246080
4,1068.479,grad,20695997440
4,1069.716,grad,20669451264
4,1070.955,grad,20587334656
4,1072.2,grad,20466433024
4,1073.434,grad,20445248512
4,1074.663,grad,20434122752
4,1076.207,grad,20415772672
4,1077.484,grad,20434581504
4,1078.984,grad,20410890240
4,1080.226,grad,20415641600
4,1081.482,grad,20389160960
4,1082.713,grad,20307044352
4,1083.942,grad,20186130432
4,1085.2,grad,20157618176
4,1086.447,grad,20153832448
4,1087.808,grad,20135482368
4,1089.093,grad,20154356736
4,1090.524,grad,20130599936
4,1091.764,grad,20135351296
4,1092.996,grad,20108870656
4,1094.231,grad,19987956736
4,1095.469,grad,19935204352
4,1096.739,grad,19892007936
4,1097.978,grad,19856240640
4,1099.44,grad,19855192064
4,1100.705,grad,19874066432
4,1102.165,grad,19850309632
4,1103.41,grad,19855060992
4,1104.644,grad,19828514816
4,1105.879,grad,19746398208
4,1107.147,grad,19625496576
4,1108.383,grad,19596972032
4,1109.611,grad,19582176256
4,1110.979,grad,19574836224
4,1112.279,grad,19593710592
4,1113.684,grad,19569953792
4,1114.947,grad,19589385216
4,1116.237,grad,19555499008
4,1117.523,grad,19473775616
4,1118.76,grad,19337788416
4,1120.031,grad,19324021760
4,1121.282,grad,19296577536
4,1122.865,grad,19294480384
4,1124.142,grad,19313354752
4,1125.584,grad,19289597952
4,1126.842,grad,19309029376
4,1128.099,grad,19275143168
4,1129.332,grad,19108091904
4,1130.563,grad,19079522304
4,1131.796,grad,19043665920
4,1133.028,grad,19016287232
4,1134.482,grad,19014190080
4,1135.757,grad,19033064448
4,1137.209,grad,19009307648
4,1138.455,grad,19014071296
4,1139.691,grad,18994852864
4,1140.923,grad,18827801600
4,1142.169,grad,18784486400
4,1143.402,grad,18770650112
4,1144.631,grad,18741174272
4,1146.072,grad,18733834240
4,1147.4,grad,18752708608
4,1148.883,grad,18728951808
4,1150.167,grad,18733703168
4,1151.448,grad,18714497024
4,1152.692,grad,18547511296
4,1153.927,grad,18504196096
4,1155.178,grad,18490359808
4,1156.417,grad,18460883968
4,1158.066,grad,18453543936
4,1159.362,grad,18472418304
4,1160.78,grad,18448661504
4,1162.046,grad,18453412864
4,1163.308,grad,18434206720
4,1164.544,grad,18344750080
4,1165.778,grad,18223909888
4,1167.058,grad,18195389440
4,1168.308,grad,18173253632
4,1169.719,grad,18173253632
4,1170.993,grad,18192128000
4,1172.437,grad,18168371200
4,1173.724,grad,18187802624
4,1175.012,grad,18185373696
4,1176.281,grad,18064459776
4,1177.534,grad,17943545856
4,1178.784,grad,17922373632
4,1180.053,grad,17911247872
4,1181.35,grad,17892897792
4,1182.595,grad,17911837696
4,1183.989,grad,17888015360
4,1185.238,grad,17892766720
4,1186.506,grad,17873560576
4,1187.76,grad,17706509312
4,1189.001,grad,17692615680
4,1190.236,grad,17642083328
4,1191.473,grad,17613656064
4,1192.991,grad,17612607488
4,1194.253,grad,17631416320
4,1195.786,grad,17606873088
4,1197.042,grad,17604284416
4,1198.392,grad,17592483840
4,1199.693,grad,17503813632
4,1200.986,grad,17390305280
4,1202.313,grad,17361006592
4,1203.556,grad,17335462912
4,1205.157,grad,17331465216
4,1206.47,grad,17350339584
4,1207.929,grad,17326582784
4,1209.253,grad,17331346432
4,1210.497,grad,17350925312
4,1211.732,grad,17230404608
4,1212.992,grad,17102674944
4,1214.281,grad,17081568256
4,1215.58,grad,17054124032
4,1217.166,grad,17052026880
4,1218.42,grad,17070835712
4,1219.99,grad,17046292480
4,1221.24,grad,17051052032
4,1222.493,grad,17031837696
4,1223.733,grad,16950114304
4,1224.979,grad,16822384640
4,1226.252,grad,16801277952
4,1227.496,grad,16774882304
4,1229.17,grad,16771736576
4,1230.414,grad,16790610944
4,1232.02,grad,16766854144
4,1233.284,grad,16771613696
4,1234.526,grad,16751547392
4,1235.787,grad,16669430784
4,1237.068,grad,16531805184
4,1238.325,grad,16510239744
4,1239.562,grad,16482205696
4,1242.044,grad,16480894976
4,1243.343,grad,16499703808
4,1245.005,grad,16476012544
4,1246.34,grad,16466083840
4,1247.621,grad,16466083840
4,1248.881,grad,16466083840
4,1250.348,grad,16466083328
4,1252.332,grad,16466083328
4,1253.615,grad,16466083328
4,1255.211,grad,16466083328
4,1259.406,grad,16466083328
4,1260.769,grad,16466083328
4,1262.01,grad,16483778048
4,1263.252,grad,16505863680
4,1264.493,grad,16521133568
4,1266.365,grad,16521133568
4,1267.62,grad,16521143808
4,1268.995,grad,16683099648
4,1270.253,grad,16683099648
4,1271.507,grad,16683099648
4,1272.795,grad,16683099648
4,1274.103,grad,16654133248
4,1275.363,grad,16597221888
4,1276.61,grad,16420864512
4,1277.888,grad,16302342656
4,1279.151,grad,16315089408
4,1280.391,grad,16417227264
4,1281.624,grad,16303325696
4,1287.115,grad,16141844992
4,1293.487,grad,16141853184
4,1299.821,grad,16141853184
4,1306.236,grad,16141853184
4,1310.629,grad,16141853184
4,1311.903,grad,16149330432
4,1315.012,grad,16156799488
4,1316.427,grad,16166236672
4,1317.711,grad,16182081024
4,1319.053,grad,16218654208
4,1320.306,grad,16444229120
4,1321.579,grad,16451642880
4,1323.646,grad,16458978816
4,1324.906,grad,16469267968
4,1326.183,grad,16492452352
4,1327.425,grad,16574310912
4,1328.71,grad,16705513984
4,1331.54,grad,16750868992
4,1332.815,grad,16760306176
4,1334.11,grad,16799022592
4,1335.363,grad,16866266624
4,1336.599,grad,17004744192
4,1339.321,grad,17043611136
4,1340.587,grad,17053048320
4,1341.843,grad,17090912768
4,1343.125,grad,17158091264
4,1344.366,grad,17289294336
4,1347.456,grad,17335501312
4,1348.73,grad,17344938496
4,1349.984,grad,17382802944
4,1351.224,grad,17450046976
4,1352.462,grad,17588524544
4,1355.114,grad,17627391488
4,1356.39,grad,17644168704
4,1357.639,grad,17674758656
4,1358.889,grad,17741937152
4,1360.165,grad,17880414720
4,1362.793,grad,17919281664
4,1364.056,grad,17928718848
4,1365.305,grad,17966648832
4,1366.568,grad,18033827328
4,1367.804,grad,18249899520
4,1370.381,grad,18211171840
4,1371.641,grad,18220609024
4,1372.901,grad,18258539008
4,1374.16,grad,18325717504
4,1375.392,grad,18464195072
4,1377.991,grad,18503062016
4,1379.262,grad,18512499200
4,1380.507,grad,18550363648
4,1381.735,grad,18617607680
4,1382.963,grad,18756085248
4,1385.579,grad,18794952192
4,1387.031,grad,18804389376
4,1388.316,grad,18827573760
4,1389.562,grad,18909432320
4,1390.831,grad,19040635392
4,1393.552,grad,19086842368
4,1394.805,grad,19096279552
4,1396.067,grad,19134209536
4,1397.305,grad,19201388032
4,1398.54,grad,19417460224
4,1401.161,grad,19378732544
4,1402.445,grad,19395509760
4,1403.719,grad,19426099712
4,1404.949,grad,19570872832
4,1406.199,grad,19709350400
4,1408.747,grad,19670622720
4,1410.011,grad,19680059904
4,1411.263,grad,19717924352
4,1412.504,grad,19785102848
4,1413.756,grad,19916305920
4,1416.473,grad,19962512896
4,1417.739,grad,19971950080
4,1419.022,grad,20009814528
4,1420.274,grad,20077058560
4,1421.513,grad,20215536128
4,1424.133,grad,20254403072
4,1425.385,grad,20263840256
4,1426.626,grad,20301770240
4,1427.855,grad,20368948736
4,1429.101,grad,20507426304
4,1432.03,grad,20546293248
4,1433.32,grad,20555730432
4,1434.567,grad,20593594880
4,1435.801,grad,20660838912
4,1437.029,grad,20791976448
4,1439.796,grad,20838183424
4,1441.078,grad,20847620608
4,1442.331,grad,20885485056
4,1443.562,grad,20952729088
4,1444.79,grad,21091206656
4,1447.526,grad,21130073600
4,1448.784,grad,21139510784
4,1450.055,grad,21162695168
4,1451.338,grad,21229873664
4,1452.571,grad,21336959488
4,1453.962,grad,21421963776
4,1455.52,grad,21421963776
4,1456.776,grad,21438740992
4,1458.019,grad,21469330944
4,1459.259,grad,21536443904
4,1460.5,grad,21667646976
4,1463.192,grad,21713853952
4,1464.441,grad,21730631168
4,1465.686,grad,21761221120
4,1466.915,grad,21828399616
4,1468.176,grad,21966877184
4,1469.411,grad,22005744128
4,1471.059,grad,22005744128
4,1472.441,grad,22015181312
4,1473.703,grad,22038365696
4,1474.942,grad,22120224256
4,1476.23,grad,22251427328
4,1478.956,grad,22297634304
4,1480.244,grad,22314411520
4,1481.495,grad,22345001472
4,1482.73,grad,22412179968
4,1483.959,grad,22550657536
4,1486.518,grad,22589524480
4,1487.773,grad,22606301696
4,1489.018,grad,22636826112
4,1490.27,grad,22704004608
4,1491.508,grad,22835207680
4,1494.411,grad,22881414656
4,1495.701,grad,22890851840
4,1496.949,grad,22914036224
4,1498.199,grad,22981214720
4,1499.434,grad,23243489792
4,1500.711,grad,23187988992
4,1502.554,grad,23173304832
4,1503.809,grad,23182742016
4,1505.115,grad,23205926400
4,1506.352,grad,23273104896
4,1507.618,grad,23418988032
4,1508.853,grad,23457859072
4,1510.852,grad,23465195008
4,1512.136,grad,23474632192
4,1513.393,grad,23512496640
4,1514.676,grad,23579675136
4,1515.98,grad,23710878208
4,1518.932,grad,23757085184
4,1520.262,grad,23773862400
4,1521.521,grad,23804452352
4,1522.789,grad,23871630848
4,1524.059,grad,24010108416
4,1526.625,grad,24048975360
4,1527.878,grad,24065752576
4,1529.135,grad,24096342528
4,1530.38,grad,24163521024
4,1531.695,grad,24294658560
4,1533.007,grad,24326185472
4,1534.272,grad,25883347456
4,1536.635,grad,25253124096
4,1537.887,grad,24941697536
4,1539.139,grad,24941697536
4,1540.387,grad,24941697536
4,1541.625,grad,24941697536
4,1542.861,grad,24333522432
4,1544.105,grad,24361166336
4,1545.337,grad,24201455104
4,1546.572,grad,24111998464
4,1547.81,grad,24090826240
4,1549.05,grad,24062398976
4,1550.701,grad,24061350400
4,1551.956,grad,24080159232
4,1553.504,grad,24056467968
4,1554.75,grad,24061219328
4,1555.99,grad,24042013184
4,1557.241,grad,23874961920
4,1558.494,grad,23831646720
4,1559.739,grad,23803130368
4,1560.987,grad,23780994560
4,1562.484,grad,23780994560
4,1563.732,grad,23799868928
4,1565.2,grad,23776112128
4,1566.437,grad,23780863488
4,1567.675,grad,23754317312
4,1568.903,grad,23672200704
4,1570.149,grad,23551286784
4,1571.411,grad,23530114560
4,1572.646,grad,23512173056
4,1573.98,grad,23500638720
4,1575.252,grad,23519513088
4,1577.753,grad,23495756288
4,1579.026,grad,23500507648
4,1580.272,grad,23473961472
4,1581.543,grad,23314250240
4,1582.785,grad,23270935040
4,1584.016,grad,23257098752
4,1585.245,grad,23227622912
4,1586.651,grad,23220282880
4,1587.915,grad,23239157248
4,1589.38,grad,23215400448
4,1590.647,grad,23220151808
4,1591.897,grad,23162148352
4,1593.142,grad,23087371776
4,1594.375,grad,23020656128
4,1595.606,grad,22984869376
4,1596.836,grad,22942745088
4,1598.366,grad,22940647936
4,1599.634,grad,22959587840
4,1601.05,grad,22935765504
4,1602.311,grad,22940533248
4,1603.548,grad,22882513408
4,1604.786,grad,22754259456
4,1606.018,grad,22710944256
4,1607.268,grad,22682427904
4,1608.498,grad,22667632128
4,1609.892,grad,22660292096
4,1611.235,grad,22679166464
4,1612.693,grad,22655409664
4,1613.949,grad,22660161024
4,1615.218,grad,22633614848
4,1616.463,grad,22551793152
4,1617.704,grad,22430887424
4,1618.941,grad,22409707008
4,1620.214,grad,22391241216
4,1621.853,grad,22380231168
4,1623.159,grad,22399105536
4,1624.568,grad,22375348736
4,1625.81,grad,22380100096
4,1627.049,grad,22353553920
4,1628.278,grad,22232640000
4,1629.509,grad,22150535680
4,1630.748,grad,22129351168
4,1631.998,grad,22107215360
4,1633.369,grad,22099875328
4,1634.641,grad,22118749696
4,1636.074,grad,22094992896
4,1637.307,grad,22099744256
4,1638.54,grad,22080603648
4,1639.778,grad,21952349696
4,1641.03,grad,21870241280
4,1642.276,grad,21849060864
4,1643.508,grad,21845390848
4,1645.389,grad,21819585024
4,1646.629,grad,21838459392
4,1648.085,grad,21814702592
4,1649.342,grad,21834134016
4,1650.588,grad,21831770624
4,1651.832,grad,21710856704
4,1653.084,grad,21619307008
4,1654.315,grad,21576110592
4,1655.549,grad,21546634752
4,1656.925,grad,21539294720
4,1658.204,grad,21558169088
4,1659.634,grad,21534412288
4,1660.896,grad,21546503680
4,1662.268,grad,21520088576
4,1663.522,grad,21430566400
4,1664.767,grad,21309652480
4,1665.999,grad,21288545792
4,1667.229,grad,21261101568
4,1668.758,grad,21259004416
4,1670.027,grad,21277878784
4,1671.501,grad,21254121984
4,1672.773,grad,21258885632
4,1674.009,grad,21200935424
4,1675.239,grad,21111478784
4,1676.469,grad,21059115520
4,1677.709,grad,21008583168
4,1678.94,grad,20979107328
4,1680.385,grad,20979107328
4,1681.671,grad,20997981696
4,1683.166,grad,20974224896
4,1684.408,grad,20978976256
4,1685.642,grad,20952430080
4,1686.871,grad,20831516160
4,1688.11,grad,20749407744
4,1689.341,grad,20720887296
4,1690.576,grad,20706091520
4,1692.017,grad,20698751488
4,1693.276,grad,20717560320
4,1694.784,grad,20693869056
4,1696.023,grad,20698620416
4,1697.256,grad,20672074240
4,1698.486,grad,20551225856
4,1699.718,grad,20469121536
4,1700.96,grad,20447937024
4,1702.243,grad,20425801216
4,1703.868,grad,20418461184
4,1705.171,grad,20437335552
4,1706.575,grad,20413578752
4,1707.817,grad,20418330112
4,1709.056,grad,20391783936
4,1710.285,grad,20270935552
4,1711.525,grad,20188831232
4,1712.789,grad,20160306688
4,1714.037,grad,20145510912
4,1715.467,grad,20138170880
4,1716.757,grad,20156979712
4,1718.296,grad,20133288448
4,1719.539,grad,20152719872
4,1720.789,grad,20150290944
4,1722.039,grad,20029442560
4,1723.279,grad,19908536832
4,1724.511,grad,19880016384
4,1725.775,grad,19868890624
4,1727.127,grad,19857880576
4,1728.365,grad,19876820480
4,1729.756,grad,19852998144
4,1731.005,grad,19857749504
4,1732.257,grad,19838543360
4,1733.494,grad,19725035008
4,1734.731,grad,19642918400
4,1735.965,grad,19607066112
4,1737.204,grad,19579687424
4,1738.649,grad,19577590272
4,1739.912,grad,19596530176
4,1741.334,grad,19572707840
4,1742.599,grad,19570119168
4,1743.896,grad,19558318592
4,1745.146,grad,19483542016
4,1746.378,grad,19347948032
4,1747.65,grad,19326841344
4,1748.88,grad,19299397120
4,1750.452,grad,19297299968
4,1751.73,grad,19316174336
4,1753.254,grad,19292417536
4,1754.496,grad,19297168896
4,1755.741,grad,19270622720
4,1756.981,grad,19188571648
4,1758.216,grad,19067657728
4,1759.447,grad,19039145472
4,1760.684,grad,19035359744
4,1762.021,grad,19017009664
4,1763.283,grad,19035818496
4,1764.769,grad,19012127232
4,1766.013,grad,19016878592
4,1767.263,grad,18990332416
4,1768.499,grad,18869484032
4,1769.737,grad,18787379712
4,1770.986,grad,18773535232
4,1772.241,grad,18737767936
4,1773.794,grad,18736719360
4,1775.091,grad,18755593728
4,1776.496,grad,18731836928
4,1777.739,grad,18736588288
4,1778.98,grad,18710042112
4,1780.212,grad,18589193728
4,1781.454,grad,18507085312
4,1782.732,grad,18485904896
4,1783.976,grad,18463769088
4,1785.561,grad,18456429056
4,1786.878,grad,18475303424
4,1788.324,grad,18451546624
4,1789.561,grad,18456297984
4,1790.8,grad,18429751808
4,1792.037,grad,18347700736
4,1793.286,grad,18241466880
4,1794.522,grad,18205614592
4,1795.76,grad,18176138752
4,1797.206,grad,18176138752
4,1798.442,grad,18195078656
4,1799.839,grad,18171256320
4,1801.092,grad,18176007680
4,1802.364,grad,18149461504
4,1803.61,grad,18028613120
4,1804.844,grad,17961176576
4,1806.086,grad,17925324288
4,1807.317,grad,17895848448
4,1808.738,grad,17895848448
4,1810.012,grad,17914722816
4,1811.447,grad,17890966016
4,1812.708,grad,17895717376
4,1813.951,grad,17837713920
4,1815.197,grad,17755662848
4,1816.442,grad,17658866176
4,1817.711,grad,17645099520
4,1818.944,grad,17617655296
4,1820.531,grad,17615558144
4,1821.817,grad,17634432512
4,1823.275,grad,17610675712
4,1824.521,grad,17615427072
4,1825.818,grad,17596286464
4,1827.061,grad,17514169856
4,1828.294,grad,17424713216
4,1829.526,grad,17364350464
4,1830.764,grad,17336840704
4,1832.453,grad,17335267840
4,1833.712,grad,17354076672
4,1835.273,grad,17330385408
4,1836.508,grad,17335136768
4,1837.747,grad,17308590592
4,1838.977,grad,17187742208
4,1840.207,grad,17105629696
4,1841.438,grad,17091793408
4,1842.7,grad,17061465600
4,1844.206,grad,17054125568
4,1845.489,grad,17072999936
4,1846.956,grad,17048391168
4,1848.212,grad,17053142528
4,1849.446,grad,17033936384
4,1850.685,grad,16906599936
4,1851.922,grad,16830971392
4,1853.196,grad,16804228608
4,1854.435,grad,16776260096
4,1856.133,grad,16773835264
4,1857.436,grad,16792709632
4,1858.911,grad,16768952832
4,1860.165,grad,16773720576
4,1861.397,grad,16792443392
4,1862.634,grad,16671398400
4,1863.874,grad,16549435904
4,1865.119,grad,16512338432
4,1866.36,grad,16484304384
4,1868.371,grad,16482993664
4,1869.694,grad,16501966336
4,1871.224,grad,16478111232
4,1872.472,grad,16468182528
4,1873.728,grad,16468182528
4,1874.957,grad,16468182528
4,1878.341,grad,16468182016
4,1879.672,grad,16468182016
4,1880.933,grad,16468182016
4,1882.197,grad,16468182016
4,1885.828,grad,16468182016
4,1887.169,grad,16468182016
4,1888.404,grad,16486401024
4,1889.634,grad,16508486656
4,1890.887,grad,16523232256
4,1892.711,grad,16523232256
4,1893.964,grad,16523242496
4,1895.332,grad,16685198336
4,1896.568,grad,16685198336
4,1899.675,grad,16685198336
4,1901.071,grad,16629664256
4,1902.331,grad,16453699584
4,1903.641,grad,16303327232
4,1904.885,grad,16313419776
4,1906.13,grad,16415885312
4,1907.358,grad,16444557312
4,1908.598,grad,16332818432
4,1914.621,grad,16143452160
4,1921.009,grad,16143460352
4,1927.357,grad,16143460352
4,1933.712,grad,16143460352
4,1938.525,grad,16143460352
4,1939.783,grad,16150937600
4,1942.823,grad,16158406656
4,1944.235,grad,16167843840
4,1945.517,grad,16183688192
4,1946.781,grad,16234093568
4,1948.191,grad,16366275584
4,1949.528,grad,16519498752
4,1952.245,grad,16458800128
4,1953.61,grad,16468122624
4,1954.931,grad,16483966976
4,1956.295,grad,16527024128
4,1957.627,grad,16650825728
4,1958.945,grad,16704368640
4,1960.277,grad,16765259776
4,1962.528,grad,16750575616
4,1963.926,grad,16760012800
4,1965.284,grad,16775857152
4,1966.611,grad,16818918400
4,1967.936,grad,16865121280
4,1969.288,grad,17003598848
4,1970.61,grad,17057149952
4,1972.84,grad,17042580480
4,1974.179,grad,17051902976
4,1975.531,grad,17067747328
4,1976.96,grad,17103468544
4,1978.33,grad,17249351680
4,1979.675,grad,17312331776
4,1982.467,grad,17334470656
4,1983.805,grad,17343793152
4,1985.15,grad,17366977536
4,1986.507,grad,17395358720
4,1987.863,grad,17541241856
4,1989.245,grad,17604221952
4,1991.601,grad,17626246144
4,1992.934,grad,17635683328
4,1994.286,grad,17658867712
4,1995.615,grad,17687248896
4,1996.946,grad,17910726656
4,1998.314,grad,17925472256
4,2000.55,grad,17918136320
4,2001.862,grad,17927573504
4,2003.211,grad,17950757888
4,2004.535,grad,17979139072
4,2005.861,grad,18202616832
4,2007.265,grad,18217362432
4,2009.48,grad,18210026496
4,2010.808,grad,18219463680
4,2012.174,grad,18242648064
4,2013.524,grad,18271029248
4,2014.861,grad,18494507008
4,2016.249,grad,18509252608
4,2018.461,grad,18501916672
4,2019.786,grad,18511353856
4,2021.13,grad,18534538240
4,2022.496,grad,18562919424
4,2023.841,grad,18786397184
4,2025.234,grad,18801142784
4,2027.439,grad,18793806848
4,2029.012,grad,18803244032
4,2030.352,grad,18826428416
4,2031.699,grad,18854809600
4,2033.025,grad,19078287360
4,2034.382,grad,19093037056
4,2036.586,grad,19085811712
4,2037.916,grad,19095134208
4,2039.28,grad,19132998656
4,2040.607,grad,19185497088
4,2041.941,grad,19370177536
4,2043.296,grad,19370247168
4,2045.467,grad,19377587200
4,2046.794,grad,19387024384
4,2048.125,grad,19410208768
4,2049.473,grad,19438589952
4,2050.792,grad,19662067712
4,2052.147,grad,19662133248
4,2054.651,grad,19669477376
4,2056.205,grad,19678914560
4,2057.562,grad,19694758912
4,2058.919,grad,19737820160
4,2060.309,grad,19939212288
4,2061.761,grad,19915160576
4,2063.157,grad,19954031616
4,2065.564,grad,19961367552
4,2067.164,grad,19970804736
4,2068.519,grad,19986649088
4,2069.876,grad,20015030272
4,2071.254,grad,20114710528
4,2072.581,grad,20292050944
4,2075.483,grad,20253372416
4,2076.831,grad,20262694912
4,2078.191,grad,20285879296
4,2079.536,grad,20314260480
4,2080.871,grad,20460143616
4,2082.266,grad,20523123712
4,2084.925,grad,20545262592
4,2086.283,grad,20554585088
4,2087.609,grad,20577769472
4,2088.937,grad,20606150656
4,2090.296,grad,20752033792
4,2091.662,grad,20815013888
4,2094.098,grad,20837038080
4,2095.405,grad,20846475264
4,2096.722,grad,20869659648
4,2098.031,grad,20898040832
4,2099.377,grad,21121518592
4,2100.743,grad,21136264192
4,2103.11,grad,21128928256
4,2104.415,grad,21138365440
4,2105.732,grad,21161549824
4,2107.059,grad,21189931008
4,2108.365,grad,21413408768
4,2109.69,grad,21428154368
4,2112.015,grad,21420818432
4,2113.326,grad,21430255616
4,2114.641,grad,21453440000
4,2116.026,grad,21520618496
4,2117.375,grad,21705298944
4,2118.713,grad,21720044544
4,2120.957,grad,21712708608
4,2122.284,grad,21722145792
4,2123.605,grad,21745330176
4,2124.932,grad,21812508672
4,2126.296,grad,22074783744
4,2127.651,grad,21997258752
4,2129.903,grad,22004713472
4,2131.4,grad,22014035968
4,2132.741,grad,22037220352
4,2134.104,grad,22065601536
4,2135.43,grad,22289079296
4,2136.787,grad,22303828992
4,2138.999,grad,22296488960
4,2140.308,grad,22305926144
4,2141.667,grad,22329110528
4,2142.998,grad,22396289024
4,2144.315,grad,22658564096
4,2145.626,grad,22595715072
4,2147.835,grad,22588493824
4,2149.202,grad,22605156352
4,2150.541,grad,22635680768
4,2151.895,grad,22702859264
4,2153.265,grad,22950454272
4,2154.6,grad,22872933376
4,2156.762,grad,22880384000
4,2158.101,grad,22889706496
4,2159.422,grad,22927570944
4,2160.764,grad,22980069376
4,2162.084,grad,23164749824
4,2163.415,grad,23164819456
4,2165.618,grad,23172274176
4,2166.93,grad,23181596672
4,2168.286,grad,23219461120
4,2169.603,grad,23271959552
4,2170.918,grad,23534234624
4,2172.27,grad,23456713728
4,2174.388,grad,23464049664
4,2175.7,grad,23473486848
4,2177.063,grad,23496671232
4,2178.372,grad,23563849728
4,2179.695,grad,23748530176
4,2181.007,grad,23748599808
4,2183.358,grad,23755939840
4,2184.674,grad,23765377024
4,2185.996,grad,23803241472
4,2187.318,grad,23855739904
4,2188.629,grad,24040420352
4,2189.94,grad,24040498176
4,2192.094,grad,24047830016
4,2193.403,grad,24057267200
4,2194.725,grad,24095131648
4,2196.073,grad,24147630080
4,2197.417,grad,24293513216
4,2198.736,grad,24347064320
4,2200.053,grad,25882192384
4,2202.794,grad,24940551680
4,2204.137,grad,24940552192
4,2205.508,grad,24940552192
4,2206.889,grad,24940552192
4,2208.271,grad,24940552192
4,2209.621,grad,24629115904
4,2210.908,grad,24332823552
4,2212.2,grad,24238713856
4,2213.457,grad,24172456960
4,2214.818,grad,24104688640
4,2216.09,grad,24085158912
4,2218.029,grad,24060925952
4,2219.292,grad,24079734784
4,2220.845,grad,24056043520
4,2222.121,grad,24060794880
4,2223.384,grad,24073046016
4,2224.62,grad,24029726720
4,2225.853,grad,23831218176
4,2227.121,grad,23802705920
4,2228.371,grad,23787910144
4,2229.744,grad,23780570112
4,2231.052,grad,23799444480
4,2232.51,grad,23775687680
4,2233.756,grad,23780455424
4,2234.992,grad,23722435584
4,2236.232,grad,23632978944
4,2237.462,grad,23543522304
4,2238.695,grad,23544435712
4,2239.926,grad,23502311424
4,2241.653,grad,23500214272
4,2242.981,grad,23519088640
4,2244.752,grad,23495331840
4,2246.03,grad,23500099584
4,2247.271,grad,23480877056
4,2248.503,grad,23359963136
4,2249.743,grad,23270506496
4,2250.984,grad,23249334272
4,2252.242,grad,23221955584
4,2253.754,grad,23219858432
4,2255.08,grad,23238732800
4,2256.525,grad,23214976000
4,2257.772,grad,23219735552
4,2259.008,grad,23239318528
4,2260.24,grad,23079607296
4,2261.477,grad,22997490688
4,2262.723,grad,22983724032
4,2263.957,grad,22942648320
4,2265.519,grad,22939502592
4,2266.846,grad,22958376960
4,2268.335,grad,22934620160
4,2269.581,grad,22939371520
4,2270.818,grad,22997825536
4,2272.175,grad,22838048768
4,2273.478,grad,22833199104
4,2274.766,grad,22702454784
4,2276.075,grad,22702450688
4,2277.329,grad,22688622592
4,2278.564,grad,22660195328
4,2279.809,grad,22660195328
4,2281.377,grad,22659146752
4,2282.682,grad,22677496832
4,2283.918,grad,22654247936
4,2285.169,grad,22661637120
4,2286.418,grad,22688371712
4,2287.665,grad,22632469504
4,2288.899,grad,22550352896
4,2290.137,grad,22458799104
4,2291.367,grad,22408266752
4,2292.599,grad,22381936640
4,2294.483,grad,22378790912
4,2295.821,grad,22397665280
4,2297.337,grad,22373908480
4,2298.586,grad,22378659840
4,2299.821,grad,22352113664
4,2301.042,grad,22269997056
4,2302.385,grad,22163763200
4,2303.681,grad,22127910912
4,2304.977,grad,22098435072
4,2306.417,grad,22098435072
4,2307.722,grad,22117309440
4,2309.219,grad,22093552640
4,2310.458,grad,22098316288
4,2311.706,grad,22079097856
4,2312.947,grad,21996981248
4,2314.188,grad,21868727296
4,2315.433,grad,21847620608
4,2316.706,grad,21819127808
4,2318.463,grad,21818079232
4,2319.765,grad,21836953600
4,2321.244,grad,21813196800
4,2322.484,grad,21817948160
4,2323.724,grad,21791401984
4,2324.953,grad,21709285376
4,2326.197,grad,21588379648
4,2327.44,grad,21567199232
4,2328.68,grad,21556073472
4,2329.98,grad,21537723392
4,2331.258,grad,21556597760
4,2332.725,grad,21532840960
4,2333.981,grad,21530252288
4,2335.25,grad,21518451712
4,2336.511,grad,21443609600
4,2337.759,grad,21308015616
4,2339.092,grad,21286908928
4,2340.326,grad,21260513280
4,2341.89,grad,21257367552
4,2343.141,grad,21276176384
4,2344.682,grad,21252485120
4,2345.95,grad,21257236480
4,2347.223,grad,21238095872
4,2348.468,grad,21071044608
4,2349.726,grad,21027729408
4,2350.961,grad,20999213056
4,2352.204,grad,20984417280
4,2353.557,grad,20977077248
4,2354.856,grad,20995951616
4,2356.298,grad,20972194816
4,2357.555,grad,20976946176
4,2358.795,grad,20950465536
4,2360.023,grad,20868348928
4,2361.251,grad,20747439104
4,2362.484,grad,20733602816
4,2363.719,grad,20704126976
4,2365.172,grad,20696786944
4,2366.444,grad,20715661312
4,2367.889,grad,20691904512
4,2369.139,grad,20696664064
4,2370.37,grad,20677515264
4,2371.607,grad,20510464000
4,2372.844,grad,20496508928
4,2374.086,grad,20445972480
4,2375.32,grad,20416496640
4,2377.016,grad,20416496640
4,2378.313,grad,20435436544
4,2379.723,grad,20411614208
4,2380.977,grad,20416365568
4,2382.214,grad,20397224960
4,2383.466,grad,20230173696
4,2384.704,grad,20216218624
4,2385.937,grad,20173022208
4,2387.213,grad,20138303488
4,2388.685,grad,20136206336
4,2389.984,grad,20155080704
4,2391.433,grad,20131323904
4,2392.678,grad,20136079360
4,2393.911,grad,20116869120
4,2395.159,grad,19949817856
4,2396.393,grad,19935862784
4,2397.633,grad,19892666368
4,2398.883,grad,19863190528
4,2400.346,grad,19855850496
4,2401.692,grad,19874724864
4,2403.19,grad,19850968064
4,2404.436,grad,19855719424
4,2405.681,grad,19829173248
4,2406.92,grad,19669462016
4,2408.189,grad,19655502848
4,2409.429,grad,19604970496
4,2410.668,grad,19577591808
4,2412.215,grad,19575494656
4,2413.516,grad,19594369024
4,2414.949,grad,19570612224
4,2416.224,grad,19575363584
4,2417.524,grad,19556222976
4,2418.776,grad,19481380864
4,2420.012,grad,19384649728
4,2421.242,grad,19324286976
4,2422.476,grad,19296777216
4,2424.152,grad,19295204352
4,2425.399,grad,19313947648
4,2427.222,grad,19290321920
4,2428.472,grad,19295073280
4,2429.711,grad,19268527104
4,2430.942,grad,19109209088
4,2432.185,grad,19080176640
4,2433.416,grad,19044324352
4,2434.648,grad,19015897088
4,2436.144,grad,19014848512
4,2437.459,grad,19033722880
4,2438.899,grad,19009966080
4,2440.148,grad,19014717440
4,2441.381,grad,18995511296
4,2442.613,grad,18828525568
4,2443.842,grad,18814570496
4,2445.082,grad,18764034048
4,2446.313,grad,18734558208
4,2447.745,grad,18734558208
4,2449.008,grad,18753432576
4,2450.442,grad,18729675776
4,2451.695,grad,18734427136
4,2452.928,grad,18708274176
4,2454.168,grad,18626550784
4,2455.397,grad,18505247744
4,2456.63,grad,18476731392
4,2457.876,grad,18465605632
4,2459.925,grad,18454595584
4,2461.287,grad,18473469952
4,2462.706,grad,18449713152
4,2463.946,grad,18454464512
4,2465.192,grad,18396854272
4,2466.421,grad,18314344448
4,2467.689,grad,18217613312
4,2468.944,grad,18203846656
4,2470.189,grad,18177451008
4,2471.754,grad,18174305280
4,2473.041,grad,18193179648
4,2474.449,grad,18169422848
4,2475.689,grad,18174174208
4,2476.927,grad,18148021248
4,2478.2,grad,17987916800
4,2479.436,grad,17973961728
4,2480.671,grad,17923425280
4,2481.903,grad,17894998016
4,2483.412,grad,17893949440
4,2484.739,grad,17912823808
4,2486.176,grad,17889067008
4,2487.417,grad,17893826560
4,2488.669,grad,17835814912
4,2489.902,grad,17754157056
4,2491.145,grad,17671647232
4,2492.377,grad,17643200512
4,2493.608,grad,17616804864
4,2495.207,grad,17613659136
4,2496.514,grad,17632533504
4,2497.958,grad,17608776704
4,2499.219,grad,17613528064
4,2500.536,grad,17594387456
4,2501.791,grad,17512270848
4,2502.992,grad,17415867392
4,2504.229,grad,17362451456
4,2505.467,grad,17334417408
4,2507.213,grad,17333368832
4,2508.527,grad,17352243200
4,2510.088,grad,17328486400
4,2511.329,grad,17333250048
4,2512.584,grad,17353222144
4,2513.828,grad,17193117696
4,2515.07,grad,17103661056
4,2516.327,grad,17082554368
4,2517.589,grad,17055110144
4,2519.237,grad,17053012992
4,2520.535,grad,17071756288
4,2522.238,grad,17048130560
4,2523.475,grad,17052881920
4,2524.717,grad,17026728960
4,2525.961,grad,16944612352
4,2527.209,grad,16852669440
4,2528.457,grad,16802132992
4,2529.703,grad,16774754304
4,2531.208,grad,16772657152
4,2532.45,grad,16791400448
4,2534.087,grad,16767774720
4,2535.324,grad,16772526080
4,2536.557,grad,16753713152
4,2537.797,grad,16640139264
4,2539.054,grad,16549306368
4,2540.362,grad,16513519616
4,2541.623,grad,16486075392
4,2543.496,grad,16483716096
4,2544.765,grad,16502590464
4,2546.325,grad,16478833664
4,2547.567,grad,16468904960
4,2548.814,grad,16468904960
4,2550.055,grad,16468904960
4,2553.597,grad,16468904448
4,2554.894,grad,16468904448
4,2556.28,grad,16468904448
4,2557.547,grad,16468904448
4,2561.163,grad,16468904448
4,2562.538,grad,16468904448
4,2563.783,grad,16488040960
4,2565.029,grad,16510126592
4,2566.26,grad,16523954688
4,2568.306,grad,16523954688
4,2569.672,grad,16524280320
4,2571.705,grad,16685920768
4,2573.009,grad,16685920768
4,2574.245,grad,16685920768
4,2575.48,grad,16657413120
4,2576.722,grad,16584117760
4,2577.963,grad,16387575296
4,2579.265,grad,16304934400
4,2580.512,grad,16339078656
4,2581.751,grad,16443117056
4,2583.004,grad,16413986304
4,2584.246,grad,16303328768
4,2589.744,grad,16141848064
4,2596.121,grad,16141856256
4,2602.483,grad,16141856256
4,2608.856,grad,16141856256
4,2613.819,grad,16141856256
4,2615.24,grad,16149333504
4,2618.33,grad,16156802560
4,2619.783,grad,16166239744
4,2621.075,grad,16182084096
4,2622.311,grad,16218657280
4,2623.544,grad,16366637568
4,2624.781,grad,16451637760
4,2626.945,grad,16458981888
4,2628.212,grad,16469271040
4,2629.465,grad,16485115392
4,2630.702,grad,16520836608
4,2631.932,grad,16744314368
4,2633.173,grad,16757356032
4,2635.238,grad,16750872064
4,2636.489,grad,16760309248
4,2637.763,grad,16784345600
4,2639.12,grad,16812726784
4,2640.387,grad,17036204544
4,2641.644,grad,17050954240
4,2643.716,grad,17043614208
4,2645.033,grad,17053051392
4,2646.343,grad,17076235776
4,2647.595,grad,17143414272
4,2648.835,grad,17289297408
4,2650.109,grad,17328168448
4,2652.416,grad,17335504384
4,2653.682,grad,17344941568
4,2654.953,grad,17368125952
4,2656.199,grad,17435304448
4,2657.431,grad,17697579520
4,2658.674,grad,17620058624
4,2660.602,grad,17627394560
4,2661.878,grad,17636831744
4,2663.145,grad,17660016128
4,2664.382,grad,17688397312
4,2665.628,grad,17911875072
4,2666.879,grad,17911948800
4,2668.857,grad,17919284736
4,2670.145,grad,17928721920
4,2671.434,grad,17951906304
4,2672.679,grad,18019084800
4,2673.916,grad,18164967936
4,2675.171,grad,18218519040
4,2677.082,grad,18211174912
4,2678.34,grad,18220612096
4,2679.6,grad,18258476544
4,2680.839,grad,18325655040
4,2682.083,grad,18456858112
4,2683.345,grad,18510409216
4,2685.249,grad,18503065088
4,2686.503,grad,18512502272
4,2687.754,grad,18550366720
4,2689.018,grad,18617545216
4,2690.282,grad,18787545600
4,2691.522,grad,18809639424
4,2693.342,grad,18794955264
4,2694.781,grad,18804392448
4,2696.052,grad,18820236800
4,2697.34,grad,18855958016
4,2698.586,grad,19079435776
4,2699.837,grad,19079505408
4,2701.926,grad,19086845440
4,2703.215,grad,19096282624
4,2704.472,grad,19119467008
4,2705.75,grad,19186645504
4,2707.002,grad,19332528640
4,2708.23,grad,19400759808
4,2710.151,grad,19378735616
4,2711.413,grad,19388172800
4,2712.666,grad,19426037248
4,2713.897,grad,19493281280
4,2715.141,grad,19631758848
4,2717.831,grad,19670625792
4,2719.126,grad,19680062976
4,2720.379,grad,19717927424
4,2721.614,grad,19785105920
4,2722.845,grad,19916308992
4,2725.584,grad,19962515968
4,2726.847,grad,19971953152
4,2728.13,grad,20009817600
4,2729.364,grad,20076996096
4,2730.606,grad,20208199168
4,2733.427,grad,20254406144
4,2734.716,grad,20263843328
4,2735.964,grad,20301773312
4,2737.207,grad,20368951808
4,2738.435,grad,20507429376
4,2741.309,grad,20546296320
4,2742.582,grad,20555733504
4,2743.829,grad,20593597952
4,2745.074,grad,20660776448
4,2746.387,grad,20791979520
4,2749.17,grad,20838186496
4,2750.433,grad,20847623680
4,2751.7,grad,20885488128
4,2752.933,grad,20952666624
4,2754.246,grad,21083869696
4,2757.13,grad,21130076672
4,2758.393,grad,21139513856
4,2759.653,grad,21162698240
4,2760.905,grad,21244556800
4,2762.204,grad,21375759872
4,2764.916,grad,21421966848
4,2766.183,grad,21431404032
4,2767.46,grad,21469268480
4,2768.713,grad,21536512512
4,2769.95,grad,21674990080
4,2771.219,grad,21713857024
4,2772.823,grad,21713857024
4,2774.096,grad,21723294208
4,2775.34,grad,21761158656
4,2776.571,grad,21828337152
4,2777.856,grad,21959540224
4,2781.663,grad,22005747200
4,2782.938,grad,22015184384
4,2784.195,grad,22053048832
4,2785.426,grad,22120227328
4,2786.66,grad,22251430400
4,2789.537,grad,22297637376
4,2790.809,grad,22307074560
4,2792.068,grad,22330258944
4,2793.306,grad,22397437440
4,2794.557,grad,22543320576
4,2795.791,grad,22596871680
4,2797.67,grad,22589527552
4,2798.915,grad,22598964736
4,2800.168,grad,22636829184
4,2801.436,grad,22689327616
4,2802.71,grad,22796413440
4,2803.944,grad,22896101888
4,2805.785,grad,22881417728
4,2807.036,grad,22890854912
4,2808.277,grad,22928719360
4,2809.507,grad,22995963392
4,2810.76,grad,23134440960
4,2812.0,grad,23173307904
4,2813.612,grad,23173307904
4,2814.865,grad,23190085120
4,2816.121,grad,23220609536
4,2817.354,grad,23287788032
4,2818.586,grad,23418991104
4,2821.297,grad,23465198080
4,2822.721,grad,23474635264
4,2823.999,grad,23497819648
4,2825.239,grad,23579678208
4,2826.52,grad,23710881280
4,2829.349,grad,23757088256
4,2830.621,grad,23766525440
4,2831.875,grad,23804389888
4,2833.154,grad,23871568384
4,2834.428,grad,24002771456
4,2837.152,grad,24048978432
4,2838.406,grad,24065755648
4,2839.659,grad,24096345600
4,2840.904,grad,24163524096
4,2842.152,grad,24302001664
4,2843.384,grad,24326184448
4,2844.72,grad,25253135360
4,2846.683,grad,25253127168
4,2847.947,grad,24941700608
4,2849.21,grad,24941700608
4,2850.444,grad,24941700608
4,2851.701,grad,24941700608
4,2852.931,grad,24941691392
4,2854.233,grad,24333971968
4,2855.467,grad,24239862272
4,2856.707,grad,24172884480
4,2858.039,grad,24105116160
4,2859.27,grad,24085586432
4,2861.18,grad,24061353472
4,2862.459,grad,24080096768
4,2864.099,grad,24056471040
4,2865.338,grad,24061238784
4,2866.568,grad,24003218944
4,2867.805,grad,23913762304
4,2869.058,grad,23861009920
4,2870.297,grad,23817813504
4,2871.538,grad,23788337664
4,2873.028,grad,23780997632
4,2874.317,grad,23799872000
4,2875.735,grad,23776115200
4,2876.98,grad,23780866560
4,2878.213,grad,23754320384
4,2879.439,grad,23594609152
4,2880.676,grad,23551293952
4,2881.916,grad,23537457664
4,2883.158,grad,23500641792
4,2884.844,grad,23500641792
4,2886.125,grad,23519516160
4,2887.545,grad,23495759360
4,2888.784,grad,23500510720
4,2890.013,grad,23481304576
4,2891.274,grad,23314253312
4,2892.52,grad,23285614080
4,2893.762,grad,23249761792
4,2894.993,grad,23220285952
4,2896.417,grad,23220285952
4,2897.694,grad,23239160320
4,2899.141,grad,23215403520
4,2900.379,grad,23220154880
4,2901.65,grad,23193608704
4,2902.897,grad,23111492096
4,2904.14,grad,22991303168
4,2905.367,grad,22970126848
4,2906.597,grad,22959525376
4,2907.894,grad,22940651008
4,2909.173,grad,22959525376
4,2910.676,grad,22935768576
4,2911.929,grad,22940536320
4,2913.188,grad,22882516480
4,2914.444,grad,22831857152
4,2915.7,grad,22740307456
4,2916.933,grad,22697111040
4,2918.178,grad,22660295168
4,2919.635,grad,22660295168
4,2920.924,grad,22679169536
4,2922.662,grad,22655412736
4,2923.904,grad,22660164096
4,2925.147,grad,22640957952
4,2926.376,grad,22551796224
4,2927.606,grad,22430890496
4,2928.831,grad,22402370048
4,2930.068,grad,22387574272
4,2931.424,grad,22380234240
4,2932.735,grad,22399108608
4,2934.187,grad,22375351808
4,2935.422,grad,22380103168
4,2936.657,grad,22353556992
4,2937.884,grad,22271440384
4,2939.12,grad,22150542848
4,2940.349,grad,22129354240
4,2941.607,grad,22118228480
4,2942.921,grad,22099878400
4,2944.207,grad,22118752768
4,2945.647,grad,22094995968
4,2946.883,grad,22099747328
4,2948.127,grad,22080606720
4,2949.367,grad,21991150080
4,2950.603,grad,21870244352
4,2951.847,grad,21841723904
4,2953.102,grad,21820636672
4,2954.595,grad,21819588096
4,2955.859,grad,21838462464
4,2957.534,grad,21814705664
4,2958.799,grad,21819457024
4,2960.032,grad,21792976384
4,2961.288,grad,21633265152
4,2962.539,grad,21589949952
4,2963.779,grad,21561433600
4,2965.006,grad,21546637824
4,2966.367,grad,21539297792
4,2967.649,grad,21558172160
4,2969.131,grad,21534415360
4,2970.371,grad,21539183104
4,2971.614,grad,21481228800
4,2972.872,grad,21391772160
4,2974.117,grad,21339015680
4,2975.346,grad,21288483328
4,2976.573,grad,21259007488
4,2978.02,grad,21259007488
4,2979.301,grad,21277881856
4,2980.719,grad,21254125056
4,2981.99,grad,21258876416
4,2983.242,grad,21232395776
4,2984.472,grad,21150279168
4,2985.706,grad,21029766656
4,2986.934,grad,21008586240
4,2988.175,grad,20990120448
4,2989.488,grad,20979110400
4,2990.772,grad,20997984768
4,2992.274,grad,20974227968
4,2993.532,grad,20978979328
4,2994.802,grad,21037433344
4,2996.051,grad,20870316544
4,2997.283,grad,20756742656
4,2998.558,grad,20728295936
4,2999.796,grad,20701376000
4,3001.556,grad,20698754560
4,3002.896,grad,20717563392
4,3004.565,grad,20693872128
4,3005.83,grad,20698635776
4,3007.104,grad,20679417344
4,3008.349,grad,20590026240
4,3009.593,grad,20469112320
4,3010.838,grad,20462292480
4,3012.099,grad,20450037248
4,3013.36,grad,20418464256
4,3014.608,grad,20433144320
4,3015.91,grad,20437338624
4,3017.508,grad,20413581824
4,3018.78,grad,20418345472
4,3020.026,grad,20360329728
4,3021.264,grad,20317075968
4,3022.514,grad,20188822016
4,3023.76,grad,20167715328
4,3025.005,grad,20140795392
4,3026.65,grad,20138173952
4,3027.917,grad,20157113856
4,3029.371,grad,20133291520
4,3030.649,grad,20130702848
4,3032.055,grad,20118902272
4,3033.319,grad,20036785664
4,3034.556,grad,19947329024
4,3035.795,grad,19886966272
4,3037.032,grad,19859456512
4,3038.649,grad,19857883648
4,3039.911,grad,19876758016
4,3041.451,grad,19853001216
4,3042.714,grad,19857752576
4,3043.958,grad,19831206400
4,3045.227,grad,19749155328
4,3046.46,grad,19628245504
4,3047.699,grad,19607069184
4,3048.93,grad,19595943424
4,3050.231,grad,19577593344
4,3051.482,grad,19596795392
4,3053.098,grad,19572710912
4,3054.345,grad,19577462272
4,3055.587,grad,19550916096
4,3056.818,grad,19430067712
4,3058.059,grad,19347959296
4,3059.293,grad,19319438848
4,3060.523,grad,19304643072
4,3062.009,grad,19297303040
4,3063.263,grad,19316177408
4,3064.683,grad,19292420608
4,3065.92,grad,19297171968
4,3067.177,grad,19355625984
4,3068.43,grad,19203254784
4,3069.695,grad,19067660800
4,3070.942,grad,19046095360
4,3072.195,grad,19018061312
4,3073.888,grad,19017012736
4,3075.184,grad,19035887104
4,3076.601,grad,19012130304
4,3077.837,grad,19016881664
4,3079.081,grad,18997675520
4,3080.313,grad,18830689792
4,3081.543,grad,18802050560
4,3082.802,grad,18766198272
4,3084.058,grad,18736722432
4,3085.482,grad,18736722432
4,3086.748,grad,18755596800
4,3088.207,grad,18731840000
4,3089.447,grad,18736591360
4,3090.693,grad,18710045184
4,3091.928,grad,18627994112
4,3093.201,grad,18507080192
4,3094.437,grad,18485907968
4,3095.679,grad,18456432128
4,3097.137,grad,18456432128
4,3098.414,grad,18475306496
4,3099.834,grad,18451549696
4,3101.083,grad,18463641088
4,3102.396,grad,18437160448
4,3103.642,grad,18355043840
4,3104.875,grad,18258247168
4,3106.115,grad,18219970048
4,3107.348,grad,18176141824
4,3109.143,grad,18176141824
4,3110.379,grad,18195343872
4,3112.014,grad,18171259392
4,3113.267,grad,18176010752
4,3114.501,grad,18156804608
4,3115.76,grad,17989818880
4,3116.991,grad,17975859712
4,3118.223,grad,17925327360
4,3119.472,grad,17895851520
4,3120.964,grad,17895851520
4,3122.225,grad,17914136064
4,3124.025,grad,17890969088
4,3125.278,grad,17910404608
4,3126.517,grad,17876579840
4,3127.755,grad,17809208832
4,3128.986,grad,17712346624
4,3130.22,grad,17658865152
4,3131.45,grad,17646142976
4,3132.715,grad,17622901248
4,3134.027,grad,17615561216
4,3135.343,grad,17634304512
4,3137.097,grad,17610678784
4,3138.349,grad,17608090112
4,3139.683,grad,17596289536
4,3140.92,grad,17514172928
4,3142.174,grad,17439396352
4,3143.465,grad,17379033600
4,3144.716,grad,17365271040
4,3146.664,grad,17335270912
4,3147.965,grad,17354145280
4,3149.445,grad,17330388480
4,3150.683,grad,17335143936
4,3151.916,grad,17315933696
4,3153.16,grad,17226542592
4,3154.4,grad,17105628672
4,3155.71,grad,17084521984
4,3156.941,grad,17056225792
4,3158.553,grad,17054128640
4,3159.849,grad,17073003008
4,3161.392,grad,17048394240
4,3162.639,grad,17053157888
4,3163.883,grad,17033939456
4,3165.127,grad,16944548352
4,3166.357,grad,16824486400
4,3167.593,grad,16803772928
4,3168.828,grad,16775738880
4,3170.622,grad,16773838336
4,3171.867,grad,16793040384
4,3173.564,grad,16768955904
4,3174.82,grad,16766367232
4,3176.07,grad,16751289856
4,3177.302,grad,16670615040
4,3178.531,grad,16588236288
4,3179.834,grad,16527021568
4,3181.076,grad,16516929024
4,3182.307,grad,16490336768
4,3183.543,grad,16513339904
4,3184.938,grad,16477622784
4,3186.193,grad,16485454336
4,3187.428,grad,16468185600
4,3188.662,grad,16468185600
4,3189.887,grad,16468185600
4,3191.434,grad,16468185088
4,3193.44,grad,16468185088
4,3194.738,grad,16468185088
4,3196.098,grad,16468185088
4,3197.349,grad,16468185088
4,3200.936,grad,16468185088
4,3202.347,grad,16468185088
4,3203.593,grad,16486338560
4,3204.839,grad,16507965440
4,3206.088,grad,16523235328
4,3207.923,grad,16523235328
4,3209.169,grad,16523245568
4,3210.405,grad,16685201408
4,3211.646,grad,16685201408
4,3213.443,grad,16685201408
4,3214.722,grad,16684218880
4,3216.057,grad,16629667328
4,3217.292,grad,16463926272
4,3218.559,grad,16303330304
4,3219.795,grad,16304772096
4,3221.023,grad,16407729152
4,3222.252,grad,16460420096
4,3223.487,grad,16351335424
4,3229.697,grad,16143455232
4,3236.055,grad,16143463424
4,3242.405,grad,16143463424
4,3248.751,grad,16143463424
4,3253.19,grad,16143463424
4,3254.454,grad,16150940672
4,3257.331,grad,16158409728
4,3258.666,grad,16167846912
4,3259.913,grad,16183691264
4,3261.156,grad,16241436672
4,3262.384,grad,16366278656
4,3263.623,grad,16444004352
4,3265.897,grad,16458688512
4,3267.167,grad,16468125696
4,3268.411,grad,16491310080
4,3269.643,grad,16558488576
4,3270.871,grad,16704371712
4,3272.136,grad,16728554496
4,3274.442,grad,16750578688
4,3275.765,grad,16760015872
4,3277.022,grad,16775860224
4,3278.296,grad,16811581440
4,3279.527,grad,17112653824
4,3280.765,grad,17035132928
4,3282.812,grad,17042468864
4,3284.318,grad,17051906048
4,3285.587,grad,17075090432
4,3286.821,grad,17103471616
4,3288.064,grad,17249354752
4,3289.295,grad,17341694976
4,3291.391,grad,17334359040
4,3292.646,grad,17343796224
4,3293.897,grad,17366980608
4,3295.169,grad,17395361792
4,3296.408,grad,17618839552
4,3297.636,grad,17618913280
4,3299.645,grad,17626249216
4,3300.898,grad,17635686400
4,3302.193,grad,17658870784
4,3303.425,grad,17726049280
4,3304.72,grad,17871932416
4,3305.976,grad,17925483520
4,3307.89,grad,17918139392
4,3309.152,grad,17927576576
4,3310.395,grad,17950760960
4,3311.629,grad,18017939456
4,3312.871,grad,18280214528
4,3314.129,grad,18202693632
4,3316.203,grad,18210029568
4,3317.477,grad,18219466752
4,3318.742,grad,18242651136
4,3320.008,grad,18309829632
4,3321.245,grad,18572104704
4,3322.48,grad,18509263872
4,3324.456,grad,18501919744
4,3325.874,grad,18511356928
4,3327.142,grad,18534541312
4,3328.376,grad,18601719808
4,3329.606,grad,18747602944
4,3330.861,grad,18801154048
4,3332.787,grad,18793809920
4,3334.07,grad,18803247104
4,3335.369,grad,18826431488
4,3336.646,grad,18893609984
4,3337.878,grad,19078290432
4,3339.13,grad,19093044224
4,3341.027,grad,19085700096
4,3342.277,grad,19095137280
4,3343.522,grad,19118321664
4,3344.761,grad,19185500160
4,3346.003,grad,19331383296
4,3347.23,grad,19370254336
4,3349.16,grad,19377590272
4,3350.412,grad,19387027456
4,3351.723,grad,19410211840
4,3352.995,grad,19477390336
4,3354.228,grad,19739665408
4,3355.468,grad,19662148608
4,3357.428,grad,19669480448
4,3358.693,grad,19678917632
4,3359.94,grad,19702102016
4,3361.181,grad,19769280512
4,3362.414,grad,19915163648
4,3363.674,grad,19968714752
4,3365.625,grad,19961370624
4,3367.035,grad,19970807808
4,3368.333,grad,19993992192
4,3369.573,grad,20061170688
4,3370.832,grad,20245851136
4,3372.075,grad,20245924864
4,3374.098,grad,20253260800
4,3375.367,grad,20262697984
4,3376.641,grad,20300562432
4,3377.875,grad,20367740928
4,3379.117,grad,20498944000
4,3380.345,grad,20552495104
4,3382.267,grad,20545150976
4,3383.523,grad,20554588160
4,3384.775,grad,20577772544
4,3386.063,grad,20644951040
4,3387.327,grad,20790834176
4,3388.579,grad,20844385280
4,3390.515,grad,20837041152
4,3391.8,grad,20846478336
4,3393.056,grad,20869662720
4,3394.301,grad,20936841216
4,3395.547,grad,21121521664
4,3396.792,grad,21121599488
4,3398.718,grad,21128931328
4,3399.984,grad,21138368512
4,3401.248,grad,21176232960
4,3402.481,grad,21228731392
4,3403.718,grad,21374614528
4,3405.038,grad,21420821504
4,3406.875,grad,21420821504
4,3408.296,grad,21430258688
4,3409.551,grad,21453443072
4,3410.791,grad,21520621568
4,3412.023,grad,21782896640
4,3413.255,grad,21705375744
4,3415.202,grad,21712711680
4,3416.462,grad,21722148864
4,3417.741,grad,21760013312
4,3418.983,grad,21827191808
4,3420.279,grad,21958394880
4,3423.105,grad,22004601856
4,3424.382,grad,22014039040
4,3425.652,grad,22051903488
4,3426.897,grad,22119081984
4,3428.14,grad,22366676992
4,3429.37,grad,22289160192
4,3431.332,grad,22296492032
4,3432.593,grad,22305929216
4,3433.875,grad,22329113600
4,3435.125,grad,22396292096
4,3436.391,grad,22658567168
4,3437.629,grad,22595726336
4,3439.518,grad,22588382208
4,3440.777,grad,22597819392
4,3442.022,grad,22621003776
4,3443.252,grad,22688182272
4,3444.506,grad,22834065408
4,3445.747,grad,22887616512
4,3447.652,grad,22880272384
4,3449.064,grad,22889709568
4,3450.319,grad,22912893952
4,3451.55,grad,22980072448
4,3452.798,grad,23164752896
4,3454.027,grad,23179506688
4,3455.922,grad,23172162560
4,3457.204,grad,23181599744
4,3458.449,grad,23204784128
4,3459.684,grad,23271962624
4,3460.923,grad,23534237696
4,3462.18,grad,23456720896
4,3464.167,grad,23464052736
4,3465.425,grad,23473489920
4,3466.687,grad,23511354368
4,3467.945,grad,23578532864
4,3469.197,grad,23670938624
4,3470.427,grad,23770627072
4,3472.3,grad,23755942912
4,3473.555,grad,23765380096
4,3474.805,grad,23788564480
4,3476.064,grad,23855742976
4,3477.315,grad,24118018048
4,3478.556,grad,24055177216
4,3480.475,grad,24047833088
4,3481.753,grad,24057270272
4,3483.063,grad,24095134720
4,3484.29,grad,24162313216
4,3485.524,grad,24293516288
4,3486.836,grad,24325043200
4,3488.124,grad,25882195968
4,3490.407,grad,25251981824
4,3491.667,grad,24940555264
4,3492.91,grad,24940555264
4,3494.15,grad,24940555264
4,3495.383,grad,24940555264
4,3496.626,grad,25251973120
4,3497.869,grad,24332826624
4,3499.113,grad,24316377088
4,3500.422,grad,24157779968
4,3501.669,grad,24104232960
4,3502.905,grad,24101373952
4,3504.148,grad,24060929024
4,3505.461,grad,24090813440
4,3506.908,grad,24055555072
4,3508.51,grad,24056046592
4,3509.774,grad,24060810240
4,3511.008,grad,24002794496
4,3512.248,grad,23920677888
4,3513.488,grad,23845901312
4,3514.731,grad,23810049024
4,3515.981,grad,23780573184
4,3517.481,grad,23780573184
4,3518.8,grad,23799447552
4,3520.278,grad,23775690752
4,3521.519,grad,23780446208
4,3522.783,grad,23761235968
4,3524.017,grad,23594184704
4,3525.247,grad,23580229632
4,3526.503,grad,23537033216
4,3527.757,grad,23500217344
4,3529.245,grad,23500217344
4,3530.571,grad,23519091712
4,3532.098,grad,23495334912
4,3533.338,grad,23500086272
4,3534.57,grad,23473540096
4,3535.806,grad,23391423488
4,3537.061,grad,23270525952
4,3538.298,grad,23249337344
4,3539.526,grad,23231395840
4,3540.868,grad,23219861504
4,3542.191,grad,23238735872
4,3543.808,grad,23214979072
4,3545.075,grad,23219742720
4,3546.316,grad,23200524288
4,3547.572,grad,23033473024
4,3548.817,grad,22990157824
4,3550.059,grad,22976321536
4,3551.292,grad,22939505664
4,3552.756,grad,22939505664
4,3554.048,grad,22958380032
4,3555.478,grad,22934623232
4,3556.741,grad,22939378688
4,3557.989,grad,22881371136
4,3559.223,grad,22791914496
4,3560.453,grad,22739158016
4,3561.694,grad,22688625664
4,3562.929,grad,22659149824
4,3564.418,grad,22659149824
4,3565.694,grad,22678089728
4,3567.143,grad,22654267392
4,3568.391,grad,22659018752
4,3569.626,grad,22632472576
4,3570.858,grad,22511558656
4,3572.104,grad,22444122112
4,3573.356,grad,22408269824
4,3574.596,grad,22379842560
4,3576.115,grad,22378793984
4,3577.417,grad,22397668352
4,3578.853,grad,22373911552
4,3580.103,grad,22381284352
4,3581.35,grad,22371318784
4,3582.592,grad,22352116736
4,3583.861,grad,22272424960
4,3585.105,grad,22149082112
4,3586.343,grad,22113233920
4,3587.593,grad,22098438144
4,3588.934,grad,22128322560
4,3590.285,grad,22093064192
4,3591.526,grad,22100895744
4,3592.777,grad,22127663104
4,3594.01,grad,22032963584
4,3595.24,grad,22067238912
4,3596.478,grad,21868730368
4,3597.739,grad,21847558144
4,3598.983,grad,21825422336
4,3600.357,grad,21818082304
4,3601.6,grad,21836891136
4,3603.199,grad,21813199872
4,3604.435,grad,21817967616
4,3605.671,grad,21759947776
4,3606.905,grad,21709288448
4,3608.176,grad,21617734656
4,3609.412,grad,21567202304
4,3610.642,grad,21537726464
4,3612.124,grad,21537726464
4,3613.419,grad,21556600832
4,3614.892,grad,21532844032
4,3616.157,grad,21530255360
4,3617.431,grad,21518454784
4,3618.683,grad,21443612672
4,3619.918,grad,21308018688
4,3621.161,grad,21286453248
4,3622.396,grad,21258419200
4,3624.109,grad,21257370624
4,3625.409,grad,21276244992
4,3626.847,grad,21252488192
4,3628.123,grad,21257247744
4,3629.365,grad,21199301632
4,3630.603,grad,21109844992
4,3631.836,grad,21027728384
4,3633.082,grad,21021301760
4,3634.313,grad,20978128896
4,3635.834,grad,20977080320
4,3637.085,grad,20995954688
4,3638.505,grad,20972197888
4,3639.75,grad,20976949248
4,3640.985,grad,20957808640
4,3642.219,grad,20829554688
4,3643.448,grad,20776802304
4,3644.683,grad,20726265856
4,3645.918,grad,20696790016
4,3647.37,grad,20696790016
4,3648.653,grad,20715664384
4,3650.109,grad,20691907584
4,3651.358,grad,20696658944
4,3652.604,grad,20677583872
4,3653.838,grad,20602741760
4,3655.082,grad,20505945088
4,3656.316,grad,20445582336
4,3657.553,grad,20418072576
4,3659.239,grad,20416499712
4,3660.507,grad,20435374080
4,3661.945,grad,20411617280
4,3663.194,grad,20416368640
4,3664.426,grad,20389888000
4,3665.661,grad,20230176768
4,3666.899,grad,20186861568
4,3668.169,grad,20173025280
4,3669.428,grad,20143549440
4,3670.893,grad,20136209408
4,3672.152,grad,20155018240
4,3673.655,grad,20131326976
4,3674.904,grad,20136078336
4,3676.148,grad,20116872192
4,3677.404,grad,20027415552
4,3678.659,grad,19906505728
4,3679.893,grad,19892669440
4,3681.137,grad,19855853568
4,3682.55,grad,19855853568
4,3683.823,grad,19874727936
4,3685.291,grad,19850971136
4,3686.529,grad,19855722496
4,3687.81,grad,19914176512
4,3689.078,grad,19747059712
4,3690.323,grad,19618805760
4,3691.593,grad,19605039104
4,3692.846,grad,19578643456
4,3694.481,grad,19575497728
4,3695.743,grad,19594372096
4,3697.215,grad,19570615296
4,3698.472,grad,19575366656
4,3699.717,grad,19548820480
4,3700.949,grad,19389109248
4,3702.191,grad,19375215616
4,3703.434,grad,19324683264
4,3704.672,grad,19295207424
4,3706.13,grad,19295207424
4,3707.412,grad,19314081792
4,3708.858,grad,19290324992
4,3710.22,grad,19295076352
4,3711.624,grad,19280392192
4,3713.016,grad,19237072896
4,3714.385,grad,19201093632
4,3715.683,grad,19111636992
4,3717.101,grad,19065511936
4,3718.493,grad,19059073024
4,3719.902,grad,19016424448
4,3721.295,grad,19014851584
4,3722.566,grad,19044211712
4,3723.902,grad,19033725952
4,3725.46,grad,19009969152
4,3726.725,grad,19007380480
4,3728.018,grad,18993155072
4,3729.371,grad,18913528832
4,3730.62,grad,18831346688
4,3731.899,grad,18778323968
4,3733.156,grad,18758794240
4,3735.081,grad,18734561280
4,3736.383,grad,18753435648
4,3737.849,grad,18729678848
4,3739.103,grad,18734442496
4,3740.339,grad,18715617280
4,3741.573,grad,18633500672
4,3742.809,grad,18505246720
4,3744.055,grad,18484140032
4,3745.305,grad,18457220096
4,3746.93,grad,18454598656
4,3748.183,grad,18473341952
4,3749.789,grad,18449716224
4,3751.028,grad,18454483968
4,3752.259,grad,18435261440
4,3753.487,grad,18346198016
4,3754.72,grad,18263753728
4,3755.965,grad,18203390976
4,3757.206,grad,18175356928
4,3758.985,grad,18174308352
4,3760.244,grad,18193051648
4,3761.859,grad,18169425920
4,3763.11,grad,18166837248
4,3764.376,grad,18155036672
4,3765.609,grad,18073247744
4,3766.841,grad,17991131136
4,3768.136,grad,17937715200
4,3769.37,grad,17918185472
4,3770.604,grad,17901292544
4,3771.837,grad,17924295680
4,3773.193,grad,17888578560
4,3774.43,grad,17896410112
4,3775.669,grad,17908501504
4,3776.9,grad,17867668480
4,3778.14,grad,17761500160
4,3779.367,grad,17671650304
4,3780.646,grad,17643203584
4,3781.88,grad,17615759360
4,3783.502,grad,17613662208
4,3784.815,grad,17632536576
4,3786.313,grad,17608779776
4,3787.552,grad,17613531136
4,3788.792,grad,17555920896
4,3790.023,grad,17473476608
4,3791.251,grad,17376679936
4,3792.483,grad,17362454528
4,3793.72,grad,17334420480
4,3795.512,grad,17333371904
4,3796.758,grad,17352115200
4,3798.41,grad,17328489472
4,3799.646,grad,17325900800
4,3800.98,grad,17314100224
4,3802.214,grad,17232311296
4,3803.457,grad,17142461440
4,3804.696,grad,17082098688
4,3805.952,grad,17078297600
4,3807.866,grad,17053016064
4,3809.111,grad,17071824896
4,3810.664,grad,17048133632
4,3811.899,grad,17052893184
4,3813.146,grad,17033678848
4,3814.379,grad,16951955456
4,3815.612,grad,16823308288
4,3816.869,grad,16802201600
4,3818.116,grad,16774233088
4,3819.942,grad,16772660224
4,3821.195,grad,16791403520
4,3822.784,grad,16767777792
4,3824.039,grad,16772533248
4,3825.271,grad,16714525696
4,3826.5,grad,16632802304
4,3827.734,grad,16534629376
4,3829.089,grad,16513522688
4,3830.356,grad,16486078464
4,3832.06,grad,16483719168
4,3833.369,grad,16502659072
4,3834.837,grad,16478836736
4,3836.09,grad,16468908032
4,3837.334,grad,16468908032
4,3838.568,grad,16468908032
4,3840.3,grad,16468907520
4,3842.222,grad,16468907520
4,3843.503,grad,16468907520
4,3844.859,grad,16468907520
4,3846.127,grad,16468907520
4,3849.512,grad,16468907520
4,3850.86,grad,16468907520
4,3852.113,grad,16486536704
4,3853.35,grad,16508163584
4,3854.618,grad,16523957760
4,3856.404,grad,16523957760
4,3857.648,grad,16523968000
4,3858.899,grad,16685923840
4,3860.424,grad,16685923840
4,3861.68,grad,16685923840
4,3862.925,grad,16685923840
4,3864.17,grad,16630390272
4,3865.407,grad,16522516992
4,3866.716,grad,16338098688
4,3868.166,grad,16304937472
4,3869.408,grad,16408517120
4,3870.682,grad,16454916608
4,3871.925,grad,16342260224
4,3877.88,grad,16141851136
4,3884.25,grad,16141859328
4,3890.624,grad,16141859328
4,3896.965,grad,16141859328
4,3901.811,grad,16141859328
4,3903.162,grad,16149336576
4,3906.164,grad,16156805632
4,3907.525,grad,16166242816
4,3908.786,grad,16182087168
4,3910.124,grad,16218660352
4,3911.408,grad,16444235264
4,3912.766,grad,16451644928
4,3914.879,grad,16458984960
4,3916.171,grad,16469274112
4,3917.447,grad,16485118464
4,3918.747,grad,16520839680
4,3919.989,grad,16744317440
4,3921.237,grad,16742683136
4,3923.286,grad,16750875136
4,3924.548,grad,16760312320
4,3925.826,grad,16784348672
4,3927.101,grad,16851527168
4,3928.346,grad,17113802240
4,3929.581,grad,17036281344
4,3931.506,grad,17043617280
4,3933.01,grad,17053054464
4,3934.276,grad,17076238848
4,3935.546,grad,17143417344
4,3936.795,grad,17328097792
4,3938.063,grad,17342851584
4,3939.936,grad,17335507456
4,3941.221,grad,17344944640
4,3942.512,grad,17368129024
4,3943.768,grad,17435307520
4,3945.008,grad,17619987968
4,3946.248,grad,17634741760
4,3948.106,grad,17627397632
4,3949.363,grad,17636834816
4,3950.607,grad,17660019200
4,3951.852,grad,17727197696
4,3953.11,grad,17989472768
4,3954.35,grad,17911951872
4,3956.377,grad,17919287808
4,3957.645,grad,17928724992
4,3958.9,grad,17966589440
4,3960.153,grad,18019087872
4,3961.387,grad,18203768320
4,3962.632,grad,18218522112
4,3964.515,grad,18211177984
4,3965.778,grad,18220615168
4,3967.031,grad,18243799552
4,3968.303,grad,18310978048
4,3969.548,grad,18495658496
4,3970.782,grad,18525092352
4,3972.599,grad,18503068160
4,3974.084,grad,18512505344
4,3975.38,grad,18535689728
4,3976.655,grad,18602868224
4,3977.92,grad,18709954048
4,3979.192,grad,18816982528
4,3981.01,grad,18794958336
4,3982.289,grad,18804395520
4,3983.545,grad,18827579904
4,3984.801,grad,18894758400
4,3986.069,grad,19157033472
4,3987.319,grad,19079508480
4,3989.325,grad,19086848512
4,3990.591,grad,19096285696
4,3991.865,grad,19119470080
4,3993.187,grad,19201328640
4,3994.513,grad,19371329024
4,3995.794,grad,19386082816
4,3997.77,grad,19378738688
4,3999.11,grad,19388175872
4,4000.451,grad,19404020224
4,4001.784,grad,19439741440
4,4003.115,grad,19585624576
4,4004.439,grad,19655944704
4,4006.758,grad,19670628864
4,4008.123,grad,19680066048
4,4009.446,grad,19695910400
4,4010.818,grad,19731631616
4,4012.077,grad,19877514752
4,4013.362,grad,19962514944
4,4015.629,grad,19962519040
4,4017.152,grad,19971956224
4,4018.432,grad,19995140608
4,4019.686,grad,20062319104
4,4020.951,grad,20208202240
4,4022.208,grad,20247077376
4,4024.196,grad,20254409216
4,4025.463,grad,20263846400
4,4026.719,grad,20301710848
4,4027.977,grad,20368954880
4,4029.264,grad,20500092416
4,4032.105,grad,20546299392
4,4033.362,grad,20555736576
4,4034.611,grad,20593601024
4,4035.852,grad,20660779520
4,4037.107,grad,20830779904
4,4038.35,grad,20845533696
4,4040.233,grad,20838189568
4,4041.49,grad,20847626752
4,4042.764,grad,20885491200
4,4044.011,grad,20952669696
4,4045.269,grad,21045075456
4,4048.133,grad,21130079744
4,4049.401,grad,21146856960
4,4050.658,grad,21177446912
4,4051.896,grad,21244625408
4,4053.191,grad,21375762944
4,4055.94,grad,21421969920
4,4057.384,grad,21431407104
4,4058.645,grad,21454591488
4,4059.883,grad,21521769984
4,4061.155,grad,21784045056
4,4062.396,grad,21721204224
4,4064.291,grad,21713860096
4,4065.555,grad,21723297280
4,4066.808,grad,21761227264
4,4068.066,grad,21828405760
4,4069.312,grad,21959543296
4,4072.053,grad,22005750272
4,4073.321,grad,22015187456
4,4074.572,grad,22053051904
4,4075.84,grad,22120295936
4,4077.097,grad,22251433472
4,4079.93,grad,22297640448
4,4081.238,grad,22307077632
4,4082.49,grad,22344942080
4,4083.757,grad,22412186112
4,4084.999,grad,22550663680
4,4087.644,grad,22589530624
4,4088.907,grad,22606307840
4,4090.167,grad,22636832256
4,4091.433,grad,22704010752
4,4092.695,grad,22835213824
4,4095.485,grad,22881420800
4,4096.83,grad,22890857984
4,4098.121,grad,22914042368
4,4099.36,grad,22981220864
4,4100.597,grad,23165901312
4,4103.481,grad,23173310976
4,4104.764,grad,23182748160
4,4106.028,grad,23220612608
4,4107.325,grad,23273111040
4,4108.579,grad,23535386112
4,4109.811,grad,23457869312
4,4111.945,grad,23465201152
4,4113.326,grad,23474638336
4,4114.625,grad,23490482688
4,4115.946,grad,23526203904
4,4117.229,grad,23672087040
4,4118.537,grad,23742407168
4,4120.942,grad,23757091328
4,4122.288,grad,23766528512
4,4123.554,grad,23789712896
4,4124.799,grad,23818094080
4,4126.065,grad,24041571840
4,4127.319,grad,24041645568
4,4129.342,grad,24048981504
4,4130.609,grad,24058418688
4,4131.898,grad,24096283136
4,4133.181,grad,24163461632
4,4134.423,grad,24294664704
4,4135.661,grad,24326187520
4,4137.031,grad,25253138432
4,4139.011,grad,25253130240
4,4140.273,grad,24941703680
4,4141.534,grad,24941703680
4,4142.793,grad,24941703680
4,4144.04,grad,24941703680
4,4145.286,grad,24362880512
4,4146.544,grad,24400035328
4,4147.794,grad,24232918528
4,4148.992,grad,24158141952
4,4150.236,grad,24105184768
4,4151.482,grad,24061356544
4,4153.426,grad,24061356544
4,4154.732,grad,24080230912
4,4156.515,grad,24056474112
4,4157.789,grad,24061225472
4,4158.994,grad,24042019328
4,4160.241,grad,23952562688
4,4161.479,grad,23831656960
4,4162.729,grad,23810476544
4,4163.981,grad,23799875072
4,4165.28,grad,23781000704
4,4166.555,grad,23799875072
4,4168.035,grad,23776118272
4,4169.293,grad,23780869632
4,4170.532,grad,23754323456
4,4171.778,grad,23633409536
4,4173.029,grad,23551301120
4,4174.277,grad,23522780672
4,4175.511,grad,23512179200
4,4176.835,grad,23500644864
4,4178.136,grad,23519519232
4,4179.554,grad,23495762432
4,4180.792,grad,23500513792
4,4182.032,grad,23473967616
4,4183.284,grad,23391851008
4,4184.529,grad,23270945280
4,4185.763,grad,23249764864
4,4187.003,grad,23239163392
4,4188.297,grad,23220289024
4,4189.574,grad,23239228928
4,4191.183,grad,23215406592
4,4192.45,grad,23220157952
4,4193.704,grad,23232409088
4,4194.979,grad,23111495168
4,4196.23,grad,22991302144
4,4197.501,grad,22970129920
4,4198.773,grad,22955334144
4,4200.03,grad,22955334144
4,4201.289,grad,22944848384
4,4202.713,grad,22935771648
4,4203.986,grad,22940523008
4,4205.233,grad,22921316864
4,4206.476,grad,22839200256
4,4207.726,grad,22703606272
4,4208.983,grad,22704519680
4,4210.229,grad,22661346816
4,4211.75,grad,22660298240
4,4213.079,grad,22678648320
4,4214.321,grad,22655038976
4,4215.868,grad,22655415808
4,4217.127,grad,22652827136
4,4218.382,grad,22638601728
4,4219.651,grad,22559204864
4,4220.886,grad,22484362752
4,4222.136,grad,22424000000
4,4223.383,grad,22404470272
4,4225.226,grad,22380237312
4,4226.491,grad,22399111680
4,4227.907,grad,22375354880
4,4229.198,grad,22409466368
4,4230.456,grad,22360900096
4,4231.722,grad,22278783488
4,4232.998,grad,22143189504
4,4234.258,grad,22144102912
4,4235.503,grad,22100930048
4,4237.03,grad,22099881472
4,4238.29,grad,22118755840
4,4239.672,grad,22094999040
4,4240.937,grad,22099750400
4,4242.2,grad,22073269760
4,4243.452,grad,21991153152
4,4244.703,grad,21870239232
4,4245.946,grad,21849067008
4,4247.209,grad,21821164032
4,4248.848,grad,21819591168
4,4250.153,grad,21838465536
4,4251.577,grad,21814708736
4,4252.838,grad,21819460096
4,4254.108,grad,21792979456
4,4255.357,grad,21710862848
4,4256.593,grad,21589948928
4,4257.83,grad,21561436672
4,4259.107,grad,21553980928
4,4260.354,grad,21553980928
4,4261.856,grad,21533926912
4,4263.11,grad,21541758464
4,4264.576,grad,21568525824
4,4265.837,grad,21512689152
4,4267.09,grad,21430572544
4,4268.333,grad,21339014656
4,4269.589,grad,21273806336
4,4270.832,grad,21266350592
4,4272.086,grad,21273690624
4,4273.583,grad,21253636608
4,4274.842,grad,21261468160
4,4276.097,grad,21302915584
4,4277.355,grad,21154804224
4,4278.609,grad,21150282240
4,4279.858,grad,21029765632
4,4281.114,grad,21008589312
4,4282.349,grad,20997463552
4,4283.638,grad,20979113472
4,4284.914,grad,20983307776
4,4286.35,grad,20974231040
4,4287.59,grad,20978982400
4,4288.852,grad,20952436224
4,4290.122,grad,20831522304
4,4291.36,grad,20749413888
4,4292.593,grad,20720893440
4,4293.834,grad,20709767680
4,4295.236,grad,20698757632
4,4296.57,grad,20717632000
4,4298.094,grad,20701215232
4,4299.594,grad,20713306624
4,4300.859,grad,20672080384
4,4302.115,grad,20590029312
4,4303.377,grad,20469123584
4,4304.648,grad,20440603136
4,4305.895,grad,20420040192
4,4307.608,grad,20418467328
4,4308.86,grad,20437407232
4,4310.363,grad,20413584896
4,4311.611,grad,20418336256
4,4312.86,grad,20399195648
4,4314.108,grad,20394345984
4,4315.359,grad,20309739008
4,4316.603,grad,20196165120
4,4317.862,grad,20182005248
4,4319.121,grad,20163982848
4,4321.068,grad,20138177024
4,4322.382,grad,20157051392
4,4323.893,grad,20133294592
4,4325.182,grad,20138045952
4,4326.426,grad,20111499776
4,4327.656,grad,20029448704
4,4328.891,grad,19908542976
4,4330.172,grad,19880022528
4,4331.41,grad,19865226752
4,4332.804,grad,19857886720
4,4334.004,grad,19876695552
4,4335.518,grad,19853004288
4,4336.764,grad,19860377088
4,4338.02,grad,19843071488
4,4339.364,grad,19833699840
4,4340.633,grad,19673988608
4,4341.89,grad,19613560320
4,4343.153,grad,19608178176
4,4344.394,grad,19577596416
4,4345.697,grad,19607480832
4,4347.055,grad,19572222464
4,4348.304,grad,19580054016
4,4349.548,grad,19621501440
4,4350.796,grad,19589716480
4,4352.031,grad,19546462720
4,4353.27,grad,19347954176
4,4354.507,grad,19319441920
4,4355.753,grad,19319326208
4,4357.019,grad,19297306112
4,4358.305,grad,19316180480
4,4359.772,grad,19292423680
4,4361.027,grad,19297175040
4,4362.267,grad,19277968896
4,4363.497,grad,19110983168
4,4364.732,grad,19067667968
4,4365.983,grad,19039151616
4,4367.231,grad,19028025856
4,4368.587,grad,19017015808
4,4369.832,grad,19035955712
4,4371.278,grad,19012133376
4,4372.528,grad,19024224768
4,4373.777,grad,19075338752
4,4375.015,grad,18915627520
4,4376.271,grad,18826170880
4,4377.504,grad,18765808128
4,4378.737,grad,18738298368
4,4380.413,grad,18736725504
4,4381.705,grad,18755599872
4,4383.204,grad,18731843072
4,4384.45,grad,18736602624
4,4385.703,grad,18678590976
4,4386.944,grad,18596539904
4,4388.191,grad,18507083264
4,4389.425,grad,18485911040
4,4390.675,grad,18458532352
4,4392.208,grad,18456435200
4,4393.484,grad,18475309568
4,4394.942,grad,18451552768
4,4396.226,grad,18456312320
4,4397.468,grad,18398300672
4,4398.708,grad,18323589632
4,4399.948,grad,18234132992
4,4401.244,grad,18205686272
4,4402.482,grad,18178242048
4,4404.118,grad,18176144896
4,4405.464,grad,18194363904
4,4407.303,grad,18171262464
4,4408.545,grad,18183353856
4,4409.8,grad,18156873216
4,4411.071,grad,18074756608
4,4412.319,grad,17992640000
4,4413.581,grad,17939617280
4,4414.828,grad,17929524736
4,4416.772,grad,17895854592
4,4418.044,grad,17914597888
4,4419.717,grad,17890972160
4,4420.986,grad,17895731712
4,4422.236,grad,17837720064
4,4423.47,grad,17763009024
4,4424.699,grad,17658872320
4,4425.931,grad,17645105664
4,4427.191,grad,17618710016
4,4428.744,grad,17615564288
4,4430.023,grad,17634438656
4,4431.472,grad,17610681856
4,4432.729,grad,17615441408
4,4433.966,grad,17557429760
4,4435.215,grad,17514176000
4,4436.46,grad,17378582016
4,4437.701,grad,17364356608
4,4438.931,grad,17336322560
4,4440.668,grad,17335273984
4,4441.998,grad,17354148352
4,4443.45,grad,17330391552
4,4444.688,grad,17342482944
4,4446.031,grad,17316002304
4,4447.295,grad,17233885696
4,4448.535,grad,17144429056
4,4449.771,grad,17084066304
4,4451.011,grad,17055180288
4,4452.751,grad,17054131712
4,4454.027,grad,17073006080
4,4455.544,grad,17048397312
4,4456.798,grad,17053148672
4,4458.055,grad,17033942528
4,4459.297,grad,16945403392
4,4460.537,grad,16852997632
4,4461.793,grad,16804169216
4,4463.033,grad,16776790528
4,4464.535,grad,16773841408
4,4465.783,grad,16792584704
4,4467.463,grad,16768958976
4,4468.706,grad,16773714432
4,4469.938,grad,16714854912
4,4471.19,grad,16632607232
4,4472.436,grad,16549442048
4,4473.757,grad,16512803328
4,4475.005,grad,16485359104
4,4476.714,grad,16482999808
4,4478.053,grad,16501972480
4,4479.501,grad,16478117376
4,4480.742,grad,16468188672
4,4482.012,grad,16468188672
4,4483.256,grad,16468188672
4,4484.944,grad,16468188160
4,4486.945,grad,16468188160
4,4488.232,grad,16468188160
4,4489.49,grad,16468188160
4,4490.737,grad,16468188160
4,4494.231,grad,16468188160
4,4495.632,grad,16468188160
4,4496.876,grad,16486865920
4,4498.155,grad,16507968512
4,4499.431,grad,16523238400
4,4501.24,grad,16523238400
4,4502.506,grad,16523564032
4,4504.012,grad,16685204480
4,4505.576,grad,16685204480
4,4506.869,grad,16685204480
4,4508.153,grad,16685204992
4,4509.547,grad,16629670400
4,4510.788,grad,16453771264
4,4512.095,grad,16303333376
4,4513.344,grad,16304545792
4,4514.581,grad,16407961600
4,4515.816,grad,16460685312
4,4517.086,grad,16356646912
4,4523.228,grad,16143458304
4,4529.602,grad,16143462400
4,4535.947,grad,16143462400
4,4542.402,grad,16143462400
4,4547.025,grad,16143462400
4,4548.351,grad,16147367936
4,4551.346,grad,16151166976
4,4552.723,grad,16156213248
4,4553.984,grad,16164135936
4,4555.228,grad,16181996544
4,4556.466,grad,16255953920
4,4557.717,grad,16325225472
4,4560.02,grad,16302781440
4,4561.277,grad,16307827712
4,4562.577,grad,16319420416
4,4563.824,grad,16353009664
4,4565.084,grad,16484147200
4,4566.354,grad,16445057024
4,4568.428,grad,16449775616
4,4569.691,grad,16454821888
4,4570.992,grad,16466414592
4,4572.241,grad,16480605184
4,4573.488,grad,16592344064
4,4574.723,grad,16592055296
4,4576.738,grad,16596048896
4,4578.18,grad,16600767488
4,4579.441,grad,16612360192
4,4580.681,grad,16645949440
4,4581.942,grad,16718891008
4,4583.196,grad,16745666560
4,4585.135,grad,16741994496
4,4586.417,grad,16746713088
4,4587.716,grad,16759354368
4,4588.966,grad,16792943616
4,4590.238,grad,16885283840
4,4591.519,grad,16885318656
4,4593.601,grad,16888988672
4,4594.873,grad,16893707264
4,4596.209,grad,16906348544
4,4597.457,grad,16940986368
4,4598.743,grad,17013927936
4,4599.988,grad,17040703488
4,4601.842,grad,17037031424
4,4603.119,grad,17041750016
4,4604.432,grad,17055439872
4,4605.683,grad,17087980544
4,4606.927,grad,17181369344
4,4608.202,grad,17182452736
4,4610.173,grad,17186122752
4,4611.427,grad,17190841344
4,4612.717,grad,17203482624
4,4614.014,grad,17238120448
4,4615.266,grad,17291663360
4,4616.504,grad,17341507584
4,4618.428,grad,17334165504
4,4620.516,grad,17338884096
4,4621.794,grad,17352573952
4,4623.038,grad,17386163200
4,4624.317,grad,17459104768
4,4625.564,grad,17489550336
4,4627.456,grad,17482208256
4,4628.725,grad,17486926848
4,4629.986,grad,17506908160
4,4631.239,grad,17534205952
4,4632.495,grad,17607147520
4,4633.732,grad,17636544512
4,4635.577,grad,17629202432
4,4636.839,grad,17633921024
4,4638.118,grad,17646562304
4,4639.382,grad,17680151552
4,4640.65,grad,17754141696
4,4641.884,grad,17780917248
4,4643.796,grad,17777245184
4,4645.091,grad,17781963776
4,4646.361,grad,17793556480
4,4647.65,grad,17827145728
4,4648.899,grad,17900087296
4,4650.174,grad,17927911424
4,4652.095,grad,17924239360
4,4653.364,grad,17928957952
4,4654.639,grad,17947890688
4,4655.882,grad,17981479936
4,4657.132,grad,18066480128
4,4658.378,grad,18073857024
4,4660.266,grad,18070184960
4,4661.673,grad,18074903552
4,4662.938,grad,18086496256
4,4664.198,grad,18100686848
4,4665.445,grad,18212425728
4,4666.692,grad,18212460544
4,4668.77,grad,18216130560
4,4670.035,grad,18220849152
4,4671.297,grad,18240830464
4,4672.531,grad,18267079680
4,4673.764,grad,18359419904
4,4675.022,grad,18370466816
4,4676.91,grad,18363124736
4,4678.202,grad,18367843328
4,4679.491,grad,18380484608
4,4680.764,grad,18415122432
4,4682.013,grad,18488064000
4,4683.25,grad,18518509568
4,4685.144,grad,18511167488
4,4686.426,grad,18515886080
4,4687.679,grad,18529575936
4,4688.928,grad,18562116608
4,4690.211,grad,18636106752
4,4691.451,grad,18663930880
4,4693.402,grad,18660258816
4,4694.681,grad,18664977408
4,4695.958,grad,18686007296
4,4697.234,grad,18712256512
4,4698.481,grad,18843394048
4,4699.741,grad,18811973632
4,4701.664,grad,18808301568
4,4703.192,grad,18813020160
4,4704.466,grad,18826710016
4,4705.725,grad,18860299264
4,4706.979,grad,18952639488
4,4708.238,grad,18960016384
4,4710.159,grad,18956344320
4,4711.419,grad,18961062912
4,4712.668,grad,18973704192
4,4713.925,grad,19008342016
4,4715.194,grad,19100682240
4,4716.474,grad,19107010560
4,4718.384,grad,19103338496
4,4719.662,grad,19108057088
4,4720.935,grad,19128038400
4,4722.231,grad,19161627648
4,4723.486,grad,19247676416
4,4724.731,grad,19262393344
4,4726.541,grad,19251381248
4,4727.803,grad,19256099840
4,4729.101,grad,19267692544
4,4730.384,grad,19301281792
4,4731.655,grad,19393622016
4,4734.507,grad,19398375424
4,4735.791,grad,19403094016
4,4737.059,grad,19422026752
4,4738.311,grad,19448275968
4,4739.557,grad,19579413504
4,4740.82,grad,19547993088
4,4742.719,grad,19544321024
4,4744.189,grad,19549039616
4,4745.448,grad,19560632320
4,4746.694,grad,19594221568
4,4747.962,grad,19667163136
4,4749.234,grad,19686598656
4,4751.17,grad,19690266624
4,4752.446,grad,19694985216
4,4753.694,grad,19714966528
4,4754.931,grad,19748588544
4,4756.21,grad,19814157312
4,4759.01,grad,19837260800
4,4760.279,grad,19841979392
4,4761.535,grad,19861993472
4,4762.809,grad,19896631296
4,4764.059,grad,19965870080
4,4766.737,grad,19985303552
4,4768.006,grad,19990022144
4,4769.261,grad,20011052032
4,4770.497,grad,20044641280
4,4771.746,grad,20110242816
4,4774.422,grad,20134394880
4,4775.703,grad,20143832064
4,4776.958,grad,20160176128
4,4778.215,grad,20193732608
4,4779.457,grad,20259334144
4,4780.69,grad,20274995200
4,4782.041,grad,20738471424
4,4784.108,grad,20738467328
4,4785.354,grad,20582754304
4,4786.591,grad,20582754304
4,4787.832,grad,20582754304
4,4789.094,grad,20582754304
4,4790.334,grad,20287050752
4,4791.574,grad,20271549440
4,4792.831,grad,20231703552
4,4794.129,grad,20183272448
4,4795.481,grad,20156761088
4,4796.776,grad,20141432832
4,4798.496,grad,20140122112
4,4799.75,grad,20149526528
4,4801.593,grad,20137926656
4,4802.88,grad,20140064768
4,4804.131,grad,20110006272
4,4805.368,grad,20092082176
4,4806.607,grad,20043028480
4,4807.862,grad,20012847104
4,4809.135,grad,19999353856
4,4810.724,grad,19997256704
4,4811.985,grad,20007676928
4,4813.596,grad,19995061248
4,4814.837,grad,19997191168
4,4816.085,grad,19988374528
4,4817.339,grad,19944629248
4,4818.59,grad,19884958720
4,4819.838,grad,19873127424
4,4821.09,grad,19858683904
4,4822.695,grad,19857537024
4,4824.026,grad,19866974208
4,4825.445,grad,19855341568
4,4826.691,grad,19857471488
4,4827.94,grad,19845083136
4,4829.224,grad,19785510912
4,4830.462,grad,19745341440
4,4831.707,grad,19731179520
4,4832.952,grad,19731121152
4,4834.21,grad,19719062528
4,4835.452,grad,19728434176
4,4837.251,grad,19716867072
4,4838.527,grad,19718996992
4,4839.784,grad,19710180352
4,4841.027,grad,19666435072
4,4842.27,grad,19621444608
4,4843.516,grad,19596178432
4,4844.749,grad,19587305472
4,4846.105,grad,19581440000
4,4847.394,grad,19590877184
4,4848.834,grad,19579244544
4,4850.106,grad,19581374464
4,4851.35,grad,19572656128
4,4852.589,grad,19528910848
4,4853.836,grad,19483922432
4,4855.083,grad,19458654208
4,4856.319,grad,19449781248
4,4857.62,grad,19443915776
4,4858.933,grad,19453352960
4,4860.427,grad,19441720320
4,4861.675,grad,19443850240
4,4862.933,grad,19430413312
4,4864.19,grad,19389355008
4,4865.426,grad,19328902144
4,4866.655,grad,19314641920
4,4867.891,grad,19314681856
4,4869.156,grad,19303573504
4,4870.414,grad,19312977920
4,4871.933,grad,19301378048
4,4873.215,grad,19303507968
4,4874.469,grad,19332734976
4,4875.71,grad,19248128000
4,4876.953,grad,19191439360
4,4878.292,grad,19177117696
4,4879.56,grad,19161396224
4,4881.0,grad,19161297920
4,4882.249,grad,19170702336
4,4883.75,grad,19159102464
4,4885.003,grad,19161232384
4,4886.247,grad,19147959296
4,4887.486,grad,19106999296
4,4888.738,grad,19060075520
4,4889.987,grad,19034907648
4,4891.234,grad,19019120640
4,4893.039,grad,19019120640
4,4894.353,grad,19028557824
4,4895.821,grad,19016925184
4,4897.081,grad,19019055104
4,4898.326,grad,19005683712
4,4899.596,grad,18946275328
4,4900.843,grad,18904369152
4,4902.101,grad,18897547264
4,4903.339,grad,18888313856
4,4904.63,grad,18878090240
4,4905.896,grad,18888313856
4,4907.757,grad,18875894784
4,4909.013,grad,18882743296
4,4910.276,grad,18868356096
4,4911.514,grad,18828313600
4,4912.767,grad,18782536704
4,4914.019,grad,18759728128
4,4915.273,grad,18736240640
4,4916.98,grad,18735716352
4,4918.239,grad,18744858624
4,4920.133,grad,18733520896
4,4921.385,grad,18735650816
4,4922.626,grad,18721329152
4,4923.867,grad,18681319424
4,4925.123,grad,18618767360
4,4926.359,grad,18611947520
4,4927.592,grad,18603303936
4,4928.88,grad,18592490496
4,4930.175,grad,18602943488
4,4931.674,grad,18590295040
4,4932.923,grad,18592424960
4,4934.201,grad,18582723584
4,4935.442,grad,18499296256
4,4936.676,grad,18492220416
4,4937.91,grad,18467050496
4,4939.179,grad,18456342528
4,4940.498,grad,18450214912
4,4941.745,grad,18459619328
4,4943.258,grad,18448019456
4,4944.508,grad,18457489408
4,4945.756,grad,18479278080
4,4946.989,grad,18395752448
4,4948.234,grad,18335393792
4,4949.553,grad,18324742144
4,4950.799,grad,18309970944
4,4952.278,grad,18308922368
4,4953.594,grad,18318359552
4,4955.059,grad,18306726912
4,4956.31,grad,18308856832
4,4957.544,grad,18295583744
4,4958.778,grad,18254558208
4,4960.037,grad,18194103296
4,4961.283,grad,18187185152
4,4962.518,grad,18177951744
4,4963.82,grad,18168776704
4,4965.104,grad,18178181120
4,4966.634,grad,18166581248
4,4967.892,grad,18168711168
4,4969.156,grad,18159108096
4,4970.41,grad,18075582464
4,4971.65,grad,18068736000
4,4972.896,grad,18043467776
4,4974.143,grad,18032399360
4,4975.514,grad,18028729344
4,4976.85,grad,18038166528
4,4978.283,grad,18026533888
4,4979.532,grad,18036003840
4,4980.791,grad,18056842240
4,4982.033,grad,17981672448
4,4983.273,grad,17932225536
4,4984.509,grad,17902044160
4,4985.755,grad,17889075200
4,4987.351,grad,17887502336
4,4988.651,grad,17896939520
4,4990.092,grad,17885306880
4,4991.345,grad,17887436800
4,4992.587,grad,17877833728
4,4993.82,grad,17793292288
4,4995.101,grad,17771634688
4,4996.354,grad,17764716544
4,4997.59,grad,17755057152
4,4998.882,grad,17745259520
4,5000.164,grad,17754663936
4,5001.737,grad,17743064064
4,5002.993,grad,17745193984
4,5004.263,grad,17731920896
4,5005.515,grad,17695613952
4,5006.76,grad,17625719808
4,5008.051,grad,17618836480
4,5009.333,grad,17603540992
4,5010.995,grad,17604065280
4,5012.302,grad,17613436928
4,5014.517,grad,17601869824
4,5015.769,grad,17604524032
4,5017.029,grad,17600327680
4,5018.272,grad,17630605312
4,5019.51,grad,17550749696
4,5020.767,grad,17489440768
4,5022.017,grad,17475184640
4,5023.265,grad,17471194112
4,5024.55,grad,17462019072
4,5025.846,grad,17472504832
4,5027.352,grad,17459823616
4,5028.607,grad,17461953536
4,5029.852,grad,17434000384
4,5031.123,grad,17391893504
4,5032.369,grad,17343527936
4,5033.606,grad,17336644608
4,5034.849,grad,17319776256
4,5036.327,grad,17319776256
4,5037.643,grad,17329213440
4,5039.111,grad,17317580800
4,5040.356,grad,17319716864
4,5041.621,grad,17291757568
4,5042.869,grad,17245980672
4,5044.114,grad,17204922368
4,5045.355,grad,17193287680
4,5046.622,grad,17180122112
4,5048.014,grad,17176452096
4,5049.321,grad,17185889280
4,5050.846,grad,17174256640
4,5052.128,grad,17180056576
4,5053.38,grad,17166816256
4,5054.62,grad,17127822336
4,5055.864,grad,17078375424
4,5057.151,grad,17057139712
4,5058.398,grad,17034700800
4,5060.167,grad,17034176512
4,5061.422,grad,17043580928
4,5062.951,grad,17031981056
4,5064.212,grad,17034117120
4,5065.459,grad,17043939328
4,5066.715,grad,16984530944
4,5067.959,grad,16915685376
4,5069.282,grad,16908802048
4,5070.524,grad,16894555136
4,5072.207,grad,16892982272
4,5073.469,grad,16902386688
4,5075.014,grad,16890786816
4,5076.267,grad,16892916736
4,5077.518,grad,16884395008
4,5078.754,grad,16819219456
4,5079.986,grad,16785501184
4,5081.229,grad,16767607808
4,5082.478,grad,16754409472
4,5084.098,grad,16752836608
4,5085.433,grad,16762273792
4,5086.879,grad,16750313472
4,5088.228,grad,16753868800
4,5089.537,grad,16749328384
4,5090.781,grad,16740415488
4,5092.042,grad,16661575680
4,5093.297,grad,16630640640
4,5094.544,grad,16619728896
4,5095.803,grad,16612330496
4,5097.089,grad,16627043328
4,5098.597,grad,16608594944
4,5099.843,grad,16612756480
4,5101.117,grad,16611216384
4,5102.453,grad,16583263232
4,5103.715,grad,16542532608
4,5104.966,grad,16497509376
4,5106.286,grad,16493345792
4,5107.581,grad,16471988224
4,5109.331,grad,16471463936
4,5110.656,grad,16480835584
4,5112.428,grad,16468318208
4,5113.69,grad,16470452224
4,5114.933,grad,16460550144
4,5116.193,grad,16419819520
4,5117.448,grad,16350842880
4,5118.705,grad,16340060160
4,5119.965,grad,16326894592
4,5121.716,grad,16325256192
4,5122.986,grad,16334857216
4,5124.591,grad,16323060736
4,5125.848,grad,16317850624
4,5127.142,grad,16317850624
4,5128.394,grad,16317850624
4,5130.091,grad,16317850112
4,5132.093,grad,16317850112
4,5133.397,grad,16317850112
4,5134.735,grad,16317850112
4,5136.015,grad,16317850112
4,5139.408,grad,16317850112
4,5140.814,grad,16317850112
4,5142.077,grad,16327188992
4,5143.328,grad,16338493952
4,5144.585,grad,16345375232
4,5146.259,grad,16345375232
4,5147.554,grad,16345382400
4,5148.983,grad,16507101696
4,5150.311,grad,16507101696
4,5151.556,grad,16507101696
4,5152.877,grad,16507101696
4,5154.174,grad,16482755584
4,5155.425,grad,16438633984
4,5156.681,grad,16349537792
4,5158.505,grad,16304940544
4,5159.761,grad,16408290816
4,5161.053,grad,16467174912
4,5162.317,grad,16378668544
4,5163.637,grad,16141854208
4,5164.937,grad,16141843968
4,5166.222,grad,16163864064
4,5167.483,grad,16192634368
4,5168.746,grad,16221240832
4,5169.994,grad,16248634880
4,5171.235,grad,16275766784
4,5172.474,grad,16305192448
4,5173.737,grad,16188866048
4,5175.038,grad,16143449088
4,5176.298,grad,16049732608
4,5177.881,noise,15979082752
4,5179.201,noise,15979082752
4,5180.443,noise,15979082752
4,5181.673,noise,15980295168
4,5182.911,noise,15980753920
4,5184.188,noise,15980753920
4,5185.423,noise,15982490624
4,5186.656,noise,15982490624
4,5187.891,noise,15983703040
4,5189.166,noise,15983965184
4,5190.404,noise,15984423936
4,5191.636,noise,15984882688
4,5192.89,noise,15985144832
4,5194.164,noise,15986357248
4,5195.4,noise,15986586624
4,5196.647,noise,15986816000
4,5197.883,noise,15988028416
4,5199.163,noise,15988257792
4,5200.4,noise,15988257792
4,5201.633,noise,15989928960
4,5202.885,noise,15989961728
4,5204.186,noise,15990420480
4,5205.474,noise,15990912000
4,5206.72,noise,15990912000
4,5207.962,noise,15992124416
4,5209.235,noise,15992583168
4,5210.477,noise,15992583168
4,5211.716,noise,15994024960
4,5212.998,noise,15994024960
4,5214.342,noise,15995237376
4,5215.611,noise,15995728896
4,5216.845,noise,15996187648
4,5218.103,noise,15996679168
4,5219.362,noise,15996679168
4,5220.6,noise,15997891584
4,5221.851,noise,15998350336
4,5223.128,noise,15998350336
4,5224.384,noise,15999562752
4,5225.645,noise,15999792128
4,5226.883,noise,16001004544
4,5228.131,noise,16001266688
4,5229.383,noise,16001725440
4,5230.627,noise,16002184192
4,5231.87,noise,16002446336
4,5233.116,noise,16002446336
4,5234.38,noise,16003888128
4,5235.624,noise,16004117504
4,5236.855,noise,16004117504
4,5238.106,noise,16005559296
4,5239.385,noise,16005559296
4,5240.624,noise,16006771712
4,5241.864,noise,16007033856
4,5243.108,noise,16007492608
4,5244.366,noise,16007951360
4,5245.61,noise,16008213504
4,5246.839,noise,16009425920
4,5248.084,noise,16009655296
4,5249.337,noise,16009884672
4,5250.579,noise,16011097088
4,5251.814,noise,16011326464
4,5253.055,noise,16011326464
4,5254.295,noise,16012538880
4,5255.546,noise,16013030400
4,5256.778,noise,16013489152
4,5258.011,noise,16013980672
4,5259.249,noise,16013980672
4,5260.489,noise,16015193088
4,5261.728,noise,16015651840
4,5262.962,noise,16015651840
4,5264.215,noise,16016864256
4,5265.473,noise,16017093632
4,5266.705,noise,16018306048
4,5267.946,noise,16018568192
4,5269.228,noise,16019026944
4,5270.486,noise,16019485696
4,5271.73,noise,16019747840
4,5272.987,noise,16019747840
4,5274.235,noise,16021287936
4,5275.491,noise,16021517312
4,5276.726,noise,16021517312
4,5277.952,noise,16022729728
4,5279.207,noise,16022959104
4,5280.45,noise,16024171520
4,5281.68,noise,16024433664
4,5282.91,noise,16024892416
4,5284.159,noise,16025351168
4,5285.399,noise,16025613312
4,5286.627,noise,16026825728
4,5287.85,noise,16027055104
4,5289.094,noise,16027284480
4,5290.335,noise,16028496896
4,5291.562,noise,16028726272
4,5292.807,noise,16028726272
4,5294.046,noise,16030299136
4,5295.303,noise,16030790656
4,5296.55,noise,16031249408
4,5297.783,noise,16031740928
4,5299.021,noise,16031740928
4,5300.301,noise,16032953344
4,5301.547,noise,16033412096
4,5302.792,noise,16033412096
4,5304.027,noise,16034853888
4,5305.327,noise,16034853888
4,5306.591,noise,16036066304
4,5307.828,noise,16036328448
4,5309.079,noise,16036787200
4,5310.34,noise,16037245952
4,5311.581,noise,16037508096
4,5312.822,noise,16038720512
4,5314.057,noise,16038949888
4,5315.292,noise,16039179264
4,5316.544,noise,16040391680
4,5317.807,noise,16040981504
4,5319.055,noise,16040981504
4,5320.292,noise,16042423296
4,5321.54,noise,16042685440
4,5322.77,noise,16043144192
4,5323.999,noise,16043635712
4,5325.234,noise,16043635712
4,5326.473,noise,16044848128
4,5327.708,noise,16045306880
4,5328.934,noise,16045306880
4,5330.178,noise,16046748672
4,5331.417,noise,16046748672
4,5332.64,noise,16047961088
4,5333.868,noise,16048223232
4,5335.111,noise,16048681984
4,5336.353,noise,16049140736
4,5337.584,noise,16049402880
4,5338.816,noise,16050615296
4,5340.0,noise,16051205120
4,5341.249,noise,16051434496
4,5342.474,noise,16052646912
4,5343.701,noise,16052876288
4,5344.931,noise,16052876288
4,5346.215,noise,16054318080
4,5347.447,noise,16054580224
4,5348.675,noise,16055038976
4,5349.908,noise,16055530496
4,5351.184,noise,16055530496
4,5352.419,noise,16056742912
4,5353.652,noise,16057201664
4,5354.884,noise,16057201664
4,5356.165,noise,16058643456
4,5357.404,noise,16058643456
4,5358.631,noise,16059855872
4,5359.864,noise,16060118016
4,5361.127,noise,16060576768
4,5362.37,noise,16061035520
4,5363.604,noise,16061297664
4,5364.826,noise,16062510080
4,5366.063,noise,16062739456
4,5367.313,noise,16062968832
4,5368.542,noise,16064181248
4,5369.774,noise,16064410624
4,5371.012,noise,16064410624
4,5372.267,noise,16065852416
4,5373.502,noise,16066114560
4,5374.737,noise,16066573312
4,5375.983,noise,16067064832
4,5377.233,noise,16067064832
4,5378.463,noise,16068277248
4,5379.689,noise,16068736000
4,5380.916,noise,16068736000
4,5382.182,noise,16070177792
4,5383.417,noise,16070177792
4,5384.645,noise,16071390208
4,5385.879,noise,16071652352
4,5387.156,noise,16072111104
4,5388.39,noise,16072569856
4,5389.621,noise,16072832000
4,5390.858,noise,16074044416
4,5392.115,noise,16074273792
4,5393.352,noise,16074503168
4,5394.576,noise,16075715584
4,5395.805,noise,16075944960
4,5396.993,noise,16075944960
4,5398.234,noise,16077386752
4,5399.462,noise,16077648896
4,5400.719,noise,16078337024
4,5401.963,noise,16078599168
4,5403.215,noise,16078599168
4,5404.45,noise,16079811584
4,5405.687,noise,16080270336
4,5406.94,noise,16080270336
4,5408.192,noise,16081712128
4,5409.421,noise,16081712128
4,5410.665,noise,16084136960
4,5411.919,noise,16083186688
4,5413.178,noise,16083645440
4,5414.407,noise,16084104192
4,5415.636,noise,16084366336
4,5416.863,noise,16085578752
4,5418.134,noise,16085808128
4,5419.453,noise,16086037504
4,5420.69,noise,16087249920
4,5421.94,noise,16087479296
4,5423.256,noise,16087479296
4,5424.489,noise,16089379840
4,5425.717,noise,16089183232
4,5426.949,noise,16089871360
4,5428.219,noise,16090133504
4,5429.444,noise,16090133504
4,5430.664,noise,16091935744
4,5431.896,noise,16092165120
4,5433.17,noise,16092165120
4,5434.401,noise,16094065664
4,5435.63,noise,16093606912
4,5436.891,noise,16094819328
4,5438.162,noise,16095540224
4,5439.395,noise,16095769600
4,5440.621,noise,16096228352
4,5441.855,noise,16096261120
4,5443.108,noise,16097473536
4,5444.337,noise,16097702912
4,5445.566,noise,16097932288
4,5446.794,noise,16099144704
4,5448.04,noise,16099374080
4,5449.277,noise,16099374080
4,5450.499,noise,16100815872
4,5451.732,noise,16101307392
4,5452.983,noise,16101766144
4,5454.224,noise,16102028288
4,5455.447,noise,16102028288
4,5456.673,noise,16103240704
4,5457.921,noise,16103699456
4,5459.168,noise,16103699456
4,5460.392,noise,16105141248
4,5461.621,noise,16105141248
4,5462.873,noise,16106353664
4,5464.066,noise,16106615808
4,5465.3,noise,16107074560
4,5466.534,noise,16107533312
4,5467.796,noise,16107795456
4,5468.993,noise,16109007872
4,5470.223,noise,16109237248
4,5471.451,noise,16109466624
4,5472.675,noise,16110679040
4,5473.901,noise,16110908416
4,5475.135,noise,16110908416
4,5476.355,noise,16112350208
4,5477.59,noise,16112612352
4,5478.818,noise,16113071104
4,5480.058,noise,16113562624
4,5481.286,noise,16113562624
4,5482.511,noise,16114775040
4,5483.739,noise,16115233792
4,5484.959,noise,16115233792
4,5486.195,noise,16116675584
4,5487.42,noise,16116675584
4,5488.643,noise,16117888000
4,5489.869,noise,16118150144
4,5491.109,noise,16118608896
4,5492.336,noise,16119067648
4,5493.564,noise,16119329792
4,5494.787,noise,16120542208
4,5496.009,noise,16120771584
4,5497.237,noise,16121000960
4,5498.459,noise,16122213376
4,5499.685,noise,16122803200
4,5500.92,noise,16122803200
4,5502.185,noise,16124703744
4,5503.422,noise,16124507136
4,5504.666,noise,16124965888
4,5505.924,noise,16125457408
4,5507.176,noise,16125457408
4,5508.403,noise,16126669824
4,5509.639,noise,16127128576
4,5510.862,noise,16127128576
4,5512.095,noise,16128570368
4,5513.324,noise,16128570368
4,5514.548,noise,16129782784
4,5515.774,noise,16130044928
4,5516.997,noise,16130503680
4,5518.242,noise,16130962432
4,5519.496,noise,16131224576
4,5520.728,noise,16132436992
4,5521.954,noise,16132666368
4,5523.208,noise,16132895744
4,5524.434,noise,16134108160
4,5525.668,noise,16134337536
4,5526.894,noise,16134337536
4,5528.128,noise,16135549952
4,5529.359,noise,16136041472
4,5530.582,noise,16136500224
4,5531.815,noise,16136991744
4,5533.054,noise,16136991744
4,5534.284,noise,16138204160
4,5535.511,noise,16138662912
4,5536.731,noise,16138662912
4,5537.951,noise,16140104704
4,5539.202,noise,16140104704
4,5540.427,noise,16141317120
4,5541.983,noise,16141579264
4,5543.228,noise,16142038016
4,5544.464,noise,16142496768
4,5545.694,noise,16090625024
4,5546.986,noise,15979049984
4,5548.3,optimizer,15979049984
4,5549.55,optimizer,15981042176
4,5550.803,optimizer,15983559168
4,5552.057,optimizer,15985106432
4,5553.297,optimizer,15984631808
4,5554.528,optimizer,15985135104
4,5555.756,optimizer,15985417728
4,5557.006,optimizer,15987176960
4,5558.322,optimizer,15989707776
4,5559.559,optimizer,15991242752
4,5560.809,optimizer,15990780928
4,5561.99,optimizer,15991270400
4,5563.225,optimizer,15991551488
4,5564.454,optimizer,15993082880
4,5565.697,optimizer,15996811264
4,5566.944,optimizer,15997389824
4,5568.191,optimizer,15996476928
4,5569.418,optimizer,15997404160
4,5570.656,optimizer,15997687296
4,5571.904,optimizer,15999446528
4,5573.142,optimizer,16001964032
4,5574.371,optimizer,16003512320
4,5575.621,optimizer,16003036672
4,5576.848,optimizer,16003539968
4,5578.087,optimizer,16003623424
4,5579.314,optimizer,16005582336
4,5580.563,optimizer,16008113664
4,5581.798,optimizer,16008891392
4,5583.028,optimizer,16009186816
4,5584.26,optimizer,16010133504
4,5585.49,optimizer,16010971136
4,5586.724,optimizer,16011732480
4,5587.951,optimizer,16013264384
4,5589.192,optimizer,16015058944
4,5590.423,optimizer,16015321600
4,5591.671,optimizer,16016267776
4,5592.92,optimizer,16017181696
4,5594.225,optimizer,16017866240
4,5595.5,optimizer,16020840448
4,5596.745,optimizer,16020967936
4,5597.981,optimizer,16021914112
4,5599.218,optimizer,16022189056
4,5600.45,optimizer,16026920448
4,5601.678,optimizer,16025289728
4,5602.91,optimizer,16027806208
4,5604.156,optimizer,16027134464
4,5605.388,optimizer,16027863040
4,5606.634,optimizer,16028323328
4,5607.863,optimizer,16030873600
4,5609.102,optimizer,16031425024
4,5610.337,optimizer,16033941504
4,5611.587,optimizer,16033270784
4,5612.83,optimizer,16033969664
4,5614.07,optimizer,16034752512
4,5615.351,optimizer,16037009920
4,5616.601,optimizer,16037560320
4,5617.836,optimizer,16041287168
4,5619.077,optimizer,16039404544
4,5620.305,optimizer,16040103936
4,5621.552,optimizer,16040627200
4,5622.829,optimizer,16043145216
4,5624.083,optimizer,16044677632
4,5625.322,optimizer,16047651328
4,5626.593,optimizer,16045582336
4,5627.836,optimizer,16046239744
4,5629.085,optimizer,16046761984
4,5630.314,optimizer,16049279488
4,5631.539,optimizer,16050811904
4,5632.774,optimizer,16052575232
4,5634.001,optimizer,16051689472
4,5635.24,optimizer,16052832256
4,5636.481,optimizer,16052897792
4,5637.709,optimizer,16055657984
4,5638.96,optimizer,16057307136
4,5640.204,optimizer,16058868736
4,5641.433,optimizer,16057955840
4,5642.659,optimizer,16058868736
4,5643.889,optimizer,16059163648
4,5645.128,optimizer,16061923840
4,5646.37,optimizer,16064424960
4,5647.597,optimizer,16065003520
4,5648.823,optimizer,16064286208
4,5650.069,optimizer,16065032192
4,5651.305,optimizer,16065299456
4,5652.562,optimizer,16067060736
4,5653.792,optimizer,16069577216
4,5655.024,optimizer,16071125504
4,5656.271,optimizer,16070420992
4,5657.503,optimizer,16071153152
4,5658.733,optimizer,16071236608
4,5659.961,optimizer,16073209856
4,5661.205,optimizer,16076775936
4,5662.448,optimizer,16077783040
4,5663.679,optimizer,16078062592
4,5664.913,optimizer,16078338048
4,5666.184,optimizer,16078420480
4,5667.416,optimizer,16080379904
4,5668.642,optimizer,16083139584
4,5669.867,optimizer,16083497984
4,5671.101,optimizer,16083983872
4,5672.331,optimizer,16084700672
4,5673.558,optimizer,16085842944
4,5674.791,optimizer,16086528512
4,5676.038,optimizer,16089502720
4,5677.297,optimizer,16089630208
4,5678.53,optimizer,16090576384
4,5679.757,optimizer,16090852352
4,5681.007,optimizer,16094828544
4,5682.241,optimizer,16093952512
4,5683.468,optimizer,16099940864
4,5684.695,optimizer,16096861696
4,5685.949,optimizer,16098003968
4,5687.205,optimizer,16098069504
4,5688.434,optimizer,16100814848
4,5689.662,optimizer,16103559680
4,5690.891,optimizer,16103896064
4,5692.131,optimizer,16103191552
4,5693.36,optimizer,16103952384
4,5694.587,optimizer,16104237568
4,5695.816,optimizer,16106195456
4,5697.066,optimizer,16108511232
4,5698.321,optimizer,16110259200
4,5699.552,optimizer,16109598720
4,5700.781,optimizer,16110059520
4,5702.02,optimizer,16111354880
4,5703.297,optimizer,16112116224
4,5704.531,optimizer,16115012608
4,5705.765,optimizer,16115219968
4,5707.037,optimizer,16115934720
4,5708.284,optimizer,16116439040
4,5709.536,optimizer,16118745600
4,5710.779,optimizer,16119690240
4,5712.041,optimizer,16121073664
4,5713.296,optimizer,16121220608
4,5714.532,optimizer,16122085376
4,5715.77,optimizer,16122834944
4,5717.016,optimizer,16125124608
4,5718.258,optimizer,16126963200
4,5719.491,optimizer,16128419840
4,5720.725,optimizer,16127535616
4,5721.982,optimizer,16128477184
4,5723.248,optimizer,16128744448
4,5724.478,optimizer,16130275840
4,5725.712,optimizer,16133050368
4,5726.956,optimizer,16134798336
4,5728.232,optimizer,16134094848
4,5729.463,optimizer,16134599680
4,5730.693,optimizer,16134746624
4,5731.937,optimizer,16136641024
4,5733.189,optimizer,16139171328
4,5734.418,optimizer,16139721216
4,5735.648,optimizer,16140244480
4,5736.913,optimizer,16140748288
4,5738.166,optimizer,16140881920
4,5739.399,optimizer,16142949376
4,5740.629,optimizer,16144454656
4,5741.888,optimizer,16146025472
4,5743.15,optimizer,16146511872
4,5744.406,optimizer,16147228160
4,5745.64,optimizer,16148371968
4,5746.905,optimizer,16149284864
4,5748.169,optimizer,16151876608
4,5749.401,optimizer,16152159744
4,5750.635,optimizer,16152875520
4,5751.879,optimizer,16153379328
4,5753.158,optimizer,16153250816
4,5754.392,optimizer,16155676672
4,5755.626,optimizer,16153250304
4,5756.893,optimizer,16153709568
4,5758.143,optimizer,16153250304
4,5759.374,optimizer,16153250816
4,5760.621,optimizer,16153709056
4,5761.856,optimizer,16154167808
4,5763.121,optimizer,16153709568
4,5764.354,optimizer,16153250816
4,5765.612,optimizer,16158099968
4,5766.858,optimizer,16153250304
4,5768.122,optimizer,16154167808
4,5769.356,optimizer,16153709568
4,5770.585,optimizer,16153250304
4,5771.816,optimizer,16153250816
4,5773.083,optimizer,16153250304
4,5774.343,optimizer,16153709056
4,5775.581,optimizer,16153709056
4,5776.822,optimizer,16153250816
4,5778.101,optimizer,16153250304
4,5779.363,optimizer,16153709056
4,5780.597,optimizer,16158099968
4,5781.833,optimizer,16154167808
4,5783.097,optimizer,16153250816
4,5784.329,optimizer,16153709568
4,5785.556,optimizer,16155675136
4,5786.809,optimizer,16153250304
4,5788.063,optimizer,16153709056
4,5789.301,optimizer,16153381376
4,5790.532,optimizer,16153250304
4,5791.764,optimizer,16154464256
4,5793.005,optimizer,16169242112
4,5794.308,optimizer,16181038592
4,5795.544,optimizer,16193753088
4,5796.796,optimizer,16209612288
4,5798.047,optimizer,16222096896
4,5799.288,optimizer,16236843008
4,5800.539,optimizer,16251752448
4,5801.774,optimizer,16266039296
4,5803.015,optimizer,16280719360
4,5804.259,optimizer,16295693824
4,5805.497,optimizer,16310373888
4,5806.751,optimizer,16270820864
4,5808.213,optimizer,16153478656
4,5809.455,optimizer,16175268864
4,5810.69,optimizer,16205054976
4,5811.928,optimizer,16235365376
4,5813.201,optimizer,16264791040
4,5814.452,optimizer,16298607616
4,5815.683,optimizer,16268887040
4,5816.989,optimizer,16153052160
4,5818.262,optimizer,16180577280
4,5819.496,optimizer,16209544192
4,5820.739,optimizer,16239100928
4,5822.002,optimizer,16269673472
4,5823.252,optimizer,16300114944
4,5824.483,optimizer,16260367360
4,5825.721,optimizer,16134472704
4,5827.007,optimizer,16009102336
4,5828.268,optimizer,15985958400
4,5829.512,optimizer,15982238208
4,5831.569,optimizer,15978624000
4,5832.822,optimizer,15978624000
4,5834.103,optimizer,15978624000
4,5835.337,optimizer,15978624000
