step,t_ms,phase,alloc_bytes
3,6.072,grad,15974299136
3,12.544,grad,15974307328
3,18.983,grad,15974307328
3,25.471,grad,15974307328
3,29.987,grad,15974307328
3,31.315,grad,15981784576
3,33.532,grad,15981913600
3,36.156,grad,15989253632
3,37.543,grad,15998690816
3,38.97,grad,15998690816
3,40.262,grad,16014535168
3,42.292,grad,16028232192
3,43.562,grad,16035576320
3,44.845,grad,16143710720
3,46.307,grad,16143710720
3,47.561,grad,16221370880
3,49.149,grad,16221370880
3,51.635,grad,16228715008
3,52.961,grad,16238152192
3,54.408,grad,16238152192
3,55.666,grad,16253996544
3,57.585,grad,16275033600
3,58.847,grad,16313835008
3,60.092,grad,16537312768
3,61.376,grad,16382123520
3,62.641,grad,16513261056
3,64.039,grad,16459783680
3,66.59,grad,16467127808
3,67.953,grad,16476564992
3,69.373,grad,16476564992
3,70.63,grad,16484953600
3,72.811,grad,16506106368
3,74.102,grad,16513450496
3,75.42,grad,16620536320
3,76.867,grad,16620536320
3,78.129,grad,16751673856
3,79.511,grad,16698196480
3,81.976,grad,16705540608
3,83.378,grad,16714977792
3,84.842,grad,16714977792
3,86.168,grad,16730822144
3,88.024,grad,16744519168
3,89.269,grad,16751863296
3,90.539,grad,16936543744
3,91.824,grad,16858949120
3,93.083,grad,16997426688
3,94.68,grad,16936609280
3,97.142,grad,16943953408
3,98.5,grad,16953390592
3,99.975,grad,16953390592
3,101.249,grad,16969234944
3,103.162,grad,16982931968
3,104.426,grad,17029073408
3,105.675,grad,17174956544
3,106.923,grad,17097361920
3,108.171,grad,17182362112
3,109.445,grad,17175022080
3,111.987,grad,17182366208
3,113.604,grad,17191803392
3,115.087,grad,17191803392
3,116.378,grad,17207647744
3,118.34,grad,17228684800
3,119.604,grad,17267486208
3,120.886,grad,17413369344
3,122.249,grad,17335774720
3,123.542,grad,17420774912
3,124.832,grad,17413434880
3,127.282,grad,17420779008
3,128.614,grad,17430216192
3,130.203,grad,17430216192
3,131.478,grad,17453400576
3,133.28,grad,17459757568
3,134.555,grad,17467101696
3,135.863,grad,17574187520
3,137.411,grad,17574187520
3,139.714,grad,17651847680
3,142.214,grad,17659191808
3,143.624,grad,17668628992
3,145.072,grad,17668628992
3,146.326,grad,17684473344
3,148.175,grad,17698170368
3,149.427,grad,17705514496
3,150.687,grad,17890194944
3,151.978,grad,17812600320
3,154.481,grad,17890260480
3,157.06,grad,17897604608
3,158.47,grad,17897719296
3,159.814,grad,17907041792
3,161.287,grad,17907041792
3,162.565,grad,17930226176
3,164.385,grad,17936583168
3,165.642,grad,17982724608
3,166.916,grad,18206202368
3,168.21,grad,18089810432
3,170.481,grad,18136013312
3,172.895,grad,18136017408
3,174.196,grad,18145454592
3,175.588,grad,18145454592
3,176.847,grad,18161298944
3,178.72,grad,18174995968
3,179.976,grad,18221137408
3,181.218,grad,18367020544
3,182.679,grad,18289425920
3,183.966,grad,18374426112
3,185.249,grad,18367086080
3,187.778,grad,18374430208
3,189.041,grad,18383867392
3,190.512,grad,18383867392
3,191.758,grad,18407051776
3,193.475,grad,18413408768
3,194.731,grad,18420752896
3,195.983,grad,18605433344
3,197.282,grad,18527838720
3,198.556,grad,18605498880
3,199.826,grad,18605498880
3,202.464,grad,18612843008
3,203.812,grad,18622280192
3,205.202,grad,18622280192
3,206.446,grad,18638124544
3,208.333,grad,18651821568
3,209.581,grad,18697963008
3,210.854,grad,18843846144
3,212.182,grad,18805048832
3,214.39,grad,18843911680
3,217.066,grad,18851255808
3,218.477,grad,18860692992
3,219.88,grad,18860692992
3,221.129,grad,18883877376
3,222.953,grad,18890234368
3,224.269,grad,18897578496
3,225.522,grad,19004664320
3,227.053,grad,19004664320
3,228.32,grad,19143141888
3,229.669,grad,19082324480
3,232.106,grad,19089668608
3,233.453,grad,19099105792
3,234.875,grad,19099105792
3,236.128,grad,19122290176
3,237.964,grad,19128647168
3,239.209,grad,19135991296
3,240.452,grad,19320671744
3,241.69,grad,19243077120
3,242.961,grad,19328077312
3,244.3,grad,19320737280
3,247.042,grad,19328081408
3,248.34,grad,19337518592
3,249.719,grad,19337518592
3,250.976,grad,19360702976
3,252.754,grad,19367059968
3,254.023,grad,19374404096
3,255.273,grad,19559084544
3,256.512,grad,19481489920
3,257.758,grad,19619967488
3,259.116,grad,19559150080
3,261.504,grad,19566494208
3,262.873,grad,19575931392
3,264.488,grad,19575931392
3,265.764,grad,19599115776
3,267.581,grad,19605472768
3,268.852,grad,19651614208
3,270.106,grad,19797497344
3,271.397,grad,19758700032
3,273.671,grad,19804902912
3,276.085,grad,19804907008
3,277.423,grad,19814344192
3,278.913,grad,19814344192
3,280.16,grad,19837528576
3,282.07,grad,19843885568
3,283.372,grad,19851229696
3,284.648,grad,20035910144
3,285.918,grad,19958315520
3,287.168,grad,20096793088
3,288.722,grad,20035975680
3,291.191,grad,20043319808
3,292.517,grad,20052756992
3,294.004,grad,20052756992
3,295.286,grad,20075941376
3,297.085,grad,20082298368
3,298.393,grad,20089642496
3,299.646,grad,20274322944
3,300.963,grad,20196728320
3,302.213,grad,20335205888
3,303.634,grad,20281728512
3,306.282,grad,20281732608
3,307.667,grad,20291169792
3,309.126,grad,20291169792
3,310.389,grad,20307014144
3,312.309,grad,20320711168
3,313.61,grad,20366852608
3,314.9,grad,20512735744
3,316.156,grad,20435141120
3,317.417,grad,20512801280
3,318.725,grad,20512801280
3,321.183,grad,20520145408
3,322.518,grad,20529582592
3,324.059,grad,20529582592
3,325.319,grad,20545426944
3,327.181,grad,20559123968
3,328.501,grad,20573808128
3,329.808,grad,20673488384
3,331.351,grad,20673553920
3,332.602,grad,20751214080
3,333.934,grad,20751214080
3,336.485,grad,20758558208
3,337.857,grad,20767995392
3,339.311,grad,20767995392
3,340.557,grad,20791179776
3,342.352,grad,20797536768
3,343.607,grad,20804880896
3,344.921,grad,20989561344
3,346.22,grad,20911966720
3,347.471,grad,21043104256
3,348.934,grad,20989626880
3,351.625,grad,20996971008
3,352.992,grad,21006408192
3,354.473,grad,21006408192
3,355.729,grad,21022252544
3,357.528,grad,21035949568
3,358.845,grad,21043293696
3,360.087,grad,21227974144
3,361.347,grad,21150379520
3,362.59,grad,21228039680
3,363.979,grad,21228039680
3,366.416,grad,21235383808
3,367.811,grad,21244820992
3,369.443,grad,21244820992
3,370.72,grad,21268005376
3,372.525,grad,21274362368
3,373.78,grad,21281706496
3,375.044,grad,21466386944
3,376.341,grad,21388792320
3,377.591,grad,21527269888
3,379.093,grad,21466452480
3,381.535,grad,21473796608
3,382.918,grad,21483233792
3,384.398,grad,21483233792
3,385.656,grad,21506418176
3,387.533,grad,21512775168
3,388.771,grad,21520119296
3,390.024,grad,21705848320
3,391.308,grad,21628253696
3,392.565,grad,21766731264
3,394.076,grad,21705913856
3,396.586,grad,21713257984
3,397.949,grad,21722695168
3,399.482,grad,21722695168
3,400.731,grad,21738539520
3,402.569,grad,21752236544
3,403.885,grad,21759580672
3,405.157,grad,21944261120
3,406.4,grad,21866666496
3,407.673,grad,21944326656
3,409.053,grad,21944326656
3,412.678,grad,21951670784
3,414.234,grad,21961107968
3,415.794,grad,21961107968
3,417.118,grad,21976952320
3,419.226,grad,21990649344
3,420.492,grad,21997993472
3,421.752,grad,22105079296
3,423.26,grad,22105079296
3,424.523,grad,22243556864
3,426.166,grad,22182739456
3,428.831,grad,22190083584
3,430.256,grad,22199520768
3,431.684,grad,22199520768
3,432.95,grad,22215365120
3,434.938,grad,22229062144
3,436.194,grad,22243746304
3,437.452,grad,22343426560
3,439.027,grad,22382289408
3,440.284,grad,22421152256
3,441.569,grad,22421152256
3,444.034,grad,22428496384
3,445.43,grad,22437933568
3,446.949,grad,22437933568
3,448.208,grad,22461117952
3,450.108,grad,22474814976
3,451.365,grad,22513616384
3,452.618,grad,22737094144
3,453.974,grad,22620702208
3,456.414,grad,22659565056
3,457.743,grad,22970992128
3,459.031,grad,23593863168
3,460.303,grad,23593873408
3,462.491,grad,23586515968
3,463.738,grad,23275089408
3,464.977,grad,23275089408
3,466.218,grad,23275089408
3,468.033,grad,23275090944
3,469.712,grad,22663262720
3,470.97,grad,22662437376
3,472.357,grad,22616234496
3,473.599,grad,22612597248
3,475.358,grad,22484345344
3,476.619,grad,22477916672
3,478.374,grad,22448375296
3,479.89,grad,22448375296
3,481.141,grad,22467184128
3,482.637,grad,22443492864
3,484.33,grad,22445100544
3,485.618,grad,22448698880
3,487.05,grad,22390240768
3,488.301,grad,22346921472
3,489.573,grad,22257466880
3,490.836,grad,22250124800
3,492.115,grad,22240486912
3,493.373,grad,22221497344
3,494.887,grad,22221496832
3,496.146,grad,22240240128
3,497.711,grad,22216614400
3,499.355,grad,22218222080
3,500.6,grad,22209565184
3,501.946,grad,22163362304
3,503.186,grad,22158840320
3,504.897,grad,22030588416
3,506.153,grad,22024159744
3,507.862,grad,21994618368
3,509.668,grad,21994618368
3,510.942,grad,22013361664
3,512.466,grad,21989735936
3,514.519,grad,21991343616
3,515.867,grad,21982686720
3,517.228,grad,21936483840
3,518.472,grad,21931961856
3,520.202,grad,21803709952
3,521.45,grad,21796822528
3,523.387,grad,21767740416
3,525.006,grad,21767739904
3,526.312,grad,21786024448
3,527.577,grad,21762710016
3,528.862,grad,21770230272
3,530.785,grad,21763940864
3,532.059,grad,21753383424
3,533.337,grad,21709605376
3,534.588,grad,21673691648
3,535.854,grad,21629323776
3,537.265,grad,21575782912
3,538.557,grad,21569354240
3,540.312,grad,21539812864
3,541.89,grad,21539812864
3,543.133,grad,21558621696
3,544.664,grad,21534930432
3,546.388,grad,21536013824
3,547.64,grad,21605475840
3,548.972,grad,21481678336
3,550.214,grad,21477156352
3,551.926,grad,21348904448
3,553.167,grad,21357155840
3,554.816,grad,21312934400
3,556.626,grad,21312934400
3,557.968,grad,21331808768
3,559.371,grad,21308051968
3,561.044,grad,21309135360
3,562.283,grad,21378597376
3,563.573,grad,21254799872
3,564.824,grad,21250277888
3,566.602,grad,21122025984
3,567.903,grad,21115597312
3,569.646,grad,21086055936
3,571.213,grad,21086055936
3,572.514,grad,21104930304
3,573.966,grad,21081173504
3,576.038,grad,21082256896
3,577.3,grad,21074058752
3,578.535,grad,20989124096
3,579.789,grad,21100994048
3,581.486,grad,20895147520
3,582.725,grad,20903398912
3,584.329,grad,20859177472
3,585.889,grad,20859177472
3,587.196,grad,20877986304
3,588.734,grad,20854295040
3,590.442,grad,20855378432
3,591.688,grad,20924840448
3,593.023,grad,20801042944
3,594.266,grad,20796520960
3,595.982,grad,20668269056
3,597.272,grad,20661840384
3,598.97,grad,20632299008
3,600.798,grad,20632299008
3,602.121,grad,20651173376
3,603.525,grad,20627416576
3,605.173,grad,20628499968
3,606.416,grad,20620367360
3,607.789,grad,20574164480
3,609.041,grad,20647237120
3,610.743,grad,20441390592
3,612.024,grad,20434961920
3,613.886,grad,20405420544
3,615.435,grad,20405420544
3,616.689,grad,20424229376
3,618.254,grad,20400538112
3,620.138,grad,20401621504
3,621.413,grad,20471083520
3,622.693,grad,20347286016
3,623.971,grad,20303966720
3,625.251,grad,20214512128
3,626.497,grad,20221852160
3,627.76,grad,20200677888
3,629.422,grad,20178542080
3,631.008,grad,20178542080
3,632.313,grad,20197416448
3,633.739,grad,20173659648
3,635.431,grad,20174743040
3,636.696,grad,20166610432
3,638.056,grad,20120407552
3,639.317,grad,20077088256
3,641.13,grad,19987633664
3,642.367,grad,19995885056
3,644.018,grad,19951664128
3,645.824,grad,19951663616
3,647.139,grad,19970537984
3,648.561,grad,19946781184
3,650.253,grad,19947864576
3,651.51,grad,20017326592
3,652.798,grad,19893529088
3,654.053,grad,19889007104
3,655.763,grad,19760820736
3,657.029,grad,19769072128
3,658.645,grad,19724850688
3,660.208,grad,19724850688
3,661.507,grad,19743725056
3,662.946,grad,19719968256
3,664.85,grad,19721051648
3,666.118,grad,19712919040
3,667.481,grad,19666716160
3,668.737,grad,19662194176
3,670.41,grad,19533942272
3,671.659,grad,19542128128
3,673.285,grad,19497972224
3,674.808,grad,19497972224
3,676.064,grad,19516846592
3,677.457,grad,19493089792
3,679.259,grad,19494173184
3,680.517,grad,19524772352
3,681.754,grad,19401040384
3,683.003,grad,19435315712
3,684.6,grad,19307129344
3,685.865,grad,19315380736
3,687.509,grad,19271159808
3,689.616,grad,19271159296
3,690.941,grad,19290033664
3,692.349,grad,19266276864
3,694.029,grad,19267360256
3,695.264,grad,19259227648
3,696.638,grad,19213024768
3,697.94,grad,19208502784
3,699.643,grad,19080250880
3,700.901,grad,19073822208
3,702.534,grad,19044280832
3,704.056,grad,19044280832
3,705.327,grad,19063155200
3,706.739,grad,19039398400
3,708.41,grad,19040481792
3,709.654,grad,19044604416
3,710.996,grad,18986146304
3,712.278,grad,18957507072
3,713.536,grad,18899507712
3,714.981,grad,18860712448
3,716.234,grad,18832198144
3,717.514,grad,18817402368
3,719.064,grad,18817402368
3,720.335,grad,18836276736
3,721.769,grad,18812519936
3,723.431,grad,18813603328
3,724.669,grad,18883065344
3,726.094,grad,18759267840
3,727.347,grad,18677151232
3,729.205,grad,18626493952
3,730.454,grad,18620065280
3,732.176,grad,18590523904
3,733.942,grad,18590523904
3,735.226,grad,18609398272
3,736.642,grad,18585641472
3,738.313,grad,18586724864
3,739.547,grad,18578592256
3,740.948,grad,18532389376
3,742.188,grad,18527867392
3,743.934,grad,18399615488
3,745.175,grad,18407866880
3,746.904,grad,18363645440
3,748.404,grad,18363645440
3,749.673,grad,18382519808
3,751.091,grad,18358763008
3,752.724,grad,18359846400
3,753.96,grad,18363969024
3,755.291,grad,18305510912
3,756.528,grad,18269531648
3,757.724,grad,18211532288
3,759.139,grad,18180077056
3,760.389,grad,18151562752
3,761.652,grad,18137684992
3,763.146,grad,18136766976
3,764.424,grad,18155641344
3,765.827,grad,18131884544
3,767.691,grad,18133950976
3,768.944,grad,18124769792
3,770.206,grad,18078632448
3,771.469,grad,18074110464
3,773.199,grad,17945858560
3,774.451,grad,17954044416
3,776.109,grad,17909888512
3,778.032,grad,17909888512
3,779.337,grad,17928631808
3,781.007,grad,17905006080
3,782.664,grad,17906089472
3,783.945,grad,17897956864
3,785.281,grad,17851753984
3,786.544,grad,17847232000
3,788.299,grad,17719045632
3,789.554,grad,17727231488
3,791.203,grad,17683075584
3,792.76,grad,17683075584
3,794.088,grad,17701949952
3,795.515,grad,17678193152
3,797.623,grad,17679276544
3,798.929,grad,17671078400
3,800.173,grad,17586143744
3,801.426,grad,17620419072
3,803.075,grad,17492232704
3,804.323,grad,17485804032
3,806.04,grad,17456262656
3,807.576,grad,17456262656
3,808.911,grad,17475137024
3,810.299,grad,17451380224
3,811.994,grad,17452463616
3,813.261,grad,17444331008
3,814.512,grad,17398128128
3,815.76,grad,17354808832
3,817.004,grad,17265417728
3,818.329,grad,17272759808
3,819.576,grad,17244245504
3,820.837,grad,17229449728
3,822.582,grad,17229449728
3,823.871,grad,17248324096
3,825.273,grad,17224567296
3,827.072,grad,17225650688
3,828.359,grad,17217518080
3,829.674,grad,17171315200
3,830.938,grad,17166793216
3,832.623,grad,17038606848
3,833.885,grad,17046858240
3,835.492,grad,17002636800
3,836.995,grad,17002636800
3,838.24,grad,17021445632
3,839.784,grad,16997754368
3,841.468,grad,16998837760
3,842.716,grad,17002960384
3,844.092,grad,16944502272
3,845.35,grad,16915863040
3,846.584,grad,16819066368
3,847.967,grad,16819068416
3,849.217,grad,16790554112
3,850.557,grad,16775758848
3,851.966,grad,16775758336
3,853.235,grad,16794632704
3,854.676,grad,16770875904
3,856.348,grad,16771959296
3,857.596,grad,16763826688
3,858.988,grad,16717623808
3,860.24,grad,16713101824
3,861.984,grad,16584849920
3,863.254,grad,16578355712
3,864.809,grad,16548879872
3,866.543,grad,16548879872
3,867.8,grad,16567754240
3,869.303,grad,16543997440
3,870.966,grad,16545080832
3,872.218,grad,16614542848
3,873.508,grad,16490745344
3,874.751,grad,16485174784
3,876.42,grad,16356988416
3,877.677,grad,16343219712
3,879.605,grad,16313678336
3,881.338,grad,16313416192
3,882.683,grad,16332225024
3,884.363,grad,16308533760
3,885.64,grad,16298605056
3,886.948,grad,16298605056
3,888.185,grad,16298605056
3,890.652,grad,16298604544
3,891.937,grad,16298604544
3,893.224,grad,16298604544
3,894.473,grad,16298604544
3,898.039,grad,16298604544
3,899.389,grad,16298604544
3,900.638,grad,16316758016
3,901.934,grad,16339826688
3,903.202,grad,16353654784
3,904.974,grad,16353654784
3,906.296,grad,16353980416
3,907.563,grad,16515620864
3,910.172,grad,16515620864
3,911.434,grad,16515620864
3,913.003,grad,16460086272
3,914.278,grad,16273112064
3,915.599,grad,16135781376
3,921.4,grad,16135781376
3,927.821,grad,16135789568
3,934.187,grad,16135789568
3,940.552,grad,16135789568
3,945.166,grad,16135789568
3,946.467,grad,16143266816
3,948.515,grad,16143395840
3,951.06,grad,16150735872
3,952.468,grad,16160173056
3,953.944,grad,16160173056
3,955.192,grad,16183357440
3,956.977,grad,16189714432
3,958.222,grad,16197058560
3,959.469,grad,16382787584
3,960.79,grad,16305192960
3,963.201,grad,16382853120
3,965.977,grad,16390197248
3,967.301,grad,16399634432
3,968.93,grad,16399634432
3,970.228,grad,16422818816
3,971.962,grad,16429175808
3,973.213,grad,16436519936
3,974.459,grad,16621200384
3,975.838,grad,16582403072
3,978.017,grad,16621265920
3,980.465,grad,16628610048
3,981.721,grad,16638047232
3,983.141,grad,16638047232
3,984.397,grad,16653891584
3,986.387,grad,16667588608
3,987.644,grad,16713730048
3,988.91,grad,16937207808
3,990.198,grad,16820815872
3,992.375,grad,16859678720
3,994.853,grad,16867022848
3,996.181,grad,16876460032
3,997.566,grad,16876460032
3,998.829,grad,16899644416
3,1000.56,grad,16906001408
3,1001.827,grad,16913345536
3,1003.071,grad,17098025984
3,1004.327,grad,17020431360
3,1005.569,grad,17173588992
3,1007.008,grad,17098091520
3,1009.449,grad,17105435648
3,1010.778,grad,17114872832
3,1012.198,grad,17114872832
3,1013.474,grad,17138057216
3,1015.282,grad,17144414208
3,1016.535,grad,17151758336
3,1017.787,grad,17336438784
3,1019.063,grad,17258844160
3,1020.334,grad,17336504320
3,1021.608,grad,17343844352
3,1024.197,grad,17343848448
3,1025.5,grad,17353285632
3,1026.896,grad,17353285632
3,1028.143,grad,17376470016
3,1029.892,grad,17382827008
3,1031.147,grad,17390171136
3,1032.393,grad,17652446208
3,1033.631,grad,17536054272
3,1035.807,grad,17574917120
3,1038.173,grad,17582261248
3,1039.485,grad,17591698432
3,1040.932,grad,17591698432
3,1042.19,grad,17614882816
3,1044.041,grad,17621239808
3,1045.48,grad,17667381248
3,1046.747,grad,17890859008
3,1047.996,grad,17774467072
3,1050.214,grad,17813329920
3,1052.59,grad,17820674048
3,1053.865,grad,17830111232
3,1055.309,grad,17830111232
3,1056.582,grad,17853295616
3,1058.224,grad,17859652608
3,1059.484,grad,17866996736
3,1060.731,grad,18051677184
3,1062.056,grad,18012879872
3,1064.328,grad,18051742720
3,1066.912,grad,18059086848
3,1068.185,grad,18068524032
3,1069.569,grad,18068524032
3,1070.825,grad,18091708416
3,1072.585,grad,18098065408
3,1073.845,grad,18144206848
3,1075.092,grad,18367684608
3,1076.372,grad,18251292672
3,1078.496,grad,18290155520
3,1080.96,grad,18297499648
3,1082.228,grad,18306936832
3,1083.862,grad,18306936832
3,1085.165,grad,18330121216
3,1086.848,grad,18336478208
3,1088.14,grad,18343822336
3,1089.419,grad,18606097408
3,1090.727,grad,18489705472
3,1092.873,grad,18528568320
3,1095.287,grad,18535912448
3,1096.553,grad,18545349632
3,1097.999,grad,18545349632
3,1099.244,grad,18568534016
3,1101.059,grad,18574891008
3,1102.309,grad,18621032448
3,1104.677,grad,18689320960
3,1105.957,grad,18766981120
3,1107.204,grad,18766981120
3,1109.629,grad,18774325248
3,1111.006,grad,18783762432
3,1112.476,grad,18783762432
3,1113.743,grad,18799606784
3,1115.675,grad,18813303808
3,1116.948,grad,18859445248
3,1118.194,grad,19005328384
3,1119.466,grad,18966531072
3,1121.726,grad,19005393920
3,1124.278,grad,19012738048
3,1125.651,grad,19022175232
3,1127.121,grad,19022175232
3,1128.374,grad,19045359616
3,1130.195,grad,19051716608
3,1131.452,grad,19097858048
3,1132.712,grad,19321335808
3,1133.946,grad,19204943872
3,1136.26,grad,19243806720
3,1138.621,grad,19251150848
3,1139.921,grad,19260588032
3,1141.411,grad,19260588032
3,1142.716,grad,19283772416
3,1145.568,grad,19290129408
3,1146.872,grad,19336270848
3,1148.123,grad,19559748608
3,1149.403,grad,19443356672
3,1151.666,grad,19482219520
3,1154.053,grad,19489563648
3,1155.394,grad,19499000832
3,1156.883,grad,19499000832
3,1158.166,grad,19522185216
3,1159.918,grad,19528542208
3,1161.173,grad,19535886336
3,1162.446,grad,19720566784
3,1163.797,grad,19681769472
3,1166.332,grad,19727972352
3,1168.696,grad,19727976448
3,1169.986,grad,19737413632
3,1171.446,grad,19737413632
3,1172.782,grad,19760598016
3,1174.526,grad,19766955008
3,1175.796,grad,19774299136
3,1177.077,grad,19958979584
3,1178.339,grad,19920182272
3,1180.613,grad,19959045120
3,1183.031,grad,19966389248
3,1184.515,grad,19975826432
3,1186.04,grad,19975826432
3,1187.31,grad,19999010816
3,1189.087,grad,20005367808
3,1190.343,grad,20012711936
3,1191.588,grad,20119797760
3,1192.903,grad,20119797760
3,1194.15,grad,20204797952
3,1195.451,grad,20197457920
3,1197.902,grad,20204802048
3,1199.209,grad,20214239232
3,1200.625,grad,20214239232
3,1201.9,grad,20237423616
3,1203.711,grad,20243780608
3,1204.968,grad,20251124736
3,1206.224,grad,20358145024
3,1207.662,grad,20358210560
3,1208.961,grad,20435870720
3,1210.335,grad,20443210752
3,1212.942,grad,20443214848
3,1214.363,grad,20452652032
3,1215.938,grad,20452652032
3,1217.196,grad,20475836416
3,1218.95,grad,20482193408
3,1220.199,grad,20489537536
3,1221.475,grad,20596623360
3,1222.853,grad,20596623360
3,1224.12,grad,20681623552
3,1225.687,grad,20674283520
3,1228.271,grad,20681627648
3,1229.613,grad,20691064832
3,1231.212,grad,20691064832
3,1232.493,grad,20714249216
3,1234.306,grad,20720606208
3,1235.575,grad,20727950336
3,1236.864,grad,20912630784
3,1238.128,grad,20835036160
3,1239.441,grad,20912696320
3,1240.799,grad,20912696320
3,1243.369,grad,20920155136
3,1244.658,grad,20929477632
3,1246.303,grad,20929477632
3,1247.564,grad,20952662016
3,1249.299,grad,20959019008
3,1250.573,grad,20966363136
3,1251.926,grad,21073448960
3,1253.377,grad,21073448960
3,1254.641,grad,21158449152
3,1255.94,grad,21151109120
3,1258.446,grad,21158453248
3,1259.826,grad,21167890432
3,1261.361,grad,21167890432
3,1262.617,grad,21191074816
3,1264.413,grad,21197431808
3,1265.661,grad,21243573248
3,1266.919,grad,21389456384
3,1268.375,grad,21311861760
3,1269.638,grad,21389521920
3,1270.971,grad,21389521920
3,1273.512,grad,21396866048
3,1274.866,grad,21406303232
3,1276.342,grad,21406303232
3,1277.606,grad,21422147584
3,1279.537,grad,21435844608
3,1280.82,grad,21443188736
3,1282.065,grad,21550274560
3,1283.471,grad,21550274560
3,1284.763,grad,21635274752
3,1286.053,grad,21627934720
3,1288.712,grad,21635278848
3,1290.053,grad,21644716032
3,1291.479,grad,21644716032
3,1292.722,grad,21660560384
3,1294.596,grad,21674257408
3,1295.865,grad,21681601536
3,1297.177,grad,21788687360
3,1298.614,grad,21788687360
3,1299.918,grad,21866347520
3,1301.273,grad,21866347520
3,1303.876,grad,21873691648
3,1305.317,grad,21883128832
3,1306.882,grad,21883128832
3,1308.159,grad,21898973184
3,1310.205,grad,21912670208
3,1311.474,grad,21920014336
3,1312.753,grad,22027100160
3,1314.261,grad,22027100160
3,1315.538,grad,22104760320
3,1316.988,grad,22104760320
3,1319.425,grad,22112104448
3,1320.849,grad,22121541632
3,1322.289,grad,22121541632
3,1323.534,grad,22137385984
3,1325.429,grad,22151083008
3,1326.697,grad,22158427136
3,1327.961,grad,22265512960
3,1329.365,grad,22265512960
3,1330.846,grad,22343173120
3,1332.237,grad,22343173120
3,1334.683,grad,22350517248
3,1336.032,grad,22359954432
3,1337.497,grad,22359954432
3,1338.742,grad,22383138816
3,1340.515,grad,22389495808
3,1341.758,grad,22396839936
3,1343.002,grad,22503925760
3,1344.41,grad,22503925760
3,1345.655,grad,22581585920
3,1347.016,grad,22581585920
3,1349.669,grad,22588930048
3,1351.079,grad,22598367232
3,1352.542,grad,22598367232
3,1353.81,grad,22614211584
3,1355.691,grad,22627908608
3,1356.956,grad,22635252736
3,1358.198,grad,22742338560
3,1359.535,grad,22742338560
3,1360.789,grad,22881864704
3,1362.15,grad,22819998720
3,1363.398,grad,23131425792
3,1364.645,grad,23754313728
3,1365.901,grad,23746957824
3,1368.021,grad,23746949632
3,1369.264,grad,23435523072
3,1370.493,grad,23435523072
3,1371.718,grad,23435523072
3,1373.392,grad,23435524608
3,1375.089,grad,22823696384
3,1376.337,grad,22822871040
3,1377.761,grad,22776668160
3,1379.014,grad,22772867072
3,1381.204,grad,22645499904
3,1382.488,grad,22639071232
3,1384.222,grad,22609529856
3,1385.812,grad,22609529856
3,1387.07,grad,22628731904
3,1388.79,grad,22604647424
3,1390.668,grad,22605763584
3,1391.929,grad,22595173376
3,1393.232,grad,22551395328
3,1394.472,grad,22508076032
3,1395.716,grad,22418619392
3,1397.064,grad,22425961472
3,1398.315,grad,22397447168
3,1399.661,grad,22382651392
3,1401.386,grad,22382651392
3,1402.665,grad,22401394688
3,1404.589,grad,22377277440
3,1405.862,grad,22385108992
3,1407.447,grad,22379376640
3,1408.684,grad,22448314368
3,1410.008,grad,22324516864
3,1411.308,grad,22319994880
3,1413.227,grad,22191742976
3,1414.597,grad,22185314304
3,1416.509,grad,22155773440
3,1417.995,grad,22155772928
3,1419.301,grad,22174647296
3,1420.732,grad,22150890496
3,1422.417,grad,22152498176
3,1423.652,grad,22221435904
3,1424.999,grad,22097638400
3,1426.294,grad,22054319104
3,1428.463,grad,21964864512
3,1429.737,grad,21973115904
3,1431.392,grad,21928894464
3,1432.965,grad,21928894464
3,1434.254,grad,21947637760
3,1435.889,grad,21924012032
3,1437.513,grad,21925095424
3,1438.763,grad,21994557440
3,1440.046,grad,21870759936
3,1441.296,grad,21866237952
3,1443.083,grad,21737986048
3,1444.335,grad,21746171904
3,1446.003,grad,21702016000
3,1447.49,grad,21702016000
3,1448.783,grad,21720890368
3,1450.398,grad,21697133568
3,1452.157,grad,21698216960
3,1453.406,grad,21767678976
3,1454.694,grad,21643881472
3,1455.948,grad,21639359488
3,1457.631,grad,21511107584
3,1458.884,grad,21519358976
3,1460.476,grad,21475137536
3,1462.021,grad,21475137536
3,1463.349,grad,21494011904
3,1464.751,grad,21470255104
3,1466.387,grad,21471338496
3,1467.621,grad,21540800512
3,1468.914,grad,21417003008
3,1470.149,grad,21490075648
3,1471.824,grad,21284229120
3,1473.067,grad,21292087296
3,1474.97,grad,21248259072
3,1476.477,grad,21248259072
3,1477.778,grad,21267133440
3,1479.166,grad,21243376640
3,1480.839,grad,21245508608
3,1482.078,grad,21236327424
3,1483.441,grad,21190124544
3,1484.68,grad,21263197184
3,1486.362,grad,21057350656
3,1487.628,grad,21050856448
3,1489.166,grad,21021380608
3,1490.727,grad,21021380608
3,1491.975,grad,21040123904
3,1494.053,grad,21016498176
3,1496.104,grad,21017581568
3,1497.357,grad,21009448960
3,1498.699,grad,20963246080
3,1499.968,grad,20942012416
3,1501.232,grad,20883947520
3,1502.602,grad,20830472192
3,1503.854,grad,20838330368
3,1505.098,grad,20828041216
3,1506.382,grad,20794502144
3,1507.847,grad,20794502144
3,1509.094,grad,20813245440
3,1510.629,grad,20789619712
3,1512.341,grad,20791620608
3,1513.671,grad,20782570496
3,1514.944,grad,20736367616
3,1516.183,grad,20700388352
3,1518.077,grad,20603593728
3,1519.319,grad,20611451904
3,1520.564,grad,20567623680
3,1521.811,grad,20568672256
3,1523.049,grad,20597049344
3,1524.5,grad,20562249728
3,1525.74,grad,20570081280
3,1527.386,grad,20563824640
3,1528.619,grad,20555692032
3,1529.989,grad,20509489152
3,1531.227,grad,20504967168
3,1532.998,grad,20376715264
3,1534.237,grad,20384966656
3,1535.914,grad,20340745216
3,1537.449,grad,20340745216
3,1538.752,grad,20359619584
3,1540.506,grad,20335862784
3,1542.2,grad,20336946176
3,1543.485,grad,20328813568
3,1544.835,grad,20282610688
3,1546.081,grad,20278088704
3,1547.783,grad,20149836800
3,1549.026,grad,20158088192
3,1550.629,grad,20113866752
3,1552.149,grad,20113866752
3,1553.398,grad,20132675584
3,1554.922,grad,20108984320
3,1556.578,grad,20110067712
3,1557.825,grad,20101935104
3,1559.147,grad,20055732224
3,1560.386,grad,20051210240
3,1562.116,grad,19923023872
3,1563.351,grad,19930816512
3,1564.589,grad,19911286784
3,1565.835,grad,19887053824
3,1567.074,grad,19916479488
3,1568.503,grad,19881679872
3,1569.739,grad,19889511424
3,1571.243,grad,19883254784
3,1572.495,grad,19875056640
3,1573.84,grad,19828919296
3,1575.075,grad,19824397312
3,1576.784,grad,19696145408
3,1578.041,grad,19704396800
3,1579.644,grad,19660175360
3,1581.175,grad,19660175360
3,1582.435,grad,19679049728
3,1584.135,grad,19655292928
3,1585.925,grad,19656376320
3,1587.16,grad,19686975488
3,1588.391,grad,19563243520
3,1589.72,grad,19600009216
3,1591.257,grad,19469332480
3,1592.497,grad,19477518336
3,1594.205,grad,19433362944
3,1595.671,grad,19433362432
3,1596.969,grad,19452236800
3,1598.327,grad,19428480000
3,1599.974,grad,19429563392
3,1601.216,grad,19499025408
3,1602.498,grad,19375227904
3,1603.735,grad,19370705920
3,1605.485,grad,19242454016
3,1606.727,grad,19235632128
3,1608.578,grad,19206484480
3,1610.074,grad,19206483968
3,1611.337,grad,19225358336
3,1612.716,grad,19201601536
3,1614.527,grad,19202684928
3,1615.766,grad,19194552320
3,1617.082,grad,19148349440
3,1618.316,grad,19143827456
3,1620.046,grad,19015575552
3,1621.28,grad,19023826944
3,1623.026,grad,18979605504
3,1624.581,grad,18979605504
3,1625.85,grad,18998807552
3,1627.758,grad,18982063104
3,1629.416,grad,18975806464
3,1630.685,grad,19045268480
3,1632.015,grad,18921470976
3,1633.256,grad,18916948992
3,1635.025,grad,18788697088
3,1636.264,grad,18796948480
3,1637.875,grad,18752727040
3,1639.38,grad,18752727040
3,1640.698,grad,18771601408
3,1642.104,grad,18747844608
3,1643.813,grad,18748928000
3,1645.043,grad,18818390016
3,1646.342,grad,18694592512
3,1647.593,grad,18690070528
3,1649.294,grad,18561818624
3,1650.543,grad,18554931200
3,1652.309,grad,18525848576
3,1653.877,grad,18525848576
3,1655.157,grad,18544722944
3,1656.559,grad,18520966144
3,1658.214,grad,18522049536
3,1659.449,grad,18513851392
3,1660.684,grad,18428916736
3,1661.95,grad,18540786688
3,1663.641,grad,18334940160
3,1664.929,grad,18328511488
3,1666.607,grad,18298970112
3,1668.1,grad,18298970112
3,1669.371,grad,18317844480
3,1671.196,grad,18294087680
3,1672.893,grad,18295171072
3,1674.131,grad,18287038464
3,1675.476,grad,18240835584
3,1676.722,grad,18314301440
3,1678.383,grad,18108061696
3,1679.626,grad,18116313088
3,1681.284,grad,18072092160
3,1682.781,grad,18073009152
3,1684.09,grad,18091883520
3,1685.582,grad,18068126720
3,1687.257,grad,18068292608
3,1688.496,grad,18137754624
3,1689.786,grad,18013957120
3,1691.03,grad,18009435136
3,1692.722,grad,17881183232
3,1693.969,grad,17888975872
3,1695.246,grad,17877834752
3,1696.532,grad,17845213184
3,1697.723,grad,17845213184
3,1699.016,grad,17864087552
3,1700.389,grad,17840330752
3,1702.063,grad,17841414144
3,1703.301,grad,17910876160
3,1704.627,grad,17787078656
3,1705.886,grad,17782556672
3,1707.557,grad,17654370304
3,1708.804,grad,17662621696
3,1710.394,grad,17618400256
3,1711.964,grad,17618400256
3,1713.363,grad,17637274624
3,1715.248,grad,17613517824
3,1717.004,grad,17614601216
3,1718.249,grad,17606468608
3,1719.6,grad,17560265728
3,1720.872,grad,17516946432
3,1722.632,grad,17427491840
3,1723.882,grad,17435743232
3,1725.56,grad,17391521792
3,1727.248,grad,17391521792
3,1728.489,grad,17410265088
3,1730.091,grad,17386639360
3,1731.791,grad,17387722752
3,1733.033,grad,17457184768
3,1734.339,grad,17333387264
3,1735.579,grad,17328865280
3,1737.373,grad,17200678912
3,1738.62,grad,17208537088
3,1739.886,grad,17164708864
3,1741.12,grad,17164708864
3,1742.36,grad,17194134528
3,1743.825,grad,17159334912
3,1745.064,grad,17167166464
3,1746.667,grad,17160909824
3,1747.934,grad,17152777216
3,1749.272,grad,17106574336
3,1750.51,grad,17102052352
3,1752.22,grad,16974259200
3,1753.463,grad,16982445056
3,1755.143,grad,16938289152
3,1756.652,grad,16938223616
3,1757.971,grad,16957097984
3,1759.655,grad,16933341184
3,1761.374,grad,16934424576
3,1762.617,grad,17003886592
3,1763.925,grad,16880089088
3,1765.167,grad,16836769792
3,1766.985,grad,16747446272
3,1768.222,grad,16755697664
3,1769.86,grad,16711476224
3,1771.341,grad,16711476224
3,1772.619,grad,16730416128
3,1774.031,grad,16706593792
3,1775.745,grad,16707677184
3,1776.987,grad,16699544576
3,1778.34,grad,16653341696
3,1779.588,grad,16617362432
3,1780.87,grad,16519584768
3,1782.113,grad,16526924800
3,1783.357,grad,16491070464
3,1784.909,grad,16476274688
3,1786.519,grad,16476012544
3,1787.724,grad,16494886912
3,1789.277,grad,16471130112
3,1790.512,grad,16461201408
3,1791.746,grad,16461201408
3,1792.974,grad,16461201408
3,1795.491,grad,16461200896
3,1796.733,grad,16461200896
3,1797.994,grad,16461200896
3,1799.241,grad,16461200896
3,1802.666,grad,16461200896
3,1804.017,grad,16461200896
3,1805.255,grad,16480337408
3,1806.491,grad,16501964288
3,1807.736,grad,16516251136
3,1809.502,grad,16516251136
3,1810.743,grad,16516261376
3,1813.618,grad,16678217216
3,1815.511,grad,16678217216
3,1816.768,grad,16669829120
3,1818.015,grad,16597975552
3,1819.258,grad,16394027520
3,1821.106,grad,16297263616
3,1822.352,grad,16405791232
3,1823.588,grad,16297787904
3,1829.176,grad,16136307200
3,1835.538,grad,16136315392
3,1841.887,grad,16136315392
3,1848.232,grad,16136315392
3,1852.875,grad,16136315392
3,1854.186,grad,16143792640
3,1856.263,grad,16143921664
3,1858.843,grad,16151261696
3,1860.249,grad,16160698880
3,1861.995,grad,16160698880
3,1863.285,grad,16183883264
3,1865.206,grad,16190240256
3,1866.487,grad,16197584384
3,1867.748,grad,16382264832
3,1869.062,grad,16304670208
3,1872.26,grad,16382330368
3,1874.776,grad,16389674496
3,1876.084,grad,16399111680
3,1877.515,grad,16399111680
3,1878.772,grad,16422296064
3,1880.505,grad,16428653056
3,1881.836,grad,16435997184
3,1883.105,grad,16698272256
3,1884.42,grad,16581880320
3,1886.659,grad,16620743168
3,1889.093,grad,16628087296
3,1890.384,grad,16637524480
3,1891.886,grad,16637524480
3,1893.137,grad,16653368832
3,1895.071,grad,16667065856
3,1896.323,grad,16674409984
3,1897.564,grad,16859090432
3,1898.815,grad,16781495808
3,1901.225,grad,16859155968
3,1903.583,grad,16866500096
3,1904.842,grad,16875937280
3,1906.269,grad,16875937280
3,1907.538,grad,16899121664
3,1909.225,grad,16905478656
3,1910.483,grad,16951620096
3,1911.729,grad,17175097856
3,1913.01,grad,17058705920
3,1915.477,grad,17097568768
3,1917.991,grad,17104912896
3,1919.283,grad,17114350080
3,1920.722,grad,17114350080
3,1921.98,grad,17137534464
3,1923.772,grad,17143891456
3,1925.029,grad,17190032896
3,1926.291,grad,17335916032
3,1927.716,grad,17297118720
3,1929.907,grad,17343321600
3,1932.533,grad,17343325696
3,1933.831,grad,17352762880
3,1935.216,grad,17352762880
3,1936.489,grad,17375947264
3,1938.239,grad,17382304256
3,1939.491,grad,17428445696
3,1940.741,grad,17651923456
3,1941.987,grad,17535531520
3,1944.213,grad,17574394368
3,1946.637,grad,17581738496
3,1947.931,grad,17591175680
3,1949.36,grad,17591175680
3,1950.604,grad,17629040128
3,1952.359,grad,17620717056
3,1953.64,grad,17635401216
3,1954.912,grad,17735147008
3,1956.222,grad,17735147008
3,1958.525,grad,17812807168
3,1960.95,grad,17820151296
3,1962.273,grad,17829588480
3,1963.63,grad,17829588480
3,1964.912,grad,17852772864
3,1966.631,grad,17859129856
3,1967.908,grad,17905271296
3,1969.151,grad,18012357120
3,1970.385,grad,18012357120
3,1972.592,grad,18051219968
3,1975.154,grad,18058564096
3,1976.405,grad,18068001280
3,1977.893,grad,18068001280
3,1979.142,grad,18105865728
3,1980.777,grad,18097542656
3,1982.046,grad,18143684096
3,1983.288,grad,18289567232
3,1984.606,grad,18250769920
3,1986.614,grad,18289632768
3,1989.068,grad,18296976896
3,1990.318,grad,18306414080
3,1991.941,grad,18306414080
3,1993.207,grad,18329598464
3,1994.91,grad,18335955456
3,1996.156,grad,18382096896
3,1997.417,grad,18489182720
3,1998.674,grad,18489182720
3,2000.856,grad,18528045568
3,2003.239,grad,18535389696
3,2004.488,grad,18544826880
3,2005.92,grad,18544826880
3,2007.173,grad,18582691328
3,2008.942,grad,18574368256
3,2010.191,grad,18620509696
3,2012.539,grad,18688798208
3,2013.83,grad,18812595712
3,2015.185,grad,18766458368
3,2017.568,grad,18773802496
3,2018.849,grad,18783239680
3,2020.239,grad,18783239680
3,2021.484,grad,18806424064
3,2023.268,grad,18812781056
3,2024.513,grad,18858922496
3,2025.756,grad,19004805632
3,2027.0,grad,18927211008
3,2028.247,grad,19065688576
3,2029.599,grad,19004871168
3,2032.142,grad,19012215296
3,2033.538,grad,19021652480
3,2034.953,grad,19021652480
3,2036.199,grad,19044836864
3,2038.062,grad,19051193856
3,2039.307,grad,19097335296
3,2040.566,grad,19320813056
3,2041.878,grad,19204421120
3,2044.143,grad,19243283968
3,2046.624,grad,19250628096
3,2047.981,grad,19260065280
3,2049.506,grad,19260065280
3,2050.765,grad,19275909632
3,2052.797,grad,19289606656
3,2054.067,grad,19335748096
3,2055.316,grad,19481631232
3,2056.601,grad,19442833920
3,2058.869,grad,19481696768
3,2061.28,grad,19489040896
3,2062.587,grad,19498478080
3,2063.994,grad,19498478080
3,2065.24,grad,19521662464
3,2067.02,grad,19528019456
3,2068.267,grad,19574160896
3,2069.511,grad,19720044032
3,2070.742,grad,19642449408
3,2072.163,grad,19727449600
3,2073.527,grad,19720109568
3,2075.911,grad,19727453696
3,2077.219,grad,19736890880
3,2078.643,grad,19736890880
3,2079.907,grad,19760075264
3,2081.722,grad,19766432256
3,2082.98,grad,19812573696
3,2084.219,grad,20036051456
3,2085.526,grad,19919659520
3,2087.72,grad,19958522368
3,2090.375,grad,19965866496
3,2091.686,grad,19975303680
3,2093.152,grad,19975303680
3,2094.4,grad,19998488064
3,2096.152,grad,20004845056
3,2097.397,grad,20012189184
3,2098.64,grad,20119275008
3,2100.016,grad,20119275008
3,2101.303,grad,20196935168
3,2102.552,grad,20196935168
3,2105.084,grad,20204279296
3,2106.43,grad,20213716480
3,2107.85,grad,20213716480
3,2109.325,grad,20222105600
3,2110.581,grad,20251646464
3,2112.116,grad,20243257856
3,2113.362,grad,20250601984
3,2114.603,grad,20357687808
3,2116.025,grad,20357687808
3,2117.313,grad,20435347968
3,2118.6,grad,20435347968
3,2121.112,grad,20442692096
3,2122.46,grad,20452129280
3,2123.939,grad,20452129280
3,2125.189,grad,20467973632
3,2127.039,grad,20481670656
3,2128.323,grad,20489014784
3,2129.564,grad,20596100608
3,2131.005,grad,20596100608
3,2132.433,grad,20719898112
3,2133.852,grad,20673760768
3,2136.307,grad,20681104896
3,2137.619,grad,20690542080
3,2139.087,grad,20690542080
3,2140.337,grad,20713726464
3,2142.119,grad,20720083456
3,2143.364,grad,20727427584
3,2144.612,grad,20834513408
3,2145.964,grad,20834513408
3,2147.216,grad,20958310912
3,2148.57,grad,20919513600
3,2151.223,grad,20919517696
3,2152.568,grad,20928954880
3,2154.045,grad,20928954880
3,2155.293,grad,20952139264
3,2157.066,grad,20958496256
3,2158.315,grad,20965840384
3,2159.555,grad,21072926208
3,2160.921,grad,21072926208
3,2162.166,grad,21211403776
3,2163.505,grad,21150586368
3,2165.97,grad,21157930496
3,2167.292,grad,21167367680
3,2168.749,grad,21167367680
3,2170.004,grad,21183212032
3,2171.97,grad,21196909056
3,2173.247,grad,21204253184
3,2174.49,grad,21311339008
3,2175.841,grad,21311339008
3,2177.118,grad,21388999168
3,2178.465,grad,21388999168
3,2181.005,grad,21396343296
3,2182.365,grad,21405780480
3,2183.798,grad,21405780480
3,2185.051,grad,21428964864
3,2186.888,grad,21435321856
3,2188.159,grad,21481463296
3,2189.41,grad,21627346432
3,2190.716,grad,21549751808
3,2192.204,grad,21627411968
3,2193.517,grad,21627411968
3,2196.075,grad,21634756096
3,2197.428,grad,21644193280
3,2198.864,grad,21644193280
3,2200.125,grad,21660037632
3,2202.518,grad,21673734656
3,2203.82,grad,21688418816
3,2205.07,grad,21734621696
3,2206.728,grad,21788164608
3,2208.006,grad,21865824768
3,2209.333,grad,21865824768
3,2211.954,grad,21873168896
3,2213.271,grad,21882606080
3,2214.798,grad,21882606080
3,2216.053,grad,21905790464
3,2217.828,grad,21912147456
3,2219.076,grad,21919491584
3,2220.318,grad,22026577408
3,2221.678,grad,22026577408
3,2222.978,grad,22104237568
3,2224.277,grad,22104237568
3,2226.879,grad,22111581696
3,2228.302,grad,22121018880
3,2229.809,grad,22121018880
3,2231.076,grad,22136863232
3,2233.153,grad,22150560256
3,2234.402,grad,22158952960
3,2235.646,grad,22343633408
3,2236.947,grad,22266038784
3,2238.192,grad,22419196416
3,2239.669,grad,22351038976
3,2242.179,grad,22351043072
3,2243.493,grad,22360480256
3,2244.944,grad,22360480256
3,2246.189,grad,22376324608
3,2248.012,grad,22390021632
3,2249.298,grad,22397365760
3,2250.542,grad,22504451584
3,2252.111,grad,22504451584
3,2253.391,grad,22582111744
3,2254.734,grad,22582111744
3,2257.209,grad,22589455872
3,2258.614,grad,22598893056
3,2260.077,grad,22598893056
3,2261.322,grad,22614737408
3,2263.169,grad,22628434432
3,2264.413,grad,22635778560
3,2265.655,grad,22820459008
3,2266.957,grad,22742864384
3,2268.2,grad,22827864576
3,2269.478,grad,22820524544
3,2270.718,grad,23131951616
3,2272.13,grad,23754839552
3,2273.416,grad,23747483648
3,2275.484,grad,23747475456
3,2276.727,grad,23436048896
3,2277.969,grad,23436048896
3,2279.214,grad,23436048896
3,2281.094,grad,23436050432
3,2282.809,grad,22824713728
3,2284.071,grad,22823396864
3,2285.448,grad,22777193984
3,2286.715,grad,22850987520
3,2288.551,grad,22646025728
3,2289.822,grad,22654277120
3,2291.515,grad,22610055680
3,2293.045,grad,22610055680
3,2294.347,grad,22628930048
3,2295.797,grad,22605173248
3,2297.481,grad,22606780928
3,2298.725,grad,22610379264
3,2300.068,grad,22551921152
3,2301.31,grad,22523281920
3,2302.544,grad,22419145216
3,2303.877,grad,22426487296
3,2305.128,grad,22397972992
3,2306.37,grad,22383177216
3,2307.915,grad,22383177216
3,2309.215,grad,22402051584
3,2310.643,grad,22378294784
3,2312.335,grad,22379902464
3,2313.657,grad,22371245568
3,2314.967,grad,22325042688
3,2316.206,grad,22296403456
3,2317.443,grad,22206946816
3,2318.738,grad,22199608832
3,2319.984,grad,22170045952
3,2321.497,grad,22155250688
3,2323.029,grad,22155250176
3,2324.325,grad,22173993472
3,2325.969,grad,22150367744
3,2327.991,grad,22151975424
3,2329.24,grad,22140959232
3,2330.769,grad,22097115648
3,2332.02,grad,22061136384
3,2333.256,grad,21971679744
3,2334.627,grad,21971681792
3,2335.883,grad,21943167488
3,2337.137,grad,21928372224
3,2338.618,grad,21928371712
3,2339.923,grad,21947246080
3,2341.333,grad,21923489280
3,2343.263,grad,21924769280
3,2344.575,grad,21916374528
3,2346.005,grad,21870237184
3,2347.309,grad,21865715200
3,2349.098,grad,21737463296
3,2350.339,grad,21745714688
3,2352.029,grad,21701493760
3,2353.52,grad,21701493248
3,2354.78,grad,21720367616
3,2356.182,grad,21696610816
3,2357.886,grad,21697694208
3,2359.125,grad,21689561600
3,2360.474,grad,21643358720
3,2361.718,grad,21638836736
3,2363.422,grad,21510584832
3,2364.665,grad,21518836224
3,2366.311,grad,21474614784
3,2367.61,grad,21474614784
3,2368.891,grad,21489294848
3,2370.154,grad,21476580864
3,2371.524,grad,21469732352
3,2373.413,grad,21470815744
3,2374.66,grad,21460258304
3,2376.02,grad,21416480256
3,2377.269,grad,21373160960
3,2378.535,grad,21298449920
3,2379.934,grad,21291111936
3,2381.196,grad,21262597632
3,2382.521,grad,21247801856
3,2384.141,grad,21247801856
3,2385.392,grad,21266610688
3,2386.96,grad,21242919424
3,2388.822,grad,21244002816
3,2390.115,grad,21248125440
3,2391.476,grad,21189667328
3,2392.718,grad,21161028096
3,2393.965,grad,21071636992
3,2395.272,grad,21064299008
3,2396.513,grad,21035784704
3,2397.746,grad,21020988928
3,2399.259,grad,21020988928
3,2400.555,grad,21039863296
3,2401.978,grad,21016106496
3,2403.61,grad,21017189888
3,2404.868,grad,21086651904
3,2406.144,grad,20962854400
3,2407.381,grad,20958332416
3,2409.102,grad,20830080512
3,2410.355,grad,20823586304
3,2411.928,grad,20794110464
3,2413.79,grad,20794110464
3,2415.062,grad,20812853760
3,2416.594,grad,20789228032
3,2418.243,grad,20790311424
3,2419.484,grad,20859707904
3,2420.844,grad,20735975936
3,2422.11,grad,20809048576
3,2423.786,grad,20603202048
3,2425.026,grad,20611453440
3,2426.643,grad,20567232000
3,2428.288,grad,20567232000
3,2429.532,grad,20586106368
3,2430.95,grad,20562349568
3,2432.947,grad,20563432960
3,2434.209,grad,20594032128
3,2435.446,grad,20470300160
3,2436.686,grad,20504575488
3,2438.298,grad,20376389120
3,2439.54,grad,20369894912
3,2441.09,grad,20340419072
3,2442.584,grad,20340419072
3,2443.869,grad,20359293440
3,2445.262,grad,20335536640
3,2446.932,grad,20336620032
3,2448.165,grad,20406082048
3,2449.43,grad,20282284544
3,2450.682,grad,20355357184
3,2452.363,grad,20149576192
3,2453.631,grad,20157827584
3,2455.245,grad,20113606144
3,2457.041,grad,20113606144
3,2458.345,grad,20132480512
3,2459.73,grad,20108723712
3,2461.389,grad,20109807104
3,2462.65,grad,20101608960
3,2463.908,grad,20055471616
3,2465.144,grad,20128544256
3,2466.836,grad,19922763264
3,2468.071,grad,19931014656
3,2469.644,grad,19886793216
3,2471.19,grad,19886793216
3,2472.472,grad,19905667584
3,2474.005,grad,19881910784
3,2475.901,grad,19882994176
3,2477.162,grad,19952456192
3,2478.447,grad,19828658688
3,2479.7,grad,19824136704
3,2481.56,grad,19695884800
3,2482.899,grad,19689456128
3,2484.663,grad,19659914752
3,2486.33,grad,19659914752
3,2487.661,grad,19679116800
3,2489.498,grad,19655032320
3,2491.327,grad,19656115712
3,2492.604,grad,19645558272
3,2494.007,grad,19601780224
3,2495.262,grad,19565866496
3,2496.507,grad,19529821696
3,2497.737,grad,19469006336
3,2499.025,grad,19462577664
3,2500.798,grad,19433036288
3,2502.688,grad,19433036288
3,2503.969,grad,19451845120
3,2505.495,grad,19428153856
3,2507.181,grad,19429237248
3,2508.424,grad,19498699264
3,2509.761,grad,19374901760
3,2511.026,grad,19370379776
3,2512.742,grad,19242193408
3,2514.016,grad,19235305984
3,2515.882,grad,19206223360
3,2517.381,grad,19206223360
3,2518.658,grad,19225097728
3,2520.089,grad,19201340928
3,2522.056,grad,19202424320
3,2523.332,grad,19271886336
3,2524.642,grad,19148088832
3,2525.905,grad,19143566848
3,2527.145,grad,19029992960
3,2528.561,grad,19022654976
3,2529.829,grad,18994140672
3,2531.097,grad,18979344896
3,2532.606,grad,18979344896
3,2533.914,grad,18998219264
3,2535.339,grad,18974462464
3,2537.03,grad,18975545856
3,2538.265,grad,19045007872
3,2539.561,grad,18921210368
3,2540.821,grad,18916688384
3,2542.534,grad,18788502016
3,2543.762,grad,18782073344
3,2545.675,grad,18752532480
3,2547.235,grad,18752531968
3,2548.521,grad,18771406336
3,2549.927,grad,18747649536
3,2551.652,grad,18748732928
3,2552.924,grad,18740600320
3,2554.254,grad,18694397440
3,2555.499,grad,18689875456
3,2557.219,grad,18561623552
3,2558.459,grad,18569874944
3,2560.162,grad,18525654016
3,2561.69,grad,18525653504
3,2563.036,grad,18544527872
3,2564.422,grad,18520771072
3,2566.358,grad,18521854464
3,2567.624,grad,18591316480
3,2568.952,grad,18467518976
3,2570.198,grad,18462996992
3,2571.973,grad,18334745088
3,2573.239,grad,18328316416
3,2574.991,grad,18298775040
3,2576.496,grad,18298775040
3,2577.777,grad,18317649408
3,2579.167,grad,18293892608
3,2580.892,grad,18294976000
3,2582.136,grad,18364438016
3,2583.4,grad,18240640512
3,2584.639,grad,18236118528
3,2586.409,grad,18107932160
3,2587.741,grad,18101437952
3,2589.558,grad,18071962624
3,2591.179,grad,18071962112
3,2592.467,grad,18090836480
3,2593.878,grad,18067079680
3,2595.494,grad,18068163072
3,2596.731,grad,18137625088
3,2598.01,grad,18013827584
3,2599.25,grad,18009305600
3,2601.042,grad,17881119232
3,2602.306,grad,17889370624
3,2603.951,grad,17845149184
3,2605.448,grad,17845149184
3,2606.737,grad,17864023552
3,2608.138,grad,17840266752
3,2610.008,grad,17841350144
3,2611.326,grad,17833217536
3,2612.718,grad,17787014656
3,2613.985,grad,17712238080
3,2615.874,grad,17654306304
3,2617.115,grad,17662557696
3,2618.745,grad,17618336256
3,2620.271,grad,17618336256
3,2621.53,grad,17637145088
3,2623.137,grad,17613453824
3,2624.797,grad,17614537216
3,2626.039,grad,17606404608
3,2627.319,grad,17560201728
3,2628.56,grad,17524222464
3,2629.812,grad,17434765824
3,2631.189,grad,17434767872
3,2632.442,grad,17406253568
3,2634.189,grad,17391458304
3,2635.62,grad,17391457792
3,2636.935,grad,17410332160
3,2638.33,grad,17386575360
3,2639.988,grad,17387658752
3,2641.264,grad,17379526144
3,2642.629,grad,17333323264
3,2643.891,grad,17328801280
3,2645.593,grad,17200549376
3,2646.844,grad,17194120704
3,2648.479,grad,17164579328
3,2650.003,grad,17164579328
3,2651.244,grad,17183388160
3,2652.793,grad,17159696896
3,2654.449,grad,17160780288
3,2655.688,grad,17164902912
3,2657.04,grad,17106444800
3,2658.277,grad,17070465536
3,2659.512,grad,16981074432
3,2660.886,grad,16981076480
3,2662.161,grad,16952562176
3,2663.525,grad,16937766912
3,2664.922,grad,16937766400
3,2666.219,grad,16956640768
3,2667.624,grad,16932883968
3,2669.273,grad,16933967360
3,2670.514,grad,17003429376
3,2671.89,grad,16879631872
3,2673.141,grad,16875109888
3,2674.981,grad,16746857984
3,2676.225,grad,16740429312
3,2677.917,grad,16710887936
3,2679.67,grad,16710887936
3,2680.921,grad,16729762304
3,2682.478,grad,16706005504
3,2684.13,grad,16707088896
3,2685.384,grad,16698956288
3,2686.78,grad,16652753408
3,2688.043,grad,16609434112
3,2689.845,grad,16519979520
3,2691.094,grad,16520890880
3,2692.839,grad,16476669440
3,2694.377,grad,16476407296
3,2695.616,grad,16495674880
3,2697.251,grad,16471524864
3,2698.576,grad,16461596160
3,2699.874,grad,16461596160
3,2701.153,grad,16461596160
3,2703.675,grad,16461595648
3,2704.995,grad,16461595648
3,2706.295,grad,16461595648
3,2707.559,grad,16461595648
3,2711.017,grad,16461595648
3,2712.348,grad,16461595648
3,2713.608,grad,16479749120
3,2714.862,grad,16500392960
3,2716.121,grad,16516645888
3,2717.927,grad,16516645888
3,2719.248,grad,16516971520
3,2720.504,grad,16678611968
3,2721.874,grad,16678611968
3,2723.954,grad,16678611968
3,2725.228,grad,16633851392
3,2726.497,grad,16538798080
3,2727.741,grad,16334456832
3,2729.149,grad,16297789440
3,2730.393,grad,16411297792
3,2731.64,grad,16422602752
3,2732.915,grad,16298313728
3,2738.348,grad,16136833024
3,2744.693,grad,16136841216
3,2751.066,grad,16136841216
3,2757.436,grad,16136841216
3,2761.642,grad,16136841216
3,2762.978,grad,16144318464
3,2765.052,grad,16144447488
3,2767.642,grad,16151787520
3,2769.028,grad,16161224704
3,2770.468,grad,16161224704
3,2771.717,grad,16184409088
3,2773.514,grad,16190766080
3,2774.806,grad,16198110208
3,2776.054,grad,16460385280
3,2777.371,grad,16343993344
3,2779.766,grad,16382856192
3,2782.253,grad,16390200320
3,2783.544,grad,16399637504
3,2784.967,grad,16399637504
3,2786.218,grad,16415481856
3,2788.023,grad,16429178880
3,2789.289,grad,16436523008
3,2790.558,grad,16621203456
3,2791.817,grad,16582406144
3,2794.17,grad,16621268992
3,2796.756,grad,16628613120
3,2798.075,grad,16638050304
3,2799.442,grad,16638050304
3,2800.717,grad,16661234688
3,2802.435,grad,16667591680
3,2803.693,grad,16713733120
3,2804.967,grad,16859616256
3,2806.241,grad,16820818944
3,2808.411,grad,16867021824
3,2810.841,grad,16867025920
3,2812.108,grad,16876463104
3,2813.528,grad,16876463104
3,2814.831,grad,16892307456
3,2816.665,grad,16906004480
3,2817.938,grad,16920688640
3,2819.19,grad,17020434432
3,2820.539,grad,17020434432
3,2822.745,grad,17098094592
3,2825.109,grad,17105438720
3,2826.357,grad,17114875904
3,2827.926,grad,17114875904
3,2829.171,grad,17152740352
3,2830.853,grad,17144417280
3,2832.114,grad,17190558720
3,2834.232,grad,17258847232
3,2836.55,grad,17336507392
3,2838.035,grad,17343851520
3,2840.044,grad,17343851520
3,2841.293,grad,17353288704
3,2842.668,grad,17353288704
3,2843.976,grad,17376473088
3,2845.678,grad,17382830080
3,2846.938,grad,17428971520
3,2848.179,grad,17574854656
3,2849.535,grad,17536057344
3,2851.502,grad,17574920192
3,2853.891,grad,17582264320
3,2855.153,grad,17591701504
3,2856.573,grad,17591701504
3,2858.057,grad,17614885888
3,2859.7,grad,17621242880
3,2860.958,grad,17628587008
3,2862.224,grad,17774470144
3,2863.59,grad,17774470144
3,2865.581,grad,17813332992
3,2868.039,grad,17820677120
3,2869.293,grad,17830114304
3,2870.642,grad,17830114304
3,2871.933,grad,17853298688
3,2873.646,grad,17866995712
3,2874.913,grad,17866999808
3,2876.159,grad,18129274880
3,2877.465,grad,17974085632
3,2879.995,grad,18051745792
3,2882.389,grad,18059089920
3,2883.714,grad,18068527104
3,2885.132,grad,18068527104
3,2886.435,grad,18106391552
3,2888.082,grad,18098068480
3,2889.338,grad,18144209920
3,2891.521,grad,18212498432
3,2893.772,grad,18297498624
3,2896.273,grad,18297502720
3,2897.534,grad,18306939904
3,2898.963,grad,18306939904
3,2900.232,grad,18330124288
3,2901.917,grad,18336481280
3,2903.169,grad,18343825408
3,2904.471,grad,18489708544
3,2905.847,grad,18489708544
3,2907.912,grad,18528571392
3,2910.209,grad,18535915520
3,2911.48,grad,18545352704
3,2912.93,grad,18545352704
3,2914.218,grad,18561197056
3,2916.25,grad,18574894080
3,2917.516,grad,18582238208
3,2918.761,grad,18766918656
3,2919.996,grad,18689324032
3,2921.242,grad,18820461568
3,2922.582,grad,18766984192
3,2924.941,grad,18774328320
3,2926.208,grad,18783765504
3,2927.717,grad,18783765504
3,2928.975,grad,18806949888
3,2930.723,grad,18813306880
3,2931.976,grad,18859448320
3,2933.248,grad,18966534144
3,2934.542,grad,18927736832
3,2936.827,grad,19005396992
3,2939.198,grad,19012741120
3,2940.498,grad,19022178304
3,2941.974,grad,19022178304
3,2943.216,grad,19045362688
3,2944.983,grad,19051719680
3,2946.232,grad,19059063808
3,2947.48,grad,19321338880
3,2948.85,grad,19204946944
3,2951.043,grad,19243809792
3,2953.648,grad,19251153920
3,2954.948,grad,19260591104
3,2956.319,grad,19260591104
3,2957.566,grad,19298455552
3,2959.251,grad,19290132480
3,2960.501,grad,19336273920
3,2961.767,grad,19482157056
3,2962.998,grad,19443359744
3,2964.242,grad,19482222592
3,2965.497,grad,19482222592
3,2967.927,grad,19489566720
3,2969.205,grad,19499003904
3,2970.913,grad,19499003904
3,2972.162,grad,19536868352
3,2973.918,grad,19528545280
3,2975.171,grad,19535889408
3,2976.419,grad,19720569856
3,2977.651,grad,19681772544
3,2979.908,grad,19720635392
3,2982.427,grad,19727979520
3,2983.7,grad,19737416704
3,2985.171,grad,19737416704
3,2986.427,grad,19760601088
3,2988.209,grad,19766958080
3,2989.531,grad,19774302208
3,2990.817,grad,19958982656
3,2992.243,grad,19881388032
3,2994.682,grad,19959048192
3,2997.136,grad,19966392320
3,2998.514,grad,19975829504
3,2999.944,grad,19975829504
3,3001.23,grad,19999013888
3,3002.961,grad,20005370880
3,3004.211,grad,20012715008
3,3005.474,grad,20197395456
3,3006.811,grad,20119800832
3,3009.115,grad,20197460992
3,3011.677,grad,20204805120
3,3013.012,grad,20214242304
3,3014.496,grad,20214242304
3,3015.751,grad,20237426688
3,3017.472,grad,20243783680
3,3018.719,grad,20251127808
3,3019.962,grad,20358213632
3,3021.275,grad,20358213632
3,3022.523,grad,20435873792
3,3023.762,grad,20435873792
3,3026.272,grad,20443217920
3,3027.962,grad,20452655104
3,3029.394,grad,20452655104
3,3030.64,grad,20475839488
3,3032.37,grad,20482196480
3,3033.647,grad,20528337920
3,3034.901,grad,20674221056
3,3036.249,grad,20596626432
3,3037.503,grad,20674286592
3,3038.767,grad,20674286592
3,3041.321,grad,20681630720
3,3042.625,grad,20691067904
3,3044.17,grad,20691067904
3,3045.431,grad,20706912256
3,3047.377,grad,20720609280
3,3048.813,grad,20727953408
3,3050.064,grad,20912633856
3,3051.359,grad,20835039232
3,3052.604,grad,20912699392
3,3053.933,grad,20912699392
3,3056.397,grad,20920043520
3,3057.778,grad,20929480704
3,3059.16,grad,20929480704
3,3060.429,grad,20952665088
3,3062.248,grad,20959022080
3,3063.5,grad,20966366208
3,3064.815,grad,21073452032
3,3066.166,grad,21073452032
3,3067.421,grad,21158452224
3,3069.664,grad,21151112192
3,3072.137,grad,21158456320
3,3073.551,grad,21167893504
3,3075.025,grad,21167893504
3,3076.279,grad,21191077888
3,3078.175,grad,21197434880
3,3079.441,grad,21243576320
3,3080.687,grad,21389459456
3,3081.966,grad,21350662144
3,3084.27,grad,21389524992
3,3086.831,grad,21396869120
3,3088.329,grad,21406306304
3,3089.854,grad,21406306304
3,3091.111,grad,21429490688
3,3092.882,grad,21435847680
3,3094.128,grad,21443191808
3,3095.372,grad,21550277632
3,3096.789,grad,21550277632
3,3098.043,grad,21635277824
3,3099.328,grad,21627937792
3,3101.869,grad,21635281920
3,3103.198,grad,21644719104
3,3104.624,grad,21644719104
3,3105.928,grad,21660563456
3,3107.993,grad,21674260480
3,3109.259,grad,21681604608
3,3110.511,grad,21866285056
3,3111.813,grad,21788690432
3,3113.089,grad,21866350592
3,3114.425,grad,21866350592
3,3117.042,grad,21873694720
3,3118.384,grad,21883131904
3,3119.859,grad,21883131904
3,3121.109,grad,21898976256
3,3122.943,grad,21912673280
3,3124.261,grad,21920017408
3,3125.551,grad,22027037696
3,3127.138,grad,22027103232
3,3128.417,grad,22104763392
3,3129.968,grad,22104763392
3,3132.41,grad,22112107520
3,3133.847,grad,22121544704
3,3135.275,grad,22121544704
3,3136.543,grad,22145777664
3,3138.36,grad,22152134656
3,3139.607,grad,22159478784
3,3140.878,grad,22266564608
3,3142.282,grad,22266564608
3,3143.526,grad,22351564800
3,3144.843,grad,22351564800
3,3147.326,grad,22351568896
3,3148.86,grad,22361006080
3,3150.336,grad,22361006080
3,3151.583,grad,22384190464
3,3153.397,grad,22390547456
3,3154.639,grad,22397891584
3,3155.896,grad,22504977408
3,3157.248,grad,22504977408
3,3158.497,grad,22636114944
3,3159.855,grad,22582637568
3,3162.413,grad,22589981696
3,3163.686,grad,22599418880
3,3165.128,grad,22599418880
3,3166.403,grad,22615263232
3,3168.367,grad,22628960256
3,3169.626,grad,22636304384
3,3170.881,grad,22820984832
3,3172.13,grad,22743390208
3,3173.373,grad,22828390400
3,3174.655,grad,22821050368
3,3175.931,grad,23132477440
3,3177.213,grad,23755365376
3,3178.46,grad,23755349504
3,3180.534,grad,23748001280
3,3181.725,grad,23436574720
3,3182.964,grad,23436574720
3,3184.19,grad,23436574720
3,3186.06,grad,23436576256
3,3187.676,grad,22824748032
3,3188.952,grad,22824807424
3,3190.34,grad,22778604544
3,3191.586,grad,22851677184
3,3193.294,grad,22645830656
3,3194.532,grad,22654082048
3,3196.219,grad,22609860608
3,3198.026,grad,22609860608
3,3199.374,grad,22628734976
3,3200.814,grad,22604978176
3,3202.463,grad,22606585856
3,3203.7,grad,22597863424
3,3204.981,grad,22551726080
3,3206.221,grad,22624798720
3,3207.9,grad,22418952192
3,3209.139,grad,22427138048
3,3210.758,grad,22382982144
3,3212.269,grad,22382982144
3,3213.518,grad,22401725440
3,3215.234,grad,22378099712
3,3216.915,grad,22379707392
3,3218.163,grad,22448645120
3,3219.465,grad,22324847616
3,3220.73,grad,22288868352
3,3221.969,grad,22199411712
3,3223.278,grad,22199413760
3,3224.515,grad,22170899456
3,3225.784,grad,22155055616
3,3227.511,grad,22155055104
3,3228.84,grad,22174978048
3,3230.234,grad,22150172672
3,3231.897,grad,22151780352
3,3233.137,grad,22220718080
3,3234.422,grad,22096920576
3,3235.661,grad,22169993216
3,3237.366,grad,21964146688
3,3238.612,grad,21972332544
3,3240.303,grad,21928177152
3,3242.047,grad,21928176640
3,3243.362,grad,21947051008
3,3244.748,grad,21923294208
3,3246.407,grad,21924377600
3,3247.658,grad,21993839616
3,3248.981,grad,21870042112
3,3250.222,grad,21865520128
3,3251.921,grad,21737268224
3,3253.158,grad,21745454080
3,3254.775,grad,21701298176
3,3256.279,grad,21701298176
3,3257.561,grad,21720500224
3,3259.119,grad,21696415744
3,3260.777,grad,21697499136
3,3262.016,grad,21766961152
3,3263.531,grad,21643163648
3,3264.807,grad,21638641664
3,3266.516,grad,21510389760
3,3267.738,grad,21518641152
3,3269.355,grad,21474419712
3,3270.868,grad,21474419712
3,3272.144,grad,21493294080
3,3273.53,grad,21469537280
3,3275.301,grad,21470620672
3,3276.537,grad,21540082688
3,3277.867,grad,21416285184
3,3279.118,grad,21411763200
3,3280.875,grad,21283511296
3,3282.151,grad,21277017088
3,3283.689,grad,21247541248
3,3285.202,grad,21247541248
3,3286.47,grad,21265760256
3,3288.186,grad,21242658816
3,3289.83,grad,21243742208
3,3291.087,grad,21313204224
3,3292.394,grad,21189406720
3,3293.654,grad,21262479360
3,3295.339,grad,21056632832
3,3296.585,grad,21064884224
3,3298.26,grad,21020662784
3,3299.797,grad,21020662784
3,3301.094,grad,21039537152
3,3302.48,grad,21015780352
3,3304.143,grad,21016863744
3,3305.379,grad,21086325760
3,3306.669,grad,20962528256
3,3307.959,grad,20958006272
3,3310.002,grad,20829754368
3,3311.28,grad,20823325696
3,3313.032,grad,20793784320
3,3314.927,grad,20793784320
3,3316.23,grad,20812658688
3,3317.62,grad,20788901888
3,3319.283,grad,20789985280
3,3320.522,grad,20781852672
3,3321.871,grad,20735649792
3,3323.114,grad,20808722432
3,3324.791,grad,20602875904
3,3326.037,grad,20596447232
3,3327.276,grad,20566905856
3,3328.524,grad,20566905856
3,3329.745,grad,20566905856
3,3330.99,grad,20585845760
3,3333.001,grad,20562023424
3,3334.653,grad,20563106816
3,3335.909,grad,20554974208
3,3337.217,grad,20508771328
3,3338.471,grad,20504249344
3,3340.176,grad,20375997440
3,3341.416,grad,20384183296
3,3343.064,grad,20340027392
3,3344.563,grad,20340027392
3,3345.85,grad,20358901760
3,3347.24,grad,20335144960
3,3348.92,grad,20336228352
3,3350.166,grad,20405690368
3,3351.467,grad,20281892864
3,3352.716,grad,20354965504
3,3354.367,grad,20149118976
3,3355.608,grad,20156977152
3,3356.865,grad,20113148928
3,3358.112,grad,20114197504
3,3359.408,grad,20143033344
3,3360.794,grad,20107774976
3,3362.038,grad,20115639296
3,3363.506,grad,20109349888
3,3364.741,grad,20178811904
3,3366.031,grad,20055014400
3,3367.273,grad,20050492416
3,3368.993,grad,19922240512
3,3370.245,grad,19930491904
3,3371.911,grad,19886270464
3,3373.401,grad,19886270464
3,3374.768,grad,19905144832
3,3376.409,grad,19881388032
3,3378.107,grad,19882471424
3,3379.368,grad,19951933440
3,3380.69,grad,19828135936
3,3381.956,grad,19823613952
3,3383.673,grad,19695362048
3,3384.929,grad,19703613440
3,3386.558,grad,19659392000
3,3388.077,grad,19659392000
3,3389.343,grad,19678266368
3,3390.78,grad,19654509568
3,3392.515,grad,19655592960
3,3393.831,grad,19725054976
3,3395.174,grad,19601257472
3,3396.462,grad,19557938176
3,3398.221,grad,19468549120
3,3399.479,grad,19476407296
3,3400.727,grad,19432579072
3,3401.973,grad,19433627648
3,3403.287,grad,19462463488
3,3404.628,grad,19427205120
3,3405.904,grad,19435036672
3,3407.412,grad,19428780032
3,3408.663,grad,19498176512
3,3409.976,grad,19374444544
3,3411.232,grad,19369922560
3,3413.007,grad,19241670656
3,3414.257,grad,19234783232
3,3415.526,grad,19205700608
3,3416.725,grad,19205700608
3,3417.979,grad,19220380672
3,3419.234,grad,19224640512
3,3420.97,grad,19200818176
3,3422.69,grad,19201901568
3,3424.022,grad,19193768960
3,3425.422,grad,19147566080
3,3426.674,grad,19080129536
3,3427.94,grad,19022195712
3,3429.369,grad,19022197760
3,3430.621,grad,18993683456
3,3431.883,grad,18978887680
3,3433.369,grad,18978887680
3,3434.609,grad,18997762048
3,3436.054,grad,18974005248
3,3437.7,grad,18975088640
3,3438.969,grad,19044550656
3,3440.255,grad,18920753152
3,3441.513,grad,18916231168
3,3443.224,grad,18787979264
3,3444.475,grad,18795837440
3,3445.733,grad,18752009728
3,3446.994,grad,18752009216
3,3448.242,grad,18781434880
3,3449.646,grad,18746635264
3,3450.904,grad,18754466816
3,3452.416,grad,18748210176
3,3453.663,grad,18817672192
3,3454.967,grad,18693874688
3,3456.202,grad,18689352704
3,3457.909,grad,18561100800
3,3459.164,grad,18554606592
3,3460.768,grad,18525130752
3,3462.271,grad,18525130752
3,3463.544,grad,18544005120
3,3465.206,grad,18520248320
3,3466.886,grad,18521331712
3,3468.127,grad,18590793728
3,3469.424,grad,18466996224
3,3470.67,grad,18462474240
3,3472.376,grad,18334222336
3,3473.615,grad,18327728128
3,3475.33,grad,18298252800
3,3476.872,grad,18298252288
3,3478.157,grad,18317126656
3,3479.562,grad,18293369856
3,3481.271,grad,18294453248
3,3482.512,grad,18363915264
3,3483.81,grad,18240117760
3,3485.048,grad,18235595776
3,3486.769,grad,18107409408
3,3488.041,grad,18100587520
3,3489.953,grad,18071439360
3,3491.461,grad,18071439360
3,3492.769,grad,18090313728
3,3494.17,grad,18066556928
3,3495.829,grad,18068557824
3,3497.071,grad,18059507712
3,3498.386,grad,18013304832
3,3499.637,grad,18008782848
3,3501.381,grad,17880530944
3,3502.624,grad,17888782336
3,3504.273,grad,17844560896
3,3505.809,grad,17844560896
3,3507.105,grad,17863435264
3,3508.751,grad,17839678464
3,3510.452,grad,17840761856
3,3511.717,grad,17832629248
3,3513.068,grad,17786426368
3,3514.341,grad,17750447104
3,3515.609,grad,17699853312
3,3516.866,grad,17661058048
3,3518.117,grad,17647223808
3,3519.867,grad,17617747968
3,3521.594,grad,17617747968
3,3522.923,grad,17636491264
3,3524.627,grad,17612865536
3,3526.59,grad,17613948928
3,3527.844,grad,17617612800
3,3529.577,grad,17559613440
3,3530.956,grad,17523699712
3,3532.218,grad,17480314880
3,3533.525,grad,17426839552
3,3534.868,grad,17434632192
3,3536.116,grad,17424539648
3,3537.455,grad,17390869504
3,3538.717,grad,17405549568
3,3540.007,grad,17409874944
3,3541.418,grad,17385987072
3,3543.115,grad,17387070464
3,3544.349,grad,17378937856
3,3545.671,grad,17332734976
3,3546.938,grad,17328212992
3,3548.631,grad,17200026624
3,3549.912,grad,17208278016
3,3551.534,grad,17164056576
3,3553.07,grad,17164056576
3,3554.361,grad,17182996480
3,3556.02,grad,17159174144
3,3557.691,grad,17160257536
3,3558.951,grad,17152124928
3,3560.305,grad,17105922048
3,3561.561,grad,17062602752
3,3563.383,grad,16973148160
3,3564.629,grad,16966719488
3,3566.358,grad,16937178112
3,3567.912,grad,16937178112
3,3569.202,grad,16956118016
3,3570.628,grad,16932295680
3,3572.301,grad,16933379072
3,3573.535,grad,17002841088
3,3574.836,grad,16879043584
3,3576.079,grad,16811607040
3,3577.915,grad,16746335232
3,3579.191,grad,16739447808
3,3580.474,grad,16710365184
3,3581.724,grad,16711413760
3,3583.039,grad,16740249600
3,3584.428,grad,16704991232
3,3585.669,grad,16712822784
3,3587.216,grad,16706566144
3,3588.461,grad,16776028160
3,3589.766,grad,16652230656
3,3591.027,grad,16648101888
3,3592.718,grad,16519456768
3,3593.962,grad,16505688064
3,3595.642,grad,16476146688
3,3597.202,grad,16475884544
3,3598.472,grad,16494824448
3,3600.274,grad,16471002112
3,3601.567,grad,16461073408
3,3602.815,grad,16461073408
3,3604.049,grad,16461073408
3,3606.807,grad,16461072896
3,3608.076,grad,16461072896
3,3609.755,grad,16461072896
3,3613.88,grad,16461072896
3,3615.239,grad,16461072896
3,3616.496,grad,16479750656
3,3617.743,grad,16501377536
3,3618.986,grad,16515598848
3,3621.206,grad,16516123136
3,3622.465,grad,16516133376
3,3623.752,grad,16678089216
3,3626.082,grad,16678089216
3,3627.825,grad,16678089216
3,3629.373,grad,16622554624
3,3630.627,grad,16424635904
3,3631.899,grad,16298315264
3,3633.135,grad,16331476480
3,3634.379,grad,16447213056
3,3635.614,grad,16379809280
3,3641.715,grad,16136310272
3,3648.073,grad,16136318464
3,3654.413,grad,16136318464
3,3660.752,grad,16136318464
3,3664.741,grad,16136318464
3,3666.013,grad,16143795712
3,3667.868,grad,16143924736
3,3670.333,grad,16151264768
3,3671.659,grad,16160701952
3,3673.144,grad,16160701952
3,3674.414,grad,16183886336
3,3676.259,grad,16190243328
3,3677.517,grad,16197587456
3,3678.761,grad,16382267904
3,3680.005,grad,16343470592
3,3681.262,grad,16443150848
3,3682.766,grad,16389673472
3,3685.143,grad,16389677568
3,3686.405,grad,16399114752
3,3687.81,grad,16399114752
3,3689.077,grad,16422299136
3,3690.82,grad,16428656128
3,3692.087,grad,16436000256
3,3693.339,grad,16620680704
3,3694.58,grad,16581883392
3,3696.883,grad,16620746240
3,3699.398,grad,16628090368
3,3700.671,grad,16637527552
3,3702.102,grad,16637527552
3,3703.355,grad,16660711936
3,3705.107,grad,16667068928
3,3706.354,grad,16713210368
3,3708.524,grad,16781498880
3,3709.776,grad,16919976448
3,3711.135,grad,16859159040
3,3713.619,grad,16866503168
3,3714.946,grad,16875940352
3,3716.45,grad,16875940352
3,3717.717,grad,16899124736
3,3719.452,grad,16905481728
3,3720.731,grad,16920165888
3,3722.01,grad,17019911680
3,3723.329,grad,17019911680
3,3725.612,grad,17097571840
3,3728.096,grad,17104915968
3,3729.4,grad,17114353152
3,3730.87,grad,17114353152
3,3732.142,grad,17152217600
3,3733.787,grad,17143894528
3,3735.044,grad,17190035968
3,3736.289,grad,17335919104
3,3737.529,grad,17297121792
3,3739.623,grad,17335984640
3,3742.179,grad,17343328768
3,3743.438,grad,17352765952
3,3744.872,grad,17352765952
3,3746.15,grad,17390630400
3,3747.721,grad,17382307328
3,3748.973,grad,17389651456
3,3750.221,grad,17651926528
3,3751.5,grad,17535534592
3,3753.718,grad,17574397440
3,3756.051,grad,17581741568
3,3757.299,grad,17591178752
3,3758.852,grad,17591178752
3,3760.132,grad,17614363136
3,3761.843,grad,17620720128
3,3763.098,grad,17666861568
3,3764.338,grad,17812744704
3,3765.653,grad,17773947392
3,3767.577,grad,17812810240
3,3769.945,grad,17820154368
3,3771.22,grad,17829591552
3,3772.599,grad,17829591552
3,3773.873,grad,17852775936
3,3775.562,grad,17859132928
3,3776.821,grad,17905274368
3,3779.998,grad,17973562880
3,3782.308,grad,18051223040
3,3784.679,grad,18058567168
3,3785.954,grad,18068004352
3,3787.356,grad,18068004352
3,3788.61,grad,18105868800
3,3790.337,grad,18097545728
3,3791.589,grad,18143687168
3,3792.851,grad,18289570304
3,3794.208,grad,18250772992
3,3796.246,grad,18289635840
3,3798.838,grad,18296979968
3,3800.088,grad,18306417152
3,3801.491,grad,18306417152
3,3802.745,grad,18329601536
3,3804.485,grad,18335958528
3,3805.735,grad,18382099968
3,3806.979,grad,18605577728
3,3808.213,grad,18489185792
3,3810.35,grad,18528048640
3,3812.84,grad,18535392768
3,3814.159,grad,18544829952
3,3815.602,grad,18544829952
3,3816.93,grad,18560674304
3,3818.796,grad,18581711360
3,3820.048,grad,18620512768
3,3821.327,grad,18727598592
3,3822.698,grad,18727598592
3,3824.73,grad,18766461440
3,3827.246,grad,18773805568
3,3828.52,grad,18783242752
3,3830.047,grad,18783242752
3,3831.341,grad,18806427136
3,3833.013,grad,18812784128
3,3834.289,grad,18858925568
3,3835.578,grad,18966011392
3,3836.897,grad,18927214080
3,3839.245,grad,19004874240
3,3841.695,grad,19012333056
3,3842.994,grad,19021655552
3,3844.436,grad,19021655552
3,3845.719,grad,19059520000
3,3847.469,grad,19051196928
3,3848.721,grad,19097338368
3,3849.968,grad,19243221504
3,3851.231,grad,19204424192
3,3853.384,grad,19243287040
3,3856.01,grad,19250631168
3,3857.285,grad,19260068352
3,3858.67,grad,19260068352
3,3859.933,grad,19283252736
3,3861.657,grad,19289609728
3,3862.964,grad,19296953856
3,3864.215,grad,19559228928
3,3865.519,grad,19442836992
3,3867.778,grad,19489039872
3,3870.119,grad,19489043968
3,3871.457,grad,19498481152
3,3872.874,grad,19498481152
3,3874.191,grad,19514325504
3,3876.083,grad,19528022528
3,3877.34,grad,19574163968
3,3878.588,grad,19720047104
3,3879.959,grad,19681249792
3,3882.004,grad,19720112640
3,3884.433,grad,19727456768
3,3885.687,grad,19736893952
3,3887.117,grad,19736893952
3,3888.368,grad,19760078336
3,3890.103,grad,19766435328
3,3891.352,grad,19773779456
3,3892.643,grad,20036054528
3,3894.027,grad,19880865280
3,3895.283,grad,19958525440
3,3896.623,grad,19965869568
3,3898.921,grad,19965869568
3,3900.167,grad,19975306752
3,3901.558,grad,19975306752
3,3902.842,grad,19998491136
3,3904.5,grad,20004848128
3,3905.772,grad,20050989568
3,3907.042,grad,20158075392
3,3908.386,grad,20158075392
3,3910.375,grad,20196938240
3,3913.017,grad,20204397056
3,3914.347,grad,20213719552
3,3915.826,grad,20213719552
3,3917.087,grad,20236903936
3,3918.724,grad,20243260928
3,3919.976,grad,20250605056
3,3921.224,grad,20512880128
3,3922.522,grad,20396488192
3,3924.72,grad,20435351040
3,3927.191,grad,20442695168
3,3928.456,grad,20452132352
3,3929.915,grad,20452132352
3,3931.216,grad,20467976704
3,3933.113,grad,20481673728
3,3934.372,grad,20527815168
3,3936.479,grad,20596103680
3,3938.786,grad,20673763840
3,3941.139,grad,20681107968
3,3942.395,grad,20690545152
3,3943.743,grad,20690545152
3,3945.031,grad,20728409600
3,3946.654,grad,20720086528
3,3947.918,grad,20766227968
3,3950.195,grad,20834516480
3,3952.435,grad,20912176640
3,3954.898,grad,20919520768
3,3956.206,grad,20928957952
3,3957.572,grad,20928957952
3,3958.837,grad,20966822400
3,3960.439,grad,20958499328
3,3961.683,grad,21004640768
3,3963.799,grad,21072929280
3,3966.098,grad,21150589440
3,3968.593,grad,21157933568
3,3969.868,grad,21167370752
3,3971.191,grad,21167370752
3,3972.472,grad,21205235200
3,3974.059,grad,21196912128
3,3975.309,grad,21243053568
3,3977.433,grad,21311342080
3,3979.624,grad,21389002240
3,3981.97,grad,21396346368
3,3983.25,grad,21405783552
3,3984.541,grad,21405783552
3,3985.848,grad,21421627904
3,3987.634,grad,21435324928
3,3988.904,grad,21481466368
3,3991.044,grad,21549754880
3,3993.251,grad,21627415040
3,3995.592,grad,21634759168
3,3996.859,grad,21644196352
3,3998.193,grad,21644196352
3,3999.442,grad,21682060800
3,4001.053,grad,21673737728
3,4002.3,grad,21719879168
3,4005.366,grad,21788167680
3,4007.57,grad,21865827840
3,4009.924,grad,21873171968
3,4011.189,grad,21882609152
3,4012.538,grad,21882609152
3,4013.884,grad,21905793536
3,4015.627,grad,21912150528
3,4016.938,grad,21919494656
3,4018.188,grad,22104175104
3,4019.443,grad,22065377792
3,4020.689,grad,22111580672
3,4021.949,grad,22104240640
3,4024.5,grad,22111584768
3,4025.89,grad,22121021952
3,4027.292,grad,22121021952
3,4028.538,grad,22144206336
3,4030.297,grad,22150563328
3,4031.541,grad,22158956032
3,4032.737,grad,22266041856
3,4034.083,grad,22266041856
3,4035.342,grad,22343702016
3,4036.618,grad,22343702016
3,4039.039,grad,22351046144
3,4040.372,grad,22360483328
3,4041.824,grad,22360483328
3,4043.078,grad,22376327680
3,4045.092,grad,22390024704
3,4046.341,grad,22397368832
3,4047.584,grad,22582049280
3,4048.841,grad,22504454656
3,4050.101,grad,22582114816
3,4051.339,grad,22582114816
3,4053.808,grad,22589458944
3,4055.123,grad,22598896128
3,4056.52,grad,22598896128
3,4057.759,grad,22614740480
3,4059.634,grad,22628437504
3,4060.899,grad,22674578944
3,4062.138,grad,22820462080
3,4063.485,grad,22742867456
3,4064.755,grad,22866664960
3,4066.122,grad,22820527616
3,4067.392,grad,23131954688
3,4068.64,grad,23754846720
3,4071.627,grad,23747478528
3,4072.891,grad,23436051968
3,4074.15,grad,23436051968
3,4075.392,grad,23436051968
3,4076.925,grad,23436053504
3,4078.545,grad,22824716800
3,4079.791,grad,22823399936
3,4081.172,grad,22777197056
3,4082.416,grad,22773395968
3,4084.152,grad,22646028800
3,4085.407,grad,22639141376
3,4087.209,grad,22610058752
3,4088.718,grad,22610058752
3,4090.026,grad,22628933120
3,4091.724,grad,22605176320
3,4093.408,grad,22606784000
3,4094.659,grad,22675721728
3,4095.977,grad,22551924224
3,4097.217,grad,22624996864
3,4098.89,grad,22419150336
3,4100.135,grad,22427336192
3,4101.806,grad,22383180288
3,4103.314,grad,22383180288
3,4104.569,grad,22402054656
3,4106.024,grad,22378297856
3,4107.663,grad,22379905536
3,4108.915,grad,22448843264
3,4110.446,grad,22325045760
3,4111.722,grad,22320523776
3,4113.439,grad,22192271872
3,4114.728,grad,22199081472
3,4116.007,grad,22162708992
3,4117.251,grad,22155253248
3,4118.502,grad,22184678912
3,4119.942,grad,22149879296
3,4121.213,grad,22157710848
3,4122.759,grad,22151978496
3,4124.012,grad,22220916224
3,4125.332,grad,22097118720
3,4126.575,grad,22092596736
3,4127.821,grad,22010480128
3,4129.181,grad,21971684864
3,4130.448,grad,21943170560
3,4131.782,grad,21928374784
3,4133.358,grad,21928374784
3,4134.937,grad,21947314688
3,4136.377,grad,21923492352
3,4138.06,grad,21924772352
3,4139.302,grad,21994037760
3,4140.6,grad,21870240256
3,4141.85,grad,21865718272
3,4143.538,grad,21737466368
3,4144.829,grad,21745717760
3,4146.528,grad,21701496832
3,4148.025,grad,21701496320
3,4149.26,grad,21720436224
3,4150.626,grad,21696613888
3,4152.283,grad,21697697280
3,4153.517,grad,21767159296
3,4155.077,grad,21643361792
3,4156.351,grad,21638839808
3,4158.058,grad,21510587904
3,4159.301,grad,21518773760
3,4160.925,grad,21474617856
3,4162.416,grad,21474617856
3,4163.673,grad,21476715008
3,4165.095,grad,21469735424
3,4166.758,grad,21470818816
3,4167.999,grad,21540280832
3,4169.282,grad,21416483328
3,4170.526,grad,21489555968
3,4172.211,grad,21283774976
3,4173.445,grad,21292026368
3,4175.059,grad,21247804928
3,4176.652,grad,21247804928
3,4177.906,grad,21266220544
3,4179.645,grad,21242922496
3,4181.326,grad,21244005888
3,4182.565,grad,21313467904
3,4183.868,grad,21189670400
3,4185.137,grad,21185148416
3,4186.857,grad,21056962048
3,4188.111,grad,21065213440
3,4189.764,grad,21020992000
3,4191.254,grad,21020992000
3,4192.501,grad,21039931904
3,4193.869,grad,21016109568
3,4195.63,grad,21017192960
3,4196.902,grad,21047792128
3,4198.32,grad,20962857472
3,4199.579,grad,21035930112
3,4201.283,grad,20830083584
3,4202.529,grad,20838334976
3,4203.77,grad,20818346496
3,4205.07,grad,20794113536
3,4206.349,grad,20823473664
3,4207.833,grad,20788739584
3,4209.075,grad,20796571136
3,4210.608,grad,20790314496
3,4211.872,grad,20782181888
3,4213.179,grad,20735979008
3,4214.436,grad,20661202432
3,4216.34,grad,20603205120
3,4217.592,grad,20611456512
3,4219.223,grad,20567235072
3,4220.745,grad,20567235072
3,4221.988,grad,20585454080
3,4223.66,grad,20562352640
3,4225.311,grad,20563436032
3,4226.582,grad,20632898048
3,4227.827,grad,20509100544
3,4229.086,grad,20473121280
3,4230.975,grad,20376392192
3,4232.213,grad,20384578048
3,4233.854,grad,20340422144
3,4235.416,grad,20340422144
3,4236.712,grad,20359296512
3,4238.136,grad,20335539712
3,4239.825,grad,20336623104
3,4241.063,grad,20328490496
3,4242.393,grad,20282287616
3,4243.636,grad,20277765632
3,4245.619,grad,20149579264
3,4246.918,grad,20157830656
3,4248.533,grad,20113609216
3,4250.051,grad,20113609216
3,4251.351,grad,20132483584
3,4252.812,grad,20108726784
3,4254.493,grad,20109810176
3,4255.769,grad,20101677568
3,4257.118,grad,20055474688
3,4258.366,grad,20050952704
3,4260.07,grad,19922766336
3,4261.306,grad,19931017728
3,4262.993,grad,19886796288
3,4264.563,grad,19886796288
3,4265.905,grad,19905670656
3,4267.914,grad,19881913856
3,4269.595,grad,19882997248
3,4270.843,grad,19874864640
3,4272.175,grad,19828661760
3,4273.431,grad,19785342464
3,4275.219,grad,19695887872
3,4276.51,grad,19689459200
3,4278.234,grad,19659918336
3,4279.723,grad,19659917824
3,4280.983,grad,19678726656
3,4282.454,grad,19655035392
3,4284.181,grad,19656118784
3,4285.422,grad,19725580800
3,4286.739,grad,19601783296
3,4287.992,grad,19597261312
3,4289.694,grad,19469009408
3,4290.949,grad,19476802048
3,4292.219,grad,19448883712
3,4293.473,grad,19433039360
3,4294.717,grad,19447719424
3,4295.964,grad,19451979264
3,4297.403,grad,19428156928
3,4299.082,grad,19429240320
3,4300.352,grad,19498702336
3,4301.68,grad,19374904832
3,4302.938,grad,19331585536
3,4304.779,grad,19242196480
3,4306.029,grad,19250447872
3,4307.695,grad,19206226432
3,4309.263,grad,19206226432
3,4310.575,grad,19225035264
3,4312.416,grad,19201344000
3,4314.502,grad,19202427392
3,4315.846,grad,19194294784
3,4317.224,grad,19148091904
3,4318.469,grad,19143569920
3,4320.184,grad,19015318016
3,4321.434,grad,19008889344
3,4323.2,grad,18979347968
3,4324.722,grad,18979347968
3,4325.984,grad,18998156800
3,4327.878,grad,18974465536
3,4329.723,grad,18975548928
3,4330.989,grad,18967350784
3,4332.239,grad,18882416128
3,4333.495,grad,18916691456
3,4335.208,grad,18788505088
3,4336.482,grad,18796363264
3,4337.736,grad,18752535552
3,4338.986,grad,18753583616
3,4340.349,grad,18782419456
3,4341.745,grad,18754501120
3,4342.997,grad,18754992640
3,4344.532,grad,18748736000
3,4345.785,grad,18740603392
3,4347.26,grad,18694400512
3,4348.516,grad,18651081216
3,4350.303,grad,18561626624
3,4351.58,grad,18569878016
3,4353.302,grad,18525657088
3,4354.81,grad,18525656576
3,4356.114,grad,18544530944
3,4357.794,grad,18520774144
3,4359.466,grad,18521857536
3,4360.719,grad,18513724928
3,4362.068,grad,18467522048
3,4363.309,grad,18463000064
3,4365.043,grad,18334748160
3,4366.301,grad,18342999552
3,4367.976,grad,18298778624
3,4369.473,grad,18298778112
3,4370.749,grad,18317652480
3,4372.149,grad,18293895680
3,4373.836,grad,18294979072
3,4375.074,grad,18286846464
3,4376.478,grad,18240643584
3,4377.743,grad,18236121600
3,4379.646,grad,18107935232
3,4380.998,grad,18115727872
3,4382.263,grad,18088858112
3,4383.513,grad,18071965184
3,4384.801,grad,18101390848
3,4386.249,grad,18066591232
3,4387.511,grad,18074455552
3,4389.021,grad,18068166144
3,4390.265,grad,18137628160
3,4391.564,grad,18013830656
3,4392.82,grad,17970511360
3,4394.58,grad,17881122304
3,4395.842,grad,17889373696
3,4397.509,grad,17845152256
3,4399.046,grad,17845152256
3,4400.322,grad,17864026624
3,4402.04,grad,17840269824
3,4403.794,grad,17841353216
3,4405.049,grad,17833220608
3,4406.395,grad,17787017728
3,4407.653,grad,17782495744
3,4409.39,grad,17654309376
3,4410.644,grad,17662560768
3,4412.303,grad,17618339328
3,4413.979,grad,17618339328
3,4415.288,grad,17637213696
3,4416.744,grad,17613456896
3,4418.402,grad,17614540288
3,4419.645,grad,17606407680
3,4421.05,grad,17560204800
3,4422.296,grad,17555682816
3,4424.036,grad,17427430912
3,4425.276,grad,17435289088
3,4426.524,grad,17399965184
3,4427.859,grad,17391460864
3,4429.111,grad,17406140928
3,4430.352,grad,17410335232
3,4431.77,grad,17386578432
3,4433.428,grad,17387661824
3,4434.659,grad,17379529216
3,4436.021,grad,17333326336
3,4437.284,grad,17328804352
3,4439.024,grad,17200552448
3,4440.264,grad,17208803840
3,4441.93,grad,17164582400
3,4443.456,grad,17164582400
3,4444.744,grad,17183456768
3,4446.445,grad,17159699968
3,4448.115,grad,17160783360
3,4449.358,grad,17152650752
3,4450.687,grad,17106447872
3,4451.941,grad,17101925888
3,4453.645,grad,16973739520
3,4454.904,grad,16967310848
3,4456.648,grad,16937769984
3,4458.184,grad,16937769472
3,4459.45,grad,16956643840
3,4460.859,grad,16932887040
3,4462.499,grad,16933970432
3,4463.733,grad,16925837824
3,4465.071,grad,16879634944
3,4466.309,grad,16875112960
3,4468.253,grad,16746861056
3,4469.591,grad,16754653696
3,4470.858,grad,16743512576
3,4472.168,grad,16710891008
3,4473.415,grad,16725571072
3,4474.657,grad,16729896448
3,4476.129,grad,16706008576
3,4478.033,grad,16707091968
3,4479.388,grad,16698959360
3,4480.637,grad,16652756480
3,4481.914,grad,16624117248
3,4483.153,grad,16566117888
3,4484.537,grad,16527322624
3,4485.789,grad,16491468288
3,4487.034,grad,16476672512
3,4488.598,grad,16476410368
3,4489.869,grad,16495350272
3,4491.541,grad,16471527936
3,4492.82,grad,16461599232
3,4494.063,grad,16461599232
3,4495.292,grad,16461599232
3,4498.302,grad,16461598720
3,4499.823,grad,16461598720
3,4501.194,grad,16461598720
3,4505.267,grad,16461598720
3,4506.622,grad,16461598720
3,4507.917,grad,16480276480
3,4509.167,grad,16502820864
3,4510.409,grad,16516648960
3,4512.112,grad,16516648960
3,4513.379,grad,16516974592
3,4514.752,grad,16678615040
3,4519.198,grad,16678615040
3,4520.462,grad,16621179904
3,4521.719,grad,16413955072
3,4522.968,grad,16297792512
3,4524.222,grad,16341046272
3,4525.467,grad,16455767040
3,4526.725,grad,16373912576
3,4533.072,grad,16136836096
3,4539.438,grad,16136844288
3,4545.796,grad,16136844288
3,4552.181,grad,16136844288
3,4557.171,grad,16136844288
3,4558.508,grad,16144321536
3,4560.563,grad,16144450560
3,4563.083,grad,16151790592
3,4564.454,grad,16161227776
3,4565.891,grad,16161227776
3,4567.148,grad,16184412160
3,4568.934,grad,16190769152
3,4570.312,grad,16198113280
3,4571.583,grad,16305199104
3,4573.053,grad,16305199104
3,4574.312,grad,16458356736
3,4576.123,grad,16382859264
3,4578.838,grad,16390203392
3,4580.31,grad,16399640576
3,4581.973,grad,16399640576
3,4583.227,grad,16415484928
3,4585.468,grad,16429181952
3,4586.798,grad,16436526080
3,4588.055,grad,16621206528
3,4589.383,grad,16543611904
3,4591.69,grad,16621272064
3,4594.156,grad,16628616192
3,4595.438,grad,16638053376
3,4597.135,grad,16638053376
3,4598.402,grad,16661237760
3,4600.111,grad,16667594752
3,4601.407,grad,16674938880
3,4602.652,grad,16859619328
3,4603.935,grad,16820822016
3,4606.217,grad,16859684864
3,4608.575,grad,16867028992
3,4609.864,grad,16876466176
3,4611.236,grad,16876466176
3,4612.515,grad,16899650560
3,4614.291,grad,16913347584
3,4615.649,grad,16952148992
3,4616.979,grad,17175626752
3,4618.495,grad,17059234816
3,4620.83,grad,17098097664
3,4623.235,grad,17105441792
3,4624.498,grad,17114878976
3,4625.95,grad,17114878976
3,4627.253,grad,17138063360
3,4628.939,grad,17144420352
3,4630.202,grad,17151764480
3,4631.463,grad,17414039552
3,4632.736,grad,17297647616
3,4634.901,grad,17336510464
3,4637.452,grad,17343854592
3,4638.836,grad,17353291776
3,4640.216,grad,17353291776
3,4641.471,grad,17376476160
3,4643.267,grad,17382833152
3,4644.514,grad,17428974592
3,4645.754,grad,17574857728
3,4647.123,grad,17536060416
3,4649.128,grad,17582263296
3,4651.435,grad,17582267392
3,4652.712,grad,17591704576
3,4654.157,grad,17591704576
3,4655.405,grad,17614888960
3,4657.215,grad,17621245952
3,4658.491,grad,17628590080
3,4659.744,grad,17890865152
3,4660.993,grad,17774473216
3,4663.196,grad,17813336064
3,4665.543,grad,17820680192
3,4666.81,grad,17830117376
3,4668.148,grad,17830117376
3,4669.428,grad,17867981824
3,4671.065,grad,17859658752
3,4672.316,grad,17905800192
3,4674.507,grad,17974088704
3,4676.877,grad,18051748864
3,4679.298,grad,18059092992
3,4680.569,grad,18068530176
3,4681.931,grad,18068530176
3,4683.181,grad,18106394624
3,4684.783,grad,18098071552
3,4686.035,grad,18144212992
3,4687.297,grad,18251298816
3,4688.659,grad,18251298816
3,4690.665,grad,18297501696
3,4693.047,grad,18297505792
3,4694.436,grad,18306942976
3,4695.895,grad,18306942976
3,4697.146,grad,18344807424
3,4698.82,grad,18336484352
3,4700.109,grad,18343828480
3,4701.382,grad,18528508928
3,4702.637,grad,18489711616
3,4704.883,grad,18528574464
3,4707.306,grad,18535918592
3,4708.553,grad,18545355776
3,4709.997,grad,18545355776
3,4711.262,grad,18568540160
3,4712.947,grad,18574897152
3,4714.965,grad,18582241280
3,4716.28,grad,18728124416
3,4717.74,grad,18728124416
3,4719.788,grad,18774327296
3,4722.118,grad,18774331392
3,4723.376,grad,18783768576
3,4724.716,grad,18783768576
3,4725.968,grad,18821633024
3,4727.544,grad,18813309952
3,4728.825,grad,18859451392
3,4730.969,grad,18927739904
3,4733.303,grad,19005400064
3,4735.654,grad,19012744192
3,4736.921,grad,19022181376
3,4738.243,grad,19022181376
3,4739.491,grad,19060045824
3,4741.108,grad,19051722752
3,4742.356,grad,19097864192
3,4744.512,grad,19166152704
3,4746.776,grad,19251152896
3,4749.086,grad,19251156992
3,4750.459,grad,19260594176
3,4751.865,grad,19260594176
3,4753.142,grad,19298458624
3,4754.654,grad,19290135552
3,4755.916,grad,19297479680
3,4757.185,grad,19443362816
3,4758.511,grad,19443362816
3,4760.528,grad,19482225664
3,4762.957,grad,19489569792
3,4764.213,grad,19499006976
3,4765.584,grad,19499006976
3,4766.869,grad,19522191360
3,4768.767,grad,19528548352
3,4770.037,grad,19574689792
3,4771.296,grad,19681775616
3,4772.573,grad,19681775616
3,4774.752,grad,19720638464
3,4777.197,grad,19727982592
3,4778.443,grad,19737419776
3,4779.969,grad,19737419776
3,4781.232,grad,19775284224
3,4782.85,grad,19766961152
3,4784.096,grad,19774305280
3,4785.369,grad,19920188416
3,4786.725,grad,19920188416
3,4788.947,grad,19959051264
3,4791.52,grad,19966395392
3,4792.811,grad,19975832576
3,4794.196,grad,19975832576
3,4795.445,grad,19999016960
3,4797.191,grad,20005373952
3,4798.439,grad,20012718080
3,4799.684,grad,20274993152
3,4800.965,grad,20119803904
3,4803.151,grad,20197464064
3,4805.558,grad,20204808192
3,4806.976,grad,20214245376
3,4808.464,grad,20214245376
3,4809.754,grad,20252109824
3,4811.342,grad,20243786752
3,4812.6,grad,20251130880
3,4813.896,grad,20513405952
3,4815.281,grad,20397014016
3,4817.35,grad,20435876864
3,4819.772,grad,20443220992
3,4821.045,grad,20452658176
3,4822.46,grad,20452658176
3,4823.718,grad,20475842560
3,4825.566,grad,20482199552
3,4826.848,grad,20528340992
3,4829.075,grad,20596629504
3,4831.337,grad,20674289664
3,4833.689,grad,20681633792
3,4834.956,grad,20691070976
3,4836.312,grad,20691070976
3,4837.554,grad,20714255360
3,4839.308,grad,20720612352
3,4840.56,grad,20766753792
3,4841.841,grad,20873839616
3,4843.182,grad,20873839616
3,4845.309,grad,20912702464
3,4847.772,grad,20920046592
3,4849.058,grad,20929483776
3,4850.48,grad,20929483776
3,4851.764,grad,20952668160
3,4853.508,grad,20959025152
3,4854.761,grad,20966369280
3,4856.018,grad,21228644352
3,4857.273,grad,21112252416
3,4859.443,grad,21151115264
3,4861.893,grad,21158459392
3,4863.285,grad,21167896576
3,4864.687,grad,21167896576
3,4865.974,grad,21191080960
3,4867.609,grad,21197437952
3,4868.861,grad,21204782080
3,4870.106,grad,21389462528
3,4871.471,grad,21350665216
3,4873.494,grad,21389528064
3,4875.836,grad,21396872192
3,4877.124,grad,21406309376
3,4878.533,grad,21406309376
3,4879.906,grad,21429493760
3,4881.826,grad,21435850752
3,4883.09,grad,21481992192
3,4884.343,grad,21627875328
3,4885.581,grad,21589078016
3,4887.667,grad,21627940864
3,4890.085,grad,21635284992
3,4891.36,grad,21644722176
3,4892.698,grad,21644722176
3,4893.96,grad,21682586624
3,4895.578,grad,21674263552
3,4896.828,grad,21681607680
3,4898.087,grad,21827490816
3,4899.418,grad,21827490816
3,4901.592,grad,21866353664
3,4903.977,grad,21873697792
3,4905.229,grad,21883134976
3,4906.648,grad,21883134976
3,4907.913,grad,21920999424
3,4909.525,grad,21912676352
3,4910.77,grad,21958817792
3,4912.965,grad,22027106304
3,4915.301,grad,22112106496
3,4917.783,grad,22112110592
3,4919.205,grad,22121547776
3,4920.646,grad,22121547776
3,4921.978,grad,22145780736
3,4923.586,grad,22152137728
3,4924.839,grad,22159481856
3,4926.082,grad,22344162304
3,4927.429,grad,22305364992
3,4929.752,grad,22344227840
3,4932.21,grad,22351571968
3,4933.615,grad,22361009152
3,4935.041,grad,22361009152
3,4936.29,grad,22384193536
3,4939.006,grad,22390550528
3,4940.258,grad,22397894656
3,4941.516,grad,22504980480
3,4942.854,grad,22504980480
3,4944.14,grad,22589980672
3,4945.548,grad,22589980672
3,4948.008,grad,22589984768
3,4949.403,grad,22599421952
3,4950.828,grad,22599421952
3,4952.091,grad,22615266304
3,4954.067,grad,22628963328
3,4955.32,grad,22675104768
3,4956.585,grad,22820987904
3,4957.852,grad,22743393280
3,4959.118,grad,22821053440
3,4960.672,grad,22828393472
3,4961.981,grad,23132480512
3,4963.236,grad,23755372544
3,4966.331,grad,23748004352
3,4967.583,grad,23436577792
3,4968.825,grad,23436577792
3,4970.058,grad,23436577792
3,4971.879,grad,23436579328
3,4973.56,grad,22824751104
3,4974.828,grad,22824810496
3,4976.219,grad,22778607616
3,4977.461,grad,22742628352
3,4978.694,grad,22691969024
3,4980.158,grad,22645833728
3,4981.408,grad,22654085120
3,4983.123,grad,22609863680
3,4984.666,grad,22609863680
3,4985.983,grad,22628738048
3,4987.438,grad,22604981248
3,4988.678,grad,22602392576
3,4989.991,grad,22606588928
3,4991.854,grad,22551729152
3,4993.105,grad,22515749888
3,4994.96,grad,22418955264
3,4996.222,grad,22412461056
3,4997.902,grad,22382985216
3,4999.471,grad,22382985216
3,5000.788,grad,22401859584
3,5002.205,grad,22378102784
3,5003.887,grad,22379710464
3,5005.126,grad,22448648192
3,5006.417,grad,22324850688
3,5007.681,grad,22281531392
3,5009.556,grad,22192076800
3,5011.067,grad,22185648128
3,5012.813,grad,22155058176
3,5014.305,grad,22155058176
3,5015.578,grad,22174981120
3,5017.046,grad,22150175744
3,5018.82,grad,22151783424
3,5020.067,grad,22220721152
3,5021.393,grad,22096923648
3,5022.652,grad,22092401664
3,5024.278,grad,21964149760
3,5025.527,grad,21972335616
3,5027.173,grad,21928179712
3,5028.808,grad,21928179712
3,5030.08,grad,21946923008
3,5031.94,grad,21923297280
3,5033.607,grad,21924380672
3,5034.866,grad,21993842688
3,5036.159,grad,21870045184
3,5037.403,grad,21865523200
3,5039.189,grad,21737271296
3,5040.438,grad,21745522688
3,5042.104,grad,21701301248
3,5043.641,grad,21701301248
3,5044.929,grad,21720175616
3,5046.355,grad,21696418816
3,5048.075,grad,21697502208
3,5049.311,grad,21689369600
3,5050.665,grad,21643166720
3,5051.933,grad,21638644736
3,5053.647,grad,21510392832
3,5054.907,grad,21518251008
3,5056.159,grad,21474422784
3,5057.395,grad,21475471360
3,5058.64,grad,21503848448
3,5059.901,grad,21476454400
3,5061.31,grad,21469540352
3,5062.97,grad,21470623744
3,5064.223,grad,21462491136
3,5065.549,grad,21416288256
3,5066.808,grad,21411766272
3,5068.551,grad,21283514368
3,5069.81,grad,21277085696
3,5071.518,grad,21247544320
3,5073.072,grad,21247544320
3,5074.32,grad,21266484224
3,5075.994,grad,21242661888
3,5077.728,grad,21243745280
3,5079.025,grad,21235612672
3,5080.267,grad,21189409792
3,5081.521,grad,21153430528
3,5082.818,grad,21056635904
3,5084.068,grad,21056633856
3,5085.313,grad,21035461632
3,5086.547,grad,21020665856
3,5088.104,grad,21020665856
3,5089.353,grad,21039409152
3,5090.923,grad,21015783424
3,5092.596,grad,21016866816
3,5093.884,grad,21008734208
3,5095.227,grad,20962531328
3,5096.469,grad,20958009344
3,5098.202,grad,20829757440
3,5099.768,grad,20823328768
3,5101.526,grad,20793787392
3,5103.073,grad,20793787392
3,5104.378,grad,20812661760
3,5105.822,grad,20788904960
3,5107.526,grad,20789988352
3,5108.772,grad,20779430912
3,5110.067,grad,20735652864
3,5111.307,grad,20707013632
3,5112.549,grad,20610216960
3,5113.902,grad,20610219008
3,5115.2,grad,20581704704
3,5116.539,grad,20566909440
3,5118.108,grad,20566908928
3,5119.359,grad,20585717760
3,5121.162,grad,20562026496
3,5122.857,grad,20563109888
3,5124.111,grad,20554977280
3,5125.474,grad,20508774400
3,5126.734,grad,20504252416
3,5128.495,grad,20376000512
3,5129.823,grad,20369571840
3,5131.524,grad,20340030464
3,5133.061,grad,20340030464
3,5134.354,grad,20358904832
3,5135.813,grad,20335148032
3,5137.45,grad,20336231424
3,5138.686,grad,20328098816
3,5139.941,grad,20281895936
3,5141.177,grad,20245916672
3,5143.08,grad,20149122048
3,5144.599,grad,20142693376
3,5146.362,grad,20113152000
3,5147.926,grad,20113152000
3,5149.226,grad,20131895296
3,5150.874,grad,20108269568
3,5152.557,grad,20109352960
3,5153.834,grad,20101220352
3,5155.21,grad,20055017472
3,5156.45,grad,20050495488
3,5158.162,grad,19922243584
3,5159.443,grad,19915814912
3,5161.236,grad,19886273536
3,5162.756,grad,19886273536
3,5164.067,grad,19905147904
3,5165.727,grad,19881391104
3,5167.439,grad,19882474496
3,5168.697,grad,19874341888
3,5169.956,grad,19828139008
3,5171.2,grad,19784819712
3,5172.443,grad,19695363072
3,5173.749,grad,19702705152
3,5175.004,grad,19674190848
3,5176.272,grad,19659395584
3,5177.834,grad,19659395072
3,5179.068,grad,19678138368
3,5180.738,grad,19661852672
3,5182.444,grad,19655596032
3,5183.773,grad,19647463424
3,5185.16,grad,19601260544
3,5186.408,grad,19596738560
3,5188.138,grad,19468552192
3,5189.687,grad,19462123520
3,5191.541,grad,19432582144
3,5193.089,grad,19432582144
3,5194.409,grad,19451456512
3,5195.847,grad,19427699712
3,5197.644,grad,19428783104
3,5198.899,grad,19420584960
3,5200.172,grad,19374447616
3,5201.407,grad,19292331008
3,5203.241,grad,19241673728
3,5204.496,grad,19249925120
3,5206.193,grad,19205704192
3,5207.675,grad,19205703680
3,5208.982,grad,19224578048
3,5211.044,grad,19200821248
3,5212.777,grad,19201904640
3,5214.061,grad,19193772032
3,5215.471,grad,19147569152
3,5216.743,grad,19104249856
3,5218.524,grad,19014860800
3,5219.797,grad,19008432128
3,5221.606,grad,18978890752
3,5223.149,grad,18978890752
3,5224.463,grad,18997765120
3,5225.894,grad,18974008320
3,5227.575,grad,18975091712
3,5228.854,grad,18966959104
3,5230.098,grad,18920756224
3,5231.342,grad,18877436928
3,5232.592,grad,18787980288
3,5233.925,grad,18795322368
3,5235.209,grad,18781488128
3,5236.837,grad,18752012288
3,5238.381,grad,18752012288
3,5239.621,grad,18770821120
3,5241.202,grad,18747129856
3,5242.873,grad,18748213248
3,5244.122,grad,18817675264
3,5245.444,grad,18693877760
3,5246.688,grad,18650558464
3,5248.471,grad,18561103872
3,5249.716,grad,18554675200
3,5251.55,grad,18525134336
3,5253.082,grad,18525133824
3,5254.391,grad,18544008192
3,5256.12,grad,18520251392
3,5257.82,grad,18521334784
3,5259.06,grad,18590796800
3,5260.409,grad,18466999296
3,5261.661,grad,18423680000
3,5263.481,grad,18334225408
3,5264.738,grad,18342476800
3,5266.397,grad,18298255360
3,5267.921,grad,18298255360
3,5269.209,grad,18317129728
3,5270.659,grad,18293372928
3,5272.392,grad,18294456320
3,5273.647,grad,18363918336
3,5274.997,grad,18240120832
3,5276.25,grad,18235598848
3,5278.028,grad,18107412480
3,5279.271,grad,18115205120
3,5280.518,grad,18103932928
3,5281.9,grad,18071442432
3,5283.169,grad,18086122496
3,5284.422,grad,18090316800
3,5285.863,grad,18066560000
3,5287.537,grad,18068560896
3,5288.784,grad,18059510784
3,5290.157,grad,18013307904
3,5291.416,grad,17931191296
3,5293.266,grad,17880534016
3,5294.538,grad,17888785408
3,5296.277,grad,17844564480
3,5297.8,grad,17844563968
3,5299.052,grad,17863372800
3,5300.949,grad,17839681536
3,5302.691,grad,17840764928
3,5303.976,grad,17832632320
3,5305.352,grad,17786429440
3,5306.607,grad,17781907456
3,5308.326,grad,17653721088
3,5309.572,grad,17661972480
3,5311.345,grad,17617751040
3,5312.903,grad,17617751040
3,5314.246,grad,17636625408
3,5315.701,grad,17612868608
3,5317.428,grad,17613952000
3,5318.68,grad,17605819392
3,5320.051,grad,17559616512
3,5321.293,grad,17492179968
3,5322.524,grad,17426842624
3,5323.765,grad,17434182656
3,5325.05,grad,17427688448
3,5326.612,grad,17390872576
3,5328.181,grad,17390872576
3,5329.468,grad,17409812480
3,5330.925,grad,17385990144
3,5332.632,grad,17387073536
3,5333.885,grad,17378940928
3,5335.223,grad,17332738048
3,5336.466,grad,17328216064
3,5338.18,grad,17200029696
3,5339.422,grad,17208281088
3,5341.147,grad,17164059648
3,5342.714,grad,17164059648
3,5344.006,grad,17182999552
3,5345.685,grad,17159177216
3,5347.421,grad,17160260608
3,5348.666,grad,17152128000
3,5350.029,grad,17105925120
3,5351.268,grad,17023808512
3,5353.146,grad,16973151232
3,5354.384,grad,16981402624
3,5356.052,grad,16937181184
3,5357.58,grad,16937181184
3,5358.857,grad,16956121088
3,5360.262,grad,16932298752
3,5362.037,grad,16933382144
3,5363.273,grad,16925249536
3,5364.597,grad,16879046656
3,5365.883,grad,16835727360
3,5367.641,grad,16746338304
3,5368.9,grad,16754196480
3,5370.144,grad,16710368256
3,5371.375,grad,16710368256
3,5372.641,grad,16739793920
3,5374.136,grad,16704994304
3,5375.402,grad,16712825856
3,5376.994,grad,16706569216
3,5378.27,grad,16698436608
3,5379.63,grad,16652233728
3,5380.944,grad,16570117120
3,5382.88,grad,16519459840
3,5384.122,grad,16520371200
3,5385.793,grad,16476149760
3,5387.349,grad,16475887616
3,5388.592,grad,16494893056
3,5390.238,grad,16471005184
3,5391.521,grad,16461076480
3,5392.76,grad,16461076480
3,5393.995,grad,16461076480
3,5397.235,grad,16461075968
3,5398.933,grad,16461075968
3,5400.316,grad,16461075968
3,5401.599,grad,16461075968
3,5406.347,grad,16461075968
3,5407.971,grad,16461075968
3,5409.226,grad,16477263360
3,5410.468,grad,16498365952
3,5411.715,grad,16516126208
3,5414.145,grad,16516126208
3,5415.506,grad,16516132864
3,5416.898,grad,16516454912
3,5418.24,grad,16678092288
3,5419.572,grad,16678092288
3,5420.925,grad,16678092288
3,5422.18,grad,16672653312
3,5423.457,grad,16622558208
3,5424.723,grad,16436697600
3,5426.022,grad,16298318336
3,5427.288,grad,16302905856
3,5428.557,grad,16407796224
3,5429.817,grad,16449018368
3,5431.297,grad,16319420928
3,5437.541,grad,16136313344
3,5443.923,grad,16136321536
3,5450.336,grad,16136321536
3,5456.758,grad,16136321536
3,5461.257,grad,16136321536
3,5462.567,grad,16143798784
3,5464.557,grad,16143927808
3,5467.14,grad,16151267840
3,5468.579,grad,16160705024
3,5470.05,grad,16160705024
3,5471.311,grad,16183889408
3,5473.176,grad,16190246400
3,5474.441,grad,16197590528
3,5475.744,grad,16382270976
3,5477.042,grad,16304676352
3,5479.536,grad,16382336512
3,5482.047,grad,16389680640
3,5483.34,grad,16399117824
3,5484.802,grad,16399117824
3,5486.079,grad,16422302208
3,5487.721,grad,16428659200
3,5488.991,grad,16436003328
3,5490.248,grad,16698278400
3,5491.532,grad,16581886464
3,5493.789,grad,16620749312
3,5496.187,grad,16628093440
3,5497.522,grad,16637530624
3,5499.086,grad,16637530624
3,5500.391,grad,16660715008
3,5502.225,grad,16667072000
3,5503.53,grad,16674416128
3,5504.816,grad,16781501952
3,5506.318,grad,16781501952
3,5507.608,grad,16912639488
3,5509.206,grad,16859162112
3,5511.79,grad,16866506240
3,5513.235,grad,16875943424
3,5514.803,grad,16875943424
3,5516.167,grad,16891787776
3,5518.318,grad,16905484800
3,5519.693,grad,16912828928
3,5520.965,grad,17019914752
3,5522.391,grad,17019914752
3,5523.876,grad,17143712256
3,5525.371,grad,17097574912
3,5527.841,grad,17104919040
3,5529.188,grad,17114356224
3,5530.609,grad,17114356224
3,5531.876,grad,17137540608
3,5533.723,grad,17143897600
3,5534.98,grad,17190039040
3,5536.241,grad,17413516800
3,5537.489,grad,17297124864
3,5539.726,grad,17335987712
3,5542.35,grad,17343331840
3,5543.642,grad,17352769024
3,5545.121,grad,17352769024
3,5546.39,grad,17375953408
3,5548.157,grad,17382310400
3,5549.449,grad,17389654528
3,5550.716,grad,17651929600
3,5551.975,grad,17496740352
3,5553.219,grad,17627877888
3,5554.62,grad,17574400512
3,5557.135,grad,17581744640
3,5558.401,grad,17591181824
3,5559.875,grad,17591181824
3,5561.131,grad,17614366208
3,5563.01,grad,17620723200
3,5564.282,grad,17628067328
3,5565.545,grad,17735153152
3,5566.9,grad,17735153152
3,5568.155,grad,17812813312
3,5569.458,grad,17812813312
3,5571.889,grad,17820157440
3,5573.206,grad,17829594624
3,5574.633,grad,17829594624
3,5575.924,grad,17852779008
3,5577.714,grad,17859136000
3,5578.971,grad,17905277440
3,5580.255,grad,18012363264
3,5581.588,grad,18012363264
3,5582.865,grad,18051226112
3,5584.162,grad,18051226112
3,5586.626,grad,18058570240
3,5587.921,grad,18068007424
3,5589.365,grad,18068007424
3,5590.622,grad,18091191808
3,5592.299,grad,18097548800
3,5593.548,grad,18104892928
3,5594.811,grad,18289573376
3,5596.056,grad,18211978752
3,5597.312,grad,18296978944
3,5598.575,grad,18296978944
3,5601.17,grad,18296983040
3,5602.439,grad,18306420224
3,5603.844,grad,18306420224
3,5605.108,grad,18329604608
3,5606.831,grad,18335961600
3,5608.08,grad,18382103040
3,5609.324,grad,18527986176
3,5610.574,grad,18489188864
3,5612.685,grad,18528051712
3,5615.125,grad,18535395840
3,5616.397,grad,18544833024
3,5617.89,grad,18544833024
3,5619.183,grad,18560677376
3,5621.142,grad,18574374400
3,5622.401,grad,18620515840
3,5624.579,grad,18688804352
3,5626.994,grad,18773808640
3,5629.446,grad,18773808640
3,5630.737,grad,18783245824
3,5632.201,grad,18783245824
3,5633.462,grad,18806430208
3,5635.27,grad,18812787200
3,5636.544,grad,18858928640
3,5637.837,grad,19004811776
3,5639.108,grad,18966014464
3,5641.453,grad,19004877312
3,5643.784,grad,19012221440
3,5645.08,grad,19021658624
3,5646.468,grad,19021658624
3,5647.727,grad,19059523072
3,5649.37,grad,19051200000
3,5650.614,grad,19097341440
3,5651.871,grad,19243224576
3,5653.118,grad,19204427264
3,5655.306,grad,19243290112
3,5658.648,grad,19250634240
3,5659.939,grad,19260071424
3,5661.325,grad,19260071424
3,5662.569,grad,19297935872
3,5664.249,grad,19289612800
3,5665.496,grad,19296956928
3,5666.746,grad,19559232000
3,5667.994,grad,19442840064
3,5670.164,grad,19481702912
3,5672.515,grad,19489047040
3,5673.811,grad,19498484224
3,5675.215,grad,19498484224
3,5676.502,grad,19514328576
3,5678.329,grad,19528025600
3,5679.584,grad,19574167040
3,5680.847,grad,19797644800
3,5682.11,grad,19681252864
3,5684.268,grad,19720115712
3,5686.7,grad,19727459840
3,5687.981,grad,19736897024
3,5689.396,grad,19736897024
3,5690.646,grad,19774761472
3,5692.314,grad,19766438400
3,5693.561,grad,19773782528
3,5694.82,grad,20036057600
3,5696.186,grad,19880868352
3,5698.458,grad,19958528512
3,5700.924,grad,19965872640
3,5702.176,grad,19975309824
3,5703.525,grad,19975309824
3,5704.829,grad,19998494208
3,5706.593,grad,20004851200
3,5707.883,grad,20050992640
3,5709.131,grad,20196875776
3,5710.45,grad,20158078464
3,5712.41,grad,20196941312
3,5714.996,grad,20204285440
3,5716.251,grad,20213722624
3,5717.655,grad,20213722624
3,5718.944,grad,20251587072
3,5720.609,grad,20243264000
3,5721.876,grad,20289405440
3,5724.023,grad,20357693952
3,5725.269,grad,20435354112
3,5726.531,grad,20435354112
3,5728.999,grad,20442698240
3,5730.273,grad,20452135424
3,5731.622,grad,20452135424
3,5732.957,grad,20467979776
3,5734.755,grad,20481676800
3,5736.001,grad,20489020928
3,5737.249,grad,20751296000
3,5738.536,grad,20634904064
3,5740.711,grad,20673766912
3,5743.053,grad,20681111040
3,5744.3,grad,20690548224
3,5745.759,grad,20690548224
3,5747.003,grad,20713732608
3,5748.66,grad,20720089600
3,5749.93,grad,20727433728
3,5751.171,grad,20989708800
3,5752.497,grad,20834519552
3,5753.748,grad,20912179712
3,5754.99,grad,20919519744
3,5757.397,grad,20919523840
3,5758.659,grad,20928961024
3,5760.009,grad,20928961024
3,5761.254,grad,20952145408
3,5762.932,grad,20958502400
3,5764.171,grad,20965846528
3,5765.406,grad,21228121600
3,5766.636,grad,21111729664
3,5768.934,grad,21157932544
3,5771.42,grad,21157936640
3,5772.713,grad,21167373824
3,5774.103,grad,21167373824
3,5775.363,grad,21190558208
3,5777.142,grad,21196915200
3,5778.404,grad,21243056640
3,5780.561,grad,21311345152
3,5782.781,grad,21389005312
3,5785.216,grad,21396349440
3,5786.486,grad,21405786624
3,5787.912,grad,21405786624
3,5789.222,grad,21421630976
3,5790.961,grad,21435328000
3,5792.205,grad,21481469440
3,5793.447,grad,21627352576
3,5794.766,grad,21588555264
3,5796.727,grad,21627418112
3,5799.154,grad,21634762240
3,5800.437,grad,21644199424
3,5801.814,grad,21644199424
3,5803.06,grad,21682063872
3,5804.744,grad,21673740800
3,5806.019,grad,21681084928
3,5807.272,grad,21943360000
3,5808.577,grad,21788170752
3,5810.841,grad,21865830912
3,5813.139,grad,21873175040
3,5814.404,grad,21882612224
3,5815.749,grad,21882612224
3,5816.995,grad,21905796608
3,5818.701,grad,21912153600
3,5819.977,grad,21958295040
3,5822.11,grad,22026583552
3,5824.326,grad,22104243712
3,5826.971,grad,22111587840
3,5828.225,grad,22121025024
3,5829.555,grad,22121025024
3,5830.833,grad,22158889472
3,5832.426,grad,22150566400
3,5833.675,grad,22197756416
3,5835.784,grad,22266044928
3,5838.016,grad,22343705088
3,5840.343,grad,22351049216
3,5841.615,grad,22360486400
3,5843.093,grad,22360486400
3,5844.391,grad,22376330752
3,5846.316,grad,22390027776
3,5847.571,grad,22397371904
3,5848.832,grad,22582052352
3,5850.17,grad,22504457728
3,5851.417,grad,22589457920
3,5852.75,grad,22582117888
3,5855.229,grad,22589462016
3,5856.609,grad,22598899200
3,5858.134,grad,22598899200
3,5859.401,grad,22622083584
3,5861.273,grad,22628440576
3,5862.524,grad,22635784704
3,5863.787,grad,22820465152
3,5865.304,grad,22781667840
3,5866.558,grad,22881348096
3,5867.944,grad,22820530688
3,5869.204,grad,23131957760
3,5870.509,grad,23754845696
3,5871.788,grad,23747489792
3,5873.858,grad,23747481600
3,5875.102,grad,23436055040
3,5876.337,grad,23436055040
3,5877.565,grad,23436055040
3,5879.354,grad,23436056576
3,5880.663,grad,22824719872
3,5882.123,grad,22824719872
3,5883.7,grad,22835658240
3,5885.815,grad,22777200128
3,5887.265,grad,22695804416
3,5889.581,grad,22646031872
3,5891.014,grad,22639144448
3,5893.061,grad,22610061824
3,5894.939,grad,22610061824
3,5896.331,grad,22629263872
3,5898.078,grad,22604687872
3,5899.358,grad,22612519424
3,5901.184,grad,22606787072
3,5902.562,grad,22636861952
3,5903.969,grad,22513129984
3,5905.45,grad,22547405312
3,5907.497,grad,22419153408
3,5908.771,grad,22412724736
3,5910.514,grad,22383183360
3,5912.106,grad,22383183360
3,5913.456,grad,22402057728
3,5915.047,grad,22378300928
3,5916.839,grad,22379908608
3,5918.143,grad,22371251712
3,5919.809,grad,22325048832
3,5921.085,grad,22320526848
3,5922.942,grad,22192274944
3,5924.197,grad,22184797696
3,5925.995,grad,22155256320
3,5927.693,grad,22155256320
3,5929.026,grad,22174130688
3,5930.466,grad,22150373888
3,5932.152,grad,22151981568
3,5933.401,grad,22220919296
3,5934.712,grad,22097121792
3,5935.96,grad,22022345216
3,5937.84,grad,21964347904
3,5939.103,grad,21972599296
3,5940.756,grad,21928377856
3,5942.279,grad,21928377856
3,5943.574,grad,21944499712
3,5945.353,grad,21923495424
3,5947.138,grad,21924775424
3,5948.379,grad,21994040832
3,5949.682,grad,21870243328
3,5950.936,grad,21826924032
3,5952.759,grad,21737469440
3,5954.023,grad,21731040768
3,5955.763,grad,21701499392
3,5957.364,grad,21701499392
3,5958.646,grad,21720373760
3,5960.09,grad,21696616960
3,5961.813,grad,21697700352
3,5963.045,grad,21767162368
3,5964.591,grad,21643364864
3,5965.865,grad,21561248256
3,5967.77,grad,21510590976
3,5969.02,grad,21518842368
3,5970.651,grad,21474620928
3,5972.191,grad,21474620928
3,5973.474,grad,21493495296
3,5974.911,grad,21469738496
3,5976.72,grad,21470821888
3,5978.009,grad,21462689280
3,5979.405,grad,21416486400
3,5980.646,grad,21411964416
3,5982.46,grad,21283778048
3,5983.774,grad,21277349376
3,5985.566,grad,21247808512
3,5987.181,grad,21247808000
3,5988.433,grad,21249249792
3,5990.195,grad,21242925568
3,5991.926,grad,21244008960
3,5993.167,grad,21313470976
3,5994.475,grad,21189673472
3,5995.724,grad,21185151488
3,5997.597,grad,21056965120
3,5998.879,grad,21050536448
3,6000.623,grad,21020995072
3,6002.222,grad,21020995072
3,6003.477,grad,21039803904
3,6004.983,grad,21016112640
3,6006.781,grad,21017196032
3,6008.036,grad,21009063424
3,6009.341,grad,20962860544
3,6010.662,grad,20926946816
3,6011.974,grad,20876221952
3,6013.289,grad,20837426688
3,6014.546,grad,20816252416
3,6016.845,grad,20794116608
3,6018.41,grad,20794116608
3,6019.73,grad,20812990976
3,6021.169,grad,20789234176
3,6022.896,grad,20790317568
3,6024.132,grad,20782184960
3,6025.458,grad,20735982080
3,6026.699,grad,20731460096
3,6028.575,grad,20603208192
3,6029.833,grad,20596779520
3,6031.554,grad,20567238144
3,6033.093,grad,20567238144
3,6034.329,grad,20568811008
3,6036.142,grad,20562355712
3,6037.899,grad,20563439104
3,6039.154,grad,20632901120
3,6040.46,grad,20509103616
3,6041.711,grad,20504581632
3,6043.409,grad,20376395264
3,6044.647,grad,20384646656
3,6046.367,grad,20340425728
3,6047.944,grad,20340425216
3,6049.251,grad,20359299584
3,6050.686,grad,20335542784
3,6052.412,grad,20336626176
3,6053.652,grad,20328493568
3,6054.995,grad,20282290688
3,6056.245,grad,20238971392
3,6058.377,grad,20149582336
3,6059.631,grad,20143153664
3,6061.34,grad,20113612288
3,6062.866,grad,20113612288
3,6064.14,grad,20132486656
3,6065.551,grad,20108729856
3,6067.291,grad,20109813248
3,6068.533,grad,20101680640
3,6069.878,grad,20055477760
3,6071.111,grad,20050955776
3,6072.822,grad,19922769408
3,6074.053,grad,19931020800
3,6075.712,grad,19886799360
3,6077.336,grad,19886799360
3,6078.569,grad,19905608192
3,6080.438,grad,19881916928
3,6082.153,grad,19883000320
3,6083.416,grad,19874867712
3,6084.817,grad,19828664832
3,6086.079,grad,19785345536
3,6087.99,grad,19695890944
3,6089.231,grad,19689462272
3,6090.959,grad,19659920896
3,6092.507,grad,19659920896
3,6093.742,grad,19678729728
3,6095.257,grad,19655038464
3,6097.026,grad,19656121856
3,6098.321,grad,19647989248
3,6099.69,grad,19601786368
3,6100.97,grad,19597264384
3,6102.801,grad,19469012480
3,6104.069,grad,19476870656
3,6105.323,grad,19441546752
3,6106.571,grad,19433042432
3,6107.834,grad,19447722496
3,6109.104,grad,19451916800
3,6110.516,grad,19428160000
3,6112.246,grad,19429243392
3,6113.578,grad,19421110784
3,6114.953,grad,19374907904
3,6116.227,grad,19370385920
3,6118.202,grad,19242199552
3,6119.543,grad,19235770880
3,6121.348,grad,19206229504
3,6122.997,grad,19206229504
3,6124.235,grad,19225038336
3,6126.042,grad,19201347072
3,6127.975,grad,19202430464
3,6129.214,grad,19194232320
3,6130.504,grad,19148094976
3,6131.737,grad,19065978368
3,6133.592,grad,19015321088
3,6134.841,grad,19008892416
3,6136.549,grad,18979351040
3,6138.178,grad,18979351040
3,6139.424,grad,18998094336
3,6141.033,grad,18974468608
3,6142.718,grad,18975552000
3,6143.983,grad,18967419392
3,6145.345,grad,18921216512
3,6146.584,grad,18877897216
3,6148.451,grad,18788508160
3,6149.714,grad,18796300800
3,6150.972,grad,18786208256
3,6152.277,grad,18752538112
3,6153.53,grad,18767218176
3,6154.788,grad,18771412480
3,6156.188,grad,18747655680
3,6157.959,grad,18748739072
3,6159.232,grad,18740606464
3,6160.604,grad,18694403584
3,6161.883,grad,18689881600
3,6163.671,grad,18561629696
3,6164.917,grad,18555201024
3,6166.642,grad,18525659648
3,6168.277,grad,18525659648
3,6169.519,grad,18544468480
3,6171.509,grad,18520777216
3,6173.242,grad,18521860608
3,6174.487,grad,18513728000
3,6175.834,grad,18467525120
3,6177.073,grad,18463003136
3,6178.95,grad,18334751232
3,6180.231,grad,18328322560
3,6182.0,grad,18298781184
3,6183.529,grad,18298781184
3,6184.851,grad,18317655552
3,6186.307,grad,18293898752
3,6188.091,grad,18294982144
3,6189.38,grad,18286849536
3,6190.746,grad,18240646656
3,6192.022,grad,18236124672
3,6193.753,grad,18107938304
3,6194.989,grad,18115796480
3,6196.253,grad,18079424000
3,6197.494,grad,18071968256
3,6198.762,grad,18086648320
3,6200.028,grad,18090842624
3,6201.481,grad,18067085824
3,6203.161,grad,18068169216
3,6204.404,grad,18060036608
3,6205.756,grad,18013833728
3,6206.995,grad,17970514432
3,6208.87,grad,17881125376
3,6210.157,grad,17889311232
3,6211.986,grad,17845155328
3,6213.598,grad,17845155328
3,6214.894,grad,17863964160
3,6216.681,grad,17840272896
3,6218.455,grad,17841356288
3,6219.699,grad,17833223680
3,6221.073,grad,17787020800
3,6222.339,grad,17743701504
3,6224.321,grad,17661652480
3,6225.633,grad,17662563840
3,6227.374,grad,17618342400
3,6229.03,grad,17618342400
3,6230.423,grad,17637216768
3,6231.912,grad,17613459968
3,6233.639,grad,17614543360
3,6234.935,grad,17606410752
3,6236.323,grad,17560207872
3,6237.565,grad,17516888576
3,6239.43,grad,17427433984
3,6240.671,grad,17435292160
3,6241.921,grad,17391463936
3,6243.166,grad,17392512512
3,6244.477,grad,17421348352
3,6245.834,grad,17386089984
3,6247.073,grad,17393921536
3,6248.633,grad,17387664896
3,6249.928,grad,17379532288
3,6251.286,grad,17333329408
3,6252.547,grad,17290010112
3,6254.328,grad,17200555520
3,6255.569,grad,17208806912
3,6257.215,grad,17164585472
3,6258.797,grad,17164585472
3,6260.112,grad,17183459840
3,6261.809,grad,17159703040
3,6263.494,grad,17160786432
3,6264.732,grad,17152653824
3,6266.066,grad,17106450944
3,6267.31,grad,17101928960
3,6269.116,grad,16973742592
3,6270.352,grad,16967313920
3,6272.037,grad,16937772544
3,6273.559,grad,16937772544
3,6274.82,grad,16956581376
3,6276.371,grad,16932890112
3,6278.042,grad,16933973504
3,6279.373,grad,16925840896
3,6280.625,grad,16879638016
3,6281.88,grad,16836318720
3,6283.132,grad,16746862080
3,6284.451,grad,16754204160
3,6285.712,grad,16747709952
3,6287.241,grad,16710894080
3,6288.828,grad,16710894080
3,6290.066,grad,16729768448
3,6291.579,grad,16706011648
3,6293.316,grad,16707095040
3,6294.647,grad,16698962432
3,6296.048,grad,16652759552
3,6297.309,grad,16609440256
3,6298.561,grad,16527323648
3,6299.912,grad,16527325696
3,6301.249,grad,16506216960
3,6302.498,grad,16500908544
3,6303.784,grad,16476676096
3,6305.203,grad,16476413440
3,6306.446,grad,16495287808
3,6308.257,grad,16471531008
3,6309.531,grad,16461602304
3,6310.792,grad,16461602304
3,6312.028,grad,16461602304
3,6314.918,grad,16461601792
3,6316.22,grad,16461601792
3,6317.507,grad,16461601792
3,6318.769,grad,16461601792
3,6322.208,grad,16461601792
3,6323.594,grad,16461601792
3,6324.857,grad,16479755264
3,6326.121,grad,16501447680
3,6327.375,grad,16516652032
3,6329.161,grad,16516652032
3,6330.407,grad,16516662272
3,6331.821,grad,16678618112
3,6333.084,grad,16678618112
3,6334.361,grad,16678618112
3,6335.727,grad,16678618112
3,6336.965,grad,16623084032
3,6338.21,grad,16420184064
3,6339.479,grad,16297795584
3,6340.717,grad,16329515008
3,6341.96,grad,16440139776
3,6343.215,grad,16395083776
3,6349.676,grad,16136839168
3,6356.055,grad,16136843264
3,6362.416,grad,16136843264
3,6369.239,grad,16136843264
3,6374.087,grad,16136843264
3,6375.41,grad,16140650496
3,6377.459,grad,16140779520
3,6380.163,grad,16144449536
3,6381.61,grad,16149168128
3,6383.047,grad,16149168128
3,6384.315,grad,16160760832
3,6386.152,grad,16163972096
3,6387.41,grad,16167611392
3,6388.677,grad,16259984384
3,6389.94,grad,16240585728
3,6391.229,grad,16260017152
3,6392.927,grad,16260017152
3,6395.405,grad,16263689216
3,6396.757,grad,16268407808
3,6398.266,grad,16268407808
3,6399.535,grad,16280000512
3,6401.414,grad,16283179008
3,6402.674,grad,16286851072
3,6403.962,grad,16379191296
3,6405.264,grad,16340393984
3,6406.527,grad,16409632768
3,6407.893,grad,16379224064
3,6410.282,grad,16382896128
3,6411.628,grad,16387614720
3,6413.078,grad,16387614720
3,6414.342,grad,16396585984
3,6416.342,grad,16407104512
3,6417.606,grad,16426505216
3,6418.864,grad,16499446784
3,6420.195,grad,16480048128
3,6422.242,grad,16499479552
3,6424.58,grad,16503151616
3,6425.852,grad,16508918784
3,6427.221,grad,16508918784
3,6428.5,grad,16520511488
3,6430.219,grad,16522641408
3,6431.474,grad,16546760704
3,6433.569,grad,16580904960
3,6434.838,grad,16657483776
3,6436.23,grad,16623405056
3,6438.552,grad,16623407104
3,6439.815,grad,16629174272
3,6441.161,grad,16629174272
3,6442.456,grad,16640766976
3,6444.111,grad,16643945472
3,6445.372,grad,16668064768
3,6446.616,grad,16721607680
3,6447.857,grad,16722656256
3,6449.942,grad,16741039104
3,6452.441,grad,16744711168
3,6453.716,grad,16749429760
3,6455.039,grad,16749429760
3,6456.289,grad,16761022464
3,6457.95,grad,16764200960
3,6459.208,grad,16787271680
3,6460.457,grad,16821415936
3,6461.771,grad,16840814592
3,6463.721,grad,16860246016
3,6466.058,grad,16863918080
3,6467.315,grad,16869685248
3,6468.664,grad,16869685248
3,6469.919,grad,16888617984
3,6471.657,grad,16883407872
3,6472.923,grad,16907527168
3,6475.101,grad,16941671424
3,6477.335,grad,16980501504
3,6479.665,grad,16984173568
3,6480.922,grad,16988892160
3,6482.254,grad,16988892160
3,6483.508,grad,17008873472
3,6485.173,grad,17004711936
3,6486.435,grad,17027782656
3,6488.588,grad,17061926912
3,6491.007,grad,17100756992
3,6493.349,grad,17104429056
3,6494.609,grad,17110196224
3,6495.972,grad,17110196224
3,6497.249,grad,17121788928
3,6499.034,grad,17123918848
3,6500.354,grad,17128639488
3,6501.629,grad,17220979712
3,6503.014,grad,17182182400
3,6504.269,grad,17251421184
3,6505.819,grad,17221012480
3,6508.477,grad,17224684544
3,6510.126,grad,17230451712
3,6511.68,grad,17230451712
3,6513.024,grad,17238374400
3,6514.957,grad,17244174336
3,6516.259,grad,17248894976
3,6517.597,grad,17380032512
3,6518.918,grad,17302437888
3,6521.266,grad,17344937984
3,6523.68,grad,17344940032
3,6524.999,grad,17349658624
3,6526.456,grad,17349658624
3,6527.756,grad,17361251328
3,6529.424,grad,17364429824
3,6530.695,grad,17372820480
3,6531.957,grad,17422693376
3,6533.331,grad,17422693376
3,6535.556,grad,17461523456
3,6537.952,grad,17465195520
3,6539.221,grad,17470962688
3,6540.596,grad,17470962688
3,6541.888,grad,17483603968
3,6543.593,grad,17485733888
3,6544.891,grad,17509853184
3,6546.17,grad,17563396096
3,6547.425,grad,17563396096
3,6549.778,grad,17587546112
3,6552.11,grad,17587548160
3,6553.369,grad,17592266752
3,6554.817,grad,17592266752
3,6556.073,grad,17611199488
3,6557.713,grad,17607037952
3,6558.964,grad,17630108672
3,6561.125,grad,17683651584
3,6563.337,grad,17703083008
3,6565.684,grad,17706755072
3,6567.117,grad,17712522240
3,6568.566,grad,17712522240
3,6569.82,grad,17724114944
3,6571.533,grad,17726244864
3,6572.729,grad,17732014080
3,6573.976,grad,17863151616
3,6575.245,grad,17804955648
3,6577.357,grad,17824387072
3,6579.682,grad,17828059136
3,6580.938,grad,17832777728
3,6582.307,grad,17832777728
3,6583.551,grad,17844370432
3,6585.177,grad,17847548928
3,6586.616,grad,17851220992
3,6587.879,grad,17983407104
3,6589.153,grad,17925211136
3,6591.268,grad,17944642560
3,6593.676,grad,17948314624
3,6594.942,grad,17953033216
3,6596.338,grad,17953033216
3,6597.585,grad,17971965952
3,6599.191,grad,17967804416
3,6600.446,grad,17972525056
3,6601.688,grad,18045466624
3,6602.941,grad,18045466624
3,6606.224,grad,18064898048
3,6608.599,grad,18068570112
3,6609.866,grad,18073288704
3,6611.237,grad,18073288704
3,6612.49,grad,18092221440
3,6614.123,grad,18089108480
3,6615.424,grad,18111130624
3,6617.587,grad,18145274880
3,6619.782,grad,18184104960
3,6622.158,grad,18188825600
3,6623.552,grad,18193544192
3,6624.945,grad,18193544192
3,6626.206,grad,18205136896
3,6627.92,grad,18208315392
3,6629.216,grad,18211987456
3,6630.479,grad,18304327680
3,6631.76,grad,18265530368
3,6633.963,grad,18304360448
3,6636.285,grad,18308032512
3,6637.545,grad,18312751104
3,6638.909,grad,18312751104
3,6640.172,grad,18332732416
3,6641.774,grad,18328570880
3,6643.188,grad,18351641600
3,6644.446,grad,18424583168
3,6645.796,grad,18405184512
3,6647.721,grad,18424615936
3,6650.06,grad,18429336576
3,6651.311,grad,18434055168
3,6652.644,grad,18434055168
3,6653.93,grad,18452987904
3,6655.492,grad,18448826368
3,6656.746,grad,18471897088
3,6658.827,grad,18506041344
3,6661.235,grad,18544871424
3,6663.592,grad,18548543488
3,6664.866,grad,18554310656
3,6666.177,grad,18554310656
3,6667.436,grad,18573243392
3,6669.033,grad,18568033280
3,6670.28,grad,18592152576
3,6672.417,grad,18626296832
3,6674.588,grad,18665126912
3,6676.998,grad,18668798976
3,6678.402,grad,18673517568
3,6679.801,grad,18673517568
3,6681.045,grad,18685110272
3,6682.728,grad,18691958784
3,6683.973,grad,18711359488
3,6686.086,grad,18745503744
3,6688.281,grad,18784333824
3,6690.617,grad,18788005888
3,6691.885,grad,18792724480
3,6693.253,grad,18792724480
3,6694.508,grad,18812705792
3,6696.135,grad,18808544256
3,6697.583,grad,18812216320
3,6698.846,grad,18885157888
3,6700.082,grad,18885157888
3,6702.18,grad,18904589312
3,6704.566,grad,18908261376
3,6705.833,grad,18914028544
3,6707.239,grad,18914028544
3,6708.495,grad,18932961280
3,6710.145,grad,18927751168
3,6711.459,grad,18951870464
3,6713.568,grad,18986014720
3,6715.959,grad,19024844800
3,6718.313,grad,19028516864
3,6719.577,grad,19034284032
3,6720.94,grad,19034284032
3,6722.206,grad,19054265344
3,6723.79,grad,19049055232
3,6725.031,grad,19073174528
3,6727.178,grad,19107318784
3,6729.452,grad,19149818880
3,6731.78,grad,19149820928
3,6733.176,grad,19154539520
3,6734.566,grad,19154539520
3,6735.83,grad,19173472256
3,6737.497,grad,19172980736
3,6738.787,grad,19192381440
3,6740.919,grad,19226525696
3,6743.106,grad,19265355776
3,6745.431,grad,19269027840
3,6746.692,grad,19274795008
3,6748.057,grad,19274795008
3,6749.299,grad,19293727744
3,6750.885,grad,19288517632
3,6752.308,grad,19293238272
3,6753.581,grad,19424375808
3,6754.899,grad,19366179840
3,6757.056,grad,19385611264
3,6759.477,grad,19389283328
3,6760.87,grad,19394001920
3,6762.267,grad,19394001920
3,6763.516,grad,19406643200
3,6765.31,grad,19409821696
3,6766.584,grad,19432892416
3,6767.846,grad,19505833984
3,6769.087,grad,19467036672
3,6770.334,grad,19509536768
3,6771.734,grad,19505866752
3,6772.985,grad,19661578240
3,6774.226,grad,19974069248
3,6777.29,grad,19970389504
3,6778.564,grad,19814676480
3,6779.866,grad,19814676480
3,6781.127,grad,19814676480
3,6782.371,grad,19814676480
3,6783.629,grad,20127151616
3,6784.989,grad,19510582272
3,6786.233,grad,19507301376
3,6787.489,grad,19484199936
3,6788.726,grad,19462540288
3,6789.955,grad,19417811968
3,6791.283,grad,19421484032
3,6792.532,grad,19418235904
3,6794.046,grad,19398778880
3,6795.553,grad,19398778880
3,6796.809,grad,19409231872
3,6798.329,grad,19396583424
3,6799.568,grad,19395045376
3,6800.851,grad,19398715392
3,6802.575,grad,19369711616
3,6803.817,grad,19351721984
3,6805.049,grad,19306993664
3,6806.376,grad,19306995712
3,6807.631,grad,19292737536
3,6808.917,grad,19284291072
3,6810.294,grad,19285339136
3,6811.605,grad,19294776320
3,6813.058,grad,19283143680
3,6814.767,grad,19285275648
3,6816.007,grad,19317187584
3,6817.311,grad,19255288832
3,6818.572,grad,19253093376
3,6820.551,grad,19189853184
3,6821.829,grad,19186637824
3,6823.416,grad,19171866624
3,6824.971,grad,19171866624
3,6826.212,grad,19181271040
3,6827.741,grad,19169671168
3,6829.373,grad,19171803136
3,6830.608,grad,19205582848
3,6831.926,grad,19143684096
3,6833.159,grad,19122909184
3,6834.979,grad,19079067648
3,6836.218,grad,19083192320
3,6837.782,grad,19058983936
3,6839.272,grad,19060032512
3,6840.513,grad,19069436928
3,6842.909,grad,19057837056
3,6844.651,grad,19059969024
3,6845.943,grad,19053902848
3,6847.252,grad,19030801408
3,6848.511,grad,19029425152
3,6850.22,grad,18966184960
3,6851.463,grad,18962969600
3,6853.089,grad,18947150336
3,6854.624,grad,18948198400
3,6855.87,grad,18957602816
3,6857.354,grad,18946002944
3,6859.049,grad,18948134912
3,6860.282,grad,18942068736
3,6861.622,grad,18918967296
3,6862.89,grad,18898192384
3,6864.764,grad,18854350848
3,6866.001,grad,18858246144
3,6867.883,grad,18835315712
3,6869.394,grad,18835315712
3,6870.698,grad,18844752896
3,6872.099,grad,18833120256
3,6873.814,grad,18835252224
3,6875.049,grad,18830234624
3,6876.375,grad,18807133184
3,6877.641,grad,18843669504
3,6879.357,grad,18740747264
3,6880.722,grad,18737531904
3,6882.462,grad,18722760704
3,6884.063,grad,18722760704
3,6885.317,grad,18732165120
3,6887.085,grad,18720565248
3,6888.796,grad,18722697216
3,6890.038,grad,18716794880
3,6891.396,grad,18693693440
3,6892.642,grad,18691432448
3,6894.424,grad,18628192256
3,6895.66,grad,18624976896
3,6897.247,grad,18609157120
3,6898.776,grad,18609157120
3,6900.009,grad,18618561536
3,6901.526,grad,18606961664
3,6903.193,grad,18609093632
3,6904.46,grad,18603191296
3,6905.817,grad,18580089856
3,6907.06,grad,18577828864
3,6908.786,grad,18513703936
3,6910.062,grad,18517632000
3,6912.047,grad,18495717376
3,6913.682,grad,18495717376
3,6915.007,grad,18505318400
3,6916.643,grad,18492473344
3,6918.392,grad,18494605312
3,6919.666,grad,18488702976
3,6921.041,grad,18465601536
3,6922.287,grad,18463340544
3,6924.093,grad,18398167040
3,6925.375,grad,18394951680
3,6927.022,grad,18380180480
3,6928.564,grad,18380180480
3,6929.835,grad,18389584896
3,6931.567,grad,18377985024
3,6933.282,grad,18380116992
3,6934.605,grad,18374214656
3,6935.993,grad,18351113216
3,6937.24,grad,18329453568
3,6939.062,grad,18284760064
3,6940.405,grad,18281544704
3,6942.109,grad,18266773504
3,6943.684,grad,18266773504
3,6944.999,grad,18276374528
3,6946.656,grad,18263529472
3,6948.365,grad,18266710016
3,6949.643,grad,18260807680
3,6951.023,grad,18236657664
3,6952.267,grad,18234396672
3,6954.079,grad,18171320320
3,6955.642,grad,18167056384
3,6957.315,grad,18152285696
3,6958.817,grad,18152285184
3,6960.139,grad,18162738176
3,6961.719,grad,18150089728
3,6963.414,grad,18152221696
3,6964.725,grad,18146319360
3,6966.137,grad,18123217920
3,6967.386,grad,18101558272
3,6969.186,grad,18056832000
3,6970.506,grad,18052568064
3,6972.322,grad,18037797376
3,6973.797,grad,18037796864
3,6975.075,grad,18047168512
3,6976.938,grad,18035601408
3,6978.816,grad,18037733376
3,6980.131,grad,18031798272
3,6981.468,grad,18008729600
3,6982.726,grad,18006468608
3,6984.606,grad,17941295104
3,6985.94,grad,17939128320
3,6987.596,grad,17924357120
3,6989.155,grad,17924357120
3,6990.406,grad,17933761536
3,6991.923,grad,17922161664
3,6993.586,grad,17924293632
3,6994.936,grad,17917342720
3,6996.285,grad,17894241280
3,6997.586,grad,17892013056
3,6999.374,grad,17827888128
3,7000.955,grad,17822575616
3,7002.601,grad,17807771648
3,7004.149,grad,17807771648
3,7005.444,grad,17817143296
3,7007.038,grad,17805576192
3,7008.799,grad,17807708160
3,7010.107,grad,17801805824
3,7011.467,grad,17778704384
3,7012.736,grad,17776443392
3,7014.482,grad,17712351232
3,7015.792,grad,17709135872
3,7017.421,grad,17694397952
3,7018.941,grad,17694364672
3,7020.186,grad,17703769088
3,7021.991,grad,17691120640
3,7023.671,grad,17693285376
3,7025.006,grad,17686334464
3,7026.346,grad,17663200256
3,7027.61,grad,17660939264
3,7029.391,grad,17596847104
3,7030.648,grad,17600971776
3,7032.265,grad,17577779200
3,7033.806,grad,17577779200
3,7035.088,grad,17587183616
3,7036.668,grad,17575583744
3,7038.349,grad,17577715712
3,7039.593,grad,17571813376
3,7040.979,grad,17548711936
3,7042.239,grad,17527052288
3,7044.046,grad,17482326016
3,7045.322,grad,17485172736
3,7046.569,grad,17475407872
3,7047.813,grad,17463290880
3,7049.053,grad,17478003712
3,7050.53,grad,17460603904
3,7051.81,grad,17464765440
3,7053.362,grad,17463227392
3,7054.599,grad,17457325056
3,7055.845,grad,17434223616
3,7057.085,grad,17412563968
3,7058.319,grad,17367835648
3,7059.599,grad,17371507712
3,7060.855,grad,17360919552
3,7062.195,grad,17348802560
3,7063.728,grad,17348802560
3,7064.968,grad,17358174208
3,7066.873,grad,17346607104
3,7068.578,grad,17349787648
3,7069.859,grad,17342836736
3,7071.197,grad,17319735296
3,7072.46,grad,17298075648
3,7074.249,grad,17253349376
3,7075.542,grad,17250134016
3,7077.21,grad,17235362816
3,7078.761,grad,17234314240
3,7079.995,grad,17243718656
3,7081.508,grad,17232118784
3,7083.259,grad,17235299328
3,7084.533,grad,17228348416
3,7085.974,grad,17205246976
3,7087.215,grad,17202985984
3,7089.074,grad,17138861056
3,7090.665,grad,17135645696
3,7092.385,grad,17119825920
3,7093.967,grad,17119825920
3,7095.212,grad,17129197568
3,7096.82,grad,17117630464
3,7098.498,grad,17119762432
3,7099.757,grad,17113860096
3,7101.133,grad,17090758656
3,7102.397,grad,17069099008
3,7104.196,grad,17024372736
3,7105.513,grad,17020108800
3,7107.228,grad,17005337600
3,7108.783,grad,17005337600
3,7110.037,grad,17014742016
3,7112.055,grad,17003142144
3,7113.822,grad,17005274112
3,7115.117,grad,16999371776
3,7116.554,grad,16976270336
3,7117.838,grad,16954610688
3,7119.672,grad,16909884416
3,7120.97,grad,16906669056
3,7122.597,grad,16891897856
3,7124.16,grad,16891897856
3,7125.431,grad,16901269504
3,7127.074,grad,16889702400
3,7128.76,grad,16891834368
3,7130.037,grad,16884883456
3,7131.394,grad,16861782016
3,7132.651,grad,16840122368
3,7134.446,grad,16795396096
3,7135.692,grad,16799291392
3,7136.941,grad,16788477952
3,7138.177,grad,16776360960
3,7139.424,grad,16792122368
3,7140.681,grad,16777409536
3,7142.097,grad,16774165504
3,7143.898,grad,16776297472
3,7145.218,grad,16770395136
3,7146.472,grad,16747293696
3,7147.718,grad,16732974080
3,7148.957,grad,16684641280
3,7150.271,grad,16684577792
3,7151.526,grad,16670319616
3,7152.855,grad,16661938688
3,7154.262,grad,16661872640
3,7155.504,grad,16671473664
3,7157.409,grad,16659677184
3,7159.119,grad,16661809152
3,7160.369,grad,16694704128
3,7161.681,grad,16632805376
3,7162.96,grad,16630544384
3,7164.668,grad,16566517760
3,7165.919,grad,16563302400
3,7167.56,grad,16547482624
3,7169.124,grad,16547482624
3,7170.431,grad,16556919808
3,7171.926,grad,16545287168
3,7173.602,grad,16547419136
3,7174.85,grad,16541516800
3,7176.243,grad,16518415360
3,7177.516,grad,16496755712
3,7179.301,grad,16452029440
3,7180.542,grad,16455924736
3,7181.798,grad,16434042880
3,7183.047,grad,16434042880
3,7184.309,grad,16448755712
3,7185.804,grad,16431355904
3,7187.064,grad,16431847424
3,7188.72,grad,16433979392
3,7189.993,grad,16428077056
3,7191.351,grad,16404975616
3,7192.622,grad,16402714624
3,7194.518,grad,16338589696
3,7195.806,grad,16331704320
3,7197.505,grad,16316933120
3,7199.06,grad,16316670976
3,7200.362,grad,16326108160
3,7202.067,grad,16314475520
3,7203.382,grad,16309265408
3,7204.732,grad,16309265408
3,7206.017,grad,16309265408
3,7207.556,grad,16309264896
3,7209.499,grad,16309264896
3,7210.755,grad,16309264896
3,7212.315,grad,16309264896
3,7216.563,grad,16309264896
3,7217.992,grad,16309264896
3,7219.266,grad,16319062528
3,7220.522,grad,16330170880
3,7221.776,grad,16336790016
3,7223.497,grad,16336790016
3,7224.754,grad,16336797184
3,7226.262,grad,16498516480
3,7227.558,grad,16498516480
3,7228.97,grad,16498516480
3,7230.286,grad,16498516480
3,7231.535,grad,16470747136
3,7232.747,grad,16378078720
3,7234.013,grad,16298321408
3,7235.258,grad,16316835328
3,7236.506,grad,16421266944
3,7237.742,grad,16425035264
3,7238.986,grad,16297797120
3,7240.275,grad,16136306176
3,7241.541,grad,16160816640
3,7242.802,grad,16189652480
3,7244.05,grad,16219930112
3,7245.308,grad,16251256320
3,7246.546,grad,16278879744
3,7247.793,grad,16269999616
3,7249.055,grad,16136830464
3,7250.326,grad,16106716160
3,7251.574,grad,15986916352
3,7252.825,noise,15973610496
3,7254.082,noise,15973610496
3,7255.314,noise,15974822912
3,7256.542,noise,15975052288
3,7257.726,noise,15975281664
3,7258.954,noise,15976494080
3,7260.185,noise,15976723456
3,7261.438,noise,15976723456
3,7262.672,noise,15978165248
3,7263.944,noise,15978656768
3,7265.182,noise,15979115520
3,7266.43,noise,15979377664
3,7267.662,noise,15979377664
3,7268.902,noise,15981114368
3,7270.132,noise,15981343744
3,7271.357,noise,15981343744
3,7272.589,noise,15982785536
3,7273.856,noise,15982785536
3,7275.089,noise,15983997952
3,7276.317,noise,15984489472
3,7277.544,noise,15984948224
3,7278.725,noise,15985439744
3,7279.953,noise,15985439744
3,7281.175,noise,15986652160
3,7282.416,noise,15987110912
3,7283.669,noise,15987110912
3,7284.943,noise,15988552704
3,7286.179,noise,15988552704
3,7287.413,noise,15989765120
3,7288.642,noise,15990027264
3,7289.881,noise,15990486016
3,7291.108,noise,15990944768
3,7292.34,noise,15991206912
3,7293.605,noise,15992419328
3,7294.857,noise,15992648704
3,7296.09,noise,15992878080
3,7297.316,noise,15994090496
3,7298.546,noise,15994319872
3,7299.722,noise,15994319872
3,7300.943,noise,15995761664
3,7302.169,noise,15996023808
3,7303.408,noise,15996482560
3,7304.653,noise,15996974080
3,7305.894,noise,15996974080
3,7307.119,noise,15998186496
3,7308.348,noise,15998645248
3,7309.581,noise,15998645248
3,7310.84,noise,16000087040
3,7312.08,noise,16000087040
3,7313.32,noise,16002511872
3,7314.577,noise,16001561600
3,7315.853,noise,16002020352
3,7317.127,noise,16002708480
3,7318.385,noise,16002741248
3,7319.617,noise,16003953664
3,7320.856,noise,16004183040
3,7322.092,noise,16004412416
3,7323.32,noise,16005624832
3,7324.557,noise,16005854208
3,7325.791,noise,16005854208
3,7327.022,noise,16007066624
3,7328.269,noise,16007558144
3,7329.519,noise,16007787520
3,7330.753,noise,16008246272
3,7331.984,noise,16008508416
3,7333.238,noise,16008508416
3,7334.491,noise,16009950208
3,7335.726,noise,16010179584
3,7336.95,noise,16011392000
3,7338.173,noise,16011621376
3,7339.408,noise,16011621376
3,7340.656,noise,16012833792
3,7341.948,noise,16013325312
3,7343.188,noise,16013784064
3,7344.434,noise,16014275584
3,7345.669,noise,16014275584
3,7346.909,noise,16015488000
3,7348.138,noise,16015946752
3,7349.374,noise,16015946752
3,7350.595,noise,16017159168
3,7351.838,noise,16017388544
3,7353.064,noise,16018600960
3,7354.309,noise,16018863104
3,7355.547,noise,16019321856
3,7356.792,noise,16019780608
3,7358.023,noise,16020042752
3,7359.247,noise,16021255168
3,7360.475,noise,16021484544
3,7361.713,noise,16021713920
3,7362.937,noise,16022926336
3,7364.193,noise,16023155712
3,7365.432,noise,16023155712
3,7366.659,noise,16024597504
3,7367.894,noise,16025089024
3,7369.126,noise,16025547776
3,7370.354,noise,16025809920
3,7371.577,noise,16025809920
3,7372.813,noise,16027251712
3,7374.044,noise,16027481088
3,7375.282,noise,16027481088
3,7376.517,noise,16028922880
3,7377.742,noise,16028922880
3,7378.966,noise,16030135296
3,7380.189,noise,16030626816
3,7381.418,noise,16031085568
3,7382.653,noise,16031577088
3,7383.906,noise,16031577088
3,7385.168,noise,16032789504
3,7386.417,noise,16033248256
3,7387.648,noise,16033248256
3,7388.886,noise,16034690048
3,7390.118,noise,16034690048
3,7391.341,noise,16035902464
3,7392.608,noise,16036164608
3,7393.962,noise,16036623360
3,7395.27,noise,16037082112
3,7396.543,noise,16037344256
3,7397.792,noise,16038556672
3,7399.025,noise,16038786048
3,7400.256,noise,16039015424
3,7401.508,noise,16040227840
3,7402.77,noise,16040457216
3,7404.003,noise,16040457216
3,7405.244,noise,16041899008
3,7406.496,noise,16042390528
3,7407.728,noise,16042849280
3,7408.957,noise,16043111424
3,7410.182,noise,16043111424
3,7411.429,noise,16044553216
3,7412.674,noise,16044782592
3,7413.975,noise,16044782592
3,7415.263,noise,16046584832
3,7416.508,noise,16046584832
3,7417.752,noise,16047797248
3,7419.008,noise,16048288768
3,7420.237,noise,16048747520
3,7421.474,noise,16049239040
3,7422.72,noise,16049239040
3,7423.976,noise,16050451456
3,7425.225,noise,16050910208
3,7426.468,noise,16050910208
3,7427.758,noise,16052581376
3,7429.008,noise,16052352000
3,7430.271,noise,16053564416
3,7431.513,noise,16053826560
3,7432.743,noise,16054285312
3,7433.973,noise,16054973440
3,7435.215,noise,16055006208
3,7436.45,noise,16056218624
3,7437.677,noise,16056677376
3,7438.916,noise,16056677376
3,7440.137,noise,16057889792
3,7441.374,noise,16058119168
3,7442.611,noise,16058119168
3,7443.867,noise,16059560960
3,7445.109,noise,16060052480
3,7446.337,noise,16060511232
3,7447.564,noise,16060773376
3,7448.796,noise,16060773376
3,7450.037,noise,16061985792
3,7451.264,noise,16062444544
3,7452.494,noise,16062444544
3,7453.754,noise,16063886336
3,7455.004,noise,16063886336
3,7456.236,noise,16066311168
3,7457.476,noise,16065688576
3,7458.71,noise,16066147328
3,7459.936,noise,16066606080
3,7461.166,noise,16066868224
3,7462.394,noise,16068080640
3,7463.614,noise,16068310016
3,7464.853,noise,16068539392
3,7466.089,noise,16069751808
3,7467.318,noise,16069981184
3,7468.545,noise,16069981184
3,7469.769,noise,16071193600
3,7470.994,noise,16071685120
3,7472.215,noise,16072143872
3,7473.449,noise,16072635392
3,7474.676,noise,16072635392
3,7475.937,noise,16073847808
3,7477.176,noise,16074306560
3,7478.407,noise,16074306560
3,7479.629,noise,16075518976
3,7480.866,noise,16075748352
3,7482.088,noise,16076960768
3,7483.311,noise,16077222912
3,7484.546,noise,16077681664
3,7485.829,noise,16078140416
3,7487.071,noise,16078402560
3,7488.302,noise,16079614976
3,7489.53,noise,16079844352
3,7490.753,noise,16080073728
3,7491.993,noise,16081286144
3,7493.25,noise,16081515520
3,7494.496,noise,16081515520
3,7495.735,noise,16082727936
3,7496.974,noise,16083219456
3,7498.2,noise,16083678208
3,7499.44,noise,16084169728
3,7500.677,noise,16084169728
3,7501.917,noise,16085742592
3,7503.14,noise,16086201344
3,7504.373,noise,16086201344
3,7505.615,noise,16087413760
3,7506.875,noise,16087643136
3,7508.112,noise,16088855552
3,7509.37,noise,16089117696
3,7510.634,noise,16089576448
3,7511.886,noise,16090035200
3,7513.132,noise,16090297344
3,7514.372,noise,16090297344
3,7515.643,noise,16091968512
3,7516.905,noise,16091968512
3,7518.147,noise,16091968512
3,7519.46,noise,16093869056
3,7520.714,noise,16093410304
3,7521.942,noise,16094622720
3,7523.175,noise,16094884864
3,7524.411,noise,16095343616
3,7525.661,noise,16095802368
3,7526.941,noise,16096064512
3,7528.19,noise,16096064512
3,7529.432,noise,16097735680
3,7530.663,noise,16097735680
3,7531.899,noise,16097735680
3,7533.121,noise,16099177472
3,7534.345,noise,16099177472
3,7535.593,noise,16100389888
3,7536.842,noise,16100652032
3,7538.074,noise,16101110784
3,7539.305,noise,16101569536
3,7540.532,noise,16101831680
3,7541.755,noise,16101831680
3,7542.982,noise,16103273472
3,7544.204,noise,16103502848
3,7545.438,noise,16104715264
3,7546.678,noise,16104944640
3,7547.918,noise,16104944640
3,7549.142,noise,16106386432
3,7550.374,noise,16106648576
3,7551.61,noise,16107107328
3,7552.867,noise,16107598848
3,7554.095,noise,16107598848
3,7555.321,noise,16108811264
3,7556.568,noise,16109270016
3,7557.806,noise,16109270016
3,7559.05,noise,16110941184
3,7560.276,noise,16110711808
3,7561.516,noise,16111924224
3,7562.742,noise,16112186368
3,7563.97,noise,16112645120
3,7565.203,noise,16113333248
3,7566.458,noise,16113366016
3,7567.686,noise,16114578432
3,7568.924,noise,16115037184
3,7570.15,noise,16115037184
3,7571.375,noise,16116249600
3,7572.6,noise,16116478976
3,7573.839,noise,16116478976
3,7575.079,noise,16117920768
3,7576.321,noise,16118412288
3,7577.56,noise,16118871040
3,7578.803,noise,16119133184
3,7580.027,noise,16119133184
3,7581.246,noise,16120574976
3,7582.48,noise,16120804352
3,7583.715,noise,16120804352
3,7584.982,noise,16122246144
3,7586.223,noise,16122246144
3,7587.467,noise,16123458560
3,7588.691,noise,16123950080
3,7589.922,noise,16124638208
3,7591.148,noise,16124900352
3,7592.385,noise,16124900352
3,7593.627,noise,16126342144
3,7594.873,noise,16126571520
3,7596.134,noise,16126571520
3,7597.387,noise,16128013312
3,7598.614,noise,16128013312
3,7599.856,noise,16129356800
3,7601.084,noise,16129848320
3,7602.322,noise,16130307072
3,7603.569,noise,16130798592
3,7604.817,noise,16130798592
3,7606.049,noise,16132011008
3,7607.302,noise,16132469760
3,7608.537,noise,16132469760
3,7609.819,noise,16133911552
3,7611.078,noise,16133911552
3,7612.316,noise,16135123968
3,7613.559,noise,16135615488
3,7615.226,noise,16136074240
3,7616.491,noise,16135582720
3,7617.742,noise,16016634880
3,7619.025,optimizer,15974691840
3,7620.322,optimizer,15977437184
3,7621.574,optimizer,15977987072
3,7622.857,optimizer,15979595776
3,7624.111,optimizer,15979801088
3,7625.351,optimizer,15980289024
3,7626.671,optimizer,15980777984
3,7627.966,optimizer,15980925440
3,7629.224,optimizer,15982820352
3,7630.482,optimizer,15985350144
3,7631.734,optimizer,15986882560
3,7632.999,optimizer,15986213376
3,7634.242,optimizer,15987126784
3,7635.491,optimizer,15987192832
3,7636.76,optimizer,15989708800
3,7638.093,optimizer,15991470592
3,7639.337,optimizer,15994116608
3,7640.6,optimizer,15992235008
3,7641.859,optimizer,15992933376
3,7643.109,optimizer,15993422848
3,7644.353,optimizer,15994550784
3,7645.594,optimizer,15995235328
3,7646.88,optimizer,15996997120
3,7648.117,optimizer,15998562304
3,7649.346,optimizer,15998823936
3,7650.584,optimizer,15999314432
3,7651.842,optimizer,15999627776
3,7653.08,optimizer,16001354240
3,7654.313,optimizer,16005312000
3,7655.548,optimizer,16005403648
3,7656.821,optimizer,16004518912
3,7658.067,optimizer,16005203456
3,7659.302,optimizer,16005986304
3,7660.535,optimizer,16008256512
3,7661.77,optimizer,16008831488
3,7663.02,optimizer,16010327040
3,7664.247,optimizer,16010540032
3,7665.49,optimizer,16011912704
3,7666.738,optimizer,16011971584
3,7667.977,optimizer,16014298624
3,7669.204,optimizer,16013999616
3,7670.438,optimizer,16016630272
3,7671.664,optimizer,16016873984
3,7672.911,optimizer,16017588736
3,7674.138,optimizer,16018093568
3,7675.369,optimizer,16021611520
3,7676.603,optimizer,16021193728
3,7677.862,optimizer,16023709696
3,7679.113,optimizer,16023081984
3,7680.343,optimizer,16023738368
3,7681.599,optimizer,16024265728
3,7682.848,optimizer,16026779648
3,7684.106,optimizer,16029523456
3,7685.364,optimizer,16030088704
3,7686.625,optimizer,16029843968
3,7687.885,optimizer,16030118400
3,7689.133,optimizer,16030233088
3,7690.371,optimizer,16032175104
3,7691.622,optimizer,16033708032
3,7692.874,optimizer,16035407872
3,7694.153,optimizer,16035910144
3,7695.396,optimizer,16036613632
3,7696.635,optimizer,16038936064
3,7697.908,optimizer,16039803904
3,7699.145,optimizer,16041338368
3,7700.386,optimizer,16041574912
3,7701.628,optimizer,16042275328
3,7702.867,optimizer,16042991616
3,7704.096,optimizer,16045314560
3,7705.355,optimizer,16049271808
3,7706.592,optimizer,16048652288
3,7707.858,optimizer,16048149504
3,7709.097,optimizer,16048653312
3,7710.336,optimizer,16048768512
3,7711.6,optimizer,16050709504
3,7712.839,optimizer,16053226496
3,7714.072,optimizer,16053775872
3,7715.319,optimizer,16054312960
3,7716.561,optimizer,16055016960
3,7717.831,optimizer,16056084480
3,7719.085,optimizer,16056858624
3,7720.318,optimizer,16058378240
3,7721.579,optimizer,16060080128
3,7722.82,optimizer,16060566016
3,7724.051,optimizer,16061284352
3,7725.277,optimizer,16063639040
3,7726.516,optimizer,16064551936
3,7727.772,optimizer,16065855488
3,7729.057,optimizer,16066213376
3,7730.351,optimizer,16067158528
3,7731.631,optimizer,16067433984
3,7732.916,optimizer,16069740032
3,7734.176,optimizer,16070572544
3,7735.421,optimizer,16073050112
3,7736.653,optimizer,16072380416
3,7737.92,optimizer,16073079808
3,7739.162,optimizer,16073567744
3,7740.427,optimizer,16076146688
3,7741.726,optimizer,16076669952
3,7742.958,optimizer,16079413760
3,7744.204,optimizer,16078546432
3,7745.508,optimizer,16079198720
3,7746.752,optimizer,16079688192
3,7747.985,optimizer,16080830976
3,7749.216,optimizer,16081743872
3,7750.449,optimizer,16084259840
3,7751.676,optimizer,16084747776
3,7752.915,optimizer,16085235712
3,7754.141,optimizer,16085723648
3,7755.393,optimizer,16087020544
3,7756.635,optimizer,16087781888
3,7757.895,optimizer,16089543168
3,7759.128,optimizer,16091108352
3,7760.356,optimizer,16091398144
3,7761.599,optimizer,16091859456
3,7762.838,optimizer,16092140032
3,7764.065,optimizer,16093671936
3,7765.291,optimizer,16098611712
3,7766.53,optimizer,16097950208
3,7767.77,optimizer,16097064960
3,7769.004,optimizer,16097749504
3,7770.248,optimizer,16098532352
3,7771.484,optimizer,16100789760
3,7772.718,optimizer,16101340160
3,7773.951,optimizer,16102948352
3,7775.181,optimizer,16102987776
3,7776.427,optimizer,16103869952
3,7777.672,optimizer,16104373760
3,7778.925,optimizer,16109104640
3,7780.152,optimizer,16107473408
3,7781.389,optimizer,16109006848
3,7782.653,optimizer,16109417984
3,7783.911,optimizer,16109905408
3,7785.153,optimizer,16111081984
3,7786.403,optimizer,16111766528
3,7787.676,optimizer,16112681472
3,7788.933,optimizer,16114967552
3,7790.182,optimizer,16115745792
3,7791.417,optimizer,16116040704
3,7792.669,optimizer,16116529152
3,7793.937,optimizer,16119069184
3,7795.168,optimizer,16118586368
3,7796.406,optimizer,16120119296
3,7797.682,optimizer,16121690112
3,7798.939,optimizer,16122177024
3,7800.17,optimizer,16122892800
3,7801.405,optimizer,16124036608
3,7802.643,optimizer,16124950016
3,7803.883,optimizer,16127692800
3,7805.112,optimizer,16127822848
3,7806.345,optimizer,16128768512
3,7807.588,optimizer,16129043456
3,7808.838,optimizer,16132791296
3,7810.08,optimizer,16132144640
3,7811.341,optimizer,16136003584
3,7812.611,optimizer,16134163456
3,7813.867,optimizer,16134821376
3,7815.112,optimizer,16135603200
3,7816.365,optimizer,16137861632
3,7817.613,optimizer,16139622400
3,7818.895,optimizer,16141171712
3,7820.148,optimizer,16140724224
3,7821.394,optimizer,16141443584
3,7822.66,optimizer,16142495744
3,7823.906,optimizer,16143256576
3,7825.135,optimizer,16147442688
3,7826.362,optimizer,16146357760
3,7827.636,optimizer,16147089920
3,7828.912,optimizer,16147564032
3,7830.169,optimizer,16147450368
3,7831.407,optimizer,16149876224
3,7832.665,optimizer,16147450880
3,7833.912,optimizer,16147450368
3,7835.14,optimizer,16147909632
3,7836.372,optimizer,16147909632
3,7837.626,optimizer,16147581440
3,7838.904,optimizer,16147909120
3,7840.14,optimizer,16149875200
3,7841.398,optimizer,16147909120
3,7842.642,optimizer,16149875200
3,7843.898,optimizer,16147450880
3,7845.127,optimizer,16147450880
3,7846.355,optimizer,16148367872
3,7847.606,optimizer,16147909120
3,7848.911,optimizer,16147450368
3,7850.164,optimizer,16147909120
3,7851.419,optimizer,16147909120
3,7852.653,optimizer,16147581440
3,7853.92,optimizer,16147909632
3,7855.161,optimizer,16147909632
3,7856.419,optimizer,16147516416
3,7857.666,optimizer,16147450368
3,7858.934,optimizer,16147450880
3,7860.171,optimizer,16147909632
3,7861.403,optimizer,16147909120
3,7862.637,optimizer,16147581440
3,7863.9,optimizer,16149875200
3,7865.132,optimizer,16147450368
3,7866.362,optimizer,16147450368
3,7867.596,optimizer,16152300032
3,7868.89,optimizer,16147450368
3,7870.128,optimizer,16157544448
3,7871.36,optimizer,16170651648
3,7872.604,optimizer,16186871296
3,7873.872,optimizer,16198176768
3,7875.125,optimizer,16211120128
3,7876.353,optimizer,16225800192
3,7877.589,optimizer,16239267840
3,7878.852,optimizer,16252735488
3,7880.141,optimizer,16267611648
3,7881.567,optimizer,16280326144
3,7882.879,optimizer,16295006208
3,7884.165,optimizer,16308703232
3,7885.446,optimizer,16210167296
3,7886.716,optimizer,16146727936
3,7888.004,optimizer,16174482432
3,7889.254,optimizer,16204399616
3,7890.502,optimizer,16236741632
3,7891.756,optimizer,16267772928
3,7893.026,optimizer,16297460736
3,7894.293,optimizer,16243885056
3,7895.57,optimizer,16147383296
3,7896.834,optimizer,16175399936
3,7898.073,optimizer,16204596224
3,7899.32,optimizer,16233890816
3,7900.561,optimizer,16262956032
3,7901.823,optimizer,16293037056
3,7903.064,optimizer,16258532352
3,7904.317,optimizer,16128443392
3,7905.565,optimizer,15985170944
3,7906.839,optimizer,15980818944
3,7908.094,optimizer,15976774656
3,7909.508,optimizer,15974953984
3,7910.751,optimizer,15974953984
3,7911.988,optimizer,15974953984
3,7913.237,optimizer,15974953984
4,6.072,grad,15974299136
4,12.544,grad,15974307328
4,18.983,grad,15974307328
4,25.471,grad,15974307328
4,29.987,grad,15974307328
4,31.315,grad,15981784576
4,33.532,grad,15981913600
4,36.156,grad,15989253632
4,37.543,grad,15998690816
4,38.97,grad,15998690816
4,40.262,grad,16014535168
4,42.292,grad,16028232192
4,43.562,grad,16035576320
4,44.845,grad,16143710720
4,46.307,grad,16143710720
4,47.561,grad,16221370880
4,49.149,grad,16221370880
4,51.635,grad,16228715008
4,52.961,grad,16238152192
4,54.408,grad,16238152192
4,55.666,grad,16253996544
4,57.585,grad,16275033600
4,58.847,grad,16313835008
4,60.092,grad,16537312768
4,61.376,grad,16382123520
4,62.641,grad,16513261056
4,64.039,grad,16459783680
4,66.59,grad,16467127808
4,67.953,grad,16476564992
4,69.373,grad,16476564992
4,70.63,grad,16484953600
4,72.811,grad,16506106368
4,74.102,grad,16513450496
4,75.42,grad,16620536320
4,76.867,grad,16620536320
4,78.129,grad,16751673856
4,79.511,grad,16698196480
4,81.976,grad,16705540608
4,83.378,grad,16714977792
4,84.842,grad,16714977792
4,86.168,grad,16730822144
4,88.024,grad,16744519168
4,89.269,grad,16751863296
4,90.539,grad,16936543744
4,91.824,grad,16858949120
4,93.083,grad,16997426688
4,94.68,grad,16936609280
4,97.142,grad,16943953408
4,98.5,grad,16953390592
4,99.975,grad,16953390592
4,101.249,grad,16969234944
4,103.162,grad,16982931968
4,104.426,grad,17029073408
4,105.675,grad,17174956544
4,106.923,grad,17097361920
4,108.171,grad,17182362112
4,109.445,grad,17175022080
4,111.987,grad,17182366208
4,113.604,grad,17191803392
4,115.087,grad,17191803392
4,116.378,grad,17207647744
4,118.34,grad,17228684800
4,119.604,grad,17267486208
4,120.886,grad,17413369344
4,122.249,grad,17335774720
4,123.542,grad,17420774912
4,124.832,grad,17413434880
4,127.282,grad,17420779008
4,128.614,grad,17430216192
4,130.203,grad,17430216192
4,131.478,grad,17453400576
4,133.28,grad,17459757568
4,134.555,grad,17467101696
4,135.863,grad,17574187520
4,137.411,grad,17574187520
4,139.714,grad,17651847680
4,142.214,grad,17659191808
4,143.624,grad,17668628992
4,145.072,grad,17668628992
4,146.326,grad,17684473344
4,148.175,grad,17698170368
4,149.427,grad,17705514496
4,150.687,grad,17890194944
4,151.978,grad,17812600320
4,154.481,grad,17890260480
4,157.06,grad,17897604608
4,158.47,grad,17897719296
4,159.814,grad,17907041792
4,161.287,grad,17907041792
4,162.565,grad,17930226176
4,164.385,grad,17936583168
4,165.642,grad,17982724608
4,166.916,grad,18206202368
4,168.21,grad,18089810432
4,170.481,grad,18136013312
4,172.895,grad,18136017408
4,174.196,grad,18145454592
4,175.588,grad,18145454592
4,176.847,grad,18161298944
4,178.72,grad,18174995968
4,179.976,grad,18221137408
4,181.218,grad,18367020544
4,182.679,grad,18289425920
4,183.966,grad,18374426112
4,185.249,grad,18367086080
4,187.778,grad,18374430208
4,189.041,grad,18383867392
4,190.512,grad,18383867392
4,191.758,grad,18407051776
4,193.475,grad,18413408768
4,194.731,grad,18420752896
4,195.983,grad,18605433344
4,197.282,grad,18527838720
4,198.556,grad,18605498880
4,199.826,grad,18605498880
4,202.464,grad,18612843008
4,203.812,grad,18622280192
4,205.202,grad,18622280192
4,206.446,grad,18638124544
4,208.333,grad,18651821568
4,209.581,grad,18697963008
4,210.854,grad,18843846144
4,212.182,grad,18805048832
4,214.39,grad,18843911680
4,217.066,grad,18851255808
4,218.477,grad,18860692992
4,219.88,grad,18860692992
4,221.129,grad,18883877376
4,222.953,grad,18890234368
4,224.269,grad,18897578496
4,225.522,grad,19004664320
4,227.053,grad,19004664320
4,228.32,grad,19143141888
4,229.669,grad,19082324480
4,232.106,grad,19089668608
4,233.453,grad,19099105792
4,234.875,grad,19099105792
4,236.128,grad,19122290176
4,237.964,grad,19128647168
4,239.209,grad,19135991296
4,240.452,grad,19320671744
4,241.69,grad,19243077120
4,242.961,grad,19328077312
4,244.3,grad,19320737280
4,247.042,grad,19328081408
4,248.34,grad,19337518592
4,249.719,grad,19337518592
4,250.976,grad,19360702976
4,252.754,grad,19367059968
4,254.023,grad,19374404096
4,255.273,grad,19559084544
4,256.512,grad,19481489920
4,257.758,grad,19619967488
4,259.116,grad,19559150080
4,261.504,grad,19566494208
4,262.873,grad,19575931392
4,264.488,grad,19575931392
4,265.764,grad,19599115776
4,267.581,grad,19605472768
4,268.852,grad,19651614208
4,270.106,grad,19797497344
4,271.397,grad,19758700032
4,273.671,grad,19804902912
4,276.085,grad,19804907008
4,277.423,grad,19814344192
4,278.913,grad,19814344192
4,280.16,grad,19837528576
4,282.07,grad,19843885568
4,283.372,grad,19851229696
4,284.648,grad,20035910144
4,285.918,grad,19958315520
4,287.168,grad,20096793088
4,288.722,grad,20035975680
4,291.191,grad,20043319808
4,292.517,grad,20052756992
4,294.004,grad,20052756992
4,295.286,grad,20075941376
4,297.085,grad,20082298368
4,298.393,grad,20089642496
4,299.646,grad,20274322944
4,300.963,grad,20196728320
4,302.213,grad,20335205888
4,303.634,grad,20281728512
4,306.282,grad,20281732608
4,307.667,grad,20291169792
4,309.126,grad,20291169792
4,310.389,grad,20307014144
4,312.309,grad,20320711168
4,313.61,grad,20366852608
4,314.9,grad,20512735744
4,316.156,grad,20435141120
4,317.417,grad,20512801280
4,318.725,grad,20512801280
4,321.183,grad,20520145408
4,322.518,grad,20529582592
4,324.059,grad,20529582592
4,325.319,grad,20545426944
4,327.181,grad,20559123968
4,328.501,grad,20573808128
4,329.808,grad,20673488384
4,331.351,grad,20673553920
4,332.602,grad,20751214080
4,333.934,grad,20751214080
4,336.485,grad,20758558208
4,337.857,grad,20767995392
4,339.311,grad,20767995392
4,340.557,grad,20791179776
4,342.352,grad,20797536768
4,343.607,grad,20804880896
4,344.921,grad,20989561344
4,346.22,grad,20911966720
4,347.471,grad,21043104256
4,348.934,grad,20989626880
4,351.625,grad,20996971008
4,352.992,grad,21006408192
4,354.473,grad,21006408192
4,355.729,grad,21022252544
4,357.528,grad,21035949568
4,358.845,grad,21043293696
4,360.087,grad,21227974144
4,361.347,grad,21150379520
4,362.59,grad,21228039680
4,363.979,grad,21228039680
4,366.416,grad,21235383808
4,367.811,grad,21244820992
4,369.443,grad,21244820992
4,370.72,grad,21268005376
4,372.525,grad,21274362368
4,373.78,grad,21281706496
4,375.044,grad,21466386944
4,376.341,grad,21388792320
4,377.591,grad,21527269888
4,379.093,grad,21466452480
4,381.535,grad,21473796608
4,382.918,grad,21483233792
4,384.398,grad,21483233792
4,385.656,grad,21506418176
4,387.533,grad,21512775168
4,388.771,grad,21520119296
4,390.024,grad,21705848320
4,391.308,grad,21628253696
4,392.565,grad,21766731264
4,394.076,grad,21705913856
4,396.586,grad,21713257984
4,397.949,grad,21722695168
4,399.482,grad,21722695168
4,400.731,grad,21738539520
4,402.569,grad,21752236544
4,403.885,grad,21759580672
4,405.157,grad,21944261120
4,406.4,grad,21866666496
4,407.673,grad,21944326656
4,409.053,grad,21944326656
4,412.678,grad,21951670784
4,414.234,grad,21961107968
4,415.794,grad,21961107968
4,417.118,grad,21976952320
4,419.226,grad,21990649344
4,420.492,grad,21997993472
4,421.752,grad,22105079296
4,423.26,grad,22105079296
4,424.523,grad,22243556864
4,426.166,grad,22182739456
4,428.831,grad,22190083584
4,430.256,grad,22199520768
4,431.684,grad,22199520768
4,432.95,grad,22215365120
4,434.938,grad,22229062144
4,436.194,grad,22243746304
4,437.452,grad,22343426560
4,439.027,grad,22382289408
4,440.284,grad,22421152256
4,441.569,grad,22421152256
4,444.034,grad,22428496384
4,445.43,grad,22437933568
4,446.949,grad,22437933568
4,448.208,grad,22461117952
4,450.108,grad,22474814976
4,451.365,grad,22513616384
4,452.618,grad,22737094144
4,453.974,grad,22620702208
4,456.414,grad,22659565056
4,457.743,grad,22970992128
4,459.031,grad,23593863168
4,460.303,grad,23593873408
4,462.491,grad,23586515968
4,463.738,grad,23275089408
4,464.977,grad,23275089408
4,466.218,grad,23275089408
4,468.033,grad,23275090944
4,469.712,grad,22663262720
4,470.97,grad,22662437376
4,472.357,grad,22616234496
4,473.599,grad,22612597248
4,475.358,grad,22484345344
4,476.619,grad,22477916672
4,478.374,grad,22448375296
4,479.89,grad,22448375296
4,481.141,grad,22467184128
4,482.637,grad,22443492864
4,484.33,grad,22445100544
4,485.618,grad,22448698880
4,487.05,grad,22390240768
4,488.301,grad,22346921472
4,489.573,grad,22257466880
4,490.836,grad,22250124800
4,492.115,grad,22240486912
4,493.373,grad,22221497344
4,494.887,grad,22221496832
4,496.146,grad,22240240128
4,497.711,grad,22216614400
4,499.355,grad,22218222080
4,500.6,grad,22209565184
4,501.946,grad,22163362304
4,503.186,grad,22158840320
4,504.897,grad,22030588416
4,506.153,grad,22024159744
4,507.862,grad,21994618368
4,509.668,grad,21994618368
4,510.942,grad,22013361664
4,512.466,grad,21989735936
4,514.519,grad,21991343616
4,515.867,grad,21982686720
4,517.228,grad,21936483840
4,518.472,grad,21931961856
4,520.202,grad,21803709952
4,521.45,grad,21796822528
4,523.387,grad,21767740416
4,525.006,grad,21767739904
4,526.312,grad,21786024448
4,527.577,grad,21762710016
4,528.862,grad,21770230272
4,530.785,grad,21763940864
4,532.059,grad,21753383424
4,533.337,grad,21709605376
4,534.588,grad,21673691648
4,535.854,grad,21629323776
4,537.265,grad,21575782912
4,538.557,grad,21569354240
4,540.312,grad,21539812864
4,541.89,grad,21539812864
4,543.133,grad,21558621696
4,544.664,grad,21534930432
4,546.388,grad,21536013824
4,547.64,grad,21605475840
4,548.972,grad,21481678336
4,550.214,grad,21477156352
4,551.926,grad,21348904448
4,553.167,grad,21357155840
4,554.816,grad,21312934400
4,556.626,grad,21312934400
4,557.968,grad,21331808768
4,559.371,grad,21308051968
4,561.044,grad,21309135360
4,562.283,grad,21378597376
4,563.573,grad,21254799872
4,564.824,grad,21250277888
4,566.602,grad,21122025984
4,567.903,grad,21115597312
4,569.646,grad,21086055936
4,571.213,grad,21086055936
4,572.514,grad,21104930304
4,573.966,grad,21081173504
4,576.038,grad,21082256896
4,577.3,grad,21074058752
4,578.535,grad,20989124096
4,579.789,grad,21100994048
4,581.486,grad,20895147520
4,582.725,grad,20903398912
4,584.329,grad,20859177472
4,585.889,grad,20859177472
4,587.196,grad,20877986304
4,588.734,grad,20854295040
4,590.442,grad,20855378432
4,591.688,grad,20924840448
4,593.023,grad,20801042944
4,594.266,grad,20796520960
4,595.982,grad,20668269056
4,597.272,grad,20661840384
4,598.97,grad,20632299008
4,600.798,grad,20632299008
4,602.121,grad,20651173376
4,603.525,grad,20627416576
4,605.173,grad,20628499968
4,606.416,grad,20620367360
4,607.789,grad,20574164480
4,609.041,grad,20647237120
4,610.743,grad,20441390592
4,612.024,grad,20434961920
4,613.886,grad,20405420544
4,615.435,grad,20405420544
4,616.689,grad,20424229376
4,618.254,grad,20400538112
4,620.138,grad,20401621504
4,621.413,grad,20471083520
4,622.693,grad,20347286016
4,623.971,grad,20303966720
4,625.251,grad,20214512128
4,626.497,grad,20221852160
4,627.76,grad,20200677888
4,629.422,grad,20178542080
4,631.008,grad,20178542080
4,632.313,grad,20197416448
4,633.739,grad,20173659648
4,635.431,grad,20174743040
4,636.696,grad,20166610432
4,638.056,grad,20120407552
4,639.317,grad,20077088256
4,641.13,grad,19987633664
4,642.367,grad,19995885056
4,644.018,grad,19951664128
4,645.824,grad,19951663616
4,647.139,grad,19970537984
4,648.561,grad,19946781184
4,650.253,grad,19947864576
4,651.51,grad,20017326592
4,652.798,grad,19893529088
4,654.053,grad,19889007104
4,655.763,grad,19760820736
4,657.029,grad,19769072128
4,658.645,grad,19724850688
4,660.208,grad,19724850688
4,661.507,grad,19743725056
4,662.946,grad,19719968256
4,664.85,grad,19721051648
4,666.118,grad,19712919040
4,667.481,grad,19666716160
4,668.737,grad,19662194176
4,670.41,grad,19533942272
4,671.659,grad,19542128128
4,673.285,grad,19497972224
4,674.808,grad,19497972224
4,676.064,grad,19516846592
4,677.457,grad,19493089792
4,679.259,grad,19494173184
4,680.517,grad,19524772352
4,681.754,grad,19401040384
4,683.003,grad,19435315712
4,684.6,grad,19307129344
4,685.865,grad,19315380736
4,687.509,grad,19271159808
4,689.616,grad,19271159296
4,690.941,grad,19290033664
4,692.349,grad,19266276864
4,694.029,grad,19267360256
4,695.264,grad,19259227648
4,696.638,grad,19213024768
4,697.94,grad,19208502784
4,699.643,grad,19080250880
4,700.901,grad,19073822208
4,702.534,grad,19044280832
4,704.056,grad,19044280832
4,705.327,grad,19063155200
4,706.739,grad,19039398400
4,708.41,grad,19040481792
4,709.654,grad,19044604416
4,710.996,grad,18986146304
4,712.278,grad,18957507072
4,713.536,grad,18899507712
4,714.981,grad,18860712448
4,716.234,grad,18832198144
4,717.514,grad,18817402368
4,719.064,grad,18817402368
4,720.335,grad,18836276736
4,721.769,grad,18812519936
4,723.431,grad,18813603328
4,724.669,grad,18883065344
4,726.094,grad,18759267840
4,727.347,grad,18677151232
4,729.205,grad,18626493952
4,730.454,grad,18620065280
4,732.176,grad,18590523904
4,733.942,grad,18590523904
4,735.226,grad,18609398272
4,736.642,grad,18585641472
4,738.313,grad,18586724864
4,739.547,grad,18578592256
4,740.948,grad,18532389376
4,742.188,grad,18527867392
4,743.934,grad,18399615488
4,745.175,grad,18407866880
4,746.904,grad,18363645440
4,748.404,grad,18363645440
4,749.673,grad,18382519808
4,751.091,grad,18358763008
4,752.724,grad,18359846400
4,753.96,grad,18363969024
4,755.291,grad,18305510912
4,756.528,grad,18269531648
4,757.724,grad,18211532288
4,759.139,grad,18180077056
4,760.389,grad,18151562752
4,761.652,grad,18137684992
4,763.146,grad,18136766976
4,764.424,grad,18155641344
4,765.827,grad,18131884544
4,767.691,grad,18133950976
4,768.944,grad,18124769792
4,770.206,grad,18078632448
4,771.469,grad,18074110464
4,773.199,grad,17945858560
4,774.451,grad,17954044416
4,776.109,grad,17909888512
4,778.032,grad,17909888512
4,779.337,grad,17928631808
4,781.007,grad,17905006080
4,782.664,grad,17906089472
4,783.945,grad,17897956864
4,785.281,grad,17851753984
4,786.544,grad,17847232000
4,788.299,grad,17719045632
4,789.554,grad,17727231488
4,791.203,grad,17683075584
4,792.76,grad,17683075584
4,794.088,grad,17701949952
4,795.515,grad,17678193152
4,797.623,grad,17679276544
4,798.929,grad,17671078400
4,800.173,grad,17586143744
4,801.426,grad,17620419072
4,803.075,grad,17492232704
4,804.323,grad,17485804032
4,806.04,grad,17456262656
4,807.576,grad,17456262656
4,808.911,grad,17475137024
4,810.299,grad,17451380224
4,811.994,grad,17452463616
4,813.261,grad,17444331008
4,814.512,grad,17398128128
4,815.76,grad,17354808832
4,817.004,grad,17265417728
4,818.329,grad,17272759808
4,819.576,grad,17244245504
4,820.837,grad,17229449728
4,822.582,grad,17229449728
4,823.871,grad,17248324096
4,825.273,grad,17224567296
4,827.072,grad,17225650688
4,828.359,grad,17217518080
4,829.674,grad,17171315200
4,830.938,grad,17166793216
4,832.623,grad,17038606848
4,833.885,grad,17046858240
4,835.492,grad,17002636800
4,836.995,grad,17002636800
4,838.24,grad,17021445632
4,839.784,grad,16997754368
4,841.468,grad,16998837760
4,842.716,grad,17002960384
4,844.092,grad,16944502272
4,845.35,grad,16915863040
4,846.584,grad,16819066368
4,847.967,grad,16819068416
4,849.217,grad,16790554112
4,850.557,grad,16775758848
4,851.966,grad,16775758336
4,853.235,grad,16794632704
4,854.676,grad,16770875904
4,856.348,grad,16771959296
4,857.596,grad,16763826688
4,858.988,grad,16717623808
4,860.24,grad,16713101824
4,861.984,grad,16584849920
4,863.254,grad,16578355712
4,864.809,grad,16548879872
4,866.543,grad,16548879872
4,867.8,grad,16567754240
4,869.303,grad,16543997440
4,870.966,grad,16545080832
4,872.218,grad,16614542848
4,873.508,grad,16490745344
4,874.751,grad,16485174784
4,876.42,grad,16356988416
4,877.677,grad,16343219712
4,879.605,grad,16313678336
4,881.338,grad,16313416192
4,882.683,grad,16332225024
4,884.363,grad,16308533760
4,885.64,grad,16298605056
4,886.948,grad,16298605056
4,888.185,grad,16298605056
4,890.652,grad,16298604544
4,891.937,grad,16298604544
4,893.224,grad,16298604544
4,894.473,grad,16298604544
4,898.039,grad,16298604544
4,899.389,grad,16298604544
4,900.638,grad,16316758016
4,901.934,grad,16339826688
4,903.202,grad,16353654784
4,904.974,grad,16353654784
4,906.296,grad,16353980416
4,907.563,grad,16515620864
4,910.172,grad,16515620864
4,911.434,grad,16515620864
4,913.003,grad,16460086272
4,914.278,grad,16273112064
4,915.599,grad,16135781376
4,921.4,grad,16135781376
4,927.821,grad,16135789568
4,934.187,grad,16135789568
4,940.552,grad,16135789568
4,945.166,grad,16135789568
4,946.467,grad,16143266816
4,948.515,grad,16143395840
4,951.06,grad,16150735872
4,952.468,grad,16160173056
4,953.944,grad,16160173056
4,955.192,grad,16183357440
4,956.977,grad,16189714432
4,958.222,grad,16197058560
4,959.469,grad,16382787584
4,960.79,grad,16305192960
4,963.201,grad,16382853120
4,965.977,grad,16390197248
4,967.301,grad,16399634432
4,968.93,grad,16399634432
4,970.228,grad,16422818816
4,971.962,grad,16429175808
4,973.213,grad,16436519936
4,974.459,grad,16621200384
4,975.838,grad,16582403072
4,978.017,grad,16621265920
4,980.465,grad,16628610048
4,981.721,grad,16638047232
4,983.141,grad,16638047232
4,984.397,grad,16653891584
4,986.387,grad,16667588608
4,987.644,grad,16713730048
4,988.91,grad,16937207808
4,990.198,grad,16820815872
4,992.375,grad,16859678720
4,994.853,grad,16867022848
4,996.181,grad,16876460032
4,997.566,grad,16876460032
4,998.829,grad,16899644416
4,1000.56,grad,16906001408
4,1001.827,grad,16913345536
4,1003.071,grad,17098025984
4,1004.327,grad,17020431360
4,1005.569,grad,17173588992
4,1007.008,grad,17098091520
4,1009.449,grad,17105435648
4,1010.778,grad,17114872832
4,1012.198,grad,17114872832
4,1013.474,grad,17138057216
4,1015.282,grad,17144414208
4,1016.535,grad,17151758336
4,1017.787,grad,17336438784
4,1019.063,grad,17258844160
4,1020.334,grad,17336504320
4,1021.608,grad,17343844352
4,1024.197,grad,17343848448
4,1025.5,grad,17353285632
4,1026.896,grad,17353285632
4,1028.143,grad,17376470016
4,1029.892,grad,17382827008
4,1031.147,grad,17390171136
4,1032.393,grad,17652446208
4,1033.631,grad,17536054272
4,1035.807,grad,17574917120
4,1038.173,grad,17582261248
4,1039.485,grad,17591698432
4,1040.932,grad,17591698432
4,1042.19,grad,17614882816
4,1044.041,grad,17621239808
4,1045.48,grad,17667381248
4,1046.747,grad,17890859008
4,1047.996,grad,17774467072
4,1050.214,grad,17813329920
4,1052.59,grad,17820674048
4,1053.865,grad,17830111232
4,1055.309,grad,17830111232
4,1056.582,grad,17853295616
4,1058.224,grad,17859652608
4,1059.484,grad,17866996736
4,1060.731,grad,18051677184
4,1062.056,grad,18012879872
4,1064.328,grad,18051742720
4,1066.912,grad,18059086848
4,1068.185,grad,18068524032
4,1069.569,grad,18068524032
4,1070.825,grad,18091708416
4,1072.585,grad,18098065408
4,1073.845,grad,18144206848
4,1075.092,grad,18367684608
4,1076.372,grad,18251292672
4,1078.496,grad,18290155520
4,1080.96,grad,18297499648
4,1082.228,grad,18306936832
4,1083.862,grad,18306936832
4,1085.165,grad,18330121216
4,1086.848,grad,18336478208
4,1088.14,grad,18343822336
4,1089.419,grad,18606097408
4,1090.727,grad,18489705472
4,1092.873,grad,18528568320
4,1095.287,grad,18535912448
4,1096.553,grad,18545349632
4,1097.999,grad,18545349632
4,1099.244,grad,18568534016
4,1101.059,grad,18574891008
4,1102.309,grad,18621032448
4,1104.677,grad,18689320960
4,1105.957,grad,18766981120
4,1107.204,grad,18766981120
4,1109.629,grad,18774325248
4,1111.006,grad,18783762432
4,1112.476,grad,18783762432
4,1113.743,grad,18799606784
4,1115.675,grad,18813303808
4,1116.948,grad,18859445248
4,1118.194,grad,19005328384
4,1119.466,grad,18966531072
4,1121.726,grad,19005393920
4,1124.278,grad,19012738048
4,1125.651,grad,19022175232
4,1127.121,grad,19022175232
4,1128.374,grad,19045359616
4,1130.195,grad,19051716608
4,1131.452,grad,19097858048
4,1132.712,grad,19321335808
4,1133.946,grad,19204943872
4,1136.26,grad,19243806720
4,1138.621,grad,19251150848
4,1139.921,grad,19260588032
4,1141.411,grad,19260588032
4,1142.716,grad,19283772416
4,1145.568,grad,19290129408
4,1146.872,grad,19336270848
4,1148.123,grad,19559748608
4,1149.403,grad,19443356672
4,1151.666,grad,19482219520
4,1154.053,grad,19489563648
4,1155.394,grad,19499000832
4,1156.883,grad,19499000832
4,1158.166,grad,19522185216
4,1159.918,grad,19528542208
4,1161.173,grad,19535886336
4,1162.446,grad,19720566784
4,1163.797,grad,19681769472
4,1166.332,grad,19727972352
4,1168.696,grad,19727976448
4,1169.986,grad,19737413632
4,1171.446,grad,19737413632
4,1172.782,grad,19760598016
4,1174.526,grad,19766955008
4,1175.796,grad,19774299136
4,1177.077,grad,19958979584
4,1178.339,grad,19920182272
4,1180.613,grad,19959045120
4,1183.031,grad,19966389248
4,1184.515,grad,19975826432
4,1186.04,grad,19975826432
4,1187.31,grad,19999010816
4,1189.087,grad,20005367808
4,1190.343,grad,20012711936
4,1191.588,grad,20119797760
4,1192.903,grad,20119797760
4,1194.15,grad,20204797952
4,1195.451,grad,20197457920
4,1197.902,grad,20204802048
4,1199.209,grad,20214239232
4,1200.625,grad,20214239232
4,1201.9,grad,20237423616
4,1203.711,grad,20243780608
4,1204.968,grad,20251124736
4,1206.224,grad,20358145024
4,1207.662,grad,20358210560
4,1208.961,grad,20435870720
4,1210.335,grad,20443210752
4,1212.942,grad,20443214848
4,1214.363,grad,20452652032
4,1215.938,grad,20452652032
4,1217.196,grad,20475836416
4,1218.95,grad,20482193408
4,1220.199,grad,20489537536
4,1221.475,grad,20596623360
4,1222.853,grad,20596623360
4,1224.12,grad,20681623552
4,1225.687,grad,20674283520
4,1228.271,grad,20681627648
4,1229.613,grad,20691064832
4,1231.212,grad,20691064832
4,1232.493,grad,20714249216
4,1234.306,grad,20720606208
4,1235.575,grad,20727950336
4,1236.864,grad,20912630784
4,1238.128,grad,20835036160
4,1239.441,grad,20912696320
4,1240.799,grad,20912696320
4,1243.369,grad,20920155136
4,1244.658,grad,20929477632
4,1246.303,grad,20929477632
4,1247.564,grad,20952662016
4,1249.299,grad,20959019008
4,1250.573,grad,20966363136
4,1251.926,grad,21073448960
4,1253.377,grad,21073448960
4,1254.641,grad,21158449152
4,1255.94,grad,21151109120
4,1258.446,grad,21158453248
4,1259.826,grad,21167890432
4,1261.361,grad,21167890432
4,1262.617,grad,21191074816
4,1264.413,grad,21197431808
4,1265.661,grad,21243573248
4,1266.919,grad,21389456384
4,1268.375,grad,21311861760
4,1269.638,grad,21389521920
4,1270.971,grad,21389521920
4,1273.512,grad,21396866048
4,1274.866,grad,21406303232
4,1276.342,grad,21406303232
4,1277.606,grad,21422147584
4,1279.537,grad,21435844608
4,1280.82,grad,21443188736
4,1282.065,grad,21550274560
4,1283.471,grad,21550274560
4,1284.763,grad,21635274752
4,1286.053,grad,21627934720
4,1288.712,grad,21635278848
4,1290.053,grad,21644716032
4,1291.479,grad,21644716032
4,1292.722,grad,21660560384
4,1294.596,grad,21674257408
4,1295.865,grad,21681601536
4,1297.177,grad,21788687360
4,1298.614,grad,21788687360
4,1299.918,grad,21866347520
4,1301.273,grad,21866347520
4,1303.876,grad,21873691648
4,1305.317,grad,21883128832
4,1306.882,grad,21883128832
4,1308.159,grad,21898973184
4,1310.205,grad,21912670208
4,1311.474,grad,21920014336
4,1312.753,grad,22027100160
4,1314.261,grad,22027100160
4,1315.538,grad,22104760320
4,1316.988,grad,22104760320
4,1319.425,grad,22112104448
4,1320.849,grad,22121541632
4,1322.289,grad,22121541632
4,1323.534,grad,22137385984
4,1325.429,grad,22151083008
4,1326.697,grad,22158427136
4,1327.961,grad,22265512960
4,1329.365,grad,22265512960
4,1330.846,grad,22343173120
4,1332.237,grad,22343173120
4,1334.683,grad,22350517248
4,1336.032,grad,22359954432
4,1337.497,grad,22359954432
4,1338.742,grad,22383138816
4,1340.515,grad,22389495808
4,1341.758,grad,22396839936
4,1343.002,grad,22503925760
4,1344.41,grad,22503925760
4,1345.655,grad,22581585920
4,1347.016,grad,22581585920
4,1349.669,grad,22588930048
4,1351.079,grad,22598367232
4,1352.542,grad,22598367232
4,1353.81,grad,22614211584
4,1355.691,grad,22627908608
4,1356.956,grad,22635252736
4,1358.198,grad,22742338560
4,1359.535,grad,22742338560
4,1360.789,grad,22881864704
4,1362.15,grad,22819998720
4,1363.398,grad,23131425792
4,1364.645,grad,23754313728
4,1365.901,grad,23746957824
4,1368.021,grad,23746949632
4,1369.264,grad,23435523072
4,1370.493,grad,23435523072
4,1371.718,grad,23435523072
4,1373.392,grad,23435524608
4,1375.089,grad,22823696384
4,1376.337,grad,22822871040
4,1377.761,grad,22776668160
4,1379.014,grad,22772867072
4,1381.204,grad,22645499904
4,1382.488,grad,22639071232
4,1384.222,grad,22609529856
4,1385.812,grad,22609529856
4,1387.07,grad,22628731904
4,1388.79,grad,22604647424
4,1390.668,grad,22605763584
4,1391.929,grad,22595173376
4,1393.232,grad,22551395328
4,1394.472,grad,22508076032
4,1395.716,grad,22418619392
4,1397.064,grad,22425961472
4,1398.315,grad,22397447168
4,1399.661,grad,22382651392
4,1401.386,grad,22382651392
4,1402.665,grad,22401394688
4,1404.589,grad,22377277440
4,1405.862,grad,22385108992
4,1407.447,grad,22379376640
4,1408.684,grad,22448314368
4,1410.008,grad,22324516864
4,1411.308,grad,22319994880
4,1413.227,grad,22191742976
4,1414.597,grad,22185314304
4,1416.509,grad,22155773440
4,1417.995,grad,22155772928
4,1419.301,grad,22174647296
4,1420.732,grad,22150890496
4,1422.417,grad,22152498176
4,1423.652,grad,22221435904
4,1424.999,grad,22097638400
4,1426.294,grad,22054319104
4,1428.463,grad,21964864512
4,1429.737,grad,21973115904
4,1431.392,grad,21928894464
4,1432.965,grad,21928894464
4,1434.254,grad,21947637760
4,1435.889,grad,21924012032
4,1437.513,grad,21925095424
4,1438.763,grad,21994557440
4,1440.046,grad,21870759936
4,1441.296,grad,21866237952
4,1443.083,grad,21737986048
4,1444.335,grad,21746171904
4,1446.003,grad,21702016000
4,1447.49,grad,21702016000
4,1448.783,grad,21720890368
4,1450.398,grad,21697133568
4,1452.157,grad,21698216960
4,1453.406,grad,21767678976
4,1454.694,grad,21643881472
4,1455.948,grad,21639359488
4,1457.631,grad,21511107584
4,1458.884,grad,21519358976
4,1460.476,grad,21475137536
4,1462.021,grad,21475137536
4,1463.349,grad,21494011904
4,1464.751,grad,21470255104
4,1466.387,grad,21471338496
4,1467.621,grad,21540800512
4,1468.914,grad,21417003008
4,1470.149,grad,21490075648
4,1471.824,grad,21284229120
4,1473.067,grad,21292087296
4,1474.97,grad,21248259072
4,1476.477,grad,21248259072
4,1477.778,grad,21267133440
4,1479.166,grad,21243376640
4,1480.839,grad,21245508608
4,1482.078,grad,21236327424
4,1483.441,grad,21190124544
4,1484.68,grad,21263197184
4,1486.362,grad,21057350656
4,1487.628,grad,21050856448
4,1489.166,grad,21021380608
4,1490.727,grad,21021380608
4,1491.975,grad,21040123904
4,1494.053,grad,21016498176
4,1496.104,grad,21017581568
4,1497.357,grad,21009448960
4,1498.699,grad,20963246080
4,1499.968,grad,20942012416
4,1501.232,grad,20883947520
4,1502.602,grad,20830472192
4,1503.854,grad,20838330368
4,1505.098,grad,20828041216
4,1506.382,grad,20794502144
4,1507.847,grad,20794502144
4,1509.094,grad,20813245440
4,1510.629,grad,20789619712
4,1512.341,grad,20791620608
4,1513.671,grad,20782570496
4,1514.944,grad,20736367616
4,1516.183,grad,20700388352
4,1518.077,grad,20603593728
4,1519.319,grad,20611451904
4,1520.564,grad,20567623680
4,1521.811,grad,20568672256
4,1523.049,grad,20597049344
4,1524.5,grad,20562249728
4,1525.74,grad,20570081280
4,1527.386,grad,20563824640
4,1528.619,grad,20555692032
4,1529.989,grad,20509489152
4,1531.227,grad,20504967168
4,1532.998,grad,20376715264
4,1534.237,grad,20384966656
4,1535.914,grad,20340745216
4,1537.449,grad,20340745216
4,1538.752,grad,20359619584
4,1540.506,grad,20335862784
4,1542.2,grad,20336946176
4,1543.485,grad,20328813568
4,1544.835,grad,20282610688
4,1546.081,grad,20278088704
4,1547.783,grad,20149836800
4,1549.026,grad,20158088192
4,1550.629,grad,20113866752
4,1552.149,grad,20113866752
4,1553.398,grad,20132675584
4,1554.922,grad,20108984320
4,1556.578,grad,20110067712
4,1557.825,grad,20101935104
4,1559.147,grad,20055732224
4,1560.386,grad,20051210240
4,1562.116,grad,19923023872
4,1563.351,grad,19930816512
4,1564.589,grad,19911286784
4,1565.835,grad,19887053824
4,1567.074,grad,19916479488
4,1568.503,grad,19881679872
4,1569.739,grad,19889511424
4,1571.243,grad,19883254784
4,1572.495,grad,19875056640
4,1573.84,grad,19828919296
4,1575.075,grad,19824397312
4,1576.784,grad,19696145408
4,1578.041,grad,19704396800
4,1579.644,grad,19660175360
4,1581.175,grad,19660175360
4,1582.435,grad,19679049728
4,1584.135,grad,19655292928
4,1585.925,grad,19656376320
4,1587.16,grad,19686975488
4,1588.391,grad,19563243520
4,1589.72,grad,19600009216
4,1591.257,grad,19469332480
4,1592.497,grad,19477518336
4,1594.205,grad,19433362944
4,1595.671,grad,19433362432
4,1596.969,grad,19452236800
4,1598.327,grad,19428480000
4,1599.974,grad,19429563392
4,1601.216,grad,19499025408
4,1602.498,grad,19375227904
4,1603.735,grad,19370705920
4,1605.485,grad,19242454016
4,1606.727,grad,19235632128
4,1608.578,grad,19206484480
4,1610.074,grad,19206483968
4,1611.337,grad,19225358336
4,1612.716,grad,19201601536
4,1614.527,grad,19202684928
4,1615.766,grad,19194552320
4,1617.082,grad,19148349440
4,1618.316,grad,19143827456
4,1620.046,grad,19015575552
4,1621.28,grad,19023826944
4,1623.026,grad,18979605504
4,1624.581,grad,18979605504
4,1625.85,grad,18998807552
4,1627.758,grad,18982063104
4,1629.416,grad,18975806464
4,1630.685,grad,19045268480
4,1632.015,grad,18921470976
4,1633.256,grad,18916948992
4,1635.025,grad,18788697088
4,1636.264,grad,18796948480
4,1637.875,grad,18752727040
4,1639.38,grad,18752727040
4,1640.698,grad,18771601408
4,1642.104,grad,18747844608
4,1643.813,grad,18748928000
4,1645.043,grad,18818390016
4,1646.342,grad,18694592512
4,1647.593,grad,18690070528
4,1649.294,grad,18561818624
4,1650.543,grad,18554931200
4,1652.309,grad,18525848576
4,1653.877,grad,18525848576
4,1655.157,grad,18544722944
4,1656.559,grad,18520966144
4,1658.214,grad,18522049536
4,1659.449,grad,18513851392
4,1660.684,grad,18428916736
4,1661.95,grad,18540786688
4,1663.641,grad,18334940160
4,1664.929,grad,18328511488
4,1666.607,grad,18298970112
4,1668.1,grad,18298970112
4,1669.371,grad,18317844480
4,1671.196,grad,18294087680
4,1672.893,grad,18295171072
4,1674.131,grad,18287038464
4,1675.476,grad,18240835584
4,1676.722,grad,18314301440
4,1678.383,grad,18108061696
4,1679.626,grad,18116313088
4,1681.284,grad,18072092160
4,1682.781,grad,18073009152
4,1684.09,grad,18091883520
4,1685.582,grad,18068126720
4,1687.257,grad,18068292608
4,1688.496,grad,18137754624
4,1689.786,grad,18013957120
4,1691.03,grad,18009435136
4,1692.722,grad,17881183232
4,1693.969,grad,17888975872
4,1695.246,grad,17877834752
4,1696.532,grad,17845213184
4,1697.723,grad,17845213184
4,1699.016,grad,17864087552
4,1700.389,grad,17840330752
4,1702.063,grad,17841414144
4,1703.301,grad,17910876160
4,1704.627,grad,17787078656
4,1705.886,grad,17782556672
4,1707.557,grad,17654370304
4,1708.804,grad,17662621696
4,1710.394,grad,17618400256
4,1711.964,grad,17618400256
4,1713.363,grad,17637274624
4,1715.248,grad,17613517824
4,1717.004,grad,17614601216
4,1718.249,grad,17606468608
4,1719.6,grad,17560265728
4,1720.872,grad,17516946432
4,1722.632,grad,17427491840
4,1723.882,grad,17435743232
4,1725.56,grad,17391521792
4,1727.248,grad,17391521792
4,1728.489,grad,17410265088
4,1730.091,grad,17386639360
4,1731.791,grad,17387722752
4,1733.033,grad,17457184768
4,1734.339,grad,17333387264
4,1735.579,grad,17328865280
4,1737.373,grad,17200678912
4,1738.62,grad,17208537088
4,1739.886,grad,17164708864
4,1741.12,grad,17164708864
4,1742.36,grad,17194134528
4,1743.825,grad,17159334912
4,1745.064,grad,17167166464
4,1746.667,grad,17160909824
4,1747.934,grad,17152777216
4,1749.272,grad,17106574336
4,1750.51,grad,17102052352
4,1752.22,grad,16974259200
4,1753.463,grad,16982445056
4,1755.143,grad,16938289152
4,1756.652,grad,16938223616
4,1757.971,grad,16957097984
4,1759.655,grad,16933341184
4,1761.374,grad,16934424576
4,1762.617,grad,17003886592
4,1763.925,grad,16880089088
4,1765.167,grad,16836769792
4,1766.985,grad,16747446272
4,1768.222,grad,16755697664
4,1769.86,grad,16711476224
4,1771.341,grad,16711476224
4,1772.619,grad,16730416128
4,1774.031,grad,16706593792
4,1775.745,grad,16707677184
4,1776.987,grad,16699544576
4,1778.34,grad,16653341696
4,1779.588,grad,16617362432
4,1780.87,grad,16519584768
4,1782.113,grad,16526924800
4,1783.357,grad,16491070464
4,1784.909,grad,16476274688
4,1786.519,grad,16476012544
4,1787.724,grad,16494886912
4,1789.277,grad,16471130112
4,1790.512,grad,16461201408
4,1791.746,grad,16461201408
4,1792.974,grad,16461201408
4,1795.491,grad,16461200896
4,1796.733,grad,16461200896
4,1797.994,grad,16461200896
4,1799.241,grad,16461200896
4,1802.666,grad,16461200896
4,1804.017,grad,16461200896
4,1805.255,grad,16480337408
4,1806.491,grad,16501964288
4,1807.736,grad,16516251136
4,1809.502,grad,16516251136
4,1810.743,grad,16516261376
4,1813.618,grad,16678217216
4,1815.511,grad,16678217216
4,1816.768,grad,16669829120
4,1818.015,grad,16597975552
4,1819.258,grad,16394027520
4,1821.106,grad,16297263616
4,1822.352,grad,16405791232
4,1823.588,grad,16297787904
4,1829.176,grad,16136307200
4,1835.538,grad,16136315392
4,1841.887,grad,16136315392
4,1848.232,grad,16136315392
4,1852.875,grad,16136315392
4,1854.186,grad,16143792640
4,1856.263,grad,16143921664
4,1858.843,grad,16151261696
4,1860.249,grad,16160698880
4,1861.995,grad,16160698880
4,1863.285,grad,16183883264
4,1865.206,grad,16190240256
4,1866.487,grad,16197584384
4,1867.748,grad,16382264832
4,1869.062,grad,16304670208
4,1872.26,grad,16382330368
4,1874.776,grad,16389674496
4,1876.084,grad,16399111680
4,1877.515,grad,16399111680
4,1878.772,grad,16422296064
4,1880.505,grad,16428653056
4,1881.836,grad,16435997184
4,1883.105,grad,16698272256
4,1884.42,grad,16581880320
4,1886.659,grad,16620743168
4,1889.093,grad,16628087296
4,1890.384,grad,16637524480
4,1891.886,grad,16637524480
4,1893.137,grad,16653368832
4,1895.071,grad,16667065856
4,1896.323,grad,16674409984
4,1897.564,grad,16859090432
4,1898.815,grad,16781495808
4,1901.225,grad,16859155968
4,1903.583,grad,16866500096
4,1904.842,grad,16875937280
4,1906.269,grad,16875937280
4,1907.538,grad,16899121664
4,1909.225,grad,16905478656
4,1910.483,grad,16951620096
4,1911.729,grad,17175097856
4,1913.01,grad,17058705920
4,1915.477,grad,17097568768
4,1917.991,grad,17104912896
4,1919.283,grad,17114350080
4,1920.722,grad,17114350080
4,1921.98,grad,17137534464
4,1923.772,grad,17143891456
4,1925.029,grad,17190032896
4,1926.291,grad,17335916032
4,1927.716,grad,17297118720
4,1929.907,grad,17343321600
4,1932.533,grad,17343325696
4,1933.831,grad,17352762880
4,1935.216,grad,17352762880
4,1936.489,grad,17375947264
4,1938.239,grad,17382304256
4,1939.491,grad,17428445696
4,1940.741,grad,17651923456
4,1941.987,grad,17535531520
4,1944.213,grad,17574394368
4,1946.637,grad,17581738496
4,1947.931,grad,17591175680
4,1949.36,grad,17591175680
4,1950.604,grad,17629040128
4,1952.359,grad,17620717056
4,1953.64,grad,17635401216
4,1954.912,grad,17735147008
4,1956.222,grad,17735147008
4,1958.525,grad,17812807168
4,1960.95,grad,17820151296
4,1962.273,grad,17829588480
4,1963.63,grad,17829588480
4,1964.912,grad,17852772864
4,1966.631,grad,17859129856
4,1967.908,grad,17905271296
4,1969.151,grad,18012357120
4,1970.385,grad,18012357120
4,1972.592,grad,18051219968
4,1975.154,grad,18058564096
4,1976.405,grad,18068001280
4,1977.893,grad,18068001280
4,1979.142,grad,18105865728
4,1980.777,grad,18097542656
4,1982.046,grad,18143684096
4,1983.288,grad,18289567232
4,1984.606,grad,18250769920
4,1986.614,grad,18289632768
4,1989.068,grad,18296976896
4,1990.318,grad,18306414080
4,1991.941,grad,18306414080
4,1993.207,grad,18329598464
4,1994.91,grad,18335955456
4,1996.156,grad,18382096896
4,1997.417,grad,18489182720
4,1998.674,grad,18489182720
4,2000.856,grad,18528045568
4,2003.239,grad,18535389696
4,2004.488,grad,18544826880
4,2005.92,grad,18544826880
4,2007.173,grad,18582691328
4,2008.942,grad,18574368256
4,2010.191,grad,18620509696
4,2012.539,grad,18688798208
4,2013.83,grad,18812595712
4,2015.185,grad,18766458368
4,2017.568,grad,18773802496
4,2018.849,grad,18783239680
4,2020.239,grad,18783239680
4,2021.484,grad,18806424064
4,2023.268,grad,18812781056
4,2024.513,grad,18858922496
4,2025.756,grad,19004805632
4,2027.0,grad,18927211008
4,2028.247,grad,19065688576
4,2029.599,grad,19004871168
4,2032.142,grad,19012215296
4,2033.538,grad,19021652480
4,2034.953,grad,19021652480
4,2036.199,grad,19044836864
4,2038.062,grad,19051193856
4,2039.307,grad,19097335296
4,2040.566,grad,19320813056
4,2041.878,grad,19204421120
4,2044.143,grad,19243283968
4,2046.624,grad,19250628096
4,2047.981,grad,19260065280
4,2049.506,grad,19260065280
4,2050.765,grad,19275909632
4,2052.797,grad,19289606656
4,2054.067,grad,19335748096
4,2055.316,grad,19481631232
4,2056.601,grad,19442833920
4,2058.869,grad,19481696768
4,2061.28,grad,19489040896
4,2062.587,grad,19498478080
4,2063.994,grad,19498478080
4,2065.24,grad,19521662464
4,2067.02,grad,19528019456
4,2068.267,grad,19574160896
4,2069.511,grad,19720044032
4,2070.742,grad,19642449408
4,2072.163,grad,19727449600
4,2073.527,grad,19720109568
4,2075.911,grad,19727453696
4,2077.219,grad,19736890880
4,2078.643,grad,19736890880
4,2079.907,grad,19760075264
4,2081.722,grad,19766432256
4,2082.98,grad,19812573696
4,2084.219,grad,20036051456
4,2085.526,grad,19919659520
4,2087.72,grad,19958522368
4,2090.375,grad,19965866496
4,2091.686,grad,19975303680
4,2093.152,grad,19975303680
4,2094.4,grad,19998488064
4,2096.152,grad,20004845056
4,2097.397,grad,20012189184
4,2098.64,grad,20119275008
4,2100.016,grad,20119275008
4,2101.303,grad,20196935168
4,2102.552,grad,20196935168
4,2105.084,grad,20204279296
4,2106.43,grad,20213716480
4,2107.85,grad,20213716480
4,2109.325,grad,20222105600
4,2110.581,grad,20251646464
4,2112.116,grad,20243257856
4,2113.362,grad,20250601984
4,2114.603,grad,20357687808
4,2116.025,grad,20357687808
4,2117.313,grad,20435347968
4,2118.6,grad,20435347968
4,2121.112,grad,20442692096
4,2122.46,grad,20452129280
4,2123.939,grad,20452129280
4,2125.189,grad,20467973632
4,2127.039,grad,20481670656
4,2128.323,grad,20489014784
4,2129.564,grad,20596100608
4,2131.005,grad,20596100608
4,2132.433,grad,20719898112
4,2133.852,grad,20673760768
4,2136.307,grad,20681104896
4,2137.619,grad,20690542080
4,2139.087,grad,20690542080
4,2140.337,grad,20713726464
4,2142.119,grad,20720083456
4,2143.364,grad,20727427584
4,2144.612,grad,20834513408
4,2145.964,grad,20834513408
4,2147.216,grad,20958310912
4,2148.57,grad,20919513600
4,2151.223,grad,20919517696
4,2152.568,grad,20928954880
4,2154.045,grad,20928954880
4,2155.293,grad,20952139264
4,2157.066,grad,20958496256
4,2158.315,grad,20965840384
4,2159.555,grad,21072926208
4,2160.921,grad,21072926208
4,2162.166,grad,21211403776
4,2163.505,grad,21150586368
4,2165.97,grad,21157930496
4,2167.292,grad,21167367680
4,2168.749,grad,21167367680
4,2170.004,grad,21183212032
4,2171.97,grad,21196909056
4,2173.247,grad,21204253184
4,2174.49,grad,21311339008
4,2175.841,grad,21311339008
4,2177.118,grad,21388999168
4,2178.465,grad,21388999168
4,2181.005,grad,21396343296
4,2182.365,grad,21405780480
4,2183.798,grad,21405780480
4,2185.051,grad,21428964864
4,2186.888,grad,21435321856
4,2188.159,grad,21481463296
4,2189.41,grad,21627346432
4,2190.716,grad,21549751808
4,2192.204,grad,21627411968
4,2193.517,grad,21627411968
4,2196.075,grad,21634756096
4,2197.428,grad,21644193280
4,2198.864,grad,21644193280
4,2200.125,grad,21660037632
4,2202.518,grad,21673734656
4,2203.82,grad,21688418816
4,2205.07,grad,21734621696
4,2206.728,grad,21788164608
4,2208.006,grad,21865824768
4,2209.333,grad,21865824768
4,2211.954,grad,21873168896
4,2213.271,grad,21882606080
4,2214.798,grad,21882606080
4,2216.053,grad,21905790464
4,2217.828,grad,21912147456
4,2219.076,grad,21919491584
4,2220.318,grad,22026577408
4,2221.678,grad,22026577408
4,2222.978,grad,22104237568
4,2224.277,grad,22104237568
4,2226.879,grad,22111581696
4,2228.302,grad,22121018880
4,2229.809,grad,22121018880
4,2231.076,grad,22136863232
4,2233.153,grad,22150560256
4,2234.402,grad,22158952960
4,2235.646,grad,22343633408
4,2236.947,grad,22266038784
4,2238.192,grad,22419196416
4,2239.669,grad,22351038976
4,2242.179,grad,22351043072
4,2243.493,grad,22360480256
4,2244.944,grad,22360480256
4,2246.189,grad,22376324608
4,2248.012,grad,22390021632
4,2249.298,grad,22397365760
4,2250.542,grad,22504451584
4,2252.111,grad,22504451584
4,2253.391,grad,22582111744
4,2254.734,grad,22582111744
4,2257.209,grad,22589455872
4,2258.614,grad,22598893056
4,2260.077,grad,22598893056
4,2261.322,grad,22614737408
4,2263.169,grad,22628434432
4,2264.413,grad,22635778560
4,2265.655,grad,22820459008
4,2266.957,grad,22742864384
4,2268.2,grad,22827864576
4,2269.478,grad,22820524544
4,2270.718,grad,23131951616
4,2272.13,grad,23754839552
4,2273.416,grad,23747483648
4,2275.484,grad,23747475456
4,2276.727,grad,23436048896
4,2277.969,grad,23436048896
4,2279.214,grad,23436048896
4,2281.094,grad,23436050432
4,2282.809,grad,22824713728
4,2284.071,grad,22823396864
4,2285.448,grad,22777193984
4,2286.715,grad,22850987520
4,2288.551,grad,22646025728
4,2289.822,grad,22654277120
4,2291.515,grad,22610055680
4,2293.045,grad,22610055680
4,2294.347,grad,22628930048
4,2295.797,grad,22605173248
4,2297.481,grad,22606780928
4,2298.725,grad,22610379264
4,2300.068,grad,22551921152
4,2301.31,grad,22523281920
4,2302.544,grad,22419145216
4,2303.877,grad,22426487296
4,2305.128,grad,22397972992
4,2306.37,grad,22383177216
4,2307.915,grad,22383177216
4,2309.215,grad,22402051584
4,2310.643,grad,22378294784
4,2312.335,grad,22379902464
4,2313.657,grad,22371245568
4,2314.967,grad,22325042688
4,2316.206,grad,22296403456
4,2317.443,grad,22206946816
4,2318.738,grad,22199608832
4,2319.984,grad,22170045952
4,2321.497,grad,22155250688
4,2323.029,grad,22155250176
4,2324.325,grad,22173993472
4,2325.969,grad,22150367744
4,2327.991,grad,22151975424
4,2329.24,grad,22140959232
4,2330.769,grad,22097115648
4,2332.02,grad,22061136384
4,2333.256,grad,21971679744
4,2334.627,grad,21971681792
4,2335.883,grad,21943167488
4,2337.137,grad,21928372224
4,2338.618,grad,21928371712
4,2339.923,grad,21947246080
4,2341.333,grad,21923489280
4,2343.263,grad,21924769280
4,2344.575,grad,21916374528
4,2346.005,grad,21870237184
4,2347.309,grad,21865715200
4,2349.098,grad,21737463296
4,2350.339,grad,21745714688
4,2352.029,grad,21701493760
4,2353.52,grad,21701493248
4,2354.78,grad,21720367616
4,2356.182,grad,21696610816
4,2357.886,grad,21697694208
4,2359.125,grad,21689561600
4,2360.474,grad,21643358720
4,2361.718,grad,21638836736
4,2363.422,grad,21510584832
4,2364.665,grad,21518836224
4,2366.311,grad,21474614784
4,2367.61,grad,21474614784
4,2368.891,grad,21489294848
4,2370.154,grad,21476580864
4,2371.524,grad,21469732352
4,2373.413,grad,21470815744
4,2374.66,grad,21460258304
4,2376.02,grad,21416480256
4,2377.269,grad,21373160960
4,2378.535,grad,21298449920
4,2379.934,grad,21291111936
4,2381.196,grad,21262597632
4,2382.521,grad,21247801856
4,2384.141,grad,21247801856
4,2385.392,grad,21266610688
4,2386.96,grad,21242919424
4,2388.822,grad,21244002816
4,2390.115,grad,21248125440
4,2391.476,grad,21189667328
4,2392.718,grad,21161028096
4,2393.965,grad,21071636992
4,2395.272,grad,21064299008
4,2396.513,grad,21035784704
4,2397.746,grad,21020988928
4,2399.259,grad,21020988928
4,2400.555,grad,21039863296
4,2401.978,grad,21016106496
4,2403.61,grad,21017189888
4,2404.868,grad,21086651904
4,2406.144,grad,20962854400
4,2407.381,grad,20958332416
4,2409.102,grad,20830080512
4,2410.355,grad,20823586304
4,2411.928,grad,20794110464
4,2413.79,grad,20794110464
4,2415.062,grad,20812853760
4,2416.594,grad,20789228032
4,2418.243,grad,20790311424
4,2419.484,grad,20859707904
4,2420.844,grad,20735975936
4,2422.11,grad,20809048576
4,2423.786,grad,20603202048
4,2425.026,grad,20611453440
4,2426.643,grad,20567232000
4,2428.288,grad,20567232000
4,2429.532,grad,20586106368
4,2430.95,grad,20562349568
4,2432.947,grad,20563432960
4,2434.209,grad,20594032128
4,2435.446,grad,20470300160
4,2436.686,grad,20504575488
4,2438.298,grad,20376389120
4,2439.54,grad,20369894912
4,2441.09,grad,20340419072
4,2442.584,grad,20340419072
4,2443.869,grad,20359293440
4,2445.262,grad,20335536640
4,2446.932,grad,20336620032
4,2448.165,grad,20406082048
4,2449.43,grad,20282284544
4,2450.682,grad,20355357184
4,2452.363,grad,20149576192
4,2453.631,grad,20157827584
4,2455.245,grad,20113606144
4,2457.041,grad,20113606144
4,2458.345,grad,20132480512
4,2459.73,grad,20108723712
4,2461.389,grad,20109807104
4,2462.65,grad,20101608960
4,2463.908,grad,20055471616
4,2465.144,grad,20128544256
4,2466.836,grad,19922763264
4,2468.071,grad,19931014656
4,2469.644,grad,19886793216
4,2471.19,grad,19886793216
4,2472.472,grad,19905667584
4,2474.005,grad,19881910784
4,2475.901,grad,19882994176
4,2477.162,grad,19952456192
4,2478.447,grad,19828658688
4,2479.7,grad,19824136704
4,2481.56,grad,19695884800
4,2482.899,grad,19689456128
4,2484.663,grad,19659914752
4,2486.33,grad,19659914752
4,2487.661,grad,19679116800
4,2489.498,grad,19655032320
4,2491.327,grad,19656115712
4,2492.604,grad,19645558272
4,2494.007,grad,19601780224
4,2495.262,grad,19565866496
4,2496.507,grad,19529821696
4,2497.737,grad,19469006336
4,2499.025,grad,19462577664
4,2500.798,grad,19433036288
4,2502.688,grad,19433036288
4,2503.969,grad,19451845120
4,2505.495,grad,19428153856
4,2507.181,grad,19429237248
4,2508.424,grad,19498699264
4,2509.761,grad,19374901760
4,2511.026,grad,19370379776
4,2512.742,grad,19242193408
4,2514.016,grad,19235305984
4,2515.882,grad,19206223360
4,2517.381,grad,19206223360
4,2518.658,grad,19225097728
4,2520.089,grad,19201340928
4,2522.056,grad,19202424320
4,2523.332,grad,19271886336
4,2524.642,grad,19148088832
4,2525.905,grad,19143566848
4,2527.145,grad,19029992960
4,2528.561,grad,19022654976
4,2529.829,grad,18994140672
4,2531.097,grad,18979344896
4,2532.606,grad,18979344896
4,2533.914,grad,18998219264
4,2535.339,grad,18974462464
4,2537.03,grad,18975545856
4,2538.265,grad,19045007872
4,2539.561,grad,18921210368
4,2540.821,grad,18916688384
4,2542.534,grad,18788502016
4,2543.762,grad,18782073344
4,2545.675,grad,18752532480
4,2547.235,grad,18752531968
4,2548.521,grad,18771406336
4,2549.927,grad,18747649536
4,2551.652,grad,18748732928
4,2552.924,grad,18740600320
4,2554.254,grad,18694397440
4,2555.499,grad,18689875456
4,2557.219,grad,18561623552
4,2558.459,grad,18569874944
4,2560.162,grad,18525654016
4,2561.69,grad,18525653504
4,2563.036,grad,18544527872
4,2564.422,grad,18520771072
4,2566.358,grad,18521854464
4,2567.624,grad,18591316480
4,2568.952,grad,18467518976
4,2570.198,grad,18462996992
4,2571.973,grad,18334745088
4,2573.239,grad,18328316416
4,2574.991,grad,18298775040
4,2576.496,grad,18298775040
4,2577.777,grad,18317649408
4,2579.167,grad,18293892608
4,2580.892,grad,18294976000
4,2582.136,grad,18364438016
4,2583.4,grad,18240640512
4,2584.639,grad,18236118528
4,2586.409,grad,18107932160
4,2587.741,grad,18101437952
4,2589.558,grad,18071962624
4,2591.179,grad,18071962112
4,2592.467,grad,18090836480
4,2593.878,grad,18067079680
4,2595.494,grad,18068163072
4,2596.731,grad,18137625088
4,2598.01,grad,18013827584
4,2599.25,grad,18009305600
4,2601.042,grad,17881119232
4,2602.306,grad,17889370624
4,2603.951,grad,17845149184
4,2605.448,grad,17845149184
4,2606.737,grad,17864023552
4,2608.138,grad,17840266752
4,2610.008,grad,17841350144
4,2611.326,grad,17833217536
4,2612.718,grad,17787014656
4,2613.985,grad,17712238080
4,2615.874,grad,17654306304
4,2617.115,grad,17662557696
4,2618.745,grad,17618336256
4,2620.271,grad,17618336256
4,2621.53,grad,17637145088
4,2623.137,grad,17613453824
4,2624.797,grad,17614537216
4,2626.039,grad,17606404608
4,2627.319,grad,17560201728
4,2628.56,grad,17524222464
4,2629.812,grad,17434765824
4,2631.189,grad,17434767872
4,2632.442,grad,17406253568
4,2634.189,grad,17391458304
4,2635.62,grad,17391457792
4,2636.935,grad,17410332160
4,2638.33,grad,17386575360
4,2639.988,grad,17387658752
4,2641.264,grad,17379526144
4,2642.629,grad,17333323264
4,2643.891,grad,17328801280
4,2645.593,grad,17200549376
4,2646.844,grad,17194120704
4,2648.479,grad,17164579328
4,2650.003,grad,17164579328
4,2651.244,grad,17183388160
4,2652.793,grad,17159696896
4,2654.449,grad,17160780288
4,2655.688,grad,17164902912
4,2657.04,grad,17106444800
4,2658.277,grad,17070465536
4,2659.512,grad,16981074432
4,2660.886,grad,16981076480
4,2662.161,grad,16952562176
4,2663.525,grad,16937766912
4,2664.922,grad,16937766400
4,2666.219,grad,16956640768
4,2667.624,grad,16932883968
4,2669.273,grad,16933967360
4,2670.514,grad,17003429376
4,2671.89,grad,16879631872
4,2673.141,grad,16875109888
4,2674.981,grad,16746857984
4,2676.225,grad,16740429312
4,2677.917,grad,16710887936
4,2679.67,grad,16710887936
4,2680.921,grad,16729762304
4,2682.478,grad,16706005504
4,2684.13,grad,16707088896
4,2685.384,grad,16698956288
4,2686.78,grad,16652753408
4,2688.043,grad,16609434112
4,2689.845,grad,16519979520
4,2691.094,grad,16520890880
4,2692.839,grad,16476669440
4,2694.377,grad,16476407296
4,2695.616,grad,16495674880
4,2697.251,grad,16471524864
4,2698.576,grad,16461596160
4,2699.874,grad,16461596160
4,2701.153,grad,16461596160
4,2703.675,grad,16461595648
4,2704.995,grad,16461595648
4,2706.295,grad,16461595648
4,2707.559,grad,16461595648
4,2711.017,grad,16461595648
4,2712.348,grad,16461595648
4,2713.608,grad,16479749120
4,2714.862,grad,16500392960
4,2716.121,grad,16516645888
4,2717.927,grad,16516645888
4,2719.248,grad,16516971520
4,2720.504,grad,16678611968
4,2721.874,grad,16678611968
4,2723.954,grad,16678611968
4,2725.228,grad,16633851392
4,2726.497,grad,16538798080
4,2727.741,grad,16334456832
4,2729.149,grad,16297789440
4,2730.393,grad,16411297792
4,2731.64,grad,16422602752
4,2732.915,grad,16298313728
4,2738.348,grad,16136833024
4,2744.693,grad,16136841216
4,2751.066,grad,16136841216
4,2757.436,grad,16136841216
4,2761.642,grad,16136841216
4,2762.978,grad,16144318464
4,2765.052,grad,16144447488
4,2767.642,grad,16151787520
4,2769.028,grad,16161224704
4,2770.468,grad,16161224704
4,2771.717,grad,16184409088
4,2773.514,grad,16190766080
4,2774.806,grad,16198110208
4,2776.054,grad,16460385280
4,2777.371,grad,16343993344
4,2779.766,grad,16382856192
4,2782.253,grad,16390200320
4,2783.544,grad,16399637504
4,2784.967,grad,16399637504
4,2786.218,grad,16415481856
4,2788.023,grad,16429178880
4,2789.289,grad,16436523008
4,2790.558,grad,16621203456
4,2791.817,grad,16582406144
4,2794.17,grad,16621268992
4,2796.756,grad,16628613120
4,2798.075,grad,16638050304
4,2799.442,grad,16638050304
4,2800.717,grad,16661234688
4,2802.435,grad,16667591680
4,2803.693,grad,16713733120
4,2804.967,grad,16859616256
4,2806.241,grad,16820818944
4,2808.411,grad,16867021824
4,2810.841,grad,16867025920
4,2812.108,grad,16876463104
4,2813.528,grad,16876463104
4,2814.831,grad,16892307456
4,2816.665,grad,16906004480
4,2817.938,grad,16920688640
4,2819.19,grad,17020434432
4,2820.539,grad,17020434432
4,2822.745,grad,17098094592
4,2825.109,grad,17105438720
4,2826.357,grad,17114875904
4,2827.926,grad,17114875904
4,2829.171,grad,17152740352
4,2830.853,grad,17144417280
4,2832.114,grad,17190558720
4,2834.232,grad,17258847232
4,2836.55,grad,17336507392
4,2838.035,grad,17343851520
4,2840.044,grad,17343851520
4,2841.293,grad,17353288704
4,2842.668,grad,17353288704
4,2843.976,grad,17376473088
4,2845.678,grad,17382830080
4,2846.938,grad,17428971520
4,2848.179,grad,17574854656
4,2849.535,grad,17536057344
4,2851.502,grad,17574920192
4,2853.891,grad,17582264320
4,2855.153,grad,17591701504
4,2856.573,grad,17591701504
4,2858.057,grad,17614885888
4,2859.7,grad,17621242880
4,2860.958,grad,17628587008
4,2862.224,grad,17774470144
4,2863.59,grad,17774470144
4,2865.581,grad,17813332992
4,2868.039,grad,17820677120
4,2869.293,grad,17830114304
4,2870.642,grad,17830114304
4,2871.933,grad,17853298688
4,2873.646,grad,17866995712
4,2874.913,grad,17866999808
4,2876.159,grad,18129274880
4,2877.465,grad,17974085632
4,2879.995,grad,18051745792
4,2882.389,grad,18059089920
4,2883.714,grad,18068527104
4,2885.132,grad,18068527104
4,2886.435,grad,18106391552
4,2888.082,grad,18098068480
4,2889.338,grad,18144209920
4,2891.521,grad,18212498432
4,2893.772,grad,18297498624
4,2896.273,grad,18297502720
4,2897.534,grad,18306939904
4,2898.963,grad,18306939904
4,2900.232,grad,18330124288
4,2901.917,grad,18336481280
4,2903.169,grad,18343825408
4,2904.471,grad,18489708544
4,2905.847,grad,18489708544
4,2907.912,grad,18528571392
4,2910.209,grad,18535915520
4,2911.48,grad,18545352704
4,2912.93,grad,18545352704
4,2914.218,grad,18561197056
4,2916.25,grad,18574894080
4,2917.516,grad,18582238208
4,2918.761,grad,18766918656
4,2919.996,grad,18689324032
4,2921.242,grad,18820461568
4,2922.582,grad,18766984192
4,2924.941,grad,18774328320
4,2926.208,grad,18783765504
4,2927.717,grad,18783765504
4,2928.975,grad,18806949888
4,2930.723,grad,18813306880
4,2931.976,grad,18859448320
4,2933.248,grad,18966534144
4,2934.542,grad,18927736832
4,2936.827,grad,19005396992
4,2939.198,grad,19012741120
4,2940.498,grad,19022178304
4,2941.974,grad,19022178304
4,2943.216,grad,19045362688
4,2944.983,grad,19051719680
4,2946.232,grad,19059063808
4,2947.48,grad,19321338880
4,2948.85,grad,19204946944
4,2951.043,grad,19243809792
4,2953.648,grad,19251153920
4,2954.948,grad,19260591104
4,2956.319,grad,19260591104
4,2957.566,grad,19298455552
4,2959.251,grad,19290132480
4,2960.501,grad,19336273920
4,2961.767,grad,19482157056
4,2962.998,grad,19443359744
4,2964.242,grad,19482222592
4,2965.497,grad,19482222592
4,2967.927,grad,19489566720
4,2969.205,grad,19499003904
4,2970.913,grad,19499003904
4,2972.162,grad,19536868352
4,2973.918,grad,19528545280
4,2975.171,grad,19535889408
4,2976.419,grad,19720569856
4,2977.651,grad,19681772544
4,2979.908,grad,19720635392
4,2982.427,grad,19727979520
4,2983.7,grad,19737416704
4,2985.171,grad,19737416704
4,2986.427,grad,19760601088
4,2988.209,grad,19766958080
4,2989.531,grad,19774302208
4,2990.817,grad,19958982656
4,2992.243,grad,19881388032
4,2994.682,grad,19959048192
4,2997.136,grad,19966392320
4,2998.514,grad,19975829504
4,2999.944,grad,19975829504
4,3001.23,grad,19999013888
4,3002.961,grad,20005370880
4,3004.211,grad,20012715008
4,3005.474,grad,20197395456
4,3006.811,grad,20119800832
4,3009.115,grad,20197460992
4,3011.677,grad,20204805120
4,3013.012,grad,20214242304
4,3014.496,grad,20214242304
4,3015.751,grad,20237426688
4,3017.472,grad,20243783680
4,3018.719,grad,20251127808
4,3019.962,grad,20358213632
4,3021.275,grad,20358213632
4,3022.523,grad,20435873792
4,3023.762,grad,20435873792
4,3026.272,grad,20443217920
4,3027.962,grad,20452655104
4,3029.394,grad,20452655104
4,3030.64,grad,20475839488
4,3032.37,grad,20482196480
4,3033.647,grad,20528337920
4,3034.901,grad,20674221056
4,3036.249,grad,20596626432
4,3037.503,grad,20674286592
4,3038.767,grad,20674286592
4,3041.321,grad,20681630720
4,3042.625,grad,20691067904
4,3044.17,grad,20691067904
4,3045.431,grad,20706912256
4,3047.377,grad,20720609280
4,3048.813,grad,20727953408
4,3050.064,grad,20912633856
4,3051.359,grad,20835039232
4,3052.604,grad,20912699392
4,3053.933,grad,20912699392
4,3056.397,grad,20920043520
4,3057.778,grad,20929480704
4,3059.16,grad,20929480704
4,3060.429,grad,20952665088
4,3062.248,grad,20959022080
4,3063.5,grad,20966366208
4,3064.815,grad,21073452032
4,3066.166,grad,21073452032
4,3067.421,grad,21158452224
4,3069.664,grad,21151112192
4,3072.137,grad,21158456320
4,3073.551,grad,21167893504
4,3075.025,grad,21167893504
4,3076.279,grad,21191077888
4,3078.175,grad,21197434880
4,3079.441,grad,21243576320
4,3080.687,grad,21389459456
4,3081.966,grad,21350662144
4,3084.27,grad,21389524992
4,3086.831,grad,21396869120
4,3088.329,grad,21406306304
4,3089.854,grad,21406306304
4,3091.111,grad,21429490688
4,3092.882,grad,21435847680
4,3094.128,grad,21443191808
4,3095.372,grad,21550277632
4,3096.789,grad,21550277632
4,3098.043,grad,21635277824
4,3099.328,grad,21627937792
4,3101.869,grad,21635281920
4,3103.198,grad,21644719104
4,3104.624,grad,21644719104
4,3105.928,grad,21660563456
4,3107.993,grad,21674260480
4,3109.259,grad,21681604608
4,3110.511,grad,21866285056
4,3111.813,grad,21788690432
4,3113.089,grad,21866350592
4,3114.425,grad,21866350592
4,3117.042,grad,21873694720
4,3118.384,grad,21883131904
4,3119.859,grad,21883131904
4,3121.109,grad,21898976256
4,3122.943,grad,21912673280
4,3124.261,grad,21920017408
4,3125.551,grad,22027037696
4,3127.138,grad,22027103232
4,3128.417,grad,22104763392
4,3129.968,grad,22104763392
4,3132.41,grad,22112107520
4,3133.847,grad,22121544704
4,3135.275,grad,22121544704
4,3136.543,grad,22145777664
4,3138.36,grad,22152134656
4,3139.607,grad,22159478784
4,3140.878,grad,22266564608
4,3142.282,grad,22266564608
4,3143.526,grad,22351564800
4,3144.843,grad,22351564800
4,3147.326,grad,22351568896
4,3148.86,grad,22361006080
4,3150.336,grad,22361006080
4,3151.583,grad,22384190464
4,3153.397,grad,22390547456
4,3154.639,grad,22397891584
4,3155.896,grad,22504977408
4,3157.248,grad,22504977408
4,3158.497,grad,22636114944
4,3159.855,grad,22582637568
4,3162.413,grad,22589981696
4,3163.686,grad,22599418880
4,3165.128,grad,22599418880
4,3166.403,grad,22615263232
4,3168.367,grad,22628960256
4,3169.626,grad,22636304384
4,3170.881,grad,22820984832
4,3172.13,grad,22743390208
4,3173.373,grad,22828390400
4,3174.655,grad,22821050368
4,3175.931,grad,23132477440
4,3177.213,grad,23755365376
4,3178.46,grad,23755349504
4,3180.534,grad,23748001280
4,3181.725,grad,23436574720
4,3182.964,grad,23436574720
4,3184.19,grad,23436574720
4,3186.06,grad,23436576256
4,3187.676,grad,22824748032
4,3188.952,grad,22824807424
4,3190.34,grad,22778604544
4,3191.586,grad,22851677184
4,3193.294,grad,22645830656
4,3194.532,grad,22654082048
4,3196.219,grad,22609860608
4,3198.026,grad,22609860608
4,3199.374,grad,22628734976
4,3200.814,grad,22604978176
4,3202.463,grad,22606585856
4,3203.7,grad,22597863424
4,3204.981,grad,22551726080
4,3206.221,grad,22624798720
4,3207.9,grad,22418952192
4,3209.139,grad,22427138048
4,3210.758,grad,22382982144
4,3212.269,grad,22382982144
4,3213.518,grad,22401725440
4,3215.234,grad,22378099712
4,3216.915,grad,22379707392
4,3218.163,grad,22448645120
4,3219.465,grad,22324847616
4,3220.73,grad,22288868352
4,3221.969,grad,22199411712
4,3223.278,grad,22199413760
4,3224.515,grad,22170899456
4,3225.784,grad,22155055616
4,3227.511,grad,22155055104
4,3228.84,grad,22174978048
4,3230.234,grad,22150172672
4,3231.897,grad,22151780352
4,3233.137,grad,22220718080
4,3234.422,grad,22096920576
4,3235.661,grad,22169993216
4,3237.366,grad,21964146688
4,3238.612,grad,21972332544
4,3240.303,grad,21928177152
4,3242.047,grad,21928176640
4,3243.362,grad,21947051008
4,3244.748,grad,21923294208
4,3246.407,grad,21924377600
4,3247.658,grad,21993839616
4,3248.981,grad,21870042112
4,3250.222,grad,21865520128
4,3251.921,grad,21737268224
4,3253.158,grad,21745454080
4,3254.775,grad,21701298176
4,3256.279,grad,21701298176
4,3257.561,grad,21720500224
4,3259.119,grad,21696415744
4,3260.777,grad,21697499136
4,3262.016,grad,21766961152
4,3263.531,grad,21643163648
4,3264.807,grad,21638641664
4,3266.516,grad,21510389760
4,3267.738,grad,21518641152
4,3269.355,grad,21474419712
4,3270.868,grad,21474419712
4,3272.144,grad,21493294080
4,3273.53,grad,21469537280
4,3275.301,grad,21470620672
4,3276.537,grad,21540082688
4,3277.867,grad,21416285184
4,3279.118,grad,21411763200
4,3280.875,grad,21283511296
4,3282.151,grad,21277017088
4,3283.689,grad,21247541248
4,3285.202,grad,21247541248
4,3286.47,grad,21265760256
4,3288.186,grad,21242658816
4,3289.83,grad,21243742208
4,3291.087,grad,21313204224
4,3292.394,grad,21189406720
4,3293.654,grad,21262479360
4,3295.339,grad,21056632832
4,3296.585,grad,21064884224
4,3298.26,grad,21020662784
4,3299.797,grad,21020662784
4,3301.094,grad,21039537152
4,3302.48,grad,21015780352
4,3304.143,grad,21016863744
4,3305.379,grad,21086325760
4,3306.669,grad,20962528256
4,3307.959,grad,20958006272
4,3310.002,grad,20829754368
4,3311.28,grad,20823325696
4,3313.032,grad,20793784320
4,3314.927,grad,20793784320
4,3316.23,grad,20812658688
4,3317.62,grad,20788901888
4,3319.283,grad,20789985280
4,3320.522,grad,20781852672
4,3321.871,grad,20735649792
4,3323.114,grad,20808722432
4,3324.791,grad,20602875904
4,3326.037,grad,20596447232
4,3327.276,grad,20566905856
4,3328.524,grad,20566905856
4,3329.745,grad,20566905856
4,3330.99,grad,20585845760
4,3333.001,grad,20562023424
4,3334.653,grad,20563106816
4,3335.909,grad,20554974208
4,3337.217,grad,20508771328
4,3338.471,grad,20504249344
4,3340.176,grad,20375997440
4,3341.416,grad,20384183296
4,3343.064,grad,20340027392
4,3344.563,grad,20340027392
4,3345.85,grad,20358901760
4,3347.24,grad,20335144960
4,3348.92,grad,20336228352
4,3350.166,grad,20405690368
4,3351.467,grad,20281892864
4,3352.716,grad,20354965504
4,3354.367,grad,20149118976
4,3355.608,grad,20156977152
4,3356.865,grad,20113148928
4,3358.112,grad,20114197504
4,3359.408,grad,20143033344
4,3360.794,grad,20107774976
4,3362.038,grad,20115639296
4,3363.506,grad,20109349888
4,3364.741,grad,20178811904
4,3366.031,grad,20055014400
4,3367.273,grad,20050492416
4,3368.993,grad,19922240512
4,3370.245,grad,19930491904
4,3371.911,grad,19886270464
4,3373.401,grad,19886270464
4,3374.768,grad,19905144832
4,3376.409,grad,19881388032
4,3378.107,grad,19882471424
4,3379.368,grad,19951933440
4,3380.69,grad,19828135936
4,3381.956,grad,19823613952
4,3383.673,grad,19695362048
4,3384.929,grad,19703613440
4,3386.558,grad,19659392000
4,3388.077,grad,19659392000
4,3389.343,grad,19678266368
4,3390.78,grad,19654509568
4,3392.515,grad,19655592960
4,3393.831,grad,19725054976
4,3395.174,grad,19601257472
4,3396.462,grad,19557938176
4,3398.221,grad,19468549120
4,3399.479,grad,19476407296
4,3400.727,grad,19432579072
4,3401.973,grad,19433627648
4,3403.287,grad,19462463488
4,3404.628,grad,19427205120
4,3405.904,grad,19435036672
4,3407.412,grad,19428780032
4,3408.663,grad,19498176512
4,3409.976,grad,19374444544
4,3411.232,grad,19369922560
4,3413.007,grad,19241670656
4,3414.257,grad,19234783232
4,3415.526,grad,19205700608
4,3416.725,grad,19205700608
4,3417.979,grad,19220380672
4,3419.234,grad,19224640512
4,3420.97,grad,19200818176
4,3422.69,grad,19201901568
4,3424.022,grad,19193768960
4,3425.422,grad,19147566080
4,3426.674,grad,19080129536
4,3427.94,grad,19022195712
4,3429.369,grad,19022197760
4,3430.621,grad,18993683456
4,3431.883,grad,18978887680
4,3433.369,grad,18978887680
4,3434.609,grad,18997762048
4,3436.054,grad,18974005248
4,3437.7,grad,18975088640
4,3438.969,grad,19044550656
4,3440.255,grad,18920753152
4,3441.513,grad,18916231168
4,3443.224,grad,18787979264
4,3444.475,grad,18795837440
4,3445.733,grad,18752009728
4,3446.994,grad,18752009216
4,3448.242,grad,18781434880
4,3449.646,grad,18746635264
4,3450.904,grad,18754466816
4,3452.416,grad,18748210176
4,3453.663,grad,18817672192
4,3454.967,grad,18693874688
4,3456.202,grad,18689352704
4,3457.909,grad,18561100800
4,3459.164,grad,18554606592
4,3460.768,grad,18525130752
4,3462.271,grad,18525130752
4,3463.544,grad,18544005120
4,3465.206,grad,18520248320
4,3466.886,grad,18521331712
4,3468.127,grad,18590793728
4,3469.424,grad,18466996224
4,3470.67,grad,18462474240
4,3472.376,grad,18334222336
4,3473.615,grad,18327728128
4,3475.33,grad,18298252800
4,3476.872,grad,18298252288
4,3478.157,grad,18317126656
4,3479.562,grad,18293369856
4,3481.271,grad,18294453248
4,3482.512,grad,18363915264
4,3483.81,grad,18240117760
4,3485.048,grad,18235595776
4,3486.769,grad,18107409408
4,3488.041,grad,18100587520
4,3489.953,grad,18071439360
4,3491.461,grad,18071439360
4,3492.769,grad,18090313728
4,3494.17,grad,18066556928
4,3495.829,grad,18068557824
4,3497.071,grad,18059507712
4,3498.386,grad,18013304832
4,3499.637,grad,18008782848
4,3501.381,grad,17880530944
4,3502.624,grad,17888782336
4,3504.273,grad,17844560896
4,3505.809,grad,17844560896
4,3507.105,grad,17863435264
4,3508.751,grad,17839678464
4,3510.452,grad,17840761856
4,3511.717,grad,17832629248
4,3513.068,grad,17786426368
4,3514.341,grad,17750447104
4,3515.609,grad,17699853312
4,3516.866,grad,17661058048
4,3518.117,grad,17647223808
4,3519.867,grad,17617747968
4,3521.594,grad,17617747968
4,3522.923,grad,17636491264
4,3524.627,grad,17612865536
4,3526.59,grad,17613948928
4,3527.844,grad,17617612800
4,3529.577,grad,17559613440
4,3530.956,grad,17523699712
4,3532.218,grad,17480314880
4,3533.525,grad,17426839552
4,3534.868,grad,17434632192
4,3536.116,grad,17424539648
4,3537.455,grad,17390869504
4,3538.717,grad,17405549568
4,3540.007,grad,17409874944
4,3541.418,grad,17385987072
4,3543.115,grad,17387070464
4,3544.349,grad,17378937856
4,3545.671,grad,17332734976
4,3546.938,grad,17328212992
4,3548.631,grad,17200026624
4,3549.912,grad,17208278016
4,3551.534,grad,17164056576
4,3553.07,grad,17164056576
4,3554.361,grad,17182996480
4,3556.02,grad,17159174144
4,3557.691,grad,17160257536
4,3558.951,grad,17152124928
4,3560.305,grad,17105922048
4,3561.561,grad,17062602752
4,3563.383,grad,16973148160
4,3564.629,grad,16966719488
4,3566.358,grad,16937178112
4,3567.912,grad,16937178112
4,3569.202,grad,16956118016
4,3570.628,grad,16932295680
4,3572.301,grad,16933379072
4,3573.535,grad,17002841088
4,3574.836,grad,16879043584
4,3576.079,grad,16811607040
4,3577.915,grad,16746335232
4,3579.191,grad,16739447808
4,3580.474,grad,16710365184
4,3581.724,grad,16711413760
4,3583.039,grad,16740249600
4,3584.428,grad,16704991232
4,3585.669,grad,16712822784
4,3587.216,grad,16706566144
4,3588.461,grad,16776028160
4,3589.766,grad,16652230656
4,3591.027,grad,16648101888
4,3592.718,grad,16519456768
4,3593.962,grad,16505688064
4,3595.642,grad,16476146688
4,3597.202,grad,16475884544
4,3598.472,grad,16494824448
4,3600.274,grad,16471002112
4,3601.567,grad,16461073408
4,3602.815,grad,16461073408
4,3604.049,grad,16461073408
4,3606.807,grad,16461072896
4,3608.076,grad,16461072896
4,3609.755,grad,16461072896
4,3613.88,grad,16461072896
4,3615.239,grad,16461072896
4,3616.496,grad,16479750656
4,3617.743,grad,16501377536
4,3618.986,grad,16515598848
4,3621.206,grad,16516123136
4,3622.465,grad,16516133376
4,3623.752,grad,16678089216
4,3626.082,grad,16678089216
4,3627.825,grad,16678089216
4,3629.373,grad,16622554624
4,3630.627,grad,16424635904
4,3631.899,grad,16298315264
4,3633.135,grad,16331476480
4,3634.379,grad,16447213056
4,3635.614,grad,16379809280
4,3641.715,grad,16136310272
4,3648.073,grad,16136318464
4,3654.413,grad,16136318464
4,3660.752,grad,16136318464
4,3664.741,grad,16136318464
4,3666.013,grad,16143795712
4,3667.868,grad,16143924736
4,3670.333,grad,16151264768
4,3671.659,grad,16160701952
4,3673.144,grad,16160701952
4,3674.414,grad,16183886336
4,3676.259,grad,16190243328
4,3677.517,grad,16197587456
4,3678.761,grad,16382267904
4,3680.005,grad,16343470592
4,3681.262,grad,16443150848
4,3682.766,grad,16389673472
4,3685.143,grad,16389677568
4,3686.405,grad,16399114752
4,3687.81,grad,16399114752
4,3689.077,grad,16422299136
4,3690.82,grad,16428656128
4,3692.087,grad,16436000256
4,3693.339,grad,16620680704
4,3694.58,grad,16581883392
4,3696.883,grad,16620746240
4,3699.398,grad,16628090368
4,3700.671,grad,16637527552
4,3702.102,grad,16637527552
4,3703.355,grad,16660711936
4,3705.107,grad,16667068928
4,3706.354,grad,16713210368
4,3708.524,grad,16781498880
4,3709.776,grad,16919976448
4,3711.135,grad,16859159040
4,3713.619,grad,16866503168
4,3714.946,grad,16875940352
4,3716.45,grad,16875940352
4,3717.717,grad,16899124736
4,3719.452,grad,16905481728
4,3720.731,grad,16920165888
4,3722.01,grad,17019911680
4,3723.329,grad,17019911680
4,3725.612,grad,17097571840
4,3728.096,grad,17104915968
4,3729.4,grad,17114353152
4,3730.87,grad,17114353152
4,3732.142,grad,17152217600
4,3733.787,grad,17143894528
4,3735.044,grad,17190035968
4,3736.289,grad,17335919104
4,3737.529,grad,17297121792
4,3739.623,grad,17335984640
4,3742.179,grad,17343328768
4,3743.438,grad,17352765952
4,3744.872,grad,17352765952
4,3746.15,grad,17390630400
4,3747.721,grad,17382307328
4,3748.973,grad,17389651456
4,3750.221,grad,17651926528
4,3751.5,grad,17535534592
4,3753.718,grad,17574397440
4,3756.051,grad,17581741568
4,3757.299,grad,17591178752
4,3758.852,grad,17591178752
4,3760.132,grad,17614363136
4,3761.843,grad,17620720128
4,3763.098,grad,17666861568
4,3764.338,grad,17812744704
4,3765.653,grad,17773947392
4,3767.577,grad,17812810240
4,3769.945,grad,17820154368
4,3771.22,grad,17829591552
4,3772.599,grad,17829591552
4,3773.873,grad,17852775936
4,3775.562,grad,17859132928
4,3776.821,grad,17905274368
4,3779.998,grad,17973562880
4,3782.308,grad,18051223040
4,3784.679,grad,18058567168
4,3785.954,grad,18068004352
4,3787.356,grad,18068004352
4,3788.61,grad,18105868800
4,3790.337,grad,18097545728
4,3791.589,grad,18143687168
4,3792.851,grad,18289570304
4,3794.208,grad,18250772992
4,3796.246,grad,18289635840
4,3798.838,grad,18296979968
4,3800.088,grad,18306417152
4,3801.491,grad,18306417152
4,3802.745,grad,18329601536
4,3804.485,grad,18335958528
4,3805.735,grad,18382099968
4,3806.979,grad,18605577728
4,3808.213,grad,18489185792
4,3810.35,grad,18528048640
4,3812.84,grad,18535392768
4,3814.159,grad,18544829952
4,3815.602,grad,18544829952
4,3816.93,grad,18560674304
4,3818.796,grad,18581711360
4,3820.048,grad,18620512768
4,3821.327,grad,18727598592
4,3822.698,grad,18727598592
4,3824.73,grad,18766461440
4,3827.246,grad,18773805568
4,3828.52,grad,18783242752
4,3830.047,grad,18783242752
4,3831.341,grad,18806427136
4,3833.013,grad,18812784128
4,3834.289,grad,18858925568
4,3835.578,grad,18966011392
4,3836.897,grad,18927214080
4,3839.245,grad,19004874240
4,3841.695,grad,19012333056
4,3842.994,grad,19021655552
4,3844.436,grad,19021655552
4,3845.719,grad,19059520000
4,3847.469,grad,19051196928
4,3848.721,grad,19097338368
4,3849.968,grad,19243221504
4,3851.231,grad,19204424192
4,3853.384,grad,19243287040
4,3856.01,grad,19250631168
4,3857.285,grad,19260068352
4,3858.67,grad,19260068352
4,3859.933,grad,19283252736
4,3861.657,grad,19289609728
4,3862.964,grad,19296953856
4,3864.215,grad,19559228928
4,3865.519,grad,19442836992
4,3867.778,grad,19489039872
4,3870.119,grad,19489043968
4,3871.457,grad,19498481152
4,3872.874,grad,19498481152
4,3874.191,grad,19514325504
4,3876.083,grad,19528022528
4,3877.34,grad,19574163968
4,3878.588,grad,19720047104
4,3879.959,grad,19681249792
4,3882.004,grad,19720112640
4,3884.433,grad,19727456768
4,3885.687,grad,19736893952
4,3887.117,grad,19736893952
4,3888.368,grad,19760078336
4,3890.103,grad,19766435328
4,3891.352,grad,19773779456
4,3892.643,grad,20036054528
4,3894.027,grad,19880865280
4,3895.283,grad,19958525440
4,3896.623,grad,19965869568
4,3898.921,grad,19965869568
4,3900.167,grad,19975306752
4,3901.558,grad,19975306752
4,3902.842,grad,19998491136
4,3904.5,grad,20004848128
4,3905.772,grad,20050989568
4,3907.042,grad,20158075392
4,3908.386,grad,20158075392
4,3910.375,grad,20196938240
4,3913.017,grad,20204397056
4,3914.347,grad,20213719552
4,3915.826,grad,20213719552
4,3917.087,grad,20236903936
4,3918.724,grad,20243260928
4,3919.976,grad,20250605056
4,3921.224,grad,20512880128
4,3922.522,grad,20396488192
4,3924.72,grad,20435351040
4,3927.191,grad,20442695168
4,3928.456,grad,20452132352
4,3929.915,grad,20452132352
4,3931.216,grad,20467976704
4,3933.113,grad,20481673728
4,3934.372,grad,20527815168
4,3936.479,grad,20596103680
4,3938.786,grad,20673763840
4,3941.139,grad,20681107968
4,3942.395,grad,20690545152
4,3943.743,grad,20690545152
4,3945.031,grad,20728409600
4,3946.654,grad,20720086528
4,3947.918,grad,20766227968
4,3950.195,grad,20834516480
4,3952.435,grad,20912176640
4,3954.898,grad,20919520768
4,3956.206,grad,20928957952
4,3957.572,grad,20928957952
4,3958.837,grad,20966822400
4,3960.439,grad,20958499328
4,3961.683,grad,21004640768
4,3963.799,grad,21072929280
4,3966.098,grad,21150589440
4,3968.593,grad,21157933568
4,3969.868,grad,21167370752
4,3971.191,grad,21167370752
4,3972.472,grad,21205235200
4,3974.059,grad,21196912128
4,3975.309,grad,21243053568
4,3977.433,grad,21311342080
4,3979.624,grad,21389002240
4,3981.97,grad,21396346368
4,3983.25,grad,21405783552
4,3984.541,grad,21405783552
4,3985.848,grad,21421627904
4,3987.634,grad,21435324928
4,3988.904,grad,21481466368
4,3991.044,grad,21549754880
4,3993.251,grad,21627415040
4,3995.592,grad,21634759168
4,3996.859,grad,21644196352
4,3998.193,grad,21644196352
4,3999.442,grad,21682060800
4,4001.053,grad,21673737728
4,4002.3,grad,21719879168
4,4005.366,grad,21788167680
4,4007.57,grad,21865827840
4,4009.924,grad,21873171968
4,4011.189,grad,21882609152
4,4012.538,grad,21882609152
4,4013.884,grad,21905793536
4,4015.627,grad,21912150528
4,4016.938,grad,21919494656
4,4018.188,grad,22104175104
4,4019.443,grad,22065377792
4,4020.689,grad,22111580672
4,4021.949,grad,22104240640
4,4024.5,grad,22111584768
4,4025.89,grad,22121021952
4,4027.292,grad,22121021952
4,4028.538,grad,22144206336
4,4030.297,grad,22150563328
4,4031.541,grad,22158956032
4,4032.737,grad,22266041856
4,4034.083,grad,22266041856
4,4035.342,grad,22343702016
4,4036.618,grad,22343702016
4,4039.039,grad,22351046144
4,4040.372,grad,22360483328
4,4041.824,grad,22360483328
4,4043.078,grad,22376327680
4,4045.092,grad,22390024704
4,4046.341,grad,22397368832
4,4047.584,grad,22582049280
4,4048.841,grad,22504454656
4,4050.101,grad,22582114816
4,4051.339,grad,22582114816
4,4053.808,grad,22589458944
4,4055.123,grad,22598896128
4,4056.52,grad,22598896128
4,4057.759,grad,22614740480
4,4059.634,grad,22628437504
4,4060.899,grad,22674578944
4,4062.138,grad,22820462080
4,4063.485,grad,22742867456
4,4064.755,grad,22866664960
4,4066.122,grad,22820527616
4,4067.392,grad,23131954688
4,4068.64,grad,23754846720
4,4071.627,grad,23747478528
4,4072.891,grad,23436051968
4,4074.15,grad,23436051968
4,4075.392,grad,23436051968
4,4076.925,grad,23436053504
4,4078.545,grad,22824716800
4,4079.791,grad,22823399936
4,4081.172,grad,22777197056
4,4082.416,grad,22773395968
4,4084.152,grad,22646028800
4,4085.407,grad,22639141376
4,4087.209,grad,22610058752
4,4088.718,grad,22610058752
4,4090.026,grad,22628933120
4,4091.724,grad,22605176320
4,4093.408,grad,22606784000
4,4094.659,grad,22675721728
4,4095.977,grad,22551924224
4,4097.217,grad,22624996864
4,4098.89,grad,22419150336
4,4100.135,grad,22427336192
4,4101.806,grad,22383180288
4,4103.314,grad,22383180288
4,4104.569,grad,22402054656
4,4106.024,grad,22378297856
4,4107.663,grad,22379905536
4,4108.915,grad,22448843264
4,4110.446,grad,22325045760
4,4111.722,grad,22320523776
4,4113.439,grad,22192271872
4,4114.728,grad,22199081472
4,4116.007,grad,22162708992
4,4117.251,grad,22155253248
4,4118.502,grad,22184678912
4,4119.942,grad,22149879296
4,4121.213,grad,22157710848
4,4122.759,grad,22151978496
4,4124.012,grad,22220916224
4,4125.332,grad,22097118720
4,4126.575,grad,22092596736
4,4127.821,grad,22010480128
4,4129.181,grad,21971684864
4,4130.448,grad,21943170560
4,4131.782,grad,21928374784
4,4133.358,grad,21928374784
4,4134.937,grad,21947314688
4,4136.377,grad,21923492352
4,4138.06,grad,21924772352
4,4139.302,grad,21994037760
4,4140.6,grad,21870240256
4,4141.85,grad,21865718272
4,4143.538,grad,21737466368
4,4144.829,grad,21745717760
4,4146.528,grad,21701496832
4,4148.025,grad,21701496320
4,4149.26,grad,21720436224
4,4150.626,grad,21696613888
4,4152.283,grad,21697697280
4,4153.517,grad,21767159296
4,4155.077,grad,21643361792
4,4156.351,grad,21638839808
4,4158.058,grad,21510587904
4,4159.301,grad,21518773760
4,4160.925,grad,21474617856
4,4162.416,grad,21474617856
4,4163.673,grad,21476715008
4,4165.095,grad,21469735424
4,4166.758,grad,21470818816
4,4167.999,grad,21540280832
4,4169.282,grad,21416483328
4,4170.526,grad,21489555968
4,4172.211,grad,21283774976
4,4173.445,grad,21292026368
4,4175.059,grad,21247804928
4,4176.652,grad,21247804928
4,4177.906,grad,21266220544
4,4179.645,grad,21242922496
4,4181.326,grad,21244005888
4,4182.565,grad,21313467904
4,4183.868,grad,21189670400
4,4185.137,grad,21185148416
4,4186.857,grad,21056962048
4,4188.111,grad,21065213440
4,4189.764,grad,21020992000
4,4191.254,grad,21020992000
4,4192.501,grad,21039931904
4,4193.869,grad,21016109568
4,4195.63,grad,21017192960
4,4196.902,grad,21047792128
4,4198.32,grad,20962857472
4,4199.579,grad,21035930112
4,4201.283,grad,20830083584
4,4202.529,grad,20838334976
4,4203.77,grad,20818346496
4,4205.07,grad,20794113536
4,4206.349,grad,20823473664
4,4207.833,grad,20788739584
4,4209.075,grad,20796571136
4,4210.608,grad,20790314496
4,4211.872,grad,20782181888
4,4213.179,grad,20735979008
4,4214.436,grad,20661202432
4,4216.34,grad,20603205120
4,4217.592,grad,20611456512
4,4219.223,grad,20567235072
4,4220.745,grad,20567235072
4,4221.988,grad,20585454080
4,4223.66,grad,20562352640
4,4225.311,grad,20563436032
4,4226.582,grad,20632898048
4,4227.827,grad,20509100544
4,4229.086,grad,20473121280
4,4230.975,grad,20376392192
4,4232.213,grad,20384578048
4,4233.854,grad,20340422144
4,4235.416,grad,20340422144
4,4236.712,grad,20359296512
4,4238.136,grad,20335539712
4,4239.825,grad,20336623104
4,4241.063,grad,20328490496
4,4242.393,grad,20282287616
4,4243.636,grad,20277765632
4,4245.619,grad,20149579264
4,4246.918,grad,20157830656
4,4248.533,grad,20113609216
4,4250.051,grad,20113609216
4,4251.351,grad,20132483584
4,4252.812,grad,20108726784
4,4254.493,grad,20109810176
4,4255.769,grad,20101677568
4,4257.118,grad,20055474688
4,4258.366,grad,20050952704
4,4260.07,grad,19922766336
4,4261.306,grad,19931017728
4,4262.993,grad,19886796288
4,4264.563,grad,19886796288
4,4265.905,grad,19905670656
4,4267.914,grad,19881913856
4,4269.595,grad,19882997248
4,4270.843,grad,19874864640
4,4272.175,grad,19828661760
4,4273.431,grad,19785342464
4,4275.219,grad,19695887872
4,4276.51,grad,19689459200
4,4278.234,grad,19659918336
4,4279.723,grad,19659917824
4,4280.983,grad,19678726656
4,4282.454,grad,19655035392
4,4284.181,grad,19656118784
4,4285.422,grad,19725580800
4,4286.739,grad,19601783296
4,4287.992,grad,19597261312
4,4289.694,grad,19469009408
4,4290.949,grad,19476802048
4,4292.219,grad,19448883712
4,4293.473,grad,19433039360
4,4294.717,grad,19447719424
4,4295.964,grad,19451979264
4,4297.403,grad,19428156928
4,4299.082,grad,19429240320
4,4300.352,grad,19498702336
4,4301.68,grad,19374904832
4,4302.938,grad,19331585536
4,4304.779,grad,19242196480
4,4306.029,grad,19250447872
4,4307.695,grad,19206226432
4,4309.263,grad,19206226432
4,4310.575,grad,19225035264
4,4312.416,grad,19201344000
4,4314.502,grad,19202427392
4,4315.846,grad,19194294784
4,4317.224,grad,19148091904
4,4318.469,grad,19143569920
4,4320.184,grad,19015318016
4,4321.434,grad,19008889344
4,4323.2,grad,18979347968
4,4324.722,grad,18979347968
4,4325.984,grad,18998156800
4,4327.878,grad,18974465536
4,4329.723,grad,18975548928
4,4330.989,grad,18967350784
4,4332.239,grad,18882416128
4,4333.495,grad,18916691456
4,4335.208,grad,18788505088
4,4336.482,grad,18796363264
4,4337.736,grad,18752535552
4,4338.986,grad,18753583616
4,4340.349,grad,18782419456
4,4341.745,grad,18754501120
4,4342.997,grad,18754992640
4,4344.532,grad,18748736000
4,4345.785,grad,18740603392
4,4347.26,grad,18694400512
4,4348.516,grad,18651081216
4,4350.303,grad,18561626624
4,4351.58,grad,18569878016
4,4353.302,grad,18525657088
4,4354.81,grad,18525656576
4,4356.114,grad,18544530944
4,4357.794,grad,18520774144
4,4359.466,grad,18521857536
4,4360.719,grad,18513724928
4,4362.068,grad,18467522048
4,4363.309,grad,18463000064
4,4365.043,grad,18334748160
4,4366.301,grad,18342999552
4,4367.976,grad,18298778624
4,4369.473,grad,18298778112
4,4370.749,grad,18317652480
4,4372.149,grad,18293895680
4,4373.836,grad,18294979072
4,4375.074,grad,18286846464
4,4376.478,grad,18240643584
4,4377.743,grad,18236121600
4,4379.646,grad,18107935232
4,4380.998,grad,18115727872
4,4382.263,grad,18088858112
4,4383.513,grad,18071965184
4,4384.801,grad,18101390848
4,4386.249,grad,18066591232
4,4387.511,grad,18074455552
4,4389.021,grad,18068166144
4,4390.265,grad,18137628160
4,4391.564,grad,18013830656
4,4392.82,grad,17970511360
4,4394.58,grad,17881122304
4,4395.842,grad,17889373696
4,4397.509,grad,17845152256
4,4399.046,grad,17845152256
4,4400.322,grad,17864026624
4,4402.04,grad,17840269824
4,4403.794,grad,17841353216
4,4405.049,grad,17833220608
4,4406.395,grad,17787017728
4,4407.653,grad,17782495744
4,4409.39,grad,17654309376
4,4410.644,grad,17662560768
4,4412.303,grad,17618339328
4,4413.979,grad,17618339328
4,4415.288,grad,17637213696
4,4416.744,grad,17613456896
4,4418.402,grad,17614540288
4,4419.645,grad,17606407680
4,4421.05,grad,17560204800
4,4422.296,grad,17555682816
4,4424.036,grad,17427430912
4,4425.276,grad,17435289088
4,4426.524,grad,17399965184
4,4427.859,grad,17391460864
4,4429.111,grad,17406140928
4,4430.352,grad,17410335232
4,4431.77,grad,17386578432
4,4433.428,grad,17387661824
4,4434.659,grad,17379529216
4,4436.021,grad,17333326336
4,4437.284,grad,17328804352
4,4439.024,grad,17200552448
4,4440.264,grad,17208803840
4,4441.93,grad,17164582400
4,4443.456,grad,17164582400
4,4444.744,grad,17183456768
4,4446.445,grad,17159699968
4,4448.115,grad,17160783360
4,4449.358,grad,17152650752
4,4450.687,grad,17106447872
4,4451.941,grad,17101925888
4,4453.645,grad,16973739520
4,4454.904,grad,16967310848
4,4456.648,grad,16937769984
4,4458.184,grad,16937769472
4,4459.45,grad,16956643840
4,4460.859,grad,16932887040
4,4462.499,grad,16933970432
4,4463.733,grad,16925837824
4,4465.071,grad,16879634944
4,4466.309,grad,16875112960
4,4468.253,grad,16746861056
4,4469.591,grad,16754653696
4,4470.858,grad,16743512576
4,4472.168,grad,16710891008
4,4473.415,grad,16725571072
4,4474.657,grad,16729896448
4,4476.129,grad,16706008576
4,4478.033,grad,16707091968
4,4479.388,grad,16698959360
4,4480.637,grad,16652756480
4,4481.914,grad,16624117248
4,4483.153,grad,16566117888
4,4484.537,grad,16527322624
4,4485.789,grad,16491468288
4,4487.034,grad,16476672512
4,4488.598,grad,16476410368
4,4489.869,grad,16495350272
4,4491.541,grad,16471527936
4,4492.82,grad,16461599232
4,4494.063,grad,16461599232
4,4495.292,grad,16461599232
4,4498.302,grad,16461598720
4,4499.823,grad,16461598720
4,4501.194,grad,16461598720
4,4505.267,grad,16461598720
4,4506.622,grad,16461598720
4,4507.917,grad,16480276480
4,4509.167,grad,16502820864
4,4510.409,grad,16516648960
4,4512.112,grad,16516648960
4,4513.379,grad,16516974592
4,4514.752,grad,16678615040
4,4519.198,grad,16678615040
4,4520.462,grad,16621179904
4,4521.719,grad,16413955072
4,4522.968,grad,16297792512
4,4524.222,grad,16341046272
4,4525.467,grad,16455767040
4,4526.725,grad,16373912576
4,4533.072,grad,16136836096
4,4539.438,grad,16136844288
4,4545.796,grad,16136844288
4,4552.181,grad,16136844288
4,4557.171,grad,16136844288
4,4558.508,grad,16144321536
4,4560.563,grad,16144450560
4,4563.083,grad,16151790592
4,4564.454,grad,16161227776
4,4565.891,grad,16161227776
4,4567.148,grad,16184412160
4,4568.934,grad,16190769152
4,4570.312,grad,16198113280
4,4571.583,grad,16305199104
4,4573.053,grad,16305199104
4,4574.312,grad,16458356736
4,4576.123,grad,16382859264
4,4578.838,grad,16390203392
4,4580.31,grad,16399640576
4,4581.973,grad,16399640576
4,4583.227,grad,16415484928
4,4585.468,grad,16429181952
4,4586.798,grad,16436526080
4,4588.055,grad,16621206528
4,4589.383,grad,16543611904
4,4591.69,grad,16621272064
4,4594.156,grad,16628616192
4,4595.438,grad,16638053376
4,4597.135,grad,16638053376
4,4598.402,grad,16661237760
4,4600.111,grad,16667594752
4,4601.407,grad,16674938880
4,4602.652,grad,16859619328
4,4603.935,grad,16820822016
4,4606.217,grad,16859684864
4,4608.575,grad,16867028992
4,4609.864,grad,16876466176
4,4611.236,grad,16876466176
4,4612.515,grad,16899650560
4,4614.291,grad,16913347584
4,4615.649,grad,16952148992
4,4616.979,grad,17175626752
4,4618.495,grad,17059234816
4,4620.83,grad,17098097664
4,4623.235,grad,17105441792
4,4624.498,grad,17114878976
4,4625.95,grad,17114878976
4,4627.253,grad,17138063360
4,4628.939,grad,17144420352
4,4630.202,grad,17151764480
4,4631.463,grad,17414039552
4,4632.736,grad,17297647616
4,4634.901,grad,17336510464
4,4637.452,grad,17343854592
4,4638.836,grad,17353291776
4,4640.216,grad,17353291776
4,4641.471,grad,17376476160
4,4643.267,grad,17382833152
4,4644.514,grad,17428974592
4,4645.754,grad,17574857728
4,4647.123,grad,17536060416
4,4649.128,grad,17582263296
4,4651.435,grad,17582267392
4,4652.712,grad,17591704576
4,4654.157,grad,17591704576
4,4655.405,grad,17614888960
4,4657.215,grad,17621245952
4,4658.491,grad,17628590080
4,4659.744,grad,17890865152
4,4660.993,grad,17774473216
4,4663.196,grad,17813336064
4,4665.543,grad,17820680192
4,4666.81,grad,17830117376
4,4668.148,grad,17830117376
4,4669.428,grad,17867981824
4,4671.065,grad,17859658752
4,4672.316,grad,17905800192
4,4674.507,grad,17974088704
4,4676.877,grad,18051748864
4,4679.298,grad,18059092992
4,4680.569,grad,18068530176
4,4681.931,grad,18068530176
4,4683.181,grad,18106394624
4,4684.783,grad,18098071552
4,4686.035,grad,18144212992
4,4687.297,grad,18251298816
4,4688.659,grad,18251298816
4,4690.665,grad,18297501696
4,4693.047,grad,18297505792
4,4694.436,grad,18306942976
4,4695.895,grad,18306942976
4,4697.146,grad,18344807424
4,4698.82,grad,18336484352
4,4700.109,grad,18343828480
4,4701.382,grad,18528508928
4,4702.637,grad,18489711616
4,4704.883,grad,18528574464
4,4707.306,grad,18535918592
4,4708.553,grad,18545355776
4,4709.997,grad,18545355776
4,4711.262,grad,18568540160
4,4712.947,grad,18574897152
4,4714.965,grad,18582241280
4,4716.28,grad,18728124416
4,4717.74,grad,18728124416
4,4719.788,grad,18774327296
4,4722.118,grad,18774331392
4,4723.376,grad,18783768576
4,4724.716,grad,18783768576
4,4725.968,grad,18821633024
4,4727.544,grad,18813309952
4,4728.825,grad,18859451392
4,4730.969,grad,18927739904
4,4733.303,grad,19005400064
4,4735.654,grad,19012744192
4,4736.921,grad,19022181376
4,4738.243,grad,19022181376
4,4739.491,grad,19060045824
4,4741.108,grad,19051722752
4,4742.356,grad,19097864192
4,4744.512,grad,19166152704
4,4746.776,grad,19251152896
4,4749.086,grad,19251156992
4,4750.459,grad,19260594176
4,4751.865,grad,19260594176
4,4753.142,grad,19298458624
4,4754.654,grad,19290135552
4,4755.916,grad,19297479680
4,4757.185,grad,19443362816
4,4758.511,grad,19443362816
4,4760.528,grad,19482225664
4,4762.957,grad,19489569792
4,4764.213,grad,19499006976
4,4765.584,grad,19499006976
4,4766.869,grad,19522191360
4,4768.767,grad,19528548352
4,4770.037,grad,19574689792
4,4771.296,grad,19681775616
4,4772.573,grad,19681775616
4,4774.752,grad,19720638464
4,4777.197,grad,19727982592
4,4778.443,grad,19737419776
4,4779.969,grad,19737419776
4,4781.232,grad,19775284224
4,4782.85,grad,19766961152
4,4784.096,grad,19774305280
4,4785.369,grad,19920188416
4,4786.725,grad,19920188416
4,4788.947,grad,19959051264
4,4791.52,grad,19966395392
4,4792.811,grad,19975832576
4,4794.196,grad,19975832576
4,4795.445,grad,19999016960
4,4797.191,grad,20005373952
4,4798.439,grad,20012718080
4,4799.684,grad,20274993152
4,4800.965,grad,20119803904
4,4803.151,grad,20197464064
4,4805.558,grad,20204808192
4,4806.976,grad,20214245376
4,4808.464,grad,20214245376
4,4809.754,grad,20252109824
4,4811.342,grad,20243786752
4,4812.6,grad,20251130880
4,4813.896,grad,20513405952
4,4815.281,grad,20397014016
4,4817.35,grad,20435876864
4,4819.772,grad,20443220992
4,4821.045,grad,20452658176
4,4822.46,grad,20452658176
4,4823.718,grad,20475842560
4,4825.566,grad,20482199552
4,4826.848,grad,20528340992
4,4829.075,grad,20596629504
4,4831.337,grad,20674289664
4,4833.689,grad,20681633792
4,4834.956,grad,20691070976
4,4836.312,grad,20691070976
4,4837.554,grad,20714255360
4,4839.308,grad,20720612352
4,4840.56,grad,20766753792
4,4841.841,grad,20873839616
4,4843.182,grad,20873839616
4,4845.309,grad,20912702464
4,4847.772,grad,20920046592
4,4849.058,grad,20929483776
4,4850.48,grad,20929483776
4,4851.764,grad,20952668160
4,4853.508,grad,20959025152
4,4854.761,grad,20966369280
4,4856.018,grad,21228644352
4,4857.273,grad,21112252416
4,4859.443,grad,21151115264
4,4861.893,grad,21158459392
4,4863.285,grad,21167896576
4,4864.687,grad,21167896576
4,4865.974,grad,21191080960
4,4867.609,grad,21197437952
4,4868.861,grad,21204782080
4,4870.106,grad,21389462528
4,4871.471,grad,21350665216
4,4873.494,grad,21389528064
4,4875.836,grad,21396872192
4,4877.124,grad,21406309376
4,4878.533,grad,21406309376
4,4879.906,grad,21429493760
4,4881.826,grad,21435850752
4,4883.09,grad,21481992192
4,4884.343,grad,21627875328
4,4885.581,grad,21589078016
4,4887.667,grad,21627940864
4,4890.085,grad,21635284992
4,4891.36,grad,21644722176
4,4892.698,grad,21644722176
4,4893.96,grad,21682586624
4,4895.578,grad,21674263552
4,4896.828,grad,21681607680
4,4898.087,grad,21827490816
4,4899.418,grad,21827490816
4,4901.592,grad,21866353664
4,4903.977,grad,21873697792
4,4905.229,grad,21883134976
4,4906.648,grad,21883134976
4,4907.913,grad,21920999424
4,4909.525,grad,21912676352
4,4910.77,grad,21958817792
4,4912.965,grad,22027106304
4,4915.301,grad,22112106496
4,4917.783,grad,22112110592
4,4919.205,grad,22121547776
4,4920.646,grad,22121547776
4,4921.978,grad,22145780736
4,4923.586,grad,22152137728
4,4924.839,grad,22159481856
4,4926.082,grad,22344162304
4,4927.429,grad,22305364992
4,4929.752,grad,22344227840
4,4932.21,grad,22351571968
4,4933.615,grad,22361009152
4,4935.041,grad,22361009152
4,4936.29,grad,22384193536
4,4939.006,grad,22390550528
4,4940.258,grad,22397894656
4,4941.516,grad,22504980480
4,4942.854,grad,22504980480
4,4944.14,grad,22589980672
4,4945.548,grad,22589980672
4,4948.008,grad,22589984768
4,4949.403,grad,22599421952
4,4950.828,grad,22599421952
4,4952.091,grad,22615266304
4,4954.067,grad,22628963328
4,4955.32,grad,22675104768
4,4956.585,grad,22820987904
4,4957.852,grad,22743393280
4,4959.118,grad,22821053440
4,4960.672,grad,22828393472
4,4961.981,grad,23132480512
4,4963.236,grad,23755372544
4,4966.331,grad,23748004352
4,4967.583,grad,23436577792
4,4968.825,grad,23436577792
4,4970.058,grad,23436577792
4,4971.879,grad,23436579328
4,4973.56,grad,22824751104
4,4974.828,grad,22824810496
4,4976.219,grad,22778607616
4,4977.461,grad,22742628352
4,4978.694,grad,22691969024
4,4980.158,grad,22645833728
4,4981.408,grad,22654085120
4,4983.123,grad,22609863680
4,4984.666,grad,22609863680
4,4985.983,grad,22628738048
4,4987.438,grad,22604981248
4,4988.678,grad,22602392576
4,4989.991,grad,22606588928
4,4991.854,grad,22551729152
4,4993.105,grad,22515749888
4,4994.96,grad,22418955264
4,4996.222,grad,22412461056
4,4997.902,grad,22382985216
4,4999.471,grad,22382985216
4,5000.788,grad,22401859584
4,5002.205,grad,22378102784
4,5003.887,grad,22379710464
4,5005.126,grad,22448648192
4,5006.417,grad,22324850688
4,5007.681,grad,22281531392
4,5009.556,grad,22192076800
4,5011.067,grad,22185648128
4,5012.813,grad,22155058176
4,5014.305,grad,22155058176
4,5015.578,grad,22174981120
4,5017.046,grad,22150175744
4,5018.82,grad,22151783424
4,5020.067,grad,22220721152
4,5021.393,grad,22096923648
4,5022.652,grad,22092401664
4,5024.278,grad,21964149760
4,5025.527,grad,21972335616
4,5027.173,grad,21928179712
4,5028.808,grad,21928179712
4,5030.08,grad,21946923008
4,5031.94,grad,21923297280
4,5033.607,grad,21924380672
4,5034.866,grad,21993842688
4,5036.159,grad,21870045184
4,5037.403,grad,21865523200
4,5039.189,grad,21737271296
4,5040.438,grad,21745522688
4,5042.104,grad,21701301248
4,5043.641,grad,21701301248
4,5044.929,grad,21720175616
4,5046.355,grad,21696418816
4,5048.075,grad,21697502208
4,5049.311,grad,21689369600
4,5050.665,grad,21643166720
4,5051.933,grad,21638644736
4,5053.647,grad,21510392832
4,5054.907,grad,21518251008
4,5056.159,grad,21474422784
4,5057.395,grad,21475471360
4,5058.64,grad,21503848448
4,5059.901,grad,21476454400
4,5061.31,grad,21469540352
4,5062.97,grad,21470623744
4,5064.223,grad,21462491136
4,5065.549,grad,21416288256
4,5066.808,grad,21411766272
4,5068.551,grad,21283514368
4,5069.81,grad,21277085696
4,5071.518,grad,21247544320
4,5073.072,grad,21247544320
4,5074.32,grad,21266484224
4,5075.994,grad,21242661888
4,5077.728,grad,21243745280
4,5079.025,grad,21235612672
4,5080.267,grad,21189409792
4,5081.521,grad,21153430528
4,5082.818,grad,21056635904
4,5084.068,grad,21056633856
4,5085.313,grad,21035461632
4,5086.547,grad,21020665856
4,5088.104,grad,21020665856
4,5089.353,grad,21039409152
4,5090.923,grad,21015783424
4,5092.596,grad,21016866816
4,5093.884,grad,21008734208
4,5095.227,grad,20962531328
4,5096.469,grad,20958009344
4,5098.202,grad,20829757440
4,5099.768,grad,20823328768
4,5101.526,grad,20793787392
4,5103.073,grad,20793787392
4,5104.378,grad,20812661760
4,5105.822,grad,20788904960
4,5107.526,grad,20789988352
4,5108.772,grad,20779430912
4,5110.067,grad,20735652864
4,5111.307,grad,20707013632
4,5112.549,grad,20610216960
4,5113.902,grad,20610219008
4,5115.2,grad,20581704704
4,5116.539,grad,20566909440
4,5118.108,grad,20566908928
4,5119.359,grad,20585717760
4,5121.162,grad,20562026496
4,5122.857,grad,20563109888
4,5124.111,grad,20554977280
4,5125.474,grad,20508774400
4,5126.734,grad,20504252416
4,5128.495,grad,20376000512
4,5129.823,grad,20369571840
4,5131.524,grad,20340030464
4,5133.061,grad,20340030464
4,5134.354,grad,20358904832
4,5135.813,grad,20335148032
4,5137.45,grad,20336231424
4,5138.686,grad,20328098816
4,5139.941,grad,20281895936
4,5141.177,grad,20245916672
4,5143.08,grad,20149122048
4,5144.599,grad,20142693376
4,5146.362,grad,20113152000
4,5147.926,grad,20113152000
4,5149.226,grad,20131895296
4,5150.874,grad,20108269568
4,5152.557,grad,20109352960
4,5153.834,grad,20101220352
4,5155.21,grad,20055017472
4,5156.45,grad,20050495488
4,5158.162,grad,19922243584
4,5159.443,grad,19915814912
4,5161.236,grad,19886273536
4,5162.756,grad,19886273536
4,5164.067,grad,19905147904
4,5165.727,grad,19881391104
4,5167.439,grad,19882474496
4,5168.697,grad,19874341888
4,5169.956,grad,19828139008
4,5171.2,grad,19784819712
4,5172.443,grad,19695363072
4,5173.749,grad,19702705152
4,5175.004,grad,19674190848
4,5176.272,grad,19659395584
4,5177.834,grad,19659395072
4,5179.068,grad,19678138368
4,5180.738,grad,19661852672
4,5182.444,grad,19655596032
4,5183.773,grad,19647463424
4,5185.16,grad,19601260544
4,5186.408,grad,19596738560
4,5188.138,grad,19468552192
4,5189.687,grad,19462123520
4,5191.541,grad,19432582144
4,5193.089,grad,19432582144
4,5194.409,grad,19451456512
4,5195.847,grad,19427699712
4,5197.644,grad,19428783104
4,5198.899,grad,19420584960
4,5200.172,grad,19374447616
4,5201.407,grad,19292331008
4,5203.241,grad,19241673728
4,5204.496,grad,19249925120
4,5206.193,grad,19205704192
4,5207.675,grad,19205703680
4,5208.982,grad,19224578048
4,5211.044,grad,19200821248
4,5212.777,grad,19201904640
4,5214.061,grad,19193772032
4,5215.471,grad,19147569152
4,5216.743,grad,19104249856
4,5218.524,grad,19014860800
4,5219.797,grad,19008432128
4,5221.606,grad,18978890752
4,5223.149,grad,18978890752
4,5224.463,grad,18997765120
4,5225.894,grad,18974008320
4,5227.575,grad,18975091712
4,5228.854,grad,18966959104
4,5230.098,grad,18920756224
4,5231.342,grad,18877436928
4,5232.592,grad,18787980288
4,5233.925,grad,18795322368
4,5235.209,grad,18781488128
4,5236.837,grad,18752012288
4,5238.381,grad,18752012288
4,5239.621,grad,18770821120
4,5241.202,grad,18747129856
4,5242.873,grad,18748213248
4,5244.122,grad,18817675264
4,5245.444,grad,18693877760
4,5246.688,grad,18650558464
4,5248.471,grad,18561103872
4,5249.716,grad,18554675200
4,5251.55,grad,18525134336
4,5253.082,grad,18525133824
4,5254.391,grad,18544008192
4,5256.12,grad,18520251392
4,5257.82,grad,18521334784
4,5259.06,grad,18590796800
4,5260.409,grad,18466999296
4,5261.661,grad,18423680000
4,5263.481,grad,18334225408
4,5264.738,grad,18342476800
4,5266.397,grad,18298255360
4,5267.921,grad,18298255360
4,5269.209,grad,18317129728
4,5270.659,grad,18293372928
4,5272.392,grad,18294456320
4,5273.647,grad,18363918336
4,5274.997,grad,18240120832
4,5276.25,grad,18235598848
4,5278.028,grad,18107412480
4,5279.271,grad,18115205120
4,5280.518,grad,18103932928
4,5281.9,grad,18071442432
4,5283.169,grad,18086122496
4,5284.422,grad,18090316800
4,5285.863,grad,18066560000
4,5287.537,grad,18068560896
4,5288.784,grad,18059510784
4,5290.157,grad,18013307904
4,5291.416,grad,17931191296
4,5293.266,grad,17880534016
4,5294.538,grad,17888785408
4,5296.277,grad,17844564480
4,5297.8,grad,17844563968
4,5299.052,grad,17863372800
4,5300.949,grad,17839681536
4,5302.691,grad,17840764928
4,5303.976,grad,17832632320
4,5305.352,grad,17786429440
4,5306.607,grad,17781907456
4,5308.326,grad,17653721088
4,5309.572,grad,17661972480
4,5311.345,grad,17617751040
4,5312.903,grad,17617751040
4,5314.246,grad,17636625408
4,5315.701,grad,17612868608
4,5317.428,grad,17613952000
4,5318.68,grad,17605819392
4,5320.051,grad,17559616512
4,5321.293,grad,17492179968
4,5322.524,grad,17426842624
4,5323.765,grad,17434182656
4,5325.05,grad,17427688448
4,5326.612,grad,17390872576
4,5328.181,grad,17390872576
4,5329.468,grad,17409812480
4,5330.925,grad,17385990144
4,5332.632,grad,17387073536
4,5333.885,grad,17378940928
4,5335.223,grad,17332738048
4,5336.466,grad,17328216064
4,5338.18,grad,17200029696
4,5339.422,grad,17208281088
4,5341.147,grad,17164059648
4,5342.714,grad,17164059648
4,5344.006,grad,17182999552
4,5345.685,grad,17159177216
4,5347.421,grad,17160260608
4,5348.666,grad,17152128000
4,5350.029,grad,17105925120
4,5351.268,grad,17023808512
4,5353.146,grad,16973151232
4,5354.384,grad,16981402624
4,5356.052,grad,16937181184
4,5357.58,grad,16937181184
4,5358.857,grad,16956121088
4,5360.262,grad,16932298752
4,5362.037,grad,16933382144
4,5363.273,grad,16925249536
4,5364.597,grad,16879046656
4,5365.883,grad,16835727360
4,5367.641,grad,16746338304
4,5368.9,grad,16754196480
4,5370.144,grad,16710368256
4,5371.375,grad,16710368256
4,5372.641,grad,16739793920
4,5374.136,grad,16704994304
4,5375.402,grad,16712825856
4,5376.994,grad,16706569216
4,5378.27,grad,16698436608
4,5379.63,grad,16652233728
4,5380.944,grad,16570117120
4,5382.88,grad,16519459840
4,5384.122,grad,16520371200
4,5385.793,grad,16476149760
4,5387.349,grad,16475887616
4,5388.592,grad,16494893056
4,5390.238,grad,16471005184
4,5391.521,grad,16461076480
4,5392.76,grad,16461076480
4,5393.995,grad,16461076480
4,5397.235,grad,16461075968
4,5398.933,grad,16461075968
4,5400.316,grad,16461075968
4,5401.599,grad,16461075968
4,5406.347,grad,16461075968
4,5407.971,grad,16461075968
4,5409.226,grad,16477263360
4,5410.468,grad,16498365952
4,5411.715,grad,16516126208
4,5414.145,grad,16516126208
4,5415.506,grad,16516132864
4,5416.898,grad,16516454912
4,5418.24,grad,16678092288
4,5419.572,grad,16678092288
4,5420.925,grad,16678092288
4,5422.18,grad,16672653312
4,5423.457,grad,16622558208
4,5424.723,grad,16436697600
4,5426.022,grad,16298318336
4,5427.288,grad,16302905856
4,5428.557,grad,16407796224
4,5429.817,grad,16449018368
4,5431.297,grad,16319420928
4,5437.541,grad,16136313344
4,5443.923,grad,16136321536
4,5450.336,grad,16136321536
4,5456.758,grad,16136321536
4,5461.257,grad,16136321536
4,5462.567,grad,16143798784
4,5464.557,grad,16143927808
4,5467.14,grad,16151267840
4,5468.579,grad,16160705024
4,5470.05,grad,16160705024
4,5471.311,grad,16183889408
4,5473.176,grad,16190246400
4,5474.441,grad,16197590528
4,5475.744,grad,16382270976
4,5477.042,grad,16304676352
4,5479.536,grad,16382336512
4,5482.047,grad,16389680640
4,5483.34,grad,16399117824
4,5484.802,grad,16399117824
4,5486.079,grad,16422302208
4,5487.721,grad,16428659200
4,5488.991,grad,16436003328
4,5490.248,grad,16698278400
4,5491.532,grad,16581886464
4,5493.789,grad,16620749312
4,5496.187,grad,16628093440
4,5497.522,grad,16637530624
4,5499.086,grad,16637530624
4,5500.391,grad,16660715008
4,5502.225,grad,16667072000
4,5503.53,grad,16674416128
4,5504.816,grad,16781501952
4,5506.318,grad,16781501952
4,5507.608,grad,16912639488
4,5509.206,grad,16859162112
4,5511.79,grad,16866506240
4,5513.235,grad,16875943424
4,5514.803,grad,16875943424
4,5516.167,grad,16891787776
4,5518.318,grad,16905484800
4,5519.693,grad,16912828928
4,5520.965,grad,17019914752
4,5522.391,grad,17019914752
4,5523.876,grad,17143712256
4,5525.371,grad,17097574912
4,5527.841,grad,17104919040
4,5529.188,grad,17114356224
4,5530.609,grad,17114356224
4,5531.876,grad,17137540608
4,5533.723,grad,17143897600
4,5534.98,grad,17190039040
4,5536.241,grad,17413516800
4,5537.489,grad,17297124864
4,5539.726,grad,17335987712
4,5542.35,grad,17343331840
4,5543.642,grad,17352769024
4,5545.121,grad,17352769024
4,5546.39,grad,17375953408
4,5548.157,grad,17382310400
4,5549.449,grad,17389654528
4,5550.716,grad,17651929600
4,5551.975,grad,17496740352
4,5553.219,grad,17627877888
4,5554.62,grad,17574400512
4,5557.135,grad,17581744640
4,5558.401,grad,17591181824
4,5559.875,grad,17591181824
4,5561.131,grad,17614366208
4,5563.01,grad,17620723200
4,5564.282,grad,17628067328
4,5565.545,grad,17735153152
4,5566.9,grad,17735153152
4,5568.155,grad,17812813312
4,5569.458,grad,17812813312
4,5571.889,grad,17820157440
4,5573.206,grad,17829594624
4,5574.633,grad,17829594624
4,5575.924,grad,17852779008
4,5577.714,grad,17859136000
4,5578.971,grad,17905277440
4,5580.255,grad,18012363264
4,5581.588,grad,18012363264
4,5582.865,grad,18051226112
4,5584.162,grad,18051226112
4,5586.626,grad,18058570240
4,5587.921,grad,18068007424
4,5589.365,grad,18068007424
4,5590.622,grad,18091191808
4,5592.299,grad,18097548800
4,5593.548,grad,18104892928
4,5594.811,grad,18289573376
4,5596.056,grad,18211978752
4,5597.312,grad,18296978944
4,5598.575,grad,18296978944
4,5601.17,grad,18296983040
4,5602.439,grad,18306420224
4,5603.844,grad,18306420224
4,5605.108,grad,18329604608
4,5606.831,grad,18335961600
4,5608.08,grad,18382103040
4,5609.324,grad,18527986176
4,5610.574,grad,18489188864
4,5612.685,grad,18528051712
4,5615.125,grad,18535395840
4,5616.397,grad,18544833024
4,5617.89,grad,18544833024
4,5619.183,grad,18560677376
4,5621.142,grad,18574374400
4,5622.401,grad,18620515840
4,5624.579,grad,18688804352
4,5626.994,grad,18773808640
4,5629.446,grad,18773808640
4,5630.737,grad,18783245824
4,5632.201,grad,18783245824
4,5633.462,grad,18806430208
4,5635.27,grad,18812787200
4,5636.544,grad,18858928640
4,5637.837,grad,19004811776
4,5639.108,grad,18966014464
4,5641.453,grad,19004877312
4,5643.784,grad,19012221440
4,5645.08,grad,19021658624
4,5646.468,grad,19021658624
4,5647.727,grad,19059523072
4,5649.37,grad,19051200000
4,5650.614,grad,19097341440
4,5651.871,grad,19243224576
4,5653.118,grad,19204427264
4,5655.306,grad,19243290112
4,5658.648,grad,19250634240
4,5659.939,grad,19260071424
4,5661.325,grad,19260071424
4,5662.569,grad,19297935872
4,5664.249,grad,19289612800
4,5665.496,grad,19296956928
4,5666.746,grad,19559232000
4,5667.994,grad,19442840064
4,5670.164,grad,19481702912
4,5672.515,grad,19489047040
4,5673.811,grad,19498484224
4,5675.215,grad,19498484224
4,5676.502,grad,19514328576
4,5678.329,grad,19528025600
4,5679.584,grad,19574167040
4,5680.847,grad,19797644800
4,5682.11,grad,19681252864
4,5684.268,grad,19720115712
4,5686.7,grad,19727459840
4,5687.981,grad,19736897024
4,5689.396,grad,19736897024
4,5690.646,grad,19774761472
4,5692.314,grad,19766438400
4,5693.561,grad,19773782528
4,5694.82,grad,20036057600
4,5696.186,grad,19880868352
4,5698.458,grad,19958528512
4,5700.924,grad,19965872640
4,5702.176,grad,19975309824
4,5703.525,grad,19975309824
4,5704.829,grad,19998494208
4,5706.593,grad,20004851200
4,5707.883,grad,20050992640
4,5709.131,grad,20196875776
4,5710.45,grad,20158078464
4,5712.41,grad,20196941312
4,5714.996,grad,20204285440
4,5716.251,grad,20213722624
4,5717.655,grad,20213722624
4,5718.944,grad,20251587072
4,5720.609,grad,20243264000
4,5721.876,grad,20289405440
4,5724.023,grad,20357693952
4,5725.269,grad,20435354112
4,5726.531,grad,20435354112
4,5728.999,grad,20442698240
4,5730.273,grad,20452135424
4,5731.622,grad,20452135424
4,5732.957,grad,20467979776
4,5734.755,grad,20481676800
4,5736.001,grad,20489020928
4,5737.249,grad,20751296000
4,5738.536,grad,20634904064
4,5740.711,grad,20673766912
4,5743.053,grad,20681111040
4,5744.3,grad,20690548224
4,5745.759,grad,20690548224
4,5747.003,grad,20713732608
4,5748.66,grad,20720089600
4,5749.93,grad,20727433728
4,5751.171,grad,20989708800
4,5752.497,grad,20834519552
4,5753.748,grad,20912179712
4,5754.99,grad,20919519744
4,5757.397,grad,20919523840
4,5758.659,grad,20928961024
4,5760.009,grad,20928961024
4,5761.254,grad,20952145408
4,5762.932,grad,20958502400
4,5764.171,grad,20965846528
4,5765.406,grad,21228121600
4,5766.636,grad,21111729664
4,5768.934,grad,21157932544
4,5771.42,grad,21157936640
4,5772.713,grad,21167373824
4,5774.103,grad,21167373824
4,5775.363,grad,21190558208
4,5777.142,grad,21196915200
4,5778.404,grad,21243056640
4,5780.561,grad,21311345152
4,5782.781,grad,21389005312
4,5785.216,grad,21396349440
4,5786.486,grad,21405786624
4,5787.912,grad,21405786624
4,5789.222,grad,21421630976
4,5790.961,grad,21435328000
4,5792.205,grad,21481469440
4,5793.447,grad,21627352576
4,5794.766,grad,21588555264
4,5796.727,grad,21627418112
4,5799.154,grad,21634762240
4,5800.437,grad,21644199424
4,5801.814,grad,21644199424
4,5803.06,grad,21682063872
4,5804.744,grad,21673740800
4,5806.019,grad,21681084928
4,5807.272,grad,21943360000
4,5808.577,grad,21788170752
4,5810.841,grad,21865830912
4,5813.139,grad,21873175040
4,5814.404,grad,21882612224
4,5815.749,grad,21882612224
4,5816.995,grad,21905796608
4,5818.701,grad,21912153600
4,5819.977,grad,21958295040
4,5822.11,grad,22026583552
4,5824.326,grad,22104243712
4,5826.971,grad,22111587840
4,5828.225,grad,22121025024
4,5829.555,grad,22121025024
4,5830.833,grad,22158889472
4,5832.426,grad,22150566400
4,5833.675,grad,22197756416
4,5835.784,grad,22266044928
4,5838.016,grad,22343705088
4,5840.343,grad,22351049216
4,5841.615,grad,22360486400
4,5843.093,grad,22360486400
4,5844.391,grad,22376330752
4,5846.316,grad,22390027776
4,5847.571,grad,22397371904
4,5848.832,grad,22582052352
4,5850.17,grad,22504457728
4,5851.417,grad,22589457920
4,5852.75,grad,22582117888
4,5855.229,grad,22589462016
4,5856.609,grad,22598899200
4,5858.134,grad,22598899200
4,5859.401,grad,22622083584
4,5861.273,grad,22628440576
4,5862.524,grad,22635784704
4,5863.787,grad,22820465152
4,5865.304,grad,22781667840
4,5866.558,grad,22881348096
4,5867.944,grad,22820530688
4,5869.204,grad,23131957760
4,5870.509,grad,23754845696
4,5871.788,grad,23747489792
4,5873.858,grad,23747481600
4,5875.102,grad,23436055040
4,5876.337,grad,23436055040
4,5877.565,grad,23436055040
4,5879.354,grad,23436056576
4,5880.663,grad,22824719872
4,5882.123,grad,22824719872
4,5883.7,grad,22835658240
4,5885.815,grad,22777200128
4,5887.265,grad,22695804416
4,5889.581,grad,22646031872
4,5891.014,grad,22639144448
4,5893.061,grad,22610061824
4,5894.939,grad,22610061824
4,5896.331,grad,22629263872
4,5898.078,grad,22604687872
4,5899.358,grad,22612519424
4,5901.184,grad,22606787072
4,5902.562,grad,22636861952
4,5903.969,grad,22513129984
4,5905.45,grad,22547405312
4,5907.497,grad,22419153408
4,5908.771,grad,22412724736
4,5910.514,grad,22383183360
4,5912.106,grad,22383183360
4,5913.456,grad,22402057728
4,5915.047,grad,22378300928
4,5916.839,grad,22379908608
4,5918.143,grad,22371251712
4,5919.809,grad,22325048832
4,5921.085,grad,22320526848
4,5922.942,grad,22192274944
4,5924.197,grad,22184797696
4,5925.995,grad,22155256320
4,5927.693,grad,22155256320
4,5929.026,grad,22174130688
4,5930.466,grad,22150373888
4,5932.152,grad,22151981568
4,5933.401,grad,22220919296
4,5934.712,grad,22097121792
4,5935.96,grad,22022345216
4,5937.84,grad,21964347904
4,5939.103,grad,21972599296
4,5940.756,grad,21928377856
4,5942.279,grad,21928377856
4,5943.574,grad,21944499712
4,5945.353,grad,21923495424
4,5947.138,grad,21924775424
4,5948.379,grad,21994040832
4,5949.682,grad,21870243328
4,5950.936,grad,21826924032
4,5952.759,grad,21737469440
4,5954.023,grad,21731040768
4,5955.763,grad,21701499392
4,5957.364,grad,21701499392
4,5958.646,grad,21720373760
4,5960.09,grad,21696616960
4,5961.813,grad,21697700352
4,5963.045,grad,21767162368
4,5964.591,grad,21643364864
4,5965.865,grad,21561248256
4,5967.77,grad,21510590976
4,5969.02,grad,21518842368
4,5970.651,grad,21474620928
4,5972.191,grad,21474620928
4,5973.474,grad,21493495296
4,5974.911,grad,21469738496
4,5976.72,grad,21470821888
4,5978.009,grad,21462689280
4,5979.405,grad,21416486400
4,5980.646,grad,21411964416
4,5982.46,grad,21283778048
4,5983.774,grad,21277349376
4,5985.566,grad,21247808512
4,5987.181,grad,21247808000
4,5988.433,grad,21249249792
4,5990.195,grad,21242925568
4,5991.926,grad,21244008960
4,5993.167,grad,21313470976
4,5994.475,grad,21189673472
4,5995.724,grad,21185151488
4,5997.597,grad,21056965120
4,5998.879,grad,21050536448
4,6000.623,grad,21020995072
4,6002.222,grad,21020995072
4,6003.477,grad,21039803904
4,6004.983,grad,21016112640
4,6006.781,grad,21017196032
4,6008.036,grad,21009063424
4,6009.341,grad,20962860544
4,6010.662,grad,20926946816
4,6011.974,grad,20876221952
4,6013.289,grad,20837426688
4,6014.546,grad,20816252416
4,6016.845,grad,20794116608
4,6018.41,grad,20794116608
4,6019.73,grad,20812990976
4,6021.169,grad,20789234176
4,6022.896,grad,20790317568
4,6024.132,grad,20782184960
4,6025.458,grad,20735982080
4,6026.699,grad,20731460096
4,6028.575,grad,20603208192
4,6029.833,grad,20596779520
4,6031.554,grad,20567238144
4,6033.093,grad,20567238144
4,6034.329,grad,20568811008
4,6036.142,grad,20562355712
4,6037.899,grad,20563439104
4,6039.154,grad,20632901120
4,6040.46,grad,20509103616
4,6041.711,grad,20504581632
4,6043.409,grad,20376395264
4,6044.647,grad,20384646656
4,6046.367,grad,20340425728
4,6047.944,grad,20340425216
4,6049.251,grad,20359299584
4,6050.686,grad,20335542784
4,6052.412,grad,20336626176
4,6053.652,grad,20328493568
4,6054.995,grad,20282290688
4,6056.245,grad,20238971392
4,6058.377,grad,20149582336
4,6059.631,grad,20143153664
4,6061.34,grad,20113612288
4,6062.866,grad,20113612288
4,6064.14,grad,20132486656
4,6065.551,grad,20108729856
4,6067.291,grad,20109813248
4,6068.533,grad,20101680640
4,6069.878,grad,20055477760
4,6071.111,grad,20050955776
4,6072.822,grad,19922769408
4,6074.053,grad,19931020800
4,6075.712,grad,19886799360
4,6077.336,grad,19886799360
4,6078.569,grad,19905608192
4,6080.438,grad,19881916928
4,6082.153,grad,19883000320
4,6083.416,grad,19874867712
4,6084.817,grad,19828664832
4,6086.079,grad,19785345536
4,6087.99,grad,19695890944
4,6089.231,grad,19689462272
4,6090.959,grad,19659920896
4,6092.507,grad,19659920896
4,6093.742,grad,19678729728
4,6095.257,grad,19655038464
4,6097.026,grad,19656121856
4,6098.321,grad,19647989248
4,6099.69,grad,19601786368
4,6100.97,grad,19597264384
4,6102.801,grad,19469012480
4,6104.069,grad,19476870656
4,6105.323,grad,19441546752
4,6106.571,grad,19433042432
4,6107.834,grad,19447722496
4,6109.104,grad,19451916800
4,6110.516,grad,19428160000
4,6112.246,grad,19429243392
4,6113.578,grad,19421110784
4,6114.953,grad,19374907904
4,6116.227,grad,19370385920
4,6118.202,grad,19242199552
4,6119.543,grad,19235770880
4,6121.348,grad,19206229504
4,6122.997,grad,19206229504
4,6124.235,grad,19225038336
4,6126.042,grad,19201347072
4,6127.975,grad,19202430464
4,6129.214,grad,19194232320
4,6130.504,grad,19148094976
4,6131.737,grad,19065978368
4,6133.592,grad,19015321088
4,6134.841,grad,19008892416
4,6136.549,grad,18979351040
4,6138.178,grad,18979351040
4,6139.424,grad,18998094336
4,6141.033,grad,18974468608
4,6142.718,grad,18975552000
4,6143.983,grad,18967419392
4,6145.345,grad,18921216512
4,6146.584,grad,18877897216
4,6148.451,grad,18788508160
4,6149.714,grad,18796300800
4,6150.972,grad,18786208256
4,6152.277,grad,18752538112
4,6153.53,grad,18767218176
4,6154.788,grad,18771412480
4,6156.188,grad,18747655680
4,6157.959,grad,18748739072
4,6159.232,grad,18740606464
4,6160.604,grad,18694403584
4,6161.883,grad,18689881600
4,6163.671,grad,18561629696
4,6164.917,grad,18555201024
4,6166.642,grad,18525659648
4,6168.277,grad,18525659648
4,6169.519,grad,18544468480
4,6171.509,grad,18520777216
4,6173.242,grad,18521860608
4,6174.487,grad,18513728000
4,6175.834,grad,18467525120
4,6177.073,grad,18463003136
4,6178.95,grad,18334751232
4,6180.231,grad,18328322560
4,6182.0,grad,18298781184
4,6183.529,grad,18298781184
4,6184.851,grad,18317655552
4,6186.307,grad,18293898752
4,6188.091,grad,18294982144
4,6189.38,grad,18286849536
4,6190.746,grad,18240646656
4,6192.022,grad,18236124672
4,6193.753,grad,18107938304
4,6194.989,grad,18115796480
4,6196.253,grad,18079424000
4,6197.494,grad,18071968256
4,6198.762,grad,18086648320
4,6200.028,grad,18090842624
4,6201.481,grad,18067085824
4,6203.161,grad,18068169216
4,6204.404,grad,18060036608
4,6205.756,grad,18013833728
4,6206.995,grad,17970514432
4,6208.87,grad,17881125376
4,6210.157,grad,17889311232
4,6211.986,grad,17845155328
4,6213.598,grad,17845155328
4,6214.894,grad,17863964160
4,6216.681,grad,17840272896
4,6218.455,grad,17841356288
4,6219.699,grad,17833223680
4,6221.073,grad,17787020800
4,6222.339,grad,17743701504
4,6224.321,grad,17661652480
4,6225.633,grad,17662563840
4,6227.374,grad,17618342400
4,6229.03,grad,17618342400
4,6230.423,grad,17637216768
4,6231.912,grad,17613459968
4,6233.639,grad,17614543360
4,6234.935,grad,17606410752
4,6236.323,grad,17560207872
4,6237.565,grad,17516888576
4,6239.43,grad,17427433984
4,6240.671,grad,17435292160
4,6241.921,grad,17391463936
4,6243.166,grad,17392512512
4,6244.477,grad,17421348352
4,6245.834,grad,17386089984
4,6247.073,grad,17393921536
4,6248.633,grad,17387664896
4,6249.928,grad,17379532288
4,6251.286,grad,17333329408
4,6252.547,grad,17290010112
4,6254.328,grad,17200555520
4,6255.569,grad,17208806912
4,6257.215,grad,17164585472
4,6258.797,grad,17164585472
4,6260.112,grad,17183459840
4,6261.809,grad,17159703040
4,6263.494,grad,17160786432
4,6264.732,grad,17152653824
4,6266.066,grad,17106450944
4,6267.31,grad,17101928960
4,6269.116,grad,16973742592
4,6270.352,grad,16967313920
4,6272.037,grad,16937772544
4,6273.559,grad,16937772544
4,6274.82,grad,16956581376
4,6276.371,grad,16932890112
4,6278.042,grad,16933973504
4,6279.373,grad,16925840896
4,6280.625,grad,16879638016
4,6281.88,grad,16836318720
4,6283.132,grad,16746862080
4,6284.451,grad,16754204160
4,6285.712,grad,16747709952
4,6287.241,grad,16710894080
4,6288.828,grad,16710894080
4,6290.066,grad,16729768448
4,6291.579,grad,16706011648
4,6293.316,grad,16707095040
4,6294.647,grad,16698962432
4,6296.048,grad,16652759552
4,6297.309,grad,16609440256
4,6298.561,grad,16527323648
4,6299.912,grad,16527325696
4,6301.249,grad,16506216960
4,6302.498,grad,16500908544
4,6303.784,grad,16476676096
4,6305.203,grad,16476413440
4,6306.446,grad,16495287808
4,6308.257,grad,16471531008
4,6309.531,grad,16461602304
4,6310.792,grad,16461602304
4,6312.028,grad,16461602304
4,6314.918,grad,16461601792
4,6316.22,grad,16461601792
4,6317.507,grad,16461601792
4,6318.769,grad,16461601792
4,6322.208,grad,16461601792
4,6323.594,grad,16461601792
4,6324.857,grad,16479755264
4,6326.121,grad,16501447680
4,6327.375,grad,16516652032
4,6329.161,grad,16516652032
4,6330.407,grad,16516662272
4,6331.821,grad,16678618112
4,6333.084,grad,16678618112
4,6334.361,grad,16678618112
4,6335.727,grad,16678618112
4,6336.965,grad,16623084032
4,6338.21,grad,16420184064
4,6339.479,grad,16297795584
4,6340.717,grad,16329515008
4,6341.96,grad,16440139776
4,6343.215,grad,16395083776
4,6349.676,grad,16136839168
4,6356.055,grad,16136843264
4,6362.416,grad,16136843264
4,6369.239,grad,16136843264
4,6374.087,grad,16136843264
4,6375.41,grad,16140650496
4,6377.459,grad,16140779520
4,6380.163,grad,16144449536
4,6381.61,grad,16149168128
4,6383.047,grad,16149168128
4,6384.315,grad,16160760832
4,6386.152,grad,16163972096
4,6387.41,grad,16167611392
4,6388.677,grad,16259984384
4,6389.94,grad,16240585728
4,6391.229,grad,16260017152
4,6392.927,grad,16260017152
4,6395.405,grad,16263689216
4,6396.757,grad,16268407808
4,6398.266,grad,16268407808
4,6399.535,grad,16280000512
4,6401.414,grad,16283179008
4,6402.674,grad,16286851072
4,6403.962,grad,16379191296
4,6405.264,grad,16340393984
4,6406.527,grad,16409632768
4,6407.893,grad,16379224064
4,6410.282,grad,16382896128
4,6411.628,grad,16387614720
4,6413.078,grad,16387614720
4,6414.342,grad,16396585984
4,6416.342,grad,16407104512
4,6417.606,grad,16426505216
4,6418.864,grad,16499446784
4,6420.195,grad,16480048128
4,6422.242,grad,16499479552
4,6424.58,grad,16503151616
4,6425.852,grad,16508918784
4,6427.221,grad,16508918784
4,6428.5,grad,16520511488
4,6430.219,grad,16522641408
4,6431.474,grad,16546760704
4,6433.569,grad,16580904960
4,6434.838,grad,16657483776
4,6436.23,grad,16623405056
4,6438.552,grad,16623407104
4,6439.815,grad,16629174272
4,6441.161,grad,16629174272
4,6442.456,grad,16640766976
4,6444.111,grad,16643945472
4,6445.372,grad,16668064768
4,6446.616,grad,16721607680
4,6447.857,grad,16722656256
4,6449.942,grad,16741039104
4,6452.441,grad,16744711168
4,6453.716,grad,16749429760
4,6455.039,grad,16749429760
4,6456.289,grad,16761022464
4,6457.95,grad,16764200960
4,6459.208,grad,16787271680
4,6460.457,grad,16821415936
4,6461.771,grad,16840814592
4,6463.721,grad,16860246016
4,6466.058,grad,16863918080
4,6467.315,grad,16869685248
4,6468.664,grad,16869685248
4,6469.919,grad,16888617984
4,6471.657,grad,16883407872
4,6472.923,grad,16907527168
4,6475.101,grad,16941671424
4,6477.335,grad,16980501504
4,6479.665,grad,16984173568
4,6480.922,grad,16988892160
4,6482.254,grad,16988892160
4,6483.508,grad,17008873472
4,6485.173,grad,17004711936
4,6486.435,grad,17027782656
4,6488.588,grad,17061926912
4,6491.007,grad,17100756992
4,6493.349,grad,17104429056
4,6494.609,grad,17110196224
4,6495.972,grad,17110196224
4,6497.249,grad,17121788928
4,6499.034,grad,17123918848
4,6500.354,grad,17128639488
4,6501.629,grad,17220979712
4,6503.014,grad,17182182400
4,6504.269,grad,17251421184
4,6505.819,grad,17221012480
4,6508.477,grad,17224684544
4,6510.126,grad,17230451712
4,6511.68,grad,17230451712
4,6513.024,grad,17238374400
4,6514.957,grad,17244174336
4,6516.259,grad,17248894976
4,6517.597,grad,17380032512
4,6518.918,grad,17302437888
4,6521.266,grad,17344937984
4,6523.68,grad,17344940032
4,6524.999,grad,17349658624
4,6526.456,grad,17349658624
4,6527.756,grad,17361251328
4,6529.424,grad,17364429824
4,6530.695,grad,17372820480
4,6531.957,grad,17422693376
4,6533.331,grad,17422693376
4,6535.556,grad,17461523456
4,6537.952,grad,17465195520
4,6539.221,grad,17470962688
4,6540.596,grad,17470962688
4,6541.888,grad,17483603968
4,6543.593,grad,17485733888
4,6544.891,grad,17509853184
4,6546.17,grad,17563396096
4,6547.425,grad,17563396096
4,6549.778,grad,17587546112
4,6552.11,grad,17587548160
4,6553.369,grad,17592266752
4,6554.817,grad,17592266752
4,6556.073,grad,17611199488
4,6557.713,grad,17607037952
4,6558.964,grad,17630108672
4,6561.125,grad,17683651584
4,6563.337,grad,17703083008
4,6565.684,grad,17706755072
4,6567.117,grad,17712522240
4,6568.566,grad,17712522240
4,6569.82,grad,17724114944
4,6571.533,grad,17726244864
4,6572.729,grad,17732014080
4,6573.976,grad,17863151616
4,6575.245,grad,17804955648
4,6577.357,grad,17824387072
4,6579.682,grad,17828059136
4,6580.938,grad,17832777728
4,6582.307,grad,17832777728
4,6583.551,grad,17844370432
4,6585.177,grad,17847548928
4,6586.616,grad,17851220992
4,6587.879,grad,17983407104
4,6589.153,grad,17925211136
4,6591.268,grad,17944642560
4,6593.676,grad,17948314624
4,6594.942,grad,17953033216
4,6596.338,grad,17953033216
4,6597.585,grad,17971965952
4,6599.191,grad,17967804416
4,6600.446,grad,17972525056
4,6601.688,grad,18045466624
4,6602.941,grad,18045466624
4,6606.224,grad,18064898048
4,6608.599,grad,18068570112
4,6609.866,grad,18073288704
4,6611.237,grad,18073288704
4,6612.49,grad,18092221440
4,6614.123,grad,18089108480
4,6615.424,grad,18111130624
4,6617.587,grad,18145274880
4,6619.782,grad,18184104960
4,6622.158,grad,18188825600
4,6623.552,grad,18193544192
4,6624.945,grad,18193544192
4,6626.206,grad,18205136896
4,6627.92,grad,18208315392
4,6629.216,grad,18211987456
4,6630.479,grad,18304327680
4,6631.76,grad,18265530368
4,6633.963,grad,18304360448
4,6636.285,grad,18308032512
4,6637.545,grad,18312751104
4,6638.909,grad,18312751104
4,6640.172,grad,18332732416
4,6641.774,grad,18328570880
4,6643.188,grad,18351641600
4,6644.446,grad,18424583168
4,6645.796,grad,18405184512
4,6647.721,grad,18424615936
4,6650.06,grad,18429336576
4,6651.311,grad,18434055168
4,6652.644,grad,18434055168
4,6653.93,grad,18452987904
4,6655.492,grad,18448826368
4,6656.746,grad,18471897088
4,6658.827,grad,18506041344
4,6661.235,grad,18544871424
4,6663.592,grad,18548543488
4,6664.866,grad,18554310656
4,6666.177,grad,18554310656
4,6667.436,grad,18573243392
4,6669.033,grad,18568033280
4,6670.28,grad,18592152576
4,6672.417,grad,18626296832
4,6674.588,grad,18665126912
4,6676.998,grad,18668798976
4,6678.402,grad,18673517568
4,6679.801,grad,18673517568
4,6681.045,grad,18685110272
4,6682.728,grad,18691958784
4,6683.973,grad,18711359488
4,6686.086,grad,18745503744
4,6688.281,grad,18784333824
4,6690.617,grad,18788005888
4,6691.885,grad,18792724480
4,6693.253,grad,18792724480
4,6694.508,grad,18812705792
4,6696.135,grad,18808544256
4,6697.583,grad,18812216320
4,6698.846,grad,18885157888
4,6700.082,grad,18885157888
4,6702.18,grad,18904589312
4,6704.566,grad,18908261376
4,6705.833,grad,18914028544
4,6707.239,grad,18914028544
4,6708.495,grad,18932961280
4,6710.145,grad,18927751168
4,6711.459,grad,18951870464
4,6713.568,grad,18986014720
4,6715.959,grad,19024844800
4,6718.313,grad,19028516864
4,6719.577,grad,19034284032
4,6720.94,grad,19034284032
4,6722.206,grad,19054265344
4,6723.79,grad,19049055232
4,6725.031,grad,19073174528
4,6727.178,grad,19107318784
4,6729.452,grad,19149818880
4,6731.78,grad,19149820928
4,6733.176,grad,19154539520
4,6734.566,grad,19154539520
4,6735.83,grad,19173472256
4,6737.497,grad,19172980736
4,6738.787,grad,19192381440
4,6740.919,grad,19226525696
4,6743.106,grad,19265355776
4,6745.431,grad,19269027840
4,6746.692,grad,19274795008
4,6748.057,grad,19274795008
4,6749.299,grad,19293727744
4,6750.885,grad,19288517632
4,6752.308,grad,19293238272
4,6753.581,grad,19424375808
4,6754.899,grad,19366179840
4,6757.056,grad,19385611264
4,6759.477,grad,19389283328
4,6760.87,grad,19394001920
4,6762.267,grad,19394001920
4,6763.516,grad,19406643200
4,6765.31,grad,19409821696
4,6766.584,grad,19432892416
4,6767.846,grad,19505833984
4,6769.087,grad,19467036672
4,6770.334,grad,19509536768
4,6771.734,grad,19505866752
4,6772.985,grad,19661578240
4,6774.226,grad,19974069248
4,6777.29,grad,19970389504
4,6778.564,grad,19814676480
4,6779.866,grad,19814676480
4,6781.127,grad,19814676480
4,6782.371,grad,19814676480
4,6783.629,grad,20127151616
4,6784.989,grad,19510582272
4,6786.233,grad,19507301376
4,6787.489,grad,19484199936
4,6788.726,grad,19462540288
4,6789.955,grad,19417811968
4,6791.283,grad,19421484032
4,6792.532,grad,19418235904
4,6794.046,grad,19398778880
4,6795.553,grad,19398778880
4,6796.809,grad,19409231872
4,6798.329,grad,19396583424
4,6799.568,grad,19395045376
4,6800.851,grad,19398715392
4,6802.575,grad,19369711616
4,6803.817,grad,19351721984
4,6805.049,grad,19306993664
4,6806.376,grad,19306995712
4,6807.631,grad,19292737536
4,6808.917,grad,19284291072
4,6810.294,grad,19285339136
4,6811.605,grad,19294776320
4,6813.058,grad,19283143680
4,6814.767,grad,19285275648
4,6816.007,grad,19317187584
4,6817.311,grad,19255288832
4,6818.572,grad,19253093376
4,6820.551,grad,19189853184
4,6821.829,grad,19186637824
4,6823.416,grad,19171866624
4,6824.971,grad,19171866624
4,6826.212,grad,19181271040
4,6827.741,grad,19169671168
4,6829.373,grad,19171803136
4,6830.608,grad,19205582848
4,6831.926,grad,19143684096
4,6833.159,grad,19122909184
4,6834.979,grad,19079067648
4,6836.218,grad,19083192320
4,6837.782,grad,19058983936
4,6839.272,grad,19060032512
4,6840.513,grad,19069436928
4,6842.909,grad,19057837056
4,6844.651,grad,19059969024
4,6845.943,grad,19053902848
4,6847.252,grad,19030801408
4,6848.511,grad,19029425152
4,6850.22,grad,18966184960
4,6851.463,grad,18962969600
4,6853.089,grad,18947150336
4,6854.624,grad,18948198400
4,6855.87,grad,18957602816
4,6857.354,grad,18946002944
4,6859.049,grad,18948134912
4,6860.282,grad,18942068736
4,6861.622,grad,18918967296
4,6862.89,grad,18898192384
4,6864.764,grad,18854350848
4,6866.001,grad,18858246144
4,6867.883,grad,18835315712
4,6869.394,grad,18835315712
4,6870.698,grad,18844752896
4,6872.099,grad,18833120256
4,6873.814,grad,18835252224
4,6875.049,grad,18830234624
4,6876.375,grad,18807133184
4,6877.641,grad,18843669504
4,6879.357,grad,18740747264
4,6880.722,grad,18737531904
4,6882.462,grad,18722760704
4,6884.063,grad,18722760704
4,6885.317,grad,18732165120
4,6887.085,grad,18720565248
4,6888.796,grad,18722697216
4,6890.038,grad,18716794880
4,6891.396,grad,18693693440
4,6892.642,grad,18691432448
4,6894.424,grad,18628192256
4,6895.66,grad,18624976896
4,6897.247,grad,18609157120
4,6898.776,grad,18609157120
4,6900.009,grad,18618561536
4,6901.526,grad,18606961664
4,6903.193,grad,18609093632
4,6904.46,grad,18603191296
4,6905.817,grad,18580089856
4,6907.06,grad,18577828864
4,6908.786,grad,18513703936
4,6910.062,grad,18517632000
4,6912.047,grad,18495717376
4,6913.682,grad,18495717376
4,6915.007,grad,18505318400
4,6916.643,grad,18492473344
4,6918.392,grad,18494605312
4,6919.666,grad,18488702976
4,6921.041,grad,18465601536
4,6922.287,grad,18463340544
4,6924.093,grad,18398167040
4,6925.375,grad,18394951680
4,6927.022,grad,18380180480
4,6928.564,grad,18380180480
4,6929.835,grad,18389584896
4,6931.567,grad,18377985024
4,6933.282,grad,18380116992
4,6934.605,grad,18374214656
4,6935.993,grad,18351113216
4,6937.24,grad,18329453568
4,6939.062,grad,18284760064
4,6940.405,grad,18281544704
4,6942.109,grad,18266773504
4,6943.684,grad,18266773504
4,6944.999,grad,18276374528
4,6946.656,grad,18263529472
4,6948.365,grad,18266710016
4,6949.643,grad,18260807680
4,6951.023,grad,18236657664
4,6952.267,grad,18234396672
4,6954.079,grad,18171320320
4,6955.642,grad,18167056384
4,6957.315,grad,18152285696
4,6958.817,grad,18152285184
4,6960.139,grad,18162738176
4,6961.719,grad,18150089728
4,6963.414,grad,18152221696
4,6964.725,grad,18146319360
4,6966.137,grad,18123217920
4,6967.386,grad,18101558272
4,6969.186,grad,18056832000
4,6970.506,grad,18052568064
4,6972.322,grad,18037797376
4,6973.797,grad,18037796864
4,6975.075,grad,18047168512
4,6976.938,grad,18035601408
4,6978.816,grad,18037733376
4,6980.131,grad,18031798272
4,6981.468,grad,18008729600
4,6982.726,grad,18006468608
4,6984.606,grad,17941295104
4,6985.94,grad,17939128320
4,6987.596,grad,17924357120
4,6989.155,grad,17924357120
4,6990.406,grad,17933761536
4,6991.923,grad,17922161664
4,6993.586,grad,17924293632
4,6994.936,grad,17917342720
4,6996.285,grad,17894241280
4,6997.586,grad,17892013056
4,6999.374,grad,17827888128
4,7000.955,grad,17822575616
4,7002.601,grad,17807771648
4,7004.149,grad,17807771648
4,7005.444,grad,17817143296
4,7007.038,grad,17805576192
4,7008.799,grad,17807708160
4,7010.107,grad,17801805824
4,7011.467,grad,17778704384
4,7012.736,grad,17776443392
4,7014.482,grad,17712351232
4,7015.792,grad,17709135872
4,7017.421,grad,17694397952
4,7018.941,grad,17694364672
4,7020.186,grad,17703769088
4,7021.991,grad,17691120640
4,7023.671,grad,17693285376
4,7025.006,grad,17686334464
4,7026.346,grad,17663200256
4,7027.61,grad,17660939264
4,7029.391,grad,17596847104
4,7030.648,grad,17600971776
4,7032.265,grad,17577779200
4,7033.806,grad,17577779200
4,7035.088,grad,17587183616
4,7036.668,grad,17575583744
4,7038.349,grad,17577715712
4,7039.593,grad,17571813376
4,7040.979,grad,17548711936
4,7042.239,grad,17527052288
4,7044.046,grad,17482326016
4,7045.322,grad,17485172736
4,7046.569,grad,17475407872
4,7047.813,grad,17463290880
4,7049.053,grad,17478003712
4,7050.53,grad,17460603904
4,7051.81,grad,17464765440
4,7053.362,grad,17463227392
4,7054.599,grad,17457325056
4,7055.845,grad,17434223616
4,7057.085,grad,17412563968
4,7058.319,grad,17367835648
4,7059.599,grad,17371507712
4,7060.855,grad,17360919552
4,7062.195,grad,17348802560
4,7063.728,grad,17348802560
4,7064.968,grad,17358174208
4,7066.873,grad,17346607104
4,7068.578,grad,17349787648
4,7069.859,grad,17342836736
4,7071.197,grad,17319735296
4,7072.46,grad,17298075648
4,7074.249,grad,17253349376
4,7075.542,grad,17250134016
4,7077.21,grad,17235362816
4,7078.761,grad,17234314240
4,7079.995,grad,17243718656
4,7081.508,grad,17232118784
4,7083.259,grad,17235299328
4,7084.533,grad,17228348416
4,7085.974,grad,17205246976
4,7087.215,grad,17202985984
4,7089.074,grad,17138861056
4,7090.665,grad,17135645696
4,7092.385,grad,17119825920
4,7093.967,grad,17119825920
4,7095.212,grad,17129197568
4,7096.82,grad,17117630464
4,7098.498,grad,17119762432
4,7099.757,grad,17113860096
4,7101.133,grad,17090758656
4,7102.397,grad,17069099008
4,7104.196,grad,17024372736
4,7105.513,grad,17020108800
4,7107.228,grad,17005337600
4,7108.783,grad,17005337600
4,7110.037,grad,17014742016
4,7112.055,grad,17003142144
4,7113.822,grad,17005274112
4,7115.117,grad,16999371776
4,7116.554,grad,16976270336
4,7117.838,grad,16954610688
4,7119.672,grad,16909884416
4,7120.97,grad,16906669056
4,7122.597,grad,16891897856
4,7124.16,grad,16891897856
4,7125.431,grad,16901269504
4,7127.074,grad,16889702400
4,7128.76,grad,16891834368
4,7130.037,grad,16884883456
4,7131.394,grad,16861782016
4,7132.651,grad,16840122368
4,7134.446,grad,16795396096
4,7135.692,grad,16799291392
4,7136.941,grad,16788477952
4,7138.177,grad,16776360960
4,7139.424,grad,16792122368
4,7140.681,grad,16777409536
4,7142.097,grad,16774165504
4,7143.898,grad,16776297472
4,7145.218,grad,16770395136
4,7146.472,grad,16747293696
4,7147.718,grad,16732974080
4,7148.957,grad,16684641280
4,7150.271,grad,16684577792
4,7151.526,grad,16670319616
4,7152.855,grad,16661938688
4,7154.262,grad,16661872640
4,7155.504,grad,16671473664
4,7157.409,grad,16659677184
4,7159.119,grad,16661809152
4,7160.369,grad,16694704128
4,7161.681,grad,16632805376
4,7162.96,grad,16630544384
4,7164.668,grad,16566517760
4,7165.919,grad,16563302400
4,7167.56,grad,16547482624
4,7169.124,grad,16547482624
4,7170.431,grad,16556919808
4,7171.926,grad,16545287168
4,7173.602,grad,16547419136
4,7174.85,grad,16541516800
4,7176.243,grad,16518415360
4,7177.516,grad,16496755712
4,7179.301,grad,16452029440
4,7180.542,grad,16455924736
4,7181.798,grad,16434042880
4,7183.047,grad,16434042880
4,7184.309,grad,16448755712
4,7185.804,grad,16431355904
4,7187.064,grad,16431847424
4,7188.72,grad,16433979392
4,7189.993,grad,16428077056
4,7191.351,grad,16404975616
4,7192.622,grad,16402714624
4,7194.518,grad,16338589696
4,7195.806,grad,16331704320
4,7197.505,grad,16316933120
4,7199.06,grad,16316670976
4,7200.362,grad,16326108160
4,7202.067,grad,16314475520
4,7203.382,grad,16309265408
4,7204.732,grad,16309265408
4,7206.017,grad,16309265408
4,7207.556,grad,16309264896
4,7209.499,grad,16309264896
4,7210.755,grad,16309264896
4,7212.315,grad,16309264896
4,7216.563,grad,16309264896
4,7217.992,grad,16309264896
4,7219.266,grad,16319062528
4,7220.522,grad,16330170880
4,7221.776,grad,16336790016
4,7223.497,grad,16336790016
4,7224.754,grad,16336797184
4,7226.262,grad,16498516480
4,7227.558,grad,16498516480
4,7228.97,grad,16498516480
4,7230.286,grad,16498516480
4,7231.535,grad,16470747136
4,7232.747,grad,16378078720
4,7234.013,grad,16298321408
4,7235.258,grad,16316835328
4,7236.506,grad,16421266944
4,7237.742,grad,16425035264
4,7238.986,grad,16297797120
4,7240.275,grad,16136306176
4,7241.541,grad,16160816640
4,7242.802,grad,16189652480
4,7244.05,grad,16219930112
4,7245.308,grad,16251256320
4,7246.546,grad,16278879744
4,7247.793,grad,16269999616
4,7249.055,grad,16136830464
4,7250.326,grad,16106716160
4,7251.574,grad,15986916352
4,7252.825,noise,15973610496
4,7254.082,noise,15973610496
4,7255.314,noise,15974822912
4,7256.542,noise,15975052288
4,7257.726,noise,15975281664
4,7258.954,noise,15976494080
4,7260.185,noise,15976723456
4,7261.438,noise,15976723456
4,7262.672,noise,15978165248
4,7263.944,noise,15978656768
4,7265.182,noise,15979115520
4,7266.43,noise,15979377664
4,7267.662,noise,15979377664
4,7268.902,noise,15981114368
4,7270.132,noise,15981343744
4,7271.357,noise,15981343744
4,7272.589,noise,15982785536
4,7273.856,noise,15982785536
4,7275.089,noise,15983997952
4,7276.317,noise,15984489472
4,7277.544,noise,15984948224
4,7278.725,noise,15985439744
4,7279.953,noise,15985439744
4,7281.175,noise,15986652160
4,7282.416,noise,15987110912
4,7283.669,noise,15987110912
4,7284.943,noise,15988552704
4,7286.179,noise,15988552704
4,7287.413,noise,15989765120
4,7288.642,noise,15990027264
4,7289.881,noise,15990486016
4,7291.108,noise,15990944768
4,7292.34,noise,15991206912
4,7293.605,noise,15992419328
4,7294.857,noise,15992648704
4,7296.09,noise,15992878080
4,7297.316,noise,15994090496
4,7298.546,noise,15994319872
4,7299.722,noise,15994319872
4,7300.943,noise,15995761664
4,7302.169,noise,15996023808
4,7303.408,noise,15996482560
4,7304.653,noise,15996974080
4,7305.894,noise,15996974080
4,7307.119,noise,15998186496
4,7308.348,noise,15998645248
4,7309.581,noise,15998645248
4,7310.84,noise,16000087040
4,7312.08,noise,16000087040
4,7313.32,noise,16002511872
4,7314.577,noise,16001561600
4,7315.853,noise,16002020352
4,7317.127,noise,16002708480
4,7318.385,noise,16002741248
4,7319.617,noise,16003953664
4,7320.856,noise,16004183040
4,7322.092,noise,16004412416
4,7323.32,noise,16005624832
4,7324.557,noise,16005854208
4,7325.791,noise,16005854208
4,7327.022,noise,16007066624
4,7328.269,noise,16007558144
4,7329.519,noise,16007787520
4,7330.753,noise,16008246272
4,7331.984,noise,16008508416
4,7333.238,noise,16008508416
4,7334.491,noise,16009950208
4,7335.726,noise,16010179584
4,7336.95,noise,16011392000
4,7338.173,noise,16011621376
4,7339.408,noise,16011621376
4,7340.656,noise,16012833792
4,7341.948,noise,16013325312
4,7343.188,noise,16013784064
4,7344.434,noise,16014275584
4,7345.669,noise,16014275584
4,7346.909,noise,16015488000
4,7348.138,noise,16015946752
4,7349.374,noise,16015946752
4,7350.595,noise,16017159168
4,7351.838,noise,16017388544
4,7353.064,noise,16018600960
4,7354.309,noise,16018863104
4,7355.547,noise,16019321856
4,7356.792,noise,16019780608
4,7358.023,noise,16020042752
4,7359.247,noise,16021255168
4,7360.475,noise,16021484544
4,7361.713,noise,16021713920
4,7362.937,noise,16022926336
4,7364.193,noise,16023155712
4,7365.432,noise,16023155712
4,7366.659,noise,16024597504
4,7367.894,noise,16025089024
4,7369.126,noise,16025547776
4,7370.354,noise,16025809920
4,7371.577,noise,16025809920
4,7372.813,noise,16027251712
4,7374.044,noise,16027481088
4,7375.282,noise,16027481088
4,7376.517,noise,16028922880
4,7377.742,noise,16028922880
4,7378.966,noise,16030135296
4,7380.189,noise,16030626816
4,7381.418,noise,16031085568
4,7382.653,noise,16031577088
4,7383.906,noise,16031577088
4,7385.168,noise,16032789504
4,7386.417,noise,16033248256
4,7387.648,noise,16033248256
4,7388.886,noise,16034690048
4,7390.118,noise,16034690048
4,7391.341,noise,16035902464
4,7392.608,noise,16036164608
4,7393.962,noise,16036623360
4,7395.27,noise,16037082112
4,7396.543,noise,16037344256
4,7397.792,noise,16038556672
4,7399.025,noise,16038786048
4,7400.256,noise,16039015424
4,7401.508,noise,16040227840
4,7402.77,noise,16040457216
4,7404.003,noise,16040457216
4,7405.244,noise,16041899008
4,7406.496,noise,16042390528
4,7407.728,noise,16042849280
4,7408.957,noise,16043111424
4,7410.182,noise,16043111424
4,7411.429,noise,16044553216
4,7412.674,noise,16044782592
4,7413.975,noise,16044782592
4,7415.263,noise,16046584832
4,7416.508,noise,16046584832
4,7417.752,noise,16047797248
4,7419.008,noise,16048288768
4,7420.237,noise,16048747520
4,7421.474,noise,16049239040
4,7422.72,noise,16049239040
4,7423.976,noise,16050451456
4,7425.225,noise,16050910208
4,7426.468,noise,16050910208
4,7427.758,noise,16052581376
4,7429.008,noise,16052352000
4,7430.271,noise,16053564416
4,7431.513,noise,16053826560
4,7432.743,noise,16054285312
4,7433.973,noise,16054973440
4,7435.215,noise,16055006208
4,7436.45,noise,16056218624
4,7437.677,noise,16056677376
4,7438.916,noise,16056677376
4,7440.137,noise,16057889792
4,7441.374,noise,16058119168
4,7442.611,noise,16058119168
4,7443.867,noise,16059560960
4,7445.109,noise,16060052480
4,7446.337,noise,16060511232
4,7447.564,noise,16060773376
4,7448.796,noise,16060773376
4,7450.037,noise,16061985792
4,7451.264,noise,16062444544
4,7452.494,noise,16062444544
4,7453.754,noise,16063886336
4,7455.004,noise,16063886336
4,7456.236,noise,16066311168
4,7457.476,noise,16065688576
4,7458.71,noise,16066147328
4,7459.936,noise,16066606080
4,7461.166,noise,16066868224
4,7462.394,noise,16068080640
4,7463.614,noise,16068310016
4,7464.853,noise,16068539392
4,7466.089,noise,16069751808
4,7467.318,noise,16069981184
4,7468.545,noise,16069981184
4,7469.769,noise,16071193600
4,7470.994,noise,16071685120
4,7472.215,noise,16072143872
4,7473.449,noise,16072635392
4,7474.676,noise,16072635392
4,7475.937,noise,16073847808
4,7477.176,noise,16074306560
4,7478.407,noise,16074306560
4,7479.629,noise,16075518976
4,7480.866,noise,16075748352
4,7482.088,noise,16076960768
4,7483.311,noise,16077222912
4,7484.546,noise,16077681664
4,7485.829,noise,16078140416
4,7487.071,noise,16078402560
4,7488.302,noise,16079614976
4,7489.53,noise,16079844352
4,7490.753,noise,16080073728
4,7491.993,noise,16081286144
4,7493.25,noise,16081515520
4,7494.496,noise,16081515520
4,7495.735,noise,16082727936
4,7496.974,noise,16083219456
4,7498.2,noise,16083678208
4,7499.44,noise,16084169728
4,7500.677,noise,16084169728
4,7501.917,noise,16085742592
4,7503.14,noise,16086201344
4,7504.373,noise,16086201344
4,7505.615,noise,16087413760
4,7506.875,noise,16087643136
4,7508.112,noise,16088855552
4,7509.37,noise,16089117696
4,7510.634,noise,16089576448
4,7511.886,noise,16090035200
4,7513.132,noise,16090297344
4,7514.372,noise,16090297344
4,7515.643,noise,16091968512
4,7516.905,noise,16091968512
4,7518.147,noise,16091968512
4,7519.46,noise,16093869056
4,7520.714,noise,16093410304
4,7521.942,noise,16094622720
4,7523.175,noise,16094884864
4,7524.411,noise,16095343616
4,7525.661,noise,16095802368
4,7526.941,noise,16096064512
4,7528.19,noise,16096064512
4,7529.432,noise,16097735680
4,7530.663,noise,16097735680
4,7531.899,noise,16097735680
4,7533.121,noise,16099177472
4,7534.345,noise,16099177472
4,7535.593,noise,16100389888
4,7536.842,noise,16100652032
4,7538.074,noise,16101110784
4,7539.305,noise,16101569536
4,7540.532,noise,16101831680
4,7541.755,noise,16101831680
4,7542.982,noise,16103273472
4,7544.204,noise,16103502848
4,7545.438,noise,16104715264
4,7546.678,noise,16104944640
4,7547.918,noise,16104944640
4,7549.142,noise,16106386432
4,7550.374,noise,16106648576
4,7551.61,noise,16107107328
4,7552.867,noise,16107598848
4,7554.095,noise,16107598848
4,7555.321,noise,16108811264
4,7556.568,noise,16109270016
4,7557.806,noise,16109270016
4,7559.05,noise,16110941184
4,7560.276,noise,16110711808
4,7561.516,noise,16111924224
4,7562.742,noise,16112186368
4,7563.97,noise,16112645120
4,7565.203,noise,16113333248
4,7566.458,noise,16113366016
4,7567.686,noise,16114578432
4,7568.924,noise,16115037184
4,7570.15,noise,16115037184
4,7571.375,noise,16116249600
4,7572.6,noise,16116478976
4,7573.839,noise,16116478976
4,7575.079,noise,16117920768
4,7576.321,noise,16118412288
4,7577.56,noise,16118871040
4,7578.803,noise,16119133184
4,7580.027,noise,16119133184
4,7581.246,noise,16120574976
4,7582.48,noise,16120804352
4,7583.715,noise,16120804352
4,7584.982,noise,16122246144
4,7586.223,noise,16122246144
4,7587.467,noise,16123458560
4,7588.691,noise,16123950080
4,7589.922,noise,16124638208
4,7591.148,noise,16124900352
4,7592.385,noise,16124900352
4,7593.627,noise,16126342144
4,7594.873,noise,16126571520
4,7596.134,noise,16126571520
4,7597.387,noise,16128013312
4,7598.614,noise,16128013312
4,7599.856,noise,16129356800
4,7601.084,noise,16129848320
4,7602.322,noise,16130307072
4,7603.569,noise,16130798592
4,7604.817,noise,16130798592
4,7606.049,noise,16132011008
4,7607.302,noise,16132469760
4,7608.537,noise,16132469760
4,7609.819,noise,16133911552
4,7611.078,noise,16133911552
4,7612.316,noise,16135123968
4,7613.559,noise,16135615488
4,7615.226,noise,16136074240
4,7616.491,noise,16135582720
4,7617.742,noise,16016634880
4,7619.025,optimizer,15974691840
4,7620.322,optimizer,15977437184
4,7621.574,optimizer,15977987072
4,7622.857,optimizer,15979595776
4,7624.111,optimizer,15979801088
4,7625.351,optimizer,15980289024
4,7626.671,optimizer,15980777984
4,7627.966,optimizer,15980925440
4,7629.224,optimizer,15982820352
4,7630.482,optimizer,15985350144
4,7631.734,optimizer,15986882560
4,7632.999,optimizer,15986213376
4,7634.242,optimizer,15987126784
4,7635.491,optimizer,15987192832
4,7636.76,optimizer,15989708800
4,7638.093,optimizer,15991470592
4,7639.337,optimizer,15994116608
4,7640.6,optimizer,15992235008
4,7641.859,optimizer,15992933376
4,7643.109,optimizer,15993422848
4,7644.353,optimizer,15994550784
4,7645.594,optimizer,15995235328
4,7646.88,optimizer,15996997120
4,7648.117,optimizer,15998562304
4,7649.346,optimizer,15998823936
4,7650.584,optimizer,15999314432
4,7651.842,optimizer,15999627776
4,7653.08,optimizer,16001354240
4,7654.313,optimizer,16005312000
4,7655.548,optimizer,16005403648
4,7656.821,optimizer,16004518912
4,7658.067,optimizer,16005203456
4,7659.302,optimizer,16005986304
4,7660.535,optimizer,16008256512
4,7661.77,optimizer,16008831488
4,7663.02,optimizer,16010327040
4,7664.247,optimizer,16010540032
4,7665.49,optimizer,16011912704
4,7666.738,optimizer,16011971584
4,7667.977,optimizer,16014298624
4,7669.204,optimizer,16013999616
4,7670.438,optimizer,16016630272
4,7671.664,optimizer,16016873984
4,7672.911,optimizer,16017588736
4,7674.138,optimizer,16018093568
4,7675.369,optimizer,16021611520
4,7676.603,optimizer,16021193728
4,7677.862,optimizer,16023709696
4,7679.113,optimizer,16023081984
4,7680.343,optimizer,16023738368
4,7681.599,optimizer,16024265728
4,7682.848,optimizer,16026779648
4,7684.106,optimizer,16029523456
4,7685.364,optimizer,16030088704
4,7686.625,optimizer,16029843968
4,7687.885,optimizer,16030118400
4,7689.133,optimizer,16030233088
4,7690.371,optimizer,16032175104
4,7691.622,optimizer,16033708032
4,7692.874,optimizer,16035407872
4,7694.153,optimizer,16035910144
4,7695.396,optimizer,16036613632
4,7696.635,optimizer,16038936064
4,7697.908,optimizer,16039803904
4,7699.145,optimizer,16041338368
4,7700.386,optimizer,16041574912
4,7701.628,optimizer,16042275328
4,7702.867,optimizer,16042991616
4,7704.096,optimizer,16045314560
4,7705.355,optimizer,16049271808
4,7706.592,optimizer,16048652288
4,7707.858,optimizer,16048149504
4,7709.097,optimizer,16048653312
4,7710.336,optimizer,16048768512
4,7711.6,optimizer,16050709504
4,7712.839,optimizer,16053226496
4,7714.072,optimizer,16053775872
4,7715.319,optimizer,16054312960
4,7716.561,optimizer,16055016960
4,7717.831,optimizer,16056084480
4,7719.085,optimizer,16056858624
4,7720.318,optimizer,16058378240
4,7721.579,optimizer,16060080128
4,7722.82,optimizer,16060566016
4,7724.051,optimizer,16061284352
4,7725.277,optimizer,16063639040
4,7726.516,optimizer,16064551936
4,7727.772,optimizer,16065855488
4,7729.057,optimizer,16066213376
4,7730.351,optimizer,16067158528
4,7731.631,optimizer,16067433984
4,7732.916,optimizer,16069740032
4,7734.176,optimizer,16070572544
4,7735.421,optimizer,16073050112
4,7736.653,optimizer,16072380416
4,7737.92,optimizer,16073079808
4,7739.162,optimizer,16073567744
4,7740.427,optimizer,16076146688
4,7741.726,optimizer,16076669952
4,7742.958,optimizer,16079413760
4,7744.204,optimizer,16078546432
4,7745.508,optimizer,16079198720
4,7746.752,optimizer,16079688192
4,7747.985,optimizer,16080830976
4,7749.216,optimizer,16081743872
4,7750.449,optimizer,16084259840
4,7751.676,optimizer,16084747776
4,7752.915,optimizer,16085235712
4,7754.141,optimizer,16085723648
4,7755.393,optimizer,16087020544
4,7756.635,optimizer,16087781888
4,7757.895,optimizer,16089543168
4,7759.128,optimizer,16091108352
4,7760.356,optimizer,16091398144
4,7761.599,optimizer,16091859456
4,7762.838,optimizer,16092140032
4,7764.065,optimizer,16093671936
4,7765.291,optimizer,16098611712
4,7766.53,optimizer,16097950208
4,7767.77,optimizer,16097064960
4,7769.004,optimizer,16097749504
4,7770.248,optimizer,16098532352
4,7771.484,optimizer,16100789760
4,7772.718,optimizer,16101340160
4,7773.951,optimizer,16102948352
4,7775.181,optimizer,16102987776
4,7776.427,optimizer,16103869952
4,7777.672,optimizer,16104373760
4,7778.925,optimizer,16109104640
4,7780.152,optimizer,16107473408
4,7781.389,optimizer,16109006848
4,7782.653,optimizer,16109417984
4,7783.911,optimizer,16109905408
4,7785.153,optimizer,16111081984
4,7786.403,optimizer,16111766528
4,7787.676,optimizer,16112681472
4,7788.933,optimizer,16114967552
4,7790.182,optimizer,16115745792
4,7791.417,optimizer,16116040704
4,7792.669,optimizer,16116529152
4,7793.937,optimizer,16119069184
4,7795.168,optimizer,16118586368
4,7796.406,optimizer,16120119296
4,7797.682,optimizer,16121690112
4,7798.939,optimizer,16122177024
4,7800.17,optimizer,16122892800
4,7801.405,optimizer,16124036608
4,7802.643,optimizer,16124950016
4,7803.883,optimizer,16127692800
4,7805.112,optimizer,16127822848
4,7806.345,optimizer,16128768512
4,7807.588,optimizer,16129043456
4,7808.838,optimizer,16132791296
4,7810.08,optimizer,16132144640
4,7811.341,optimizer,16136003584
4,7812.611,optimizer,16134163456
4,7813.867,optimizer,16134821376
4,7815.112,optimizer,16135603200
4,7816.365,optimizer,16137861632
4,7817.613,optimizer,16139622400
4,7818.895,optimizer,16141171712
4,7820.148,optimizer,16140724224
4,7821.394,optimizer,16141443584
4,7822.66,optimizer,16142495744
4,7823.906,optimizer,16143256576
4,7825.135,optimizer,16147442688
4,7826.362,optimizer,16146357760
4,7827.636,optimizer,16147089920
4,7828.912,optimizer,16147564032
4,7830.169,optimizer,16147450368
4,7831.407,optimizer,16149876224
4,7832.665,optimizer,16147450880
4,7833.912,optimizer,16147450368
4,7835.14,optimizer,16147909632
4,7836.372,optimizer,16147909632
4,7837.626,optimizer,16147581440
4,7838.904,optimizer,16147909120
4,7840.14,optimizer,16149875200
4,7841.398,optimizer,16147909120
4,7842.642,optimizer,16149875200
4,7843.898,optimizer,16147450880
4,7845.127,optimizer,16147450880
4,7846.355,optimizer,16148367872
4,7847.606,optimizer,16147909120
4,7848.911,optimizer,16147450368
4,7850.164,optimizer,16147909120
4,7851.419,optimizer,16147909120
4,7852.653,optimizer,16147581440
4,7853.92,optimizer,16147909632
4,7855.161,optimizer,16147909632
4,7856.419,optimizer,16147516416
4,7857.666,optimizer,16147450368
4,7858.934,optimizer,16147450880
4,7860.171,optimizer,16147909632
4,7861.403,optimizer,16147909120
4,7862.637,optimizer,16147581440
4,7863.9,optimizer,16149875200
4,7865.132,optimizer,16147450368
4,7866.362,optimizer,16147450368
4,7867.596,optimizer,16152300032
4,7868.89,optimizer,16147450368
4,7870.128,optimizer,16157544448
4,7871.36,optimizer,16170651648
4,7872.604,optimizer,16186871296
4,7873.872,optimizer,16198176768
4,7875.125,optimizer,16211120128
4,7876.353,optimizer,16225800192
4,7877.589,optimizer,16239267840
4,7878.852,optimizer,16252735488
4,7880.141,optimizer,16267611648
4,7881.567,optimizer,16280326144
4,7882.879,optimizer,16295006208
4,7884.165,optimizer,16308703232
4,7885.446,optimizer,16210167296
4,7886.716,optimizer,16146727936
4,7888.004,optimizer,16174482432
4,7889.254,optimizer,16204399616
4,7890.502,optimizer,16236741632
4,7891.756,optimizer,16267772928
4,7893.026,optimizer,16297460736
4,7894.293,optimizer,16243885056
4,7895.57,optimizer,16147383296
4,7896.834,optimizer,16175399936
4,7898.073,optimizer,16204596224
4,7899.32,optimizer,16233890816
4,7900.561,optimizer,16262956032
4,7901.823,optimizer,16293037056
4,7903.064,optimizer,16258532352
4,7904.317,optimizer,16128443392
4,7905.565,optimizer,15985170944
4,7906.839,optimizer,15980818944
4,7908.094,optimizer,15976774656
4,7909.508,optimizer,15974953984
4,7910.751,optimizer,15974953984
4,7911.988,optimizer,15974953984
4,7913.237,optimizer,15974953984
