step,t_ms,phase,alloc_bytes
3,5.791,grad,15977306624
3,12.199,grad,15977314816
3,18.567,grad,15977314816
3,24.922,grad,15977314816
3,29.083,grad,15977314816
3,30.339,grad,15984857600
3,32.043,grad,15984986624
3,34.489,grad,15992326656
3,36.088,grad,16001763840
3,37.543,grad,16001763840
3,38.919,grad,16010152448
3,40.691,grad,16031305216
3,41.935,grad,16092126720
3,43.184,grad,16223329792
3,44.706,grad,16184532480
3,47.015,grad,16230735360
3,49.312,grad,16230739456
3,50.873,grad,16240176640
3,52.166,grad,16240176640
3,53.514,grad,16248565248
3,55.246,grad,16269718016
3,56.501,grad,16330539520
3,58.529,grad,16384147968
3,59.816,grad,16522625536
3,61.091,grad,16461808128
3,63.382,grad,16469152256
3,64.917,grad,16478589440
3,66.182,grad,16478589440
3,68.555,grad,16486978048
3,70.2,grad,16508130816
3,71.471,grad,16568952320
3,73.516,grad,16622560768
3,74.778,grad,16775718400
3,76.019,grad,16700220928
3,78.258,grad,16707565056
3,79.749,grad,16717002240
3,81.02,grad,16717002240
3,82.324,grad,16725390848
3,83.95,grad,16746543616
3,85.223,grad,16807365120
3,87.224,grad,16860973568
3,88.484,grad,16984771072
3,89.85,grad,16938633728
3,92.096,grad,16945977856
3,93.604,grad,16955415040
3,94.854,grad,16955415040
3,96.095,grad,16971259392
3,97.689,grad,16984956416
3,98.929,grad,17045777920
3,100.943,grad,17099386368
3,102.19,grad,17252544000
3,103.54,grad,17184390656
3,105.883,grad,17184390656
3,107.781,grad,17193827840
3,109.054,grad,17193827840
3,110.35,grad,17209556480
3,111.948,grad,17223369216
3,113.188,grad,17284190720
3,115.172,grad,17337799168
3,116.432,grad,17476276736
3,117.699,grad,17422799360
3,119.891,grad,17422803456
3,121.364,grad,17432240640
3,122.614,grad,17432240640
3,123.861,grad,17448083968
3,125.467,grad,17461782016
3,126.703,grad,17522603520
3,128.891,grad,17576211968
3,130.141,grad,17729369600
3,131.402,grad,17661212160
3,133.57,grad,17661216256
3,135.016,grad,17670653440
3,136.287,grad,17670653440
3,137.583,grad,17679042048
3,139.408,grad,17700194816
3,140.648,grad,17761016320
3,142.709,grad,17814624768
3,143.956,grad,17967782400
3,145.206,grad,17899624960
3,147.6,grad,17899629056
3,149.061,grad,17909066240
3,150.32,grad,17909066240
3,151.563,grad,17924794880
3,153.107,grad,17938607616
3,154.348,grad,17999429120
3,156.266,grad,18053037568
3,157.535,grad,18191515136
3,158.777,grad,18138037760
3,160.975,grad,18138041856
3,162.427,grad,18147479040
3,163.701,grad,18147479040
3,164.947,grad,18163207680
3,166.5,grad,18177020416
3,167.737,grad,18223161856
3,168.982,grad,18369044992
3,170.442,grad,18330247680
3,172.253,grad,18369110528
3,174.427,grad,18376454656
3,175.861,grad,18385891840
3,177.118,grad,18385891840
3,178.382,grad,18401736192
3,179.857,grad,18415433216
3,181.094,grad,18476320256
3,182.983,grad,18529863168
3,184.246,grad,18661000704
3,185.563,grad,18614867456
3,187.816,grad,18614867456
3,189.348,grad,18624304640
3,190.621,grad,18631644672
3,191.869,grad,18640148992
3,193.418,grad,18653846016
3,194.66,grad,18714733056
3,196.522,grad,18768275968
3,197.792,grad,18899413504
3,199.08,grad,18853280256
3,201.146,grad,18853280256
3,202.57,grad,18862717440
3,203.949,grad,18862717440
3,205.209,grad,18871106048
3,206.851,grad,18892258816
3,208.09,grad,18953145856
3,209.952,grad,19006688768
3,211.222,grad,19145166336
3,212.578,grad,19091693056
3,214.63,grad,19091693056
3,216.061,grad,19101130240
3,217.335,grad,19101130240
3,218.6,grad,19116974592
3,220.073,grad,19130671616
3,221.316,grad,19191558656
3,223.181,grad,19245101568
3,224.438,grad,19368899072
3,225.854,grad,19322761728
3,228.028,grad,19330105856
3,229.474,grad,19339543040
3,230.723,grad,19339543040
3,231.966,grad,19355387392
3,233.446,grad,19369084416
3,234.687,grad,19429905920
3,236.61,grad,19483514368
3,237.859,grad,19621991936
3,239.107,grad,19561174528
3,241.46,grad,19568518656
3,242.916,grad,19577955840
3,244.197,grad,19585295872
3,245.454,grad,19593684480
3,247.057,grad,19607497216
3,248.349,grad,19668318720
3,250.275,grad,19721927168
3,251.533,grad,19875084800
3,252.775,grad,19806927360
3,254.95,grad,19806931456
3,256.407,grad,19816368640
3,257.697,grad,19816368640
3,258.942,grad,19824757248
3,260.601,grad,19845910016
3,261.843,grad,19892051456
3,263.907,grad,19960339968
3,265.162,grad,20113497600
3,266.413,grad,20038000128
3,268.604,grad,20045344256
3,270.069,grad,20054781440
3,271.317,grad,20054781440
3,272.562,grad,20070625792
3,274.03,grad,20084322816
3,275.269,grad,20145209856
3,277.124,grad,20198752768
3,278.386,grad,20351910400
3,279.712,grad,20283757056
3,281.974,grad,20283757056
3,283.469,grad,20293194240
3,284.725,grad,20293194240
3,285.971,grad,20309038592
3,287.485,grad,20322735616
3,288.729,grad,20383557120
3,290.652,grad,20437165568
3,291.905,grad,20590323200
3,293.241,grad,20522169856
3,295.288,grad,20522169856
3,296.713,grad,20531607040
3,298.972,grad,20538947072
3,300.264,grad,20547451392
3,301.735,grad,20561148416
3,302.973,grad,20622035456
3,304.884,grad,20675578368
3,306.167,grad,20806715904
3,307.465,grad,20760582656
3,309.542,grad,20760582656
3,311.048,grad,20770019840
3,312.35,grad,20770019840
3,313.743,grad,20778408448
3,315.372,grad,20799561216
3,316.631,grad,20860382720
3,318.636,grad,20913991168
3,319.9,grad,21037788672
3,321.285,grad,20991651328
3,323.52,grad,20998995456
3,324.984,grad,21008432640
3,326.255,grad,21008432640
3,327.542,grad,21024276992
3,329.074,grad,21037974016
3,330.36,grad,21098861056
3,332.241,grad,21152403968
3,333.539,grad,21305561600
3,334.859,grad,21237408256
3,337.12,grad,21237408256
3,338.614,grad,21246845440
3,339.907,grad,21254185472
3,341.175,grad,21262689792
3,342.662,grad,21276386816
3,343.924,grad,21337273856
3,345.999,grad,21390816768
3,347.274,grad,21543974400
3,348.567,grad,21468476928
3,350.762,grad,21475821056
3,352.21,grad,21485258240
3,353.512,grad,21485258240
3,354.766,grad,21501102592
3,356.26,grad,21514799616
3,357.535,grad,21560941056
3,358.803,grad,21668026880
3,360.1,grad,21668026880
3,361.361,grad,21714229760
3,362.623,grad,21714233856
3,364.624,grad,21714233856
3,366.096,grad,21723671040
3,367.357,grad,21723671040
3,368.622,grad,21739515392
3,370.138,grad,21753212416
3,371.402,grad,21814099456
3,373.267,grad,21867642368
3,374.551,grad,22020800000
3,375.899,grad,21952646656
3,378.199,grad,21952646656
3,379.688,grad,21962083840
3,380.977,grad,21969423872
3,382.245,grad,21977928192
3,383.833,grad,21998965248
3,385.093,grad,22052512256
3,387.081,grad,22107103744
3,388.354,grad,22260261376
3,389.613,grad,22192108032
3,391.789,grad,22192222720
3,393.315,grad,22201545216
3,394.637,grad,22201545216
3,396.129,grad,22217389568
3,397.649,grad,22231086592
3,398.972,grad,22291973632
3,400.927,grad,22345516544
3,402.253,grad,22476654080
3,403.624,grad,22430520832
3,405.729,grad,22430520832
3,407.219,grad,22439958016
3,408.54,grad,22439958016
3,409.833,grad,22455802368
3,411.378,grad,22469499392
3,412.68,grad,22530386432
3,414.554,grad,22583929344
3,416.054,grad,22738135552
3,417.625,grad,22668933632
3,418.939,grad,23595813888
3,420.332,grad,23588483072
3,422.268,grad,23588474880
3,423.583,grad,23277048320
3,424.837,grad,23277048320
3,426.106,grad,23277048320
3,427.528,grad,23277049856
3,429.36,grad,22665713152
3,430.659,grad,22664396288
3,432.062,grad,22618193408
3,433.342,grad,22613671424
3,435.16,grad,22485419520
3,436.459,grad,22479056384
3,438.231,grad,22449449472
3,439.889,grad,22449515008
3,441.171,grad,22468389376
3,442.885,grad,22444632576
3,444.718,grad,22446174720
3,445.972,grad,22437517824
3,447.228,grad,22391314944
3,448.512,grad,22347995648
3,449.776,grad,22273284608
3,451.087,grad,22265881088
3,452.329,grad,22237366784
3,453.561,grad,22222636544
3,455.079,grad,22222571008
3,456.339,grad,22241379840
3,457.865,grad,22217688576
3,459.564,grad,22219296256
3,460.817,grad,22288233984
3,462.097,grad,22164436480
3,463.333,grad,22158865920
3,465.043,grad,22030614016
3,466.306,grad,22038406656
3,467.551,grad,22029428224
3,468.825,grad,21994709504
3,470.079,grad,22024004096
3,471.323,grad,22013583872
3,472.699,grad,21989761536
3,474.377,grad,21991369216
3,475.622,grad,22060306944
3,476.965,grad,21936509440
3,478.202,grad,21893190144
3,480.006,grad,21803735552
3,481.263,grad,21811986944
3,482.935,grad,21767831040
3,484.477,grad,21767765504
3,485.791,grad,21786639872
3,487.548,grad,21762883072
3,489.256,grad,21763966464
3,490.541,grad,21755899392
3,491.891,grad,21709696512
3,493.139,grad,21705174528
3,494.853,grad,21577184768
3,496.105,grad,21585436160
3,497.82,grad,21541149184
3,499.375,grad,21541214720
3,500.683,grad,21560089088
3,502.104,grad,21536332288
3,503.776,grad,21537350144
3,505.016,grad,21529217536
3,506.368,grad,21483014656
3,507.625,grad,21479377408
3,509.444,grad,21351125504
3,510.706,grad,21358983680
3,511.952,grad,21315155456
3,513.184,grad,21316204032
3,514.539,grad,21345105408
3,515.905,grad,21309847040
3,517.157,grad,21317678592
3,518.771,grad,21311553024
3,520.035,grad,21380883968
3,521.374,grad,21257086464
3,522.626,grad,21252564480
3,524.355,grad,21124312576
3,525.596,grad,21132563968
3,527.272,grad,21088276992
3,528.831,grad,21088276992
3,530.127,grad,21107151360
3,531.782,grad,21083394560
3,533.509,grad,21084477952
3,534.754,grad,21153939968
3,536.047,grad,21030142464
3,537.306,grad,21025620480
3,539.108,grad,20897499648
3,540.361,grad,20891070976
3,542.017,grad,20861529600
3,543.568,grad,20861529600
3,544.856,grad,20880403968
3,546.266,grad,20856647168
3,548.149,grad,20857730560
3,549.444,grad,20849597952
3,550.809,grad,20803395072
3,552.064,grad,20798873088
3,553.844,grad,20670621184
3,555.12,grad,20655934976
3,556.405,grad,20649446912
3,557.893,grad,20634651136
3,559.44,grad,20634651136
3,560.756,grad,20653525504
3,562.184,grad,20629768704
3,563.866,grad,20630852096
3,565.113,grad,20622719488
3,566.458,grad,20576516608
3,567.713,grad,20494400000
3,569.577,grad,20443742720
3,570.829,grad,20437314048
3,572.556,grad,20407773184
3,574.045,grad,20407772672
3,575.328,grad,20426647040
3,576.963,grad,20402890240
3,578.774,grad,20403973632
3,580.032,grad,20395841024
3,581.459,grad,20349638144
3,582.736,grad,20306318848
3,584.535,grad,20216929792
3,585.788,grad,20210501120
3,587.516,grad,20180959744
3,589.081,grad,20180959744
3,590.344,grad,20199768576
3,591.838,grad,20176077312
3,593.516,grad,20177160704
3,594.766,grad,20246622720
3,596.064,grad,20122825216
3,597.333,grad,20079505920
3,599.182,grad,19990051328
3,600.462,grad,19997909504
3,601.749,grad,19970974208
3,602.992,grad,19954081280
3,604.239,grad,19983506944
3,605.75,grad,19948707328
3,607.003,grad,19956538880
3,608.645,grad,19950282240
3,609.906,grad,20019744256
3,611.233,grad,19895946752
3,612.518,grad,19891424768
3,614.256,grad,19763238400
3,615.533,grad,19756809728
3,617.221,grad,19727268352
3,618.836,grad,19727268352
3,620.123,grad,19746142720
3,621.792,grad,19722385920
3,623.56,grad,19723469312
3,624.844,grad,19715336704
3,626.198,grad,19669133824
3,627.5,grad,19625814528
3,629.38,grad,19536359936
3,630.639,grad,19544611328
3,632.312,grad,19500389888
3,633.836,grad,19500389888
3,635.086,grad,19519198720
3,636.606,grad,19495507456
3,638.331,grad,19496590848
3,639.576,grad,19488458240
3,640.945,grad,19442255360
3,642.204,grad,19437733376
3,643.963,grad,19309481472
3,645.232,grad,19317339648
3,646.522,grad,19273511424
3,647.79,grad,19274560000
3,649.039,grad,19302937088
3,650.559,grad,19268137472
3,651.814,grad,19275969024
3,653.497,grad,19269712384
3,654.743,grad,19261514240
3,655.978,grad,19215376896
3,657.233,grad,19210854912
3,659.073,grad,19082603008
3,660.333,grad,19076174336
3,662.032,grad,19046633472
3,663.55,grad,19046632960
3,664.806,grad,19065441792
3,666.559,grad,19041750528
3,668.322,grad,19042833920
3,669.618,grad,19034701312
3,670.98,grad,18988498432
3,672.241,grad,18945179136
3,674.044,grad,18855724544
3,675.336,grad,18863975936
3,677.099,grad,18819754496
3,678.699,grad,18819754496
3,679.951,grad,18838563328
3,681.497,grad,18814872064
3,683.176,grad,18815955456
3,684.484,grad,18807822848
3,685.85,grad,18761619968
3,687.103,grad,18757097984
3,688.881,grad,18628846080
3,690.131,grad,18636638720
3,691.432,grad,18618550784
3,692.7,grad,18593793536
3,693.944,grad,18622301696
3,695.392,grad,18587502080
3,696.653,grad,18595333632
3,698.178,grad,18590060032
3,699.511,grad,18580944384
3,700.886,grad,18534741504
3,702.142,grad,18530219520
3,703.887,grad,18401967616
3,705.141,grad,18395538944
3,706.822,grad,18365997568
3,708.366,grad,18365997568
3,709.614,grad,18384740864
3,711.42,grad,18361115136
3,713.114,grad,18362198528
3,714.359,grad,18354065920
3,715.707,grad,18307863040
3,716.947,grad,18303341056
3,718.709,grad,18175154688
3,719.959,grad,18168726016
3,721.636,grad,18139184640
3,723.176,grad,18139184640
3,724.455,grad,18158059008
3,725.876,grad,18134302208
3,727.679,grad,18135385600
3,728.945,grad,18127187456
3,730.198,grad,18081443328
3,731.466,grad,18037730816
3,733.251,grad,17948341760
3,734.529,grad,17956199936
3,736.428,grad,17912371712
3,737.929,grad,17912371712
3,739.25,grad,17931246080
3,740.718,grad,17907489280
3,742.374,grad,17908572672
3,743.614,grad,17978034688
3,744.941,grad,17854237184
3,746.212,grad,17849715200
3,748.064,grad,17721528832
3,749.409,grad,17715100160
3,751.129,grad,17685558784
3,752.73,grad,17685558784
3,754.039,grad,17704433152
3,755.754,grad,17680676352
3,757.477,grad,17681759744
3,758.736,grad,17673627136
3,760.124,grad,17627424256
3,761.328,grad,17622902272
3,763.12,grad,17494715904
3,764.381,grad,17502967296
3,766.006,grad,17458745856
3,767.578,grad,17458745856
3,768.831,grad,17477685760
3,770.278,grad,17453863424
3,771.943,grad,17454946816
3,773.203,grad,17446814208
3,774.588,grad,17400611328
3,775.843,grad,17396089344
3,777.593,grad,17267837440
3,778.855,grad,17275695616
3,780.106,grad,17263432192
3,781.459,grad,17231867392
3,783.219,grad,17231867392
3,784.501,grad,17247989248
3,786.507,grad,17226984960
3,788.4,grad,17228068352
3,789.65,grad,17217510912
3,791.033,grad,17173732864
3,792.38,grad,17137819136
3,793.631,grad,17101774336
3,794.925,grad,17048299008
3,796.175,grad,17027124736
3,797.713,grad,17004989440
3,799.239,grad,17004988928
3,800.514,grad,17023732224
3,802.309,grad,17000106496
3,804.027,grad,17001189888
3,805.281,grad,16993057280
3,806.646,grad,16946854400
3,807.905,grad,16903535104
3,809.788,grad,16814080512
3,811.112,grad,16822331904
3,812.851,grad,16778110464
3,814.4,grad,16778110464
3,815.694,grad,16782304768
3,817.08,grad,16773228032
3,818.79,grad,16774311424
3,820.089,grad,16766178816
3,821.461,grad,16719975936
3,822.713,grad,16715453952
3,824.421,grad,16587202048
3,825.671,grad,16594535936
3,826.931,grad,16582804992
3,828.236,grad,16551232000
3,829.55,grad,16580592128
3,830.842,grad,16570171904
3,832.318,grad,16546349568
3,833.941,grad,16547432960
3,835.188,grad,16616894976
3,836.528,grad,16493097472
3,837.781,grad,16488641024
3,839.505,grad,16360389120
3,840.76,grad,16346620416
3,842.408,grad,16317079040
3,843.908,grad,16316816896
3,845.15,grad,16335822336
3,846.823,grad,16311934464
3,848.1,grad,16302005760
3,849.322,grad,16302005760
3,850.579,grad,16302005760
3,853.594,grad,16302005248
3,855.188,grad,16302005248
3,856.491,grad,16302005248
3,860.752,grad,16302005248
3,862.037,grad,16302005248
3,864.305,grad,16302005248
3,865.566,grad,16302072320
3,866.86,grad,16302006784
3,868.123,grad,16302008832
3,869.325,grad,16302924288
3,870.578,grad,16302072320
3,871.82,grad,16302007296
3,873.099,grad,16302006784
3,874.347,grad,16302924288
3,875.606,grad,16302006784
3,876.9,grad,16302008832
3,878.154,grad,16302009344
3,879.419,grad,16302466048
3,880.667,grad,16302006784
3,881.909,grad,16302009344
3,883.176,grad,16302006784
3,884.468,grad,16302465536
3,885.746,grad,16302006784
3,887.033,grad,16302465536
3,888.27,grad,16302007296
3,889.586,grad,16302072320
3,890.861,grad,16302465536
3,892.102,grad,16302465536
3,893.372,grad,16302008832
3,894.611,grad,16302072832
3,895.84,grad,16302465536
3,897.089,grad,16302072832
3,898.339,grad,16302009344
3,899.605,grad,16302008832
3,900.854,grad,16302466048
3,902.094,grad,16302007296
3,903.362,grad,16302009344
3,904.618,grad,16302006784
3,905.859,grad,16302466048
3,907.114,grad,16302006784
3,908.379,grad,16302009344
3,909.623,grad,16302007296
3,910.895,grad,16302466048
3,912.152,grad,16303682560
3,913.44,grad,16307745792
3,914.735,grad,16313447936
3,916.009,grad,16314954240
3,917.276,grad,16321377280
3,918.548,grad,16324555264
3,919.807,grad,16329732608
3,921.059,grad,16334778880
3,922.329,grad,16338809344
3,923.601,grad,16346313216
3,924.842,grad,16349165056
3,926.099,grad,16355029504
3,927.397,grad,16358635008
3,928.666,grad,16361714176
3,929.932,grad,16366532608
3,931.208,grad,16368497152
3,932.482,grad,16372102144
3,933.757,grad,16376066560
3,935.042,grad,16379146752
3,936.285,grad,16383964672
3,937.571,grad,16385929728
3,938.816,grad,16389534720
3,940.104,grad,16392155648
3,941.388,grad,16396448768
3,942.631,grad,16400578048
3,943.899,grad,16402084864
3,945.207,grad,16406802944
3,946.572,grad,16409359872
3,947.864,grad,16412963328
3,949.102,grad,16416567808
3,950.393,grad,16419648000
3,951.627,grad,16424236544
3,952.866,grad,16425284608
3,954.122,grad,16430167040
3,955.354,grad,16432787968
3,956.645,grad,16437081088
3,957.884,grad,16441669120
3,959.133,grad,16442716672
3,960.314,grad,16447664640
3,961.539,grad,16449632256
3,962.773,grad,16453366784
3,964.069,grad,16457201152
3,965.304,grad,16460280832
3,966.531,grad,16465098752
3,967.835,grad,16467064320
3,969.12,grad,16470897664
3,970.352,grad,16474502656
3,971.58,grad,16477582336
3,972.815,grad,16477403648
3,974.045,grad,16477440000
3,975.284,grad,16477477376
3,976.525,grad,16477514240
3,977.787,grad,16477540352
3,979.024,grad,16477576704
3,980.254,grad,16330190848
3,981.606,grad,16152883200
3,982.851,grad,16152751104
3,988.501,grad,16152682496
3,994.857,grad,16152690688
3,1001.165,grad,16152690688
3,1007.559,grad,16152690688
3,1011.748,grad,16152690688
3,1013.047,grad,16160233472
3,1014.818,grad,16160362496
3,1017.191,grad,16167702528
3,1018.765,grad,16177139712
3,1020.05,grad,16177139712
3,1021.312,grad,16185528320
3,1023.09,grad,16206681088
3,1024.321,grad,16252822528
3,1025.572,grad,16398705664
3,1027.052,grad,16359908352
3,1029.19,grad,16406111232
3,1031.429,grad,16406115328
3,1032.895,grad,16415552512
3,1034.196,grad,16415552512
3,1035.483,grad,16431395840
3,1037.132,grad,16445093888
3,1038.407,grad,16505915392
3,1040.405,grad,16559523840
3,1041.671,grad,16712681472
3,1042.991,grad,16644528128
3,1045.341,grad,16644528128
3,1046.799,grad,16653965312
3,1048.084,grad,16653965312
3,1049.351,grad,16662354432
3,1051.193,grad,16690846720
3,1052.537,grad,16744328192
3,1054.528,grad,16797936640
3,1055.82,grad,16936414208
3,1057.204,grad,16875596800
3,1059.571,grad,16882940928
3,1061.083,grad,16892378112
3,1062.352,grad,16892378112
3,1063.62,grad,16908222464
3,1065.183,grad,16929259520
3,1066.46,grad,16982806528
3,1068.388,grad,17036349440
3,1069.65,grad,17160146944
3,1071.073,grad,17114009600
3,1073.326,grad,17121353728
3,1074.76,grad,17130790912
3,1076.034,grad,17138130944
3,1077.288,grad,17146635264
3,1078.796,grad,17160332288
3,1080.05,grad,17221153792
3,1082.114,grad,17274762240
3,1083.39,grad,17413567488
3,1084.671,grad,17360094208
3,1087.771,grad,17360094208
3,1089.307,grad,17369531392
3,1090.578,grad,17369531392
3,1091.84,grad,17385375744
3,1093.448,grad,17399072768
3,1094.704,grad,17460287488
3,1096.638,grad,17513830400
3,1097.912,grad,17644967936
3,1099.243,grad,17599162368
3,1101.361,grad,17599277056
3,1102.769,grad,17608599552
3,1104.057,grad,17615939584
3,1105.322,grad,17616988160
3,1106.878,grad,17638140928
3,1108.135,grad,17684282368
3,1110.232,grad,17752570880
3,1111.523,grad,17905728512
3,1112.861,grad,17837575168
3,1114.911,grad,17837575168
3,1116.453,grad,17847012352
3,1117.746,grad,17854352384
3,1119.003,grad,17862856704
3,1120.571,grad,17876881408
3,1121.864,grad,17937702912
3,1123.934,grad,17991639040
3,1125.22,grad,18145124352
3,1126.769,grad,18076643328
3,1128.952,grad,18076643328
3,1130.419,grad,18086080512
3,1131.73,grad,18086080512
3,1133.014,grad,18101809152
3,1134.594,grad,18115949568
3,1135.88,grad,18176771072
3,1137.838,grad,18230379520
3,1139.103,grad,18383864832
3,1140.315,grad,18308039680
3,1142.561,grad,18315711488
3,1144.031,grad,18325148672
3,1145.597,grad,18325148672
3,1146.865,grad,18340877312
3,1148.514,grad,18354690048
3,1149.761,grad,18415577088
3,1151.665,grad,18469120000
3,1152.949,grad,18600257536
3,1154.251,grad,18554124288
3,1156.365,grad,18554124288
3,1157.828,grad,18563561472
3,1159.147,grad,18563561472
3,1160.499,grad,18571950080
3,1162.168,grad,18593102848
3,1163.435,grad,18653924352
3,1165.689,grad,18707532800
3,1166.96,grad,18860690432
3,1168.301,grad,18792537088
3,1170.384,grad,18792537088
3,1171.823,grad,18801974272
3,1173.109,grad,18809314304
3,1174.37,grad,18817702912
3,1176.001,grad,18831515648
3,1177.27,grad,18892402688
3,1179.271,grad,18945945600
3,1180.582,grad,19084423168
3,1181.851,grad,19023605760
3,1184.368,grad,19030949888
3,1185.917,grad,19040387072
3,1187.175,grad,19040387072
3,1188.458,grad,19056230400
3,1190.023,grad,19069928448
3,1191.278,grad,19130815488
3,1193.154,grad,19184358400
3,1194.431,grad,19337516032
3,1195.75,grad,19269362688
3,1197.846,grad,19269362688
3,1199.278,grad,19278799872
3,1200.561,grad,19278799872
3,1201.975,grad,19287188480
3,1203.582,grad,19308341248
3,1204.837,grad,19369162752
3,1206.86,grad,19461568512
3,1208.111,grad,19553908736
3,1209.484,grad,19507775488
3,1211.556,grad,19507775488
3,1213.053,grad,19517212672
3,1214.353,grad,19517212672
3,1215.615,grad,19533057024
3,1217.102,grad,19546754048
3,1218.366,grad,19607575552
3,1220.286,grad,19661184000
3,1221.749,grad,19799661568
3,1223.015,grad,19738844160
3,1225.277,grad,19746188288
3,1226.75,grad,19755625472
3,1228.013,grad,19755625472
3,1229.271,grad,19771469824
3,1230.785,grad,19785166848
3,1232.037,grad,19846053888
3,1233.979,grad,19899596800
3,1235.253,grad,20030734336
3,1236.584,grad,19984601088
3,1238.873,grad,19984601088
3,1240.335,grad,19994038272
3,1241.597,grad,19994038272
3,1242.861,grad,20009882624
3,1244.381,grad,20023579648
3,1245.657,grad,20084401152
3,1247.695,grad,20138009600
3,1248.951,grad,20269147136
3,1250.196,grad,20215669760
3,1252.421,grad,20223013888
3,1253.885,grad,20232451072
3,1255.15,grad,20239791104
3,1256.581,grad,20240839680
3,1258.244,grad,20269332480
3,1259.509,grad,20322879488
3,1261.46,grad,20376422400
3,1262.764,grad,20507559936
3,1264.069,grad,20461426688
3,1266.219,grad,20461426688
3,1267.745,grad,20470863872
3,1269.083,grad,20470863872
3,1270.402,grad,20486708224
3,1271.938,grad,20500405248
3,1273.254,grad,20561226752
3,1275.49,grad,20614835200
3,1276.79,grad,20753312768
3,1278.105,grad,20699835392
3,1280.362,grad,20699839488
3,1281.83,grad,20709276672
3,1283.125,grad,20709276672
3,1284.401,grad,20725005312
3,1285.987,grad,20738818048
3,1287.244,grad,20799705088
3,1289.158,grad,20853248000
3,1290.436,grad,20991725568
3,1291.754,grad,20938252288
3,1294.029,grad,20938252288
3,1295.498,grad,20947689472
3,1296.809,grad,20947689472
3,1298.065,grad,20956078080
3,1299.652,grad,20977230848
3,1300.919,grad,21038052352
3,1302.862,grad,21091660800
3,1304.159,grad,21222798336
3,1305.502,grad,21176665088
3,1307.559,grad,21176665088
3,1309.014,grad,21186102272
3,1310.325,grad,21186102272
3,1312.373,grad,21194490880
3,1314.218,grad,21215643648
3,1315.558,grad,21276465152
3,1317.539,grad,21330073600
3,1318.835,grad,21461211136
3,1320.117,grad,21415073792
3,1322.309,grad,21415077888
3,1323.814,grad,21424515072
3,1325.117,grad,21424515072
3,1326.41,grad,21440359424
3,1327.965,grad,21454056448
3,1329.265,grad,21514943488
3,1331.194,grad,21568486400
3,1332.673,grad,21721644032
3,1333.946,grad,21646146560
3,1336.219,grad,21653490688
3,1337.7,grad,21662927872
3,1338.971,grad,21662927872
3,1340.223,grad,21678656512
3,1341.785,grad,21692469248
3,1343.05,grad,21753356288
3,1344.946,grad,21806899200
3,1346.248,grad,21938036736
3,1347.523,grad,21891903488
3,1349.875,grad,21891903488
3,1351.424,grad,21901340672
3,1352.677,grad,21901340672
3,1353.942,grad,21917185024
3,1355.515,grad,21930882048
3,1356.767,grad,21991703552
3,1358.757,grad,22045312000
3,1360.018,grad,22198469632
3,1361.37,grad,22130316288
3,1363.467,grad,22130316288
3,1364.919,grad,22139753472
3,1366.197,grad,22147093504
3,1367.458,grad,22148142080
3,1369.287,grad,22169294848
3,1370.553,grad,22230116352
3,1372.557,grad,22283724800
3,1373.845,grad,22414862336
3,1375.162,grad,22368729088
3,1377.271,grad,22368729088
3,1378.752,grad,22378166272
3,1380.017,grad,22378166272
3,1381.273,grad,22386554880
3,1382.883,grad,22407707648
3,1384.157,grad,22468594688
3,1386.079,grad,22522137600
3,1387.544,grad,22675295232
3,1388.812,grad,22607137792
3,1390.992,grad,22607141888
3,1392.544,grad,22616579072
3,1393.825,grad,22623919104
3,1395.118,grad,22632423424
3,1396.672,grad,22646120448
3,1397.929,grad,22707007488
3,1399.812,grad,22760550400
3,1401.122,grad,22891687936
3,1402.426,grad,22845554688
3,1404.13,grad,23772434944
3,1405.434,grad,23772452352
3,1407.838,grad,23765095936
3,1409.1,grad,23453669376
3,1410.347,grad,23453669376
3,1411.579,grad,23453669376
3,1413.122,grad,23453670912
3,1414.862,grad,22842334208
3,1416.185,grad,22841017344
3,1417.568,grad,22794814464
3,1418.825,grad,22790292480
3,1420.546,grad,22662040576
3,1421.813,grad,22670357504
3,1423.527,grad,22626070528
3,1425.202,grad,22626136064
3,1426.516,grad,22645010432
3,1427.947,grad,22621253632
3,1429.636,grad,22622795776
3,1430.892,grad,22626525184
3,1432.168,grad,22568001536
3,1433.425,grad,22539362304
3,1434.676,grad,22442565632
3,1435.987,grad,22442567680
3,1437.237,grad,22418247680
3,1438.59,grad,22399192576
3,1439.988,grad,22399257600
3,1441.246,grad,22403451904
3,1442.669,grad,22394375168
3,1444.376,grad,22395917312
3,1445.705,grad,22387260416
3,1447.044,grad,22341057536
3,1448.31,grad,22336863232
3,1449.991,grad,22209332224
3,1451.274,grad,22202838016
3,1453.125,grad,22173427712
3,1454.722,grad,22173362176
3,1456.025,grad,22192236544
3,1457.457,grad,22168479744
3,1459.114,grad,22170087424
3,1460.393,grad,22239975424
3,1461.695,grad,22116177920
3,1462.943,grad,22189250560
3,1464.698,grad,21983404032
3,1465.956,grad,21991655424
3,1467.635,grad,21947500032
3,1469.119,grad,21947433984
3,1470.37,grad,21966308352
3,1471.774,grad,21942551552
3,1473.644,grad,21944159232
3,1474.93,grad,21935567872
3,1476.374,grad,21889364992
3,1477.63,grad,21884843008
3,1479.338,grad,21756591104
3,1480.599,grad,21750096896
3,1482.169,grad,21720555520
3,1483.707,grad,21720621056
3,1485.029,grad,21739495424
3,1486.48,grad,21715738624
3,1488.119,grad,21716756480
3,1489.322,grad,21708623872
3,1490.675,grad,21662420992
3,1491.923,grad,21735755776
3,1493.674,grad,21529909248
3,1494.964,grad,21538095104
3,1496.651,grad,21494004736
3,1498.409,grad,21493939200
3,1499.727,grad,21512813568
3,1501.14,grad,21489056768
3,1502.792,grad,21490140160
3,1504.059,grad,21482826752
3,1505.414,grad,21436689408
3,1506.662,grad,21432167424
3,1508.396,grad,21303915520
3,1509.655,grad,21312101376
3,1511.26,grad,21268011008
3,1512.792,grad,21267945472
3,1514.062,grad,21286885376
3,1515.515,grad,21263063040
3,1517.409,grad,21264146432
3,1518.699,grad,21333608448
3,1520.019,grad,21209810944
3,1521.274,grad,21205288960
3,1522.903,grad,21077037056
3,1524.161,grad,21085288448
3,1525.862,grad,21041067008
3,1527.413,grad,21041067008
3,1528.688,grad,21060006912
3,1530.055,grad,21036184576
3,1531.681,grad,21037267968
3,1532.914,grad,21106664448
3,1534.19,grad,20982932480
3,1535.481,grad,20939678720
3,1537.227,grad,20850224128
3,1538.498,grad,20858409984
3,1539.741,grad,20838487040
3,1541.019,grad,20814254592
3,1542.407,grad,20814188544
3,1543.671,grad,20816285696
3,1545.049,grad,20809306112
3,1546.789,grad,20810389504
3,1548.086,grad,20802256896
3,1549.447,grad,20756054016
3,1550.696,grad,20829126656
3,1552.373,grad,20623280128
3,1553.608,grad,20616785920
3,1555.156,grad,20587375616
3,1556.811,grad,20587310080
3,1558.208,grad,20606184448
3,1559.709,grad,20582427648
3,1561.978,grad,20583511040
3,1563.276,grad,20652973056
3,1564.621,grad,20529175552
3,1565.891,grad,20485921792
3,1567.672,grad,20396467200
3,1568.927,grad,20404653056
3,1570.563,grad,20360497152
3,1572.043,grad,20360431616
3,1573.315,grad,20364625920
3,1574.684,grad,20355549184
3,1576.404,grad,20356632576
3,1577.654,grad,20426160128
3,1578.941,grad,20302362624
3,1580.193,grad,20375435264
3,1581.873,grad,20169588736
3,1583.127,grad,20163094528
3,1584.665,grad,20133553152
3,1586.523,grad,20133618688
3,1587.821,grad,20152558592
3,1589.197,grad,20128736256
3,1590.873,grad,20129754112
3,1592.123,grad,20121621504
3,1593.404,grad,20075484160
3,1594.647,grad,20148556800
3,1596.369,grad,19942710272
3,1597.61,grad,19950961664
3,1599.245,grad,19906674688
3,1600.786,grad,19906674688
3,1602.304,grad,19901300736
3,1603.556,grad,19909165056
3,1605.423,grad,19902875648
3,1606.707,grad,19894677504
3,1607.952,grad,19848540160
3,1609.221,grad,19921612800
3,1610.92,grad,19715766272
3,1612.174,grad,19709337600
3,1613.72,grad,19679861760
3,1615.243,grad,19679861760
3,1616.583,grad,19698736128
3,1617.984,grad,19674979328
3,1619.641,grad,19676062720
3,1620.886,grad,19667864576
3,1622.126,grad,19582864384
3,1623.467,grad,19619564544
3,1624.991,grad,19488887808
3,1626.249,grad,19497204736
3,1627.899,grad,19452983296
3,1629.673,grad,19452983296
3,1630.936,grad,19471857664
3,1632.398,grad,19448100864
3,1634.015,grad,19449184256
3,1635.257,grad,19518515200
3,1636.633,grad,19394783232
3,1637.886,grad,19390261248
3,1639.618,grad,19262140416
3,1640.864,grad,19270326272
3,1642.495,grad,19226170368
3,1643.982,grad,19226170368
3,1645.272,grad,19245044736
3,1646.769,grad,19221287936
3,1648.59,grad,19222371328
3,1649.876,grad,19226559488
3,1651.204,grad,19168035840
3,1652.485,grad,19139396608
3,1653.739,grad,19042599936
3,1655.039,grad,19042601984
3,1656.328,grad,19014087680
3,1657.722,grad,18999292416
3,1659.305,grad,18999291904
3,1660.633,grad,19018166272
3,1662.079,grad,18994409472
3,1663.837,grad,18995492864
3,1665.084,grad,18987294720
3,1666.352,grad,18941157376
3,1667.601,grad,18897838080
3,1669.384,grad,18808383488
3,1670.638,grad,18816634880
3,1672.242,grad,18772413440
3,1673.975,grad,18772413440
3,1675.225,grad,18791418880
3,1676.671,grad,18767531008
3,1678.355,grad,18768614400
3,1679.597,grad,18838076416
3,1680.885,grad,18714278912
3,1682.129,grad,18709756928
3,1683.828,grad,18581570560
3,1685.081,grad,18589821952
3,1686.755,grad,18545601024
3,1688.282,grad,18545600512
3,1689.576,grad,18564540416
3,1690.966,grad,18540390400
3,1692.625,grad,18541801472
3,1693.867,grad,18545989632
3,1695.167,grad,18487138304
3,1696.45,grad,18451159040
3,1697.706,grad,18392832000
3,1699.113,grad,18361376768
3,1700.313,grad,18332862464
3,1701.635,grad,18318067200
3,1703.022,grad,18318066688
3,1704.257,grad,18337072128
3,1705.673,grad,18313184256
3,1707.487,grad,18314267648
3,1708.744,grad,18306462720
3,1710.007,grad,18221528064
3,1711.254,grad,18255803392
3,1712.893,grad,18127223808
3,1714.154,grad,18120729600
3,1715.686,grad,18090926080
3,1717.51,grad,18090926080
3,1718.8,grad,18109865984
3,1720.191,grad,18086043648
3,1721.832,grad,18087127040
3,1723.086,grad,18156589056
3,1724.384,grad,18032791552
3,1725.637,grad,17989472256
3,1727.484,grad,17900017664
3,1728.744,grad,17908269056
3,1730.393,grad,17864047616
3,1731.891,grad,17864047616
3,1733.13,grad,17882987520
3,1734.562,grad,17859165184
3,1736.438,grad,17860248576
3,1737.793,grad,17851788288
3,1739.172,grad,17805585408
3,1740.433,grad,17761938432
3,1742.184,grad,17672877056
3,1743.445,grad,17681128448
3,1745.076,grad,17636907008
3,1746.638,grad,17636907008
3,1747.996,grad,17655846912
3,1749.439,grad,17631696896
3,1751.076,grad,17632780288
3,1752.316,grad,17624647680
3,1753.644,grad,17578444800
3,1754.911,grad,17573922816
3,1756.763,grad,17445736448
3,1758.07,grad,17439307776
3,1759.8,grad,17409766400
3,1761.645,grad,17409766400
3,1762.986,grad,17428706304
3,1764.45,grad,17404883968
3,1766.131,grad,17405967360
3,1767.492,grad,17475429376
3,1768.88,grad,17351631872
3,1770.162,grad,17347109888
3,1771.885,grad,17218923520
3,1773.163,grad,17212429312
3,1774.777,grad,17182953472
3,1776.323,grad,17182953472
3,1777.609,grad,17201893376
3,1779.047,grad,17178071040
3,1780.92,grad,17179154432
3,1782.206,grad,17248616448
3,1783.519,grad,17124818944
3,1784.777,grad,17081499648
3,1786.536,grad,16992045056
3,1787.797,grad,17000296448
3,1789.461,grad,16956075008
3,1790.945,grad,16956075008
3,1792.183,grad,16958106624
3,1793.588,grad,16951192576
3,1795.197,grad,16952275968
3,1796.447,grad,17021737984
3,1797.744,grad,16897940480
3,1799.0,grad,16854621184
3,1800.771,grad,16765232128
3,1802.013,grad,16758344704
3,1803.248,grad,16753495040
3,1804.729,grad,16729262592
3,1806.328,grad,16729262080
3,1807.596,grad,16747481088
3,1809.602,grad,16724379648
3,1811.524,grad,16725463040
3,1812.771,grad,16714905600
3,1814.124,grad,16671127552
3,1815.311,grad,16634755072
3,1816.547,grad,16591501312
3,1818.207,grad,16538419200
3,1819.479,grad,16538871808
3,1820.726,grad,16514623488
3,1822.063,grad,16495109632
3,1823.659,grad,16494846976
3,1824.896,grad,16513131520
3,1826.767,grad,16489964544
3,1828.025,grad,16480035840
3,1829.277,grad,16480035840
3,1830.531,grad,16480035840
3,1832.405,grad,16480035328
3,1834.501,grad,16480035328
3,1835.751,grad,16480035328
3,1837.068,grad,16480035328
3,1838.347,grad,16480035328
3,1841.848,grad,16480035328
3,1843.139,grad,16480035328
3,1845.398,grad,16480035328
3,1846.662,grad,16480102912
3,1847.98,grad,16480038912
3,1849.288,grad,16480102400
3,1850.545,grad,16480495616
3,1851.79,grad,16480561152
3,1853.03,grad,16480039424
3,1854.311,grad,16480038912
3,1855.592,grad,16480496128
3,1856.836,grad,16480036864
3,1858.134,grad,16480038912
3,1859.414,grad,16480036864
3,1860.702,grad,16480495616
3,1861.943,grad,16480037376
3,1863.209,grad,16480495616
3,1864.497,grad,16480038912
3,1865.74,grad,16480102400
3,1866.978,grad,16480496128
3,1868.264,grad,16480102400
3,1869.558,grad,16480036864
3,1870.839,grad,16480038912
3,1872.075,grad,16480496128
3,1873.309,grad,16480037376
3,1874.562,grad,16480036864
3,1875.856,grad,16480036864
3,1877.173,grad,16480495616
3,1878.44,grad,16480036864
3,1879.732,grad,16480495616
3,1880.993,grad,16480038912
3,1882.238,grad,16480102912
3,1883.496,grad,16480496128
3,1884.81,grad,16480102400
3,1886.068,grad,16480037376
3,1887.323,grad,16480038912
3,1888.577,grad,16480496128
3,1889.848,grad,16480037376
3,1891.083,grad,16480039424
3,1892.321,grad,16480103936
3,1893.557,grad,16486039040
3,1894.833,grad,16487545344
3,1896.102,grad,16494295040
3,1897.355,grad,16497866752
3,1898.609,grad,16502880768
3,1899.909,grad,16507239424
3,1901.149,grad,16509106688
3,1902.44,grad,16513333248
3,1903.683,grad,16515954688
3,1905.016,grad,16520247296
3,1906.255,grad,16524606464
3,1907.507,grad,16526538752
3,1908.804,grad,16530896896
3,1910.059,grad,16533453312
3,1911.361,grad,16537745408
3,1912.642,grad,16542103552
3,1913.915,grad,16543611392
3,1915.148,grad,16548198912
3,1916.412,grad,16550983680
3,1917.697,grad,16555047424
3,1918.952,grad,16559406080
3,1920.203,grad,16560912384
3,1921.462,grad,16565499904
3,1922.718,grad,16568056320
3,1923.956,grad,16572348416
3,1925.234,grad,16575625216
3,1926.521,grad,16578705408
3,1927.813,grad,16582932480
3,1929.144,grad,16585488384
3,1930.463,grad,16589093376
3,1931.802,grad,16592928256
3,1933.134,grad,16596006912
3,1934.415,grad,16600233984
3,1935.683,grad,16602789888
3,1936.977,grad,16607082496
3,1938.34,grad,16611638784
3,1939.692,grad,16613145088
3,1940.988,grad,16617732608
3,1942.3,grad,16620517376
3,1943.627,grad,16624580608
3,1944.905,grad,16628938752
3,1946.212,grad,16630446080
3,1947.513,grad,16635034112
3,1948.812,grad,16637361664
3,1950.109,grad,16641194496
3,1951.403,grad,16644799488
3,1952.642,grad,16647879168
3,1953.889,grad,16647699968
3,1955.132,grad,16647735808
3,1956.39,grad,16647772672
3,1957.634,grad,16647809536
3,1958.905,grad,16647837184
3,1960.163,grad,16647874048
3,1961.42,grad,16494786048
3,1962.664,grad,16320525824
3,1963.898,grad,16348182016
3,1965.155,grad,16381474304
3,1966.399,grad,16414406144
3,1967.639,grad,16447763968
3,1968.907,grad,16482432512
3,1970.168,grad,16350606848
3,1971.438,grad,16219829760
3,1972.681,grad,16139373056
3,1978.944,grad,16139249152
3,1985.321,grad,16139257344
3,1991.68,grad,16139257344
3,1998.043,grad,16139257344
3,2002.174,grad,16139257344
3,2003.448,grad,16146734592
3,2005.105,grad,16146863616
3,2007.517,grad,16154203648
3,2009.108,grad,16163640832
3,2010.429,grad,16163640832
3,2011.718,grad,16172029440
3,2013.443,grad,16193182208
3,2014.712,grad,16254003712
3,2016.725,grad,16307612160
3,2017.988,grad,16446089728
3,2019.433,grad,16385272320
3,2021.711,grad,16392616448
3,2023.229,grad,16402053632
3,2024.506,grad,16402053632
3,2025.753,grad,16417782272
3,2027.411,grad,16431595008
3,2028.681,grad,16492416512
3,2030.699,grad,16546024960
3,2031.998,grad,16677162496
3,2033.309,grad,16631029248
3,2035.357,grad,16631029248
3,2036.798,grad,16640466432
3,2038.053,grad,16640466432
3,2039.343,grad,16648855552
3,2041.109,grad,16670007808
3,2042.316,grad,16730829312
3,2044.332,grad,16784437760
3,2045.655,grad,16937595392
3,2046.979,grad,16869437952
3,2049.193,grad,16869442048
3,2050.679,grad,16878879232
3,2051.946,grad,16878879232
3,2053.209,grad,16894723584
3,2054.771,grad,16908420608
3,2056.127,grad,16969242112
3,2058.205,grad,17022850560
3,2059.515,grad,17146648064
3,2060.97,grad,17107850752
3,2063.167,grad,17107854848
3,2064.628,grad,17117292032
3,2065.912,grad,17117292032
3,2067.188,grad,17133135872
3,2068.776,grad,17146833408
3,2070.038,grad,17207654912
3,2072.026,grad,17261263360
3,2073.347,grad,17392400896
3,2074.715,grad,17346267648
3,2076.963,grad,17346267648
3,2078.445,grad,17355704832
3,2079.711,grad,17355704832
3,2080.965,grad,17371549184
3,2082.476,grad,17385246208
3,2083.727,grad,17446067712
3,2085.706,grad,17499676160
3,2086.958,grad,17652833792
3,2088.321,grad,17584680448
3,2090.385,grad,17584680448
3,2091.84,grad,17594117632
3,2093.104,grad,17594117632
3,2094.315,grad,17602506240
3,2095.903,grad,17623659008
3,2097.342,grad,17684480512
3,2099.311,grad,17738088960
3,2100.583,grad,17891246592
3,2101.93,grad,17823093248
3,2104.057,grad,17823093248
3,2105.582,grad,17832530432
3,2106.851,grad,17832530432
3,2108.122,grad,17848374272
3,2109.728,grad,17862071808
3,2111.035,grad,17922893312
3,2113.053,grad,17976501760
3,2114.313,grad,18114979328
3,2116.556,grad,18061501952
3,2118.824,grad,18061620736
3,2120.287,grad,18070943232
3,2121.686,grad,18070943232
3,2123.002,grad,18086787584
3,2124.56,grad,18100484608
3,2125.86,grad,18161371648
3,2127.85,grad,18214914560
3,2129.182,grad,18368072192
3,2130.565,grad,18299918848
3,2132.697,grad,18299918848
3,2134.163,grad,18309356032
3,2135.572,grad,18309356032
3,2136.838,grad,18325084672
3,2138.434,grad,18338897408
3,2139.693,grad,18399718912
3,2141.657,grad,18453327360
3,2142.914,grad,18584464896
3,2144.255,grad,18538331648
3,2146.386,grad,18538331648
3,2147.869,grad,18547768832
3,2149.145,grad,18547768832
3,2150.442,grad,18563613184
3,2151.99,grad,18577310208
3,2153.253,grad,18638131712
3,2155.598,grad,18730537472
3,2156.967,grad,18776740352
3,2158.265,grad,18776744448
3,2160.424,grad,18776744448
3,2161.894,grad,18786181632
3,2163.182,grad,18786181632
3,2164.499,grad,18802025984
3,2166.014,grad,18815723008
3,2167.303,grad,18876610048
3,2169.197,grad,18930152960
3,2170.499,grad,19083310592
3,2171.842,grad,19015157248
3,2174.146,grad,19015157248
3,2175.642,grad,19024594432
3,2176.916,grad,19024594432
3,2178.174,grad,19040323072
3,2179.788,grad,19054135808
3,2181.048,grad,19114957312
3,2183.0,grad,19168565760
3,2184.278,grad,19307043328
3,2185.59,grad,19253570048
3,2187.804,grad,19253570048
3,2189.27,grad,19263007232
3,2190.557,grad,19263007232
3,2191.819,grad,19278850560
3,2193.601,grad,19292548608
3,2194.891,grad,19353370112
3,2196.925,grad,19445775872
3,2198.178,grad,19545456128
3,2199.472,grad,19491978752
3,2201.651,grad,19491982848
3,2203.176,grad,19501420032
3,2204.448,grad,19501420032
3,2205.704,grad,19509808640
3,2207.307,grad,19530961408
3,2208.55,grad,19591782912
3,2210.509,grad,19645391360
3,2211.79,grad,19798548992
3,2213.211,grad,19723051520
3,2215.436,grad,19730395648
3,2216.868,grad,19739832832
3,2218.142,grad,19739832832
3,2219.41,grad,19755676160
3,2220.981,grad,19769374208
3,2222.26,grad,19830261248
3,2224.164,grad,19883804160
3,2225.44,grad,20022281728
3,2226.688,grad,19968808448
3,2228.907,grad,19968808448
3,2230.559,grad,19978245632
3,2231.871,grad,19978245632
3,2233.161,grad,19986634240
3,2234.782,grad,20007787008
3,2236.039,grad,20068608512
3,2238.002,grad,20122216960
3,2239.257,grad,20275374592
3,2240.632,grad,20207221248
3,2242.717,grad,20207335936
3,2244.181,grad,20216658432
3,2245.467,grad,20216658432
3,2246.739,grad,20232502784
3,2248.302,grad,20246199808
3,2249.575,grad,20292341248
3,2251.702,grad,20360629760
3,2252.962,grad,20499107328
3,2254.288,grad,20445634048
3,2256.427,grad,20445634048
3,2257.911,grad,20455071232
3,2259.177,grad,20455071232
3,2260.469,grad,20470799872
3,2262.062,grad,20484612608
3,2263.32,grad,20545434112
3,2265.288,grad,20599042560
3,2266.546,grad,20737520128
3,2267.94,grad,20676702720
3,2270.218,grad,20684046848
3,2271.727,grad,20693484032
3,2272.997,grad,20693484032
3,2274.258,grad,20709328384
3,2275.787,grad,20723025408
3,2277.04,grad,20783912448
3,2278.915,grad,20837455360
3,2280.175,grad,20990612992
3,2281.544,grad,20922459648
3,2283.641,grad,20922459648
3,2285.129,grad,20931896832
3,2286.536,grad,20931896832
3,2287.792,grad,20940285440
3,2289.379,grad,20961438208
3,2290.631,grad,21022325248
3,2292.55,grad,21075868160
3,2293.83,grad,21207005696
3,2295.148,grad,21160872448
3,2297.19,grad,21160872448
3,2298.632,grad,21170309632
3,2299.909,grad,21177649664
3,2301.177,grad,21186153984
3,2302.693,grad,21199851008
3,2303.947,grad,21260738048
3,2306.034,grad,21314280960
3,2307.305,grad,21467438592
3,2308.561,grad,21399281152
3,2310.034,grad,21399285248
3,2312.181,grad,21399285248
3,2313.825,grad,21408722432
3,2315.126,grad,21408722432
3,2316.434,grad,21417111040
3,2318.098,grad,21438263808
3,2319.32,grad,21484405248
3,2321.394,grad,21552693760
3,2322.668,grad,21705851392
3,2323.985,grad,21630353920
3,2326.427,grad,21637698048
3,2327.906,grad,21647135232
3,2329.198,grad,21654475264
3,2330.472,grad,21655523840
3,2332.079,grad,21676676608
3,2333.349,grad,21737498112
3,2335.591,grad,21791106560
3,2336.873,grad,21944264192
3,2338.143,grad,21876106752
3,2340.367,grad,21876110848
3,2341.822,grad,21885548032
3,2343.092,grad,21885548032
3,2345.169,grad,21893936640
3,2347.08,grad,21915089408
3,2348.326,grad,21975910912
3,2350.456,grad,22029519360
3,2351.732,grad,22169045504
3,2352.989,grad,22114523648
3,2355.198,grad,22114523648
3,2356.676,grad,22123960832
3,2357.939,grad,22123960832
3,2359.203,grad,22139689472
3,2360.785,grad,22154550784
3,2362.048,grad,22214323712
3,2364.056,grad,22267932160
3,2365.506,grad,22422138368
3,2366.797,grad,22345592320
3,2368.989,grad,22353985024
3,2370.464,grad,22363422208
3,2371.72,grad,22363422208
3,2372.982,grad,22379266560
3,2374.555,grad,22392963584
3,2375.806,grad,22453850624
3,2377.697,grad,22507393536
3,2378.951,grad,22645871104
3,2380.275,grad,22592397824
3,2382.511,grad,22592397824
3,2383.979,grad,22601835008
3,2385.252,grad,22601835008
3,2386.536,grad,22617679360
3,2388.053,grad,22631376384
3,2389.319,grad,22692197888
3,2391.247,grad,22745806336
3,2392.534,grad,22885332480
3,2394.043,grad,22830810624
3,2395.369,grad,23757756416
3,2396.607,grad,23757775360
3,2398.682,grad,23750417408
3,2399.935,grad,23438990848
3,2401.188,grad,23438990848
3,2402.446,grad,23438990848
3,2404.225,grad,23438992384
3,2406.025,grad,22827655680
3,2407.428,grad,22826338816
3,2408.88,grad,22780135936
3,2410.176,grad,22744156672
3,2412.085,grad,22647362048
3,2413.348,grad,22640933376
3,2415.08,grad,22611392000
3,2416.609,grad,22611392000
3,2417.89,grad,22630266368
3,2419.387,grad,22606509568
3,2421.032,grad,22608117248
3,2422.274,grad,22677054976
3,2423.613,grad,22553257472
3,2424.877,grad,22548735488
3,2426.607,grad,22420483584
3,2427.855,grad,22428734976
3,2429.508,grad,22384513536
3,2431.243,grad,22384513536
3,2432.579,grad,22403387904
3,2434.004,grad,22378582528
3,2435.675,grad,22380190208
3,2436.941,grad,22371467776
3,2438.175,grad,22286533120
3,2439.448,grad,22320808448
3,2441.048,grad,22192556544
3,2442.299,grad,22200807936
3,2443.988,grad,22157635072
3,2445.54,grad,22156586496
3,2446.788,grad,22175526400
3,2448.162,grad,22151704064
3,2449.457,grad,22153311744
3,2450.709,grad,22134431232
3,2452.364,grad,22098451968
3,2453.598,grad,22062472704
3,2454.856,grad,21980356096
3,2456.154,grad,21973018112
3,2457.43,grad,21944503808
3,2458.675,grad,21929708032
3,2460.144,grad,21929708032
3,2461.415,grad,21948582400
3,2462.833,grad,21924825600
3,2464.52,grad,21925908992
3,2465.789,grad,21995371008
3,2467.061,grad,21871573504
3,2468.306,grad,21867051520
3,2469.956,grad,21738799616
3,2471.479,grad,21732370944
3,2473.185,grad,21702829568
3,2474.719,grad,21702829568
3,2475.977,grad,21721703936
3,2477.408,grad,21697947136
3,2479.04,grad,21699030528
3,2480.283,grad,21768492544
3,2481.599,grad,21644695040
3,2482.845,grad,21640173056
3,2484.606,grad,21511986688
3,2485.869,grad,21520238080
3,2487.523,grad,21476016640
3,2489.002,grad,21476016640
3,2490.248,grad,21494956544
3,2491.886,grad,21471134208
3,2493.617,grad,21472217600
3,2494.865,grad,21541679616
3,2496.142,grad,21417882112
3,2497.409,grad,21413360128
3,2499.092,grad,21285108224
3,2500.337,grad,21293359616
3,2501.96,grad,21249138176
3,2503.519,grad,21249138176
3,2504.791,grad,21268012544
3,2506.207,grad,21244255744
3,2507.863,grad,21245339136
3,2509.117,grad,21314735616
3,2510.415,grad,21191003648
3,2511.737,grad,21186481664
3,2513.55,grad,21058229760
3,2515.053,grad,21051801088
3,2516.735,grad,21022259712
3,2518.261,grad,21022259712
3,2519.563,grad,21024291328
3,2521.037,grad,21017377280
3,2522.718,grad,21018460672
3,2523.972,grad,21010328064
3,2525.371,grad,20964125184
3,2526.624,grad,20959603200
3,2528.35,grad,20831416832
3,2529.591,grad,20839668224
3,2530.832,grad,20829116928
3,2532.089,grad,20795446784
3,2533.333,grad,20824806912
3,2534.881,grad,20790072832
3,2536.247,grad,20790564352
3,2537.95,grad,20791647744
3,2539.201,grad,20861109760
3,2540.506,grad,20737312256
3,2541.761,grad,20732790272
3,2543.498,grad,20604538368
3,2544.758,grad,20598109696
3,2546.427,grad,20568568320
3,2547.974,grad,20568568320
3,2549.239,grad,20587508224
3,2550.65,grad,20563685888
3,2552.282,grad,20564769280
3,2553.561,grad,20556636672
3,2554.938,grad,20510433792
3,2556.183,grad,20505977344
3,2557.975,grad,20377725440
3,2559.244,grad,20385583616
3,2560.505,grad,20341755392
3,2561.761,grad,20342803968
3,2563.115,grad,20371639808
3,2564.565,grad,20336381440
3,2565.825,grad,20344212992
3,2567.372,grad,20337956352
3,2568.625,grad,20407418368
3,2569.9,grad,20283620864
3,2571.147,grad,20279098880
3,2572.763,grad,20150846976
3,2574.021,grad,20159098368
3,2575.683,grad,20114876928
3,2577.185,grad,20114876928
3,2578.476,grad,20133751296
3,2580.091,grad,20109994496
3,2581.747,grad,20111077888
3,2583.019,grad,20180539904
3,2584.395,grad,20056742400
3,2585.644,grad,20052220416
3,2587.356,grad,19924034048
3,2588.607,grad,19932285440
3,2590.216,grad,19888064000
3,2591.695,grad,19888064000
3,2592.963,grad,19890030080
3,2594.374,grad,19883181568
3,2596.007,grad,19884264960
3,2597.276,grad,19876066816
3,2598.59,grad,19829929472
3,2599.84,grad,19825407488
3,2601.559,grad,19697221120
3,2602.814,grad,19704555008
3,2604.091,grad,19696551424
3,2605.371,grad,19661251584
3,2606.735,grad,19661251072
3,2608.009,grad,19665445376
3,2609.395,grad,19656368640
3,2611.008,grad,19657452032
3,2612.251,grad,19726848512
3,2613.578,grad,19603116544
3,2614.861,grad,19559797248
3,2616.595,grad,19470408192
3,2617.865,grad,19463913984
3,2619.114,grad,19466011136
3,2620.41,grad,19434438144
3,2621.671,grad,19463798272
3,2623.176,grad,19429064192
3,2624.602,grad,19429555712
3,2626.376,grad,19430639104
3,2627.63,grad,19422506496
3,2628.967,grad,19376303616
3,2630.217,grad,19371781632
3,2631.939,grad,19243529728
3,2633.187,grad,19251781120
3,2634.881,grad,19207559680
3,2636.429,grad,19207559680
3,2637.699,grad,19226434048
3,2639.095,grad,19202677248
3,2640.734,grad,19203760640
3,2641.968,grad,19273222656
3,2643.246,grad,19149425152
3,2644.522,grad,19144903168
3,2646.306,grad,19016651264
3,2647.579,grad,19024509440
3,2648.871,grad,18996525568
3,2650.157,grad,18980681216
3,2651.447,grad,19010106880
3,2652.882,grad,18975307264
3,2654.145,grad,18983171584
3,2655.726,grad,18976882176
3,2656.993,grad,19046344192
3,2658.422,grad,18922546688
3,2659.722,grad,18840430080
3,2661.604,grad,18789838336
3,2662.854,grad,18798089728
3,2664.545,grad,18753868288
3,2666.135,grad,18753868288
3,2667.426,grad,18772742656
3,2669.041,grad,18748985856
3,2670.72,grad,18750069248
3,2671.974,grad,18819531264
3,2673.268,grad,18695733760
3,2674.553,grad,18691211776
3,2676.351,grad,18562959872
3,2677.608,grad,18571211264
3,2679.229,grad,18526989824
3,2680.743,grad,18526989824
3,2681.984,grad,18545929728
3,2683.374,grad,18522107392
3,2685.057,grad,18523190784
3,2686.308,grad,18515058176
3,2687.636,grad,18468855296
3,2688.888,grad,18464333312
3,2690.614,grad,18336146944
3,2691.851,grad,18329325056
3,2693.725,grad,18300176896
3,2695.264,grad,18300176896
3,2696.576,grad,18319051264
3,2698.02,grad,18295294464
3,2699.721,grad,18296377856
3,2700.984,grad,18365839872
3,2702.285,grad,18242042368
3,2703.544,grad,18237520384
3,2705.343,grad,18109661696
3,2706.593,grad,18117913088
3,2708.223,grad,18073691648
3,2709.75,grad,18073691648
3,2711.023,grad,18092566016
3,2712.668,grad,18068809216
3,2714.36,grad,18069892608
3,2715.644,grad,18061760000
3,2716.958,grad,18015557120
3,2718.204,grad,18011035136
3,2719.928,grad,17882783232
3,2721.191,grad,17890969088
3,2722.831,grad,17846813184
3,2724.355,grad,17846813184
3,2725.607,grad,17865622016
3,2727.128,grad,17841930752
3,2728.81,grad,17843014144
3,2730.074,grad,17912476160
3,2731.397,grad,17788678656
3,2732.644,grad,17784156672
3,2734.383,grad,17655970304
3,2735.645,grad,17663828480
3,2736.9,grad,17644233216
3,2738.157,grad,17620000256
3,2739.44,grad,17649425920
3,2740.892,grad,17614626304
3,2742.134,grad,17622457856
3,2743.666,grad,17616201216
3,2744.928,grad,17608068608
3,2746.302,grad,17561865728
3,2747.543,grad,17557343744
3,2749.357,grad,17429157376
3,2750.614,grad,17437408768
3,2752.263,grad,17393187840
3,2753.742,grad,17393187328
3,2755.021,grad,17412127232
3,2756.805,grad,17388304896
3,2758.552,grad,17389388288
3,2759.832,grad,17381255680
3,2761.193,grad,17335052800
3,2762.449,grad,17330530816
3,2764.158,grad,17202344448
3,2765.451,grad,17195915776
3,2767.17,grad,17166374400
3,2768.695,grad,17166374400
3,2769.987,grad,17185248768
3,2771.411,grad,17161491968
3,2773.016,grad,17162575360
3,2774.286,grad,17231971840
3,2775.602,grad,17108239872
3,2776.863,grad,17103717888
3,2778.686,grad,16975465984
3,2779.938,grad,16968578560
3,2781.813,grad,16939495936
3,2783.332,grad,16939495936
3,2784.597,grad,16941462016
3,2786.029,grad,16934613504
3,2787.705,grad,16935696896
3,2788.95,grad,16927564288
3,2790.286,grad,16881361408
3,2791.538,grad,16876839424
3,2793.243,grad,16748587520
3,2794.504,grad,16756838912
3,2796.169,grad,16712617472
3,2797.684,grad,16712617472
3,2798.929,grad,16731622912
3,2800.565,grad,16707735040
3,2802.214,grad,16708818432
3,2803.466,grad,16778280448
3,2804.758,grad,16654482944
3,2806.016,grad,16649960960
3,2807.846,grad,16521774592
3,2809.102,grad,16508005888
3,2810.782,grad,16478464512
3,2812.308,grad,16478202368
3,2813.56,grad,16497207808
3,2814.951,grad,16473319936
3,2816.209,grad,16463391232
3,2817.458,grad,16463391232
3,2818.69,grad,16463391232
3,2821.503,grad,16463390720
3,2822.786,grad,16463390720
3,2824.087,grad,16463390720
3,2825.358,grad,16463390720
3,2828.814,grad,16463390720
3,2830.088,grad,16463390720
3,2832.318,grad,16463390720
3,2833.566,grad,16463457792
3,2834.817,grad,16463394304
3,2836.07,grad,16463458304
3,2837.316,grad,16463392768
3,2838.558,grad,16463853056
3,2839.84,grad,16463392256
3,2841.084,grad,16463851008
3,2842.329,grad,16463392256
3,2843.572,grad,16463394816
3,2844.817,grad,16463392768
3,2846.064,grad,16464309760
3,2847.34,grad,16463392768
3,2848.572,grad,16463392256
3,2849.835,grad,16463394304
3,2851.076,grad,16463851008
3,2852.337,grad,16463392256
3,2853.604,grad,16463394304
3,2854.867,grad,16463392768
3,2856.192,grad,16463851520
3,2857.475,grad,16463458304
3,2858.768,grad,16463392256
3,2860.037,grad,16463394816
3,2861.316,grad,16463851520
3,2862.571,grad,16463392256
3,2863.832,grad,16463394304
3,2865.093,grad,16463392256
3,2866.345,grad,16463851520
3,2867.582,grad,16463458304
3,2868.846,grad,16463392768
3,2870.168,grad,16463392256
3,2871.421,grad,16464309760
3,2872.658,grad,16463392768
3,2873.903,grad,16463394304
3,2875.173,grad,16463392256
3,2876.485,grad,16463851008
3,2877.765,grad,16463392256
3,2879.049,grad,16463394304
3,2880.383,grad,16463459328
3,2881.626,grad,16467722752
3,2882.915,grad,16469229056
3,2884.187,grad,16475028992
3,2885.458,grad,16477978112
3,2886.733,grad,16482697216
3,2888.008,grad,16487416320
3,2889.25,grad,16491052544
3,2890.518,grad,16497247232
3,2891.791,grad,16498753024
3,2893.054,grad,16506355200
3,2894.305,grad,16509926912
3,2895.61,grad,16515890688
3,2896.933,grad,16520936960
3,2898.182,grad,16524738048
3,2899.428,grad,16530342400
3,2900.695,grad,16531390464
3,2901.967,grad,16536141312
3,2903.268,grad,16538762752
3,2904.547,grad,16542825984
3,2905.855,grad,16547251200
3,2907.14,grad,16549117440
3,2908.388,grad,16553705472
3,2909.665,grad,16555737600
3,2910.978,grad,16559341568
3,2912.232,grad,16561963008
3,2913.497,grad,16566025728
3,2914.774,grad,16570515968
3,2916.062,grad,16572022272
3,2917.436,grad,16576609792
3,2918.704,grad,16579165696
3,2919.947,grad,16583720960
3,2921.297,grad,16587554304
3,2922.625,grad,16590634496
3,2923.865,grad,16595222528
3,2925.125,grad,16597189632
3,2926.454,grad,16601021952
3,2927.703,grad,16603414528
3,2928.937,grad,16608067072
3,2930.214,grad,16611967488
3,2931.595,grad,16613473792
3,2932.861,grad,16618061824
3,2934.116,grad,16620846592
3,2935.38,grad,16624909824
3,2936.683,grad,16628055552
3,2937.958,grad,16630906368
3,2939.276,grad,16635723264
3,2940.587,grad,16637690368
3,2941.84,grad,16641523200
3,2943.073,grad,16642249728
3,2944.316,grad,16642286080
3,2945.554,grad,16642321920
3,2946.821,grad,16642349056
3,2948.071,grad,16642383360
3,2949.316,grad,16642417664
3,2950.583,grad,16594271232
3,2951.842,grad,16396221440
3,2953.103,grad,16327179264
3,2954.349,grad,16361683968
3,2955.594,grad,16396712960
3,2956.849,grad,16431315968
3,2958.094,grad,16464018432
3,2959.318,grad,16426695680
3,2960.584,grad,16298605568
3,2961.843,grad,16149871616
3,2963.087,grad,16139157504
3,2969.195,grad,16139119616
3,2975.589,grad,16139127808
3,2981.982,grad,16139127808
3,2988.327,grad,16139127808
3,2992.406,grad,16139127808
3,2993.692,grad,16146605056
3,2995.449,grad,16146734080
3,2997.825,grad,16154139648
3,2999.474,grad,16163576832
3,3000.785,grad,16163576832
3,3002.046,grad,16171965440
3,3003.733,grad,16193118208
3,3004.979,grad,16253939712
3,3007.049,grad,16307548160
3,3008.317,grad,16446025728
3,3009.85,grad,16385208320
3,3012.188,grad,16392552448
3,3013.702,grad,16401989632
3,3014.994,grad,16401989632
3,3016.246,grad,16417718272
3,3017.906,grad,16431531008
3,3019.163,grad,16492352512
3,3021.146,grad,16545960960
3,3022.426,grad,16684438528
3,3023.675,grad,16630965248
3,3025.884,grad,16630965248
3,3027.391,grad,16640402432
3,3028.865,grad,16640402432
3,3030.134,grad,16648791040
3,3031.728,grad,16669943808
3,3032.976,grad,16730765312
3,3034.917,grad,16784373760
3,3036.189,grad,16937531392
3,3037.572,grad,16869378048
3,3039.707,grad,16869378048
3,3041.203,grad,16878815232
3,3042.479,grad,16878815232
3,3043.751,grad,16894659584
3,3045.353,grad,16908356608
3,3046.667,grad,16969178112
3,3048.757,grad,17022786560
3,3050.212,grad,17161264128
3,3051.505,grad,17107786752
3,3053.725,grad,17107790848
3,3055.19,grad,17117228032
3,3056.484,grad,17117228032
3,3057.792,grad,17125616640
3,3059.48,grad,17146769408
3,3060.746,grad,17207590912
3,3062.707,grad,17261199360
3,3063.962,grad,17399676928
3,3065.306,grad,17346203648
3,3067.557,grad,17346203648
3,3069.153,grad,17355640832
3,3070.453,grad,17355640832
3,3071.717,grad,17371485184
3,3073.247,grad,17385182208
3,3074.533,grad,17446069248
3,3076.475,grad,17499612160
3,3077.736,grad,17652769792
3,3079.009,grad,17584612352
3,3081.216,grad,17584616448
3,3082.685,grad,17594053632
3,3083.945,grad,17594053632
3,3085.208,grad,17609782272
3,3087.092,grad,17630935040
3,3088.372,grad,17684416512
3,3090.383,grad,17738024960
3,3091.646,grad,17891182592
3,3092.987,grad,17823029248
3,3095.028,grad,17823029248
3,3096.517,grad,17832466432
3,3097.799,grad,17832466432
3,3099.056,grad,17848195072
3,3100.679,grad,17862007808
3,3101.932,grad,17922894848
3,3103.805,grad,17976437760
3,3105.052,grad,18129595392
3,3106.427,grad,18054097920
3,3108.67,grad,18061442048
3,3110.181,grad,18070879232
3,3111.516,grad,18078219264
3,3112.836,grad,18086723584
3,3114.406,grad,18100420608
3,3115.678,grad,18161307648
3,3117.634,grad,18214850560
3,3118.917,grad,18353328128
3,3120.237,grad,18299850752
3,3122.546,grad,18299854848
3,3124.279,grad,18309292032
3,3125.591,grad,18309292032
3,3126.863,grad,18325020672
3,3128.499,grad,18338833408
3,3129.796,grad,18399654912
3,3131.76,grad,18453263360
3,3133.051,grad,18584400896
3,3134.368,grad,18538267648
3,3136.432,grad,18538267648
3,3137.887,grad,18547704832
3,3139.23,grad,18555044864
3,3140.583,grad,18563549184
3,3142.945,grad,18584586240
3,3144.241,grad,18638133248
3,3146.147,grad,18691676160
3,3147.454,grad,18830153728
3,3148.845,grad,18776680448
3,3150.953,grad,18776680448
3,3152.443,grad,18786117632
3,3153.725,grad,18786117632
3,3154.976,grad,18801961472
3,3156.56,grad,18815659008
3,3157.833,grad,18876546048
3,3159.786,grad,18930088960
3,3161.048,grad,19083246592
3,3162.465,grad,19007749120
3,3164.712,grad,19015093248
3,3166.164,grad,19024530432
3,3167.431,grad,19024530432
3,3168.685,grad,19040374784
3,3170.25,grad,19054071808
3,3171.505,grad,19114958848
3,3173.436,grad,19168501760
3,3174.701,grad,19321659392
3,3176.025,grad,19253506048
3,3178.167,grad,19253506048
3,3179.844,grad,19262943232
3,3181.103,grad,19262943232
3,3182.387,grad,19278787584
3,3183.93,grad,19299824640
3,3185.172,grad,19353371648
3,3187.047,grad,19406914560
3,3188.337,grad,19560072192
3,3189.698,grad,19491918848
3,3191.776,grad,19491918848
3,3193.258,grad,19501356032
3,3194.543,grad,19501356032
3,3195.799,grad,19517200384
3,3197.508,grad,19530897408
3,3198.784,grad,19591784448
3,3200.742,grad,19645327360
3,3201.992,grad,19798484992
3,3203.34,grad,19730331648
3,3205.465,grad,19730331648
3,3206.891,grad,19739768832
3,3208.179,grad,19739768832
3,3209.46,grad,19755613184
3,3211.36,grad,19769310208
3,3212.67,grad,19830131712
3,3214.695,grad,19883740160
3,3215.97,grad,20036897792
3,3217.361,grad,19961400320
3,3219.658,grad,19968744448
3,3221.214,grad,19978181632
3,3222.486,grad,19978181632
3,3223.751,grad,19986570240
3,3225.409,grad,20007723008
3,3226.65,grad,20068544512
3,3228.655,grad,20122152960
3,3229.983,grad,20260630528
3,3231.284,grad,20199813120
3,3233.631,grad,20207157248
3,3235.328,grad,20216594432
3,3236.609,grad,20216594432
3,3237.873,grad,20232438272
3,3239.467,grad,20246135808
3,3240.733,grad,20306957312
3,3242.767,grad,20360565760
3,3244.027,grad,20513723392
3,3245.268,grad,20438225920
3,3247.526,grad,20445570048
3,3249.02,grad,20455007232
3,3250.356,grad,20455007232
3,3251.607,grad,20463395840
3,3253.44,grad,20484548608
3,3254.72,grad,20545370112
3,3256.687,grad,20598978560
3,3257.943,grad,20737456128
3,3259.207,grad,20676638720
3,3261.486,grad,20683982848
3,3262.955,grad,20693420032
3,3264.219,grad,20693420032
3,3265.474,grad,20701808640
3,3267.082,grad,20722961408
3,3268.33,grad,20783782912
3,3270.319,grad,20837391360
3,3271.57,grad,20990548992
3,3272.938,grad,20915051520
3,3275.46,grad,20922395648
3,3276.98,grad,20931832832
3,3278.287,grad,20931832832
3,3279.564,grad,20940221440
3,3281.249,grad,20961374208
3,3282.507,grad,21022195712
3,3284.509,grad,21075804160
3,3285.785,grad,21228961792
3,3287.03,grad,21153464320
3,3289.237,grad,21160808448
3,3290.899,grad,21170245632
3,3292.201,grad,21170245632
3,3293.486,grad,21178634240
3,3295.134,grad,21199787008
3,3296.385,grad,21260608512
3,3298.372,grad,21314216960
3,3299.636,grad,21467374592
3,3300.897,grad,21399217152
3,3303.147,grad,21399221248
3,3304.609,grad,21408658432
3,3305.931,grad,21408658432
3,3307.188,grad,21424502784
3,3309.178,grad,21438199808
3,3310.488,grad,21499021312
3,3312.605,grad,21552629760
3,3313.882,grad,21705787392
3,3315.256,grad,21637634048
3,3317.339,grad,21637634048
3,3318.772,grad,21647071232
3,3320.017,grad,21647071232
3,3321.258,grad,21662915584
3,3322.828,grad,21683952640
3,3324.063,grad,21737499648
3,3325.96,grad,21791042560
3,3327.2,grad,21944200192
3,3328.628,grad,21868702720
3,3330.854,grad,21876046848
3,3332.372,grad,21885484032
3,3333.654,grad,21892824064
3,3334.9,grad,21901328384
3,3336.405,grad,21915025408
3,3337.639,grad,21975846912
3,3339.67,grad,22029455360
3,3340.914,grad,22182612992
3,3342.252,grad,22114459648
3,3344.334,grad,22114459648
3,3345.946,grad,22123896832
3,3347.202,grad,22123896832
3,3348.465,grad,22132285440
3,3350.074,grad,22153438208
3,3351.312,grad,22214259712
3,3353.278,grad,22267868160
3,3354.533,grad,22406345728
3,3355.78,grad,22352872448
3,3357.927,grad,22352872448
3,3359.442,grad,22362309632
3,3360.699,grad,22362309632
3,3361.946,grad,22378153984
3,3364.273,grad,22391851008
3,3365.569,grad,22452672512
3,3367.584,grad,22506280960
3,3368.842,grad,22659438592
3,3370.169,grad,22591285248
3,3372.236,grad,22591285248
3,3373.68,grad,22600722432
3,3374.928,grad,22600722432
3,3376.171,grad,22616566784
3,3377.689,grad,22630263808
3,3378.926,grad,22691085312
3,3380.864,grad,22744693760
3,3382.129,grad,22897851392
3,3383.441,grad,22829698048
3,3385.186,grad,23756643840
3,3386.459,grad,23756662272
3,3388.597,grad,23749304832
3,3389.852,grad,23437878272
3,3391.08,grad,23437878272
3,3392.308,grad,23437878272
3,3394.064,grad,23437879808
3,3395.732,grad,22826543104
3,3396.97,grad,22902820864
3,3398.304,grad,22779023360
3,3399.541,grad,22775549952
3,3401.364,grad,22646249472
3,3402.609,grad,22639820800
3,3404.331,grad,22610279936
3,3405.82,grad,22610279424
3,3407.094,grad,22629153792
3,3408.5,grad,22605396992
3,3409.772,grad,22607004672
3,3411.018,grad,22595468288
3,3412.819,grad,22552144896
3,3414.078,grad,22508825600
3,3415.335,grad,22419371008
3,3416.58,grad,22404688896
3,3417.838,grad,22410836992
3,3419.141,grad,22383401472
3,3420.557,grad,22383400960
3,3421.855,grad,22402275328
3,3423.287,grad,22378518528
3,3424.929,grad,22380126208
3,3426.167,grad,22448998400
3,3427.452,grad,22325266432
3,3428.695,grad,22398339072
3,3430.37,grad,22192492544
3,3431.859,grad,22186063872
3,3433.57,grad,22156522496
3,3435.057,grad,22156522496
3,3436.303,grad,22175462400
3,3437.691,grad,22151640064
3,3439.347,grad,22153247744
3,3440.6,grad,22222185472
3,3441.914,grad,22098387968
3,3443.15,grad,22093865984
3,3444.855,grad,21965614080
3,3446.092,grad,21959119872
3,3447.665,grad,21929644032
3,3449.151,grad,21929644032
3,3450.44,grad,21948518400
3,3452.094,grad,21924761600
3,3453.75,grad,21926369280
3,3454.985,grad,21995241472
3,3456.256,grad,21871509504
3,3457.503,grad,21866987520
3,3459.171,grad,21738735616
3,3460.431,grad,21746987008
3,3462.096,grad,21702765568
3,3463.602,grad,21702765568
3,3464.891,grad,21721639936
3,3466.275,grad,21697883136
3,3467.895,grad,21700015104
3,3469.132,grad,21768363008
3,3470.408,grad,21644631040
3,3471.64,grad,21640109056
3,3473.418,grad,21511857152
3,3474.903,grad,21520108544
3,3476.583,grad,21475887104
3,3478.073,grad,21475887104
3,3479.347,grad,21494761472
3,3480.737,grad,21471004672
3,3482.431,grad,21472088064
3,3483.664,grad,21541812224
3,3484.959,grad,21418014720
3,3486.193,grad,21413492736
3,3487.866,grad,21285240832
3,3489.102,grad,21278746624
3,3490.641,grad,21249270784
3,3492.168,grad,21249270784
3,3493.415,grad,21268145152
3,3495.026,grad,21244388352
3,3496.7,grad,21245471744
3,3497.957,grad,21237273600
3,3499.194,grad,21152338944
3,3500.437,grad,21186614272
3,3502.089,grad,21058362368
3,3503.32,grad,21066613760
3,3504.921,grad,21022392320
3,3506.444,grad,21022392320
3,3507.677,grad,21041332224
3,3509.06,grad,21017509888
3,3510.706,grad,21018593280
3,3511.96,grad,21088055296
3,3513.258,grad,20964257792
3,3514.523,grad,20959801344
3,3516.214,grad,20831549440
3,3517.713,grad,20839800832
3,3518.964,grad,20828200960
3,3520.218,grad,20795579392
3,3521.468,grad,20825005056
3,3522.902,grad,20790205440
3,3524.141,grad,20798069760
3,3525.625,grad,20791780352
3,3526.861,grad,20783582208
3,3528.095,grad,20698647552
3,3529.327,grad,20732922880
3,3530.9,grad,20604736512
3,3532.133,grad,20612987904
3,3533.754,grad,20568766464
3,3535.243,grad,20568766464
3,3536.488,grad,20587706368
3,3538.068,grad,20563884032
3,3539.719,grad,20564967424
3,3540.961,grad,20556769280
3,3542.257,grad,20510631936
3,3543.503,grad,20506109952
3,3545.208,grad,20377858048
3,3546.452,grad,20386109440
3,3548.066,grad,20341888000
3,3549.55,grad,20341888000
3,3550.794,grad,20360827904
3,3552.199,grad,20337005568
3,3553.962,grad,20339006464
3,3555.198,grad,20291093504
3,3556.438,grad,20322550784
3,3557.726,grad,20281656320
3,3559.239,grad,20150979584
3,3560.499,grad,20158837760
3,3562.4,grad,20115009536
3,3563.886,grad,20115009536
3,3565.149,grad,20133883904
3,3566.56,grad,20110127104
3,3568.162,grad,20111210496
3,3569.405,grad,20180672512
3,3570.675,grad,20056875008
3,3571.921,grad,20052353024
3,3573.685,grad,19924101120
3,3574.925,grad,19917606912
3,3576.455,grad,19888131072
3,3577.945,grad,19888131072
3,3579.205,grad,19907005440
3,3580.836,grad,19883248640
3,3582.545,grad,19884332032
3,3583.784,grad,19953794048
3,3585.081,grad,19829996544
3,3586.327,grad,19903069184
3,3587.986,grad,19697222656
3,3589.225,grad,19690728448
3,3590.807,grad,19661252608
3,3592.343,grad,19661252608
3,3593.58,grad,19680192512
3,3594.951,grad,19656370176
3,3596.587,grad,19657453568
3,3597.826,grad,19726850048
3,3599.055,grad,19603118080
3,3600.303,grad,19676190720
3,3601.934,grad,19470409728
3,3603.167,grad,19478267904
3,3605.048,grad,19434439680
3,3606.555,grad,19434439680
3,3607.826,grad,19453314048
3,3609.242,grad,19429557248
3,3610.852,grad,19430640640
3,3612.093,grad,19500037120
3,3613.459,grad,19376305152
3,3614.727,grad,19371783168
3,3616.438,grad,19243531264
3,3617.673,grad,19251782656
3,3619.282,grad,19207561216
3,3620.777,grad,19207561216
3,3622.008,grad,19226501120
3,3623.936,grad,19202678784
3,3625.639,grad,19204745216
3,3626.878,grad,19273224192
3,3628.188,grad,19149426688
3,3629.433,grad,19144904704
3,3631.109,grad,19016652800
3,3632.343,grad,19024904192
3,3634.021,grad,18980682752
3,3635.526,grad,18980682752
3,3636.787,grad,18999557120
3,3638.181,grad,18975800320
3,3639.804,grad,18976883712
3,3641.036,grad,19046345728
3,3642.315,grad,18922548224
3,3643.55,grad,18918026240
3,3645.366,grad,18789839872
3,3646.596,grad,18797698048
3,3647.837,grad,18753869824
3,3649.071,grad,18754918400
3,3650.374,grad,18783754240
3,3651.703,grad,18748495872
3,3652.943,grad,18756327424
3,3654.537,grad,18750070784
3,3655.777,grad,18819532800
3,3657.061,grad,18695735296
3,3658.31,grad,18691213312
3,3660.016,grad,18562961408
3,3661.258,grad,18571212800
3,3662.912,grad,18526991360
3,3664.466,grad,18526991360
3,3665.737,grad,18545865728
3,3667.396,grad,18522108928
3,3669.048,grad,18523192320
3,3670.301,grad,18592654336
3,3671.602,grad,18468856832
3,3672.852,grad,18464334848
3,3674.622,grad,18336148480
3,3675.905,grad,18329654272
3,3677.542,grad,18300178432
3,3679.034,grad,18300178432
3,3680.27,grad,18319118336
3,3681.637,grad,18295296000
3,3683.301,grad,18296379392
3,3684.531,grad,18288246784
3,3685.867,grad,18242043904
3,3687.107,grad,18237521920
3,3688.825,grad,18109270016
3,3690.061,grad,18102448128
3,3691.907,grad,18073299968
3,3693.478,grad,18073299968
3,3694.785,grad,18092174336
3,3696.187,grad,18068417536
3,3697.826,grad,18070418432
3,3699.059,grad,18138897408
3,3700.345,grad,18015165440
3,3701.579,grad,18010643456
3,3703.306,grad,17882391552
3,3704.538,grad,17875962880
3,3706.2,grad,17846421504
3,3707.71,grad,17846421504
3,3708.974,grad,17865295872
3,3710.633,grad,17841539072
3,3712.302,grad,17842622464
3,3713.579,grad,17834489856
3,3714.947,grad,17788286976
3,3716.191,grad,17783764992
3,3717.9,grad,17655513088
3,3719.142,grad,17663698944
3,3720.757,grad,17619543040
3,3722.307,grad,17619543040
3,3723.615,grad,17638351872
3,3725.196,grad,17614660608
3,3726.876,grad,17615744000
3,3728.149,grad,17685206016
3,3729.468,grad,17561408512
3,3730.729,grad,17556886528
3,3732.478,grad,17428634624
3,3733.738,grad,17436492800
3,3735.013,grad,17401168896
3,3736.314,grad,17392664576
3,3737.565,grad,17422024704
3,3739.051,grad,17387290624
3,3740.328,grad,17395154944
3,3741.795,grad,17388865536
3,3743.031,grad,17458327552
3,3744.384,grad,17334530048
3,3745.62,grad,17291210752
3,3747.417,grad,17201821696
3,3748.658,grad,17210073088
3,3750.288,grad,17165851648
3,3751.803,grad,17165851648
3,3753.087,grad,17184791552
3,3754.783,grad,17160969216
3,3756.472,grad,17162052608
3,3757.712,grad,17231514624
3,3759.018,grad,17107717120
3,3760.348,grad,17064397824
3,3762.172,grad,16974943232
3,3763.479,grad,16968514560
3,3765.22,grad,16938973184
3,3766.73,grad,16938973184
3,3767.985,grad,16957978624
3,3769.401,grad,16934090752
3,3770.996,grad,16935174144
3,3772.255,grad,16926976000
3,3773.509,grad,16842041344
3,3774.744,grad,16876709888
3,3776.439,grad,16748130304
3,3777.679,grad,16741242880
3,3779.526,grad,16712160256
3,3781.001,grad,16712160256
3,3782.238,grad,16731165696
3,3783.632,grad,16707277824
3,3785.346,grad,16708361216
3,3786.577,grad,16777823232
3,3787.867,grad,16654025728
3,3789.103,grad,16649503744
3,3790.814,grad,16521317376
3,3792.057,grad,16522228736
3,3793.684,grad,16478007296
3,3795.225,grad,16477745152
3,3796.47,grad,16496685056
3,3798.067,grad,16472797184
3,3799.33,grad,16462868480
3,3800.562,grad,16462868480
3,3801.787,grad,16462868480
3,3803.211,grad,16462867968
3,3805.482,grad,16462867968
3,3806.749,grad,16462867968
3,3808.017,grad,16462867968
3,3809.273,grad,16462867968
3,3812.777,grad,16462867968
3,3814.158,grad,16462867968
3,3816.467,grad,16462867968
3,3817.708,grad,16462935040
3,3818.943,grad,16462872064
3,3820.174,grad,16462935552
3,3821.44,grad,16463328256
3,3822.703,grad,16462872064
3,3823.969,grad,16462869504
3,3825.203,grad,16463328768
3,3826.467,grad,16462935040
3,3827.705,grad,16462872064
3,3828.94,grad,16462869504
3,3830.173,grad,16463328768
3,3831.423,grad,16462935040
3,3832.703,grad,16462872064
3,3833.948,grad,16462935552
3,3835.178,grad,16463328256
3,3836.418,grad,16463328256
3,3837.674,grad,16462869504
3,3838.906,grad,16463328768
3,3840.178,grad,16462869504
3,3841.429,grad,16462870016
3,3842.669,grad,16462871552
3,3843.953,grad,16463328256
3,3845.189,grad,16463393792
3,3846.441,grad,16462870016
3,3847.671,grad,16463328256
3,3848.936,grad,16462869504
3,3850.167,grad,16463330304
3,3851.405,grad,16462870016
3,3852.672,grad,16463328256
3,3853.937,grad,16462869504
3,3855.17,grad,16462871552
3,3856.415,grad,16462872064
3,3857.687,grad,16463328768
3,3858.969,grad,16462869504
3,3860.248,grad,16462869504
3,3861.494,grad,16462871552
3,3862.732,grad,16463328768
3,3863.982,grad,16462869504
3,3865.213,grad,16462937088
3,3866.527,grad,16467887104
3,3867.76,grad,16470410240
3,3868.993,grad,16475128832
3,3870.228,grad,16478307328
3,3871.467,grad,16483485184
3,3872.725,grad,16489513984
3,3873.953,grad,16491382272
3,3875.177,grad,16498427392
3,3876.464,grad,16501344256
3,3877.695,grad,16506848768
3,3878.944,grad,16512582656
3,3880.235,grad,16516678656
3,3881.477,grad,16521824768
3,3882.752,grad,16523330560
3,3884.055,grad,16528081920
3,3885.32,grad,16530473984
3,3886.564,grad,16534078464
3,3887.794,grad,16537750016
3,3889.021,grad,16540829184
3,3890.258,grad,16544958464
3,3891.551,grad,16546464768
3,3892.808,grad,16551281664
3,3894.092,grad,16553903104
3,3895.36,grad,16557966848
3,3896.608,grad,16561243136
3,3897.837,grad,16564552704
3,3899.104,grad,16568910848
3,3900.389,grad,16570877952
3,3901.618,grad,16574841856
3,3902.895,grad,16578447360
3,3904.162,grad,16581527040
3,3905.503,grad,16585656320
3,3906.819,grad,16587162624
3,3908.18,grad,16592765952
3,3909.507,grad,16595321856
3,3910.802,grad,16598926336
3,3912.05,grad,16602532352
3,3913.333,grad,16605611520
3,3914.58,grad,16610428928
3,3915.861,grad,16611247104
3,3917.096,grad,16615966208
3,3918.334,grad,16618521600
3,3919.599,grad,16622814208
3,3920.831,grad,16625960448
3,3922.059,grad,16629040128
3,3923.3,grad,16633267200
3,3924.557,grad,16635955200
3,3925.82,grad,16639329792
3,3927.051,grad,16640280576
3,3928.287,grad,16640315904
3,3929.548,grad,16640351744
3,3930.904,grad,16640381952
3,3932.159,grad,16640417792
3,3933.495,grad,16640454656
3,3934.796,grad,16588374528
3,3936.072,grad,16385016320
3,3937.383,grad,16323707392
3,3938.62,grad,16357327360
3,3939.847,grad,16391373312
3,3941.072,grad,16425615872
3,3942.321,grad,16458777088
3,3943.554,grad,16435315200
3,3944.789,grad,16310010368
3,3946.018,grad,16178217472
3,3947.257,grad,16139462656
3,3953.592,grad,16139383296
3,3959.96,grad,16139391488
3,3966.325,grad,16139391488
3,3972.652,grad,16139391488
3,3977.249,grad,16139391488
3,3978.551,grad,16146868736
3,3980.24,grad,16146997760
3,3982.663,grad,16154337792
3,3984.257,grad,16163840512
3,3985.545,grad,16163840512
3,3986.905,grad,16172229120
3,3988.676,grad,16193316352
3,3989.918,grad,16254203392
3,3991.962,grad,16307811840
3,3993.206,grad,16460969472
3,3994.66,grad,16385472000
3,3996.992,grad,16392816128
3,3998.568,grad,16402253312
3,3999.849,grad,16402253312
3,4001.09,grad,16417981952
3,4002.708,grad,16431794688
3,4003.964,grad,16492616192
3,4005.999,grad,16546224640
3,4007.255,grad,16670022144
3,4008.589,grad,16623884800
3,4010.913,grad,16631228928
3,4012.407,grad,16640666112
3,4013.84,grad,16640666112
3,4015.108,grad,16649054720
3,4016.771,grad,16670207488
3,4018.043,grad,16731028992
3,4020.105,grad,16784637440
3,4021.388,grad,16937795072
3,4022.629,grad,16862297600
3,4024.874,grad,16869641728
3,4026.364,grad,16879078912
3,4027.649,grad,16879078912
3,4028.892,grad,16887467520
3,4030.509,grad,16908620288
3,4031.778,grad,16954761728
3,4033.863,grad,17023050240
3,4035.308,grad,17176207872
3,4036.6,grad,17100710400
3,4038.886,grad,17108054528
3,4040.449,grad,17117491712
3,4041.721,grad,17117491712
3,4042.969,grad,17133335040
3,4044.546,grad,17147033088
3,4045.794,grad,17207854592
3,4047.939,grad,17300260352
3,4049.188,grad,17414620672
3,4050.454,grad,17339123200
3,4052.818,grad,17346467328
3,4054.28,grad,17355904512
3,4055.583,grad,17355904512
3,4056.896,grad,17364293120
3,4058.707,grad,17400125952
3,4060.057,grad,17446332928
3,4062.105,grad,17499875840
3,4063.398,grad,17638353408
3,4064.759,grad,17577536000
3,4067.121,grad,17584994816
3,4068.662,grad,17594317312
3,4070.002,grad,17594317312
3,4071.268,grad,17610045952
3,4073.055,grad,17623858688
3,4074.351,grad,17684680192
3,4076.399,grad,17738288640
3,4077.681,grad,17876766208
3,4078.983,grad,17815948800
3,4081.197,grad,17823292928
3,4082.685,grad,17832730112
3,4083.936,grad,17832730112
3,4085.182,grad,17848458752
3,4086.789,grad,17862271488
3,4088.032,grad,17923092992
3,4090.078,grad,17976701440
3,4091.327,grad,18129859072
3,4092.69,grad,18054361600
3,4094.942,grad,18061705728
3,4096.422,grad,18071142912
3,4097.741,grad,18071142912
3,4098.987,grad,18079531520
3,4100.603,grad,18100684288
3,4101.842,grad,18161505792
3,4103.906,grad,18215114240
3,4105.164,grad,18353591808
3,4106.46,grad,18292774400
3,4108.688,grad,18300118528
3,4110.347,grad,18309555712
3,4111.599,grad,18309555712
3,4112.849,grad,18325400064
3,4114.452,grad,18339097088
3,4115.703,grad,18399918592
3,4117.731,grad,18453527040
3,4118.997,grad,18592004608
3,4120.247,grad,18538527232
3,4122.534,grad,18538531328
3,4123.983,grad,18547968512
3,4125.268,grad,18547968512
3,4126.538,grad,18563811840
3,4128.364,grad,18584849920
3,4129.623,grad,18638396928
3,4131.515,grad,18691939840
3,4132.783,grad,18830417408
3,4134.044,grad,18776944128
3,4136.253,grad,18776944128
3,4137.805,grad,18786381312
3,4139.072,grad,18786381312
3,4140.325,grad,18802224640
3,4141.932,grad,18815922688
3,4143.178,grad,18876744192
3,4145.152,grad,18930352640
3,4146.424,grad,19068830208
3,4148.526,grad,19008012800
3,4150.832,grad,19015356928
3,4152.3,grad,19024794112
3,4153.551,grad,19024794112
3,4154.793,grad,19033182720
3,4156.381,grad,19054335488
3,4157.644,grad,19115156992
3,4159.606,grad,19168765440
3,4160.868,grad,19307243008
3,4162.138,grad,19246425600
3,4164.351,grad,19253769728
3,4166.028,grad,19263206912
3,4167.286,grad,19263206912
3,4168.539,grad,19278935552
3,4170.093,grad,19292748288
3,4171.332,grad,19353569792
3,4173.3,grad,19407178240
3,4174.542,grad,19560335872
3,4175.868,grad,19492182528
3,4177.973,grad,19492182528
3,4179.453,grad,19501619712
3,4180.725,grad,19501619712
3,4182.003,grad,19510008320
3,4183.796,grad,19531161088
3,4185.156,grad,19591982592
3,4187.201,grad,19645591040
3,4188.464,grad,19798748672
3,4189.755,grad,19723251200
3,4191.928,grad,19730595328
3,4193.461,grad,19740032512
3,4194.709,grad,19740032512
3,4195.958,grad,19755875840
3,4197.606,grad,19769573888
3,4198.85,grad,19830395392
3,4200.895,grad,19884003840
3,4202.15,grad,20022481408
3,4203.598,grad,19961664000
3,4205.794,grad,19969008128
3,4207.238,grad,19978445312
3,4208.496,grad,19978445312
3,4209.751,grad,19986833920
3,4211.391,grad,20007986688
3,4212.629,grad,20068873728
3,4214.612,grad,20122416640
3,4215.87,grad,20260894208
3,4217.127,grad,20207420928
3,4219.387,grad,20207420928
3,4221.0,grad,20216858112
3,4222.273,grad,20216858112
3,4223.527,grad,20232701440
3,4225.099,grad,20246399488
3,4226.339,grad,20307220992
3,4228.321,grad,20360829440
3,4229.603,grad,20499307008
3,4230.885,grad,20438489600
3,4233.091,grad,20445833728
3,4234.657,grad,20455270912
3,4235.927,grad,20455270912
3,4237.192,grad,20471114240
3,4239.018,grad,20484812288
3,4240.285,grad,20545699328
3,4242.206,grad,20599242240
3,4243.466,grad,20752399872
3,4244.733,grad,20676902400
3,4246.986,grad,20684246528
3,4248.483,grad,20693683712
3,4249.757,grad,20693683712
3,4251.021,grad,20702072320
3,4252.634,grad,20723225088
3,4253.871,grad,20769366528
3,4255.943,grad,20837655040
3,4257.19,grad,20976132608
3,4258.628,grad,20915315200
3,4260.844,grad,20922659328
3,4262.379,grad,20932096512
3,4263.676,grad,20932096512
3,4264.917,grad,20947825152
3,4266.547,grad,20961637888
3,4267.782,grad,21022459392
3,4269.758,grad,21076067840
3,4271.002,grad,21214545408
3,4272.263,grad,21161072128
3,4274.486,grad,21161072128
3,4276.083,grad,21170509312
3,4277.381,grad,21170509312
3,4278.623,grad,21178897920
3,4280.269,grad,21207390720
3,4281.514,grad,21260937728
3,4283.399,grad,21314480640
3,4284.642,grad,21452958208
3,4285.91,grad,21399480832
3,4288.152,grad,21399484928
3,4289.626,grad,21408922112
3,4290.876,grad,21408922112
3,4292.118,grad,21424765440
3,4293.991,grad,21438463488
3,4295.251,grad,21499350528
3,4297.162,grad,21552893440
3,4298.417,grad,21706051072
3,4299.655,grad,21630553600
3,4301.842,grad,21637897728
3,4303.305,grad,21647334912
3,4304.571,grad,21647334912
3,4305.875,grad,21655723520
3,4307.494,grad,21676876288
3,4308.732,grad,21737697792
3,4310.752,grad,21791306240
3,4312.015,grad,21929783808
3,4313.437,grad,21868966400
3,4315.818,grad,21876310528
3,4317.281,grad,21885747712
3,4318.583,grad,21885747712
3,4319.824,grad,21901591552
3,4321.402,grad,21915289088
3,4322.65,grad,21976110592
3,4324.624,grad,22029719040
3,4325.896,grad,22169245184
3,4327.179,grad,22107379200
3,4329.392,grad,22114723328
3,4331.021,grad,22124160512
3,4332.321,grad,22131500544
3,4333.574,grad,22140004864
3,4335.173,grad,22154750464
3,4336.421,grad,22214523392
3,4338.464,grad,22268131840
3,4339.727,grad,22407657984
3,4341.082,grad,22354184704
3,4343.216,grad,22354184704
3,4344.677,grad,22363621888
3,4345.931,grad,22363621888
3,4347.181,grad,22379465216
3,4348.945,grad,22393163264
3,4350.199,grad,22453984768
3,4352.152,grad,22507593216
3,4353.406,grad,22646070784
3,4354.678,grad,22585253376
3,4356.841,grad,22592597504
3,4358.286,grad,22602034688
3,4359.547,grad,22602034688
3,4360.837,grad,22617879040
3,4362.473,grad,22631576064
3,4363.712,grad,22692463104
3,4365.612,grad,22746006016
3,4366.862,grad,22884483584
3,4368.863,grad,22823666176
3,4370.113,grad,23757947392
3,4371.311,grad,23757989376
3,4374.308,grad,23750625280
3,4375.551,grad,23439190528
3,4376.789,grad,23439190528
3,4378.018,grad,23439190528
3,4379.79,grad,23439192064
3,4381.639,grad,22827855360
3,4382.876,grad,22826538496
3,4384.22,grad,22780335616
3,4385.466,grad,22775813632
3,4387.242,grad,22647561728
3,4388.495,grad,22641133056
3,4390.256,grad,22611591680
3,4391.802,grad,22611591680
3,4393.097,grad,22630466048
3,4394.525,grad,22606709248
3,4395.769,grad,22604122624
3,4397.016,grad,22604120576
3,4398.791,grad,22553457152
3,4400.024,grad,22517477888
3,4401.253,grad,22428021248
3,4402.596,grad,22428023296
3,4403.841,grad,22399508992
3,4405.101,grad,22384713216
3,4406.622,grad,22384713216
3,4407.902,grad,22403587584
3,4409.399,grad,22378782208
3,4411.056,grad,22380389888
3,4412.287,grad,22449327616
3,4413.576,grad,22325530112
3,4414.842,grad,22321008128
3,4416.565,grad,22192756224
3,4418.076,grad,22186327552
3,4419.865,grad,22157834752
3,4421.412,grad,22156786176
3,4422.686,grad,22175660544
3,4424.077,grad,22151903744
3,4425.76,grad,22153511424
3,4426.992,grad,22222449152
3,4428.306,grad,22098651648
3,4429.538,grad,22094129664
3,4431.342,grad,21965877760
3,4432.595,grad,21974129152
3,4434.266,grad,21929907712
3,4435.792,grad,21929907712
3,4437.07,grad,21948782080
3,4438.76,grad,21925025280
3,4440.615,grad,21926305280
3,4441.86,grad,21956707840
3,4443.093,grad,21832975872
3,4444.329,grad,21867251200
3,4445.947,grad,21738999296
3,4447.178,grad,21747250688
3,4448.802,grad,21703029248
3,4450.409,grad,21703029248
3,4451.638,grad,21721903616
3,4453.028,grad,21698146816
3,4454.685,grad,21699230208
3,4455.914,grad,21768692224
3,4457.205,grad,21644894720
3,4458.45,grad,21640372736
3,4460.204,grad,21512186368
3,4461.715,grad,21505757696
3,4463.439,grad,21476216320
3,4464.943,grad,21476216320
3,4466.179,grad,21495156224
3,4467.598,grad,21471333888
3,4469.285,grad,21472417280
3,4470.549,grad,21464284672
3,4471.883,grad,21418081792
3,4473.117,grad,21413559808
3,4474.797,grad,21285307904
3,4476.028,grad,21293559296
3,4477.706,grad,21249338368
3,4479.185,grad,21249337856
3,4480.469,grad,21268212224
3,4482.074,grad,21244455424
3,4483.741,grad,21245538816
3,4484.977,grad,21237406208
3,4486.321,grad,21191203328
3,4487.557,grad,21186681344
3,4489.26,grad,21058429440
3,4490.584,grad,21052000768
3,4492.28,grad,21022459392
3,4493.823,grad,21022459392
3,4495.094,grad,21041399296
3,4496.472,grad,21017576960
3,4498.123,grad,21018660352
3,4499.358,grad,21010527744
3,4500.756,grad,20964324864
3,4501.988,grad,20959802880
3,4503.701,grad,20831616512
3,4504.953,grad,20839474688
3,4506.195,grad,20815160832
3,4507.449,grad,20795646976
3,4508.938,grad,20795646464
3,4510.248,grad,20814520832
3,4511.703,grad,20790764032
3,4513.326,grad,20791847424
3,4514.601,grad,20861309440
3,4515.899,grad,20737511936
3,4517.135,grad,20732989952
3,4518.832,grad,20604738048
3,4520.062,grad,20598309376
3,4521.754,grad,20568768000
3,4523.246,grad,20568768000
3,4524.508,grad,20587642368
3,4526.145,grad,20563885568
3,4527.803,grad,20564968960
3,4529.036,grad,20634430976
3,4530.385,grad,20510633472
3,4531.62,grad,20506177024
3,4533.307,grad,20377925120
3,4534.554,grad,20386176512
3,4536.202,grad,20341955072
3,4537.718,grad,20341955072
3,4538.988,grad,20360829440
3,4540.479,grad,20337072640
3,4542.086,grad,20338156032
3,4543.318,grad,20330023424
3,4544.637,grad,20283820544
3,4545.885,grad,20279298560
3,4547.619,grad,20151046656
3,4548.863,grad,20158904832
3,4550.103,grad,20115077120
3,4551.341,grad,20115076608
3,4552.594,grad,20144502272
3,4554.004,grad,20109702656
3,4555.241,grad,20117534208
3,4556.761,grad,20111277568
3,4557.998,grad,20180739584
3,4559.311,grad,20056942080
3,4560.655,grad,20052420096
3,4562.527,grad,19924233728
3,4563.819,grad,19917739520
3,4565.435,grad,19888263680
3,4566.983,grad,19888263680
3,4568.239,grad,19907203584
3,4569.906,grad,19883381248
3,4571.718,grad,19884464640
3,4573.018,grad,19953926656
3,4574.375,grad,19830129152
3,4575.618,grad,19825607168
3,4577.334,grad,19697420800
3,4578.576,grad,19690992128
3,4580.2,grad,19661450752
3,4581.729,grad,19661450752
3,4582.963,grad,19680390656
3,4584.323,grad,19656568320
3,4585.99,grad,19657651712
3,4587.222,grad,19727113728
3,4588.533,grad,19603316224
3,4589.771,grad,19676388864
3,4591.491,grad,19470607872
3,4592.75,grad,19463720448
3,4594.549,grad,19434637824
3,4596.051,grad,19434637824
3,4597.338,grad,19453512192
3,4598.758,grad,19429755392
3,4600.418,grad,19430838784
3,4601.655,grad,19422706176
3,4602.972,grad,19376503296
3,4604.205,grad,19371981312
3,4605.947,grad,19243729408
3,4607.184,grad,19251980800
3,4608.822,grad,19207759360
3,4610.309,grad,19207759360
3,4611.539,grad,19226568192
3,4613.225,grad,19202876928
3,4614.922,grad,19203960320
3,4616.253,grad,19195827712
3,4617.668,grad,19149624832
3,4618.95,grad,19145102848
3,4620.736,grad,19016850944
3,4621.99,grad,19025102336
3,4623.653,grad,18980880896
3,4625.18,grad,18980880896
3,4626.478,grad,18999755264
3,4627.89,grad,18975998464
3,4629.569,grad,18977081856
3,4630.831,grad,18968949248
3,4632.2,grad,18922746368
3,4633.475,grad,18918224384
3,4635.187,grad,18790038016
3,4636.987,grad,18783609344
3,4638.774,grad,18754067968
3,4640.283,grad,18754067968
3,4641.526,grad,18772811264
3,4643.075,grad,18749185536
3,4644.903,grad,18750268928
3,4646.139,grad,18742070784
3,4647.377,grad,18695933440
3,4648.631,grad,18652614144
3,4650.43,grad,18563159552
3,4651.748,grad,18556730880
3,4653.484,grad,18527189504
3,4654.989,grad,18527189504
3,4656.225,grad,18546063872
3,4657.91,grad,18522307072
3,4659.741,grad,18523390464
3,4661.024,grad,18553989632
3,4662.261,grad,18469054976
3,4663.51,grad,18464532992
3,4665.233,grad,18336346624
3,4666.475,grad,18329917952
3,4668.178,grad,18300376576
3,4669.721,grad,18300376576
3,4670.988,grad,18319250944
3,4672.465,grad,18295494144
3,4674.131,grad,18296577536
3,4675.375,grad,18288444928
3,4676.765,grad,18242242048
3,4678.02,grad,18198922752
3,4679.812,grad,18109861376
3,4681.047,grad,18117654016
3,4682.304,grad,18098124288
3,4683.656,grad,18073891328
3,4684.896,grad,18103316992
3,4686.338,grad,18068517376
3,4687.571,grad,18076348928
3,4689.134,grad,18070092288
3,4690.377,grad,18061959680
3,4691.748,grad,18015756800
3,4692.981,grad,18011234816
3,4694.771,grad,17882982912
3,4696.003,grad,17891234304
3,4697.668,grad,17847012864
3,4699.182,grad,17847012864
3,4700.467,grad,17865887232
3,4702.141,grad,17842130432
3,4703.859,grad,17843213824
3,4705.093,grad,17835081216
3,4706.425,grad,17788878336
3,4707.662,grad,17784356352
3,4709.371,grad,17656169984
3,4710.601,grad,17664421376
3,4712.266,grad,17620199936
3,4713.861,grad,17620199936
3,4715.351,grad,17639074304
3,4716.819,grad,17615317504
3,4718.509,grad,17616400896
3,4719.757,grad,17608268288
3,4721.081,grad,17562065408
3,4722.328,grad,17557543424
3,4724.119,grad,17429357056
3,4725.374,grad,17437215232
3,4726.618,grad,17400728064
3,4727.849,grad,17393387008
3,4729.092,grad,17422812672
3,4730.517,grad,17388013056
3,4731.756,grad,17395844608
3,4733.353,grad,17389587968
3,4734.637,grad,17381455360
3,4735.984,grad,17335252480
3,4737.238,grad,17291933184
3,4739.023,grad,17202544128
3,4740.269,grad,17210795520
3,4741.975,grad,17166574080
3,4743.565,grad,17166574080
3,4744.886,grad,17185448448
3,4746.702,grad,17161691648
3,4748.494,grad,17162775040
3,4749.748,grad,17154642432
3,4751.143,grad,17108439552
3,4752.399,grad,17033662976
3,4754.237,grad,16975665664
3,4755.485,grad,16969236992
3,4757.167,grad,16939695616
3,4758.714,grad,16939695616
3,4759.994,grad,16958569984
3,4761.62,grad,16934813184
3,4763.404,grad,16935896576
3,4764.719,grad,17005358592
3,4766.074,grad,16881561088
3,4767.349,grad,16838241792
3,4769.173,grad,16748787200
3,4770.459,grad,16756645376
3,4771.712,grad,16712817664
3,4772.946,grad,16712817152
3,4774.188,grad,16742242816
3,4775.615,grad,16707443200
3,4776.861,grad,16715274752
3,4778.424,grad,16709018112
3,4779.661,grad,16700819968
3,4781.013,grad,16654617088
3,4782.285,grad,16579840512
3,4783.574,grad,16521974272
3,4784.813,grad,16529314304
3,4786.053,grad,16493459968
3,4787.315,grad,16478664704
3,4788.834,grad,16478402048
3,4790.096,grad,16497407488
3,4791.787,grad,16473519616
3,4793.087,grad,16463590912
3,4794.49,grad,16463590912
3,4795.86,grad,16463590912
3,4797.589,grad,16463590400
3,4801.665,grad,16463590400
3,4803.223,grad,16463590400
3,4804.573,grad,16463590400
3,4808.575,grad,16463590400
3,4810.046,grad,16463590400
3,4812.536,grad,16463590400
3,4813.846,grad,16464050688
3,4815.219,grad,16463593984
3,4816.551,grad,16463592448
3,4817.86,grad,16463592448
3,4819.232,grad,16463657472
3,4820.569,grad,16463592448
3,4821.952,grad,16463591936
3,4823.32,grad,16463657472
3,4824.623,grad,16463592448
3,4825.938,grad,16463594496
3,4827.255,grad,16464051200
3,4828.588,grad,16463657472
3,4829.902,grad,16463591936
3,4831.21,grad,16464509440
3,4832.546,grad,16463657984
3,4833.857,grad,16463592448
3,4835.223,grad,16464050688
3,4836.555,grad,16464050688
3,4837.864,grad,16463594496
3,4839.177,grad,16464051200
3,4840.513,grad,16463593984
3,4841.878,grad,16463593984
3,4843.216,grad,16464050688
3,4844.576,grad,16463593984
3,4845.898,grad,16463657984
3,4847.243,grad,16463591936
3,4848.623,grad,16463591936
3,4849.945,grad,16463657472
3,4851.264,grad,16463591936
3,4852.607,grad,16463594496
3,4853.925,grad,16464050688
3,4855.245,grad,16463657984
3,4856.596,grad,16463592448
3,4857.92,grad,16464050688
3,4859.245,grad,16464116224
3,4860.596,grad,16463592448
3,4861.915,grad,16464509440
3,4863.243,grad,16464051200
3,4864.646,grad,16463591936
3,4865.968,grad,16464051200
3,4867.303,grad,16464052736
3,4868.614,grad,16463593984
3,4869.92,grad,16463591936
3,4871.226,grad,16463661056
3,4872.567,grad,16468381184
3,4873.884,grad,16469789696
3,4875.194,grad,16475491840
3,4876.528,grad,16476899840
3,4877.899,grad,16483160064
3,4879.239,grad,16483977728
3,4880.576,grad,16490596864
3,4881.949,grad,16491416064
3,4883.264,grad,16498461184
3,4884.593,grad,16500066816
3,4885.98,grad,16507439616
3,4887.309,grad,16508258816
3,4888.618,grad,16516057600
3,4889.93,grad,16516876800
3,4891.244,grad,16524806656
3,4892.583,grad,16525560320
3,4893.894,grad,16530508800
3,4895.203,grad,16531328000
3,4896.539,grad,16536275968
3,4897.929,grad,16537094656
3,4899.246,grad,16542108160
3,4900.586,grad,16542862336
3,4901.901,grad,16547940864
3,4903.268,grad,16549842944
3,4904.633,grad,16553282048
3,4906.008,grad,16555609600
3,4907.323,grad,16559115264
3,4908.632,grad,16561442816
3,4909.942,grad,16564882432
3,4911.331,grad,16567439360
3,4912.688,grad,16570944000
3,4913.997,grad,16573336064
3,4915.43,grad,16576940544
3,4916.791,grad,16579332608
3,4918.096,grad,16582708224
3,4919.443,grad,16586313728
3,4920.812,grad,16589163008
3,4922.122,grad,16592080896
3,4923.466,grad,16595061248
3,4924.775,grad,16597978624
3,4926.086,grad,16601287168
3,4927.343,grad,16603746304
3,4928.65,grad,16606595584
3,4930.011,grad,16609742848
3,4931.389,grad,16612592128
3,4932.69,grad,16615508480
3,4933.995,grad,16618490880
3,4935.334,grad,16622620160
3,4936.706,grad,16624486912
3,4938.012,grad,16628387328
3,4939.331,grad,16630254592
3,4940.668,grad,16634843136
3,4942.008,grad,16635660800
3,4943.325,grad,16640674304
3,4944.635,grad,16641428480
3,4945.948,grad,16641387520
3,4947.279,grad,16641420800
3,4948.624,grad,16641453056
3,4949.94,grad,16641474560
3,4951.199,grad,16641509888
3,4952.464,grad,16641545216
3,4953.706,grad,16559114240
3,4954.951,grad,16362113024
3,4956.199,grad,16328394752
3,4957.447,grad,16362735616
3,4958.684,grad,16397273088
3,4959.947,grad,16431646720
3,4961.203,grad,16466315264
3,4962.456,grad,16417228800
3,4963.698,grad,16297592832
3,4964.941,grad,16157116416
3,4966.178,grad,16139308544
3,4972.491,grad,16139253760
3,4978.847,grad,16139261952
3,4985.183,grad,16139261952
3,4991.54,grad,16139261952
3,4995.944,grad,16139261952
3,4997.225,grad,16146739200
3,4999.024,grad,16146868224
3,5001.502,grad,16154208256
3,5003.129,grad,16163645440
3,5004.402,grad,16163645440
3,5005.714,grad,16172034048
3,5007.473,grad,16193186816
3,5008.733,grad,16254008320
3,5010.845,grad,16307616768
3,5012.09,grad,16460774400
3,5013.751,grad,16392616960
3,5016.059,grad,16392621056
3,5017.647,grad,16402058240
3,5018.947,grad,16402058240
3,5020.235,grad,16410446848
3,5021.935,grad,16431599616
3,5023.192,grad,16492421120
3,5025.244,grad,16546029568
3,5026.505,grad,16699187200
3,5027.808,grad,16631029760
3,5030.188,grad,16631033856
3,5031.706,grad,16640471040
3,5033.161,grad,16640471040
3,5034.444,grad,16648859648
3,5036.083,grad,16670012416
3,5037.344,grad,16716153856
3,5038.584,grad,16862036992
3,5040.082,grad,16823239680
3,5042.042,grad,16869442560
3,5044.246,grad,16869446656
3,5045.763,grad,16878883840
3,5047.039,grad,16878883840
3,5048.345,grad,16887272448
3,5049.766,grad,16931493888
3,5051.099,grad,16908425216
3,5052.554,grad,16923109376
3,5053.871,grad,17008109568
3,5055.583,grad,17022855168
3,5057.085,grad,17161332736
3,5058.462,grad,17100515328
3,5060.88,grad,17107859456
3,5062.7,grad,17117296640
3,5064.08,grad,17117296640
3,5065.339,grad,17125685248
3,5067.134,grad,17146838016
3,5068.403,grad,17207659520
3,5070.422,grad,17261267968
3,5071.674,grad,17414425600
3,5072.971,grad,17338928128
3,5075.439,grad,17346272256
3,5076.911,grad,17355709440
3,5078.162,grad,17355709440
3,5079.439,grad,17364098048
3,5081.071,grad,17385250816
3,5082.328,grad,17446072320
3,5084.281,grad,17499680768
3,5085.54,grad,17638158336
3,5086.785,grad,17584680960
3,5089.002,grad,17584685056
3,5090.512,grad,17594122240
3,5091.81,grad,17594122240
3,5093.08,grad,17609965568
3,5094.891,grad,17631003648
3,5096.153,grad,17684550656
3,5098.032,grad,17738093568
3,5099.303,grad,17891251200
3,5100.547,grad,17823097856
3,5102.707,grad,17823097856
3,5104.166,grad,17832535040
3,5105.428,grad,17832535040
3,5106.678,grad,17840923648
3,5108.26,grad,17862076416
3,5109.509,grad,17922897920
3,5111.492,grad,17976506368
3,5112.754,grad,18107643904
3,5114.049,grad,18054166528
3,5116.317,grad,18061510656
3,5117.785,grad,18070947840
3,5119.073,grad,18070947840
3,5120.339,grad,18086676480
3,5121.939,grad,18107829248
3,5123.183,grad,18161376256
3,5125.077,grad,18214919168
3,5126.313,grad,18368076800
3,5127.584,grad,18299919360
3,5130.1,grad,18299923456
3,5132.238,grad,18309360640
3,5133.755,grad,18309360640
3,5135.05,grad,18317749248
3,5136.31,grad,18376650752
3,5137.583,grad,18353586176
3,5138.837,grad,18399789056
3,5141.04,grad,18453331968
3,5142.305,grad,18577129472
3,5143.855,grad,18530992128
3,5146.511,grad,18538336256
3,5148.289,grad,18547773440
3,5149.713,grad,18547773440
3,5150.995,grad,18556162048
3,5152.246,grad,18600383488
3,5153.494,grad,18584654848
3,5154.801,grad,18623456256
3,5156.06,grad,18769339392
3,5157.437,grad,18691744768
3,5158.692,grad,18815542272
3,5160.277,grad,18769404928
3,5163.038,grad,18776749056
3,5164.886,grad,18786186240
3,5166.374,grad,18786186240
3,5167.63,grad,18794574848
3,5168.876,grad,18838796288
3,5170.205,grad,18830411776
3,5171.471,grad,18876614656
3,5172.714,grad,19007752192
3,5174.01,grad,18968954880
3,5175.274,grad,19068635136
3,5176.939,grad,19007817728
3,5179.602,grad,19015161856
3,5181.421,grad,19024599040
3,5182.869,grad,19024599040
3,5184.116,grad,19032987648
3,5185.324,grad,19062529024
3,5186.564,grad,19061480448
3,5187.814,grad,19100281856
3,5189.058,grad,19246164992
3,5190.449,grad,19168570368
3,5191.698,grad,19292367872
3,5193.251,grad,19246230528
3,5195.836,grad,19253574656
3,5198.461,grad,19263011840
3,5199.74,grad,19263011840
3,5201.012,grad,19271400448
3,5202.624,grad,19292553216
3,5203.866,grad,19353374720
3,5205.86,grad,19406983168
3,5207.104,grad,19545460736
3,5208.375,grad,19491983360
3,5210.612,grad,19491987456
3,5212.093,grad,19501424640
3,5213.391,grad,19501424640
3,5214.641,grad,19509813248
3,5216.237,grad,19530966016
3,5217.489,grad,19577107456
3,5219.594,grad,19645395968
3,5220.848,grad,19798553600
3,5222.112,grad,19730396160
3,5224.303,grad,19730400256
3,5225.802,grad,19739837440
3,5227.082,grad,19739837440
3,5228.337,grad,19748226048
3,5229.939,grad,19769378816
3,5231.179,grad,19830200320
3,5233.138,grad,19883808768
3,5234.427,grad,20036966400
3,5235.817,grad,19961468928
3,5238.047,grad,19968813056
3,5239.516,grad,19978250240
3,5240.768,grad,19978250240
3,5242.01,grad,19986638848
3,5243.604,grad,20007791616
3,5244.841,grad,20068613120
3,5246.821,grad,20122221568
3,5248.086,grad,20275379200
3,5249.372,grad,20199881728
3,5251.641,grad,20207225856
3,5253.334,grad,20216663040
3,5254.62,grad,20216663040
3,5255.862,grad,20225051648
3,5257.508,grad,20246204416
3,5258.749,grad,20307025920
3,5260.784,grad,20360634368
3,5262.049,grad,20499111936
3,5263.361,grad,20438294528
3,5265.621,grad,20445638656
3,5267.17,grad,20455075840
3,5268.467,grad,20455075840
3,5269.734,grad,20470804480
3,5271.566,grad,20484617216
3,5272.825,grad,20545438720
3,5274.804,grad,20599047168
3,5276.051,grad,20737524736
3,5277.331,grad,20684047360
3,5279.516,grad,20684051456
3,5280.97,grad,20693488640
3,5282.269,grad,20693488640
3,5283.528,grad,20701877248
3,5285.246,grad,20730370048
3,5286.501,grad,20783851520
3,5288.54,grad,20876257280
3,5289.828,grad,20968597504
3,5291.193,grad,20915120128
3,5293.478,grad,20922464256
3,5294.982,grad,20931901440
3,5296.235,grad,20931901440
3,5297.497,grad,20940290048
3,5299.176,grad,20968782848
3,5300.424,grad,21022329856
3,5302.365,grad,21075872768
3,5303.632,grad,21229030400
3,5304.891,grad,21160877056
3,5307.093,grad,21160877056
3,5308.734,grad,21170314240
3,5310.011,grad,21170314240
3,5311.261,grad,21186042880
3,5312.897,grad,21199855616
3,5314.14,grad,21260742656
3,5316.075,grad,21314285568
3,5317.368,grad,21452763136
3,5318.651,grad,21399289856
3,5320.802,grad,21399289856
3,5322.263,grad,21408727040
3,5323.522,grad,21408727040
3,5324.791,grad,21424570880
3,5326.533,grad,21438268416
3,5327.788,grad,21499089920
3,5329.748,grad,21552698368
3,5331.017,grad,21691175936
3,5332.386,grad,21637702656
3,5334.49,grad,21637702656
3,5335.934,grad,21647139840
3,5337.198,grad,21654479872
3,5338.452,grad,21662984192
3,5339.933,grad,21676681216
3,5341.168,grad,21737568256
3,5343.057,grad,21791111168
3,5344.328,grad,21944268800
3,5345.741,grad,21868771328
3,5348.023,grad,21876115456
3,5349.489,grad,21885552640
3,5350.78,grad,21885552640
3,5352.024,grad,21901396992
3,5353.567,grad,21915094016
3,5354.829,grad,21975915520
3,5356.776,grad,22029523968
3,5358.046,grad,22182681600
3,5359.456,grad,22114528256
3,5361.524,grad,22114528256
3,5363.171,grad,22123965440
3,5364.457,grad,22131305472
3,5365.703,grad,22139809792
3,5367.237,grad,22153506816
3,5368.49,grad,22214328320
3,5370.457,grad,22267936768
3,5371.701,grad,22421094400
3,5373.042,grad,22352941056
3,5375.141,grad,22352941056
3,5376.602,grad,22362378240
3,5377.849,grad,22362378240
3,5379.095,grad,22378222592
3,5380.754,grad,22391919616
3,5382.035,grad,22452741120
3,5384.156,grad,22506349568
3,5385.414,grad,22644827136
3,5386.711,grad,22584009728
3,5389.03,grad,22591353856
3,5390.606,grad,22600791040
3,5391.901,grad,22600791040
3,5393.148,grad,22609179648
3,5394.862,grad,22630332416
3,5396.106,grad,22691153920
3,5397.353,grad,22822356992
3,5398.829,grad,22783559680
3,5400.664,grad,22822422528
3,5401.924,grad,23756703744
3,5403.169,grad,23756746752
3,5406.122,grad,23749373440
3,5407.395,grad,23437946880
3,5408.637,grad,23437946880
3,5409.868,grad,23437946880
3,5411.454,grad,23437948416
3,5413.167,grad,22826611712
3,5414.496,grad,22825294848
3,5415.76,grad,22779091968
3,5417.025,grad,22735772672
3,5418.3,grad,22646316032
3,5419.719,grad,22653658112
3,5420.968,grad,22625143808
3,5422.248,grad,22610348544
3,5423.745,grad,22610348032
3,5425.033,grad,22629222400
3,5426.44,grad,22605465600
3,5428.208,grad,22612690944
3,5429.485,grad,22607073280
3,5430.745,grad,22559553536
3,5431.989,grad,22552213504
3,5433.303,grad,22550116352
3,5434.822,grad,22419439616
3,5436.061,grad,22412945408
3,5437.691,grad,22383469568
3,5439.204,grad,22383469568
3,5440.566,grad,22402409472
3,5441.983,grad,22378587136
3,5443.667,grad,22380194816
3,5444.957,grad,22371472384
3,5446.463,grad,22325335040
3,5447.723,grad,22257898496
3,5449.567,grad,22192561152
3,5451.064,grad,22200812544
3,5452.754,grad,22156591104
3,5454.249,grad,22156591104
3,5455.523,grad,22175465472
3,5456.903,grad,22151708672
3,5458.64,grad,22153316352
3,5459.884,grad,22144659456
3,5461.246,grad,22098456576
3,5462.517,grad,22093934592
3,5464.213,grad,21965682688
3,5465.468,grad,21959254016
3,5467.142,grad,21929713152
3,5468.69,grad,21929712640
3,5469.949,grad,21948652544
3,5471.579,grad,21924830208
3,5473.2,grad,21926437888
3,5474.446,grad,21995375616
3,5475.731,grad,21871578112
3,5476.966,grad,21867056128
3,5478.769,grad,21738804224
3,5480.005,grad,21746990080
3,5481.656,grad,21702834688
3,5483.134,grad,21702834176
3,5484.411,grad,21721708544
3,5485.832,grad,21697951744
3,5487.494,grad,21700083712
3,5488.754,grad,21690902528
3,5490.065,grad,21644699648
3,5491.312,grad,21640177664
3,5493.006,grad,21511925760
3,5494.509,grad,21505497088
3,5496.163,grad,21475955712
3,5497.668,grad,21475955712
3,5498.904,grad,21494764544
3,5500.381,grad,21471073280
3,5502.019,grad,21472156672
3,5503.282,grad,21463958528
3,5504.56,grad,21417821184
3,5505.807,grad,21413299200
3,5507.5,grad,21285309440
3,5508.767,grad,21278880768
3,5510.438,grad,21249339392
3,5511.932,grad,21249339392
3,5513.189,grad,21268213760
3,5514.817,grad,21244456960
3,5516.549,grad,21245540352
3,5517.808,grad,21315002368
3,5519.136,grad,21191204864
3,5520.387,grad,21186682880
3,5522.057,grad,21058430976
3,5523.317,grad,21066682368
3,5524.961,grad,21022460928
3,5526.506,grad,21022460928
3,5527.775,grad,21041400832
3,5529.21,grad,21017578496
3,5530.876,grad,21018661888
3,5532.139,grad,21088058368
3,5533.434,grad,20964326400
3,5534.678,grad,20959869952
3,5536.371,grad,20831618048
3,5537.607,grad,20824796160
3,5538.847,grad,20810443776
3,5540.111,grad,20795648000
3,5541.607,grad,20795648000
3,5542.841,grad,20814587904
3,5544.188,grad,20790765568
3,5546.041,grad,20791848960
3,5547.36,grad,20783650816
3,5548.691,grad,20737513472
3,5549.948,grad,20732991488
3,5551.666,grad,20604805120
3,5552.912,grad,20613056512
3,5554.543,grad,20568835072
3,5556.054,grad,20568835072
3,5557.342,grad,20570932224
3,5559.058,grad,20563952640
3,5560.777,grad,20565036032
3,5562.051,grad,20634498048
3,5563.381,grad,20510700544
3,5564.632,grad,20583773184
3,5566.348,grad,20377926656
3,5567.617,grad,20371432448
3,5569.274,grad,20341956608
3,5570.819,grad,20341956608
3,5572.07,grad,20360896512
3,5573.444,grad,20337074176
3,5575.076,grad,20339075072
3,5576.355,grad,20329959424
3,5577.631,grad,20245024768
3,5578.894,grad,20279300096
3,5580.65,grad,20151048192
3,5581.903,grad,20158906368
3,5583.81,grad,20115078144
3,5585.313,grad,20115078144
3,5586.566,grad,20134018048
3,5587.96,grad,20110195712
3,5589.671,grad,20111279104
3,5590.961,grad,20103146496
3,5592.312,grad,20056943616
3,5593.551,grad,20052421632
3,5595.224,grad,19924169728
3,5596.475,grad,19932421120
3,5598.098,grad,19888200192
3,5599.665,grad,19888199680
3,5600.926,grad,19907139584
3,5602.519,grad,19883317248
3,5604.144,grad,19884400640
3,5605.392,grad,19953862656
3,5606.665,grad,19830065152
3,5607.905,grad,19825543168
3,5609.666,grad,19697291264
3,5610.903,grad,19705542656
3,5612.508,grad,19661321216
3,5613.988,grad,19661321216
3,5615.245,grad,19663287296
3,5616.732,grad,19656438784
3,5618.391,grad,19657522176
3,5619.685,grad,19649389568
3,5620.997,grad,19603186688
3,5622.257,grad,19598664704
3,5623.966,grad,19470478336
3,5625.212,grad,19463656448
3,5627.117,grad,19434508800
3,5628.622,grad,19434508288
3,5629.859,grad,19453251584
3,5631.368,grad,19429625856
3,5632.992,grad,19430709248
3,5634.23,grad,19500171264
3,5635.536,grad,19376373760
3,5636.772,grad,19371851776
3,5638.492,grad,19243599872
3,5639.751,grad,19237171200
3,5641.427,grad,19207629824
3,5642.922,grad,19207629824
3,5644.176,grad,19226569728
3,5645.874,grad,19202747392
3,5647.584,grad,19204813824
3,5648.827,grad,19195698176
3,5650.223,grad,19149495296
3,5651.473,grad,19144973312
3,5653.168,grad,19016721408
3,5654.417,grad,19024972800
3,5656.064,grad,18980751872
3,5657.569,grad,18980751360
3,5658.848,grad,18999625728
3,5660.407,grad,18975868928
3,5662.059,grad,18976952320
3,5663.303,grad,19046414336
3,5664.587,grad,18922616832
3,5665.835,grad,18918094848
3,5667.568,grad,18789908480
3,5669.062,grad,18783479808
3,5670.823,grad,18753938432
3,5672.334,grad,18753938432
3,5673.607,grad,18772812800
3,5674.99,grad,18749056000
3,5676.767,grad,18750139392
3,5678.004,grad,18741941248
3,5679.266,grad,18657006592
3,5680.512,grad,18691281920
3,5682.212,grad,18563030016
3,5683.461,grad,18556601344
3,5685.145,grad,18527059968
3,5686.687,grad,18527059968
3,5687.947,grad,18545934336
3,5689.841,grad,18522177536
3,5691.529,grad,18523260928
3,5692.766,grad,18592722944
3,5694.052,grad,18468925440
3,5695.304,grad,18464403456
3,5697.006,grad,18336217088
3,5698.252,grad,18344468480
3,5699.915,grad,18300247040
3,5701.464,grad,18300247040
3,5702.721,grad,18319121408
3,5704.112,grad,18295364608
3,5705.782,grad,18296448000
3,5707.014,grad,18365910016
3,5708.317,grad,18242112512
3,5709.555,grad,18237590528
3,5711.368,grad,18109338624
3,5712.61,grad,18117196800
3,5713.85,grad,18073368576
3,5715.077,grad,18073368576
3,5716.331,grad,18102728704
3,5717.851,grad,18067994624
3,5719.095,grad,18075826176
3,5720.717,grad,18070487040
3,5721.958,grad,18139031552
3,5723.254,grad,18015234048
3,5724.507,grad,18010712064
3,5726.213,grad,17882460160
3,5727.464,grad,17876031488
3,5729.132,grad,17846490112
3,5730.713,grad,17846490112
3,5731.986,grad,17865430016
3,5733.616,grad,17841607680
3,5735.286,grad,17842691072
3,5736.549,grad,17912153088
3,5737.858,grad,17788355584
3,5739.101,grad,17783833600
3,5740.96,grad,17655581696
3,5742.215,grad,17663833088
3,5743.892,grad,17619611648
3,5745.51,grad,17619611648
3,5746.813,grad,17638551552
3,5748.238,grad,17614729216
3,5749.895,grad,17615812608
3,5751.174,grad,17607680000
3,5752.521,grad,17561477120
3,5753.78,grad,17556955136
3,5755.504,grad,17428703232
3,5756.761,grad,17436561408
3,5758.01,grad,17408577536
3,5759.258,grad,17392733184
3,5760.651,grad,17407413248
3,5761.914,grad,17411673088
3,5763.324,grad,17387850752
3,5764.983,grad,17388934144
3,5766.224,grad,17458396160
3,5767.546,grad,17334598656
3,5768.808,grad,17330076672
3,5770.563,grad,17201890304
3,5771.806,grad,17195461632
3,5773.505,grad,17165920256
3,5775.001,grad,17165920256
3,5776.259,grad,17184860160
3,5777.934,grad,17161037824
3,5779.632,grad,17162121216
3,5780.883,grad,17153988608
3,5782.24,grad,17107785728
3,5783.49,grad,17103263744
3,5785.205,grad,16975011840
3,5786.456,grad,16983263232
3,5788.079,grad,16939041792
3,5789.576,grad,16939041792
3,5790.872,grad,16957981696
3,5792.286,grad,16934159360
3,5793.909,grad,16935242752
3,5795.144,grad,17004704768
3,5796.437,grad,16880907264
3,5797.673,grad,16876778496
3,5799.4,grad,16748198912
3,5800.64,grad,16756057088
3,5801.879,grad,16712229376
3,5803.112,grad,16713277440
3,5804.425,grad,16742113280
3,5805.773,grad,16706854912
3,5807.013,grad,16714686464
3,5808.546,grad,16708429824
3,5809.807,grad,16700297216
3,5811.158,grad,16654094336
3,5812.409,grad,16649965568
3,5814.106,grad,16521385984
3,5815.38,grad,16522231808
3,5817.337,grad,16478075904
3,5819.022,grad,16477813760
3,5820.303,grad,16496753664
3,5821.962,grad,16472931328
3,5823.231,grad,16463002624
3,5824.473,grad,16463002624
3,5825.706,grad,16463002624
3,5827.257,grad,16463002112
3,5829.181,grad,16463002112
3,5830.444,grad,16463002112
3,5831.707,grad,16463002112
3,5832.96,grad,16463002112
3,5836.452,grad,16463002112
3,5837.759,grad,16463002112
3,5840.014,grad,16463002112
3,5841.279,grad,16463069696
3,5842.523,grad,16463005696
3,5843.762,grad,16463003648
3,5845.007,grad,16463921152
3,5846.394,grad,16463069696
3,5847.648,grad,16463006208
3,5848.915,grad,16463069184
3,5850.149,grad,16463462400
3,5851.395,grad,16463462912
3,5852.673,grad,16463005696
3,5853.909,grad,16463069696
3,5855.14,grad,16463921152
3,5856.394,grad,16463069184
3,5857.661,grad,16463003648
3,5858.927,grad,16463005696
3,5860.302,grad,16463462400
3,5861.639,grad,16463069696
3,5862.91,grad,16463003648
3,5864.147,grad,16463006208
3,5865.405,grad,16463462912
3,5866.7,grad,16463003648
3,5867.98,grad,16463005696
3,5869.21,grad,16463004160
3,5870.493,grad,16463462400
3,5871.751,grad,16463004160
3,5872.982,grad,16463462400
3,5874.231,grad,16463005696
3,5875.472,grad,16463527936
3,5876.744,grad,16463003648
3,5878.014,grad,16463462400
3,5879.247,grad,16463004160
3,5880.542,grad,16463069184
3,5881.781,grad,16463462912
3,5883.04,grad,16463069184
3,5884.284,grad,16463003648
3,5885.552,grad,16463005696
3,5886.811,grad,16463462400
3,5888.042,grad,16464449536
3,5889.276,grad,16468054016
3,5890.516,grad,16472774144
3,5891.752,grad,16476868608
3,5892.982,grad,16482898432
3,5894.215,grad,16485422080
3,5895.495,grad,16490369024
3,5896.783,grad,16495547392
3,5898.019,grad,16499577344
3,5899.31,grad,16507244544
3,5900.583,grad,16510161920
3,5901.869,grad,16515895296
3,5903.101,grad,16521532416
3,5904.332,grad,16524611584
3,5905.58,grad,16528741376
3,5906.838,grad,16530247680
3,5908.141,grad,16534999040
3,5909.386,grad,16537620992
3,5910.62,grad,16542273536
3,5911.896,grad,16546173952
3,5913.13,grad,16547680256
3,5914.392,grad,16552267776
3,5915.638,grad,16555840000
3,5916.905,grad,16560132096
3,5918.352,grad,16563278336
3,5919.727,grad,16566358016
3,5921.07,grad,16570946048
3,5922.374,grad,16572912640
3,5923.637,grad,16576745472
3,5924.89,grad,16579269120
3,5926.136,grad,16583561728
3,5927.412,grad,16587691520
3,5928.658,grad,16589197312
3,5929.894,grad,16593948672
3,5931.138,grad,16596570624
3,5932.415,grad,16601092096
3,5933.657,grad,16605123584
3,5934.926,grad,16606629888
3,5936.23,grad,16611381248
3,5937.475,grad,16614003200
3,5938.784,grad,16618295296
3,5940.062,grad,16623112192
3,5941.303,grad,16625210368
3,5942.539,grad,16628813824
3,5943.778,grad,16632647680
3,5945.052,grad,16635727872
3,5946.312,grad,16640545792
3,5947.558,grad,16641363968
3,5948.812,grad,16641326592
3,5950.063,grad,16641361920
3,5951.45,grad,16641396224
3,5952.777,grad,16641418240
3,5954.096,grad,16641452544
3,5955.41,grad,16641486848
3,5956.719,grad,16526347776
3,5958.024,grad,16349007360
3,5959.335,grad,16330952192
3,5960.63,grad,16363949568
3,5961.95,grad,16386133504
3,5963.281,grad,16404614656
3,5964.655,grad,16426274304
3,5965.984,grad,16445246976
3,5967.317,grad,16473624064
3,5968.654,grad,16397569536
3,5969.969,grad,16281079296
3,5971.279,grad,16151416320
3,5972.6,grad,16139511296
3,5978.934,grad,16139451904
3,5985.343,grad,16139460096
3,5991.736,grad,16139460096
3,5998.125,grad,16139460096
3,6002.997,grad,16139460096
3,6004.333,grad,16146937344
3,6006.323,grad,16147066368
3,6008.849,grad,16154471936
3,6010.601,grad,16163909120
3,6012.084,grad,16163909120
3,6013.44,grad,16172297728
3,6015.338,grad,16193450496
3,6016.664,grad,16254272000
3,6018.034,grad,16385475072
3,6019.374,grad,16346677760
3,6020.703,grad,16446358016
3,6022.337,grad,16392880640
3,6024.727,grad,16392884736
3,6026.359,grad,16402321920
3,6027.749,grad,16402321920
3,6029.118,grad,16410710528
3,6030.986,grad,16439203328
3,6032.312,grad,16492684800
3,6034.5,grad,16546293248
3,6035.86,grad,16684770816
3,6037.545,grad,16631293440
3,6040.053,grad,16631412224
3,6041.639,grad,16640734720
3,6043.01,grad,16640734720
3,6044.344,grad,16649123328
3,6045.663,grad,16693344768
3,6047.31,grad,16684960256
3,6048.64,grad,16784640512
3,6050.157,grad,16784706048
3,6051.522,grad,16923183616
3,6052.978,grad,16862366208
3,6055.423,grad,16869710336
3,6057.057,grad,16879147520
3,6058.473,grad,16879147520
3,6059.798,grad,16887536128
3,6061.649,grad,16916028928
3,6062.971,grad,16969510400
3,6065.149,grad,17023118848
3,6066.512,grad,17146916352
3,6068.182,grad,17108119040
3,6070.616,grad,17108123136
3,6072.259,grad,17117560320
3,6073.671,grad,17117560320
3,6074.996,grad,17125948928
3,6076.875,grad,17154441728
3,6078.201,grad,17207923200
3,6080.437,grad,17261531648
3,6081.782,grad,17414689280
3,6083.184,grad,17346531840
3,6085.803,grad,17346535936
3,6087.419,grad,17355973120
3,6088.792,grad,17355973120
3,6090.121,grad,17364361728
3,6091.971,grad,17392854528
3,6093.313,grad,17446336000
3,6095.501,grad,17499944448
3,6096.825,grad,17653102080
3,6098.157,grad,17577604608
3,6100.613,grad,17584948736
3,6102.243,grad,17594385920
3,6103.662,grad,17594385920
3,6105.033,grad,17602774528
3,6106.99,grad,17623927296
3,6108.362,grad,17684748800
3,6110.547,grad,17738357248
3,6111.858,grad,17891514880
3,6113.244,grad,17823357440
3,6115.656,grad,17823361536
3,6117.241,grad,17832798720
3,6118.645,grad,17832798720
3,6119.961,grad,17841187328
3,6121.794,grad,17869680128
3,6123.134,grad,17923161600
3,6125.385,grad,18015567360
3,6126.724,grad,18129927680
3,6128.332,grad,18054430208
3,6130.713,grad,18061774336
3,6132.32,grad,18071211520
3,6133.763,grad,18071211520
3,6135.08,grad,18079600128
3,6136.865,grad,18108092928
3,6138.186,grad,18161574400
3,6140.391,grad,18215182848
3,6141.714,grad,18353660416
3,6143.086,grad,18292843008
3,6144.35,grad,18300187136
3,6145.832,grad,18300187136
3,6147.649,grad,18309624320
3,6149.025,grad,18309624320
3,6150.341,grad,18318012928
3,6152.16,grad,18346505728
3,6153.555,grad,18399987200
3,6154.899,grad,18531190272
3,6156.254,grad,18492392960
3,6157.623,grad,18538595840
3,6159.073,grad,18538599936
3,6161.273,grad,18538599936
3,6162.876,grad,18548037120
3,6164.266,grad,18548037120
3,6165.683,grad,18556425728
3,6167.768,grad,18584918528
3,6169.094,grad,18638400000
3,6171.26,grad,18692008448
3,6172.619,grad,18830486016
3,6174.065,grad,18769668608
3,6176.449,grad,18777012736
3,6178.039,grad,18786449920
3,6179.419,grad,18786449920
3,6180.752,grad,18794838528
3,6182.595,grad,18823331328
3,6183.922,grad,18876812800
3,6186.643,grad,18969218560
3,6188.923,grad,19015421440
3,6191.37,grad,19015540224
3,6192.948,grad,19024862720
3,6194.324,grad,19024862720
3,6195.643,grad,19033251328
3,6197.417,grad,19054404096
3,6198.74,grad,19115225600
3,6200.075,grad,19246428672
3,6201.371,grad,19207631360
3,6202.69,grad,19253834240
3,6204.178,grad,19253838336
3,6206.475,grad,19253838336
3,6208.221,grad,19263275520
3,6209.639,grad,19263275520
3,6210.958,grad,19271664128
3,6212.806,grad,19300156928
3,6214.141,grad,19353638400
3,6216.319,grad,19407246848
3,6217.67,grad,19545724416
3,6219.052,grad,19484907008
3,6221.443,grad,19492251136
3,6223.004,grad,19501688320
3,6224.37,grad,19501688320
3,6225.737,grad,19510076928
3,6228.743,grad,19538569728
3,6230.069,grad,19592051200
3,6232.175,grad,19645659648
3,6233.581,grad,19784137216
3,6234.949,grad,19723319808
3,6237.399,grad,19730778624
3,6238.955,grad,19740101120
3,6240.362,grad,19740101120
3,6241.687,grad,19748489728
3,6243.513,grad,19769642496
3,6244.824,grad,19830464000
3,6247.227,grad,19922869760
3,6248.582,grad,20007869952
3,6250.073,grad,19969072640
3,6252.477,grad,19969076736
3,6254.074,grad,19978513920
3,6255.529,grad,19978513920
3,6256.839,grad,19986902528
3,6258.712,grad,20015395328
3,6260.059,grad,20068876800
3,6262.159,grad,20122485248
3,6263.529,grad,20260962816
3,6264.93,grad,20200145408
3,6267.433,grad,20207604224
3,6269.191,grad,20216926720
3,6270.597,grad,20216926720
3,6271.966,grad,20225315328
3,6273.797,grad,20253808128
3,6275.117,grad,20307289600
3,6277.241,grad,20360898048
3,6278.6,grad,20499375616
3,6280.018,grad,20438558208
3,6282.418,grad,20445902336
3,6284.049,grad,20455339520
3,6285.428,grad,20455339520
3,6286.784,grad,20463728128
3,6288.849,grad,20492220928
3,6290.179,grad,20545702400
3,6292.398,grad,20599310848
3,6293.752,grad,20752468480
3,6295.081,grad,20676971008
3,6297.515,grad,20684315136
3,6299.135,grad,20693752320
3,6300.497,grad,20693752320
3,6301.818,grad,20702140928
3,6303.694,grad,20730633728
3,6305.017,grad,20784115200
3,6307.147,grad,20837723648
3,6308.512,grad,20976201216
3,6310.149,grad,20922723840
3,6312.582,grad,20922727936
3,6314.214,grad,20932165120
3,6315.623,grad,20932165120
3,6316.944,grad,20940553728
3,6318.827,grad,20969046528
3,6320.16,grad,21022528000
3,6322.347,grad,21076136448
3,6323.713,grad,21214614016
3,6325.323,grad,21153796608
3,6327.702,grad,21161140736
3,6329.524,grad,21170577920
3,6330.88,grad,21170577920
3,6332.242,grad,21178966528
3,6334.081,grad,21207459328
3,6335.347,grad,21260940800
3,6336.675,grad,21314549248
3,6338.249,grad,21353346560
3,6340.277,grad,21399549440
3,6342.699,grad,21399553536
3,6344.32,grad,21408990720
3,6345.694,grad,21408990720
3,6347.051,grad,21417379328
3,6348.979,grad,21438532096
3,6350.303,grad,21499353600
3,6352.465,grad,21552962048
3,6353.775,grad,21691439616
3,6355.135,grad,21630622208
3,6357.558,grad,21637966336
3,6359.138,grad,21647403520
3,6360.5,grad,21647403520
3,6361.878,grad,21655792128
3,6363.738,grad,21684284928
3,6365.091,grad,21737766400
3,6367.288,grad,21791374848
3,6368.633,grad,21929852416
3,6370.262,grad,21876375040
3,6372.702,grad,21876379136
3,6374.315,grad,21885816320
3,6375.653,grad,21885816320
3,6377.027,grad,21894204928
3,6378.822,grad,21922697728
3,6380.139,grad,21976179200
3,6382.277,grad,22029787648
3,6383.616,grad,22182945280
3,6385.006,grad,22107447808
3,6387.41,grad,22114791936
3,6389.178,grad,22124229120
3,6390.559,grad,22124229120
3,6391.88,grad,22132617728
3,6393.788,grad,22162159104
3,6395.11,grad,22215640576
3,6397.322,grad,22269249024
3,6398.643,grad,22407726592
3,6400.096,grad,22346909184
3,6402.608,grad,22354253312
3,6404.318,grad,22363690496
3,6405.752,grad,22363690496
3,6407.147,grad,22372079104
3,6409.223,grad,22400571904
3,6410.655,grad,22454053376
3,6412.013,grad,22546459136
3,6413.328,grad,22546459136
3,6414.672,grad,22660819456
3,6416.118,grad,22592666112
3,6418.507,grad,22592666112
3,6420.174,grad,22602103296
3,6421.638,grad,22602103296
3,6423.022,grad,22610491904
3,6424.937,grad,22638984704
3,6426.268,grad,22692466176
3,6427.639,grad,22901263872
3,6429.465,grad,22784871936
3,6431.566,grad,22831074816
3,6432.918,grad,23758016000
3,6434.242,grad,23758053888
3,6435.653,grad,23750693888
3,6437.877,grad,23750685696
3,6439.205,grad,23439259136
3,6440.6,grad,23439259136
3,6441.965,grad,23439259136
3,6443.335,grad,23439258624
3,6444.661,grad,24062123008
3,6446.279,grad,22827923968
3,6447.549,grad,22824247808
3,6448.932,grad,22780404224
3,6450.176,grad,22759170560
3,6451.425,grad,22701105664
3,6452.776,grad,22647630336
3,6454.055,grad,22641201664
3,6455.81,grad,22611660288
3,6457.436,grad,22611660288
3,6458.728,grad,22630534656
3,6460.206,grad,22606777856
3,6461.462,grad,22604189184
3,6462.848,grad,22608385536
3,6464.63,grad,22553525760
3,6465.88,grad,22524886528
3,6467.114,grad,22428089856
3,6468.527,grad,22428091904
3,6469.77,grad,22399577600
3,6471.111,grad,22384781824
3,6472.735,grad,22384781824
3,6473.978,grad,22403983872
3,6475.544,grad,22379899392
3,6477.238,grad,22381507072
3,6478.57,grad,22372850176
3,6479.939,grad,22326647296
3,6481.178,grad,22244530688
3,6483.054,grad,22193873408
3,6485.405,grad,22187444736
3,6487.232,grad,22156854784
3,6488.85,grad,22156854784
3,6490.152,grad,22176777728
3,6491.6,grad,22151972352
3,6493.374,grad,22153580032
3,6494.621,grad,22144923136
3,6496.005,grad,22098720256
3,6497.257,grad,22094198272
3,6499.044,grad,21965946368
3,6500.371,grad,21959517696
3,6502.114,grad,21929976320
3,6503.721,grad,21929976320
3,6504.96,grad,21948785152
3,6506.798,grad,21925093888
3,6508.667,grad,21926177280
3,6509.996,grad,21995639296
3,6511.439,grad,21871841792
3,6512.717,grad,21828522496
3,6514.583,grad,21739067904
3,6515.851,grad,21747319296
3,6517.598,grad,21703097856
3,6519.244,grad,21703097856
3,6520.5,grad,21722299904
3,6522.119,grad,21698215424
3,6523.858,grad,21700347392
3,6525.136,grad,21691166208
3,6526.527,grad,21644963328
3,6527.77,grad,21640441344
3,6529.58,grad,21512189440
3,6530.822,grad,21519982080
3,6532.062,grad,21508840960
3,6533.372,grad,21476219392
3,6534.62,grad,21476219392
3,6535.89,grad,21495093760
3,6537.304,grad,21471336960
3,6539.014,grad,21472420352
3,6540.251,grad,21464287744
3,6541.511,grad,21418084864
3,6542.753,grad,21382105600
3,6543.983,grad,21285376512
3,6545.262,grad,21292716544
3,6546.504,grad,21264202240
3,6547.801,grad,21249406464
3,6549.394,grad,21249406464
3,6550.673,grad,21268280832
3,6552.44,grad,21244524032
3,6554.172,grad,21245607424
3,6555.438,grad,21237474816
3,6556.811,grad,21191271936
3,6558.056,grad,21186749952
3,6559.828,grad,21058498048
3,6561.09,grad,21052069376
3,6562.864,grad,21022528000
3,6564.469,grad,21022528000
3,6565.751,grad,21041336832
3,6567.274,grad,21017645568
3,6568.95,grad,21018728960
3,6570.215,grad,21010596352
3,6572.504,grad,20964393472
3,6573.75,grad,20928414208
3,6574.986,grad,20877754880
3,6576.396,grad,20838959616
3,6577.66,grad,20832465408
3,6579.233,grad,20795649536
3,6580.815,grad,20795649536
3,6582.057,grad,20814851584
3,6583.638,grad,20790767104
3,6585.389,grad,20791850496
3,6586.628,grad,20783717888
3,6587.958,grad,20737515008
3,6589.193,grad,20732993024
3,6590.974,grad,20604741120
3,6592.27,grad,20598312448
3,6593.982,grad,20568771072
3,6595.612,grad,20568771072
3,6596.891,grad,20587710976
3,6598.534,grad,20563888640
3,6600.269,grad,20565889536
3,6601.595,grad,20556839424
3,6603.02,grad,20510636544
3,6604.265,grad,20506114560
3,6606.089,grad,20377862656
3,6607.335,grad,20371433984
3,6609.033,grad,20341892608
3,6610.715,grad,20341892608
3,6612.021,grad,20360635904
3,6613.654,grad,20337010176
3,6615.468,grad,20338093568
3,6616.796,grad,20329960960
3,6618.092,grad,20283758080
3,6619.355,grad,20240438784
3,6620.601,grad,20158322176
3,6621.931,grad,20158324224
3,6623.233,grad,20159235584
3,6624.965,grad,20115014144
3,6626.581,grad,20115014144
3,6627.855,grad,20133888512
3,6629.328,grad,20110131712
3,6631.038,grad,20111215104
3,6632.399,grad,20103082496
3,6633.797,grad,20056879616
3,6635.055,grad,20052357632
3,6636.857,grad,19924105728
3,6638.099,grad,19932357120
3,6639.754,grad,19888135680
3,6641.373,grad,19888135680
3,6642.622,grad,19907337728
3,6644.461,grad,19883253248
3,6646.224,grad,19884336640
3,6647.519,grad,19876204032
3,6648.868,grad,19830001152
3,6650.117,grad,19825479168
3,6651.93,grad,19697292800
3,6653.193,grad,19690864128
3,6654.915,grad,19661322752
3,6656.524,grad,19661322752
3,6657.803,grad,19680197120
3,6659.243,grad,19656440320
3,6660.899,grad,19657523712
3,6662.232,grad,19649391104
3,6663.605,grad,19603188224
3,6664.852,grad,19535751680
3,6666.74,grad,19470414336
3,6667.979,grad,19478272512
3,6669.227,grad,19434444288
3,6670.471,grad,19435492864
3,6671.826,grad,19464328704
3,6673.261,grad,19429070336
3,6674.509,grad,19436901888
3,6676.028,grad,19431628288
3,6677.268,grad,19422512640
3,6678.522,grad,19376309760
3,6679.756,grad,19340330496
3,6681.66,grad,19243535872
3,6682.896,grad,19237107200
3,6684.601,grad,19207565824
3,6686.18,grad,19207565824
3,6687.429,grad,19226374656
3,6689.165,grad,19202683392
3,6690.81,grad,19203766784
3,6692.05,grad,19195634176
3,6693.481,grad,19149431296
3,6694.737,grad,19144909312
3,6696.453,grad,19016722944
3,6697.723,grad,19010294272
3,6699.416,grad,18980752896
3,6700.913,grad,18980752896
3,6702.236,grad,18999627264
3,6703.736,grad,18975870464
3,6705.388,grad,18976953856
3,6706.621,grad,19046415872
3,6707.962,grad,18922618368
3,6709.196,grad,18918096384
3,6710.896,grad,18789844480
3,6712.132,grad,18782957056
3,6713.382,grad,18762378752
3,6714.611,grad,18753874432
3,6715.848,grad,18783300096
3,6717.283,grad,18748500480
3,6718.524,grad,18756332032
3,6720.023,grad,18750075392
3,6721.26,grad,18819537408
3,6722.584,grad,18695739904
3,6723.82,grad,18691217920
3,6725.623,grad,18563031552
3,6726.855,grad,18571282944
3,6728.532,grad,18527061504
3,6730.018,grad,18527061504
3,6731.259,grad,18545477120
3,6732.5,grad,18522179072
3,6733.759,grad,18522179072
3,6735.669,grad,18523262464
3,6736.904,grad,18512705024
3,6738.261,grad,18468926976
3,6739.581,grad,18433013248
3,6740.817,grad,18389693952
3,6742.232,grad,18336153088
3,6743.479,grad,18329331200
3,6744.711,grad,18326308352
3,6746.0,grad,18300183552
3,6747.581,grad,18300183040
3,6748.837,grad,18316304896
3,6750.792,grad,18295300608
3,6752.63,grad,18297301504
3,6753.86,grad,18285826560
3,6755.15,grad,18242048512
3,6756.39,grad,18198729216
3,6757.621,grad,18109274624
3,6759.0,grad,18116614656
3,6760.276,grad,18102780416
3,6761.805,grad,18073304576
3,6763.38,grad,18073304576
3,6764.614,grad,18092244480
3,6766.035,grad,18068422144
3,6767.8,grad,18069505536
3,6769.031,grad,18061372928
3,6770.384,grad,18015170048
3,6771.62,grad,18010648064
3,6773.34,grad,17882396160
3,6774.598,grad,17875967488
3,6776.302,grad,17846426112
3,6777.785,grad,17846426112
3,6779.094,grad,17865300480
3,6780.763,grad,17841543680
3,6782.452,grad,17842627072
3,6783.707,grad,17834494464
3,6785.06,grad,17788291584
3,6786.3,grad,17783769600
3,6787.99,grad,17655517696
3,6789.229,grad,17649089024
3,6790.906,grad,17619547648
3,6792.413,grad,17619547648
3,6793.675,grad,17638487552
3,6795.109,grad,17614665216
3,6796.754,grad,17615748608
3,6797.987,grad,17685210624
3,6799.369,grad,17561413120
3,6800.606,grad,17556891136
3,6802.313,grad,17428704768
3,6803.547,grad,17436562944
3,6804.781,grad,17416967680
3,6806.01,grad,17392734720
3,6807.25,grad,17422160384
3,6808.681,grad,17387360768
3,6809.922,grad,17395192320
3,6811.471,grad,17388935680
3,6812.702,grad,17458397696
3,6813.982,grad,17334600192
3,6815.225,grad,17291280896
3,6816.958,grad,17201826304
3,6818.207,grad,17210077696
3,6819.879,grad,17165856256
3,6821.42,grad,17165856256
3,6822.683,grad,17184861696
3,6824.409,grad,17160973824
3,6826.111,grad,17162057216
3,6827.382,grad,17153924608
3,6828.723,grad,17107721728
3,6829.965,grad,17064402432
3,6831.766,grad,16975013376
3,6833.003,grad,16983199232
3,6834.701,grad,16939043328
3,6836.235,grad,16939043328
3,6837.511,grad,16957983232
3,6838.916,grad,16934160896
3,6840.618,grad,16935244288
3,6841.856,grad,17004706304
3,6843.137,grad,16880908800
3,6844.399,grad,16837589504
3,6846.259,grad,16748134912
3,6847.507,grad,16755927552
3,6848.754,grad,16720669184
3,6849.985,grad,16712164864
3,6851.223,grad,16741590528
3,6852.664,grad,16706790912
3,6853.916,grad,16714622464
3,6855.527,grad,16708365824
3,6856.771,grad,16700233216
3,6858.101,grad,16654030336
3,6859.342,grad,16649901568
3,6861.103,grad,16521321984
3,6862.34,grad,16522233344
3,6863.949,grad,16478011904
3,6865.58,grad,16477749760
3,6866.824,grad,16496755200
3,6868.462,grad,16472801792
3,6869.746,grad,16462873088
3,6871.122,grad,16462873088
3,6872.482,grad,16462873088
3,6876.899,grad,16462872576
3,6878.216,grad,16462872576
3,6879.551,grad,16462872576
3,6883.361,grad,16462872576
3,6884.771,grad,16462872576
3,6887.099,grad,16462872576
3,6888.429,grad,16462939648
3,6889.725,grad,16462874112
3,6891.026,grad,16463332864
3,6892.329,grad,16462874112
3,6893.626,grad,16462876672
3,6894.932,grad,16463332864
3,6896.235,grad,16462874112
3,6897.564,grad,16462876672
3,6898.874,grad,16463398400
3,6900.196,grad,16462874112
3,6901.555,grad,16462874112
3,6902.874,grad,16463333376
3,6904.193,grad,16462874112
3,6905.538,grad,16462876160
3,6906.91,grad,16463332864
3,6908.215,grad,16462940160
3,6909.63,grad,16462876160
3,6910.947,grad,16463333376
3,6912.269,grad,16462874112
3,6913.588,grad,16462876160
3,6914.903,grad,16463333376
3,6916.266,grad,16462874112
3,6917.591,grad,16462876672
3,6918.903,grad,16463333376
3,6920.207,grad,16462874112
3,6921.559,grad,16462876672
3,6922.872,grad,16462939648
3,6924.231,grad,16462874112
3,6925.563,grad,16462874624
3,6926.878,grad,16462939648
3,6928.179,grad,16462874624
3,6929.518,grad,16462876672
3,6930.833,grad,16462874112
3,6932.134,grad,16463332864
3,6933.46,grad,16462876672
3,6934.778,grad,16462876672
3,6936.084,grad,16463332864
3,6937.402,grad,16463332864
3,6938.699,grad,16462874624
3,6940.055,grad,16463332864
3,6941.421,grad,16462939648
3,6942.719,grad,16462942208
3,6944.025,grad,16467205120
3,6945.339,grad,16469071360
3,6946.653,grad,16474446336
3,6947.959,grad,16475624960
3,6949.265,grad,16481883648
3,6950.662,grad,16482703360
3,6952.038,grad,16488961536
3,6953.354,grad,16491846144
3,6954.709,grad,16497219072
3,6956.013,grad,16500561920
3,6957.317,grad,16506066432
3,6958.616,grad,16509409280
3,6959.97,grad,16515373056
3,6961.3,grad,16520190464
3,6962.606,grad,16523991040
3,6963.918,grad,16524089344
3,6965.284,grad,16531723776
3,6966.605,grad,16534051328
3,6967.915,grad,16537490944
3,6969.22,grad,16539819008
3,6970.608,grad,16543421952
3,6971.975,grad,16545814016
3,6973.354,grad,16549418496
3,6974.655,grad,16551876608
3,6975.955,grad,16555709952
3,6977.28,grad,16558856704
3,6978.6,grad,16561706496
3,6979.914,grad,16564689408
3,6981.217,grad,16567997952
3,6982.615,grad,16570684928
3,6983.926,grad,16573536256
3,6985.286,grad,16577796608
3,6986.615,grad,16579663872
3,6987.924,grad,16584022528
3,6989.233,grad,16585070080
3,6990.579,grad,16590149120
3,6991.901,grad,16590968832
3,6993.223,grad,16595556352
3,6994.602,grad,16597882368
3,6995.922,grad,16601323008
3,6997.246,grad,16603879936
3,6998.592,grad,16607254528
3,6999.956,grad,16609646080
3,7001.307,grad,16613381632
3,7002.604,grad,16615774208
3,7003.914,grad,16619836928
3,7005.264,grad,16622754304
3,7006.589,grad,16625604608
3,7007.905,grad,16628750848
3,7009.259,grad,16631600640
3,7010.594,grad,16634648064
3,7011.91,grad,16637498880
3,7013.217,grad,16641629184
3,7014.563,grad,16643495424
3,7015.872,grad,16643088896
3,7017.179,grad,16643122688
3,7018.517,grad,16643156992
3,7019.838,grad,16643180032
3,7021.155,grad,16643215360
3,7022.482,grad,16643250176
3,7023.803,grad,16567636992
3,7025.118,grad,16374633472
3,7026.439,grad,16330658816
3,7027.749,grad,16362017792
3,7029.043,grad,16394589184
3,7030.337,grad,16427226112
3,7031.625,grad,16458683392
3,7032.935,grad,16457569280
3,7034.234,grad,16336557056
3,7035.562,grad,16190084096
3,7036.89,grad,16139419136
3,7043.356,grad,16139322368
3,7049.765,grad,16139326464
3,7056.154,grad,16139326464
3,7062.565,grad,16139326464
3,7067.763,grad,16139326464
3,7069.117,grad,16144182272
3,7071.048,grad,16147981312
3,7073.55,grad,16147981312
3,7075.258,grad,16152699904
3,7076.636,grad,16152699904
3,7078.028,grad,16156894208
3,7079.931,grad,16171206656
3,7081.241,grad,16198012928
3,7083.44,grad,16224817152
3,7084.762,grad,16294121472
3,7086.505,grad,16267382784
3,7088.856,grad,16267384832
3,7090.498,grad,16272103424
3,7091.848,grad,16272103424
3,7093.186,grad,16276297728
3,7095.035,grad,16290577408
3,7096.347,grad,16317318144
3,7098.52,grad,16344122368
3,7099.853,grad,16413361152
3,7101.176,grad,16382952448
3,7103.55,grad,16386624512
3,7105.162,grad,16391343104
3,7106.515,grad,16391343104
3,7107.867,grad,16395537408
3,7109.866,grad,16410832896
3,7111.178,grad,16437344256
3,7113.27,grad,16465164288
3,7114.616,grad,16527063040
3,7116.255,grad,16507664384
3,7118.751,grad,16507666432
3,7120.384,grad,16512385024
3,7121.774,grad,16512385024
3,7123.093,grad,16516579328
3,7124.921,grad,16530826240
3,7126.232,grad,16557566976
3,7128.47,grad,16584371200
3,7129.782,grad,16646269952
3,7131.334,grad,16623201280
3,7133.763,grad,16626873344
3,7135.37,grad,16632640512
3,7136.734,grad,16632640512
3,7138.098,grad,16636834816
3,7139.915,grad,16651081728
3,7141.227,grad,16677822464
3,7143.456,grad,16704626688
3,7144.769,grad,16773865472
3,7146.145,grad,16743456768
3,7148.788,grad,16747128832
3,7150.475,grad,16751847424
3,7151.833,grad,16751847424
3,7153.189,grad,16756041728
3,7155.089,grad,16771337216
3,7156.414,grad,16798077952
3,7158.643,grad,16824882176
3,7159.971,grad,16894120960
3,7161.371,grad,16863712256
3,7163.833,grad,16867384320
3,7165.495,grad,16873151488
3,7166.853,grad,16873151488
3,7168.231,grad,16877345792
3,7170.283,grad,16891592704
3,7171.669,grad,16918333440
3,7173.862,grad,16945137664
3,7175.182,grad,17021716480
3,7176.615,grad,16983967744
3,7179.082,grad,16987754496
3,7180.673,grad,16993406976
3,7182.05,grad,16993406976
3,7183.433,grad,16997601280
3,7185.287,grad,17011848192
3,7186.622,grad,17038588928
3,7188.812,grad,17065393152
3,7190.132,grad,17134631936
3,7191.725,grad,17104223232
3,7194.22,grad,17108009984
3,7195.829,grad,17112613888
3,7197.244,grad,17112613888
3,7198.599,grad,17116808192
3,7200.522,grad,17131055104
3,7201.845,grad,17158844416
3,7204.058,grad,17205047296
3,7205.404,grad,17254887424
3,7206.725,grad,17224478720
3,7209.249,grad,17228265472
3,7211.016,grad,17233917952
3,7212.388,grad,17233917952
3,7213.76,grad,17238112256
3,7215.615,grad,17253407744
3,7216.947,grad,17280181248
3,7219.044,grad,17306952704
3,7220.362,grad,17384580096
3,7221.768,grad,17350501376
3,7224.165,grad,17350618112
3,7225.767,grad,17355222016
3,7227.129,grad,17355222016
3,7228.536,grad,17359416320
3,7230.333,grad,17369993216
3,7231.653,grad,17373665280
3,7233.021,grad,17466005504
3,7234.345,grad,17427208192
3,7235.68,grad,17496446976
3,7237.099,grad,17466038272
3,7239.54,grad,17469710336
3,7241.129,grad,17475477504
3,7242.516,grad,17475477504
3,7243.888,grad,17479671808
3,7245.764,grad,17493918720
3,7247.084,grad,17521708032
3,7249.247,grad,17548512256
3,7250.628,grad,17617751040
3,7252.246,grad,17591012352
3,7254.704,grad,17591014400
3,7256.319,grad,17595732992
3,7257.736,grad,17595732992
3,7259.108,grad,17599927296
3,7260.971,grad,17610504192
3,7262.304,grad,17640914944
3,7263.64,grad,17688166400
3,7264.959,grad,17688166400
3,7266.273,grad,17745346560
3,7267.694,grad,17711267840
3,7270.14,grad,17711384576
3,7271.942,grad,17715988480
3,7273.374,grad,17715988480
3,7274.728,grad,17720182784
3,7276.639,grad,17734429696
3,7277.96,grad,17762219008
3,7279.313,grad,17808421888
3,7280.691,grad,17808421888
3,7282.006,grad,17858262016
3,7283.33,grad,17827853312
3,7285.73,grad,17831525376
3,7287.416,grad,17836243968
3,7288.782,grad,17836243968
3,7290.093,grad,17840438272
3,7292.147,grad,17855733760
3,7293.484,grad,17874085888
3,7294.818,grad,17947027456
3,7296.342,grad,17927628800
3,7297.652,grad,17973798912
3,7299.024,grad,17951778816
3,7301.381,grad,17951780864
3,7303.008,grad,17956499456
3,7304.364,grad,17956499456
3,7305.736,grad,17960693760
3,7307.671,grad,17974940672
3,7308.979,grad,18001681408
3,7310.318,grad,18047884288
3,7311.685,grad,18047884288
3,7313.001,grad,18097724416
3,7315.601,grad,18070985728
3,7317.972,grad,18070987776
3,7319.626,grad,18075706368
3,7320.998,grad,18075706368
3,7322.335,grad,18079900672
3,7324.2,grad,18095196160
3,7325.58,grad,18121936896
3,7326.941,grad,18168139776
3,7328.306,grad,18168139776
3,7329.626,grad,18219028480
3,7330.955,grad,18192289792
3,7333.323,grad,18192291840
3,7335.099,grad,18197010432
3,7336.502,grad,18197010432
3,7337.872,grad,18201204736
3,7339.804,grad,18211781632
3,7341.134,grad,18242192384
3,7342.513,grad,18307793920
3,7344.131,grad,18288395264
3,7346.217,grad,18311496704
3,7348.688,grad,18311498752
3,7350.373,grad,18317265920
3,7351.796,grad,18317265920
3,7353.112,grad,18321460224
3,7355.16,grad,18335707136
3,7356.516,grad,18362447872
3,7357.89,grad,18408650752
3,7359.203,grad,18408650752
3,7360.574,grad,18465830912
3,7362.024,grad,18431754240
3,7364.416,grad,18431754240
3,7366.152,grad,18436472832
3,7367.555,grad,18436472832
3,7368.917,grad,18440667136
3,7370.833,grad,18454914048
3,7372.164,grad,18481654784
3,7373.542,grad,18547256320
3,7375.16,grad,18527857664
3,7377.324,grad,18547289088
3,7379.801,grad,18550961152
3,7381.476,grad,18555679744
3,7382.891,grad,18555679744
3,7384.233,grad,18559874048
3,7386.129,grad,18575169536
3,7387.516,grad,18601910272
3,7388.859,grad,18648113152
3,7390.593,grad,18648113152
3,7392.681,grad,18671214592
3,7395.106,grad,18671331328
3,7396.883,grad,18676983808
3,7398.257,grad,18676983808
3,7399.647,grad,18681178112
3,7401.562,grad,18695425024
3,7402.893,grad,18722165760
3,7404.217,grad,18787767296
3,7405.591,grad,18768368640
3,7406.913,grad,18818208768
3,7408.429,grad,18791472128
3,7410.74,grad,18791472128
3,7412.453,grad,18797239296
3,7413.846,grad,18797239296
3,7415.225,grad,18801433600
3,7417.279,grad,18812010496
3,7418.648,grad,18843469824
3,7419.978,grad,18909071360
3,7421.78,grad,18890721280
3,7423.99,grad,18912776192
3,7426.459,grad,18912776192
3,7428.163,grad,18917494784
3,7429.641,grad,18917494784
3,7431.051,grad,18921689088
3,7432.94,grad,18935936000
3,7434.256,grad,18962676736
3,7435.658,grad,19008879616
3,7436.973,grad,19008879616
3,7438.311,grad,19066059776
3,7439.868,grad,19028311040
3,7442.47,grad,19032097792
3,7444.086,grad,19037750272
3,7445.519,grad,19037750272
3,7446.933,grad,19041944576
3,7448.871,grad,19056191488
3,7450.237,grad,19082932224
3,7451.613,grad,19148533760
3,7452.979,grad,19129135104
3,7454.312,grad,19186315264
3,7455.739,grad,19152236544
3,7458.263,grad,19152353280
3,7460.117,grad,19156957184
3,7461.557,grad,19156957184
3,7462.94,grad,19161151488
3,7464.909,grad,19176446976
3,7466.235,grad,19203187712
3,7467.598,grad,19307586560
3,7469.463,grad,19249390592
3,7471.596,grad,19272492032
3,7474.152,grad,19272608768
3,7475.819,grad,19278261248
3,7477.32,grad,19278261248
3,7478.694,grad,19282455552
3,7480.848,grad,19296702464
3,7482.177,grad,19323443200
3,7483.573,grad,19389044736
3,7484.964,grad,19369646080
3,7486.283,grad,19426826240
3,7487.647,grad,19389077504
3,7490.249,grad,19392864256
3,7491.892,grad,19398516736
3,7493.307,grad,19398516736
3,7494.692,grad,19402711040
3,7496.661,grad,19416957952
3,7498.038,grad,19443698688
3,7499.382,grad,19489901568
3,7501.075,grad,19489901568
3,7502.986,grad,19509332992
3,7504.319,grad,19976471552
3,7505.68,grad,19976486912
3,7507.005,grad,19972811264
3,7509.136,grad,19817093632
3,7510.477,grad,19817094144
3,7511.852,grad,19817094144
3,7513.221,grad,19817094144
3,7515.125,grad,19817095680
3,7516.764,grad,19512999936
3,7518.126,grad,19509719040
3,7519.527,grad,19485569024
3,7520.771,grad,19483308032
3,7522.666,grad,19419183104
3,7523.909,grad,19417016320
3,7525.62,grad,19402245632
3,7527.109,grad,19403293696
3,7528.343,grad,19412894720
3,7529.911,grad,19401098240
3,7531.146,grad,19398511616
3,7532.4,grad,19398511616
3,7534.153,grad,19372129280
3,7535.428,grad,19354205184
3,7536.67,grad,19326483456
3,7538.077,grad,19309708288
3,7539.319,grad,19295450112
3,7540.604,grad,19287003648
3,7541.969,grad,19288051712
3,7543.263,grad,19297488896
3,7544.703,grad,19285856256
3,7546.431,grad,19287988224
3,7547.668,grad,19281922048
3,7549.013,grad,19258820608
3,7550.247,grad,19258492928
3,7551.953,grad,19194204160
3,7553.444,grad,19190988800
3,7555.068,grad,19175169024
3,7556.63,grad,19176217600
3,7557.943,grad,19185654784
3,7559.433,grad,19174022144
3,7561.131,grad,19176154112
3,7562.383,grad,19170087936
3,7563.724,grad,19146986496
3,7564.969,grad,19145610240
3,7566.772,grad,19082370048
3,7568.008,grad,19086494720
3,7569.622,grad,19063335424
3,7571.144,grad,19064383488
3,7572.389,grad,19073787904
3,7574.688,grad,19062188032
3,7576.453,grad,19064320000
3,7577.696,grad,19058253824
3,7579.064,grad,19035152384
3,7580.311,grad,19015426048
3,7582.139,grad,18970535936
3,7583.424,grad,18967320576
3,7585.002,grad,18952549376
3,7586.579,grad,18953597952
3,7588.093,grad,18962969600
3,7589.98,grad,18951402496
3,7591.836,grad,18953534464
3,7593.136,grad,18967882752
3,7594.401,grad,18904968192
3,7595.639,grad,18922990592
3,7597.371,grad,18859815936
3,7598.605,grad,18863744000
3,7600.492,grad,18839732224
3,7602.054,grad,18840780800
3,7603.368,grad,18850217984
3,7604.78,grad,18838585344
3,7606.479,grad,18840717312
3,7607.741,grad,18834782208
3,7609.104,grad,18811680768
3,7610.35,grad,18790021120
3,7612.094,grad,18745294848
3,7613.327,grad,18741030912
3,7614.852,grad,18727308288
3,7616.371,grad,18727308288
3,7617.604,grad,18736909312
3,7619.449,grad,18725112832
3,7621.1,grad,18727244800
3,7622.399,grad,18720293888
3,7623.719,grad,18697192448
3,7624.955,grad,18695980032
3,7626.68,grad,18631855104
3,7627.915,grad,18627591168
3,7629.589,grad,18611771904
3,7631.075,grad,18612819968
3,7632.311,grad,18622420992
3,7633.811,grad,18610624512
3,7635.496,grad,18612756480
3,7636.738,grad,18644602880
3,7638.096,grad,18582704128
3,7639.332,grad,18580443136
3,7641.1,grad,18516318208
3,7642.333,grad,18520213504
3,7644.165,grad,18498331648
3,7645.69,grad,18498331648
3,7646.982,grad,18507768832
3,7648.462,grad,18496136192
3,7650.131,grad,18498268160
3,7651.373,grad,18491317248
3,7652.744,grad,18468215808
3,7653.999,grad,18467003392
3,7655.705,grad,18402878464
3,7656.943,grad,18408051712
3,7658.563,grad,18384891904
3,7660.116,grad,18384891904
3,7661.35,grad,18394296320
3,7663.082,grad,18382696448
3,7664.799,grad,18384828416
3,7666.038,grad,18377877504
3,7667.376,grad,18354776064
3,7668.616,grad,18352515072
3,7670.524,grad,18288422912
3,7671.768,grad,18285207552
3,7673.412,grad,18270436352
3,7674.906,grad,18271484928
3,7676.184,grad,18280922112
3,7677.59,grad,18268240896
3,7679.268,grad,18271421440
3,7680.601,grad,18263421952
3,7681.927,grad,18240320512
3,7683.159,grad,18217612288
3,7684.945,grad,18172886016
3,7686.175,grad,18177862656
3,7687.977,grad,18155948032
3,7689.522,grad,18155948032
3,7690.763,grad,18165319680
3,7692.306,grad,18153752576
3,7693.975,grad,18155884544
3,7695.22,grad,18148933632
3,7696.556,grad,18125832192
3,7697.803,grad,18123571200
3,7699.587,grad,18059479040
3,7700.882,grad,18056263680
3,7702.453,grad,18041492480
3,7703.979,grad,18042541056
3,7705.209,grad,18051945472
3,7706.917,grad,18039297024
3,7708.656,grad,18042477568
3,7709.934,grad,18034478080
3,7711.337,grad,18011376640
3,7712.571,grad,18009115648
3,7714.312,grad,17946039296
3,7715.548,grad,17941775360
3,7717.097,grad,17927004160
3,7718.619,grad,17928052736
3,7719.856,grad,17937457152
3,7721.451,grad,17925857280
3,7723.076,grad,17926940672
3,7724.36,grad,17921038336
3,7725.709,grad,17897936896
3,7726.943,grad,17895675904
3,7728.69,grad,17831550976
3,7729.924,grad,17834430464
3,7731.814,grad,17812516352
3,7733.28,grad,17813564416
3,7734.557,grad,17823165440
3,7736.09,grad,17811368960
3,7737.733,grad,17813500928
3,7738.991,grad,17806550016
3,7740.409,grad,17783448576
3,7741.641,grad,17781187584
3,7743.369,grad,17716014080
3,7744.625,grad,17713847296
3,7746.203,grad,17699076096
3,7747.74,grad,17699076096
3,7749.045,grad,17708447744
3,7750.914,grad,17696880640
3,7752.626,grad,17699012608
3,7753.867,grad,17730859008
3,7755.214,grad,17668960256
3,7756.463,grad,17666699264
3,7758.167,grad,17602574336
3,7759.464,grad,17597294592
3,7761.085,grad,17582523392
3,7762.616,grad,17582523392
3,7763.914,grad,17591960576
3,7765.404,grad,17580327936
3,7767.03,grad,17582459904
3,7768.263,grad,17576524800
3,7769.632,grad,17553423360
3,7770.868,grad,17516035072
3,7772.743,grad,17487070208
3,7774.226,grad,17483854848
3,7775.893,grad,17469116416
3,7777.427,grad,17469083648
3,7778.718,grad,17478520832
3,7780.134,grad,17465839616
3,7781.877,grad,17468004352
3,7783.11,grad,17461053440
3,7784.465,grad,17437919232
3,7785.8,grad,17396860928
3,7787.687,grad,17371533312
3,7788.944,grad,17374642176
3,7790.555,grad,17352530944
3,7792.118,grad,17352530944
3,7793.423,grad,17361968128
3,7795.122,grad,17350335488
3,7796.797,grad,17352467456
3,7798.035,grad,17385329664
3,7799.357,grad,17323430912
3,7800.596,grad,17286042624
3,7801.837,grad,17257044992
3,7803.088,grad,17248652288
3,7804.328,grad,17245408256
3,7805.61,grad,17238010368
3,7806.995,grad,17238009856
3,7808.259,grad,17247447040
3,7809.69,grad,17235814400
3,7811.446,grad,17237946368
3,7812.689,grad,17232044032
3,7814.008,grad,17208942592
3,7815.239,grad,17206681600
3,7817.011,grad,17142556672
3,7818.245,grad,17145436160
3,7820.043,grad,17123521536
3,7821.674,grad,17123521536
3,7822.988,grad,17132958720
3,7824.437,grad,17121326080
3,7826.115,grad,17123458048
3,7827.401,grad,17116507136
3,7828.734,grad,17093405696
3,7829.971,grad,17091144704
3,7831.816,grad,17027019776
3,7833.05,grad,17031144448
3,7834.588,grad,17009033216
3,7836.136,grad,17009033216
3,7837.466,grad,17018470400
3,7839.27,grad,17006837760
3,7840.981,grad,17008969728
3,7842.246,grad,17003067392
3,7843.601,grad,16979965952
3,7844.846,grad,16977704960
3,7846.613,grad,16913580032
3,7847.851,grad,16910364672
3,7849.466,grad,16894544896
3,7850.948,grad,16894544896
3,7852.198,grad,16903916544
3,7853.741,grad,16892349440
3,7855.38,grad,16894481408
3,7856.652,grad,16887530496
3,7857.977,grad,16864429056
3,7859.215,grad,16862168064
3,7860.946,grad,16799124480
3,7862.18,grad,16801971200
3,7864.017,grad,16780089856
3,7865.532,grad,16780089344
3,7866.774,grad,16789460992
3,7868.361,grad,16777893888
3,7869.98,grad,16780025856
3,7871.238,grad,16774123520
3,7872.483,grad,16751022080
3,7873.721,grad,16734081024
3,7875.623,grad,16684668928
3,7876.882,grad,16681453568
3,7878.497,grad,16666682368
3,7879.987,grad,16666682368
3,7881.261,grad,16676119552
3,7882.946,grad,16664486912
3,7884.634,grad,16666618880
3,7885.892,grad,16660716544
3,7887.262,grad,16637615104
3,7888.515,grad,16634305536
3,7890.225,grad,16569426944
3,7891.471,grad,16566211584
3,7893.103,grad,16551440384
3,7894.607,grad,16551440384
3,7895.87,grad,16560844800
3,7897.452,grad,16549244928
3,7899.087,grad,16551376896
3,7900.32,grad,16545474560
3,7901.625,grad,16522373120
3,7902.863,grad,16481314816
3,7904.697,grad,16456019968
3,7905.925,grad,16459948032
3,7907.766,grad,16438000640
3,7909.276,grad,16438000640
3,7910.584,grad,16447437824
3,7912.001,grad,16435739648
3,7913.804,grad,16437937152
3,7915.035,grad,16431936512
3,7916.264,grad,16389469184
3,7917.522,grad,16406606848
3,7919.255,grad,16342449152
3,7920.496,grad,16335563776
3,7922.074,grad,16320793088
3,7923.626,grad,16320530432
3,7924.864,grad,16329934848
3,7926.624,grad,16318334976
3,7927.91,grad,16313124864
3,7929.284,grad,16313124864
3,7930.667,grad,16313124864
3,7932.19,grad,16313124352
3,7935.82,grad,16313124352
3,7937.259,grad,16313124352
3,7938.61,grad,16313124352
3,7942.288,grad,16313124352
3,7943.703,grad,16313124352
3,7946.099,grad,16313124352
3,7947.343,grad,16313355264
3,7948.642,grad,16313127424
3,7949.957,grad,16313355264
3,7951.272,grad,16313356800
3,7952.615,grad,16313127424
3,7953.92,grad,16313355776
3,7955.227,grad,16313355264
3,7956.556,grad,16313125888
3,7957.862,grad,16313584640
3,7959.165,grad,16313355776
3,7960.515,grad,16313125888
3,7961.828,grad,16313355264
3,7963.135,grad,16313355264
3,7964.474,grad,16313127424
3,7965.81,grad,16313355776
3,7967.122,grad,16313355264
3,7968.51,grad,16313125888
3,7969.819,grad,16313584640
3,7971.126,grad,16313355776
3,7972.48,grad,16313125888
3,7973.79,grad,16313355264
3,7975.099,grad,16313355264
3,7976.405,grad,16313126400
3,7977.704,grad,16313355264
3,7979.009,grad,16313355776
3,7980.314,grad,16313126400
3,7981.607,grad,16313355264
3,7982.91,grad,16313388032
3,7984.261,grad,16313125888
3,7985.587,grad,16313355264
3,7986.897,grad,16313388032
3,7988.25,grad,16313125888
3,7989.587,grad,16313355776
3,7990.899,grad,16313388032
3,7992.23,grad,16313125888
3,7993.587,grad,16313355264
3,7994.9,grad,16313158656
3,7996.211,grad,16313126400
3,7997.566,grad,16313355264
3,7998.89,grad,16313158656
3,8000.25,grad,16313125888
3,8001.584,grad,16313355776
3,8002.9,grad,16314571776
3,8004.264,grad,16317979648
3,8005.597,grad,16320372736
3,8006.909,grad,16323780096
3,8008.234,grad,16325942272
3,8009.594,grad,16329088512
3,8010.979,grad,16330726400
3,8012.368,grad,16335313920
3,8013.723,grad,16336329728
3,8015.097,grad,16341015552
3,8016.385,grad,16343375360
3,8017.689,grad,16346749952
3,8018.989,grad,16349436928
3,8020.304,grad,16352812032
3,8021.609,grad,16355433472
3,8022.907,grad,16358809088
3,8024.271,grad,16360807936
3,8025.609,grad,16364215296
3,8026.91,grad,16366804992
3,8028.212,grad,16370179584
3,8029.554,grad,16372571136
3,8030.853,grad,16376274432
3,8032.157,grad,16378666496
3,8033.553,grad,16382499840
3,8034.851,grad,16385646592
3,8036.157,grad,16388496896
3,8037.502,grad,16391642624
3,8038.817,grad,16394263552
3,8040.134,grad,16398622208
3,8041.512,grad,16400260096
3,8042.824,grad,16404848128
3,8044.136,grad,16405863424
3,8045.472,grad,16410615296
3,8046.786,grad,16411630592
3,8048.113,grad,16416218624
3,8049.417,grad,16418708992
3,8050.735,grad,16422312960
3,8052.109,grad,16424705024
3,8053.486,grad,16428309504
3,8054.782,grad,16430702080
3,8056.149,grad,16434535424
3,8057.472,grad,16437681664
3,8058.778,grad,16440531968
3,8060.078,grad,16443808768
3,8061.377,grad,16446430208
3,8062.735,grad,16450788864
3,8064.079,grad,16452426752
3,8065.448,grad,16457014272
3,8066.783,grad,16458030592
3,8068.155,grad,16462617600
3,8069.487,grad,16465895424
3,8070.851,grad,16469498880
3,8072.166,grad,16471890944
3,8073.568,grad,16475495424
3,8074.9,grad,16476219392
3,8076.209,grad,16476254208
3,8077.548,grad,16476289024
3,8078.926,grad,16476315136
3,8080.24,grad,16476350464
3,8081.591,grad,16476385280
3,8082.9,grad,16469596672
3,8084.215,grad,16372046336
3,8085.594,grad,16302610944
3,8086.895,grad,16338917888
3,8088.206,grad,16368802304
3,8089.552,grad,16401046016
3,8090.857,grad,16432470528
3,8092.17,grad,16464681472
3,8093.518,grad,16375323136
3,8094.824,grad,16251329024
3,8096.131,grad,16142456320
3,8097.47,grad,16142286848
3,8098.786,grad,16142275072
3,8100.094,grad,16152683008
3,8101.409,grad,16178668032
3,8102.718,grad,16205636096
3,8104.017,grad,16233652736
3,8105.352,grad,16259736064
3,8106.66,grad,16287785472
3,8107.954,grad,16267371008
3,8109.255,grad,16140232192
3,8110.589,grad,16114638848
3,8111.906,grad,15991300096
3,8113.217,noise,15974619136
3,8114.619,noise,15974619136
3,8116.031,noise,15975831552
3,8117.465,noise,15976060928
3,8118.782,noise,15976290304
3,8120.202,noise,15977502720
3,8121.578,noise,15977797632
3,8122.982,noise,15977797632
3,8124.417,noise,15979468800
3,8125.767,noise,15979730944
3,8127.118,noise,15980189696
3,8128.523,noise,15980681216
3,8129.938,noise,15980681216
3,8131.332,noise,15982188544
3,8132.699,noise,15982647296
3,8134.109,noise,15982647296
3,8135.518,noise,15985104896
3,8136.835,noise,15985104896
3,8138.241,noise,15986317312
3,8139.603,noise,15987595264
3,8141.005,noise,15988054016
3,8142.376,noise,15988512768
3,8143.754,noise,15988774912
3,8145.151,noise,15989987328
3,8146.613,noise,15990216704
3,8147.925,noise,15990446080
3,8149.339,noise,15991658496
3,8150.729,noise,15991887872
3,8152.13,noise,15991887872
3,8153.549,noise,15993329664
3,8154.87,noise,15993591808
3,8156.247,noise,15994050560
3,8157.649,noise,15994542080
3,8159.069,noise,15994542080
3,8160.46,noise,15995754496
3,8161.809,noise,15996213248
3,8163.219,noise,15996213248
3,8164.641,noise,15997655040
3,8165.969,noise,15997655040
3,8167.376,noise,15998867456
3,8168.71,noise,15999129600
3,8170.117,noise,15999588352
3,8171.518,noise,16000047104
3,8172.869,noise,16000309248
3,8174.273,noise,16001521664
3,8175.744,noise,16001751040
3,8177.062,noise,16001980416
3,8178.491,noise,16003192832
3,8179.877,noise,16003422208
3,8181.303,noise,16003422208
3,8182.723,noise,16005093376
3,8184.041,noise,16005126144
3,8185.455,noise,16005584896
3,8186.823,noise,16006076416
3,8188.24,noise,16006076416
3,8189.655,noise,16007288832
3,8191.011,noise,16007747584
3,8192.438,noise,16007747584
3,8193.849,noise,16009189376
3,8195.196,noise,16009189376
3,8196.623,noise,16010401792
3,8197.949,noise,16010795008
3,8199.353,noise,16011253760
3,8200.729,noise,16011712512
3,8202.11,noise,16011974656
3,8203.531,noise,16013187072
3,8204.969,noise,16013416448
3,8206.316,noise,16013645824
3,8207.737,noise,16014858240
3,8209.113,noise,16015906816
3,8210.534,noise,16015906816
3,8211.936,noise,16017348608
3,8213.259,noise,16017610752
3,8214.647,noise,16018069504
3,8216.047,noise,16018561024
3,8217.465,noise,16018561024
3,8218.853,noise,16019773440
3,8220.193,noise,16020232192
3,8221.626,noise,16020232192
3,8223.024,noise,16022001664
3,8224.351,noise,16021772288
3,8225.792,noise,16024197120
3,8227.13,noise,16023246848
3,8228.527,noise,16023705600
3,8229.909,noise,16024164352
3,8231.316,noise,16024426496
3,8232.733,noise,16025638912
3,8234.181,noise,16025868288
3,8235.547,noise,16026097664
3,8236.963,noise,16027310080
3,8238.34,noise,16027539456
3,8239.748,noise,16027539456
3,8241.153,noise,16029243392
3,8242.536,noise,16029505536
3,8243.886,noise,16029964288
3,8245.286,noise,16030455808
3,8246.712,noise,16030455808
3,8248.113,noise,16031668224
3,8249.5,noise,16032126976
3,8250.91,noise,16032126976
3,8252.32,noise,16033568768
3,8253.642,noise,16033568768
3,8255.047,noise,16034781184
3,8256.372,noise,16035043328
3,8257.771,noise,16035502080
3,8259.136,noise,16035960832
3,8260.53,noise,16036222976
3,8261.935,noise,16037435392
3,8263.379,noise,16037664768
3,8264.711,noise,16037894144
3,8266.124,noise,16039106560
3,8267.533,noise,16039335936
3,8268.946,noise,16039335936
3,8270.336,noise,16040777728
3,8271.686,noise,16041039872
3,8273.025,noise,16041498624
3,8274.436,noise,16041990144
3,8275.852,noise,16041990144
3,8277.258,noise,16043202560
3,8278.615,noise,16043661312
3,8280.024,noise,16043661312
3,8281.433,noise,16045103104
3,8282.759,noise,16045103104
3,8284.17,noise,16046315520
3,8285.537,noise,16046577664
3,8286.954,noise,16047036416
3,8288.34,noise,16047495168
3,8289.692,noise,16047757312
3,8291.093,noise,16048969728
3,8292.548,noise,16049428480
3,8293.865,noise,16049657856
3,8295.279,noise,16050870272
3,8296.664,noise,16051099648
3,8298.067,noise,16051099648
3,8299.499,noise,16052541440
3,8300.848,noise,16052803584
3,8302.195,noise,16053262336
3,8303.601,noise,16053753856
3,8305.016,noise,16053753856
3,8306.426,noise,16054966272
3,8307.792,noise,16055425024
3,8309.202,noise,16055425024
3,8310.614,noise,16056866816
3,8311.943,noise,16056866816
3,8313.362,noise,16058079232
3,8314.811,noise,16058341376
3,8316.227,noise,16058800128
3,8317.602,noise,16059258880
3,8318.977,noise,16059521024
3,8320.364,noise,16059521024
3,8321.688,noise,16060962816
3,8323.106,noise,16061192192
3,8324.524,noise,16062404608
3,8325.979,noise,16062633984
3,8327.333,noise,16062633984
3,8328.732,noise,16064305152
3,8330.054,noise,16064337920
3,8331.459,noise,16064796672
3,8332.845,noise,16065288192
3,8334.261,noise,16065288192
3,8335.672,noise,16066500608
3,8337.033,noise,16066959360
3,8338.461,noise,16066959360
3,8339.854,noise,16068401152
3,8341.223,noise,16068401152
3,8342.645,noise,16069613568
3,8343.971,noise,16069875712
3,8345.343,noise,16070334464
3,8346.731,noise,16070793216
3,8348.122,noise,16071055360
3,8349.522,noise,16071055360
3,8350.844,noise,16072497152
3,8352.258,noise,16072726528
3,8353.694,noise,16073938944
3,8355.128,noise,16074168320
3,8356.546,noise,16074168320
3,8357.933,noise,16076068864
3,8359.252,noise,16075872256
3,8360.658,noise,16076331008
3,8362.035,noise,16076822528
3,8363.454,noise,16076822528
3,8364.853,noise,16078034944
3,8366.198,noise,16078493696
3,8367.627,noise,16078493696
3,8369.024,noise,16079935488
3,8370.359,noise,16079935488
3,8371.774,noise,16081147904
3,8373.112,noise,16081410048
3,8374.521,noise,16081868800
3,8375.891,noise,16082327552
3,8377.307,noise,16082589696
3,8378.713,noise,16083802112
3,8380.151,noise,16084097024
3,8381.519,noise,16084326400
3,8382.943,noise,16085538816
3,8384.327,noise,16085768192
3,8385.733,noise,16085768192
3,8387.127,noise,16087209984
3,8388.504,noise,16087472128
3,8389.84,noise,16087930880
3,8391.249,noise,16088422400
3,8392.678,noise,16088422400
3,8394.073,noise,16089634816
3,8395.425,noise,16090093568
3,8396.838,noise,16090093568
3,8398.237,noise,16091535360
3,8399.59,noise,16091535360
3,8400.983,noise,16091535360
3,8402.315,noise,16092977152
3,8403.665,noise,16093239296
3,8405.018,noise,16093698048
3,8406.419,noise,16094189568
3,8407.839,noise,16094189568
3,8409.228,noise,16096450560
3,8410.569,noise,16096909312
3,8411.976,noise,16096909312
3,8413.389,noise,16098580480
3,8414.713,noise,16098351104
3,8416.147,noise,16100775936
3,8417.525,noise,16099825664
3,8418.903,noise,16100284416
3,8420.313,noise,16100743168
3,8421.663,noise,16101005312
3,8423.068,noise,16102217728
3,8424.52,noise,16102447104
3,8425.857,noise,16102676480
3,8427.273,noise,16103888896
3,8428.658,noise,16104118272
3,8430.059,noise,16104118272
3,8431.462,noise,16106018816
3,8432.781,noise,16105822208
3,8434.163,noise,16106280960
3,8435.554,noise,16106772480
3,8436.964,noise,16106772480
3,8438.352,noise,16107984896
3,8439.709,noise,16108443648
3,8441.113,noise,16108443648
3,8442.52,noise,16109885440
3,8443.834,noise,16109885440
3,8445.236,noise,16111097856
3,8446.595,noise,16111360000
3,8448.01,noise,16111818752
3,8449.405,noise,16112277504
3,8450.751,noise,16112539648
3,8452.149,noise,16113752064
3,8453.613,noise,16113981440
3,8454.925,noise,16114210816
3,8456.333,noise,16115423232
3,8457.721,noise,16115652608
3,8459.125,noise,16115652608
3,8460.534,noise,16117094400
3,8461.853,noise,16117356544
3,8463.23,noise,16117815296
3,8464.635,noise,16118306816
3,8466.055,noise,16118306816
3,8467.472,noise,16119519232
3,8468.819,noise,16119977984
3,8470.229,noise,16119977984
3,8471.64,noise,16121419776
3,8472.972,noise,16121419776
3,8474.374,noise,16122632192
3,8475.705,noise,16122894336
3,8477.109,noise,16123353088
3,8478.512,noise,16123811840
3,8479.889,noise,16124073984
3,8481.286,noise,16125286400
3,8482.744,noise,16125515776
3,8484.056,noise,16125745152
3,8485.486,noise,16126957568
3,8486.872,noise,16127186944
3,8488.268,noise,16127186944
3,8489.678,noise,16129087488
3,8490.997,noise,16128890880
3,8492.383,noise,16129349632
3,8493.763,noise,16129841152
3,8495.174,noise,16129841152
3,8496.578,noise,16131053568
3,8497.943,noise,16131512320
3,8499.352,noise,16131512320
3,8500.74,noise,16132954112
3,8502.09,noise,16132954112
3,8503.508,noise,16134166528
3,8504.832,noise,16134428672
3,8506.249,noise,16134887424
3,8507.617,noise,16135346176
3,8509.007,noise,16135608320
3,8510.419,noise,16135608320
3,8511.743,noise,16137050112
3,8513.16,noise,16137279488
3,8514.596,noise,16138491904
3,8516.032,noise,16138721280
3,8517.444,noise,16138721280
3,8518.845,noise,16140621824
3,8520.463,noise,16140425216
3,8521.847,noise,16140883968
3,8523.286,noise,16141146112
3,8524.622,noise,16051558400
3,8526.41,optimizer,15979010048
3,8527.717,optimizer,15982789632
3,8529.028,optimizer,15981312000
3,8530.331,optimizer,15982845440
3,8531.639,optimizer,15984377856
3,8532.941,optimizer,15984886784
3,8534.244,optimizer,15985375232
3,8535.596,optimizer,15985439744
3,8536.91,optimizer,15987988480
3,8538.221,optimizer,15988462592
3,8539.563,optimizer,15990224896
3,8540.873,optimizer,15990545408
3,8542.197,optimizer,15990839296
3,8543.533,optimizer,15991328768
3,8544.843,optimizer,15991609856
3,8546.217,optimizer,15994368512
3,8547.567,optimizer,15995658240
3,8548.886,optimizer,15997190144
3,8550.214,optimizer,15996551680
3,8551.555,optimizer,15997204992
3,8552.865,optimizer,15997707264
3,8554.177,optimizer,15998836224
3,8555.517,optimizer,15999749120
3,8556.827,optimizer,16001118720
3,8558.139,optimizer,16002881024
3,8559.471,optimizer,16003160064
3,8560.785,optimizer,16003663872
3,8562.094,optimizer,16003944448
3,8563.346,optimizer,16006460928
3,8564.647,optimizer,16008221696
3,8565.956,optimizer,16010868224
3,8567.256,optimizer,16009247232
3,8568.592,optimizer,16009670656
3,8569.9,optimizer,16010173440
3,8571.203,optimizer,16012514816
3,8572.536,optimizer,16011986432
3,8573.841,optimizer,16013748224
3,8575.144,optimizer,16015086592
3,8576.47,optimizer,16015576576
3,8577.784,optimizer,16016066048
3,8579.086,optimizer,16016147968
3,8580.343,optimizer,16018105856
3,8581.662,optimizer,16020621824
3,8582.962,optimizer,16022169600
3,8584.265,optimizer,16021271040
3,8585.598,optimizer,16021954560
3,8586.904,optimizer,16022902272
3,8588.213,optimizer,16025008128
3,8589.544,optimizer,16025583104
3,8590.855,optimizer,16027078144
3,8592.158,optimizer,16027392512
3,8593.492,optimizer,16028304384
3,8594.797,optimizer,16028562944
3,8596.099,optimizer,16029856768
3,8597.343,optimizer,16030391296
3,8598.648,optimizer,16032907776
3,8599.951,optimizer,16033456640
3,8601.255,optimizer,16034194432
3,8602.591,optimizer,16034496512
3,8603.895,optimizer,16034748416
3,8605.198,optimizer,16037279232
3,8606.528,optimizer,16038798336
3,8607.833,optimizer,16041542656
3,8609.151,optimizer,16039659520
3,8610.479,optimizer,16040387584
3,8611.78,optimizer,16040848896
3,8613.079,optimizer,16043155456
3,8614.376,optimizer,16045314048
3,8615.682,optimizer,16045546496
3,8616.98,optimizer,16045827072
3,8618.287,optimizer,16046545408
3,8619.612,optimizer,16047262720
3,8620.928,optimizer,16048099840
3,8622.236,optimizer,16048874496
3,8623.58,optimizer,16051377152
3,8624.907,optimizer,16052910592
3,8626.22,optimizer,16052206592
3,8627.56,optimizer,16053153280
3,8628.869,optimizer,16053217280
3,8630.197,optimizer,16055734272
3,8631.534,optimizer,16056283648
3,8632.844,optimizer,16057882624
3,8634.151,optimizer,16058163200
3,8635.493,optimizer,16058665472
3,8636.803,optimizer,16059139072
3,8638.125,optimizer,16059254784
3,8639.442,optimizer,16061409792
3,8640.751,optimizer,16064908800
3,8642.052,optimizer,16066671104
3,8643.354,optimizer,16064330752
3,8644.652,optimizer,16065043456
3,8645.963,optimizer,16065518592
3,8647.261,optimizer,16066646528
3,8648.591,optimizer,16067331584
3,8649.891,optimizer,16070142464
3,8651.195,optimizer,16070461952
3,8652.521,optimizer,16070970880
3,8653.82,optimizer,16071688192
3,8655.122,optimizer,16071754752
3,8656.44,optimizer,16074269184
3,8657.751,optimizer,16074819584
3,8659.048,optimizer,16076352000
3,8660.343,optimizer,16076633088
3,8661.647,optimizer,16077364736
3,8662.947,optimizer,16077837824
3,8664.249,optimizer,16080148992
3,8665.595,optimizer,16079650304
3,8666.918,optimizer,16082298368
3,8668.226,optimizer,16083831808
3,8669.726,optimizer,16082959360
3,8671.028,optimizer,16083644416
3,8672.33,optimizer,16084120064
3,8673.653,optimizer,16085246976
3,8674.953,optimizer,16086161920
3,8676.255,optimizer,16087464448
3,8677.584,optimizer,16088997888
3,8678.886,optimizer,16089735680
3,8680.201,optimizer,16090008576
3,8681.545,optimizer,16090288128
3,8682.864,optimizer,16092805120
3,8684.175,optimizer,16093356032
3,8685.522,optimizer,16095020544
3,8686.831,optimizer,16095333888
3,8688.148,optimizer,16095787520
3,8689.489,optimizer,16096733696
3,8690.796,optimizer,16097570304
3,8692.165,optimizer,16098317312
3,8693.509,optimizer,16100833792
3,8694.824,optimizer,16102367232
3,8696.132,optimizer,16101509120
3,8697.464,optimizer,16102166528
3,8698.776,optimizer,16102655488
3,8700.083,optimizer,16103782912
3,8701.382,optimizer,16104696832
3,8702.684,optimizer,16105999872
3,8703.982,optimizer,16107892736
3,8705.313,optimizer,16108401664
3,8706.613,optimizer,16108703744
3,8707.913,optimizer,16108955648
3,8709.222,optimizer,16111486464
3,8710.554,optimizer,16113005056
3,8711.866,optimizer,16116962304
3,8713.167,optimizer,16113867776
3,8714.495,optimizer,16114580480
3,8715.803,optimizer,16115055616
3,8717.107,optimizer,16116106752
3,8718.416,optimizer,16116853248
3,8719.723,optimizer,16119369216
3,8721.028,optimizer,16120902144
3,8722.33,optimizer,16120002560
3,8723.632,optimizer,16120687616
3,8724.93,optimizer,16121175040
3,8726.235,optimizer,16122392576
3,8727.561,optimizer,16123016192
3,8728.863,optimizer,16125504512
3,8730.173,optimizer,16127036928
3,8731.512,optimizer,16126136832
3,8732.823,optimizer,16126835712
3,8734.138,optimizer,16127338496
3,8735.471,optimizer,16128452096
3,8736.784,optimizer,16129137664
3,8738.094,optimizer,16131653632
3,8739.344,optimizer,16133214208
3,8740.646,optimizer,16132286464
3,8741.951,optimizer,16132972032
3,8743.257,optimizer,16133689856
3,8744.585,optimizer,16135766528
3,8745.905,optimizer,16135271424
3,8747.221,optimizer,16137787392
3,8748.552,optimizer,16139306496
3,8749.853,optimizer,16138448896
3,8751.158,optimizer,16139106816
3,8752.491,optimizer,16139594240
3,8753.792,optimizer,16143342592
3,8755.096,optimizer,16142694912
3,8756.34,optimizer,16144228864
3,8757.65,optimizer,16144606720
3,8758.949,optimizer,16145094656
3,8760.247,optimizer,16146041344
3,8761.57,optimizer,16146878976
3,8762.889,optimizer,16147653632
3,8764.191,optimizer,16150156288
3,8765.518,optimizer,16151689728
3,8766.825,optimizer,16150984704
3,8768.128,optimizer,16151931904
3,8769.46,optimizer,16151998464
3,8770.765,optimizer,16151834624
3,8772.071,optimizer,16151834112
3,8773.363,optimizer,16151834112
3,8774.664,optimizer,16152293376
3,8775.963,optimizer,16152751616
3,8777.263,optimizer,16154259456
3,8778.587,optimizer,16154258944
3,8779.881,optimizer,16152751616
3,8781.192,optimizer,16152292864
3,8782.528,optimizer,16154258944
3,8783.836,optimizer,16151834112
3,8785.176,optimizer,16151834112
3,8786.522,optimizer,16152293376
3,8787.83,optimizer,16151834112
3,8789.134,optimizer,16156683776
3,8790.458,optimizer,16154259456
3,8791.761,optimizer,16152292864
3,8793.055,optimizer,16152292864
3,8794.354,optimizer,16154259456
3,8795.653,optimizer,16152751616
3,8796.946,optimizer,16151834112
3,8798.242,optimizer,16152293376
3,8799.594,optimizer,16151899648
3,8800.901,optimizer,16152292864
3,8802.218,optimizer,16152293376
3,8803.569,optimizer,16152292864
3,8804.876,optimizer,16151834112
3,8806.219,optimizer,16152292864
3,8807.576,optimizer,16154258944
3,8808.884,optimizer,16154258944
3,8810.199,optimizer,16151834624
3,8811.555,optimizer,16151900160
3,8812.866,optimizer,16152751616
3,8814.179,optimizer,16152293376
3,8815.525,optimizer,16152292864
3,8816.831,optimizer,16152292864
3,8818.217,optimizer,16151835136
3,8819.56,optimizer,16162649088
3,8820.864,optimizer,16176247808
3,8822.185,optimizer,16186569728
3,8823.538,optimizer,16199808000
3,8824.845,optimizer,16213996544
3,8826.157,optimizer,16226251776
3,8827.501,optimizer,16238670848
3,8828.802,optimizer,16253121536
3,8830.11,optimizer,16266327040
3,8831.418,optimizer,16278778880
3,8832.724,optimizer,16292017152
3,8834.03,optimizer,16305452032
3,8835.327,optimizer,16290474496
3,8836.618,optimizer,16181783040
3,8837.917,optimizer,16156911616
3,8839.211,optimizer,16185616384
3,8840.527,optimizer,16214124544
3,8841.82,optimizer,16242862080
3,8843.112,optimizer,16272025600
3,8844.416,optimizer,16300959744
3,8845.709,optimizer,16260392960
3,8847.002,optimizer,16151668736
3,8848.312,optimizer,16174573568
3,8849.603,optimizer,16202622976
3,8850.887,optimizer,16228345856
3,8852.177,optimizer,16255674368
3,8853.506,optimizer,16283559936
3,8854.805,optimizer,16309282816
3,8856.107,optimizer,16209537024
3,8857.409,optimizer,16087803904
3,8858.712,optimizer,15989281792
3,8860.001,optimizer,15985758720
3,8861.306,optimizer,15982205440
3,8863.768,optimizer,15979173888
3,8865.057,optimizer,15979173888
3,8866.341,optimizer,15979173888
3,8867.623,optimizer,15979173888
3,8868.978,optimizer,15979173888
4,5.791,grad,15977306624
4,12.199,grad,15977314816
4,18.567,grad,15977314816
4,24.922,grad,15977314816
4,29.083,grad,15977314816
4,30.339,grad,15984857600
4,32.043,grad,15984986624
4,34.489,grad,15992326656
4,36.088,grad,16001763840
4,37.543,grad,16001763840
4,38.919,grad,16010152448
4,40.691,grad,16031305216
4,41.935,grad,16092126720
4,43.184,grad,16223329792
4,44.706,grad,16184532480
4,47.015,grad,16230735360
4,49.312,grad,16230739456
4,50.873,grad,16240176640
4,52.166,grad,16240176640
4,53.514,grad,16248565248
4,55.246,grad,16269718016
4,56.501,grad,16330539520
4,58.529,grad,16384147968
4,59.816,grad,16522625536
4,61.091,grad,16461808128
4,63.382,grad,16469152256
4,64.917,grad,16478589440
4,66.182,grad,16478589440
4,68.555,grad,16486978048
4,70.2,grad,16508130816
4,71.471,grad,16568952320
4,73.516,grad,16622560768
4,74.778,grad,16775718400
4,76.019,grad,16700220928
4,78.258,grad,16707565056
4,79.749,grad,16717002240
4,81.02,grad,16717002240
4,82.324,grad,16725390848
4,83.95,grad,16746543616
4,85.223,grad,16807365120
4,87.224,grad,16860973568
4,88.484,grad,16984771072
4,89.85,grad,16938633728
4,92.096,grad,16945977856
4,93.604,grad,16955415040
4,94.854,grad,16955415040
4,96.095,grad,16971259392
4,97.689,grad,16984956416
4,98.929,grad,17045777920
4,100.943,grad,17099386368
4,102.19,grad,17252544000
4,103.54,grad,17184390656
4,105.883,grad,17184390656
4,107.781,grad,17193827840
4,109.054,grad,17193827840
4,110.35,grad,17209556480
4,111.948,grad,17223369216
4,113.188,grad,17284190720
4,115.172,grad,17337799168
4,116.432,grad,17476276736
4,117.699,grad,17422799360
4,119.891,grad,17422803456
4,121.364,grad,17432240640
4,122.614,grad,17432240640
4,123.861,grad,17448083968
4,125.467,grad,17461782016
4,126.703,grad,17522603520
4,128.891,grad,17576211968
4,130.141,grad,17729369600
4,131.402,grad,17661212160
4,133.57,grad,17661216256
4,135.016,grad,17670653440
4,136.287,grad,17670653440
4,137.583,grad,17679042048
4,139.408,grad,17700194816
4,140.648,grad,17761016320
4,142.709,grad,17814624768
4,143.956,grad,17967782400
4,145.206,grad,17899624960
4,147.6,grad,17899629056
4,149.061,grad,17909066240
4,150.32,grad,17909066240
4,151.563,grad,17924794880
4,153.107,grad,17938607616
4,154.348,grad,17999429120
4,156.266,grad,18053037568
4,157.535,grad,18191515136
4,158.777,grad,18138037760
4,160.975,grad,18138041856
4,162.427,grad,18147479040
4,163.701,grad,18147479040
4,164.947,grad,18163207680
4,166.5,grad,18177020416
4,167.737,grad,18223161856
4,168.982,grad,18369044992
4,170.442,grad,18330247680
4,172.253,grad,18369110528
4,174.427,grad,18376454656
4,175.861,grad,18385891840
4,177.118,grad,18385891840
4,178.382,grad,18401736192
4,179.857,grad,18415433216
4,181.094,grad,18476320256
4,182.983,grad,18529863168
4,184.246,grad,18661000704
4,185.563,grad,18614867456
4,187.816,grad,18614867456
4,189.348,grad,18624304640
4,190.621,grad,18631644672
4,191.869,grad,18640148992
4,193.418,grad,18653846016
4,194.66,grad,18714733056
4,196.522,grad,18768275968
4,197.792,grad,18899413504
4,199.08,grad,18853280256
4,201.146,grad,18853280256
4,202.57,grad,18862717440
4,203.949,grad,18862717440
4,205.209,grad,18871106048
4,206.851,grad,18892258816
4,208.09,grad,18953145856
4,209.952,grad,19006688768
4,211.222,grad,19145166336
4,212.578,grad,19091693056
4,214.63,grad,19091693056
4,216.061,grad,19101130240
4,217.335,grad,19101130240
4,218.6,grad,19116974592
4,220.073,grad,19130671616
4,221.316,grad,19191558656
4,223.181,grad,19245101568
4,224.438,grad,19368899072
4,225.854,grad,19322761728
4,228.028,grad,19330105856
4,229.474,grad,19339543040
4,230.723,grad,19339543040
4,231.966,grad,19355387392
4,233.446,grad,19369084416
4,234.687,grad,19429905920
4,236.61,grad,19483514368
4,237.859,grad,19621991936
4,239.107,grad,19561174528
4,241.46,grad,19568518656
4,242.916,grad,19577955840
4,244.197,grad,19585295872
4,245.454,grad,19593684480
4,247.057,grad,19607497216
4,248.349,grad,19668318720
4,250.275,grad,19721927168
4,251.533,grad,19875084800
4,252.775,grad,19806927360
4,254.95,grad,19806931456
4,256.407,grad,19816368640
4,257.697,grad,19816368640
4,258.942,grad,19824757248
4,260.601,grad,19845910016
4,261.843,grad,19892051456
4,263.907,grad,19960339968
4,265.162,grad,20113497600
4,266.413,grad,20038000128
4,268.604,grad,20045344256
4,270.069,grad,20054781440
4,271.317,grad,20054781440
4,272.562,grad,20070625792
4,274.03,grad,20084322816
4,275.269,grad,20145209856
4,277.124,grad,20198752768
4,278.386,grad,20351910400
4,279.712,grad,20283757056
4,281.974,grad,20283757056
4,283.469,grad,20293194240
4,284.725,grad,20293194240
4,285.971,grad,20309038592
4,287.485,grad,20322735616
4,288.729,grad,20383557120
4,290.652,grad,20437165568
4,291.905,grad,20590323200
4,293.241,grad,20522169856
4,295.288,grad,20522169856
4,296.713,grad,20531607040
4,298.972,grad,20538947072
4,300.264,grad,20547451392
4,301.735,grad,20561148416
4,302.973,grad,20622035456
4,304.884,grad,20675578368
4,306.167,grad,20806715904
4,307.465,grad,20760582656
4,309.542,grad,20760582656
4,311.048,grad,20770019840
4,312.35,grad,20770019840
4,313.743,grad,20778408448
4,315.372,grad,20799561216
4,316.631,grad,20860382720
4,318.636,grad,20913991168
4,319.9,grad,21037788672
4,321.285,grad,20991651328
4,323.52,grad,20998995456
4,324.984,grad,21008432640
4,326.255,grad,21008432640
4,327.542,grad,21024276992
4,329.074,grad,21037974016
4,330.36,grad,21098861056
4,332.241,grad,21152403968
4,333.539,grad,21305561600
4,334.859,grad,21237408256
4,337.12,grad,21237408256
4,338.614,grad,21246845440
4,339.907,grad,21254185472
4,341.175,grad,21262689792
4,342.662,grad,21276386816
4,343.924,grad,21337273856
4,345.999,grad,21390816768
4,347.274,grad,21543974400
4,348.567,grad,21468476928
4,350.762,grad,21475821056
4,352.21,grad,21485258240
4,353.512,grad,21485258240
4,354.766,grad,21501102592
4,356.26,grad,21514799616
4,357.535,grad,21560941056
4,358.803,grad,21668026880
4,360.1,grad,21668026880
4,361.361,grad,21714229760
4,362.623,grad,21714233856
4,364.624,grad,21714233856
4,366.096,grad,21723671040
4,367.357,grad,21723671040
4,368.622,grad,21739515392
4,370.138,grad,21753212416
4,371.402,grad,21814099456
4,373.267,grad,21867642368
4,374.551,grad,22020800000
4,375.899,grad,21952646656
4,378.199,grad,21952646656
4,379.688,grad,21962083840
4,380.977,grad,21969423872
4,382.245,grad,21977928192
4,383.833,grad,21998965248
4,385.093,grad,22052512256
4,387.081,grad,22107103744
4,388.354,grad,22260261376
4,389.613,grad,22192108032
4,391.789,grad,22192222720
4,393.315,grad,22201545216
4,394.637,grad,22201545216
4,396.129,grad,22217389568
4,397.649,grad,22231086592
4,398.972,grad,22291973632
4,400.927,grad,22345516544
4,402.253,grad,22476654080
4,403.624,grad,22430520832
4,405.729,grad,22430520832
4,407.219,grad,22439958016
4,408.54,grad,22439958016
4,409.833,grad,22455802368
4,411.378,grad,22469499392
4,412.68,grad,22530386432
4,414.554,grad,22583929344
4,416.054,grad,22738135552
4,417.625,grad,22668933632
4,418.939,grad,23595813888
4,420.332,grad,23588483072
4,422.268,grad,23588474880
4,423.583,grad,23277048320
4,424.837,grad,23277048320
4,426.106,grad,23277048320
4,427.528,grad,23277049856
4,429.36,grad,22665713152
4,430.659,grad,22664396288
4,432.062,grad,22618193408
4,433.342,grad,22613671424
4,435.16,grad,22485419520
4,436.459,grad,22479056384
4,438.231,grad,22449449472
4,439.889,grad,22449515008
4,441.171,grad,22468389376
4,442.885,grad,22444632576
4,444.718,grad,22446174720
4,445.972,grad,22437517824
4,447.228,grad,22391314944
4,448.512,grad,22347995648
4,449.776,grad,22273284608
4,451.087,grad,22265881088
4,452.329,grad,22237366784
4,453.561,grad,22222636544
4,455.079,grad,22222571008
4,456.339,grad,22241379840
4,457.865,grad,22217688576
4,459.564,grad,22219296256
4,460.817,grad,22288233984
4,462.097,grad,22164436480
4,463.333,grad,22158865920
4,465.043,grad,22030614016
4,466.306,grad,22038406656
4,467.551,grad,22029428224
4,468.825,grad,21994709504
4,470.079,grad,22024004096
4,471.323,grad,22013583872
4,472.699,grad,21989761536
4,474.377,grad,21991369216
4,475.622,grad,22060306944
4,476.965,grad,21936509440
4,478.202,grad,21893190144
4,480.006,grad,21803735552
4,481.263,grad,21811986944
4,482.935,grad,21767831040
4,484.477,grad,21767765504
4,485.791,grad,21786639872
4,487.548,grad,21762883072
4,489.256,grad,21763966464
4,490.541,grad,21755899392
4,491.891,grad,21709696512
4,493.139,grad,21705174528
4,494.853,grad,21577184768
4,496.105,grad,21585436160
4,497.82,grad,21541149184
4,499.375,grad,21541214720
4,500.683,grad,21560089088
4,502.104,grad,21536332288
4,503.776,grad,21537350144
4,505.016,grad,21529217536
4,506.368,grad,21483014656
4,507.625,grad,21479377408
4,509.444,grad,21351125504
4,510.706,grad,21358983680
4,511.952,grad,21315155456
4,513.184,grad,21316204032
4,514.539,grad,21345105408
4,515.905,grad,21309847040
4,517.157,grad,21317678592
4,518.771,grad,21311553024
4,520.035,grad,21380883968
4,521.374,grad,21257086464
4,522.626,grad,21252564480
4,524.355,grad,21124312576
4,525.596,grad,21132563968
4,527.272,grad,21088276992
4,528.831,grad,21088276992
4,530.127,grad,21107151360
4,531.782,grad,21083394560
4,533.509,grad,21084477952
4,534.754,grad,21153939968
4,536.047,grad,21030142464
4,537.306,grad,21025620480
4,539.108,grad,20897499648
4,540.361,grad,20891070976
4,542.017,grad,20861529600
4,543.568,grad,20861529600
4,544.856,grad,20880403968
4,546.266,grad,20856647168
4,548.149,grad,20857730560
4,549.444,grad,20849597952
4,550.809,grad,20803395072
4,552.064,grad,20798873088
4,553.844,grad,20670621184
4,555.12,grad,20655934976
4,556.405,grad,20649446912
4,557.893,grad,20634651136
4,559.44,grad,20634651136
4,560.756,grad,20653525504
4,562.184,grad,20629768704
4,563.866,grad,20630852096
4,565.113,grad,20622719488
4,566.458,grad,20576516608
4,567.713,grad,20494400000
4,569.577,grad,20443742720
4,570.829,grad,20437314048
4,572.556,grad,20407773184
4,574.045,grad,20407772672
4,575.328,grad,20426647040
4,576.963,grad,20402890240
4,578.774,grad,20403973632
4,580.032,grad,20395841024
4,581.459,grad,20349638144
4,582.736,grad,20306318848
4,584.535,grad,20216929792
4,585.788,grad,20210501120
4,587.516,grad,20180959744
4,589.081,grad,20180959744
4,590.344,grad,20199768576
4,591.838,grad,20176077312
4,593.516,grad,20177160704
4,594.766,grad,20246622720
4,596.064,grad,20122825216
4,597.333,grad,20079505920
4,599.182,grad,19990051328
4,600.462,grad,19997909504
4,601.749,grad,19970974208
4,602.992,grad,19954081280
4,604.239,grad,19983506944
4,605.75,grad,19948707328
4,607.003,grad,19956538880
4,608.645,grad,19950282240
4,609.906,grad,20019744256
4,611.233,grad,19895946752
4,612.518,grad,19891424768
4,614.256,grad,19763238400
4,615.533,grad,19756809728
4,617.221,grad,19727268352
4,618.836,grad,19727268352
4,620.123,grad,19746142720
4,621.792,grad,19722385920
4,623.56,grad,19723469312
4,624.844,grad,19715336704
4,626.198,grad,19669133824
4,627.5,grad,19625814528
4,629.38,grad,19536359936
4,630.639,grad,19544611328
4,632.312,grad,19500389888
4,633.836,grad,19500389888
4,635.086,grad,19519198720
4,636.606,grad,19495507456
4,638.331,grad,19496590848
4,639.576,grad,19488458240
4,640.945,grad,19442255360
4,642.204,grad,19437733376
4,643.963,grad,19309481472
4,645.232,grad,19317339648
4,646.522,grad,19273511424
4,647.79,grad,19274560000
4,649.039,grad,19302937088
4,650.559,grad,19268137472
4,651.814,grad,19275969024
4,653.497,grad,19269712384
4,654.743,grad,19261514240
4,655.978,grad,19215376896
4,657.233,grad,19210854912
4,659.073,grad,19082603008
4,660.333,grad,19076174336
4,662.032,grad,19046633472
4,663.55,grad,19046632960
4,664.806,grad,19065441792
4,666.559,grad,19041750528
4,668.322,grad,19042833920
4,669.618,grad,19034701312
4,670.98,grad,18988498432
4,672.241,grad,18945179136
4,674.044,grad,18855724544
4,675.336,grad,18863975936
4,677.099,grad,18819754496
4,678.699,grad,18819754496
4,679.951,grad,18838563328
4,681.497,grad,18814872064
4,683.176,grad,18815955456
4,684.484,grad,18807822848
4,685.85,grad,18761619968
4,687.103,grad,18757097984
4,688.881,grad,18628846080
4,690.131,grad,18636638720
4,691.432,grad,18618550784
4,692.7,grad,18593793536
4,693.944,grad,18622301696
4,695.392,grad,18587502080
4,696.653,grad,18595333632
4,698.178,grad,18590060032
4,699.511,grad,18580944384
4,700.886,grad,18534741504
4,702.142,grad,18530219520
4,703.887,grad,18401967616
4,705.141,grad,18395538944
4,706.822,grad,18365997568
4,708.366,grad,18365997568
4,709.614,grad,18384740864
4,711.42,grad,18361115136
4,713.114,grad,18362198528
4,714.359,grad,18354065920
4,715.707,grad,18307863040
4,716.947,grad,18303341056
4,718.709,grad,18175154688
4,719.959,grad,18168726016
4,721.636,grad,18139184640
4,723.176,grad,18139184640
4,724.455,grad,18158059008
4,725.876,grad,18134302208
4,727.679,grad,18135385600
4,728.945,grad,18127187456
4,730.198,grad,18081443328
4,731.466,grad,18037730816
4,733.251,grad,17948341760
4,734.529,grad,17956199936
4,736.428,grad,17912371712
4,737.929,grad,17912371712
4,739.25,grad,17931246080
4,740.718,grad,17907489280
4,742.374,grad,17908572672
4,743.614,grad,17978034688
4,744.941,grad,17854237184
4,746.212,grad,17849715200
4,748.064,grad,17721528832
4,749.409,grad,17715100160
4,751.129,grad,17685558784
4,752.73,grad,17685558784
4,754.039,grad,17704433152
4,755.754,grad,17680676352
4,757.477,grad,17681759744
4,758.736,grad,17673627136
4,760.124,grad,17627424256
4,761.328,grad,17622902272
4,763.12,grad,17494715904
4,764.381,grad,17502967296
4,766.006,grad,17458745856
4,767.578,grad,17458745856
4,768.831,grad,17477685760
4,770.278,grad,17453863424
4,771.943,grad,17454946816
4,773.203,grad,17446814208
4,774.588,grad,17400611328
4,775.843,grad,17396089344
4,777.593,grad,17267837440
4,778.855,grad,17275695616
4,780.106,grad,17263432192
4,781.459,grad,17231867392
4,783.219,grad,17231867392
4,784.501,grad,17247989248
4,786.507,grad,17226984960
4,788.4,grad,17228068352
4,789.65,grad,17217510912
4,791.033,grad,17173732864
4,792.38,grad,17137819136
4,793.631,grad,17101774336
4,794.925,grad,17048299008
4,796.175,grad,17027124736
4,797.713,grad,17004989440
4,799.239,grad,17004988928
4,800.514,grad,17023732224
4,802.309,grad,17000106496
4,804.027,grad,17001189888
4,805.281,grad,16993057280
4,806.646,grad,16946854400
4,807.905,grad,16903535104
4,809.788,grad,16814080512
4,811.112,grad,16822331904
4,812.851,grad,16778110464
4,814.4,grad,16778110464
4,815.694,grad,16782304768
4,817.08,grad,16773228032
4,818.79,grad,16774311424
4,820.089,grad,16766178816
4,821.461,grad,16719975936
4,822.713,grad,16715453952
4,824.421,grad,16587202048
4,825.671,grad,16594535936
4,826.931,grad,16582804992
4,828.236,grad,16551232000
4,829.55,grad,16580592128
4,830.842,grad,16570171904
4,832.318,grad,16546349568
4,833.941,grad,16547432960
4,835.188,grad,16616894976
4,836.528,grad,16493097472
4,837.781,grad,16488641024
4,839.505,grad,16360389120
4,840.76,grad,16346620416
4,842.408,grad,16317079040
4,843.908,grad,16316816896
4,845.15,grad,16335822336
4,846.823,grad,16311934464
4,848.1,grad,16302005760
4,849.322,grad,16302005760
4,850.579,grad,16302005760
4,853.594,grad,16302005248
4,855.188,grad,16302005248
4,856.491,grad,16302005248
4,860.752,grad,16302005248
4,862.037,grad,16302005248
4,864.305,grad,16302005248
4,865.566,grad,16302072320
4,866.86,grad,16302006784
4,868.123,grad,16302008832
4,869.325,grad,16302924288
4,870.578,grad,16302072320
4,871.82,grad,16302007296
4,873.099,grad,16302006784
4,874.347,grad,16302924288
4,875.606,grad,16302006784
4,876.9,grad,16302008832
4,878.154,grad,16302009344
4,879.419,grad,16302466048
4,880.667,grad,16302006784
4,881.909,grad,16302009344
4,883.176,grad,16302006784
4,884.468,grad,16302465536
4,885.746,grad,16302006784
4,887.033,grad,16302465536
4,888.27,grad,16302007296
4,889.586,grad,16302072320
4,890.861,grad,16302465536
4,892.102,grad,16302465536
4,893.372,grad,16302008832
4,894.611,grad,16302072832
4,895.84,grad,16302465536
4,897.089,grad,16302072832
4,898.339,grad,16302009344
4,899.605,grad,16302008832
4,900.854,grad,16302466048
4,902.094,grad,16302007296
4,903.362,grad,16302009344
4,904.618,grad,16302006784
4,905.859,grad,16302466048
4,907.114,grad,16302006784
4,908.379,grad,16302009344
4,909.623,grad,16302007296
4,910.895,grad,16302466048
4,912.152,grad,16303682560
4,913.44,grad,16307745792
4,914.735,grad,16313447936
4,916.009,grad,16314954240
4,917.276,grad,16321377280
4,918.548,grad,16324555264
4,919.807,grad,16329732608
4,921.059,grad,16334778880
4,922.329,grad,16338809344
4,923.601,grad,16346313216
4,924.842,grad,16349165056
4,926.099,grad,16355029504
4,927.397,grad,16358635008
4,928.666,grad,16361714176
4,929.932,grad,16366532608
4,931.208,grad,16368497152
4,932.482,grad,16372102144
4,933.757,grad,16376066560
4,935.042,grad,16379146752
4,936.285,grad,16383964672
4,937.571,grad,16385929728
4,938.816,grad,16389534720
4,940.104,grad,16392155648
4,941.388,grad,16396448768
4,942.631,grad,16400578048
4,943.899,grad,16402084864
4,945.207,grad,16406802944
4,946.572,grad,16409359872
4,947.864,grad,16412963328
4,949.102,grad,16416567808
4,950.393,grad,16419648000
4,951.627,grad,16424236544
4,952.866,grad,16425284608
4,954.122,grad,16430167040
4,955.354,grad,16432787968
4,956.645,grad,16437081088
4,957.884,grad,16441669120
4,959.133,grad,16442716672
4,960.314,grad,16447664640
4,961.539,grad,16449632256
4,962.773,grad,16453366784
4,964.069,grad,16457201152
4,965.304,grad,16460280832
4,966.531,grad,16465098752
4,967.835,grad,16467064320
4,969.12,grad,16470897664
4,970.352,grad,16474502656
4,971.58,grad,16477582336
4,972.815,grad,16477403648
4,974.045,grad,16477440000
4,975.284,grad,16477477376
4,976.525,grad,16477514240
4,977.787,grad,16477540352
4,979.024,grad,16477576704
4,980.254,grad,16330190848
4,981.606,grad,16152883200
4,982.851,grad,16152751104
4,988.501,grad,16152682496
4,994.857,grad,16152690688
4,1001.165,grad,16152690688
4,1007.559,grad,16152690688
4,1011.748,grad,16152690688
4,1013.047,grad,16160233472
4,1014.818,grad,16160362496
4,1017.191,grad,16167702528
4,1018.765,grad,16177139712
4,1020.05,grad,16177139712
4,1021.312,grad,16185528320
4,1023.09,grad,16206681088
4,1024.321,grad,16252822528
4,1025.572,grad,16398705664
4,1027.052,grad,16359908352
4,1029.19,grad,16406111232
4,1031.429,grad,16406115328
4,1032.895,grad,16415552512
4,1034.196,grad,16415552512
4,1035.483,grad,16431395840
4,1037.132,grad,16445093888
4,1038.407,grad,16505915392
4,1040.405,grad,16559523840
4,1041.671,grad,16712681472
4,1042.991,grad,16644528128
4,1045.341,grad,16644528128
4,1046.799,grad,16653965312
4,1048.084,grad,16653965312
4,1049.351,grad,16662354432
4,1051.193,grad,16690846720
4,1052.537,grad,16744328192
4,1054.528,grad,16797936640
4,1055.82,grad,16936414208
4,1057.204,grad,16875596800
4,1059.571,grad,16882940928
4,1061.083,grad,16892378112
4,1062.352,grad,16892378112
4,1063.62,grad,16908222464
4,1065.183,grad,16929259520
4,1066.46,grad,16982806528
4,1068.388,grad,17036349440
4,1069.65,grad,17160146944
4,1071.073,grad,17114009600
4,1073.326,grad,17121353728
4,1074.76,grad,17130790912
4,1076.034,grad,17138130944
4,1077.288,grad,17146635264
4,1078.796,grad,17160332288
4,1080.05,grad,17221153792
4,1082.114,grad,17274762240
4,1083.39,grad,17413567488
4,1084.671,grad,17360094208
4,1087.771,grad,17360094208
4,1089.307,grad,17369531392
4,1090.578,grad,17369531392
4,1091.84,grad,17385375744
4,1093.448,grad,17399072768
4,1094.704,grad,17460287488
4,1096.638,grad,17513830400
4,1097.912,grad,17644967936
4,1099.243,grad,17599162368
4,1101.361,grad,17599277056
4,1102.769,grad,17608599552
4,1104.057,grad,17615939584
4,1105.322,grad,17616988160
4,1106.878,grad,17638140928
4,1108.135,grad,17684282368
4,1110.232,grad,17752570880
4,1111.523,grad,17905728512
4,1112.861,grad,17837575168
4,1114.911,grad,17837575168
4,1116.453,grad,17847012352
4,1117.746,grad,17854352384
4,1119.003,grad,17862856704
4,1120.571,grad,17876881408
4,1121.864,grad,17937702912
4,1123.934,grad,17991639040
4,1125.22,grad,18145124352
4,1126.769,grad,18076643328
4,1128.952,grad,18076643328
4,1130.419,grad,18086080512
4,1131.73,grad,18086080512
4,1133.014,grad,18101809152
4,1134.594,grad,18115949568
4,1135.88,grad,18176771072
4,1137.838,grad,18230379520
4,1139.103,grad,18383864832
4,1140.315,grad,18308039680
4,1142.561,grad,18315711488
4,1144.031,grad,18325148672
4,1145.597,grad,18325148672
4,1146.865,grad,18340877312
4,1148.514,grad,18354690048
4,1149.761,grad,18415577088
4,1151.665,grad,18469120000
4,1152.949,grad,18600257536
4,1154.251,grad,18554124288
4,1156.365,grad,18554124288
4,1157.828,grad,18563561472
4,1159.147,grad,18563561472
4,1160.499,grad,18571950080
4,1162.168,grad,18593102848
4,1163.435,grad,18653924352
4,1165.689,grad,18707532800
4,1166.96,grad,18860690432
4,1168.301,grad,18792537088
4,1170.384,grad,18792537088
4,1171.823,grad,18801974272
4,1173.109,grad,18809314304
4,1174.37,grad,18817702912
4,1176.001,grad,18831515648
4,1177.27,grad,18892402688
4,1179.271,grad,18945945600
4,1180.582,grad,19084423168
4,1181.851,grad,19023605760
4,1184.368,grad,19030949888
4,1185.917,grad,19040387072
4,1187.175,grad,19040387072
4,1188.458,grad,19056230400
4,1190.023,grad,19069928448
4,1191.278,grad,19130815488
4,1193.154,grad,19184358400
4,1194.431,grad,19337516032
4,1195.75,grad,19269362688
4,1197.846,grad,19269362688
4,1199.278,grad,19278799872
4,1200.561,grad,19278799872
4,1201.975,grad,19287188480
4,1203.582,grad,19308341248
4,1204.837,grad,19369162752
4,1206.86,grad,19461568512
4,1208.111,grad,19553908736
4,1209.484,grad,19507775488
4,1211.556,grad,19507775488
4,1213.053,grad,19517212672
4,1214.353,grad,19517212672
4,1215.615,grad,19533057024
4,1217.102,grad,19546754048
4,1218.366,grad,19607575552
4,1220.286,grad,19661184000
4,1221.749,grad,19799661568
4,1223.015,grad,19738844160
4,1225.277,grad,19746188288
4,1226.75,grad,19755625472
4,1228.013,grad,19755625472
4,1229.271,grad,19771469824
4,1230.785,grad,19785166848
4,1232.037,grad,19846053888
4,1233.979,grad,19899596800
4,1235.253,grad,20030734336
4,1236.584,grad,19984601088
4,1238.873,grad,19984601088
4,1240.335,grad,19994038272
4,1241.597,grad,19994038272
4,1242.861,grad,20009882624
4,1244.381,grad,20023579648
4,1245.657,grad,20084401152
4,1247.695,grad,20138009600
4,1248.951,grad,20269147136
4,1250.196,grad,20215669760
4,1252.421,grad,20223013888
4,1253.885,grad,20232451072
4,1255.15,grad,20239791104
4,1256.581,grad,20240839680
4,1258.244,grad,20269332480
4,1259.509,grad,20322879488
4,1261.46,grad,20376422400
4,1262.764,grad,20507559936
4,1264.069,grad,20461426688
4,1266.219,grad,20461426688
4,1267.745,grad,20470863872
4,1269.083,grad,20470863872
4,1270.402,grad,20486708224
4,1271.938,grad,20500405248
4,1273.254,grad,20561226752
4,1275.49,grad,20614835200
4,1276.79,grad,20753312768
4,1278.105,grad,20699835392
4,1280.362,grad,20699839488
4,1281.83,grad,20709276672
4,1283.125,grad,20709276672
4,1284.401,grad,20725005312
4,1285.987,grad,20738818048
4,1287.244,grad,20799705088
4,1289.158,grad,20853248000
4,1290.436,grad,20991725568
4,1291.754,grad,20938252288
4,1294.029,grad,20938252288
4,1295.498,grad,20947689472
4,1296.809,grad,20947689472
4,1298.065,grad,20956078080
4,1299.652,grad,20977230848
4,1300.919,grad,21038052352
4,1302.862,grad,21091660800
4,1304.159,grad,21222798336
4,1305.502,grad,21176665088
4,1307.559,grad,21176665088
4,1309.014,grad,21186102272
4,1310.325,grad,21186102272
4,1312.373,grad,21194490880
4,1314.218,grad,21215643648
4,1315.558,grad,21276465152
4,1317.539,grad,21330073600
4,1318.835,grad,21461211136
4,1320.117,grad,21415073792
4,1322.309,grad,21415077888
4,1323.814,grad,21424515072
4,1325.117,grad,21424515072
4,1326.41,grad,21440359424
4,1327.965,grad,21454056448
4,1329.265,grad,21514943488
4,1331.194,grad,21568486400
4,1332.673,grad,21721644032
4,1333.946,grad,21646146560
4,1336.219,grad,21653490688
4,1337.7,grad,21662927872
4,1338.971,grad,21662927872
4,1340.223,grad,21678656512
4,1341.785,grad,21692469248
4,1343.05,grad,21753356288
4,1344.946,grad,21806899200
4,1346.248,grad,21938036736
4,1347.523,grad,21891903488
4,1349.875,grad,21891903488
4,1351.424,grad,21901340672
4,1352.677,grad,21901340672
4,1353.942,grad,21917185024
4,1355.515,grad,21930882048
4,1356.767,grad,21991703552
4,1358.757,grad,22045312000
4,1360.018,grad,22198469632
4,1361.37,grad,22130316288
4,1363.467,grad,22130316288
4,1364.919,grad,22139753472
4,1366.197,grad,22147093504
4,1367.458,grad,22148142080
4,1369.287,grad,22169294848
4,1370.553,grad,22230116352
4,1372.557,grad,22283724800
4,1373.845,grad,22414862336
4,1375.162,grad,22368729088
4,1377.271,grad,22368729088
4,1378.752,grad,22378166272
4,1380.017,grad,22378166272
4,1381.273,grad,22386554880
4,1382.883,grad,22407707648
4,1384.157,grad,22468594688
4,1386.079,grad,22522137600
4,1387.544,grad,22675295232
4,1388.812,grad,22607137792
4,1390.992,grad,22607141888
4,1392.544,grad,22616579072
4,1393.825,grad,22623919104
4,1395.118,grad,22632423424
4,1396.672,grad,22646120448
4,1397.929,grad,22707007488
4,1399.812,grad,22760550400
4,1401.122,grad,22891687936
4,1402.426,grad,22845554688
4,1404.13,grad,23772434944
4,1405.434,grad,23772452352
4,1407.838,grad,23765095936
4,1409.1,grad,23453669376
4,1410.347,grad,23453669376
4,1411.579,grad,23453669376
4,1413.122,grad,23453670912
4,1414.862,grad,22842334208
4,1416.185,grad,22841017344
4,1417.568,grad,22794814464
4,1418.825,grad,22790292480
4,1420.546,grad,22662040576
4,1421.813,grad,22670357504
4,1423.527,grad,22626070528
4,1425.202,grad,22626136064
4,1426.516,grad,22645010432
4,1427.947,grad,22621253632
4,1429.636,grad,22622795776
4,1430.892,grad,22626525184
4,1432.168,grad,22568001536
4,1433.425,grad,22539362304
4,1434.676,grad,22442565632
4,1435.987,grad,22442567680
4,1437.237,grad,22418247680
4,1438.59,grad,22399192576
4,1439.988,grad,22399257600
4,1441.246,grad,22403451904
4,1442.669,grad,22394375168
4,1444.376,grad,22395917312
4,1445.705,grad,22387260416
4,1447.044,grad,22341057536
4,1448.31,grad,22336863232
4,1449.991,grad,22209332224
4,1451.274,grad,22202838016
4,1453.125,grad,22173427712
4,1454.722,grad,22173362176
4,1456.025,grad,22192236544
4,1457.457,grad,22168479744
4,1459.114,grad,22170087424
4,1460.393,grad,22239975424
4,1461.695,grad,22116177920
4,1462.943,grad,22189250560
4,1464.698,grad,21983404032
4,1465.956,grad,21991655424
4,1467.635,grad,21947500032
4,1469.119,grad,21947433984
4,1470.37,grad,21966308352
4,1471.774,grad,21942551552
4,1473.644,grad,21944159232
4,1474.93,grad,21935567872
4,1476.374,grad,21889364992
4,1477.63,grad,21884843008
4,1479.338,grad,21756591104
4,1480.599,grad,21750096896
4,1482.169,grad,21720555520
4,1483.707,grad,21720621056
4,1485.029,grad,21739495424
4,1486.48,grad,21715738624
4,1488.119,grad,21716756480
4,1489.322,grad,21708623872
4,1490.675,grad,21662420992
4,1491.923,grad,21735755776
4,1493.674,grad,21529909248
4,1494.964,grad,21538095104
4,1496.651,grad,21494004736
4,1498.409,grad,21493939200
4,1499.727,grad,21512813568
4,1501.14,grad,21489056768
4,1502.792,grad,21490140160
4,1504.059,grad,21482826752
4,1505.414,grad,21436689408
4,1506.662,grad,21432167424
4,1508.396,grad,21303915520
4,1509.655,grad,21312101376
4,1511.26,grad,21268011008
4,1512.792,grad,21267945472
4,1514.062,grad,21286885376
4,1515.515,grad,21263063040
4,1517.409,grad,21264146432
4,1518.699,grad,21333608448
4,1520.019,grad,21209810944
4,1521.274,grad,21205288960
4,1522.903,grad,21077037056
4,1524.161,grad,21085288448
4,1525.862,grad,21041067008
4,1527.413,grad,21041067008
4,1528.688,grad,21060006912
4,1530.055,grad,21036184576
4,1531.681,grad,21037267968
4,1532.914,grad,21106664448
4,1534.19,grad,20982932480
4,1535.481,grad,20939678720
4,1537.227,grad,20850224128
4,1538.498,grad,20858409984
4,1539.741,grad,20838487040
4,1541.019,grad,20814254592
4,1542.407,grad,20814188544
4,1543.671,grad,20816285696
4,1545.049,grad,20809306112
4,1546.789,grad,20810389504
4,1548.086,grad,20802256896
4,1549.447,grad,20756054016
4,1550.696,grad,20829126656
4,1552.373,grad,20623280128
4,1553.608,grad,20616785920
4,1555.156,grad,20587375616
4,1556.811,grad,20587310080
4,1558.208,grad,20606184448
4,1559.709,grad,20582427648
4,1561.978,grad,20583511040
4,1563.276,grad,20652973056
4,1564.621,grad,20529175552
4,1565.891,grad,20485921792
4,1567.672,grad,20396467200
4,1568.927,grad,20404653056
4,1570.563,grad,20360497152
4,1572.043,grad,20360431616
4,1573.315,grad,20364625920
4,1574.684,grad,20355549184
4,1576.404,grad,20356632576
4,1577.654,grad,20426160128
4,1578.941,grad,20302362624
4,1580.193,grad,20375435264
4,1581.873,grad,20169588736
4,1583.127,grad,20163094528
4,1584.665,grad,20133553152
4,1586.523,grad,20133618688
4,1587.821,grad,20152558592
4,1589.197,grad,20128736256
4,1590.873,grad,20129754112
4,1592.123,grad,20121621504
4,1593.404,grad,20075484160
4,1594.647,grad,20148556800
4,1596.369,grad,19942710272
4,1597.61,grad,19950961664
4,1599.245,grad,19906674688
4,1600.786,grad,19906674688
4,1602.304,grad,19901300736
4,1603.556,grad,19909165056
4,1605.423,grad,19902875648
4,1606.707,grad,19894677504
4,1607.952,grad,19848540160
4,1609.221,grad,19921612800
4,1610.92,grad,19715766272
4,1612.174,grad,19709337600
4,1613.72,grad,19679861760
4,1615.243,grad,19679861760
4,1616.583,grad,19698736128
4,1617.984,grad,19674979328
4,1619.641,grad,19676062720
4,1620.886,grad,19667864576
4,1622.126,grad,19582864384
4,1623.467,grad,19619564544
4,1624.991,grad,19488887808
4,1626.249,grad,19497204736
4,1627.899,grad,19452983296
4,1629.673,grad,19452983296
4,1630.936,grad,19471857664
4,1632.398,grad,19448100864
4,1634.015,grad,19449184256
4,1635.257,grad,19518515200
4,1636.633,grad,19394783232
4,1637.886,grad,19390261248
4,1639.618,grad,19262140416
4,1640.864,grad,19270326272
4,1642.495,grad,19226170368
4,1643.982,grad,19226170368
4,1645.272,grad,19245044736
4,1646.769,grad,19221287936
4,1648.59,grad,19222371328
4,1649.876,grad,19226559488
4,1651.204,grad,19168035840
4,1652.485,grad,19139396608
4,1653.739,grad,19042599936
4,1655.039,grad,19042601984
4,1656.328,grad,19014087680
4,1657.722,grad,18999292416
4,1659.305,grad,18999291904
4,1660.633,grad,19018166272
4,1662.079,grad,18994409472
4,1663.837,grad,18995492864
4,1665.084,grad,18987294720
4,1666.352,grad,18941157376
4,1667.601,grad,18897838080
4,1669.384,grad,18808383488
4,1670.638,grad,18816634880
4,1672.242,grad,18772413440
4,1673.975,grad,18772413440
4,1675.225,grad,18791418880
4,1676.671,grad,18767531008
4,1678.355,grad,18768614400
4,1679.597,grad,18838076416
4,1680.885,grad,18714278912
4,1682.129,grad,18709756928
4,1683.828,grad,18581570560
4,1685.081,grad,18589821952
4,1686.755,grad,18545601024
4,1688.282,grad,18545600512
4,1689.576,grad,18564540416
4,1690.966,grad,18540390400
4,1692.625,grad,18541801472
4,1693.867,grad,18545989632
4,1695.167,grad,18487138304
4,1696.45,grad,18451159040
4,1697.706,grad,18392832000
4,1699.113,grad,18361376768
4,1700.313,grad,18332862464
4,1701.635,grad,18318067200
4,1703.022,grad,18318066688
4,1704.257,grad,18337072128
4,1705.673,grad,18313184256
4,1707.487,grad,18314267648
4,1708.744,grad,18306462720
4,1710.007,grad,18221528064
4,1711.254,grad,18255803392
4,1712.893,grad,18127223808
4,1714.154,grad,18120729600
4,1715.686,grad,18090926080
4,1717.51,grad,18090926080
4,1718.8,grad,18109865984
4,1720.191,grad,18086043648
4,1721.832,grad,18087127040
4,1723.086,grad,18156589056
4,1724.384,grad,18032791552
4,1725.637,grad,17989472256
4,1727.484,grad,17900017664
4,1728.744,grad,17908269056
4,1730.393,grad,17864047616
4,1731.891,grad,17864047616
4,1733.13,grad,17882987520
4,1734.562,grad,17859165184
4,1736.438,grad,17860248576
4,1737.793,grad,17851788288
4,1739.172,grad,17805585408
4,1740.433,grad,17761938432
4,1742.184,grad,17672877056
4,1743.445,grad,17681128448
4,1745.076,grad,17636907008
4,1746.638,grad,17636907008
4,1747.996,grad,17655846912
4,1749.439,grad,17631696896
4,1751.076,grad,17632780288
4,1752.316,grad,17624647680
4,1753.644,grad,17578444800
4,1754.911,grad,17573922816
4,1756.763,grad,17445736448
4,1758.07,grad,17439307776
4,1759.8,grad,17409766400
4,1761.645,grad,17409766400
4,1762.986,grad,17428706304
4,1764.45,grad,17404883968
4,1766.131,grad,17405967360
4,1767.492,grad,17475429376
4,1768.88,grad,17351631872
4,1770.162,grad,17347109888
4,1771.885,grad,17218923520
4,1773.163,grad,17212429312
4,1774.777,grad,17182953472
4,1776.323,grad,17182953472
4,1777.609,grad,17201893376
4,1779.047,grad,17178071040
4,1780.92,grad,17179154432
4,1782.206,grad,17248616448
4,1783.519,grad,17124818944
4,1784.777,grad,17081499648
4,1786.536,grad,16992045056
4,1787.797,grad,17000296448
4,1789.461,grad,16956075008
4,1790.945,grad,16956075008
4,1792.183,grad,16958106624
4,1793.588,grad,16951192576
4,1795.197,grad,16952275968
4,1796.447,grad,17021737984
4,1797.744,grad,16897940480
4,1799.0,grad,16854621184
4,1800.771,grad,16765232128
4,1802.013,grad,16758344704
4,1803.248,grad,16753495040
4,1804.729,grad,16729262592
4,1806.328,grad,16729262080
4,1807.596,grad,16747481088
4,1809.602,grad,16724379648
4,1811.524,grad,16725463040
4,1812.771,grad,16714905600
4,1814.124,grad,16671127552
4,1815.311,grad,16634755072
4,1816.547,grad,16591501312
4,1818.207,grad,16538419200
4,1819.479,grad,16538871808
4,1820.726,grad,16514623488
4,1822.063,grad,16495109632
4,1823.659,grad,16494846976
4,1824.896,grad,16513131520
4,1826.767,grad,16489964544
4,1828.025,grad,16480035840
4,1829.277,grad,16480035840
4,1830.531,grad,16480035840
4,1832.405,grad,16480035328
4,1834.501,grad,16480035328
4,1835.751,grad,16480035328
4,1837.068,grad,16480035328
4,1838.347,grad,16480035328
4,1841.848,grad,16480035328
4,1843.139,grad,16480035328
4,1845.398,grad,16480035328
4,1846.662,grad,16480102912
4,1847.98,grad,16480038912
4,1849.288,grad,16480102400
4,1850.545,grad,16480495616
4,1851.79,grad,16480561152
4,1853.03,grad,16480039424
4,1854.311,grad,16480038912
4,1855.592,grad,16480496128
4,1856.836,grad,16480036864
4,1858.134,grad,16480038912
4,1859.414,grad,16480036864
4,1860.702,grad,16480495616
4,1861.943,grad,16480037376
4,1863.209,grad,16480495616
4,1864.497,grad,16480038912
4,1865.74,grad,16480102400
4,1866.978,grad,16480496128
4,1868.264,grad,16480102400
4,1869.558,grad,16480036864
4,1870.839,grad,16480038912
4,1872.075,grad,16480496128
4,1873.309,grad,16480037376
4,1874.562,grad,16480036864
4,1875.856,grad,16480036864
4,1877.173,grad,16480495616
4,1878.44,grad,16480036864
4,1879.732,grad,16480495616
4,1880.993,grad,16480038912
4,1882.238,grad,16480102912
4,1883.496,grad,16480496128
4,1884.81,grad,16480102400
4,1886.068,grad,16480037376
4,1887.323,grad,16480038912
4,1888.577,grad,16480496128
4,1889.848,grad,16480037376
4,1891.083,grad,16480039424
4,1892.321,grad,16480103936
4,1893.557,grad,16486039040
4,1894.833,grad,16487545344
4,1896.102,grad,16494295040
4,1897.355,grad,16497866752
4,1898.609,grad,16502880768
4,1899.909,grad,16507239424
4,1901.149,grad,16509106688
4,1902.44,grad,16513333248
4,1903.683,grad,16515954688
4,1905.016,grad,16520247296
4,1906.255,grad,16524606464
4,1907.507,grad,16526538752
4,1908.804,grad,16530896896
4,1910.059,grad,16533453312
4,1911.361,grad,16537745408
4,1912.642,grad,16542103552
4,1913.915,grad,16543611392
4,1915.148,grad,16548198912
4,1916.412,grad,16550983680
4,1917.697,grad,16555047424
4,1918.952,grad,16559406080
4,1920.203,grad,16560912384
4,1921.462,grad,16565499904
4,1922.718,grad,16568056320
4,1923.956,grad,16572348416
4,1925.234,grad,16575625216
4,1926.521,grad,16578705408
4,1927.813,grad,16582932480
4,1929.144,grad,16585488384
4,1930.463,grad,16589093376
4,1931.802,grad,16592928256
4,1933.134,grad,16596006912
4,1934.415,grad,16600233984
4,1935.683,grad,16602789888
4,1936.977,grad,16607082496
4,1938.34,grad,16611638784
4,1939.692,grad,16613145088
4,1940.988,grad,16617732608
4,1942.3,grad,16620517376
4,1943.627,grad,16624580608
4,1944.905,grad,16628938752
4,1946.212,grad,16630446080
4,1947.513,grad,16635034112
4,1948.812,grad,16637361664
4,1950.109,grad,16641194496
4,1951.403,grad,16644799488
4,1952.642,grad,16647879168
4,1953.889,grad,16647699968
4,1955.132,grad,16647735808
4,1956.39,grad,16647772672
4,1957.634,grad,16647809536
4,1958.905,grad,16647837184
4,1960.163,grad,16647874048
4,1961.42,grad,16494786048
4,1962.664,grad,16320525824
4,1963.898,grad,16348182016
4,1965.155,grad,16381474304
4,1966.399,grad,16414406144
4,1967.639,grad,16447763968
4,1968.907,grad,16482432512
4,1970.168,grad,16350606848
4,1971.438,grad,16219829760
4,1972.681,grad,16139373056
4,1978.944,grad,16139249152
4,1985.321,grad,16139257344
4,1991.68,grad,16139257344
4,1998.043,grad,16139257344
4,2002.174,grad,16139257344
4,2003.448,grad,16146734592
4,2005.105,grad,16146863616
4,2007.517,grad,16154203648
4,2009.108,grad,16163640832
4,2010.429,grad,16163640832
4,2011.718,grad,16172029440
4,2013.443,grad,16193182208
4,2014.712,grad,16254003712
4,2016.725,grad,16307612160
4,2017.988,grad,16446089728
4,2019.433,grad,16385272320
4,2021.711,grad,16392616448
4,2023.229,grad,16402053632
4,2024.506,grad,16402053632
4,2025.753,grad,16417782272
4,2027.411,grad,16431595008
4,2028.681,grad,16492416512
4,2030.699,grad,16546024960
4,2031.998,grad,16677162496
4,2033.309,grad,16631029248
4,2035.357,grad,16631029248
4,2036.798,grad,16640466432
4,2038.053,grad,16640466432
4,2039.343,grad,16648855552
4,2041.109,grad,16670007808
4,2042.316,grad,16730829312
4,2044.332,grad,16784437760
4,2045.655,grad,16937595392
4,2046.979,grad,16869437952
4,2049.193,grad,16869442048
4,2050.679,grad,16878879232
4,2051.946,grad,16878879232
4,2053.209,grad,16894723584
4,2054.771,grad,16908420608
4,2056.127,grad,16969242112
4,2058.205,grad,17022850560
4,2059.515,grad,17146648064
4,2060.97,grad,17107850752
4,2063.167,grad,17107854848
4,2064.628,grad,17117292032
4,2065.912,grad,17117292032
4,2067.188,grad,17133135872
4,2068.776,grad,17146833408
4,2070.038,grad,17207654912
4,2072.026,grad,17261263360
4,2073.347,grad,17392400896
4,2074.715,grad,17346267648
4,2076.963,grad,17346267648
4,2078.445,grad,17355704832
4,2079.711,grad,17355704832
4,2080.965,grad,17371549184
4,2082.476,grad,17385246208
4,2083.727,grad,17446067712
4,2085.706,grad,17499676160
4,2086.958,grad,17652833792
4,2088.321,grad,17584680448
4,2090.385,grad,17584680448
4,2091.84,grad,17594117632
4,2093.104,grad,17594117632
4,2094.315,grad,17602506240
4,2095.903,grad,17623659008
4,2097.342,grad,17684480512
4,2099.311,grad,17738088960
4,2100.583,grad,17891246592
4,2101.93,grad,17823093248
4,2104.057,grad,17823093248
4,2105.582,grad,17832530432
4,2106.851,grad,17832530432
4,2108.122,grad,17848374272
4,2109.728,grad,17862071808
4,2111.035,grad,17922893312
4,2113.053,grad,17976501760
4,2114.313,grad,18114979328
4,2116.556,grad,18061501952
4,2118.824,grad,18061620736
4,2120.287,grad,18070943232
4,2121.686,grad,18070943232
4,2123.002,grad,18086787584
4,2124.56,grad,18100484608
4,2125.86,grad,18161371648
4,2127.85,grad,18214914560
4,2129.182,grad,18368072192
4,2130.565,grad,18299918848
4,2132.697,grad,18299918848
4,2134.163,grad,18309356032
4,2135.572,grad,18309356032
4,2136.838,grad,18325084672
4,2138.434,grad,18338897408
4,2139.693,grad,18399718912
4,2141.657,grad,18453327360
4,2142.914,grad,18584464896
4,2144.255,grad,18538331648
4,2146.386,grad,18538331648
4,2147.869,grad,18547768832
4,2149.145,grad,18547768832
4,2150.442,grad,18563613184
4,2151.99,grad,18577310208
4,2153.253,grad,18638131712
4,2155.598,grad,18730537472
4,2156.967,grad,18776740352
4,2158.265,grad,18776744448
4,2160.424,grad,18776744448
4,2161.894,grad,18786181632
4,2163.182,grad,18786181632
4,2164.499,grad,18802025984
4,2166.014,grad,18815723008
4,2167.303,grad,18876610048
4,2169.197,grad,18930152960
4,2170.499,grad,19083310592
4,2171.842,grad,19015157248
4,2174.146,grad,19015157248
4,2175.642,grad,19024594432
4,2176.916,grad,19024594432
4,2178.174,grad,19040323072
4,2179.788,grad,19054135808
4,2181.048,grad,19114957312
4,2183.0,grad,19168565760
4,2184.278,grad,19307043328
4,2185.59,grad,19253570048
4,2187.804,grad,19253570048
4,2189.27,grad,19263007232
4,2190.557,grad,19263007232
4,2191.819,grad,19278850560
4,2193.601,grad,19292548608
4,2194.891,grad,19353370112
4,2196.925,grad,19445775872
4,2198.178,grad,19545456128
4,2199.472,grad,19491978752
4,2201.651,grad,19491982848
4,2203.176,grad,19501420032
4,2204.448,grad,19501420032
4,2205.704,grad,19509808640
4,2207.307,grad,19530961408
4,2208.55,grad,19591782912
4,2210.509,grad,19645391360
4,2211.79,grad,19798548992
4,2213.211,grad,19723051520
4,2215.436,grad,19730395648
4,2216.868,grad,19739832832
4,2218.142,grad,19739832832
4,2219.41,grad,19755676160
4,2220.981,grad,19769374208
4,2222.26,grad,19830261248
4,2224.164,grad,19883804160
4,2225.44,grad,20022281728
4,2226.688,grad,19968808448
4,2228.907,grad,19968808448
4,2230.559,grad,19978245632
4,2231.871,grad,19978245632
4,2233.161,grad,19986634240
4,2234.782,grad,20007787008
4,2236.039,grad,20068608512
4,2238.002,grad,20122216960
4,2239.257,grad,20275374592
4,2240.632,grad,20207221248
4,2242.717,grad,20207335936
4,2244.181,grad,20216658432
4,2245.467,grad,20216658432
4,2246.739,grad,20232502784
4,2248.302,grad,20246199808
4,2249.575,grad,20292341248
4,2251.702,grad,20360629760
4,2252.962,grad,20499107328
4,2254.288,grad,20445634048
4,2256.427,grad,20445634048
4,2257.911,grad,20455071232
4,2259.177,grad,20455071232
4,2260.469,grad,20470799872
4,2262.062,grad,20484612608
4,2263.32,grad,20545434112
4,2265.288,grad,20599042560
4,2266.546,grad,20737520128
4,2267.94,grad,20676702720
4,2270.218,grad,20684046848
4,2271.727,grad,20693484032
4,2272.997,grad,20693484032
4,2274.258,grad,20709328384
4,2275.787,grad,20723025408
4,2277.04,grad,20783912448
4,2278.915,grad,20837455360
4,2280.175,grad,20990612992
4,2281.544,grad,20922459648
4,2283.641,grad,20922459648
4,2285.129,grad,20931896832
4,2286.536,grad,20931896832
4,2287.792,grad,20940285440
4,2289.379,grad,20961438208
4,2290.631,grad,21022325248
4,2292.55,grad,21075868160
4,2293.83,grad,21207005696
4,2295.148,grad,21160872448
4,2297.19,grad,21160872448
4,2298.632,grad,21170309632
4,2299.909,grad,21177649664
4,2301.177,grad,21186153984
4,2302.693,grad,21199851008
4,2303.947,grad,21260738048
4,2306.034,grad,21314280960
4,2307.305,grad,21467438592
4,2308.561,grad,21399281152
4,2310.034,grad,21399285248
4,2312.181,grad,21399285248
4,2313.825,grad,21408722432
4,2315.126,grad,21408722432
4,2316.434,grad,21417111040
4,2318.098,grad,21438263808
4,2319.32,grad,21484405248
4,2321.394,grad,21552693760
4,2322.668,grad,21705851392
4,2323.985,grad,21630353920
4,2326.427,grad,21637698048
4,2327.906,grad,21647135232
4,2329.198,grad,21654475264
4,2330.472,grad,21655523840
4,2332.079,grad,21676676608
4,2333.349,grad,21737498112
4,2335.591,grad,21791106560
4,2336.873,grad,21944264192
4,2338.143,grad,21876106752
4,2340.367,grad,21876110848
4,2341.822,grad,21885548032
4,2343.092,grad,21885548032
4,2345.169,grad,21893936640
4,2347.08,grad,21915089408
4,2348.326,grad,21975910912
4,2350.456,grad,22029519360
4,2351.732,grad,22169045504
4,2352.989,grad,22114523648
4,2355.198,grad,22114523648
4,2356.676,grad,22123960832
4,2357.939,grad,22123960832
4,2359.203,grad,22139689472
4,2360.785,grad,22154550784
4,2362.048,grad,22214323712
4,2364.056,grad,22267932160
4,2365.506,grad,22422138368
4,2366.797,grad,22345592320
4,2368.989,grad,22353985024
4,2370.464,grad,22363422208
4,2371.72,grad,22363422208
4,2372.982,grad,22379266560
4,2374.555,grad,22392963584
4,2375.806,grad,22453850624
4,2377.697,grad,22507393536
4,2378.951,grad,22645871104
4,2380.275,grad,22592397824
4,2382.511,grad,22592397824
4,2383.979,grad,22601835008
4,2385.252,grad,22601835008
4,2386.536,grad,22617679360
4,2388.053,grad,22631376384
4,2389.319,grad,22692197888
4,2391.247,grad,22745806336
4,2392.534,grad,22885332480
4,2394.043,grad,22830810624
4,2395.369,grad,23757756416
4,2396.607,grad,23757775360
4,2398.682,grad,23750417408
4,2399.935,grad,23438990848
4,2401.188,grad,23438990848
4,2402.446,grad,23438990848
4,2404.225,grad,23438992384
4,2406.025,grad,22827655680
4,2407.428,grad,22826338816
4,2408.88,grad,22780135936
4,2410.176,grad,22744156672
4,2412.085,grad,22647362048
4,2413.348,grad,22640933376
4,2415.08,grad,22611392000
4,2416.609,grad,22611392000
4,2417.89,grad,22630266368
4,2419.387,grad,22606509568
4,2421.032,grad,22608117248
4,2422.274,grad,22677054976
4,2423.613,grad,22553257472
4,2424.877,grad,22548735488
4,2426.607,grad,22420483584
4,2427.855,grad,22428734976
4,2429.508,grad,22384513536
4,2431.243,grad,22384513536
4,2432.579,grad,22403387904
4,2434.004,grad,22378582528
4,2435.675,grad,22380190208
4,2436.941,grad,22371467776
4,2438.175,grad,22286533120
4,2439.448,grad,22320808448
4,2441.048,grad,22192556544
4,2442.299,grad,22200807936
4,2443.988,grad,22157635072
4,2445.54,grad,22156586496
4,2446.788,grad,22175526400
4,2448.162,grad,22151704064
4,2449.457,grad,22153311744
4,2450.709,grad,22134431232
4,2452.364,grad,22098451968
4,2453.598,grad,22062472704
4,2454.856,grad,21980356096
4,2456.154,grad,21973018112
4,2457.43,grad,21944503808
4,2458.675,grad,21929708032
4,2460.144,grad,21929708032
4,2461.415,grad,21948582400
4,2462.833,grad,21924825600
4,2464.52,grad,21925908992
4,2465.789,grad,21995371008
4,2467.061,grad,21871573504
4,2468.306,grad,21867051520
4,2469.956,grad,21738799616
4,2471.479,grad,21732370944
4,2473.185,grad,21702829568
4,2474.719,grad,21702829568
4,2475.977,grad,21721703936
4,2477.408,grad,21697947136
4,2479.04,grad,21699030528
4,2480.283,grad,21768492544
4,2481.599,grad,21644695040
4,2482.845,grad,21640173056
4,2484.606,grad,21511986688
4,2485.869,grad,21520238080
4,2487.523,grad,21476016640
4,2489.002,grad,21476016640
4,2490.248,grad,21494956544
4,2491.886,grad,21471134208
4,2493.617,grad,21472217600
4,2494.865,grad,21541679616
4,2496.142,grad,21417882112
4,2497.409,grad,21413360128
4,2499.092,grad,21285108224
4,2500.337,grad,21293359616
4,2501.96,grad,21249138176
4,2503.519,grad,21249138176
4,2504.791,grad,21268012544
4,2506.207,grad,21244255744
4,2507.863,grad,21245339136
4,2509.117,grad,21314735616
4,2510.415,grad,21191003648
4,2511.737,grad,21186481664
4,2513.55,grad,21058229760
4,2515.053,grad,21051801088
4,2516.735,grad,21022259712
4,2518.261,grad,21022259712
4,2519.563,grad,21024291328
4,2521.037,grad,21017377280
4,2522.718,grad,21018460672
4,2523.972,grad,21010328064
4,2525.371,grad,20964125184
4,2526.624,grad,20959603200
4,2528.35,grad,20831416832
4,2529.591,grad,20839668224
4,2530.832,grad,20829116928
4,2532.089,grad,20795446784
4,2533.333,grad,20824806912
4,2534.881,grad,20790072832
4,2536.247,grad,20790564352
4,2537.95,grad,20791647744
4,2539.201,grad,20861109760
4,2540.506,grad,20737312256
4,2541.761,grad,20732790272
4,2543.498,grad,20604538368
4,2544.758,grad,20598109696
4,2546.427,grad,20568568320
4,2547.974,grad,20568568320
4,2549.239,grad,20587508224
4,2550.65,grad,20563685888
4,2552.282,grad,20564769280
4,2553.561,grad,20556636672
4,2554.938,grad,20510433792
4,2556.183,grad,20505977344
4,2557.975,grad,20377725440
4,2559.244,grad,20385583616
4,2560.505,grad,20341755392
4,2561.761,grad,20342803968
4,2563.115,grad,20371639808
4,2564.565,grad,20336381440
4,2565.825,grad,20344212992
4,2567.372,grad,20337956352
4,2568.625,grad,20407418368
4,2569.9,grad,20283620864
4,2571.147,grad,20279098880
4,2572.763,grad,20150846976
4,2574.021,grad,20159098368
4,2575.683,grad,20114876928
4,2577.185,grad,20114876928
4,2578.476,grad,20133751296
4,2580.091,grad,20109994496
4,2581.747,grad,20111077888
4,2583.019,grad,20180539904
4,2584.395,grad,20056742400
4,2585.644,grad,20052220416
4,2587.356,grad,19924034048
4,2588.607,grad,19932285440
4,2590.216,grad,19888064000
4,2591.695,grad,19888064000
4,2592.963,grad,19890030080
4,2594.374,grad,19883181568
4,2596.007,grad,19884264960
4,2597.276,grad,19876066816
4,2598.59,grad,19829929472
4,2599.84,grad,19825407488
4,2601.559,grad,19697221120
4,2602.814,grad,19704555008
4,2604.091,grad,19696551424
4,2605.371,grad,19661251584
4,2606.735,grad,19661251072
4,2608.009,grad,19665445376
4,2609.395,grad,19656368640
4,2611.008,grad,19657452032
4,2612.251,grad,19726848512
4,2613.578,grad,19603116544
4,2614.861,grad,19559797248
4,2616.595,grad,19470408192
4,2617.865,grad,19463913984
4,2619.114,grad,19466011136
4,2620.41,grad,19434438144
4,2621.671,grad,19463798272
4,2623.176,grad,19429064192
4,2624.602,grad,19429555712
4,2626.376,grad,19430639104
4,2627.63,grad,19422506496
4,2628.967,grad,19376303616
4,2630.217,grad,19371781632
4,2631.939,grad,19243529728
4,2633.187,grad,19251781120
4,2634.881,grad,19207559680
4,2636.429,grad,19207559680
4,2637.699,grad,19226434048
4,2639.095,grad,19202677248
4,2640.734,grad,19203760640
4,2641.968,grad,19273222656
4,2643.246,grad,19149425152
4,2644.522,grad,19144903168
4,2646.306,grad,19016651264
4,2647.579,grad,19024509440
4,2648.871,grad,18996525568
4,2650.157,grad,18980681216
4,2651.447,grad,19010106880
4,2652.882,grad,18975307264
4,2654.145,grad,18983171584
4,2655.726,grad,18976882176
4,2656.993,grad,19046344192
4,2658.422,grad,18922546688
4,2659.722,grad,18840430080
4,2661.604,grad,18789838336
4,2662.854,grad,18798089728
4,2664.545,grad,18753868288
4,2666.135,grad,18753868288
4,2667.426,grad,18772742656
4,2669.041,grad,18748985856
4,2670.72,grad,18750069248
4,2671.974,grad,18819531264
4,2673.268,grad,18695733760
4,2674.553,grad,18691211776
4,2676.351,grad,18562959872
4,2677.608,grad,18571211264
4,2679.229,grad,18526989824
4,2680.743,grad,18526989824
4,2681.984,grad,18545929728
4,2683.374,grad,18522107392
4,2685.057,grad,18523190784
4,2686.308,grad,18515058176
4,2687.636,grad,18468855296
4,2688.888,grad,18464333312
4,2690.614,grad,18336146944
4,2691.851,grad,18329325056
4,2693.725,grad,18300176896
4,2695.264,grad,18300176896
4,2696.576,grad,18319051264
4,2698.02,grad,18295294464
4,2699.721,grad,18296377856
4,2700.984,grad,18365839872
4,2702.285,grad,18242042368
4,2703.544,grad,18237520384
4,2705.343,grad,18109661696
4,2706.593,grad,18117913088
4,2708.223,grad,18073691648
4,2709.75,grad,18073691648
4,2711.023,grad,18092566016
4,2712.668,grad,18068809216
4,2714.36,grad,18069892608
4,2715.644,grad,18061760000
4,2716.958,grad,18015557120
4,2718.204,grad,18011035136
4,2719.928,grad,17882783232
4,2721.191,grad,17890969088
4,2722.831,grad,17846813184
4,2724.355,grad,17846813184
4,2725.607,grad,17865622016
4,2727.128,grad,17841930752
4,2728.81,grad,17843014144
4,2730.074,grad,17912476160
4,2731.397,grad,17788678656
4,2732.644,grad,17784156672
4,2734.383,grad,17655970304
4,2735.645,grad,17663828480
4,2736.9,grad,17644233216
4,2738.157,grad,17620000256
4,2739.44,grad,17649425920
4,2740.892,grad,17614626304
4,2742.134,grad,17622457856
4,2743.666,grad,17616201216
4,2744.928,grad,17608068608
4,2746.302,grad,17561865728
4,2747.543,grad,17557343744
4,2749.357,grad,17429157376
4,2750.614,grad,17437408768
4,2752.263,grad,17393187840
4,2753.742,grad,17393187328
4,2755.021,grad,17412127232
4,2756.805,grad,17388304896
4,2758.552,grad,17389388288
4,2759.832,grad,17381255680
4,2761.193,grad,17335052800
4,2762.449,grad,17330530816
4,2764.158,grad,17202344448
4,2765.451,grad,17195915776
4,2767.17,grad,17166374400
4,2768.695,grad,17166374400
4,2769.987,grad,17185248768
4,2771.411,grad,17161491968
4,2773.016,grad,17162575360
4,2774.286,grad,17231971840
4,2775.602,grad,17108239872
4,2776.863,grad,17103717888
4,2778.686,grad,16975465984
4,2779.938,grad,16968578560
4,2781.813,grad,16939495936
4,2783.332,grad,16939495936
4,2784.597,grad,16941462016
4,2786.029,grad,16934613504
4,2787.705,grad,16935696896
4,2788.95,grad,16927564288
4,2790.286,grad,16881361408
4,2791.538,grad,16876839424
4,2793.243,grad,16748587520
4,2794.504,grad,16756838912
4,2796.169,grad,16712617472
4,2797.684,grad,16712617472
4,2798.929,grad,16731622912
4,2800.565,grad,16707735040
4,2802.214,grad,16708818432
4,2803.466,grad,16778280448
4,2804.758,grad,16654482944
4,2806.016,grad,16649960960
4,2807.846,grad,16521774592
4,2809.102,grad,16508005888
4,2810.782,grad,16478464512
4,2812.308,grad,16478202368
4,2813.56,grad,16497207808
4,2814.951,grad,16473319936
4,2816.209,grad,16463391232
4,2817.458,grad,16463391232
4,2818.69,grad,16463391232
4,2821.503,grad,16463390720
4,2822.786,grad,16463390720
4,2824.087,grad,16463390720
4,2825.358,grad,16463390720
4,2828.814,grad,16463390720
4,2830.088,grad,16463390720
4,2832.318,grad,16463390720
4,2833.566,grad,16463457792
4,2834.817,grad,16463394304
4,2836.07,grad,16463458304
4,2837.316,grad,16463392768
4,2838.558,grad,16463853056
4,2839.84,grad,16463392256
4,2841.084,grad,16463851008
4,2842.329,grad,16463392256
4,2843.572,grad,16463394816
4,2844.817,grad,16463392768
4,2846.064,grad,16464309760
4,2847.34,grad,16463392768
4,2848.572,grad,16463392256
4,2849.835,grad,16463394304
4,2851.076,grad,16463851008
4,2852.337,grad,16463392256
4,2853.604,grad,16463394304
4,2854.867,grad,16463392768
4,2856.192,grad,16463851520
4,2857.475,grad,16463458304
4,2858.768,grad,16463392256
4,2860.037,grad,16463394816
4,2861.316,grad,16463851520
4,2862.571,grad,16463392256
4,2863.832,grad,16463394304
4,2865.093,grad,16463392256
4,2866.345,grad,16463851520
4,2867.582,grad,16463458304
4,2868.846,grad,16463392768
4,2870.168,grad,16463392256
4,2871.421,grad,16464309760
4,2872.658,grad,16463392768
4,2873.903,grad,16463394304
4,2875.173,grad,16463392256
4,2876.485,grad,16463851008
4,2877.765,grad,16463392256
4,2879.049,grad,16463394304
4,2880.383,grad,16463459328
4,2881.626,grad,16467722752
4,2882.915,grad,16469229056
4,2884.187,grad,16475028992
4,2885.458,grad,16477978112
4,2886.733,grad,16482697216
4,2888.008,grad,16487416320
4,2889.25,grad,16491052544
4,2890.518,grad,16497247232
4,2891.791,grad,16498753024
4,2893.054,grad,16506355200
4,2894.305,grad,16509926912
4,2895.61,grad,16515890688
4,2896.933,grad,16520936960
4,2898.182,grad,16524738048
4,2899.428,grad,16530342400
4,2900.695,grad,16531390464
4,2901.967,grad,16536141312
4,2903.268,grad,16538762752
4,2904.547,grad,16542825984
4,2905.855,grad,16547251200
4,2907.14,grad,16549117440
4,2908.388,grad,16553705472
4,2909.665,grad,16555737600
4,2910.978,grad,16559341568
4,2912.232,grad,16561963008
4,2913.497,grad,16566025728
4,2914.774,grad,16570515968
4,2916.062,grad,16572022272
4,2917.436,grad,16576609792
4,2918.704,grad,16579165696
4,2919.947,grad,16583720960
4,2921.297,grad,16587554304
4,2922.625,grad,16590634496
4,2923.865,grad,16595222528
4,2925.125,grad,16597189632
4,2926.454,grad,16601021952
4,2927.703,grad,16603414528
4,2928.937,grad,16608067072
4,2930.214,grad,16611967488
4,2931.595,grad,16613473792
4,2932.861,grad,16618061824
4,2934.116,grad,16620846592
4,2935.38,grad,16624909824
4,2936.683,grad,16628055552
4,2937.958,grad,16630906368
4,2939.276,grad,16635723264
4,2940.587,grad,16637690368
4,2941.84,grad,16641523200
4,2943.073,grad,16642249728
4,2944.316,grad,16642286080
4,2945.554,grad,16642321920
4,2946.821,grad,16642349056
4,2948.071,grad,16642383360
4,2949.316,grad,16642417664
4,2950.583,grad,16594271232
4,2951.842,grad,16396221440
4,2953.103,grad,16327179264
4,2954.349,grad,16361683968
4,2955.594,grad,16396712960
4,2956.849,grad,16431315968
4,2958.094,grad,16464018432
4,2959.318,grad,16426695680
4,2960.584,grad,16298605568
4,2961.843,grad,16149871616
4,2963.087,grad,16139157504
4,2969.195,grad,16139119616
4,2975.589,grad,16139127808
4,2981.982,grad,16139127808
4,2988.327,grad,16139127808
4,2992.406,grad,16139127808
4,2993.692,grad,16146605056
4,2995.449,grad,16146734080
4,2997.825,grad,16154139648
4,2999.474,grad,16163576832
4,3000.785,grad,16163576832
4,3002.046,grad,16171965440
4,3003.733,grad,16193118208
4,3004.979,grad,16253939712
4,3007.049,grad,16307548160
4,3008.317,grad,16446025728
4,3009.85,grad,16385208320
4,3012.188,grad,16392552448
4,3013.702,grad,16401989632
4,3014.994,grad,16401989632
4,3016.246,grad,16417718272
4,3017.906,grad,16431531008
4,3019.163,grad,16492352512
4,3021.146,grad,16545960960
4,3022.426,grad,16684438528
4,3023.675,grad,16630965248
4,3025.884,grad,16630965248
4,3027.391,grad,16640402432
4,3028.865,grad,16640402432
4,3030.134,grad,16648791040
4,3031.728,grad,16669943808
4,3032.976,grad,16730765312
4,3034.917,grad,16784373760
4,3036.189,grad,16937531392
4,3037.572,grad,16869378048
4,3039.707,grad,16869378048
4,3041.203,grad,16878815232
4,3042.479,grad,16878815232
4,3043.751,grad,16894659584
4,3045.353,grad,16908356608
4,3046.667,grad,16969178112
4,3048.757,grad,17022786560
4,3050.212,grad,17161264128
4,3051.505,grad,17107786752
4,3053.725,grad,17107790848
4,3055.19,grad,17117228032
4,3056.484,grad,17117228032
4,3057.792,grad,17125616640
4,3059.48,grad,17146769408
4,3060.746,grad,17207590912
4,3062.707,grad,17261199360
4,3063.962,grad,17399676928
4,3065.306,grad,17346203648
4,3067.557,grad,17346203648
4,3069.153,grad,17355640832
4,3070.453,grad,17355640832
4,3071.717,grad,17371485184
4,3073.247,grad,17385182208
4,3074.533,grad,17446069248
4,3076.475,grad,17499612160
4,3077.736,grad,17652769792
4,3079.009,grad,17584612352
4,3081.216,grad,17584616448
4,3082.685,grad,17594053632
4,3083.945,grad,17594053632
4,3085.208,grad,17609782272
4,3087.092,grad,17630935040
4,3088.372,grad,17684416512
4,3090.383,grad,17738024960
4,3091.646,grad,17891182592
4,3092.987,grad,17823029248
4,3095.028,grad,17823029248
4,3096.517,grad,17832466432
4,3097.799,grad,17832466432
4,3099.056,grad,17848195072
4,3100.679,grad,17862007808
4,3101.932,grad,17922894848
4,3103.805,grad,17976437760
4,3105.052,grad,18129595392
4,3106.427,grad,18054097920
4,3108.67,grad,18061442048
4,3110.181,grad,18070879232
4,3111.516,grad,18078219264
4,3112.836,grad,18086723584
4,3114.406,grad,18100420608
4,3115.678,grad,18161307648
4,3117.634,grad,18214850560
4,3118.917,grad,18353328128
4,3120.237,grad,18299850752
4,3122.546,grad,18299854848
4,3124.279,grad,18309292032
4,3125.591,grad,18309292032
4,3126.863,grad,18325020672
4,3128.499,grad,18338833408
4,3129.796,grad,18399654912
4,3131.76,grad,18453263360
4,3133.051,grad,18584400896
4,3134.368,grad,18538267648
4,3136.432,grad,18538267648
4,3137.887,grad,18547704832
4,3139.23,grad,18555044864
4,3140.583,grad,18563549184
4,3142.945,grad,18584586240
4,3144.241,grad,18638133248
4,3146.147,grad,18691676160
4,3147.454,grad,18830153728
4,3148.845,grad,18776680448
4,3150.953,grad,18776680448
4,3152.443,grad,18786117632
4,3153.725,grad,18786117632
4,3154.976,grad,18801961472
4,3156.56,grad,18815659008
4,3157.833,grad,18876546048
4,3159.786,grad,18930088960
4,3161.048,grad,19083246592
4,3162.465,grad,19007749120
4,3164.712,grad,19015093248
4,3166.164,grad,19024530432
4,3167.431,grad,19024530432
4,3168.685,grad,19040374784
4,3170.25,grad,19054071808
4,3171.505,grad,19114958848
4,3173.436,grad,19168501760
4,3174.701,grad,19321659392
4,3176.025,grad,19253506048
4,3178.167,grad,19253506048
4,3179.844,grad,19262943232
4,3181.103,grad,19262943232
4,3182.387,grad,19278787584
4,3183.93,grad,19299824640
4,3185.172,grad,19353371648
4,3187.047,grad,19406914560
4,3188.337,grad,19560072192
4,3189.698,grad,19491918848
4,3191.776,grad,19491918848
4,3193.258,grad,19501356032
4,3194.543,grad,19501356032
4,3195.799,grad,19517200384
4,3197.508,grad,19530897408
4,3198.784,grad,19591784448
4,3200.742,grad,19645327360
4,3201.992,grad,19798484992
4,3203.34,grad,19730331648
4,3205.465,grad,19730331648
4,3206.891,grad,19739768832
4,3208.179,grad,19739768832
4,3209.46,grad,19755613184
4,3211.36,grad,19769310208
4,3212.67,grad,19830131712
4,3214.695,grad,19883740160
4,3215.97,grad,20036897792
4,3217.361,grad,19961400320
4,3219.658,grad,19968744448
4,3221.214,grad,19978181632
4,3222.486,grad,19978181632
4,3223.751,grad,19986570240
4,3225.409,grad,20007723008
4,3226.65,grad,20068544512
4,3228.655,grad,20122152960
4,3229.983,grad,20260630528
4,3231.284,grad,20199813120
4,3233.631,grad,20207157248
4,3235.328,grad,20216594432
4,3236.609,grad,20216594432
4,3237.873,grad,20232438272
4,3239.467,grad,20246135808
4,3240.733,grad,20306957312
4,3242.767,grad,20360565760
4,3244.027,grad,20513723392
4,3245.268,grad,20438225920
4,3247.526,grad,20445570048
4,3249.02,grad,20455007232
4,3250.356,grad,20455007232
4,3251.607,grad,20463395840
4,3253.44,grad,20484548608
4,3254.72,grad,20545370112
4,3256.687,grad,20598978560
4,3257.943,grad,20737456128
4,3259.207,grad,20676638720
4,3261.486,grad,20683982848
4,3262.955,grad,20693420032
4,3264.219,grad,20693420032
4,3265.474,grad,20701808640
4,3267.082,grad,20722961408
4,3268.33,grad,20783782912
4,3270.319,grad,20837391360
4,3271.57,grad,20990548992
4,3272.938,grad,20915051520
4,3275.46,grad,20922395648
4,3276.98,grad,20931832832
4,3278.287,grad,20931832832
4,3279.564,grad,20940221440
4,3281.249,grad,20961374208
4,3282.507,grad,21022195712
4,3284.509,grad,21075804160
4,3285.785,grad,21228961792
4,3287.03,grad,21153464320
4,3289.237,grad,21160808448
4,3290.899,grad,21170245632
4,3292.201,grad,21170245632
4,3293.486,grad,21178634240
4,3295.134,grad,21199787008
4,3296.385,grad,21260608512
4,3298.372,grad,21314216960
4,3299.636,grad,21467374592
4,3300.897,grad,21399217152
4,3303.147,grad,21399221248
4,3304.609,grad,21408658432
4,3305.931,grad,21408658432
4,3307.188,grad,21424502784
4,3309.178,grad,21438199808
4,3310.488,grad,21499021312
4,3312.605,grad,21552629760
4,3313.882,grad,21705787392
4,3315.256,grad,21637634048
4,3317.339,grad,21637634048
4,3318.772,grad,21647071232
4,3320.017,grad,21647071232
4,3321.258,grad,21662915584
4,3322.828,grad,21683952640
4,3324.063,grad,21737499648
4,3325.96,grad,21791042560
4,3327.2,grad,21944200192
4,3328.628,grad,21868702720
4,3330.854,grad,21876046848
4,3332.372,grad,21885484032
4,3333.654,grad,21892824064
4,3334.9,grad,21901328384
4,3336.405,grad,21915025408
4,3337.639,grad,21975846912
4,3339.67,grad,22029455360
4,3340.914,grad,22182612992
4,3342.252,grad,22114459648
4,3344.334,grad,22114459648
4,3345.946,grad,22123896832
4,3347.202,grad,22123896832
4,3348.465,grad,22132285440
4,3350.074,grad,22153438208
4,3351.312,grad,22214259712
4,3353.278,grad,22267868160
4,3354.533,grad,22406345728
4,3355.78,grad,22352872448
4,3357.927,grad,22352872448
4,3359.442,grad,22362309632
4,3360.699,grad,22362309632
4,3361.946,grad,22378153984
4,3364.273,grad,22391851008
4,3365.569,grad,22452672512
4,3367.584,grad,22506280960
4,3368.842,grad,22659438592
4,3370.169,grad,22591285248
4,3372.236,grad,22591285248
4,3373.68,grad,22600722432
4,3374.928,grad,22600722432
4,3376.171,grad,22616566784
4,3377.689,grad,22630263808
4,3378.926,grad,22691085312
4,3380.864,grad,22744693760
4,3382.129,grad,22897851392
4,3383.441,grad,22829698048
4,3385.186,grad,23756643840
4,3386.459,grad,23756662272
4,3388.597,grad,23749304832
4,3389.852,grad,23437878272
4,3391.08,grad,23437878272
4,3392.308,grad,23437878272
4,3394.064,grad,23437879808
4,3395.732,grad,22826543104
4,3396.97,grad,22902820864
4,3398.304,grad,22779023360
4,3399.541,grad,22775549952
4,3401.364,grad,22646249472
4,3402.609,grad,22639820800
4,3404.331,grad,22610279936
4,3405.82,grad,22610279424
4,3407.094,grad,22629153792
4,3408.5,grad,22605396992
4,3409.772,grad,22607004672
4,3411.018,grad,22595468288
4,3412.819,grad,22552144896
4,3414.078,grad,22508825600
4,3415.335,grad,22419371008
4,3416.58,grad,22404688896
4,3417.838,grad,22410836992
4,3419.141,grad,22383401472
4,3420.557,grad,22383400960
4,3421.855,grad,22402275328
4,3423.287,grad,22378518528
4,3424.929,grad,22380126208
4,3426.167,grad,22448998400
4,3427.452,grad,22325266432
4,3428.695,grad,22398339072
4,3430.37,grad,22192492544
4,3431.859,grad,22186063872
4,3433.57,grad,22156522496
4,3435.057,grad,22156522496
4,3436.303,grad,22175462400
4,3437.691,grad,22151640064
4,3439.347,grad,22153247744
4,3440.6,grad,22222185472
4,3441.914,grad,22098387968
4,3443.15,grad,22093865984
4,3444.855,grad,21965614080
4,3446.092,grad,21959119872
4,3447.665,grad,21929644032
4,3449.151,grad,21929644032
4,3450.44,grad,21948518400
4,3452.094,grad,21924761600
4,3453.75,grad,21926369280
4,3454.985,grad,21995241472
4,3456.256,grad,21871509504
4,3457.503,grad,21866987520
4,3459.171,grad,21738735616
4,3460.431,grad,21746987008
4,3462.096,grad,21702765568
4,3463.602,grad,21702765568
4,3464.891,grad,21721639936
4,3466.275,grad,21697883136
4,3467.895,grad,21700015104
4,3469.132,grad,21768363008
4,3470.408,grad,21644631040
4,3471.64,grad,21640109056
4,3473.418,grad,21511857152
4,3474.903,grad,21520108544
4,3476.583,grad,21475887104
4,3478.073,grad,21475887104
4,3479.347,grad,21494761472
4,3480.737,grad,21471004672
4,3482.431,grad,21472088064
4,3483.664,grad,21541812224
4,3484.959,grad,21418014720
4,3486.193,grad,21413492736
4,3487.866,grad,21285240832
4,3489.102,grad,21278746624
4,3490.641,grad,21249270784
4,3492.168,grad,21249270784
4,3493.415,grad,21268145152
4,3495.026,grad,21244388352
4,3496.7,grad,21245471744
4,3497.957,grad,21237273600
4,3499.194,grad,21152338944
4,3500.437,grad,21186614272
4,3502.089,grad,21058362368
4,3503.32,grad,21066613760
4,3504.921,grad,21022392320
4,3506.444,grad,21022392320
4,3507.677,grad,21041332224
4,3509.06,grad,21017509888
4,3510.706,grad,21018593280
4,3511.96,grad,21088055296
4,3513.258,grad,20964257792
4,3514.523,grad,20959801344
4,3516.214,grad,20831549440
4,3517.713,grad,20839800832
4,3518.964,grad,20828200960
4,3520.218,grad,20795579392
4,3521.468,grad,20825005056
4,3522.902,grad,20790205440
4,3524.141,grad,20798069760
4,3525.625,grad,20791780352
4,3526.861,grad,20783582208
4,3528.095,grad,20698647552
4,3529.327,grad,20732922880
4,3530.9,grad,20604736512
4,3532.133,grad,20612987904
4,3533.754,grad,20568766464
4,3535.243,grad,20568766464
4,3536.488,grad,20587706368
4,3538.068,grad,20563884032
4,3539.719,grad,20564967424
4,3540.961,grad,20556769280
4,3542.257,grad,20510631936
4,3543.503,grad,20506109952
4,3545.208,grad,20377858048
4,3546.452,grad,20386109440
4,3548.066,grad,20341888000
4,3549.55,grad,20341888000
4,3550.794,grad,20360827904
4,3552.199,grad,20337005568
4,3553.962,grad,20339006464
4,3555.198,grad,20291093504
4,3556.438,grad,20322550784
4,3557.726,grad,20281656320
4,3559.239,grad,20150979584
4,3560.499,grad,20158837760
4,3562.4,grad,20115009536
4,3563.886,grad,20115009536
4,3565.149,grad,20133883904
4,3566.56,grad,20110127104
4,3568.162,grad,20111210496
4,3569.405,grad,20180672512
4,3570.675,grad,20056875008
4,3571.921,grad,20052353024
4,3573.685,grad,19924101120
4,3574.925,grad,19917606912
4,3576.455,grad,19888131072
4,3577.945,grad,19888131072
4,3579.205,grad,19907005440
4,3580.836,grad,19883248640
4,3582.545,grad,19884332032
4,3583.784,grad,19953794048
4,3585.081,grad,19829996544
4,3586.327,grad,19903069184
4,3587.986,grad,19697222656
4,3589.225,grad,19690728448
4,3590.807,grad,19661252608
4,3592.343,grad,19661252608
4,3593.58,grad,19680192512
4,3594.951,grad,19656370176
4,3596.587,grad,19657453568
4,3597.826,grad,19726850048
4,3599.055,grad,19603118080
4,3600.303,grad,19676190720
4,3601.934,grad,19470409728
4,3603.167,grad,19478267904
4,3605.048,grad,19434439680
4,3606.555,grad,19434439680
4,3607.826,grad,19453314048
4,3609.242,grad,19429557248
4,3610.852,grad,19430640640
4,3612.093,grad,19500037120
4,3613.459,grad,19376305152
4,3614.727,grad,19371783168
4,3616.438,grad,19243531264
4,3617.673,grad,19251782656
4,3619.282,grad,19207561216
4,3620.777,grad,19207561216
4,3622.008,grad,19226501120
4,3623.936,grad,19202678784
4,3625.639,grad,19204745216
4,3626.878,grad,19273224192
4,3628.188,grad,19149426688
4,3629.433,grad,19144904704
4,3631.109,grad,19016652800
4,3632.343,grad,19024904192
4,3634.021,grad,18980682752
4,3635.526,grad,18980682752
4,3636.787,grad,18999557120
4,3638.181,grad,18975800320
4,3639.804,grad,18976883712
4,3641.036,grad,19046345728
4,3642.315,grad,18922548224
4,3643.55,grad,18918026240
4,3645.366,grad,18789839872
4,3646.596,grad,18797698048
4,3647.837,grad,18753869824
4,3649.071,grad,18754918400
4,3650.374,grad,18783754240
4,3651.703,grad,18748495872
4,3652.943,grad,18756327424
4,3654.537,grad,18750070784
4,3655.777,grad,18819532800
4,3657.061,grad,18695735296
4,3658.31,grad,18691213312
4,3660.016,grad,18562961408
4,3661.258,grad,18571212800
4,3662.912,grad,18526991360
4,3664.466,grad,18526991360
4,3665.737,grad,18545865728
4,3667.396,grad,18522108928
4,3669.048,grad,18523192320
4,3670.301,grad,18592654336
4,3671.602,grad,18468856832
4,3672.852,grad,18464334848
4,3674.622,grad,18336148480
4,3675.905,grad,18329654272
4,3677.542,grad,18300178432
4,3679.034,grad,18300178432
4,3680.27,grad,18319118336
4,3681.637,grad,18295296000
4,3683.301,grad,18296379392
4,3684.531,grad,18288246784
4,3685.867,grad,18242043904
4,3687.107,grad,18237521920
4,3688.825,grad,18109270016
4,3690.061,grad,18102448128
4,3691.907,grad,18073299968
4,3693.478,grad,18073299968
4,3694.785,grad,18092174336
4,3696.187,grad,18068417536
4,3697.826,grad,18070418432
4,3699.059,grad,18138897408
4,3700.345,grad,18015165440
4,3701.579,grad,18010643456
4,3703.306,grad,17882391552
4,3704.538,grad,17875962880
4,3706.2,grad,17846421504
4,3707.71,grad,17846421504
4,3708.974,grad,17865295872
4,3710.633,grad,17841539072
4,3712.302,grad,17842622464
4,3713.579,grad,17834489856
4,3714.947,grad,17788286976
4,3716.191,grad,17783764992
4,3717.9,grad,17655513088
4,3719.142,grad,17663698944
4,3720.757,grad,17619543040
4,3722.307,grad,17619543040
4,3723.615,grad,17638351872
4,3725.196,grad,17614660608
4,3726.876,grad,17615744000
4,3728.149,grad,17685206016
4,3729.468,grad,17561408512
4,3730.729,grad,17556886528
4,3732.478,grad,17428634624
4,3733.738,grad,17436492800
4,3735.013,grad,17401168896
4,3736.314,grad,17392664576
4,3737.565,grad,17422024704
4,3739.051,grad,17387290624
4,3740.328,grad,17395154944
4,3741.795,grad,17388865536
4,3743.031,grad,17458327552
4,3744.384,grad,17334530048
4,3745.62,grad,17291210752
4,3747.417,grad,17201821696
4,3748.658,grad,17210073088
4,3750.288,grad,17165851648
4,3751.803,grad,17165851648
4,3753.087,grad,17184791552
4,3754.783,grad,17160969216
4,3756.472,grad,17162052608
4,3757.712,grad,17231514624
4,3759.018,grad,17107717120
4,3760.348,grad,17064397824
4,3762.172,grad,16974943232
4,3763.479,grad,16968514560
4,3765.22,grad,16938973184
4,3766.73,grad,16938973184
4,3767.985,grad,16957978624
4,3769.401,grad,16934090752
4,3770.996,grad,16935174144
4,3772.255,grad,16926976000
4,3773.509,grad,16842041344
4,3774.744,grad,16876709888
4,3776.439,grad,16748130304
4,3777.679,grad,16741242880
4,3779.526,grad,16712160256
4,3781.001,grad,16712160256
4,3782.238,grad,16731165696
4,3783.632,grad,16707277824
4,3785.346,grad,16708361216
4,3786.577,grad,16777823232
4,3787.867,grad,16654025728
4,3789.103,grad,16649503744
4,3790.814,grad,16521317376
4,3792.057,grad,16522228736
4,3793.684,grad,16478007296
4,3795.225,grad,16477745152
4,3796.47,grad,16496685056
4,3798.067,grad,16472797184
4,3799.33,grad,16462868480
4,3800.562,grad,16462868480
4,3801.787,grad,16462868480
4,3803.211,grad,16462867968
4,3805.482,grad,16462867968
4,3806.749,grad,16462867968
4,3808.017,grad,16462867968
4,3809.273,grad,16462867968
4,3812.777,grad,16462867968
4,3814.158,grad,16462867968
4,3816.467,grad,16462867968
4,3817.708,grad,16462935040
4,3818.943,grad,16462872064
4,3820.174,grad,16462935552
4,3821.44,grad,16463328256
4,3822.703,grad,16462872064
4,3823.969,grad,16462869504
4,3825.203,grad,16463328768
4,3826.467,grad,16462935040
4,3827.705,grad,16462872064
4,3828.94,grad,16462869504
4,3830.173,grad,16463328768
4,3831.423,grad,16462935040
4,3832.703,grad,16462872064
4,3833.948,grad,16462935552
4,3835.178,grad,16463328256
4,3836.418,grad,16463328256
4,3837.674,grad,16462869504
4,3838.906,grad,16463328768
4,3840.178,grad,16462869504
4,3841.429,grad,16462870016
4,3842.669,grad,16462871552
4,3843.953,grad,16463328256
4,3845.189,grad,16463393792
4,3846.441,grad,16462870016
4,3847.671,grad,16463328256
4,3848.936,grad,16462869504
4,3850.167,grad,16463330304
4,3851.405,grad,16462870016
4,3852.672,grad,16463328256
4,3853.937,grad,16462869504
4,3855.17,grad,16462871552
4,3856.415,grad,16462872064
4,3857.687,grad,16463328768
4,3858.969,grad,16462869504
4,3860.248,grad,16462869504
4,3861.494,grad,16462871552
4,3862.732,grad,16463328768
4,3863.982,grad,16462869504
4,3865.213,grad,16462937088
4,3866.527,grad,16467887104
4,3867.76,grad,16470410240
4,3868.993,grad,16475128832
4,3870.228,grad,16478307328
4,3871.467,grad,16483485184
4,3872.725,grad,16489513984
4,3873.953,grad,16491382272
4,3875.177,grad,16498427392
4,3876.464,grad,16501344256
4,3877.695,grad,16506848768
4,3878.944,grad,16512582656
4,3880.235,grad,16516678656
4,3881.477,grad,16521824768
4,3882.752,grad,16523330560
4,3884.055,grad,16528081920
4,3885.32,grad,16530473984
4,3886.564,grad,16534078464
4,3887.794,grad,16537750016
4,3889.021,grad,16540829184
4,3890.258,grad,16544958464
4,3891.551,grad,16546464768
4,3892.808,grad,16551281664
4,3894.092,grad,16553903104
4,3895.36,grad,16557966848
4,3896.608,grad,16561243136
4,3897.837,grad,16564552704
4,3899.104,grad,16568910848
4,3900.389,grad,16570877952
4,3901.618,grad,16574841856
4,3902.895,grad,16578447360
4,3904.162,grad,16581527040
4,3905.503,grad,16585656320
4,3906.819,grad,16587162624
4,3908.18,grad,16592765952
4,3909.507,grad,16595321856
4,3910.802,grad,16598926336
4,3912.05,grad,16602532352
4,3913.333,grad,16605611520
4,3914.58,grad,16610428928
4,3915.861,grad,16611247104
4,3917.096,grad,16615966208
4,3918.334,grad,16618521600
4,3919.599,grad,16622814208
4,3920.831,grad,16625960448
4,3922.059,grad,16629040128
4,3923.3,grad,16633267200
4,3924.557,grad,16635955200
4,3925.82,grad,16639329792
4,3927.051,grad,16640280576
4,3928.287,grad,16640315904
4,3929.548,grad,16640351744
4,3930.904,grad,16640381952
4,3932.159,grad,16640417792
4,3933.495,grad,16640454656
4,3934.796,grad,16588374528
4,3936.072,grad,16385016320
4,3937.383,grad,16323707392
4,3938.62,grad,16357327360
4,3939.847,grad,16391373312
4,3941.072,grad,16425615872
4,3942.321,grad,16458777088
4,3943.554,grad,16435315200
4,3944.789,grad,16310010368
4,3946.018,grad,16178217472
4,3947.257,grad,16139462656
4,3953.592,grad,16139383296
4,3959.96,grad,16139391488
4,3966.325,grad,16139391488
4,3972.652,grad,16139391488
4,3977.249,grad,16139391488
4,3978.551,grad,16146868736
4,3980.24,grad,16146997760
4,3982.663,grad,16154337792
4,3984.257,grad,16163840512
4,3985.545,grad,16163840512
4,3986.905,grad,16172229120
4,3988.676,grad,16193316352
4,3989.918,grad,16254203392
4,3991.962,grad,16307811840
4,3993.206,grad,16460969472
4,3994.66,grad,16385472000
4,3996.992,grad,16392816128
4,3998.568,grad,16402253312
4,3999.849,grad,16402253312
4,4001.09,grad,16417981952
4,4002.708,grad,16431794688
4,4003.964,grad,16492616192
4,4005.999,grad,16546224640
4,4007.255,grad,16670022144
4,4008.589,grad,16623884800
4,4010.913,grad,16631228928
4,4012.407,grad,16640666112
4,4013.84,grad,16640666112
4,4015.108,grad,16649054720
4,4016.771,grad,16670207488
4,4018.043,grad,16731028992
4,4020.105,grad,16784637440
4,4021.388,grad,16937795072
4,4022.629,grad,16862297600
4,4024.874,grad,16869641728
4,4026.364,grad,16879078912
4,4027.649,grad,16879078912
4,4028.892,grad,16887467520
4,4030.509,grad,16908620288
4,4031.778,grad,16954761728
4,4033.863,grad,17023050240
4,4035.308,grad,17176207872
4,4036.6,grad,17100710400
4,4038.886,grad,17108054528
4,4040.449,grad,17117491712
4,4041.721,grad,17117491712
4,4042.969,grad,17133335040
4,4044.546,grad,17147033088
4,4045.794,grad,17207854592
4,4047.939,grad,17300260352
4,4049.188,grad,17414620672
4,4050.454,grad,17339123200
4,4052.818,grad,17346467328
4,4054.28,grad,17355904512
4,4055.583,grad,17355904512
4,4056.896,grad,17364293120
4,4058.707,grad,17400125952
4,4060.057,grad,17446332928
4,4062.105,grad,17499875840
4,4063.398,grad,17638353408
4,4064.759,grad,17577536000
4,4067.121,grad,17584994816
4,4068.662,grad,17594317312
4,4070.002,grad,17594317312
4,4071.268,grad,17610045952
4,4073.055,grad,17623858688
4,4074.351,grad,17684680192
4,4076.399,grad,17738288640
4,4077.681,grad,17876766208
4,4078.983,grad,17815948800
4,4081.197,grad,17823292928
4,4082.685,grad,17832730112
4,4083.936,grad,17832730112
4,4085.182,grad,17848458752
4,4086.789,grad,17862271488
4,4088.032,grad,17923092992
4,4090.078,grad,17976701440
4,4091.327,grad,18129859072
4,4092.69,grad,18054361600
4,4094.942,grad,18061705728
4,4096.422,grad,18071142912
4,4097.741,grad,18071142912
4,4098.987,grad,18079531520
4,4100.603,grad,18100684288
4,4101.842,grad,18161505792
4,4103.906,grad,18215114240
4,4105.164,grad,18353591808
4,4106.46,grad,18292774400
4,4108.688,grad,18300118528
4,4110.347,grad,18309555712
4,4111.599,grad,18309555712
4,4112.849,grad,18325400064
4,4114.452,grad,18339097088
4,4115.703,grad,18399918592
4,4117.731,grad,18453527040
4,4118.997,grad,18592004608
4,4120.247,grad,18538527232
4,4122.534,grad,18538531328
4,4123.983,grad,18547968512
4,4125.268,grad,18547968512
4,4126.538,grad,18563811840
4,4128.364,grad,18584849920
4,4129.623,grad,18638396928
4,4131.515,grad,18691939840
4,4132.783,grad,18830417408
4,4134.044,grad,18776944128
4,4136.253,grad,18776944128
4,4137.805,grad,18786381312
4,4139.072,grad,18786381312
4,4140.325,grad,18802224640
4,4141.932,grad,18815922688
4,4143.178,grad,18876744192
4,4145.152,grad,18930352640
4,4146.424,grad,19068830208
4,4148.526,grad,19008012800
4,4150.832,grad,19015356928
4,4152.3,grad,19024794112
4,4153.551,grad,19024794112
4,4154.793,grad,19033182720
4,4156.381,grad,19054335488
4,4157.644,grad,19115156992
4,4159.606,grad,19168765440
4,4160.868,grad,19307243008
4,4162.138,grad,19246425600
4,4164.351,grad,19253769728
4,4166.028,grad,19263206912
4,4167.286,grad,19263206912
4,4168.539,grad,19278935552
4,4170.093,grad,19292748288
4,4171.332,grad,19353569792
4,4173.3,grad,19407178240
4,4174.542,grad,19560335872
4,4175.868,grad,19492182528
4,4177.973,grad,19492182528
4,4179.453,grad,19501619712
4,4180.725,grad,19501619712
4,4182.003,grad,19510008320
4,4183.796,grad,19531161088
4,4185.156,grad,19591982592
4,4187.201,grad,19645591040
4,4188.464,grad,19798748672
4,4189.755,grad,19723251200
4,4191.928,grad,19730595328
4,4193.461,grad,19740032512
4,4194.709,grad,19740032512
4,4195.958,grad,19755875840
4,4197.606,grad,19769573888
4,4198.85,grad,19830395392
4,4200.895,grad,19884003840
4,4202.15,grad,20022481408
4,4203.598,grad,19961664000
4,4205.794,grad,19969008128
4,4207.238,grad,19978445312
4,4208.496,grad,19978445312
4,4209.751,grad,19986833920
4,4211.391,grad,20007986688
4,4212.629,grad,20068873728
4,4214.612,grad,20122416640
4,4215.87,grad,20260894208
4,4217.127,grad,20207420928
4,4219.387,grad,20207420928
4,4221.0,grad,20216858112
4,4222.273,grad,20216858112
4,4223.527,grad,20232701440
4,4225.099,grad,20246399488
4,4226.339,grad,20307220992
4,4228.321,grad,20360829440
4,4229.603,grad,20499307008
4,4230.885,grad,20438489600
4,4233.091,grad,20445833728
4,4234.657,grad,20455270912
4,4235.927,grad,20455270912
4,4237.192,grad,20471114240
4,4239.018,grad,20484812288
4,4240.285,grad,20545699328
4,4242.206,grad,20599242240
4,4243.466,grad,20752399872
4,4244.733,grad,20676902400
4,4246.986,grad,20684246528
4,4248.483,grad,20693683712
4,4249.757,grad,20693683712
4,4251.021,grad,20702072320
4,4252.634,grad,20723225088
4,4253.871,grad,20769366528
4,4255.943,grad,20837655040
4,4257.19,grad,20976132608
4,4258.628,grad,20915315200
4,4260.844,grad,20922659328
4,4262.379,grad,20932096512
4,4263.676,grad,20932096512
4,4264.917,grad,20947825152
4,4266.547,grad,20961637888
4,4267.782,grad,21022459392
4,4269.758,grad,21076067840
4,4271.002,grad,21214545408
4,4272.263,grad,21161072128
4,4274.486,grad,21161072128
4,4276.083,grad,21170509312
4,4277.381,grad,21170509312
4,4278.623,grad,21178897920
4,4280.269,grad,21207390720
4,4281.514,grad,21260937728
4,4283.399,grad,21314480640
4,4284.642,grad,21452958208
4,4285.91,grad,21399480832
4,4288.152,grad,21399484928
4,4289.626,grad,21408922112
4,4290.876,grad,21408922112
4,4292.118,grad,21424765440
4,4293.991,grad,21438463488
4,4295.251,grad,21499350528
4,4297.162,grad,21552893440
4,4298.417,grad,21706051072
4,4299.655,grad,21630553600
4,4301.842,grad,21637897728
4,4303.305,grad,21647334912
4,4304.571,grad,21647334912
4,4305.875,grad,21655723520
4,4307.494,grad,21676876288
4,4308.732,grad,21737697792
4,4310.752,grad,21791306240
4,4312.015,grad,21929783808
4,4313.437,grad,21868966400
4,4315.818,grad,21876310528
4,4317.281,grad,21885747712
4,4318.583,grad,21885747712
4,4319.824,grad,21901591552
4,4321.402,grad,21915289088
4,4322.65,grad,21976110592
4,4324.624,grad,22029719040
4,4325.896,grad,22169245184
4,4327.179,grad,22107379200
4,4329.392,grad,22114723328
4,4331.021,grad,22124160512
4,4332.321,grad,22131500544
4,4333.574,grad,22140004864
4,4335.173,grad,22154750464
4,4336.421,grad,22214523392
4,4338.464,grad,22268131840
4,4339.727,grad,22407657984
4,4341.082,grad,22354184704
4,4343.216,grad,22354184704
4,4344.677,grad,22363621888
4,4345.931,grad,22363621888
4,4347.181,grad,22379465216
4,4348.945,grad,22393163264
4,4350.199,grad,22453984768
4,4352.152,grad,22507593216
4,4353.406,grad,22646070784
4,4354.678,grad,22585253376
4,4356.841,grad,22592597504
4,4358.286,grad,22602034688
4,4359.547,grad,22602034688
4,4360.837,grad,22617879040
4,4362.473,grad,22631576064
4,4363.712,grad,22692463104
4,4365.612,grad,22746006016
4,4366.862,grad,22884483584
4,4368.863,grad,22823666176
4,4370.113,grad,23757947392
4,4371.311,grad,23757989376
4,4374.308,grad,23750625280
4,4375.551,grad,23439190528
4,4376.789,grad,23439190528
4,4378.018,grad,23439190528
4,4379.79,grad,23439192064
4,4381.639,grad,22827855360
4,4382.876,grad,22826538496
4,4384.22,grad,22780335616
4,4385.466,grad,22775813632
4,4387.242,grad,22647561728
4,4388.495,grad,22641133056
4,4390.256,grad,22611591680
4,4391.802,grad,22611591680
4,4393.097,grad,22630466048
4,4394.525,grad,22606709248
4,4395.769,grad,22604122624
4,4397.016,grad,22604120576
4,4398.791,grad,22553457152
4,4400.024,grad,22517477888
4,4401.253,grad,22428021248
4,4402.596,grad,22428023296
4,4403.841,grad,22399508992
4,4405.101,grad,22384713216
4,4406.622,grad,22384713216
4,4407.902,grad,22403587584
4,4409.399,grad,22378782208
4,4411.056,grad,22380389888
4,4412.287,grad,22449327616
4,4413.576,grad,22325530112
4,4414.842,grad,22321008128
4,4416.565,grad,22192756224
4,4418.076,grad,22186327552
4,4419.865,grad,22157834752
4,4421.412,grad,22156786176
4,4422.686,grad,22175660544
4,4424.077,grad,22151903744
4,4425.76,grad,22153511424
4,4426.992,grad,22222449152
4,4428.306,grad,22098651648
4,4429.538,grad,22094129664
4,4431.342,grad,21965877760
4,4432.595,grad,21974129152
4,4434.266,grad,21929907712
4,4435.792,grad,21929907712
4,4437.07,grad,21948782080
4,4438.76,grad,21925025280
4,4440.615,grad,21926305280
4,4441.86,grad,21956707840
4,4443.093,grad,21832975872
4,4444.329,grad,21867251200
4,4445.947,grad,21738999296
4,4447.178,grad,21747250688
4,4448.802,grad,21703029248
4,4450.409,grad,21703029248
4,4451.638,grad,21721903616
4,4453.028,grad,21698146816
4,4454.685,grad,21699230208
4,4455.914,grad,21768692224
4,4457.205,grad,21644894720
4,4458.45,grad,21640372736
4,4460.204,grad,21512186368
4,4461.715,grad,21505757696
4,4463.439,grad,21476216320
4,4464.943,grad,21476216320
4,4466.179,grad,21495156224
4,4467.598,grad,21471333888
4,4469.285,grad,21472417280
4,4470.549,grad,21464284672
4,4471.883,grad,21418081792
4,4473.117,grad,21413559808
4,4474.797,grad,21285307904
4,4476.028,grad,21293559296
4,4477.706,grad,21249338368
4,4479.185,grad,21249337856
4,4480.469,grad,21268212224
4,4482.074,grad,21244455424
4,4483.741,grad,21245538816
4,4484.977,grad,21237406208
4,4486.321,grad,21191203328
4,4487.557,grad,21186681344
4,4489.26,grad,21058429440
4,4490.584,grad,21052000768
4,4492.28,grad,21022459392
4,4493.823,grad,21022459392
4,4495.094,grad,21041399296
4,4496.472,grad,21017576960
4,4498.123,grad,21018660352
4,4499.358,grad,21010527744
4,4500.756,grad,20964324864
4,4501.988,grad,20959802880
4,4503.701,grad,20831616512
4,4504.953,grad,20839474688
4,4506.195,grad,20815160832
4,4507.449,grad,20795646976
4,4508.938,grad,20795646464
4,4510.248,grad,20814520832
4,4511.703,grad,20790764032
4,4513.326,grad,20791847424
4,4514.601,grad,20861309440
4,4515.899,grad,20737511936
4,4517.135,grad,20732989952
4,4518.832,grad,20604738048
4,4520.062,grad,20598309376
4,4521.754,grad,20568768000
4,4523.246,grad,20568768000
4,4524.508,grad,20587642368
4,4526.145,grad,20563885568
4,4527.803,grad,20564968960
4,4529.036,grad,20634430976
4,4530.385,grad,20510633472
4,4531.62,grad,20506177024
4,4533.307,grad,20377925120
4,4534.554,grad,20386176512
4,4536.202,grad,20341955072
4,4537.718,grad,20341955072
4,4538.988,grad,20360829440
4,4540.479,grad,20337072640
4,4542.086,grad,20338156032
4,4543.318,grad,20330023424
4,4544.637,grad,20283820544
4,4545.885,grad,20279298560
4,4547.619,grad,20151046656
4,4548.863,grad,20158904832
4,4550.103,grad,20115077120
4,4551.341,grad,20115076608
4,4552.594,grad,20144502272
4,4554.004,grad,20109702656
4,4555.241,grad,20117534208
4,4556.761,grad,20111277568
4,4557.998,grad,20180739584
4,4559.311,grad,20056942080
4,4560.655,grad,20052420096
4,4562.527,grad,19924233728
4,4563.819,grad,19917739520
4,4565.435,grad,19888263680
4,4566.983,grad,19888263680
4,4568.239,grad,19907203584
4,4569.906,grad,19883381248
4,4571.718,grad,19884464640
4,4573.018,grad,19953926656
4,4574.375,grad,19830129152
4,4575.618,grad,19825607168
4,4577.334,grad,19697420800
4,4578.576,grad,19690992128
4,4580.2,grad,19661450752
4,4581.729,grad,19661450752
4,4582.963,grad,19680390656
4,4584.323,grad,19656568320
4,4585.99,grad,19657651712
4,4587.222,grad,19727113728
4,4588.533,grad,19603316224
4,4589.771,grad,19676388864
4,4591.491,grad,19470607872
4,4592.75,grad,19463720448
4,4594.549,grad,19434637824
4,4596.051,grad,19434637824
4,4597.338,grad,19453512192
4,4598.758,grad,19429755392
4,4600.418,grad,19430838784
4,4601.655,grad,19422706176
4,4602.972,grad,19376503296
4,4604.205,grad,19371981312
4,4605.947,grad,19243729408
4,4607.184,grad,19251980800
4,4608.822,grad,19207759360
4,4610.309,grad,19207759360
4,4611.539,grad,19226568192
4,4613.225,grad,19202876928
4,4614.922,grad,19203960320
4,4616.253,grad,19195827712
4,4617.668,grad,19149624832
4,4618.95,grad,19145102848
4,4620.736,grad,19016850944
4,4621.99,grad,19025102336
4,4623.653,grad,18980880896
4,4625.18,grad,18980880896
4,4626.478,grad,18999755264
4,4627.89,grad,18975998464
4,4629.569,grad,18977081856
4,4630.831,grad,18968949248
4,4632.2,grad,18922746368
4,4633.475,grad,18918224384
4,4635.187,grad,18790038016
4,4636.987,grad,18783609344
4,4638.774,grad,18754067968
4,4640.283,grad,18754067968
4,4641.526,grad,18772811264
4,4643.075,grad,18749185536
4,4644.903,grad,18750268928
4,4646.139,grad,18742070784
4,4647.377,grad,18695933440
4,4648.631,grad,18652614144
4,4650.43,grad,18563159552
4,4651.748,grad,18556730880
4,4653.484,grad,18527189504
4,4654.989,grad,18527189504
4,4656.225,grad,18546063872
4,4657.91,grad,18522307072
4,4659.741,grad,18523390464
4,4661.024,grad,18553989632
4,4662.261,grad,18469054976
4,4663.51,grad,18464532992
4,4665.233,grad,18336346624
4,4666.475,grad,18329917952
4,4668.178,grad,18300376576
4,4669.721,grad,18300376576
4,4670.988,grad,18319250944
4,4672.465,grad,18295494144
4,4674.131,grad,18296577536
4,4675.375,grad,18288444928
4,4676.765,grad,18242242048
4,4678.02,grad,18198922752
4,4679.812,grad,18109861376
4,4681.047,grad,18117654016
4,4682.304,grad,18098124288
4,4683.656,grad,18073891328
4,4684.896,grad,18103316992
4,4686.338,grad,18068517376
4,4687.571,grad,18076348928
4,4689.134,grad,18070092288
4,4690.377,grad,18061959680
4,4691.748,grad,18015756800
4,4692.981,grad,18011234816
4,4694.771,grad,17882982912
4,4696.003,grad,17891234304
4,4697.668,grad,17847012864
4,4699.182,grad,17847012864
4,4700.467,grad,17865887232
4,4702.141,grad,17842130432
4,4703.859,grad,17843213824
4,4705.093,grad,17835081216
4,4706.425,grad,17788878336
4,4707.662,grad,17784356352
4,4709.371,grad,17656169984
4,4710.601,grad,17664421376
4,4712.266,grad,17620199936
4,4713.861,grad,17620199936
4,4715.351,grad,17639074304
4,4716.819,grad,17615317504
4,4718.509,grad,17616400896
4,4719.757,grad,17608268288
4,4721.081,grad,17562065408
4,4722.328,grad,17557543424
4,4724.119,grad,17429357056
4,4725.374,grad,17437215232
4,4726.618,grad,17400728064
4,4727.849,grad,17393387008
4,4729.092,grad,17422812672
4,4730.517,grad,17388013056
4,4731.756,grad,17395844608
4,4733.353,grad,17389587968
4,4734.637,grad,17381455360
4,4735.984,grad,17335252480
4,4737.238,grad,17291933184
4,4739.023,grad,17202544128
4,4740.269,grad,17210795520
4,4741.975,grad,17166574080
4,4743.565,grad,17166574080
4,4744.886,grad,17185448448
4,4746.702,grad,17161691648
4,4748.494,grad,17162775040
4,4749.748,grad,17154642432
4,4751.143,grad,17108439552
4,4752.399,grad,17033662976
4,4754.237,grad,16975665664
4,4755.485,grad,16969236992
4,4757.167,grad,16939695616
4,4758.714,grad,16939695616
4,4759.994,grad,16958569984
4,4761.62,grad,16934813184
4,4763.404,grad,16935896576
4,4764.719,grad,17005358592
4,4766.074,grad,16881561088
4,4767.349,grad,16838241792
4,4769.173,grad,16748787200
4,4770.459,grad,16756645376
4,4771.712,grad,16712817664
4,4772.946,grad,16712817152
4,4774.188,grad,16742242816
4,4775.615,grad,16707443200
4,4776.861,grad,16715274752
4,4778.424,grad,16709018112
4,4779.661,grad,16700819968
4,4781.013,grad,16654617088
4,4782.285,grad,16579840512
4,4783.574,grad,16521974272
4,4784.813,grad,16529314304
4,4786.053,grad,16493459968
4,4787.315,grad,16478664704
4,4788.834,grad,16478402048
4,4790.096,grad,16497407488
4,4791.787,grad,16473519616
4,4793.087,grad,16463590912
4,4794.49,grad,16463590912
4,4795.86,grad,16463590912
4,4797.589,grad,16463590400
4,4801.665,grad,16463590400
4,4803.223,grad,16463590400
4,4804.573,grad,16463590400
4,4808.575,grad,16463590400
4,4810.046,grad,16463590400
4,4812.536,grad,16463590400
4,4813.846,grad,16464050688
4,4815.219,grad,16463593984
4,4816.551,grad,16463592448
4,4817.86,grad,16463592448
4,4819.232,grad,16463657472
4,4820.569,grad,16463592448
4,4821.952,grad,16463591936
4,4823.32,grad,16463657472
4,4824.623,grad,16463592448
4,4825.938,grad,16463594496
4,4827.255,grad,16464051200
4,4828.588,grad,16463657472
4,4829.902,grad,16463591936
4,4831.21,grad,16464509440
4,4832.546,grad,16463657984
4,4833.857,grad,16463592448
4,4835.223,grad,16464050688
4,4836.555,grad,16464050688
4,4837.864,grad,16463594496
4,4839.177,grad,16464051200
4,4840.513,grad,16463593984
4,4841.878,grad,16463593984
4,4843.216,grad,16464050688
4,4844.576,grad,16463593984
4,4845.898,grad,16463657984
4,4847.243,grad,16463591936
4,4848.623,grad,16463591936
4,4849.945,grad,16463657472
4,4851.264,grad,16463591936
4,4852.607,grad,16463594496
4,4853.925,grad,16464050688
4,4855.245,grad,16463657984
4,4856.596,grad,16463592448
4,4857.92,grad,16464050688
4,4859.245,grad,16464116224
4,4860.596,grad,16463592448
4,4861.915,grad,16464509440
4,4863.243,grad,16464051200
4,4864.646,grad,16463591936
4,4865.968,grad,16464051200
4,4867.303,grad,16464052736
4,4868.614,grad,16463593984
4,4869.92,grad,16463591936
4,4871.226,grad,16463661056
4,4872.567,grad,16468381184
4,4873.884,grad,16469789696
4,4875.194,grad,16475491840
4,4876.528,grad,16476899840
4,4877.899,grad,16483160064
4,4879.239,grad,16483977728
4,4880.576,grad,16490596864
4,4881.949,grad,16491416064
4,4883.264,grad,16498461184
4,4884.593,grad,16500066816
4,4885.98,grad,16507439616
4,4887.309,grad,16508258816
4,4888.618,grad,16516057600
4,4889.93,grad,16516876800
4,4891.244,grad,16524806656
4,4892.583,grad,16525560320
4,4893.894,grad,16530508800
4,4895.203,grad,16531328000
4,4896.539,grad,16536275968
4,4897.929,grad,16537094656
4,4899.246,grad,16542108160
4,4900.586,grad,16542862336
4,4901.901,grad,16547940864
4,4903.268,grad,16549842944
4,4904.633,grad,16553282048
4,4906.008,grad,16555609600
4,4907.323,grad,16559115264
4,4908.632,grad,16561442816
4,4909.942,grad,16564882432
4,4911.331,grad,16567439360
4,4912.688,grad,16570944000
4,4913.997,grad,16573336064
4,4915.43,grad,16576940544
4,4916.791,grad,16579332608
4,4918.096,grad,16582708224
4,4919.443,grad,16586313728
4,4920.812,grad,16589163008
4,4922.122,grad,16592080896
4,4923.466,grad,16595061248
4,4924.775,grad,16597978624
4,4926.086,grad,16601287168
4,4927.343,grad,16603746304
4,4928.65,grad,16606595584
4,4930.011,grad,16609742848
4,4931.389,grad,16612592128
4,4932.69,grad,16615508480
4,4933.995,grad,16618490880
4,4935.334,grad,16622620160
4,4936.706,grad,16624486912
4,4938.012,grad,16628387328
4,4939.331,grad,16630254592
4,4940.668,grad,16634843136
4,4942.008,grad,16635660800
4,4943.325,grad,16640674304
4,4944.635,grad,16641428480
4,4945.948,grad,16641387520
4,4947.279,grad,16641420800
4,4948.624,grad,16641453056
4,4949.94,grad,16641474560
4,4951.199,grad,16641509888
4,4952.464,grad,16641545216
4,4953.706,grad,16559114240
4,4954.951,grad,16362113024
4,4956.199,grad,16328394752
4,4957.447,grad,16362735616
4,4958.684,grad,16397273088
4,4959.947,grad,16431646720
4,4961.203,grad,16466315264
4,4962.456,grad,16417228800
4,4963.698,grad,16297592832
4,4964.941,grad,16157116416
4,4966.178,grad,16139308544
4,4972.491,grad,16139253760
4,4978.847,grad,16139261952
4,4985.183,grad,16139261952
4,4991.54,grad,16139261952
4,4995.944,grad,16139261952
4,4997.225,grad,16146739200
4,4999.024,grad,16146868224
4,5001.502,grad,16154208256
4,5003.129,grad,16163645440
4,5004.402,grad,16163645440
4,5005.714,grad,16172034048
4,5007.473,grad,16193186816
4,5008.733,grad,16254008320
4,5010.845,grad,16307616768
4,5012.09,grad,16460774400
4,5013.751,grad,16392616960
4,5016.059,grad,16392621056
4,5017.647,grad,16402058240
4,5018.947,grad,16402058240
4,5020.235,grad,16410446848
4,5021.935,grad,16431599616
4,5023.192,grad,16492421120
4,5025.244,grad,16546029568
4,5026.505,grad,16699187200
4,5027.808,grad,16631029760
4,5030.188,grad,16631033856
4,5031.706,grad,16640471040
4,5033.161,grad,16640471040
4,5034.444,grad,16648859648
4,5036.083,grad,16670012416
4,5037.344,grad,16716153856
4,5038.584,grad,16862036992
4,5040.082,grad,16823239680
4,5042.042,grad,16869442560
4,5044.246,grad,16869446656
4,5045.763,grad,16878883840
4,5047.039,grad,16878883840
4,5048.345,grad,16887272448
4,5049.766,grad,16931493888
4,5051.099,grad,16908425216
4,5052.554,grad,16923109376
4,5053.871,grad,17008109568
4,5055.583,grad,17022855168
4,5057.085,grad,17161332736
4,5058.462,grad,17100515328
4,5060.88,grad,17107859456
4,5062.7,grad,17117296640
4,5064.08,grad,17117296640
4,5065.339,grad,17125685248
4,5067.134,grad,17146838016
4,5068.403,grad,17207659520
4,5070.422,grad,17261267968
4,5071.674,grad,17414425600
4,5072.971,grad,17338928128
4,5075.439,grad,17346272256
4,5076.911,grad,17355709440
4,5078.162,grad,17355709440
4,5079.439,grad,17364098048
4,5081.071,grad,17385250816
4,5082.328,grad,17446072320
4,5084.281,grad,17499680768
4,5085.54,grad,17638158336
4,5086.785,grad,17584680960
4,5089.002,grad,17584685056
4,5090.512,grad,17594122240
4,5091.81,grad,17594122240
4,5093.08,grad,17609965568
4,5094.891,grad,17631003648
4,5096.153,grad,17684550656
4,5098.032,grad,17738093568
4,5099.303,grad,17891251200
4,5100.547,grad,17823097856
4,5102.707,grad,17823097856
4,5104.166,grad,17832535040
4,5105.428,grad,17832535040
4,5106.678,grad,17840923648
4,5108.26,grad,17862076416
4,5109.509,grad,17922897920
4,5111.492,grad,17976506368
4,5112.754,grad,18107643904
4,5114.049,grad,18054166528
4,5116.317,grad,18061510656
4,5117.785,grad,18070947840
4,5119.073,grad,18070947840
4,5120.339,grad,18086676480
4,5121.939,grad,18107829248
4,5123.183,grad,18161376256
4,5125.077,grad,18214919168
4,5126.313,grad,18368076800
4,5127.584,grad,18299919360
4,5130.1,grad,18299923456
4,5132.238,grad,18309360640
4,5133.755,grad,18309360640
4,5135.05,grad,18317749248
4,5136.31,grad,18376650752
4,5137.583,grad,18353586176
4,5138.837,grad,18399789056
4,5141.04,grad,18453331968
4,5142.305,grad,18577129472
4,5143.855,grad,18530992128
4,5146.511,grad,18538336256
4,5148.289,grad,18547773440
4,5149.713,grad,18547773440
4,5150.995,grad,18556162048
4,5152.246,grad,18600383488
4,5153.494,grad,18584654848
4,5154.801,grad,18623456256
4,5156.06,grad,18769339392
4,5157.437,grad,18691744768
4,5158.692,grad,18815542272
4,5160.277,grad,18769404928
4,5163.038,grad,18776749056
4,5164.886,grad,18786186240
4,5166.374,grad,18786186240
4,5167.63,grad,18794574848
4,5168.876,grad,18838796288
4,5170.205,grad,18830411776
4,5171.471,grad,18876614656
4,5172.714,grad,19007752192
4,5174.01,grad,18968954880
4,5175.274,grad,19068635136
4,5176.939,grad,19007817728
4,5179.602,grad,19015161856
4,5181.421,grad,19024599040
4,5182.869,grad,19024599040
4,5184.116,grad,19032987648
4,5185.324,grad,19062529024
4,5186.564,grad,19061480448
4,5187.814,grad,19100281856
4,5189.058,grad,19246164992
4,5190.449,grad,19168570368
4,5191.698,grad,19292367872
4,5193.251,grad,19246230528
4,5195.836,grad,19253574656
4,5198.461,grad,19263011840
4,5199.74,grad,19263011840
4,5201.012,grad,19271400448
4,5202.624,grad,19292553216
4,5203.866,grad,19353374720
4,5205.86,grad,19406983168
4,5207.104,grad,19545460736
4,5208.375,grad,19491983360
4,5210.612,grad,19491987456
4,5212.093,grad,19501424640
4,5213.391,grad,19501424640
4,5214.641,grad,19509813248
4,5216.237,grad,19530966016
4,5217.489,grad,19577107456
4,5219.594,grad,19645395968
4,5220.848,grad,19798553600
4,5222.112,grad,19730396160
4,5224.303,grad,19730400256
4,5225.802,grad,19739837440
4,5227.082,grad,19739837440
4,5228.337,grad,19748226048
4,5229.939,grad,19769378816
4,5231.179,grad,19830200320
4,5233.138,grad,19883808768
4,5234.427,grad,20036966400
4,5235.817,grad,19961468928
4,5238.047,grad,19968813056
4,5239.516,grad,19978250240
4,5240.768,grad,19978250240
4,5242.01,grad,19986638848
4,5243.604,grad,20007791616
4,5244.841,grad,20068613120
4,5246.821,grad,20122221568
4,5248.086,grad,20275379200
4,5249.372,grad,20199881728
4,5251.641,grad,20207225856
4,5253.334,grad,20216663040
4,5254.62,grad,20216663040
4,5255.862,grad,20225051648
4,5257.508,grad,20246204416
4,5258.749,grad,20307025920
4,5260.784,grad,20360634368
4,5262.049,grad,20499111936
4,5263.361,grad,20438294528
4,5265.621,grad,20445638656
4,5267.17,grad,20455075840
4,5268.467,grad,20455075840
4,5269.734,grad,20470804480
4,5271.566,grad,20484617216
4,5272.825,grad,20545438720
4,5274.804,grad,20599047168
4,5276.051,grad,20737524736
4,5277.331,grad,20684047360
4,5279.516,grad,20684051456
4,5280.97,grad,20693488640
4,5282.269,grad,20693488640
4,5283.528,grad,20701877248
4,5285.246,grad,20730370048
4,5286.501,grad,20783851520
4,5288.54,grad,20876257280
4,5289.828,grad,20968597504
4,5291.193,grad,20915120128
4,5293.478,grad,20922464256
4,5294.982,grad,20931901440
4,5296.235,grad,20931901440
4,5297.497,grad,20940290048
4,5299.176,grad,20968782848
4,5300.424,grad,21022329856
4,5302.365,grad,21075872768
4,5303.632,grad,21229030400
4,5304.891,grad,21160877056
4,5307.093,grad,21160877056
4,5308.734,grad,21170314240
4,5310.011,grad,21170314240
4,5311.261,grad,21186042880
4,5312.897,grad,21199855616
4,5314.14,grad,21260742656
4,5316.075,grad,21314285568
4,5317.368,grad,21452763136
4,5318.651,grad,21399289856
4,5320.802,grad,21399289856
4,5322.263,grad,21408727040
4,5323.522,grad,21408727040
4,5324.791,grad,21424570880
4,5326.533,grad,21438268416
4,5327.788,grad,21499089920
4,5329.748,grad,21552698368
4,5331.017,grad,21691175936
4,5332.386,grad,21637702656
4,5334.49,grad,21637702656
4,5335.934,grad,21647139840
4,5337.198,grad,21654479872
4,5338.452,grad,21662984192
4,5339.933,grad,21676681216
4,5341.168,grad,21737568256
4,5343.057,grad,21791111168
4,5344.328,grad,21944268800
4,5345.741,grad,21868771328
4,5348.023,grad,21876115456
4,5349.489,grad,21885552640
4,5350.78,grad,21885552640
4,5352.024,grad,21901396992
4,5353.567,grad,21915094016
4,5354.829,grad,21975915520
4,5356.776,grad,22029523968
4,5358.046,grad,22182681600
4,5359.456,grad,22114528256
4,5361.524,grad,22114528256
4,5363.171,grad,22123965440
4,5364.457,grad,22131305472
4,5365.703,grad,22139809792
4,5367.237,grad,22153506816
4,5368.49,grad,22214328320
4,5370.457,grad,22267936768
4,5371.701,grad,22421094400
4,5373.042,grad,22352941056
4,5375.141,grad,22352941056
4,5376.602,grad,22362378240
4,5377.849,grad,22362378240
4,5379.095,grad,22378222592
4,5380.754,grad,22391919616
4,5382.035,grad,22452741120
4,5384.156,grad,22506349568
4,5385.414,grad,22644827136
4,5386.711,grad,22584009728
4,5389.03,grad,22591353856
4,5390.606,grad,22600791040
4,5391.901,grad,22600791040
4,5393.148,grad,22609179648
4,5394.862,grad,22630332416
4,5396.106,grad,22691153920
4,5397.353,grad,22822356992
4,5398.829,grad,22783559680
4,5400.664,grad,22822422528
4,5401.924,grad,23756703744
4,5403.169,grad,23756746752
4,5406.122,grad,23749373440
4,5407.395,grad,23437946880
4,5408.637,grad,23437946880
4,5409.868,grad,23437946880
4,5411.454,grad,23437948416
4,5413.167,grad,22826611712
4,5414.496,grad,22825294848
4,5415.76,grad,22779091968
4,5417.025,grad,22735772672
4,5418.3,grad,22646316032
4,5419.719,grad,22653658112
4,5420.968,grad,22625143808
4,5422.248,grad,22610348544
4,5423.745,grad,22610348032
4,5425.033,grad,22629222400
4,5426.44,grad,22605465600
4,5428.208,grad,22612690944
4,5429.485,grad,22607073280
4,5430.745,grad,22559553536
4,5431.989,grad,22552213504
4,5433.303,grad,22550116352
4,5434.822,grad,22419439616
4,5436.061,grad,22412945408
4,5437.691,grad,22383469568
4,5439.204,grad,22383469568
4,5440.566,grad,22402409472
4,5441.983,grad,22378587136
4,5443.667,grad,22380194816
4,5444.957,grad,22371472384
4,5446.463,grad,22325335040
4,5447.723,grad,22257898496
4,5449.567,grad,22192561152
4,5451.064,grad,22200812544
4,5452.754,grad,22156591104
4,5454.249,grad,22156591104
4,5455.523,grad,22175465472
4,5456.903,grad,22151708672
4,5458.64,grad,22153316352
4,5459.884,grad,22144659456
4,5461.246,grad,22098456576
4,5462.517,grad,22093934592
4,5464.213,grad,21965682688
4,5465.468,grad,21959254016
4,5467.142,grad,21929713152
4,5468.69,grad,21929712640
4,5469.949,grad,21948652544
4,5471.579,grad,21924830208
4,5473.2,grad,21926437888
4,5474.446,grad,21995375616
4,5475.731,grad,21871578112
4,5476.966,grad,21867056128
4,5478.769,grad,21738804224
4,5480.005,grad,21746990080
4,5481.656,grad,21702834688
4,5483.134,grad,21702834176
4,5484.411,grad,21721708544
4,5485.832,grad,21697951744
4,5487.494,grad,21700083712
4,5488.754,grad,21690902528
4,5490.065,grad,21644699648
4,5491.312,grad,21640177664
4,5493.006,grad,21511925760
4,5494.509,grad,21505497088
4,5496.163,grad,21475955712
4,5497.668,grad,21475955712
4,5498.904,grad,21494764544
4,5500.381,grad,21471073280
4,5502.019,grad,21472156672
4,5503.282,grad,21463958528
4,5504.56,grad,21417821184
4,5505.807,grad,21413299200
4,5507.5,grad,21285309440
4,5508.767,grad,21278880768
4,5510.438,grad,21249339392
4,5511.932,grad,21249339392
4,5513.189,grad,21268213760
4,5514.817,grad,21244456960
4,5516.549,grad,21245540352
4,5517.808,grad,21315002368
4,5519.136,grad,21191204864
4,5520.387,grad,21186682880
4,5522.057,grad,21058430976
4,5523.317,grad,21066682368
4,5524.961,grad,21022460928
4,5526.506,grad,21022460928
4,5527.775,grad,21041400832
4,5529.21,grad,21017578496
4,5530.876,grad,21018661888
4,5532.139,grad,21088058368
4,5533.434,grad,20964326400
4,5534.678,grad,20959869952
4,5536.371,grad,20831618048
4,5537.607,grad,20824796160
4,5538.847,grad,20810443776
4,5540.111,grad,20795648000
4,5541.607,grad,20795648000
4,5542.841,grad,20814587904
4,5544.188,grad,20790765568
4,5546.041,grad,20791848960
4,5547.36,grad,20783650816
4,5548.691,grad,20737513472
4,5549.948,grad,20732991488
4,5551.666,grad,20604805120
4,5552.912,grad,20613056512
4,5554.543,grad,20568835072
4,5556.054,grad,20568835072
4,5557.342,grad,20570932224
4,5559.058,grad,20563952640
4,5560.777,grad,20565036032
4,5562.051,grad,20634498048
4,5563.381,grad,20510700544
4,5564.632,grad,20583773184
4,5566.348,grad,20377926656
4,5567.617,grad,20371432448
4,5569.274,grad,20341956608
4,5570.819,grad,20341956608
4,5572.07,grad,20360896512
4,5573.444,grad,20337074176
4,5575.076,grad,20339075072
4,5576.355,grad,20329959424
4,5577.631,grad,20245024768
4,5578.894,grad,20279300096
4,5580.65,grad,20151048192
4,5581.903,grad,20158906368
4,5583.81,grad,20115078144
4,5585.313,grad,20115078144
4,5586.566,grad,20134018048
4,5587.96,grad,20110195712
4,5589.671,grad,20111279104
4,5590.961,grad,20103146496
4,5592.312,grad,20056943616
4,5593.551,grad,20052421632
4,5595.224,grad,19924169728
4,5596.475,grad,19932421120
4,5598.098,grad,19888200192
4,5599.665,grad,19888199680
4,5600.926,grad,19907139584
4,5602.519,grad,19883317248
4,5604.144,grad,19884400640
4,5605.392,grad,19953862656
4,5606.665,grad,19830065152
4,5607.905,grad,19825543168
4,5609.666,grad,19697291264
4,5610.903,grad,19705542656
4,5612.508,grad,19661321216
4,5613.988,grad,19661321216
4,5615.245,grad,19663287296
4,5616.732,grad,19656438784
4,5618.391,grad,19657522176
4,5619.685,grad,19649389568
4,5620.997,grad,19603186688
4,5622.257,grad,19598664704
4,5623.966,grad,19470478336
4,5625.212,grad,19463656448
4,5627.117,grad,19434508800
4,5628.622,grad,19434508288
4,5629.859,grad,19453251584
4,5631.368,grad,19429625856
4,5632.992,grad,19430709248
4,5634.23,grad,19500171264
4,5635.536,grad,19376373760
4,5636.772,grad,19371851776
4,5638.492,grad,19243599872
4,5639.751,grad,19237171200
4,5641.427,grad,19207629824
4,5642.922,grad,19207629824
4,5644.176,grad,19226569728
4,5645.874,grad,19202747392
4,5647.584,grad,19204813824
4,5648.827,grad,19195698176
4,5650.223,grad,19149495296
4,5651.473,grad,19144973312
4,5653.168,grad,19016721408
4,5654.417,grad,19024972800
4,5656.064,grad,18980751872
4,5657.569,grad,18980751360
4,5658.848,grad,18999625728
4,5660.407,grad,18975868928
4,5662.059,grad,18976952320
4,5663.303,grad,19046414336
4,5664.587,grad,18922616832
4,5665.835,grad,18918094848
4,5667.568,grad,18789908480
4,5669.062,grad,18783479808
4,5670.823,grad,18753938432
4,5672.334,grad,18753938432
4,5673.607,grad,18772812800
4,5674.99,grad,18749056000
4,5676.767,grad,18750139392
4,5678.004,grad,18741941248
4,5679.266,grad,18657006592
4,5680.512,grad,18691281920
4,5682.212,grad,18563030016
4,5683.461,grad,18556601344
4,5685.145,grad,18527059968
4,5686.687,grad,18527059968
4,5687.947,grad,18545934336
4,5689.841,grad,18522177536
4,5691.529,grad,18523260928
4,5692.766,grad,18592722944
4,5694.052,grad,18468925440
4,5695.304,grad,18464403456
4,5697.006,grad,18336217088
4,5698.252,grad,18344468480
4,5699.915,grad,18300247040
4,5701.464,grad,18300247040
4,5702.721,grad,18319121408
4,5704.112,grad,18295364608
4,5705.782,grad,18296448000
4,5707.014,grad,18365910016
4,5708.317,grad,18242112512
4,5709.555,grad,18237590528
4,5711.368,grad,18109338624
4,5712.61,grad,18117196800
4,5713.85,grad,18073368576
4,5715.077,grad,18073368576
4,5716.331,grad,18102728704
4,5717.851,grad,18067994624
4,5719.095,grad,18075826176
4,5720.717,grad,18070487040
4,5721.958,grad,18139031552
4,5723.254,grad,18015234048
4,5724.507,grad,18010712064
4,5726.213,grad,17882460160
4,5727.464,grad,17876031488
4,5729.132,grad,17846490112
4,5730.713,grad,17846490112
4,5731.986,grad,17865430016
4,5733.616,grad,17841607680
4,5735.286,grad,17842691072
4,5736.549,grad,17912153088
4,5737.858,grad,17788355584
4,5739.101,grad,17783833600
4,5740.96,grad,17655581696
4,5742.215,grad,17663833088
4,5743.892,grad,17619611648
4,5745.51,grad,17619611648
4,5746.813,grad,17638551552
4,5748.238,grad,17614729216
4,5749.895,grad,17615812608
4,5751.174,grad,17607680000
4,5752.521,grad,17561477120
4,5753.78,grad,17556955136
4,5755.504,grad,17428703232
4,5756.761,grad,17436561408
4,5758.01,grad,17408577536
4,5759.258,grad,17392733184
4,5760.651,grad,17407413248
4,5761.914,grad,17411673088
4,5763.324,grad,17387850752
4,5764.983,grad,17388934144
4,5766.224,grad,17458396160
4,5767.546,grad,17334598656
4,5768.808,grad,17330076672
4,5770.563,grad,17201890304
4,5771.806,grad,17195461632
4,5773.505,grad,17165920256
4,5775.001,grad,17165920256
4,5776.259,grad,17184860160
4,5777.934,grad,17161037824
4,5779.632,grad,17162121216
4,5780.883,grad,17153988608
4,5782.24,grad,17107785728
4,5783.49,grad,17103263744
4,5785.205,grad,16975011840
4,5786.456,grad,16983263232
4,5788.079,grad,16939041792
4,5789.576,grad,16939041792
4,5790.872,grad,16957981696
4,5792.286,grad,16934159360
4,5793.909,grad,16935242752
4,5795.144,grad,17004704768
4,5796.437,grad,16880907264
4,5797.673,grad,16876778496
4,5799.4,grad,16748198912
4,5800.64,grad,16756057088
4,5801.879,grad,16712229376
4,5803.112,grad,16713277440
4,5804.425,grad,16742113280
4,5805.773,grad,16706854912
4,5807.013,grad,16714686464
4,5808.546,grad,16708429824
4,5809.807,grad,16700297216
4,5811.158,grad,16654094336
4,5812.409,grad,16649965568
4,5814.106,grad,16521385984
4,5815.38,grad,16522231808
4,5817.337,grad,16478075904
4,5819.022,grad,16477813760
4,5820.303,grad,16496753664
4,5821.962,grad,16472931328
4,5823.231,grad,16463002624
4,5824.473,grad,16463002624
4,5825.706,grad,16463002624
4,5827.257,grad,16463002112
4,5829.181,grad,16463002112
4,5830.444,grad,16463002112
4,5831.707,grad,16463002112
4,5832.96,grad,16463002112
4,5836.452,grad,16463002112
4,5837.759,grad,16463002112
4,5840.014,grad,16463002112
4,5841.279,grad,16463069696
4,5842.523,grad,16463005696
4,5843.762,grad,16463003648
4,5845.007,grad,16463921152
4,5846.394,grad,16463069696
4,5847.648,grad,16463006208
4,5848.915,grad,16463069184
4,5850.149,grad,16463462400
4,5851.395,grad,16463462912
4,5852.673,grad,16463005696
4,5853.909,grad,16463069696
4,5855.14,grad,16463921152
4,5856.394,grad,16463069184
4,5857.661,grad,16463003648
4,5858.927,grad,16463005696
4,5860.302,grad,16463462400
4,5861.639,grad,16463069696
4,5862.91,grad,16463003648
4,5864.147,grad,16463006208
4,5865.405,grad,16463462912
4,5866.7,grad,16463003648
4,5867.98,grad,16463005696
4,5869.21,grad,16463004160
4,5870.493,grad,16463462400
4,5871.751,grad,16463004160
4,5872.982,grad,16463462400
4,5874.231,grad,16463005696
4,5875.472,grad,16463527936
4,5876.744,grad,16463003648
4,5878.014,grad,16463462400
4,5879.247,grad,16463004160
4,5880.542,grad,16463069184
4,5881.781,grad,16463462912
4,5883.04,grad,16463069184
4,5884.284,grad,16463003648
4,5885.552,grad,16463005696
4,5886.811,grad,16463462400
4,5888.042,grad,16464449536
4,5889.276,grad,16468054016
4,5890.516,grad,16472774144
4,5891.752,grad,16476868608
4,5892.982,grad,16482898432
4,5894.215,grad,16485422080
4,5895.495,grad,16490369024
4,5896.783,grad,16495547392
4,5898.019,grad,16499577344
4,5899.31,grad,16507244544
4,5900.583,grad,16510161920
4,5901.869,grad,16515895296
4,5903.101,grad,16521532416
4,5904.332,grad,16524611584
4,5905.58,grad,16528741376
4,5906.838,grad,16530247680
4,5908.141,grad,16534999040
4,5909.386,grad,16537620992
4,5910.62,grad,16542273536
4,5911.896,grad,16546173952
4,5913.13,grad,16547680256
4,5914.392,grad,16552267776
4,5915.638,grad,16555840000
4,5916.905,grad,16560132096
4,5918.352,grad,16563278336
4,5919.727,grad,16566358016
4,5921.07,grad,16570946048
4,5922.374,grad,16572912640
4,5923.637,grad,16576745472
4,5924.89,grad,16579269120
4,5926.136,grad,16583561728
4,5927.412,grad,16587691520
4,5928.658,grad,16589197312
4,5929.894,grad,16593948672
4,5931.138,grad,16596570624
4,5932.415,grad,16601092096
4,5933.657,grad,16605123584
4,5934.926,grad,16606629888
4,5936.23,grad,16611381248
4,5937.475,grad,16614003200
4,5938.784,grad,16618295296
4,5940.062,grad,16623112192
4,5941.303,grad,16625210368
4,5942.539,grad,16628813824
4,5943.778,grad,16632647680
4,5945.052,grad,16635727872
4,5946.312,grad,16640545792
4,5947.558,grad,16641363968
4,5948.812,grad,16641326592
4,5950.063,grad,16641361920
4,5951.45,grad,16641396224
4,5952.777,grad,16641418240
4,5954.096,grad,16641452544
4,5955.41,grad,16641486848
4,5956.719,grad,16526347776
4,5958.024,grad,16349007360
4,5959.335,grad,16330952192
4,5960.63,grad,16363949568
4,5961.95,grad,16386133504
4,5963.281,grad,16404614656
4,5964.655,grad,16426274304
4,5965.984,grad,16445246976
4,5967.317,grad,16473624064
4,5968.654,grad,16397569536
4,5969.969,grad,16281079296
4,5971.279,grad,16151416320
4,5972.6,grad,16139511296
4,5978.934,grad,16139451904
4,5985.343,grad,16139460096
4,5991.736,grad,16139460096
4,5998.125,grad,16139460096
4,6002.997,grad,16139460096
4,6004.333,grad,16146937344
4,6006.323,grad,16147066368
4,6008.849,grad,16154471936
4,6010.601,grad,16163909120
4,6012.084,grad,16163909120
4,6013.44,grad,16172297728
4,6015.338,grad,16193450496
4,6016.664,grad,16254272000
4,6018.034,grad,16385475072
4,6019.374,grad,16346677760
4,6020.703,grad,16446358016
4,6022.337,grad,16392880640
4,6024.727,grad,16392884736
4,6026.359,grad,16402321920
4,6027.749,grad,16402321920
4,6029.118,grad,16410710528
4,6030.986,grad,16439203328
4,6032.312,grad,16492684800
4,6034.5,grad,16546293248
4,6035.86,grad,16684770816
4,6037.545,grad,16631293440
4,6040.053,grad,16631412224
4,6041.639,grad,16640734720
4,6043.01,grad,16640734720
4,6044.344,grad,16649123328
4,6045.663,grad,16693344768
4,6047.31,grad,16684960256
4,6048.64,grad,16784640512
4,6050.157,grad,16784706048
4,6051.522,grad,16923183616
4,6052.978,grad,16862366208
4,6055.423,grad,16869710336
4,6057.057,grad,16879147520
4,6058.473,grad,16879147520
4,6059.798,grad,16887536128
4,6061.649,grad,16916028928
4,6062.971,grad,16969510400
4,6065.149,grad,17023118848
4,6066.512,grad,17146916352
4,6068.182,grad,17108119040
4,6070.616,grad,17108123136
4,6072.259,grad,17117560320
4,6073.671,grad,17117560320
4,6074.996,grad,17125948928
4,6076.875,grad,17154441728
4,6078.201,grad,17207923200
4,6080.437,grad,17261531648
4,6081.782,grad,17414689280
4,6083.184,grad,17346531840
4,6085.803,grad,17346535936
4,6087.419,grad,17355973120
4,6088.792,grad,17355973120
4,6090.121,grad,17364361728
4,6091.971,grad,17392854528
4,6093.313,grad,17446336000
4,6095.501,grad,17499944448
4,6096.825,grad,17653102080
4,6098.157,grad,17577604608
4,6100.613,grad,17584948736
4,6102.243,grad,17594385920
4,6103.662,grad,17594385920
4,6105.033,grad,17602774528
4,6106.99,grad,17623927296
4,6108.362,grad,17684748800
4,6110.547,grad,17738357248
4,6111.858,grad,17891514880
4,6113.244,grad,17823357440
4,6115.656,grad,17823361536
4,6117.241,grad,17832798720
4,6118.645,grad,17832798720
4,6119.961,grad,17841187328
4,6121.794,grad,17869680128
4,6123.134,grad,17923161600
4,6125.385,grad,18015567360
4,6126.724,grad,18129927680
4,6128.332,grad,18054430208
4,6130.713,grad,18061774336
4,6132.32,grad,18071211520
4,6133.763,grad,18071211520
4,6135.08,grad,18079600128
4,6136.865,grad,18108092928
4,6138.186,grad,18161574400
4,6140.391,grad,18215182848
4,6141.714,grad,18353660416
4,6143.086,grad,18292843008
4,6144.35,grad,18300187136
4,6145.832,grad,18300187136
4,6147.649,grad,18309624320
4,6149.025,grad,18309624320
4,6150.341,grad,18318012928
4,6152.16,grad,18346505728
4,6153.555,grad,18399987200
4,6154.899,grad,18531190272
4,6156.254,grad,18492392960
4,6157.623,grad,18538595840
4,6159.073,grad,18538599936
4,6161.273,grad,18538599936
4,6162.876,grad,18548037120
4,6164.266,grad,18548037120
4,6165.683,grad,18556425728
4,6167.768,grad,18584918528
4,6169.094,grad,18638400000
4,6171.26,grad,18692008448
4,6172.619,grad,18830486016
4,6174.065,grad,18769668608
4,6176.449,grad,18777012736
4,6178.039,grad,18786449920
4,6179.419,grad,18786449920
4,6180.752,grad,18794838528
4,6182.595,grad,18823331328
4,6183.922,grad,18876812800
4,6186.643,grad,18969218560
4,6188.923,grad,19015421440
4,6191.37,grad,19015540224
4,6192.948,grad,19024862720
4,6194.324,grad,19024862720
4,6195.643,grad,19033251328
4,6197.417,grad,19054404096
4,6198.74,grad,19115225600
4,6200.075,grad,19246428672
4,6201.371,grad,19207631360
4,6202.69,grad,19253834240
4,6204.178,grad,19253838336
4,6206.475,grad,19253838336
4,6208.221,grad,19263275520
4,6209.639,grad,19263275520
4,6210.958,grad,19271664128
4,6212.806,grad,19300156928
4,6214.141,grad,19353638400
4,6216.319,grad,19407246848
4,6217.67,grad,19545724416
4,6219.052,grad,19484907008
4,6221.443,grad,19492251136
4,6223.004,grad,19501688320
4,6224.37,grad,19501688320
4,6225.737,grad,19510076928
4,6228.743,grad,19538569728
4,6230.069,grad,19592051200
4,6232.175,grad,19645659648
4,6233.581,grad,19784137216
4,6234.949,grad,19723319808
4,6237.399,grad,19730778624
4,6238.955,grad,19740101120
4,6240.362,grad,19740101120
4,6241.687,grad,19748489728
4,6243.513,grad,19769642496
4,6244.824,grad,19830464000
4,6247.227,grad,19922869760
4,6248.582,grad,20007869952
4,6250.073,grad,19969072640
4,6252.477,grad,19969076736
4,6254.074,grad,19978513920
4,6255.529,grad,19978513920
4,6256.839,grad,19986902528
4,6258.712,grad,20015395328
4,6260.059,grad,20068876800
4,6262.159,grad,20122485248
4,6263.529,grad,20260962816
4,6264.93,grad,20200145408
4,6267.433,grad,20207604224
4,6269.191,grad,20216926720
4,6270.597,grad,20216926720
4,6271.966,grad,20225315328
4,6273.797,grad,20253808128
4,6275.117,grad,20307289600
4,6277.241,grad,20360898048
4,6278.6,grad,20499375616
4,6280.018,grad,20438558208
4,6282.418,grad,20445902336
4,6284.049,grad,20455339520
4,6285.428,grad,20455339520
4,6286.784,grad,20463728128
4,6288.849,grad,20492220928
4,6290.179,grad,20545702400
4,6292.398,grad,20599310848
4,6293.752,grad,20752468480
4,6295.081,grad,20676971008
4,6297.515,grad,20684315136
4,6299.135,grad,20693752320
4,6300.497,grad,20693752320
4,6301.818,grad,20702140928
4,6303.694,grad,20730633728
4,6305.017,grad,20784115200
4,6307.147,grad,20837723648
4,6308.512,grad,20976201216
4,6310.149,grad,20922723840
4,6312.582,grad,20922727936
4,6314.214,grad,20932165120
4,6315.623,grad,20932165120
4,6316.944,grad,20940553728
4,6318.827,grad,20969046528
4,6320.16,grad,21022528000
4,6322.347,grad,21076136448
4,6323.713,grad,21214614016
4,6325.323,grad,21153796608
4,6327.702,grad,21161140736
4,6329.524,grad,21170577920
4,6330.88,grad,21170577920
4,6332.242,grad,21178966528
4,6334.081,grad,21207459328
4,6335.347,grad,21260940800
4,6336.675,grad,21314549248
4,6338.249,grad,21353346560
4,6340.277,grad,21399549440
4,6342.699,grad,21399553536
4,6344.32,grad,21408990720
4,6345.694,grad,21408990720
4,6347.051,grad,21417379328
4,6348.979,grad,21438532096
4,6350.303,grad,21499353600
4,6352.465,grad,21552962048
4,6353.775,grad,21691439616
4,6355.135,grad,21630622208
4,6357.558,grad,21637966336
4,6359.138,grad,21647403520
4,6360.5,grad,21647403520
4,6361.878,grad,21655792128
4,6363.738,grad,21684284928
4,6365.091,grad,21737766400
4,6367.288,grad,21791374848
4,6368.633,grad,21929852416
4,6370.262,grad,21876375040
4,6372.702,grad,21876379136
4,6374.315,grad,21885816320
4,6375.653,grad,21885816320
4,6377.027,grad,21894204928
4,6378.822,grad,21922697728
4,6380.139,grad,21976179200
4,6382.277,grad,22029787648
4,6383.616,grad,22182945280
4,6385.006,grad,22107447808
4,6387.41,grad,22114791936
4,6389.178,grad,22124229120
4,6390.559,grad,22124229120
4,6391.88,grad,22132617728
4,6393.788,grad,22162159104
4,6395.11,grad,22215640576
4,6397.322,grad,22269249024
4,6398.643,grad,22407726592
4,6400.096,grad,22346909184
4,6402.608,grad,22354253312
4,6404.318,grad,22363690496
4,6405.752,grad,22363690496
4,6407.147,grad,22372079104
4,6409.223,grad,22400571904
4,6410.655,grad,22454053376
4,6412.013,grad,22546459136
4,6413.328,grad,22546459136
4,6414.672,grad,22660819456
4,6416.118,grad,22592666112
4,6418.507,grad,22592666112
4,6420.174,grad,22602103296
4,6421.638,grad,22602103296
4,6423.022,grad,22610491904
4,6424.937,grad,22638984704
4,6426.268,grad,22692466176
4,6427.639,grad,22901263872
4,6429.465,grad,22784871936
4,6431.566,grad,22831074816
4,6432.918,grad,23758016000
4,6434.242,grad,23758053888
4,6435.653,grad,23750693888
4,6437.877,grad,23750685696
4,6439.205,grad,23439259136
4,6440.6,grad,23439259136
4,6441.965,grad,23439259136
4,6443.335,grad,23439258624
4,6444.661,grad,24062123008
4,6446.279,grad,22827923968
4,6447.549,grad,22824247808
4,6448.932,grad,22780404224
4,6450.176,grad,22759170560
4,6451.425,grad,22701105664
4,6452.776,grad,22647630336
4,6454.055,grad,22641201664
4,6455.81,grad,22611660288
4,6457.436,grad,22611660288
4,6458.728,grad,22630534656
4,6460.206,grad,22606777856
4,6461.462,grad,22604189184
4,6462.848,grad,22608385536
4,6464.63,grad,22553525760
4,6465.88,grad,22524886528
4,6467.114,grad,22428089856
4,6468.527,grad,22428091904
4,6469.77,grad,22399577600
4,6471.111,grad,22384781824
4,6472.735,grad,22384781824
4,6473.978,grad,22403983872
4,6475.544,grad,22379899392
4,6477.238,grad,22381507072
4,6478.57,grad,22372850176
4,6479.939,grad,22326647296
4,6481.178,grad,22244530688
4,6483.054,grad,22193873408
4,6485.405,grad,22187444736
4,6487.232,grad,22156854784
4,6488.85,grad,22156854784
4,6490.152,grad,22176777728
4,6491.6,grad,22151972352
4,6493.374,grad,22153580032
4,6494.621,grad,22144923136
4,6496.005,grad,22098720256
4,6497.257,grad,22094198272
4,6499.044,grad,21965946368
4,6500.371,grad,21959517696
4,6502.114,grad,21929976320
4,6503.721,grad,21929976320
4,6504.96,grad,21948785152
4,6506.798,grad,21925093888
4,6508.667,grad,21926177280
4,6509.996,grad,21995639296
4,6511.439,grad,21871841792
4,6512.717,grad,21828522496
4,6514.583,grad,21739067904
4,6515.851,grad,21747319296
4,6517.598,grad,21703097856
4,6519.244,grad,21703097856
4,6520.5,grad,21722299904
4,6522.119,grad,21698215424
4,6523.858,grad,21700347392
4,6525.136,grad,21691166208
4,6526.527,grad,21644963328
4,6527.77,grad,21640441344
4,6529.58,grad,21512189440
4,6530.822,grad,21519982080
4,6532.062,grad,21508840960
4,6533.372,grad,21476219392
4,6534.62,grad,21476219392
4,6535.89,grad,21495093760
4,6537.304,grad,21471336960
4,6539.014,grad,21472420352
4,6540.251,grad,21464287744
4,6541.511,grad,21418084864
4,6542.753,grad,21382105600
4,6543.983,grad,21285376512
4,6545.262,grad,21292716544
4,6546.504,grad,21264202240
4,6547.801,grad,21249406464
4,6549.394,grad,21249406464
4,6550.673,grad,21268280832
4,6552.44,grad,21244524032
4,6554.172,grad,21245607424
4,6555.438,grad,21237474816
4,6556.811,grad,21191271936
4,6558.056,grad,21186749952
4,6559.828,grad,21058498048
4,6561.09,grad,21052069376
4,6562.864,grad,21022528000
4,6564.469,grad,21022528000
4,6565.751,grad,21041336832
4,6567.274,grad,21017645568
4,6568.95,grad,21018728960
4,6570.215,grad,21010596352
4,6572.504,grad,20964393472
4,6573.75,grad,20928414208
4,6574.986,grad,20877754880
4,6576.396,grad,20838959616
4,6577.66,grad,20832465408
4,6579.233,grad,20795649536
4,6580.815,grad,20795649536
4,6582.057,grad,20814851584
4,6583.638,grad,20790767104
4,6585.389,grad,20791850496
4,6586.628,grad,20783717888
4,6587.958,grad,20737515008
4,6589.193,grad,20732993024
4,6590.974,grad,20604741120
4,6592.27,grad,20598312448
4,6593.982,grad,20568771072
4,6595.612,grad,20568771072
4,6596.891,grad,20587710976
4,6598.534,grad,20563888640
4,6600.269,grad,20565889536
4,6601.595,grad,20556839424
4,6603.02,grad,20510636544
4,6604.265,grad,20506114560
4,6606.089,grad,20377862656
4,6607.335,grad,20371433984
4,6609.033,grad,20341892608
4,6610.715,grad,20341892608
4,6612.021,grad,20360635904
4,6613.654,grad,20337010176
4,6615.468,grad,20338093568
4,6616.796,grad,20329960960
4,6618.092,grad,20283758080
4,6619.355,grad,20240438784
4,6620.601,grad,20158322176
4,6621.931,grad,20158324224
4,6623.233,grad,20159235584
4,6624.965,grad,20115014144
4,6626.581,grad,20115014144
4,6627.855,grad,20133888512
4,6629.328,grad,20110131712
4,6631.038,grad,20111215104
4,6632.399,grad,20103082496
4,6633.797,grad,20056879616
4,6635.055,grad,20052357632
4,6636.857,grad,19924105728
4,6638.099,grad,19932357120
4,6639.754,grad,19888135680
4,6641.373,grad,19888135680
4,6642.622,grad,19907337728
4,6644.461,grad,19883253248
4,6646.224,grad,19884336640
4,6647.519,grad,19876204032
4,6648.868,grad,19830001152
4,6650.117,grad,19825479168
4,6651.93,grad,19697292800
4,6653.193,grad,19690864128
4,6654.915,grad,19661322752
4,6656.524,grad,19661322752
4,6657.803,grad,19680197120
4,6659.243,grad,19656440320
4,6660.899,grad,19657523712
4,6662.232,grad,19649391104
4,6663.605,grad,19603188224
4,6664.852,grad,19535751680
4,6666.74,grad,19470414336
4,6667.979,grad,19478272512
4,6669.227,grad,19434444288
4,6670.471,grad,19435492864
4,6671.826,grad,19464328704
4,6673.261,grad,19429070336
4,6674.509,grad,19436901888
4,6676.028,grad,19431628288
4,6677.268,grad,19422512640
4,6678.522,grad,19376309760
4,6679.756,grad,19340330496
4,6681.66,grad,19243535872
4,6682.896,grad,19237107200
4,6684.601,grad,19207565824
4,6686.18,grad,19207565824
4,6687.429,grad,19226374656
4,6689.165,grad,19202683392
4,6690.81,grad,19203766784
4,6692.05,grad,19195634176
4,6693.481,grad,19149431296
4,6694.737,grad,19144909312
4,6696.453,grad,19016722944
4,6697.723,grad,19010294272
4,6699.416,grad,18980752896
4,6700.913,grad,18980752896
4,6702.236,grad,18999627264
4,6703.736,grad,18975870464
4,6705.388,grad,18976953856
4,6706.621,grad,19046415872
4,6707.962,grad,18922618368
4,6709.196,grad,18918096384
4,6710.896,grad,18789844480
4,6712.132,grad,18782957056
4,6713.382,grad,18762378752
4,6714.611,grad,18753874432
4,6715.848,grad,18783300096
4,6717.283,grad,18748500480
4,6718.524,grad,18756332032
4,6720.023,grad,18750075392
4,6721.26,grad,18819537408
4,6722.584,grad,18695739904
4,6723.82,grad,18691217920
4,6725.623,grad,18563031552
4,6726.855,grad,18571282944
4,6728.532,grad,18527061504
4,6730.018,grad,18527061504
4,6731.259,grad,18545477120
4,6732.5,grad,18522179072
4,6733.759,grad,18522179072
4,6735.669,grad,18523262464
4,6736.904,grad,18512705024
4,6738.261,grad,18468926976
4,6739.581,grad,18433013248
4,6740.817,grad,18389693952
4,6742.232,grad,18336153088
4,6743.479,grad,18329331200
4,6744.711,grad,18326308352
4,6746.0,grad,18300183552
4,6747.581,grad,18300183040
4,6748.837,grad,18316304896
4,6750.792,grad,18295300608
4,6752.63,grad,18297301504
4,6753.86,grad,18285826560
4,6755.15,grad,18242048512
4,6756.39,grad,18198729216
4,6757.621,grad,18109274624
4,6759.0,grad,18116614656
4,6760.276,grad,18102780416
4,6761.805,grad,18073304576
4,6763.38,grad,18073304576
4,6764.614,grad,18092244480
4,6766.035,grad,18068422144
4,6767.8,grad,18069505536
4,6769.031,grad,18061372928
4,6770.384,grad,18015170048
4,6771.62,grad,18010648064
4,6773.34,grad,17882396160
4,6774.598,grad,17875967488
4,6776.302,grad,17846426112
4,6777.785,grad,17846426112
4,6779.094,grad,17865300480
4,6780.763,grad,17841543680
4,6782.452,grad,17842627072
4,6783.707,grad,17834494464
4,6785.06,grad,17788291584
4,6786.3,grad,17783769600
4,6787.99,grad,17655517696
4,6789.229,grad,17649089024
4,6790.906,grad,17619547648
4,6792.413,grad,17619547648
4,6793.675,grad,17638487552
4,6795.109,grad,17614665216
4,6796.754,grad,17615748608
4,6797.987,grad,17685210624
4,6799.369,grad,17561413120
4,6800.606,grad,17556891136
4,6802.313,grad,17428704768
4,6803.547,grad,17436562944
4,6804.781,grad,17416967680
4,6806.01,grad,17392734720
4,6807.25,grad,17422160384
4,6808.681,grad,17387360768
4,6809.922,grad,17395192320
4,6811.471,grad,17388935680
4,6812.702,grad,17458397696
4,6813.982,grad,17334600192
4,6815.225,grad,17291280896
4,6816.958,grad,17201826304
4,6818.207,grad,17210077696
4,6819.879,grad,17165856256
4,6821.42,grad,17165856256
4,6822.683,grad,17184861696
4,6824.409,grad,17160973824
4,6826.111,grad,17162057216
4,6827.382,grad,17153924608
4,6828.723,grad,17107721728
4,6829.965,grad,17064402432
4,6831.766,grad,16975013376
4,6833.003,grad,16983199232
4,6834.701,grad,16939043328
4,6836.235,grad,16939043328
4,6837.511,grad,16957983232
4,6838.916,grad,16934160896
4,6840.618,grad,16935244288
4,6841.856,grad,17004706304
4,6843.137,grad,16880908800
4,6844.399,grad,16837589504
4,6846.259,grad,16748134912
4,6847.507,grad,16755927552
4,6848.754,grad,16720669184
4,6849.985,grad,16712164864
4,6851.223,grad,16741590528
4,6852.664,grad,16706790912
4,6853.916,grad,16714622464
4,6855.527,grad,16708365824
4,6856.771,grad,16700233216
4,6858.101,grad,16654030336
4,6859.342,grad,16649901568
4,6861.103,grad,16521321984
4,6862.34,grad,16522233344
4,6863.949,grad,16478011904
4,6865.58,grad,16477749760
4,6866.824,grad,16496755200
4,6868.462,grad,16472801792
4,6869.746,grad,16462873088
4,6871.122,grad,16462873088
4,6872.482,grad,16462873088
4,6876.899,grad,16462872576
4,6878.216,grad,16462872576
4,6879.551,grad,16462872576
4,6883.361,grad,16462872576
4,6884.771,grad,16462872576
4,6887.099,grad,16462872576
4,6888.429,grad,16462939648
4,6889.725,grad,16462874112
4,6891.026,grad,16463332864
4,6892.329,grad,16462874112
4,6893.626,grad,16462876672
4,6894.932,grad,16463332864
4,6896.235,grad,16462874112
4,6897.564,grad,16462876672
4,6898.874,grad,16463398400
4,6900.196,grad,16462874112
4,6901.555,grad,16462874112
4,6902.874,grad,16463333376
4,6904.193,grad,16462874112
4,6905.538,grad,16462876160
4,6906.91,grad,16463332864
4,6908.215,grad,16462940160
4,6909.63,grad,16462876160
4,6910.947,grad,16463333376
4,6912.269,grad,16462874112
4,6913.588,grad,16462876160
4,6914.903,grad,16463333376
4,6916.266,grad,16462874112
4,6917.591,grad,16462876672
4,6918.903,grad,16463333376
4,6920.207,grad,16462874112
4,6921.559,grad,16462876672
4,6922.872,grad,16462939648
4,6924.231,grad,16462874112
4,6925.563,grad,16462874624
4,6926.878,grad,16462939648
4,6928.179,grad,16462874624
4,6929.518,grad,16462876672
4,6930.833,grad,16462874112
4,6932.134,grad,16463332864
4,6933.46,grad,16462876672
4,6934.778,grad,16462876672
4,6936.084,grad,16463332864
4,6937.402,grad,16463332864
4,6938.699,grad,16462874624
4,6940.055,grad,16463332864
4,6941.421,grad,16462939648
4,6942.719,grad,16462942208
4,6944.025,grad,16467205120
4,6945.339,grad,16469071360
4,6946.653,grad,16474446336
4,6947.959,grad,16475624960
4,6949.265,grad,16481883648
4,6950.662,grad,16482703360
4,6952.038,grad,16488961536
4,6953.354,grad,16491846144
4,6954.709,grad,16497219072
4,6956.013,grad,16500561920
4,6957.317,grad,16506066432
4,6958.616,grad,16509409280
4,6959.97,grad,16515373056
4,6961.3,grad,16520190464
4,6962.606,grad,16523991040
4,6963.918,grad,16524089344
4,6965.284,grad,16531723776
4,6966.605,grad,16534051328
4,6967.915,grad,16537490944
4,6969.22,grad,16539819008
4,6970.608,grad,16543421952
4,6971.975,grad,16545814016
4,6973.354,grad,16549418496
4,6974.655,grad,16551876608
4,6975.955,grad,16555709952
4,6977.28,grad,16558856704
4,6978.6,grad,16561706496
4,6979.914,grad,16564689408
4,6981.217,grad,16567997952
4,6982.615,grad,16570684928
4,6983.926,grad,16573536256
4,6985.286,grad,16577796608
4,6986.615,grad,16579663872
4,6987.924,grad,16584022528
4,6989.233,grad,16585070080
4,6990.579,grad,16590149120
4,6991.901,grad,16590968832
4,6993.223,grad,16595556352
4,6994.602,grad,16597882368
4,6995.922,grad,16601323008
4,6997.246,grad,16603879936
4,6998.592,grad,16607254528
4,6999.956,grad,16609646080
4,7001.307,grad,16613381632
4,7002.604,grad,16615774208
4,7003.914,grad,16619836928
4,7005.264,grad,16622754304
4,7006.589,grad,16625604608
4,7007.905,grad,16628750848
4,7009.259,grad,16631600640
4,7010.594,grad,16634648064
4,7011.91,grad,16637498880
4,7013.217,grad,16641629184
4,7014.563,grad,16643495424
4,7015.872,grad,16643088896
4,7017.179,grad,16643122688
4,7018.517,grad,16643156992
4,7019.838,grad,16643180032
4,7021.155,grad,16643215360
4,7022.482,grad,16643250176
4,7023.803,grad,16567636992
4,7025.118,grad,16374633472
4,7026.439,grad,16330658816
4,7027.749,grad,16362017792
4,7029.043,grad,16394589184
4,7030.337,grad,16427226112
4,7031.625,grad,16458683392
4,7032.935,grad,16457569280
4,7034.234,grad,16336557056
4,7035.562,grad,16190084096
4,7036.89,grad,16139419136
4,7043.356,grad,16139322368
4,7049.765,grad,16139326464
4,7056.154,grad,16139326464
4,7062.565,grad,16139326464
4,7067.763,grad,16139326464
4,7069.117,grad,16144182272
4,7071.048,grad,16147981312
4,7073.55,grad,16147981312
4,7075.258,grad,16152699904
4,7076.636,grad,16152699904
4,7078.028,grad,16156894208
4,7079.931,grad,16171206656
4,7081.241,grad,16198012928
4,7083.44,grad,16224817152
4,7084.762,grad,16294121472
4,7086.505,grad,16267382784
4,7088.856,grad,16267384832
4,7090.498,grad,16272103424
4,7091.848,grad,16272103424
4,7093.186,grad,16276297728
4,7095.035,grad,16290577408
4,7096.347,grad,16317318144
4,7098.52,grad,16344122368
4,7099.853,grad,16413361152
4,7101.176,grad,16382952448
4,7103.55,grad,16386624512
4,7105.162,grad,16391343104
4,7106.515,grad,16391343104
4,7107.867,grad,16395537408
4,7109.866,grad,16410832896
4,7111.178,grad,16437344256
4,7113.27,grad,16465164288
4,7114.616,grad,16527063040
4,7116.255,grad,16507664384
4,7118.751,grad,16507666432
4,7120.384,grad,16512385024
4,7121.774,grad,16512385024
4,7123.093,grad,16516579328
4,7124.921,grad,16530826240
4,7126.232,grad,16557566976
4,7128.47,grad,16584371200
4,7129.782,grad,16646269952
4,7131.334,grad,16623201280
4,7133.763,grad,16626873344
4,7135.37,grad,16632640512
4,7136.734,grad,16632640512
4,7138.098,grad,16636834816
4,7139.915,grad,16651081728
4,7141.227,grad,16677822464
4,7143.456,grad,16704626688
4,7144.769,grad,16773865472
4,7146.145,grad,16743456768
4,7148.788,grad,16747128832
4,7150.475,grad,16751847424
4,7151.833,grad,16751847424
4,7153.189,grad,16756041728
4,7155.089,grad,16771337216
4,7156.414,grad,16798077952
4,7158.643,grad,16824882176
4,7159.971,grad,16894120960
4,7161.371,grad,16863712256
4,7163.833,grad,16867384320
4,7165.495,grad,16873151488
4,7166.853,grad,16873151488
4,7168.231,grad,16877345792
4,7170.283,grad,16891592704
4,7171.669,grad,16918333440
4,7173.862,grad,16945137664
4,7175.182,grad,17021716480
4,7176.615,grad,16983967744
4,7179.082,grad,16987754496
4,7180.673,grad,16993406976
4,7182.05,grad,16993406976
4,7183.433,grad,16997601280
4,7185.287,grad,17011848192
4,7186.622,grad,17038588928
4,7188.812,grad,17065393152
4,7190.132,grad,17134631936
4,7191.725,grad,17104223232
4,7194.22,grad,17108009984
4,7195.829,grad,17112613888
4,7197.244,grad,17112613888
4,7198.599,grad,17116808192
4,7200.522,grad,17131055104
4,7201.845,grad,17158844416
4,7204.058,grad,17205047296
4,7205.404,grad,17254887424
4,7206.725,grad,17224478720
4,7209.249,grad,17228265472
4,7211.016,grad,17233917952
4,7212.388,grad,17233917952
4,7213.76,grad,17238112256
4,7215.615,grad,17253407744
4,7216.947,grad,17280181248
4,7219.044,grad,17306952704
4,7220.362,grad,17384580096
4,7221.768,grad,17350501376
4,7224.165,grad,17350618112
4,7225.767,grad,17355222016
4,7227.129,grad,17355222016
4,7228.536,grad,17359416320
4,7230.333,grad,17369993216
4,7231.653,grad,17373665280
4,7233.021,grad,17466005504
4,7234.345,grad,17427208192
4,7235.68,grad,17496446976
4,7237.099,grad,17466038272
4,7239.54,grad,17469710336
4,7241.129,grad,17475477504
4,7242.516,grad,17475477504
4,7243.888,grad,17479671808
4,7245.764,grad,17493918720
4,7247.084,grad,17521708032
4,7249.247,grad,17548512256
4,7250.628,grad,17617751040
4,7252.246,grad,17591012352
4,7254.704,grad,17591014400
4,7256.319,grad,17595732992
4,7257.736,grad,17595732992
4,7259.108,grad,17599927296
4,7260.971,grad,17610504192
4,7262.304,grad,17640914944
4,7263.64,grad,17688166400
4,7264.959,grad,17688166400
4,7266.273,grad,17745346560
4,7267.694,grad,17711267840
4,7270.14,grad,17711384576
4,7271.942,grad,17715988480
4,7273.374,grad,17715988480
4,7274.728,grad,17720182784
4,7276.639,grad,17734429696
4,7277.96,grad,17762219008
4,7279.313,grad,17808421888
4,7280.691,grad,17808421888
4,7282.006,grad,17858262016
4,7283.33,grad,17827853312
4,7285.73,grad,17831525376
4,7287.416,grad,17836243968
4,7288.782,grad,17836243968
4,7290.093,grad,17840438272
4,7292.147,grad,17855733760
4,7293.484,grad,17874085888
4,7294.818,grad,17947027456
4,7296.342,grad,17927628800
4,7297.652,grad,17973798912
4,7299.024,grad,17951778816
4,7301.381,grad,17951780864
4,7303.008,grad,17956499456
4,7304.364,grad,17956499456
4,7305.736,grad,17960693760
4,7307.671,grad,17974940672
4,7308.979,grad,18001681408
4,7310.318,grad,18047884288
4,7311.685,grad,18047884288
4,7313.001,grad,18097724416
4,7315.601,grad,18070985728
4,7317.972,grad,18070987776
4,7319.626,grad,18075706368
4,7320.998,grad,18075706368
4,7322.335,grad,18079900672
4,7324.2,grad,18095196160
4,7325.58,grad,18121936896
4,7326.941,grad,18168139776
4,7328.306,grad,18168139776
4,7329.626,grad,18219028480
4,7330.955,grad,18192289792
4,7333.323,grad,18192291840
4,7335.099,grad,18197010432
4,7336.502,grad,18197010432
4,7337.872,grad,18201204736
4,7339.804,grad,18211781632
4,7341.134,grad,18242192384
4,7342.513,grad,18307793920
4,7344.131,grad,18288395264
4,7346.217,grad,18311496704
4,7348.688,grad,18311498752
4,7350.373,grad,18317265920
4,7351.796,grad,18317265920
4,7353.112,grad,18321460224
4,7355.16,grad,18335707136
4,7356.516,grad,18362447872
4,7357.89,grad,18408650752
4,7359.203,grad,18408650752
4,7360.574,grad,18465830912
4,7362.024,grad,18431754240
4,7364.416,grad,18431754240
4,7366.152,grad,18436472832
4,7367.555,grad,18436472832
4,7368.917,grad,18440667136
4,7370.833,grad,18454914048
4,7372.164,grad,18481654784
4,7373.542,grad,18547256320
4,7375.16,grad,18527857664
4,7377.324,grad,18547289088
4,7379.801,grad,18550961152
4,7381.476,grad,18555679744
4,7382.891,grad,18555679744
4,7384.233,grad,18559874048
4,7386.129,grad,18575169536
4,7387.516,grad,18601910272
4,7388.859,grad,18648113152
4,7390.593,grad,18648113152
4,7392.681,grad,18671214592
4,7395.106,grad,18671331328
4,7396.883,grad,18676983808
4,7398.257,grad,18676983808
4,7399.647,grad,18681178112
4,7401.562,grad,18695425024
4,7402.893,grad,18722165760
4,7404.217,grad,18787767296
4,7405.591,grad,18768368640
4,7406.913,grad,18818208768
4,7408.429,grad,18791472128
4,7410.74,grad,18791472128
4,7412.453,grad,18797239296
4,7413.846,grad,18797239296
4,7415.225,grad,18801433600
4,7417.279,grad,18812010496
4,7418.648,grad,18843469824
4,7419.978,grad,18909071360
4,7421.78,grad,18890721280
4,7423.99,grad,18912776192
4,7426.459,grad,18912776192
4,7428.163,grad,18917494784
4,7429.641,grad,18917494784
4,7431.051,grad,18921689088
4,7432.94,grad,18935936000
4,7434.256,grad,18962676736
4,7435.658,grad,19008879616
4,7436.973,grad,19008879616
4,7438.311,grad,19066059776
4,7439.868,grad,19028311040
4,7442.47,grad,19032097792
4,7444.086,grad,19037750272
4,7445.519,grad,19037750272
4,7446.933,grad,19041944576
4,7448.871,grad,19056191488
4,7450.237,grad,19082932224
4,7451.613,grad,19148533760
4,7452.979,grad,19129135104
4,7454.312,grad,19186315264
4,7455.739,grad,19152236544
4,7458.263,grad,19152353280
4,7460.117,grad,19156957184
4,7461.557,grad,19156957184
4,7462.94,grad,19161151488
4,7464.909,grad,19176446976
4,7466.235,grad,19203187712
4,7467.598,grad,19307586560
4,7469.463,grad,19249390592
4,7471.596,grad,19272492032
4,7474.152,grad,19272608768
4,7475.819,grad,19278261248
4,7477.32,grad,19278261248
4,7478.694,grad,19282455552
4,7480.848,grad,19296702464
4,7482.177,grad,19323443200
4,7483.573,grad,19389044736
4,7484.964,grad,19369646080
4,7486.283,grad,19426826240
4,7487.647,grad,19389077504
4,7490.249,grad,19392864256
4,7491.892,grad,19398516736
4,7493.307,grad,19398516736
4,7494.692,grad,19402711040
4,7496.661,grad,19416957952
4,7498.038,grad,19443698688
4,7499.382,grad,19489901568
4,7501.075,grad,19489901568
4,7502.986,grad,19509332992
4,7504.319,grad,19976471552
4,7505.68,grad,19976486912
4,7507.005,grad,19972811264
4,7509.136,grad,19817093632
4,7510.477,grad,19817094144
4,7511.852,grad,19817094144
4,7513.221,grad,19817094144
4,7515.125,grad,19817095680
4,7516.764,grad,19512999936
4,7518.126,grad,19509719040
4,7519.527,grad,19485569024
4,7520.771,grad,19483308032
4,7522.666,grad,19419183104
4,7523.909,grad,19417016320
4,7525.62,grad,19402245632
4,7527.109,grad,19403293696
4,7528.343,grad,19412894720
4,7529.911,grad,19401098240
4,7531.146,grad,19398511616
4,7532.4,grad,19398511616
4,7534.153,grad,19372129280
4,7535.428,grad,19354205184
4,7536.67,grad,19326483456
4,7538.077,grad,19309708288
4,7539.319,grad,19295450112
4,7540.604,grad,19287003648
4,7541.969,grad,19288051712
4,7543.263,grad,19297488896
4,7544.703,grad,19285856256
4,7546.431,grad,19287988224
4,7547.668,grad,19281922048
4,7549.013,grad,19258820608
4,7550.247,grad,19258492928
4,7551.953,grad,19194204160
4,7553.444,grad,19190988800
4,7555.068,grad,19175169024
4,7556.63,grad,19176217600
4,7557.943,grad,19185654784
4,7559.433,grad,19174022144
4,7561.131,grad,19176154112
4,7562.383,grad,19170087936
4,7563.724,grad,19146986496
4,7564.969,grad,19145610240
4,7566.772,grad,19082370048
4,7568.008,grad,19086494720
4,7569.622,grad,19063335424
4,7571.144,grad,19064383488
4,7572.389,grad,19073787904
4,7574.688,grad,19062188032
4,7576.453,grad,19064320000
4,7577.696,grad,19058253824
4,7579.064,grad,19035152384
4,7580.311,grad,19015426048
4,7582.139,grad,18970535936
4,7583.424,grad,18967320576
4,7585.002,grad,18952549376
4,7586.579,grad,18953597952
4,7588.093,grad,18962969600
4,7589.98,grad,18951402496
4,7591.836,grad,18953534464
4,7593.136,grad,18967882752
4,7594.401,grad,18904968192
4,7595.639,grad,18922990592
4,7597.371,grad,18859815936
4,7598.605,grad,18863744000
4,7600.492,grad,18839732224
4,7602.054,grad,18840780800
4,7603.368,grad,18850217984
4,7604.78,grad,18838585344
4,7606.479,grad,18840717312
4,7607.741,grad,18834782208
4,7609.104,grad,18811680768
4,7610.35,grad,18790021120
4,7612.094,grad,18745294848
4,7613.327,grad,18741030912
4,7614.852,grad,18727308288
4,7616.371,grad,18727308288
4,7617.604,grad,18736909312
4,7619.449,grad,18725112832
4,7621.1,grad,18727244800
4,7622.399,grad,18720293888
4,7623.719,grad,18697192448
4,7624.955,grad,18695980032
4,7626.68,grad,18631855104
4,7627.915,grad,18627591168
4,7629.589,grad,18611771904
4,7631.075,grad,18612819968
4,7632.311,grad,18622420992
4,7633.811,grad,18610624512
4,7635.496,grad,18612756480
4,7636.738,grad,18644602880
4,7638.096,grad,18582704128
4,7639.332,grad,18580443136
4,7641.1,grad,18516318208
4,7642.333,grad,18520213504
4,7644.165,grad,18498331648
4,7645.69,grad,18498331648
4,7646.982,grad,18507768832
4,7648.462,grad,18496136192
4,7650.131,grad,18498268160
4,7651.373,grad,18491317248
4,7652.744,grad,18468215808
4,7653.999,grad,18467003392
4,7655.705,grad,18402878464
4,7656.943,grad,18408051712
4,7658.563,grad,18384891904
4,7660.116,grad,18384891904
4,7661.35,grad,18394296320
4,7663.082,grad,18382696448
4,7664.799,grad,18384828416
4,7666.038,grad,18377877504
4,7667.376,grad,18354776064
4,7668.616,grad,18352515072
4,7670.524,grad,18288422912
4,7671.768,grad,18285207552
4,7673.412,grad,18270436352
4,7674.906,grad,18271484928
4,7676.184,grad,18280922112
4,7677.59,grad,18268240896
4,7679.268,grad,18271421440
4,7680.601,grad,18263421952
4,7681.927,grad,18240320512
4,7683.159,grad,18217612288
4,7684.945,grad,18172886016
4,7686.175,grad,18177862656
4,7687.977,grad,18155948032
4,7689.522,grad,18155948032
4,7690.763,grad,18165319680
4,7692.306,grad,18153752576
4,7693.975,grad,18155884544
4,7695.22,grad,18148933632
4,7696.556,grad,18125832192
4,7697.803,grad,18123571200
4,7699.587,grad,18059479040
4,7700.882,grad,18056263680
4,7702.453,grad,18041492480
4,7703.979,grad,18042541056
4,7705.209,grad,18051945472
4,7706.917,grad,18039297024
4,7708.656,grad,18042477568
4,7709.934,grad,18034478080
4,7711.337,grad,18011376640
4,7712.571,grad,18009115648
4,7714.312,grad,17946039296
4,7715.548,grad,17941775360
4,7717.097,grad,17927004160
4,7718.619,grad,17928052736
4,7719.856,grad,17937457152
4,7721.451,grad,17925857280
4,7723.076,grad,17926940672
4,7724.36,grad,17921038336
4,7725.709,grad,17897936896
4,7726.943,grad,17895675904
4,7728.69,grad,17831550976
4,7729.924,grad,17834430464
4,7731.814,grad,17812516352
4,7733.28,grad,17813564416
4,7734.557,grad,17823165440
4,7736.09,grad,17811368960
4,7737.733,grad,17813500928
4,7738.991,grad,17806550016
4,7740.409,grad,17783448576
4,7741.641,grad,17781187584
4,7743.369,grad,17716014080
4,7744.625,grad,17713847296
4,7746.203,grad,17699076096
4,7747.74,grad,17699076096
4,7749.045,grad,17708447744
4,7750.914,grad,17696880640
4,7752.626,grad,17699012608
4,7753.867,grad,17730859008
4,7755.214,grad,17668960256
4,7756.463,grad,17666699264
4,7758.167,grad,17602574336
4,7759.464,grad,17597294592
4,7761.085,grad,17582523392
4,7762.616,grad,17582523392
4,7763.914,grad,17591960576
4,7765.404,grad,17580327936
4,7767.03,grad,17582459904
4,7768.263,grad,17576524800
4,7769.632,grad,17553423360
4,7770.868,grad,17516035072
4,7772.743,grad,17487070208
4,7774.226,grad,17483854848
4,7775.893,grad,17469116416
4,7777.427,grad,17469083648
4,7778.718,grad,17478520832
4,7780.134,grad,17465839616
4,7781.877,grad,17468004352
4,7783.11,grad,17461053440
4,7784.465,grad,17437919232
4,7785.8,grad,17396860928
4,7787.687,grad,17371533312
4,7788.944,grad,17374642176
4,7790.555,grad,17352530944
4,7792.118,grad,17352530944
4,7793.423,grad,17361968128
4,7795.122,grad,17350335488
4,7796.797,grad,17352467456
4,7798.035,grad,17385329664
4,7799.357,grad,17323430912
4,7800.596,grad,17286042624
4,7801.837,grad,17257044992
4,7803.088,grad,17248652288
4,7804.328,grad,17245408256
4,7805.61,grad,17238010368
4,7806.995,grad,17238009856
4,7808.259,grad,17247447040
4,7809.69,grad,17235814400
4,7811.446,grad,17237946368
4,7812.689,grad,17232044032
4,7814.008,grad,17208942592
4,7815.239,grad,17206681600
4,7817.011,grad,17142556672
4,7818.245,grad,17145436160
4,7820.043,grad,17123521536
4,7821.674,grad,17123521536
4,7822.988,grad,17132958720
4,7824.437,grad,17121326080
4,7826.115,grad,17123458048
4,7827.401,grad,17116507136
4,7828.734,grad,17093405696
4,7829.971,grad,17091144704
4,7831.816,grad,17027019776
4,7833.05,grad,17031144448
4,7834.588,grad,17009033216
4,7836.136,grad,17009033216
4,7837.466,grad,17018470400
4,7839.27,grad,17006837760
4,7840.981,grad,17008969728
4,7842.246,grad,17003067392
4,7843.601,grad,16979965952
4,7844.846,grad,16977704960
4,7846.613,grad,16913580032
4,7847.851,grad,16910364672
4,7849.466,grad,16894544896
4,7850.948,grad,16894544896
4,7852.198,grad,16903916544
4,7853.741,grad,16892349440
4,7855.38,grad,16894481408
4,7856.652,grad,16887530496
4,7857.977,grad,16864429056
4,7859.215,grad,16862168064
4,7860.946,grad,16799124480
4,7862.18,grad,16801971200
4,7864.017,grad,16780089856
4,7865.532,grad,16780089344
4,7866.774,grad,16789460992
4,7868.361,grad,16777893888
4,7869.98,grad,16780025856
4,7871.238,grad,16774123520
4,7872.483,grad,16751022080
4,7873.721,grad,16734081024
4,7875.623,grad,16684668928
4,7876.882,grad,16681453568
4,7878.497,grad,16666682368
4,7879.987,grad,16666682368
4,7881.261,grad,16676119552
4,7882.946,grad,16664486912
4,7884.634,grad,16666618880
4,7885.892,grad,16660716544
4,7887.262,grad,16637615104
4,7888.515,grad,16634305536
4,7890.225,grad,16569426944
4,7891.471,grad,16566211584
4,7893.103,grad,16551440384
4,7894.607,grad,16551440384
4,7895.87,grad,16560844800
4,7897.452,grad,16549244928
4,7899.087,grad,16551376896
4,7900.32,grad,16545474560
4,7901.625,grad,16522373120
4,7902.863,grad,16481314816
4,7904.697,grad,16456019968
4,7905.925,grad,16459948032
4,7907.766,grad,16438000640
4,7909.276,grad,16438000640
4,7910.584,grad,16447437824
4,7912.001,grad,16435739648
4,7913.804,grad,16437937152
4,7915.035,grad,16431936512
4,7916.264,grad,16389469184
4,7917.522,grad,16406606848
4,7919.255,grad,16342449152
4,7920.496,grad,16335563776
4,7922.074,grad,16320793088
4,7923.626,grad,16320530432
4,7924.864,grad,16329934848
4,7926.624,grad,16318334976
4,7927.91,grad,16313124864
4,7929.284,grad,16313124864
4,7930.667,grad,16313124864
4,7932.19,grad,16313124352
4,7935.82,grad,16313124352
4,7937.259,grad,16313124352
4,7938.61,grad,16313124352
4,7942.288,grad,16313124352
4,7943.703,grad,16313124352
4,7946.099,grad,16313124352
4,7947.343,grad,16313355264
4,7948.642,grad,16313127424
4,7949.957,grad,16313355264
4,7951.272,grad,16313356800
4,7952.615,grad,16313127424
4,7953.92,grad,16313355776
4,7955.227,grad,16313355264
4,7956.556,grad,16313125888
4,7957.862,grad,16313584640
4,7959.165,grad,16313355776
4,7960.515,grad,16313125888
4,7961.828,grad,16313355264
4,7963.135,grad,16313355264
4,7964.474,grad,16313127424
4,7965.81,grad,16313355776
4,7967.122,grad,16313355264
4,7968.51,grad,16313125888
4,7969.819,grad,16313584640
4,7971.126,grad,16313355776
4,7972.48,grad,16313125888
4,7973.79,grad,16313355264
4,7975.099,grad,16313355264
4,7976.405,grad,16313126400
4,7977.704,grad,16313355264
4,7979.009,grad,16313355776
4,7980.314,grad,16313126400
4,7981.607,grad,16313355264
4,7982.91,grad,16313388032
4,7984.261,grad,16313125888
4,7985.587,grad,16313355264
4,7986.897,grad,16313388032
4,7988.25,grad,16313125888
4,7989.587,grad,16313355776
4,7990.899,grad,16313388032
4,7992.23,grad,16313125888
4,7993.587,grad,16313355264
4,7994.9,grad,16313158656
4,7996.211,grad,16313126400
4,7997.566,grad,16313355264
4,7998.89,grad,16313158656
4,8000.25,grad,16313125888
4,8001.584,grad,16313355776
4,8002.9,grad,16314571776
4,8004.264,grad,16317979648
4,8005.597,grad,16320372736
4,8006.909,grad,16323780096
4,8008.234,grad,16325942272
4,8009.594,grad,16329088512
4,8010.979,grad,16330726400
4,8012.368,grad,16335313920
4,8013.723,grad,16336329728
4,8015.097,grad,16341015552
4,8016.385,grad,16343375360
4,8017.689,grad,16346749952
4,8018.989,grad,16349436928
4,8020.304,grad,16352812032
4,8021.609,grad,16355433472
4,8022.907,grad,16358809088
4,8024.271,grad,16360807936
4,8025.609,grad,16364215296
4,8026.91,grad,16366804992
4,8028.212,grad,16370179584
4,8029.554,grad,16372571136
4,8030.853,grad,16376274432
4,8032.157,grad,16378666496
4,8033.553,grad,16382499840
4,8034.851,grad,16385646592
4,8036.157,grad,16388496896
4,8037.502,grad,16391642624
4,8038.817,grad,16394263552
4,8040.134,grad,16398622208
4,8041.512,grad,16400260096
4,8042.824,grad,16404848128
4,8044.136,grad,16405863424
4,8045.472,grad,16410615296
4,8046.786,grad,16411630592
4,8048.113,grad,16416218624
4,8049.417,grad,16418708992
4,8050.735,grad,16422312960
4,8052.109,grad,16424705024
4,8053.486,grad,16428309504
4,8054.782,grad,16430702080
4,8056.149,grad,16434535424
4,8057.472,grad,16437681664
4,8058.778,grad,16440531968
4,8060.078,grad,16443808768
4,8061.377,grad,16446430208
4,8062.735,grad,16450788864
4,8064.079,grad,16452426752
4,8065.448,grad,16457014272
4,8066.783,grad,16458030592
4,8068.155,grad,16462617600
4,8069.487,grad,16465895424
4,8070.851,grad,16469498880
4,8072.166,grad,16471890944
4,8073.568,grad,16475495424
4,8074.9,grad,16476219392
4,8076.209,grad,16476254208
4,8077.548,grad,16476289024
4,8078.926,grad,16476315136
4,8080.24,grad,16476350464
4,8081.591,grad,16476385280
4,8082.9,grad,16469596672
4,8084.215,grad,16372046336
4,8085.594,grad,16302610944
4,8086.895,grad,16338917888
4,8088.206,grad,16368802304
4,8089.552,grad,16401046016
4,8090.857,grad,16432470528
4,8092.17,grad,16464681472
4,8093.518,grad,16375323136
4,8094.824,grad,16251329024
4,8096.131,grad,16142456320
4,8097.47,grad,16142286848
4,8098.786,grad,16142275072
4,8100.094,grad,16152683008
4,8101.409,grad,16178668032
4,8102.718,grad,16205636096
4,8104.017,grad,16233652736
4,8105.352,grad,16259736064
4,8106.66,grad,16287785472
4,8107.954,grad,16267371008
4,8109.255,grad,16140232192
4,8110.589,grad,16114638848
4,8111.906,grad,15991300096
4,8113.217,noise,15974619136
4,8114.619,noise,15974619136
4,8116.031,noise,15975831552
4,8117.465,noise,15976060928
4,8118.782,noise,15976290304
4,8120.202,noise,15977502720
4,8121.578,noise,15977797632
4,8122.982,noise,15977797632
4,8124.417,noise,15979468800
4,8125.767,noise,15979730944
4,8127.118,noise,15980189696
4,8128.523,noise,15980681216
4,8129.938,noise,15980681216
4,8131.332,noise,15982188544
4,8132.699,noise,15982647296
4,8134.109,noise,15982647296
4,8135.518,noise,15985104896
4,8136.835,noise,15985104896
4,8138.241,noise,15986317312
4,8139.603,noise,15987595264
4,8141.005,noise,15988054016
4,8142.376,noise,15988512768
4,8143.754,noise,15988774912
4,8145.151,noise,15989987328
4,8146.613,noise,15990216704
4,8147.925,noise,15990446080
4,8149.339,noise,15991658496
4,8150.729,noise,15991887872
4,8152.13,noise,15991887872
4,8153.549,noise,15993329664
4,8154.87,noise,15993591808
4,8156.247,noise,15994050560
4,8157.649,noise,15994542080
4,8159.069,noise,15994542080
4,8160.46,noise,15995754496
4,8161.809,noise,15996213248
4,8163.219,noise,15996213248
4,8164.641,noise,15997655040
4,8165.969,noise,15997655040
4,8167.376,noise,15998867456
4,8168.71,noise,15999129600
4,8170.117,noise,15999588352
4,8171.518,noise,16000047104
4,8172.869,noise,16000309248
4,8174.273,noise,16001521664
4,8175.744,noise,16001751040
4,8177.062,noise,16001980416
4,8178.491,noise,16003192832
4,8179.877,noise,16003422208
4,8181.303,noise,16003422208
4,8182.723,noise,16005093376
4,8184.041,noise,16005126144
4,8185.455,noise,16005584896
4,8186.823,noise,16006076416
4,8188.24,noise,16006076416
4,8189.655,noise,16007288832
4,8191.011,noise,16007747584
4,8192.438,noise,16007747584
4,8193.849,noise,16009189376
4,8195.196,noise,16009189376
4,8196.623,noise,16010401792
4,8197.949,noise,16010795008
4,8199.353,noise,16011253760
4,8200.729,noise,16011712512
4,8202.11,noise,16011974656
4,8203.531,noise,16013187072
4,8204.969,noise,16013416448
4,8206.316,noise,16013645824
4,8207.737,noise,16014858240
4,8209.113,noise,16015906816
4,8210.534,noise,16015906816
4,8211.936,noise,16017348608
4,8213.259,noise,16017610752
4,8214.647,noise,16018069504
4,8216.047,noise,16018561024
4,8217.465,noise,16018561024
4,8218.853,noise,16019773440
4,8220.193,noise,16020232192
4,8221.626,noise,16020232192
4,8223.024,noise,16022001664
4,8224.351,noise,16021772288
4,8225.792,noise,16024197120
4,8227.13,noise,16023246848
4,8228.527,noise,16023705600
4,8229.909,noise,16024164352
4,8231.316,noise,16024426496
4,8232.733,noise,16025638912
4,8234.181,noise,16025868288
4,8235.547,noise,16026097664
4,8236.963,noise,16027310080
4,8238.34,noise,16027539456
4,8239.748,noise,16027539456
4,8241.153,noise,16029243392
4,8242.536,noise,16029505536
4,8243.886,noise,16029964288
4,8245.286,noise,16030455808
4,8246.712,noise,16030455808
4,8248.113,noise,16031668224
4,8249.5,noise,16032126976
4,8250.91,noise,16032126976
4,8252.32,noise,16033568768
4,8253.642,noise,16033568768
4,8255.047,noise,16034781184
4,8256.372,noise,16035043328
4,8257.771,noise,16035502080
4,8259.136,noise,16035960832
4,8260.53,noise,16036222976
4,8261.935,noise,16037435392
4,8263.379,noise,16037664768
4,8264.711,noise,16037894144
4,8266.124,noise,16039106560
4,8267.533,noise,16039335936
4,8268.946,noise,16039335936
4,8270.336,noise,16040777728
4,8271.686,noise,16041039872
4,8273.025,noise,16041498624
4,8274.436,noise,16041990144
4,8275.852,noise,16041990144
4,8277.258,noise,16043202560
4,8278.615,noise,16043661312
4,8280.024,noise,16043661312
4,8281.433,noise,16045103104
4,8282.759,noise,16045103104
4,8284.17,noise,16046315520
4,8285.537,noise,16046577664
4,8286.954,noise,16047036416
4,8288.34,noise,16047495168
4,8289.692,noise,16047757312
4,8291.093,noise,16048969728
4,8292.548,noise,16049428480
4,8293.865,noise,16049657856
4,8295.279,noise,16050870272
4,8296.664,noise,16051099648
4,8298.067,noise,16051099648
4,8299.499,noise,16052541440
4,8300.848,noise,16052803584
4,8302.195,noise,16053262336
4,8303.601,noise,16053753856
4,8305.016,noise,16053753856
4,8306.426,noise,16054966272
4,8307.792,noise,16055425024
4,8309.202,noise,16055425024
4,8310.614,noise,16056866816
4,8311.943,noise,16056866816
4,8313.362,noise,16058079232
4,8314.811,noise,16058341376
4,8316.227,noise,16058800128
4,8317.602,noise,16059258880
4,8318.977,noise,16059521024
4,8320.364,noise,16059521024
4,8321.688,noise,16060962816
4,8323.106,noise,16061192192
4,8324.524,noise,16062404608
4,8325.979,noise,16062633984
4,8327.333,noise,16062633984
4,8328.732,noise,16064305152
4,8330.054,noise,16064337920
4,8331.459,noise,16064796672
4,8332.845,noise,16065288192
4,8334.261,noise,16065288192
4,8335.672,noise,16066500608
4,8337.033,noise,16066959360
4,8338.461,noise,16066959360
4,8339.854,noise,16068401152
4,8341.223,noise,16068401152
4,8342.645,noise,16069613568
4,8343.971,noise,16069875712
4,8345.343,noise,16070334464
4,8346.731,noise,16070793216
4,8348.122,noise,16071055360
4,8349.522,noise,16071055360
4,8350.844,noise,16072497152
4,8352.258,noise,16072726528
4,8353.694,noise,16073938944
4,8355.128,noise,16074168320
4,8356.546,noise,16074168320
4,8357.933,noise,16076068864
4,8359.252,noise,16075872256
4,8360.658,noise,16076331008
4,8362.035,noise,16076822528
4,8363.454,noise,16076822528
4,8364.853,noise,16078034944
4,8366.198,noise,16078493696
4,8367.627,noise,16078493696
4,8369.024,noise,16079935488
4,8370.359,noise,16079935488
4,8371.774,noise,16081147904
4,8373.112,noise,16081410048
4,8374.521,noise,16081868800
4,8375.891,noise,16082327552
4,8377.307,noise,16082589696
4,8378.713,noise,16083802112
4,8380.151,noise,16084097024
4,8381.519,noise,16084326400
4,8382.943,noise,16085538816
4,8384.327,noise,16085768192
4,8385.733,noise,16085768192
4,8387.127,noise,16087209984
4,8388.504,noise,16087472128
4,8389.84,noise,16087930880
4,8391.249,noise,16088422400
4,8392.678,noise,16088422400
4,8394.073,noise,16089634816
4,8395.425,noise,16090093568
4,8396.838,noise,16090093568
4,8398.237,noise,16091535360
4,8399.59,noise,16091535360
4,8400.983,noise,16091535360
4,8402.315,noise,16092977152
4,8403.665,noise,16093239296
4,8405.018,noise,16093698048
4,8406.419,noise,16094189568
4,8407.839,noise,16094189568
4,8409.228,noise,16096450560
4,8410.569,noise,16096909312
4,8411.976,noise,16096909312
4,8413.389,noise,16098580480
4,8414.713,noise,16098351104
4,8416.147,noise,16100775936
4,8417.525,noise,16099825664
4,8418.903,noise,16100284416
4,8420.313,noise,16100743168
4,8421.663,noise,16101005312
4,8423.068,noise,16102217728
4,8424.52,noise,16102447104
4,8425.857,noise,16102676480
4,8427.273,noise,16103888896
4,8428.658,noise,16104118272
4,8430.059,noise,16104118272
4,8431.462,noise,16106018816
4,8432.781,noise,16105822208
4,8434.163,noise,16106280960
4,8435.554,noise,16106772480
4,8436.964,noise,16106772480
4,8438.352,noise,16107984896
4,8439.709,noise,16108443648
4,8441.113,noise,16108443648
4,8442.52,noise,16109885440
4,8443.834,noise,16109885440
4,8445.236,noise,16111097856
4,8446.595,noise,16111360000
4,8448.01,noise,16111818752
4,8449.405,noise,16112277504
4,8450.751,noise,16112539648
4,8452.149,noise,16113752064
4,8453.613,noise,16113981440
4,8454.925,noise,16114210816
4,8456.333,noise,16115423232
4,8457.721,noise,16115652608
4,8459.125,noise,16115652608
4,8460.534,noise,16117094400
4,8461.853,noise,16117356544
4,8463.23,noise,16117815296
4,8464.635,noise,16118306816
4,8466.055,noise,16118306816
4,8467.472,noise,16119519232
4,8468.819,noise,16119977984
4,8470.229,noise,16119977984
4,8471.64,noise,16121419776
4,8472.972,noise,16121419776
4,8474.374,noise,16122632192
4,8475.705,noise,16122894336
4,8477.109,noise,16123353088
4,8478.512,noise,16123811840
4,8479.889,noise,16124073984
4,8481.286,noise,16125286400
4,8482.744,noise,16125515776
4,8484.056,noise,16125745152
4,8485.486,noise,16126957568
4,8486.872,noise,16127186944
4,8488.268,noise,16127186944
4,8489.678,noise,16129087488
4,8490.997,noise,16128890880
4,8492.383,noise,16129349632
4,8493.763,noise,16129841152
4,8495.174,noise,16129841152
4,8496.578,noise,16131053568
4,8497.943,noise,16131512320
4,8499.352,noise,16131512320
4,8500.74,noise,16132954112
4,8502.09,noise,16132954112
4,8503.508,noise,16134166528
4,8504.832,noise,16134428672
4,8506.249,noise,16134887424
4,8507.617,noise,16135346176
4,8509.007,noise,16135608320
4,8510.419,noise,16135608320
4,8511.743,noise,16137050112
4,8513.16,noise,16137279488
4,8514.596,noise,16138491904
4,8516.032,noise,16138721280
4,8517.444,noise,16138721280
4,8518.845,noise,16140621824
4,8520.463,noise,16140425216
4,8521.847,noise,16140883968
4,8523.286,noise,16141146112
4,8524.622,noise,16051558400
4,8526.41,optimizer,15979010048
4,8527.717,optimizer,15982789632
4,8529.028,optimizer,15981312000
4,8530.331,optimizer,15982845440
4,8531.639,optimizer,15984377856
4,8532.941,optimizer,15984886784
4,8534.244,optimizer,15985375232
4,8535.596,optimizer,15985439744
4,8536.91,optimizer,15987988480
4,8538.221,optimizer,15988462592
4,8539.563,optimizer,15990224896
4,8540.873,optimizer,15990545408
4,8542.197,optimizer,15990839296
4,8543.533,optimizer,15991328768
4,8544.843,optimizer,15991609856
4,8546.217,optimizer,15994368512
4,8547.567,optimizer,15995658240
4,8548.886,optimizer,15997190144
4,8550.214,optimizer,15996551680
4,8551.555,optimizer,15997204992
4,8552.865,optimizer,15997707264
4,8554.177,optimizer,15998836224
4,8555.517,optimizer,15999749120
4,8556.827,optimizer,16001118720
4,8558.139,optimizer,16002881024
4,8559.471,optimizer,16003160064
4,8560.785,optimizer,16003663872
4,8562.094,optimizer,16003944448
4,8563.346,optimizer,16006460928
4,8564.647,optimizer,16008221696
4,8565.956,optimizer,16010868224
4,8567.256,optimizer,16009247232
4,8568.592,optimizer,16009670656
4,8569.9,optimizer,16010173440
4,8571.203,optimizer,16012514816
4,8572.536,optimizer,16011986432
4,8573.841,optimizer,16013748224
4,8575.144,optimizer,16015086592
4,8576.47,optimizer,16015576576
4,8577.784,optimizer,16016066048
4,8579.086,optimizer,16016147968
4,8580.343,optimizer,16018105856
4,8581.662,optimizer,16020621824
4,8582.962,optimizer,16022169600
4,8584.265,optimizer,16021271040
4,8585.598,optimizer,16021954560
4,8586.904,optimizer,16022902272
4,8588.213,optimizer,16025008128
4,8589.544,optimizer,16025583104
4,8590.855,optimizer,16027078144
4,8592.158,optimizer,16027392512
4,8593.492,optimizer,16028304384
4,8594.797,optimizer,16028562944
4,8596.099,optimizer,16029856768
4,8597.343,optimizer,16030391296
4,8598.648,optimizer,16032907776
4,8599.951,optimizer,16033456640
4,8601.255,optimizer,16034194432
4,8602.591,optimizer,16034496512
4,8603.895,optimizer,16034748416
4,8605.198,optimizer,16037279232
4,8606.528,optimizer,16038798336
4,8607.833,optimizer,16041542656
4,8609.151,optimizer,16039659520
4,8610.479,optimizer,16040387584
4,8611.78,optimizer,16040848896
4,8613.079,optimizer,16043155456
4,8614.376,optimizer,16045314048
4,8615.682,optimizer,16045546496
4,8616.98,optimizer,16045827072
4,8618.287,optimizer,16046545408
4,8619.612,optimizer,16047262720
4,8620.928,optimizer,16048099840
4,8622.236,optimizer,16048874496
4,8623.58,optimizer,16051377152
4,8624.907,optimizer,16052910592
4,8626.22,optimizer,16052206592
4,8627.56,optimizer,16053153280
4,8628.869,optimizer,16053217280
4,8630.197,optimizer,16055734272
4,8631.534,optimizer,16056283648
4,8632.844,optimizer,16057882624
4,8634.151,optimizer,16058163200
4,8635.493,optimizer,16058665472
4,8636.803,optimizer,16059139072
4,8638.125,optimizer,16059254784
4,8639.442,optimizer,16061409792
4,8640.751,optimizer,16064908800
4,8642.052,optimizer,16066671104
4,8643.354,optimizer,16064330752
4,8644.652,optimizer,16065043456
4,8645.963,optimizer,16065518592
4,8647.261,optimizer,16066646528
4,8648.591,optimizer,16067331584
4,8649.891,optimizer,16070142464
4,8651.195,optimizer,16070461952
4,8652.521,optimizer,16070970880
4,8653.82,optimizer,16071688192
4,8655.122,optimizer,16071754752
4,8656.44,optimizer,16074269184
4,8657.751,optimizer,16074819584
4,8659.048,optimizer,16076352000
4,8660.343,optimizer,16076633088
4,8661.647,optimizer,16077364736
4,8662.947,optimizer,16077837824
4,8664.249,optimizer,16080148992
4,8665.595,optimizer,16079650304
4,8666.918,optimizer,16082298368
4,8668.226,optimizer,16083831808
4,8669.726,optimizer,16082959360
4,8671.028,optimizer,16083644416
4,8672.33,optimizer,16084120064
4,8673.653,optimizer,16085246976
4,8674.953,optimizer,16086161920
4,8676.255,optimizer,16087464448
4,8677.584,optimizer,16088997888
4,8678.886,optimizer,16089735680
4,8680.201,optimizer,16090008576
4,8681.545,optimizer,16090288128
4,8682.864,optimizer,16092805120
4,8684.175,optimizer,16093356032
4,8685.522,optimizer,16095020544
4,8686.831,optimizer,16095333888
4,8688.148,optimizer,16095787520
4,8689.489,optimizer,16096733696
4,8690.796,optimizer,16097570304
4,8692.165,optimizer,16098317312
4,8693.509,optimizer,16100833792
4,8694.824,optimizer,16102367232
4,8696.132,optimizer,16101509120
4,8697.464,optimizer,16102166528
4,8698.776,optimizer,16102655488
4,8700.083,optimizer,16103782912
4,8701.382,optimizer,16104696832
4,8702.684,optimizer,16105999872
4,8703.982,optimizer,16107892736
4,8705.313,optimizer,16108401664
4,8706.613,optimizer,16108703744
4,8707.913,optimizer,16108955648
4,8709.222,optimizer,16111486464
4,8710.554,optimizer,16113005056
4,8711.866,optimizer,16116962304
4,8713.167,optimizer,16113867776
4,8714.495,optimizer,16114580480
4,8715.803,optimizer,16115055616
4,8717.107,optimizer,16116106752
4,8718.416,optimizer,16116853248
4,8719.723,optimizer,16119369216
4,8721.028,optimizer,16120902144
4,8722.33,optimizer,16120002560
4,8723.632,optimizer,16120687616
4,8724.93,optimizer,16121175040
4,8726.235,optimizer,16122392576
4,8727.561,optimizer,16123016192
4,8728.863,optimizer,16125504512
4,8730.173,optimizer,16127036928
4,8731.512,optimizer,16126136832
4,8732.823,optimizer,16126835712
4,8734.138,optimizer,16127338496
4,8735.471,optimizer,16128452096
4,8736.784,optimizer,16129137664
4,8738.094,optimizer,16131653632
4,8739.344,optimizer,16133214208
4,8740.646,optimizer,16132286464
4,8741.951,optimizer,16132972032
4,8743.257,optimizer,16133689856
4,8744.585,optimizer,16135766528
4,8745.905,optimizer,16135271424
4,8747.221,optimizer,16137787392
4,8748.552,optimizer,16139306496
4,8749.853,optimizer,16138448896
4,8751.158,optimizer,16139106816
4,8752.491,optimizer,16139594240
4,8753.792,optimizer,16143342592
4,8755.096,optimizer,16142694912
4,8756.34,optimizer,16144228864
4,8757.65,optimizer,16144606720
4,8758.949,optimizer,16145094656
4,8760.247,optimizer,16146041344
4,8761.57,optimizer,16146878976
4,8762.889,optimizer,16147653632
4,8764.191,optimizer,16150156288
4,8765.518,optimizer,16151689728
4,8766.825,optimizer,16150984704
4,8768.128,optimizer,16151931904
4,8769.46,optimizer,16151998464
4,8770.765,optimizer,16151834624
4,8772.071,optimizer,16151834112
4,8773.363,optimizer,16151834112
4,8774.664,optimizer,16152293376
4,8775.963,optimizer,16152751616
4,8777.263,optimizer,16154259456
4,8778.587,optimizer,16154258944
4,8779.881,optimizer,16152751616
4,8781.192,optimizer,16152292864
4,8782.528,optimizer,16154258944
4,8783.836,optimizer,16151834112
4,8785.176,optimizer,16151834112
4,8786.522,optimizer,16152293376
4,8787.83,optimizer,16151834112
4,8789.134,optimizer,16156683776
4,8790.458,optimizer,16154259456
4,8791.761,optimizer,16152292864
4,8793.055,optimizer,16152292864
4,8794.354,optimizer,16154259456
4,8795.653,optimizer,16152751616
4,8796.946,optimizer,16151834112
4,8798.242,optimizer,16152293376
4,8799.594,optimizer,16151899648
4,8800.901,optimizer,16152292864
4,8802.218,optimizer,16152293376
4,8803.569,optimizer,16152292864
4,8804.876,optimizer,16151834112
4,8806.219,optimizer,16152292864
4,8807.576,optimizer,16154258944
4,8808.884,optimizer,16154258944
4,8810.199,optimizer,16151834624
4,8811.555,optimizer,16151900160
4,8812.866,optimizer,16152751616
4,8814.179,optimizer,16152293376
4,8815.525,optimizer,16152292864
4,8816.831,optimizer,16152292864
4,8818.217,optimizer,16151835136
4,8819.56,optimizer,16162649088
4,8820.864,optimizer,16176247808
4,8822.185,optimizer,16186569728
4,8823.538,optimizer,16199808000
4,8824.845,optimizer,16213996544
4,8826.157,optimizer,16226251776
4,8827.501,optimizer,16238670848
4,8828.802,optimizer,16253121536
4,8830.11,optimizer,16266327040
4,8831.418,optimizer,16278778880
4,8832.724,optimizer,16292017152
4,8834.03,optimizer,16305452032
4,8835.327,optimizer,16290474496
4,8836.618,optimizer,16181783040
4,8837.917,optimizer,16156911616
4,8839.211,optimizer,16185616384
4,8840.527,optimizer,16214124544
4,8841.82,optimizer,16242862080
4,8843.112,optimizer,16272025600
4,8844.416,optimizer,16300959744
4,8845.709,optimizer,16260392960
4,8847.002,optimizer,16151668736
4,8848.312,optimizer,16174573568
4,8849.603,optimizer,16202622976
4,8850.887,optimizer,16228345856
4,8852.177,optimizer,16255674368
4,8853.506,optimizer,16283559936
4,8854.805,optimizer,16309282816
4,8856.107,optimizer,16209537024
4,8857.409,optimizer,16087803904
4,8858.712,optimizer,15989281792
4,8860.001,optimizer,15985758720
4,8861.306,optimizer,15982205440
4,8863.768,optimizer,15979173888
4,8865.057,optimizer,15979173888
4,8866.341,optimizer,15979173888
4,8867.623,optimizer,15979173888
4,8868.978,optimizer,15979173888
