step,t_ms,phase,alloc_bytes
3,5.8,grad,15977142784
3,12.209,grad,15977150976
3,18.587,grad,15977150976
3,24.935,grad,15977150976
3,29.374,grad,15977150976
3,30.618,grad,15985512960
3,33.512,grad,15992982016
3,34.862,grad,16002419200
3,36.164,grad,16018263552
3,37.397,grad,16076926464
3,38.628,grad,16201768448
3,39.871,grad,16340311552
3,42.206,grad,16294178304
3,43.466,grad,16303615488
3,44.717,grad,16326799872
3,45.959,grad,16393978368
3,47.197,grad,16578658816
3,48.427,grad,16593408512
3,50.479,grad,16586068480
3,51.742,grad,16595505664
3,52.99,grad,16618690048
3,54.225,grad,16647071232
3,55.476,grad,16870548992
3,56.7,grad,16870614528
3,58.85,grad,16877958656
3,61.077,grad,16887395840
3,62.326,grad,16910580224
3,63.556,grad,16938961408
3,64.785,grad,17162439168
3,66.009,grad,17177188864
3,68.102,grad,17169848832
3,69.349,grad,17179286016
3,70.626,grad,17202470400
3,71.865,grad,17269648896
3,73.097,grad,17531923968
3,74.324,grad,17454407168
3,76.256,grad,17461739008
3,77.583,grad,17471176192
3,78.837,grad,17494360576
3,80.083,grad,17561539072
3,81.315,grad,17823814144
3,82.545,grad,17746293248
3,84.511,grad,17753629184
3,85.764,grad,17763066368
3,87.006,grad,17778910720
3,88.263,grad,17814631936
3,89.493,grad,18038109696
3,90.719,grad,18052859392
3,92.75,grad,18045519360
3,93.998,grad,18054956544
3,95.25,grad,18078140928
3,96.478,grad,18145319424
3,97.705,grad,18329999872
3,98.957,grad,18330069504
3,100.983,grad,18337409536
3,102.239,grad,18346846720
3,103.513,grad,18370031104
3,104.743,grad,18437209600
3,105.983,grad,18621890048
3,107.232,grad,18636639744
3,109.483,grad,18629299712
3,110.745,grad,18638736896
3,112.042,grad,18661921280
3,113.321,grad,18729099776
3,114.59,grad,18913780224
3,115.843,grad,18935874048
3,117.775,grad,18921189888
3,119.028,grad,18930627072
3,120.313,grad,18953811456
3,121.545,grad,19020989952
3,122.771,grad,19283265024
3,124.001,grad,19205744128
3,125.931,grad,19213080064
3,127.184,grad,19222517248
3,128.425,grad,19245701632
3,129.651,grad,19312880128
3,130.904,grad,19497560576
3,132.138,grad,19497638400
3,134.079,grad,19504970240
3,135.329,grad,19514407424
3,136.594,grad,19537591808
3,137.834,grad,19565972992
3,139.086,grad,19789450752
3,140.315,grad,19789520384
3,142.347,grad,19796860416
3,143.618,grad,19806297600
3,144.87,grad,19829481984
3,146.108,grad,19896660480
3,147.34,grad,20158935552
3,148.588,grad,20081410560
3,150.581,grad,20088750592
3,151.973,grad,20098187776
3,153.231,grad,20121372160
3,154.463,grad,20188550656
3,155.717,grad,20334433792
3,156.954,grad,20387984896
3,158.921,grad,20380640768
3,160.182,grad,20390077952
3,161.463,grad,20413262336
3,162.692,grad,20463667712
3,163.932,grad,20587461120
3,165.188,grad,20726004224
3,167.513,grad,20672530944
3,168.766,grad,20681968128
3,170.006,grad,20705152512
3,171.24,grad,20772331008
3,172.467,grad,21034606080
3,173.695,grad,20957085184
3,175.749,grad,20964421120
3,177.005,grad,20973858304
3,178.277,grad,20997042688
3,179.509,grad,21064221184
3,180.742,grad,21326496256
3,181.968,grad,21248975360
3,183.961,grad,21256311296
3,185.222,grad,21265748480
3,186.49,grad,21288932864
3,187.72,grad,21317314048
3,188.966,grad,21540791808
3,190.248,grad,21540861440
3,192.417,grad,21548201472
3,193.686,grad,21557638656
3,194.971,grad,21580823040
3,196.226,grad,21648001536
3,197.508,grad,21793884672
3,198.803,grad,21832759808
3,201.023,grad,21840091648
3,202.315,grad,21849528832
3,203.581,grad,21872713216
3,204.826,grad,21939891712
3,206.064,grad,22124572160
3,207.314,grad,22124645888
3,209.323,grad,22131981824
3,210.576,grad,22141419008
3,211.832,grad,22164603392
3,213.061,grad,22232830464
3,214.297,grad,22417510912
3,215.524,grad,22417588736
3,217.462,grad,22424920576
3,218.743,grad,22434357760
3,220.053,grad,22457542144
3,221.301,grad,22525769216
3,222.556,grad,22671652352
3,223.785,grad,22725203456
3,225.656,grad,22717859328
3,226.936,grad,22727296512
3,228.187,grad,22750480896
3,229.44,grad,22817659392
3,230.671,grad,23002339840
3,231.91,grad,23001364992
3,233.832,grad,23008700928
3,235.108,grad,23018138112
3,236.387,grad,23057051136
3,237.633,grad,23124229632
3,238.878,grad,23294230016
3,240.136,grad,23316323840
3,241.984,grad,23301639680
3,243.348,grad,23311076864
3,244.604,grad,23334261248
3,245.853,grad,23401439744
3,247.101,grad,23586120192
3,248.34,grad,23608214016
3,250.246,grad,23593529856
3,251.508,grad,23602967040
3,252.802,grad,23640831488
3,254.038,grad,23708009984
3,255.274,grad,23839213056
3,256.511,grad,23885424128
3,258.333,grad,23885420032
3,259.581,grad,23894857216
3,260.832,grad,23918041600
3,262.061,grad,23985220096
3,263.289,grad,24247495168
3,264.515,grad,24169974272
3,265.743,grad,25718898688
3,268.265,grad,25088684032
3,269.51,grad,24777257472
3,270.744,grad,24777257472
3,271.974,grad,24777257472
3,273.204,grad,24777257472
3,274.432,grad,24473161216
3,275.665,grad,24169594368
3,276.908,grad,24152358400
3,278.148,grad,23992581632
3,279.384,grad,23933038080
3,280.614,grad,23911869952
3,281.856,grad,23919094272
3,283.215,grad,23897074176
3,284.452,grad,23915883008
3,286.009,grad,23892191744
3,287.255,grad,23896951296
3,288.488,grad,23877704192
3,289.719,grad,23796570624
3,290.963,grad,23668316672
3,292.221,grad,23647701504
3,293.468,grad,23635446272
3,295.494,grad,23618553344
3,296.763,grad,23637755392
3,298.671,grad,23613670912
3,299.947,grad,23618434560
3,301.201,grad,23598331392
3,302.443,grad,23517099520
3,303.678,grad,23387960832
3,304.92,grad,23367280128
3,306.163,grad,23339246080
3,307.957,grad,23338197504
3,309.242,grad,23356547584
3,311.102,grad,23333315072
3,312.356,grad,23338078720
3,313.652,grad,23279178240
3,314.995,grad,23197946368
3,316.243,grad,23107604992
3,317.542,grad,23087383040
3,318.745,grad,23058365952
3,320.443,grad,23056793088
3,321.692,grad,23075601920
3,323.264,grad,23051910656
3,324.51,grad,23056678400
3,325.754,grad,23076417024
3,326.999,grad,22956387840
3,328.23,grad,22819909120
3,329.542,grad,22805978624
3,330.775,grad,22780107264
3,333.09,grad,22776437248
3,334.334,grad,22795180544
3,335.979,grad,22771554816
3,337.218,grad,22776318464
3,338.45,grad,22756215296
3,339.688,grad,22674098688
3,340.93,grad,22545844736
3,342.164,grad,22524279296
3,343.394,grad,22496245248
3,345.196,grad,22495196672
3,346.437,grad,22514005504
3,347.974,grad,22490314240
3,349.209,grad,22495065600
3,350.453,grad,22473500160
3,351.721,grad,22393808384
3,352.963,grad,22311626240
3,354.304,grad,22259488256
3,355.539,grad,22249395712
3,357.495,grad,22214676992
3,358.742,grad,22233485824
3,360.274,grad,22209794560
3,361.513,grad,22214562304
3,362.744,grad,22233252352
3,363.973,grad,22113223168
3,365.226,grad,21992309248
3,366.461,grad,21963403776
3,367.698,grad,21935369728
3,369.433,grad,21934321152
3,370.695,grad,21953129984
3,372.283,grad,21929438720
3,373.534,grad,21934206464
3,374.815,grad,21914099200
3,376.119,grad,21824642560
3,377.368,grad,21742525952
3,378.613,grad,21682163200
3,379.865,grad,21654129152
3,381.622,grad,21653080576
3,382.897,grad,21671889408
3,384.436,grad,21648198144
3,385.68,grad,21652949504
3,386.922,grad,21594946048
3,388.151,grad,21512829440
3,389.379,grad,21425043968
3,390.688,grad,21403937280
3,391.934,grad,21377017344
3,393.84,grad,21374395904
3,395.118,grad,21393204736
3,396.679,grad,21369513472
3,397.936,grad,21374273024
3,399.169,grad,21354173952
3,400.404,grad,21265569280
3,401.65,grad,21183452672
3,402.9,grad,21138720256
3,404.136,grad,21119124992
3,405.363,grad,21116912128
3,406.628,grad,21094892032
3,407.887,grad,21113635328
3,409.448,grad,21090009600
3,410.696,grad,21094777344
3,411.939,grad,21074670080
3,413.17,grad,20985213440
3,414.41,grad,20903096832
3,415.654,grad,20842734080
3,416.896,grad,20814700032
3,418.745,grad,20813651456
3,420.011,grad,20832460288
3,421.554,grad,20808769024
3,422.815,grad,20813532672
3,424.048,grad,20871974400
3,425.281,grad,20712197632
3,426.515,grad,20623625728
3,427.839,grad,20577943040
3,429.076,grad,20566801920
3,431.092,grad,20534180352
3,432.39,grad,20553054720
3,433.98,grad,20529297920
3,435.269,grad,20541389312
3,436.671,grad,20514023936
3,437.986,grad,20446587392
3,439.235,grad,20350609920
3,440.541,grad,20296702464
3,441.773,grad,20278581760
3,443.751,grad,20252939776
3,444.989,grad,20271748608
3,446.539,grad,20248057344
3,447.747,grad,20252816896
3,448.986,grad,20311262720
3,450.217,grad,20151485952
3,451.451,grad,20055639552
3,452.689,grad,20002616832
3,453.937,grad,19973534208
3,455.785,grad,19973534208
3,457.094,grad,19992408576
3,458.547,grad,19968651776
3,459.781,grad,19973415424
3,461.011,grad,19992109568
3,462.24,grad,19872080384
3,463.47,grad,19735667200
3,464.706,grad,19722326528
3,465.947,grad,19694816768
3,467.629,grad,19693243904
3,468.876,grad,19711987200
3,470.421,grad,19688361472
3,471.746,grad,19693121024
3,473.002,grad,19711819264
3,474.246,grad,19583565312
3,475.501,grad,19502398976
3,476.746,grad,19442036224
3,477.995,grad,19414526464
3,479.972,grad,19412953600
3,481.3,grad,19431827968
3,482.739,grad,19408071168
3,483.986,grad,19412838912
3,485.227,grad,19392731648
3,486.481,grad,19311499776
3,487.72,grad,19182426624
3,489.009,grad,19162204672
3,490.285,grad,19134236160
3,491.994,grad,19132663296
3,493.24,grad,19151472128
3,494.854,grad,19127780864
3,496.124,grad,19132532224
3,497.388,grad,19112441344
3,498.629,grad,19022984704
3,499.872,grad,18894796288
3,501.156,grad,18881914368
3,502.387,grad,18855518720
3,504.023,grad,18852372992
3,505.296,grad,18871116288
3,506.888,grad,18847490560
3,508.133,grad,18852241920
3,509.368,grad,18832151040
3,510.607,grad,18712121856
3,511.85,grad,18614505984
3,513.078,grad,18601624064
3,514.31,grad,18574179840
3,516.03,grad,18572082688
3,517.316,grad,18590957056
3,518.739,grad,18567200256
3,519.995,grad,18564611584
3,521.324,grad,18551926272
3,522.559,grad,18469744128
3,523.745,grad,18380353024
3,525.014,grad,18335555072
3,526.252,grad,18316025344
3,528.181,grad,18291792384
3,529.481,grad,18310666752
3,530.995,grad,18286909952
3,532.234,grad,18291661312
3,533.467,grad,18271570432
3,534.735,grad,18182113792
3,535.966,grad,18053925376
3,537.195,grad,18041043456
3,538.445,grad,18013599232
3,540.035,grad,18011502080
3,541.3,grad,18030704128
3,542.847,grad,18006619648
3,544.084,grad,18011371008
3,545.321,grad,17952482816
3,546.555,grad,17910048256
3,547.813,grad,17773635072
3,549.126,grad,17760753152
3,550.366,grad,17733833216
3,552.121,grad,17731211776
3,553.364,grad,17750020608
3,554.937,grad,17726329344
3,556.199,grad,17731092992
3,557.431,grad,17749787136
3,558.669,grad,17629757952
3,559.909,grad,17493344768
3,561.138,grad,17480004096
3,562.366,grad,17451970048
3,564.356,grad,17450921472
3,565.678,grad,17469795840
3,567.168,grad,17446039040
3,568.408,grad,17450790400
3,569.649,grad,17430699520
3,570.9,grad,17310670336
3,572.13,grad,17213054464
3,573.419,grad,17200172544
3,574.657,grad,17172728320
3,576.345,grad,17170631168
3,577.586,grad,17189472768
3,579.111,grad,17165748736
3,580.349,grad,17170500096
3,581.581,grad,17111611904
3,582.823,grad,17030380032
3,584.053,grad,16948328960
3,585.368,grad,16919882240
3,586.599,grad,16892962304
3,588.29,grad,16890340864
3,589.535,grad,16909182464
3,591.032,grad,16885458432
3,592.289,grad,16890217984
3,593.534,grad,16870118912
3,594.769,grad,16780662272
3,596.002,grad,16668038656
3,597.233,grad,16639133184
3,598.466,grad,16611099136
3,600.283,grad,16610050560
3,601.558,grad,16628826624
3,603.185,grad,16605168128
3,604.516,grad,16612393472
3,605.743,grad,16601690624
3,606.984,grad,16582488576
3,608.264,grad,16501813760
3,609.501,grad,16421593600
3,610.74,grad,16334365184
3,611.972,grad,16335003136
3,613.245,grad,16319307264
3,614.483,grad,16338148864
3,616.024,grad,16314424832
3,617.265,grad,16304496128
3,618.503,grad,16304496128
3,619.745,grad,16304496128
3,621.318,grad,16304495616
3,623.464,grad,16304495616
3,624.865,grad,16304495616
3,626.134,grad,16304495616
3,627.372,grad,16304495616
3,630.906,grad,16304495616
3,632.17,grad,16304495616
3,634.421,grad,16304495616
3,635.614,grad,16305021440
3,636.862,grad,16304497664
3,638.127,grad,16304955904
3,639.399,grad,16304497664
3,640.64,grad,16304499200
3,641.893,grad,16304562688
3,643.165,grad,16304955904
3,644.397,grad,16304956416
3,645.644,grad,16304497152
3,646.912,grad,16304955904
3,648.182,grad,16304497152
3,649.416,grad,16304499200
3,650.652,grad,16304497664
3,651.893,grad,16304956416
3,653.162,grad,16304562688
3,654.416,grad,16304499712
3,655.692,grad,16304562688
3,656.935,grad,16304956416
3,658.164,grad,16304955904
3,659.395,grad,16304497152
3,660.648,grad,16304956416
3,661.945,grad,16304562688
3,663.18,grad,16304499712
3,664.443,grad,16304562688
3,665.681,grad,16304955904
3,666.951,grad,16304958464
3,668.186,grad,16304497664
3,669.416,grad,16304955904
3,670.694,grad,16304497152
3,671.942,grad,16304499200
3,673.176,grad,16305021440
3,674.451,grad,16304497152
3,675.701,grad,16304499200
3,676.982,grad,16304497152
3,678.213,grad,16304956416
3,679.441,grad,16304497152
3,680.688,grad,16304497152
3,681.981,grad,16304563200
3,683.248,grad,16304497664
3,684.52,grad,16304565248
3,685.771,grad,16309154816
3,687.04,grad,16311710208
3,688.276,grad,16315610112
3,689.513,grad,16320002048
3,690.798,grad,16323637760
3,692.076,grad,16329438720
3,693.326,grad,16331305984
3,694.565,grad,16337564672
3,695.808,grad,16340088832
3,697.094,grad,16344805888
3,698.366,grad,16347984384
3,699.647,grad,16353161728
3,700.908,grad,16357782016
3,702.159,grad,16361681920
3,703.454,grad,16365811200
3,704.695,grad,16367677952
3,705.942,grad,16372265984
3,707.183,grad,16373019136
3,708.423,grad,16377901568
3,709.661,grad,16380294144
3,710.908,grad,16383898624
3,712.17,grad,16387502592
3,713.42,grad,16390419456
3,714.711,grad,16393564672
3,715.975,grad,16396415488
3,717.266,grad,16401297920
3,718.501,grad,16403264000
3,719.75,grad,16406868480
3,720.995,grad,16409261056
3,722.238,grad,16412930560
3,723.469,grad,16416535040
3,724.712,grad,16419844608
3,725.957,grad,16422531584
3,727.232,grad,16425677312
3,728.467,grad,16430265344
3,729.777,grad,16432231936
3,731.04,grad,16436786176
3,732.299,grad,16439407104
3,733.577,grad,16443470336
3,734.822,grad,16446617088
3,736.056,grad,16449467392
3,737.322,grad,16454285312
3,738.562,grad,16455103488
3,739.833,grad,16459821568
3,741.114,grad,16462377984
3,742.351,grad,16465982464
3,743.587,grad,16468374528
3,744.846,grad,16472437248
3,746.143,grad,16475582976
3,747.439,grad,16478663680
3,748.695,grad,16478256640
3,749.947,grad,16478294528
3,751.185,grad,16478332416
3,752.441,grad,16478370304
3,753.683,grad,16478394880
3,754.929,grad,16478431232
3,756.166,grad,16325668864
3,757.473,grad,16151080960
3,758.749,grad,16150959616
3,764.584,grad,16150880256
3,770.967,grad,16150888448
3,777.319,grad,16150888448
3,783.693,grad,16150888448
3,788.571,grad,16150888448
3,789.891,grad,16158365696
3,793.054,grad,16165949440
3,794.437,grad,16175271936
3,795.715,grad,16192033792
3,796.96,grad,16242439168
3,798.232,grad,16374621184
3,799.468,grad,16460014592
3,801.869,grad,16467358720
3,803.132,grad,16476795904
3,804.382,grad,16492640256
3,805.696,grad,16528689152
3,806.96,grad,16752494592
3,808.225,grad,16767244288
3,810.318,grad,16759904256
3,811.576,grad,16769341440
3,812.837,grad,16792525824
3,814.106,grad,16821234688
3,815.343,grad,17044712448
3,816.575,grad,17059789824
3,818.664,grad,17052449792
3,819.974,grad,17061886976
3,821.296,grad,17085399040
3,822.6,grad,17114107904
3,823.853,grad,17337585664
3,825.089,grad,17352331264
3,827.533,grad,17344995328
3,828.751,grad,17354432512
3,829.999,grad,17378272256
3,831.239,grad,17406653440
3,832.474,grad,17630131200
3,833.707,grad,17644549120
3,835.889,grad,17637540864
3,837.174,grad,17646978048
3,838.427,grad,17670817792
3,839.684,grad,17738651648
3,840.929,grad,17923332096
3,842.165,grad,17937750016
3,844.329,grad,17930414080
3,845.606,grad,17939851264
3,846.872,grad,17963691008
3,848.135,grad,18031197184
3,849.374,grad,18177080320
3,850.61,grad,18230303744
3,852.622,grad,18222959616
3,853.896,grad,18232396800
3,855.148,grad,18255908864
3,856.383,grad,18284290048
3,857.612,grad,18507767808
3,858.852,grad,18507837440
3,860.928,grad,18515177472
3,862.193,grad,18524614656
3,863.44,grad,18547799040
3,864.675,grad,18614977536
3,865.917,grad,18799657984
3,867.188,grad,18799727616
3,869.197,grad,18807067648
3,870.64,grad,18816504832
3,871.908,grad,18839689216
3,873.146,grad,18906867712
3,874.388,grad,19169142784
3,875.652,grad,19091621888
3,877.667,grad,19098957824
3,878.942,grad,19108395008
3,880.194,grad,19146259456
3,881.468,grad,19198757888
3,882.728,grad,19344641024
3,883.96,grad,19383512064
3,885.922,grad,19390848000
3,887.181,grad,19400285184
3,888.425,grad,19423469568
3,889.656,grad,19490648064
3,890.918,grad,19752923136
3,892.16,grad,19675402240
3,894.216,grad,19682738176
3,895.477,grad,19692175360
3,896.738,grad,19715359744
3,897.983,grad,19782538240
3,899.255,grad,20044813312
3,900.49,grad,19981972480
3,902.503,grad,19974628352
3,903.781,grad,19984065536
3,905.06,grad,20007249920
3,906.297,grad,20074428416
3,907.533,grad,20336703488
3,908.763,grad,20259186688
3,910.709,grad,20266518528
3,911.983,grad,20275955712
3,913.238,grad,20313820160
3,914.47,grad,20366318592
3,915.81,grad,20512201728
3,917.064,grad,20573092864
3,919.155,grad,20558408704
3,920.441,grad,20567845888
3,921.761,grad,20591030272
3,923.038,grad,20658208768
3,924.276,grad,20920483840
3,925.533,grad,20842962944
3,927.526,grad,20850298880
3,928.752,grad,20859736064
3,930.01,grad,20882920448
3,931.25,grad,20950098944
3,932.481,grad,21095982080
3,933.714,grad,21149533184
3,935.703,grad,21142189056
3,936.966,grad,21151626240
3,938.25,grad,21189490688
3,939.481,grad,21256669184
3,940.741,grad,21349074944
3,941.973,grad,21448763392
3,943.92,grad,21434079232
3,945.183,grad,21443516416
3,946.441,grad,21466700800
3,947.738,grad,21533879296
3,949.008,grad,21679762432
3,950.248,grad,21740653568
3,952.11,grad,21725969408
3,953.364,grad,21735406592
3,954.611,grad,21751250944
3,955.863,grad,21786972160
3,957.129,grad,22010449920
3,958.365,grad,22025195520
3,960.453,grad,22017859584
3,961.843,grad,22027296768
3,963.1,grad,22050481152
3,964.351,grad,22117659648
3,965.614,grad,22379934720
3,966.862,grad,22302417920
3,968.82,grad,22309749760
3,970.087,grad,22319186944
3,971.371,grad,22357051392
3,972.604,grad,22409549824
3,973.855,grad,22671824896
3,975.115,grad,22594308096
3,977.132,grad,22601639936
3,978.406,grad,22611077120
3,979.67,grad,22648941568
3,980.963,grad,22701440000
3,982.205,grad,22886120448
3,983.437,grad,22886198272
3,985.394,grad,22893530112
3,986.647,grad,22902967296
3,987.898,grad,22926151680
3,989.133,grad,22993330176
3,990.393,grad,23178010624
3,991.634,grad,23200104448
3,993.547,grad,23185420288
3,994.808,grad,23194857472
3,996.052,grad,23218041856
3,997.281,grad,23285220352
3,998.51,grad,23547495424
3,999.744,grad,23484654592
3,1001.624,grad,23477310464
3,1002.901,grad,23486747648
3,1004.179,grad,23524612096
3,1005.409,grad,23591790592
3,1006.637,grad,23684196352
3,1007.872,grad,23791224832
3,1010.772,grad,23769200640
3,1012.025,grad,23778637824
3,1013.305,grad,23816502272
3,1014.534,grad,23883680768
3,1015.813,grad,23976086528
3,1017.043,grad,24075774976
3,1018.816,grad,24061090816
3,1020.069,grad,24070528000
3,1021.317,grad,24108392448
3,1022.595,grad,24160890880
3,1023.839,grad,24345571328
3,1025.068,grad,24367665152
3,1026.299,grad,25895454208
3,1028.556,grad,25265239552
3,1029.818,grad,24953812992
3,1031.052,grad,24953812992
3,1032.282,grad,24953812992
3,1033.51,grad,24953813504
3,1034.743,grad,24374993920
3,1035.976,grad,24333829120
3,1037.215,grad,24251646976
3,1038.446,grad,24169530368
3,1039.683,grad,24116048896
3,1040.929,grad,24092783616
3,1042.168,grad,24072744960
3,1043.399,grad,24072744960
3,1044.639,grad,24091553792
3,1046.246,grad,24067862528
3,1047.505,grad,24072622080
3,1048.75,grad,24131002368
3,1049.995,grad,23971291136
3,1051.236,grad,23874494464
3,1052.468,grad,23821537280
3,1053.699,grad,23827107840
3,1055.711,grad,23792389120
3,1056.999,grad,23811197952
3,1058.555,grad,23787506688
3,1059.811,grad,23792270336
3,1061.052,grad,23774821376
3,1062.291,grad,23685168128
3,1063.53,grad,23604034560
3,1064.789,grad,23543671808
3,1066.035,grad,23515637760
3,1067.8,grad,23514589184
3,1069.087,grad,23533332480
3,1071.016,grad,23509706752
3,1072.286,grad,23514470400
3,1073.522,grad,23534049280
3,1074.755,grad,23405795328
3,1075.987,grad,23284881408
3,1077.225,grad,23263315968
3,1078.455,grad,23235281920
3,1080.291,grad,23234233344
3,1081.599,grad,23253107712
3,1083.052,grad,23229350912
3,1084.292,grad,23234110464
3,1085.525,grad,23214896128
3,1086.755,grad,23125439488
3,1087.986,grad,23004525568
3,1089.222,grad,22982960128
3,1090.451,grad,22954926080
3,1092.205,grad,22953877504
3,1093.483,grad,22972686336
3,1095.143,grad,22948995072
3,1096.383,grad,22953746432
3,1097.617,grad,22934540288
3,1098.855,grad,22813626368
3,1100.088,grad,22731509760
3,1101.402,grad,22703063040
3,1102.631,grad,22676143104
3,1104.346,grad,22673521664
3,1105.602,grad,22692330496
3,1107.157,grad,22668639232
3,1108.422,grad,22673402880
3,1109.658,grad,22654184448
3,1110.902,grad,22564727808
3,1112.16,grad,22504696832
3,1113.394,grad,22436469760
3,1114.634,grad,22413204480
3,1115.891,grad,22394214400
3,1117.202,grad,22393165824
3,1118.467,grad,22411974656
3,1120.057,grad,22388283392
3,1121.322,grad,22393042944
3,1122.622,grad,22373894144
3,1123.869,grad,22291777536
3,1125.111,grad,22209660928
3,1126.347,grad,22170793984
3,1127.583,grad,22132324352
3,1128.828,grad,22112809984
3,1130.059,grad,22142235648
3,1131.538,grad,22107436032
3,1132.774,grad,22115267584
3,1134.005,grad,22127358976
3,1135.242,grad,22054675456
3,1136.471,grad,22011356160
3,1137.699,grad,21875762176
3,1139.022,grad,21861995520
3,1140.258,grad,21851968512
3,1141.488,grad,21833502720
3,1142.718,grad,21861879808
3,1143.968,grad,21834551296
3,1145.424,grad,21827571712
3,1146.685,grad,21832331264
3,1147.93,grad,21813116928
3,1149.168,grad,21731000320
3,1150.4,grad,21602746368
3,1151.628,grad,21581180928
3,1152.869,grad,21553146880
3,1154.6,grad,21552098304
3,1155.904,grad,21570841600
3,1157.708,grad,21547215872
3,1158.988,grad,21551979520
3,1160.229,grad,21571558400
3,1161.47,grad,21443304448
3,1162.732,grad,21322390528
3,1163.966,grad,21300825088
3,1165.21,grad,21272791040
3,1167.038,grad,21271742464
3,1168.3,grad,21290944512
3,1170.003,grad,21266860032
3,1171.25,grad,21271619584
3,1172.495,grad,21252405248
3,1173.82,grad,21162948608
3,1175.08,grad,21081618432
3,1176.32,grad,21036001280
3,1177.569,grad,20999628800
3,1179.486,grad,20992173056
3,1180.768,grad,21010981888
3,1182.292,grad,20987290624
3,1183.545,grad,20992058368
3,1184.792,grad,20972835840
3,1186.035,grad,20898911232
3,1187.265,grad,20794774528
3,1188.497,grad,20756497408
3,1189.749,grad,20721173504
3,1191.733,grad,20712669184
3,1193.0,grad,20731412480
3,1194.597,grad,20707786752
3,1195.851,grad,20712550400
3,1197.092,grad,20770992128
3,1198.325,grad,20611280896
3,1199.556,grad,20514484224
3,1200.787,grad,20476207104
3,1202.019,grad,20465000448
3,1204.23,grad,20432378880
3,1205.497,grad,20451187712
3,1207.154,grad,20427496448
3,1208.407,grad,20432247808
3,1209.645,grad,20413041664
3,1210.893,grad,20299467776
3,1212.132,grad,20210011136
3,1213.365,grad,20181105664
3,1214.599,grad,20153071616
3,1216.354,grad,20152023040
3,1217.592,grad,20171225088
3,1219.199,grad,20147140608
3,1220.441,grad,20151891968
3,1221.696,grad,20093888512
3,1222.951,grad,20050569216
3,1224.191,grad,19922380800
3,1225.425,grad,19900815360
3,1226.658,grad,19872781312
3,1228.404,grad,19871732736
3,1229.654,grad,19890541568
3,1231.191,grad,19866850304
3,1232.428,grad,19871613952
3,1233.663,grad,19891192832
3,1234.902,grad,19762938880
3,1236.139,grad,19680822272
3,1237.394,grad,19620525056
3,1238.628,grad,19615609856
3,1240.534,grad,19591376896
3,1241.863,grad,19610251264
3,1243.346,grad,19586494464
3,1244.606,grad,19598585856
3,1245.905,grad,19572105216
3,1247.17,grad,19504734208
3,1248.405,grad,19407872000
3,1249.682,grad,19354849280
3,1250.936,grad,19327979520
3,1252.835,grad,19311086592
3,1254.082,grad,19329895424
3,1255.581,grad,19306204160
3,1256.839,grad,19310955520
3,1258.111,grad,19330546688
3,1259.358,grad,19209698304
3,1260.603,grad,19081444352
3,1261.85,grad,19059878912
3,1263.083,grad,19030796288
3,1264.891,grad,19030796288
3,1266.183,grad,19049670656
3,1267.648,grad,19025913856
3,1268.896,grad,19030673408
3,1270.138,grad,18972661760
3,1271.372,grad,18929408000
3,1272.607,grad,18801154048
3,1273.848,grad,18779588608
3,1275.093,grad,18751554560
3,1276.826,grad,18750505984
3,1278.094,grad,18769708032
3,1279.647,grad,18745623552
3,1280.896,grad,18750391296
3,1282.134,grad,18731234304
3,1283.37,grad,18656457728
3,1284.606,grad,18552321024
3,1285.85,grad,18499363840
3,1287.08,grad,18469888000
3,1289.185,grad,18469888000
3,1290.555,grad,18488762368
3,1292.169,grad,18465005568
3,1293.427,grad,18469765120
3,1294.672,grad,18450616320
3,1295.923,grad,18361487360
3,1297.192,grad,18240245760
3,1298.481,grad,18218352640
3,1299.782,grad,18189990912
3,1301.537,grad,18188614656
3,1302.843,grad,18207489024
3,1304.358,grad,18183732224
3,1305.598,grad,18188483584
3,1306.849,grad,18169277440
3,1308.093,grad,18048691200
3,1309.33,grad,17959300096
3,1310.627,grad,17938193408
3,1311.879,grad,17909241856
3,1313.583,grad,17907668992
3,1314.852,grad,17926477824
3,1316.367,grad,17902458880
3,1317.606,grad,17907210240
3,1318.851,grad,17927129088
3,1320.089,grad,17806215168
3,1321.352,grad,17670686720
3,1322.605,grad,17656461312
3,1323.854,grad,17628427264
3,1325.568,grad,17627051008
3,1326.86,grad,17645925376
3,1328.317,grad,17622168576
3,1329.565,grad,17619579904
3,1330.87,grad,17607779328
3,1332.138,grad,17525662720
3,1333.427,grad,17443873792
3,1334.785,grad,17390851072
3,1336.035,grad,17362932736
3,1337.899,grad,17346760704
3,1339.162,grad,17365569536
3,1340.748,grad,17341878272
3,1342.031,grad,17346641920
3,1343.354,grad,17326768128
3,1344.631,grad,17259397120
3,1345.891,grad,17162928128
3,1347.172,grad,17109577728
3,1348.421,grad,17082707968
3,1350.405,grad,17065815040
3,1351.698,grad,17084689408
3,1353.187,grad,17060932608
3,1354.464,grad,17065696256
3,1355.706,grad,17046477824
3,1356.973,grad,16956693504
3,1358.29,grad,16874642432
3,1359.537,grad,16813952000
3,1360.774,grad,16785917952
3,1362.488,grad,16784869376
3,1363.805,grad,16803743744
3,1365.315,grad,16779659264
3,1366.558,grad,16784410624
3,1367.744,grad,16726407168
3,1368.976,grad,16644290560
3,1370.226,grad,16561190912
3,1371.541,grad,16525404160
3,1372.789,grad,16497566720
3,1374.749,grad,16494683136
3,1376.101,grad,16513557504
3,1377.584,grad,16489800704
3,1378.84,grad,16479872000
3,1380.075,grad,16479872000
3,1381.306,grad,16479872000
3,1382.964,grad,16479871488
3,1384.926,grad,16479871488
3,1386.341,grad,16479871488
3,1387.697,grad,16479871488
3,1388.964,grad,16479871488
3,1392.502,grad,16479871488
3,1393.768,grad,16479872000
3,1395.927,grad,16479871488
3,1397.173,grad,16479938560
3,1398.436,grad,16479875584
3,1399.679,grad,16480332288
3,1400.936,grad,16479873024
3,1402.2,grad,16480331776
3,1403.482,grad,16479873024
3,1404.716,grad,16480331776
3,1405.978,grad,16479873536
3,1407.255,grad,16480331776
3,1408.56,grad,16479873024
3,1409.762,grad,16480331776
3,1410.994,grad,16479939072
3,1412.233,grad,16479873536
3,1413.464,grad,16479875072
3,1414.716,grad,16480331776
3,1415.959,grad,16479939072
3,1417.207,grad,16479873024
3,1418.541,grad,16479875584
3,1419.827,grad,16480331776
3,1421.093,grad,16479938560
3,1422.383,grad,16479873024
3,1423.64,grad,16479875072
3,1424.911,grad,16480332288
3,1426.151,grad,16480397312
3,1427.386,grad,16479875584
3,1428.668,grad,16479938560
3,1429.934,grad,16480332288
3,1431.173,grad,16480331776
3,1432.425,grad,16479873536
3,1433.657,grad,16479938560
3,1434.915,grad,16479873024
3,1436.178,grad,16480331776
3,1437.44,grad,16479873536
3,1438.734,grad,16480331776
3,1439.967,grad,16479873536
3,1441.235,grad,16479875072
3,1442.499,grad,16479873024
3,1443.749,grad,16480331776
3,1444.98,grad,16481450496
3,1446.223,grad,16486627328
3,1447.475,grad,16490888192
3,1448.709,grad,16494524928
3,1449.95,grad,16500325376
3,1451.228,grad,16501831680
3,1452.463,grad,16508090880
3,1453.692,grad,16511203840
3,1454.98,grad,16515496448
3,1456.248,grad,16518641664
3,1457.511,grad,16521721856
3,1458.758,grad,16526375424
3,1460.04,grad,16528342016
3,1461.326,grad,16532174848
3,1462.557,grad,16535780864
3,1463.786,grad,16538859520
3,1465.077,grad,16543676416
3,1466.329,grad,16545775104
3,1467.62,grad,16549607424
3,1468.864,grad,16553211904
3,1470.148,grad,16556292096
3,1471.411,grad,16561110016
3,1472.662,grad,16563075072
3,1473.952,grad,16566679552
3,1475.21,grad,16569432576
3,1476.451,grad,16573725184
3,1477.699,grad,16577854464
3,1479.005,grad,16579360768
3,1480.243,grad,16583948800
3,1481.48,grad,16586504704
3,1482.797,grad,16590796800
3,1484.046,grad,16594073600
3,1485.28,grad,16597154304
3,1486.568,grad,16601380864
3,1487.846,grad,16603936768
3,1489.079,grad,16607541760
3,1490.314,grad,16611147264
3,1491.542,grad,16614684672
3,1492.773,grad,16619173888
3,1494.034,grad,16621139968
3,1495.295,grad,16624744448
3,1496.526,grad,16627365888
3,1497.754,grad,16631429632
3,1499.041,grad,16634575360
3,1500.28,grad,16637425664
3,1501.529,grad,16643062784
3,1502.767,grad,16644110848
3,1504.0,grad,16648698368
3,1505.264,grad,16649811456
3,1506.502,grad,16649849344
3,1507.766,grad,16649885696
3,1508.999,grad,16649924096
3,1510.478,grad,16649959936
3,1511.711,grad,16649997824
3,1512.95,grad,16541742592
3,1514.194,grad,16340743680
3,1515.433,grad,16338318848
3,1516.663,grad,16374724096
3,1517.908,grad,16409261568
3,1519.155,grad,16440784384
3,1520.394,grad,16473912832
3,1521.648,grad,16411063808
3,1522.915,grad,16281400832
3,1524.167,grad,16144430592
3,1525.41,grad,16141605888
3,1531.431,grad,16141575680
3,1537.799,grad,16141583872
3,1544.145,grad,16141583872
3,1550.503,grad,16141583872
3,1554.563,grad,16141583872
3,1555.839,grad,16149323264
3,1558.632,grad,16156530176
3,1560.021,grad,16165967360
3,1561.306,grad,16182696448
3,1562.635,grad,16218417664
3,1563.878,grad,16442944000
3,1565.112,grad,16451271168
3,1567.175,grad,16458611200
3,1568.422,grad,16468048384
3,1569.665,grad,16491232768
3,1570.916,grad,16558411264
3,1572.163,grad,16704294400
3,1573.391,grad,16757845504
3,1575.32,grad,16750501376
3,1576.58,grad,16759938560
3,1577.849,grad,16797803008
3,1579.12,grad,16850301440
3,1580.351,grad,17034981888
3,1581.584,grad,17035055616
3,1583.496,grad,17042391552
3,1584.746,grad,17051828736
3,1586.023,grad,17089693184
3,1587.282,grad,17156871680
3,1588.562,grad,17288074752
3,1591.581,grad,17334281728
3,1592.857,grad,17343718912
3,1594.101,grad,17381583360
3,1595.337,grad,17448761856
3,1596.565,grad,17541167616
3,1597.755,grad,17618835968
3,1599.609,grad,17626171904
3,1600.868,grad,17635609088
3,1602.14,grad,17658793472
3,1603.399,grad,17725971968
3,1604.629,grad,17910652416
3,1605.872,grad,17910726144
3,1607.787,grad,17918062080
3,1609.045,grad,17927499264
3,1610.315,grad,17965363712
3,1611.569,grad,18032542208
3,1612.851,grad,18163745280
3,1615.597,grad,18209952256
3,1616.862,grad,18219389440
3,1618.13,grad,18257253888
3,1619.36,grad,18324432384
3,1620.597,grad,18455635456
3,1621.854,grad,18501846528
3,1623.64,grad,18501842432
3,1624.904,grad,18511279616
3,1626.182,grad,18549144064
3,1627.414,grad,18616322560
3,1628.685,grad,18747525632
3,1631.469,grad,18793732608
3,1632.861,grad,18803169792
3,1634.114,grad,18826354176
3,1635.352,grad,18893532672
3,1636.603,grad,19078213120
3,1637.841,grad,19100306944
3,1639.695,grad,19085622784
3,1640.958,grad,19095059968
3,1642.211,grad,19132924416
3,1643.463,grad,19200102912
3,1644.708,grad,19292508672
3,1645.953,grad,19377517056
3,1647.705,grad,19377512960
3,1648.961,grad,19386950144
3,1650.21,grad,19424814592
3,1651.484,grad,19477313024
3,1652.71,grad,19623196160
3,1653.967,grad,19676747264
3,1655.867,grad,19669403136
3,1657.147,grad,19686180352
3,1658.387,grad,19716770304
3,1659.616,grad,19783948800
3,1660.881,grad,19915086336
3,1663.602,grad,19961293312
3,1664.9,grad,19970730496
3,1666.155,grad,20008594944
3,1667.415,grad,20075773440
3,1668.682,grad,20206976512
3,1671.447,grad,20253183488
3,1672.711,grad,20262620672
3,1673.988,grad,20285805056
3,1675.225,grad,20352983552
3,1676.469,grad,20537664000
3,1677.778,grad,20552417792
3,1679.819,grad,20545073664
3,1681.072,grad,20554510848
3,1682.321,grad,20592375296
3,1683.569,grad,20644873728
3,1684.839,grad,20751959552
3,1686.075,grad,20851648000
3,1687.955,grad,20836963840
3,1689.21,grad,20846401024
3,1690.454,grad,20884265472
3,1691.692,grad,20951443968
3,1692.975,grad,21043849728
3,1694.236,grad,21150878208
3,1696.043,grad,21128854016
3,1697.298,grad,21138291200
3,1698.581,grad,21161475584
3,1699.853,grad,21228654080
3,1701.125,grad,21374537216
3,1702.355,grad,21413412352
3,1704.246,grad,21420744192
3,1705.503,grad,21430181376
3,1706.749,grad,21453365760
3,1707.988,grad,21520544256
3,1709.225,grad,21666427392
3,1710.486,grad,21719978496
3,1712.449,grad,21712634368
3,1713.703,grad,21722071552
3,1714.967,grad,21759936000
3,1716.223,grad,21812434432
3,1717.476,grad,21958317568
3,1718.705,grad,22019208704
3,1720.585,grad,22004524544
3,1722.048,grad,22013961728
3,1723.317,grad,22037146112
3,1724.55,grad,22104324608
3,1725.784,grad,22366599680
3,1727.01,grad,22289082880
3,1728.94,grad,22296414720
3,1730.194,grad,22305851904
3,1731.463,grad,22329036288
3,1732.691,grad,22396214784
3,1733.935,grad,22658489856
3,1735.167,grad,22580964864
3,1737.125,grad,22588304896
3,1738.418,grad,22597742080
3,1739.745,grad,22620926464
3,1741.021,grad,22688104960
3,1742.278,grad,22872785408
3,1743.54,grad,22872859136
3,1745.6,grad,22880195072
3,1746.903,grad,22889632256
3,1748.166,grad,22927496704
3,1749.468,grad,22979995136
3,1750.732,grad,23125878272
3,1751.961,grad,23179429376
3,1753.986,grad,23172085248
3,1755.246,grad,23181522432
3,1756.514,grad,23219386880
3,1757.754,grad,23286565376
3,1758.994,grad,23378971136
3,1760.227,grad,23485999616
3,1762.166,grad,23463975424
3,1763.422,grad,23473412608
3,1764.667,grad,23496596992
3,1765.904,grad,23524978176
3,1767.138,grad,23748455936
3,1768.391,grad,23763205632
3,1770.777,grad,23755865600
3,1772.05,grad,23765302784
3,1773.327,grad,23788487168
3,1774.557,grad,23855665664
3,1775.787,grad,24040346112
3,1777.016,grad,24040419840
3,1779.101,grad,24047755776
3,1780.355,grad,24057192960
3,1781.597,grad,24095057408
3,1782.836,grad,24147555840
3,1784.083,grad,24332236288
3,1785.31,grad,24332305920
3,1786.539,grad,25882118144
3,1789.072,grad,25251904512
3,1790.311,grad,24940477952
3,1791.55,grad,24940477952
3,1792.744,grad,24940477952
3,1793.968,grad,24940477952
3,1795.2,grad,24332294656
3,1796.433,grad,24318069248
3,1797.713,grad,24239458816
3,1798.957,grad,24157276672
3,1800.283,grad,24104253952
3,1801.513,grad,24092940800
3,1802.741,grad,24060491264
3,1804.006,grad,24090375680
3,1805.449,grad,24055117312
3,1806.694,grad,24062948864
3,1807.949,grad,24060360192
3,1809.207,grad,24041154048
3,1810.44,grad,23951697408
3,1811.673,grad,23838123520
3,1812.914,grad,23809676800
3,1814.149,grad,23782756864
3,1815.825,grad,23780135424
3,1817.143,grad,23798878720
3,1818.735,grad,23775252992
3,1819.984,grad,23780004352
3,1821.221,grad,23722000896
3,1822.459,grad,23639884288
3,1823.707,grad,23543087616
3,1824.962,grad,23529320960
3,1826.215,grad,23502401024
3,1827.896,grad,23499779584
3,1829.188,grad,23518653952
3,1830.873,grad,23494897152
3,1832.141,grad,23499660800
3,1833.381,grad,23441645056
3,1834.613,grad,23359528448
3,1835.858,grad,23262731776
3,1837.181,grad,23248965120
3,1838.416,grad,23221520896
3,1840.025,grad,23219423744
3,1841.264,grad,23238232576
3,1842.883,grad,23214541312
3,1844.198,grad,23219292672
3,1845.466,grad,23200086528
3,1846.706,grad,23086512640
3,1847.959,grad,22989715968
3,1849.254,grad,22968609280
3,1850.507,grad,22942213632
3,1852.13,grad,22939067904
3,1853.366,grad,22957876736
3,1854.915,grad,22934185472
3,1856.155,grad,22938936832
3,1857.387,grad,22880933376
3,1858.615,grad,22806156800
3,1859.858,grad,22716700160
3,1861.087,grad,22688253440
3,1862.313,grad,22661333504
3,1863.953,grad,22658712064
3,1865.287,grad,22677586432
3,1866.691,grad,22653829632
3,1867.933,grad,22658589184
3,1869.165,grad,22639374848
3,1870.406,grad,22557258240
3,1871.641,grad,22421664256
3,1872.884,grad,22407438848
3,1874.135,grad,22378356224
3,1876.17,grad,22378356224
3,1877.434,grad,22397558272
3,1879.063,grad,22373473792
3,1880.301,grad,22378225152
3,1881.534,grad,22320221696
3,1882.765,grad,22269562368
3,1884.002,grad,22187445760
3,1885.236,grad,22127083008
3,1886.47,grad,22099048960
3,1888.3,grad,22098000384
3,1889.54,grad,22116809216
3,1891.116,grad,22093117952
3,1892.363,grad,22097885696
3,1893.595,grad,22078728704
3,1894.837,grad,22003952128
3,1896.068,grad,21899815424
3,1897.303,grad,21861538304
3,1898.535,grad,21832505856
3,1899.762,grad,21839730176
3,1900.993,grad,21817710080
3,1902.236,grad,21836518912
3,1903.845,grad,21812827648
3,1905.076,grad,21817595392
3,1906.31,grad,21837235712
3,1907.552,grad,21716321792
3,1908.752,grad,21626865152
3,1910.01,grad,21566502400
3,1911.264,grad,21538468352
3,1913.049,grad,21537419776
3,1914.291,grad,21556621824
3,1915.885,grad,21532537344
3,1917.201,grad,21529948672
3,1918.466,grad,21530403328
3,1919.71,grad,21513298432
3,1920.987,grad,21431181824
3,1922.269,grad,21307781632
3,1923.535,grad,21286605312
3,1924.746,grad,21259750912
3,1926.458,grad,21257129472
3,1927.793,grad,21275872768
3,1929.627,grad,21252247040
3,1930.882,grad,21257006592
3,1932.149,grad,21238185472
3,1933.435,grad,21148728832
3,1934.68,grad,21066612224
3,1935.935,grad,21020929536
3,1937.173,grad,21011418624
3,1938.402,grad,20977166848
3,1939.631,grad,21006592512
3,1940.908,grad,20996041216
3,1942.34,grad,20972284416
3,1943.577,grad,20977052160
3,1944.824,grad,20996692480
3,1946.05,grad,20875778560
3,1947.284,grad,20747524608
3,1948.598,grad,20726417920
3,1949.841,grad,20698449408
3,1951.503,grad,20696876544
3,1952.749,grad,20715685376
3,1954.301,grad,20691994112
3,1955.551,grad,20696757760
3,1956.741,grad,20677604864
3,1957.972,grad,20588148224
3,1959.208,grad,20467234304
3,1960.444,grad,20445668864
3,1961.674,grad,20417634816
3,1964.132,grad,20416586240
3,1965.4,grad,20435395072
3,1966.972,grad,20411703808
3,1968.214,grad,20416455168
3,1969.448,grad,20397314560
3,1970.69,grad,20307857920
3,1971.94,grad,20194284032
3,1973.179,grad,20165837312
3,1974.414,grad,20138917376
3,1976.07,grad,20136295936
3,1977.395,grad,20155170304
3,1978.828,grad,20131413504
3,1980.063,grad,20136164864
3,1981.296,grad,20117024256
3,1982.528,grad,19988770304
3,1983.76,grad,19913993728
3,1984.998,grad,19885547008
3,1986.255,grad,19858102784
3,1987.88,grad,19856005632
3,1989.128,grad,19874814464
3,1990.635,grad,19851123200
3,1991.897,grad,19855886848
3,1993.136,grad,19875531264
3,1994.382,grad,19754617344
3,1995.636,grad,19619023360
3,1996.972,grad,19605256704
3,1998.216,grad,19577812480
3,1999.837,grad,19575715328
3,2001.155,grad,19594589696
3,2002.584,grad,19570832896
3,2003.829,grad,19568244224
3,2005.118,grad,19556509184
3,2006.349,grad,19474327040
3,2007.58,grad,19384870400
3,2008.82,grad,19324507648
3,2010.056,grad,19296997888
3,2011.679,grad,19295425024
3,2012.984,grad,19314299392
3,2014.401,grad,19290542592
3,2015.639,grad,19295293952
3,2016.881,grad,19276153344
3,2018.119,grad,19186696704
3,2019.35,grad,19095142912
3,2020.601,grad,19044610560
3,2021.871,grad,19015134720
3,2023.327,grad,19015134720
3,2024.577,grad,19033878016
3,2026.377,grad,19010252288
3,2027.648,grad,19015020032
3,2028.901,grad,18995863040
3,2030.141,grad,18906406400
3,2031.377,grad,18785492480
3,2032.611,grad,18763927040
3,2033.854,grad,18735892992
3,2035.616,grad,18734844416
3,2036.913,grad,18753718784
3,2038.372,grad,18729961984
3,2039.625,grad,18734713344
3,2040.902,grad,18715572736
3,2042.143,grad,18626116096
3,2043.377,grad,18534562304
3,2044.613,grad,18484029952
3,2045.867,grad,18454554112
3,2047.557,grad,18454554112
3,2048.924,grad,18473428480
3,2050.384,grad,18449671680
3,2051.656,grad,18454423040
3,2052.916,grad,18435282432
3,2054.176,grad,18314368512
3,2055.418,grad,18224911872
3,2056.688,grad,18203739648
3,2057.966,grad,18175836672
3,2059.659,grad,18174263808
3,2060.963,grad,18193138176
3,2062.379,grad,18169381376
3,2063.624,grad,18174149120
3,2064.876,grad,18193789440
3,2066.117,grad,18072875520
3,2067.351,grad,17944621568
3,2068.584,grad,17923056128
3,2069.826,grad,17895546368
3,2071.461,grad,17893973504
3,2072.738,grad,17912847872
3,2074.205,grad,17889091072
3,2075.446,grad,17893842432
3,2076.678,grad,17874701824
3,2077.927,grad,17753787904
3,2079.163,grad,17656991232
3,2080.416,grad,17643224576
3,2081.653,grad,17616828928
3,2083.301,grad,17613683200
3,2084.577,grad,17632557568
3,2086.058,grad,17608800768
3,2087.303,grad,17620892160
3,2088.593,grad,17594477056
3,2089.838,grad,17512294912
3,2091.073,grad,17415498240
3,2092.305,grad,17362475520
3,2093.544,grad,17334965760
3,2095.229,grad,17333392896
3,2096.492,grad,17352267264
3,2098.016,grad,17328510464
3,2099.262,grad,17333261824
3,2100.495,grad,17314121216
3,2101.735,grad,17224664576
3,2102.963,grad,17133110784
3,2104.211,grad,17082578432
3,2105.462,grad,17053102592
3,2106.908,grad,17053102592
3,2108.148,grad,17072304640
3,2109.673,grad,17048220160
3,2110.918,grad,17052971520
3,2112.154,grad,17033765376
3,2113.383,grad,16905511424
3,2114.611,grad,16823460352
3,2115.85,grad,16817033728
3,2117.08,grad,16773860864
3,2118.655,grad,16772812288
3,2119.956,grad,16791719424
3,2121.433,grad,16767929856
3,2122.743,grad,16772681216
3,2124.026,grad,16713760256
3,2125.269,grad,16631643648
3,2126.513,grad,16548544000
3,2127.797,grad,16512757248
3,2129.088,grad,16484952576
3,2130.966,grad,16482068992
3,2132.27,grad,16500976128
3,2133.681,grad,16477186560
3,2134.946,grad,16467257856
3,2136.182,grad,16467257856
3,2137.41,grad,16467257856
3,2138.866,grad,16467257344
3,2140.807,grad,16467257344
3,2142.082,grad,16467257344
3,2143.372,grad,16467257344
3,2144.697,grad,16467257344
3,2148.817,grad,16467257344
3,2150.112,grad,16467257344
3,2152.418,grad,16467257344
3,2153.761,grad,16467324928
3,2155.094,grad,16467261440
3,2156.419,grad,16467717632
3,2157.691,grad,16467717632
3,2158.952,grad,16467259392
3,2160.243,grad,16467717632
3,2161.495,grad,16467324416
3,2162.806,grad,16467258880
3,2164.099,grad,16467260928
3,2165.345,grad,16467717632
3,2166.657,grad,16467717632
3,2167.925,grad,16467258880
3,2169.185,grad,16467718144
3,2170.471,grad,16467258880
3,2171.718,grad,16467260928
3,2172.987,grad,16467258880
3,2174.249,grad,16467718144
3,2175.537,grad,16467324416
3,2176.814,grad,16467258880
3,2178.076,grad,16467718144
3,2179.305,grad,16467258880
3,2180.564,grad,16467260928
3,2181.818,grad,16467261440
3,2183.137,grad,16467717632
3,2184.386,grad,16467783168
3,2185.618,grad,16467258880
3,2186.876,grad,16467718144
3,2188.117,grad,16467258880
3,2189.349,grad,16467259392
3,2190.59,grad,16467260928
3,2191.853,grad,16467718144
3,2193.093,grad,16467324416
3,2194.338,grad,16467258880
3,2195.579,grad,16468176384
3,2196.853,grad,16467324928
3,2198.089,grad,16467260928
3,2199.325,grad,16467324928
3,2200.555,grad,16467718144
3,2201.821,grad,16467717632
3,2203.05,grad,16467325952
3,2204.311,grad,16471588352
3,2205.548,grad,16473685504
3,2206.778,grad,16477651456
3,2208.041,grad,16479157760
3,2209.354,grad,16484859392
3,2210.648,grad,16487972352
3,2211.892,grad,16492691456
3,2213.129,grad,16497410560
3,2214.36,grad,16501047296
3,2215.587,grad,16505077248
3,2216.827,grad,16508943872
3,2218.055,grad,16514744832
3,2219.336,grad,16515792384
3,2220.575,grad,16522412032
3,2221.895,grad,16525884928
3,2223.244,grad,16530537984
3,2224.546,grad,16532930048
3,2225.787,grad,16536763904
3,2227.054,grad,16539910656
3,2228.36,grad,16542989824
3,2229.588,grad,16547185152
3,2230.831,grad,16548658688
3,2232.105,grad,16553279488
3,2233.339,grad,16555606528
3,2234.567,grad,16559276032
3,2235.822,grad,16561667584
3,2237.048,grad,16565730816
3,2238.276,grad,16568943616
3,2239.526,grad,16572022784
3,2240.777,grad,16576840192
3,2242.013,grad,16577658880
3,2243.283,grad,16582475264
3,2244.515,grad,16584867840
3,2245.773,grad,16588471808
3,2246.999,grad,16592143360
3,2248.257,grad,16595222016
3,2249.518,grad,16599351808
3,2250.747,grad,16600825344
3,2252.028,grad,16605511168
3,2253.3,grad,16608067072
3,2254.533,grad,16611672064
3,2255.761,grad,16614064128
3,2257.041,grad,16619077120
3,2258.298,grad,16622222848
3,2259.583,grad,16625303040
3,2260.893,grad,16629890560
3,2262.164,grad,16630710272
3,2263.423,grad,16635297792
3,2264.693,grad,16637853696
3,2265.937,grad,16641588736
3,2267.178,grad,16642313728
3,2268.409,grad,16642351104
3,2269.652,grad,16642389504
3,2270.9,grad,16642426880
3,2272.275,grad,16642457600
3,2273.541,grad,16642489344
3,2274.803,grad,16571530240
3,2276.045,grad,16392879104
3,2277.281,grad,16322460672
3,2278.512,grad,16356473856
3,2279.761,grad,16389536768
3,2280.996,grad,16422599680
3,2282.251,grad,16455629824
3,2283.48,grad,16458611712
3,2284.714,grad,16341597184
3,2285.985,grad,16212032512
3,2287.253,grad,16140695040
3,2293.682,grad,16140561408
3,2300.086,grad,16140569600
3,2306.438,grad,16140569600
3,2312.807,grad,16140569600
3,2317.321,grad,16140569600
3,2318.629,grad,16148931584
3,2321.579,grad,16156400640
3,2322.965,grad,16166820864
3,2324.271,grad,16182665216
3,2325.625,grad,16218386432
3,2326.896,grad,16364269568
3,2328.157,grad,16462966784
3,2330.293,grad,16455630848
3,2331.545,grad,16466051072
3,2332.791,grad,16489235456
3,2334.04,grad,16556413952
3,2335.275,grad,16741094400
3,2336.505,grad,16740180992
3,2338.522,grad,16747521024
3,2339.778,grad,16757941248
3,2341.054,grad,16781125632
3,2342.304,grad,16848304128
3,2343.627,grad,17032984576
3,2344.93,grad,17032075264
3,2347.078,grad,17039411200
3,2348.349,grad,17049831424
3,2349.597,grad,17073015808
3,2350.84,grad,17140194304
3,2352.071,grad,17324874752
3,2353.304,grad,17323969536
3,2355.98,grad,17332284416
3,2357.245,grad,17341721600
3,2358.493,grad,17364905984
3,2359.734,grad,17393287168
3,2361.005,grad,17616764928
3,2362.284,grad,17616842752
3,2364.228,grad,17624174592
3,2365.506,grad,17633611776
3,2366.799,grad,17656796160
3,2368.035,grad,17723974656
3,2369.285,grad,17869857792
3,2370.541,grad,17930748928
3,2372.359,grad,17916064768
3,2373.617,grad,17925501952
3,2374.882,grad,17948686336
3,2376.151,grad,18015864832
3,2377.409,grad,18161747968
3,2378.637,grad,18215299072
3,2380.512,grad,18207954944
3,2381.763,grad,18217392128
3,2383.003,grad,18255256576
3,2384.237,grad,18307755008
3,2385.468,grad,18453638144
3,2386.696,grad,18514529280
3,2388.575,grad,18499845120
3,2389.836,grad,18509282304
3,2391.094,grad,18532466688
3,2392.388,grad,18599645184
3,2393.663,grad,18745528320
3,2395.04,grad,18813759488
3,2396.914,grad,18791735296
3,2398.208,grad,18801172480
3,2399.547,grad,18839036928
3,2400.866,grad,18906215424
3,2402.129,grad,19037418496
3,2403.37,grad,19076289536
3,2405.558,grad,19083625472
3,2406.828,grad,19093062656
3,2408.077,grad,19116247040
3,2409.341,grad,19183425536
3,2410.605,grad,19445700608
3,2411.861,grad,19382859776
3,2413.793,grad,19375515648
3,2415.057,grad,19384952832
3,2416.301,grad,19422817280
3,2417.527,grad,19475315712
3,2418.755,grad,19737590784
3,2419.98,grad,19660073984
3,2421.966,grad,19667405824
3,2423.244,grad,19676843008
3,2424.523,grad,19700027392
3,2425.758,grad,19767205888
3,2427.006,grad,20029480960
3,2428.26,grad,19951955968
3,2430.276,grad,19959296000
3,2431.527,grad,19968733184
3,2432.77,grad,19991917568
3,2434.004,grad,20059096064
3,2435.241,grad,20321371136
3,2436.47,grad,20243850240
3,2438.468,grad,20251186176
3,2439.73,grad,20260623360
3,2440.978,grad,20283807744
3,2442.218,grad,20350986240
3,2443.448,grad,20613261312
3,2444.676,grad,20535744512
3,2446.631,grad,20543076352
3,2448.081,grad,20552513536
3,2449.335,grad,20575697920
3,2450.57,grad,20642876416
3,2451.825,grad,20827556864
3,2453.055,grad,20842310656
3,2454.971,grad,20834966528
3,2456.23,grad,20844403712
3,2457.475,grad,20882268160
3,2458.75,grad,20934766592
3,2459.98,grad,21080649728
3,2461.218,grad,21134200832
3,2463.123,grad,21126856704
3,2464.373,grad,21136293888
3,2465.71,grad,21152138240
3,2467.021,grad,21195199488
3,2468.395,grad,21318996992
3,2469.765,grad,21411337216
3,2471.062,grad,21411402752
3,2473.252,grad,21418746880
3,2474.537,grad,21428184064
3,2475.866,grad,21444028416
3,2477.17,grad,21479749632
3,2478.507,grad,21703227392
3,2479.785,grad,21717977088
3,2481.863,grad,21710637056
3,2483.133,grad,21720074240
3,2484.419,grad,21743258624
3,2485.662,grad,21810437120
3,2486.925,grad,22072712192
3,2488.168,grad,21995195392
3,2490.121,grad,22002527232
3,2491.417,grad,22011964416
3,2492.67,grad,22049828864
3,2493.937,grad,22102327296
3,2495.173,grad,22364602368
3,2496.405,grad,22287081472
3,2498.551,grad,22294417408
3,2499.844,grad,22303854592
3,2501.103,grad,22341719040
3,2502.387,grad,22394217472
3,2503.657,grad,22540100608
3,2504.931,grad,22593651712
3,2506.902,grad,22586307584
3,2508.173,grad,22595744768
3,2509.437,grad,22633609216
3,2510.683,grad,22700787712
3,2511.932,grad,22831990784
3,2513.178,grad,22878201856
3,2514.996,grad,22878197760
3,2516.303,grad,22887634944
3,2517.57,grad,22910819328
3,2518.827,grad,22977997824
3,2520.081,grad,23240272896
3,2521.316,grad,23177432064
3,2523.207,grad,23170087936
3,2524.483,grad,23179525120
3,2525.741,grad,23203758080
3,2526.987,grad,23270936576
3,2528.268,grad,23416819712
3,2529.526,grad,23477710848
3,2531.378,grad,23463026688
3,2532.626,grad,23472463872
3,2533.903,grad,23510328320
3,2535.136,grad,23562826752
3,2536.373,grad,23747507200
3,2537.601,grad,23747580928
3,2539.55,grad,23754916864
3,2540.913,grad,23764354048
3,2542.168,grad,23787538432
3,2543.406,grad,23854716928
3,2544.642,grad,24116992000
3,2545.889,grad,24039467008
3,2547.85,grad,24046807040
3,2549.107,grad,24056244224
3,2550.361,grad,24094108672
3,2551.598,grad,24161287168
3,2552.844,grad,24292490240
3,2554.082,grad,24323132416
3,2555.316,grad,25880285696
3,2557.527,grad,25250071040
3,2558.78,grad,24938644480
3,2560.066,grad,24938644480
3,2561.375,grad,24938644480
3,2562.652,grad,24938644480
3,2563.908,grad,24359825408
3,2565.147,grad,24319545344
3,2566.384,grad,24236478464
3,2567.616,grad,24155246592
3,2568.876,grad,24101339136
3,2570.193,grad,24099528704
3,2571.448,grad,24058461184
3,2572.764,grad,24087460864
3,2574.264,grad,24052202496
3,2575.507,grad,24060034048
3,2576.747,grad,24072125440
3,2577.986,grad,24031620096
3,2579.246,grad,23950355456
3,2580.49,grad,23830428672
3,2581.736,grad,23810137088
3,2582.967,grad,23781709824
3,2584.459,grad,23780661248
3,2585.769,grad,23799535616
3,2587.18,grad,23775778816
3,2588.412,grad,23780530176
3,2589.657,grad,23760439296
3,2590.907,grad,23670982656
3,2592.14,grad,23579428864
3,2593.367,grad,23529781248
3,2594.599,grad,23501353984
3,2596.102,grad,23500305408
3,2597.398,grad,23519179776
3,2598.824,grad,23495422976
3,2600.086,grad,23492834304
3,2601.364,grad,23480148992
3,2602.596,grad,23397966848
3,2603.844,grad,23323190272
3,2605.107,grad,23262827520
3,2606.349,grad,23243297792
3,2608.301,grad,23218016256
3,2609.623,grad,23236890624
3,2611.122,grad,23213133824
3,2612.366,grad,23217885184
3,2613.615,grad,23198679040
3,2614.887,grad,23085989888
3,2616.122,grad,22995648512
3,2617.356,grad,22982766592
3,2618.606,grad,22940642304
3,2620.21,grad,22938545152
3,2621.472,grad,22957353984
3,2623.021,grad,22933662720
3,2624.287,grad,22938414080
3,2625.529,grad,22918323200
3,2626.767,grad,22790953984
3,2628.003,grad,22722632704
3,2629.282,grad,22686780416
3,2630.529,grad,22660286464
3,2632.128,grad,22657304576
3,2633.371,grad,22676113408
3,2634.911,grad,22652422144
3,2636.145,grad,22657181696
3,2637.376,grad,22599170048
3,2638.603,grad,22517938176
3,2639.856,grad,22435821568
3,2641.102,grad,22406916096
3,2642.334,grad,22378882048
3,2644.292,grad,22377833472
3,2645.591,grad,22396642304
3,2647.199,grad,22372951040
3,2648.464,grad,22377702400
3,2649.718,grad,22357611520
3,2650.992,grad,22244922368
3,2652.233,grad,22139900928
3,2653.488,grad,22127019008
3,2654.754,grad,22099050496
3,2656.42,grad,22097477632
3,2657.685,grad,22116286464
3,2659.231,grad,22092595200
3,2660.501,grad,22097346560
3,2661.765,grad,22077255680
3,2663.031,grad,21949001728
3,2664.267,grad,21874225152
3,2665.509,grad,21845778432
3,2666.742,grad,21840527360
3,2668.027,grad,21816237056
3,2669.325,grad,21845597184
3,2670.874,grad,21810863104
3,2672.14,grad,21818694656
3,2673.406,grad,21845462016
3,2674.648,grad,21789559808
3,2675.897,grad,21629848576
3,2677.151,grad,21615889408
3,2678.423,grad,21565422592
3,2679.682,grad,21537978368
3,2681.366,grad,21535881216
3,2682.644,grad,21554690048
3,2684.413,grad,21530998784
3,2685.7,grad,21535750144
3,2686.981,grad,21478139904
3,2688.222,grad,21396908032
3,2689.473,grad,21307418624
3,2690.794,grad,21287196672
3,2692.052,grad,21260276736
3,2693.731,grad,21257655296
3,2694.987,grad,21276464128
3,2696.514,grad,21252772864
3,2697.784,grad,21257524224
3,2699.074,grad,21198636032
3,2700.332,grad,21116519424
3,2701.665,grad,21020607488
3,2702.936,grad,21005497344
3,2704.201,grad,20977463296
3,2705.946,grad,20976414720
3,2707.268,grad,20995223552
3,2708.86,grad,20971532288
3,2710.13,grad,20976283648
3,2711.386,grad,20957077504
3,2712.635,grad,20828823552
3,2713.899,grad,20739366912
3,2715.264,grad,20725600256
3,2716.504,grad,20698680320
3,2718.176,grad,20696058880
3,2719.5,grad,20714933248
3,2720.964,grad,20691176448
3,2722.229,grad,20695927808
3,2723.502,grad,20676787200
3,2724.752,grad,20594605056
3,2725.987,grad,20497808384
3,2727.229,grad,20459531264
3,2728.495,grad,20415704064
3,2730.421,grad,20415703040
3,2731.686,grad,20434511872
3,2733.245,grad,20410820608
3,2734.502,grad,20415584256
3,2735.744,grad,20396365824
3,2736.978,grad,20306909184
3,2738.207,grad,20224792576
3,2739.435,grad,20164429824
3,2740.679,grad,20137280512
3,2742.479,grad,20135347200
3,2743.738,grad,20154156032
3,2745.274,grad,20130464768
3,2746.544,grad,20135228416
3,2747.861,grad,20116009984
3,2749.12,grad,20027438080
3,2750.387,grad,19906524160
3,2751.652,grad,19884073984
3,2752.971,grad,19856039936
3,2754.767,grad,19854991360
3,2756.083,grad,19873865728
3,2757.527,grad,19850108928
3,2758.784,grad,19847520256
3,2760.112,grad,19835785216
3,2761.368,grad,19753603072
3,2762.617,grad,19656806400
3,2763.866,grad,19618529280
3,2765.105,grad,19590545408
3,2767.015,grad,19574701056
3,2768.34,grad,19593575424
3,2769.822,grad,19569818624
3,2771.082,grad,19574569984
3,2772.33,grad,19516632064
3,2773.566,grad,19435400192
3,2774.843,grad,19345058816
3,2776.117,grad,19323952128
3,2777.35,grad,19297556480
3,2778.942,grad,19294410752
3,2780.224,grad,19313285120
3,2781.662,grad,19289528320
3,2782.936,grad,19294287872
3,2784.171,grad,19313936384
3,2785.404,grad,19193907200
3,2786.643,grad,19064768512
3,2787.923,grad,19043661824
3,2789.153,grad,19016217600
3,2790.748,grad,19014120448
3,2792.041,grad,19032994816
3,2793.48,grad,19009238016
3,2794.733,grad,19013989376
3,2795.977,grad,18994914304
3,2797.214,grad,18912732160
3,2798.456,grad,18824160256
3,2799.697,grad,18762912768
3,2800.948,grad,18736287744
3,2802.617,grad,18733830144
3,2803.916,grad,18752704512
3,2805.333,grad,18728947712
3,2806.581,grad,18733699072
3,2807.857,grad,18714558464
3,2809.102,grad,18586304512
3,2810.358,grad,18518867968
3,2811.623,grad,18483900416
3,2812.881,grad,18456521728
3,2814.419,grad,18454424576
3,2815.666,grad,18473233408
3,2817.214,grad,18449542144
3,2818.453,grad,18454305792
3,2819.696,grad,18434268160
3,2820.945,grad,18344811520
3,2822.242,grad,18232515584
3,2823.559,grad,18203610112
3,2824.839,grad,18175576064
3,2826.554,grad,18174527488
3,2827.844,grad,18193401856
3,2829.355,grad,18169645056
3,2830.609,grad,18181736448
3,2831.939,grad,18154371072
3,2833.188,grad,18072188928
3,2834.428,grad,17976276992
3,2835.672,grad,17922369536
3,2836.925,grad,17894859776
3,2838.6,grad,17893286912
3,2839.879,grad,17912161280
3,2841.275,grad,17888404480
3,2842.524,grad,17893155840
3,2843.763,grad,17873949696
3,2844.996,grad,17761326080
3,2846.239,grad,17663644672
3,2847.492,grad,17642472448
3,2848.734,grad,17614045184
3,2850.282,grad,17612996608
3,2851.568,grad,17631870976
3,2853.038,grad,17607131136
3,2854.285,grad,17611882496
3,2855.523,grad,17593561088
3,2856.76,grad,17481035776
3,2857.992,grad,17389711360
3,2859.238,grad,17376829440
3,2860.486,grad,17335688192
3,2862.059,grad,17332608000
3,2863.357,grad,17351482368
3,2864.805,grad,17327725568
3,2866.076,grad,17334950912
3,2867.378,grad,17324706816
3,2868.616,grad,17229941760
3,2869.863,grad,17149168640
3,2871.105,grad,17095621632
3,2872.358,grad,17084873728
3,2874.311,grad,17052317696
3,2875.585,grad,17071257600
3,2877.007,grad,17047435264
3,2878.255,grad,17052186624
3,2879.494,grad,17032095744
3,2880.742,grad,16920455168
3,2881.982,grad,16830113792
3,2883.32,grad,16816347136
3,2884.581,grad,16774222848
3,2886.164,grad,16772125696
3,2887.433,grad,16791032832
3,2888.905,grad,16767243264
3,2890.155,grad,16771994624
3,2891.4,grad,16751805440
3,2892.661,grad,16623617024
3,2893.93,grad,16534160384
3,2895.192,grad,16513053696
3,2896.43,grad,16487542784
3,2898.052,grad,16483250176
3,2899.333,grad,16502157312
3,2900.775,grad,16478367744
3,2902.018,grad,16468439040
3,2903.274,grad,16468439040
3,2904.492,grad,16468439040
3,2906.657,grad,16468438528
3,2908.928,grad,16468438528
3,2910.299,grad,16468438528
3,2911.637,grad,16468438528
3,2912.893,grad,16468438528
3,2916.826,grad,16468438528
3,2918.134,grad,16468438528
3,2920.872,grad,16468438528
3,2922.21,grad,16468898816
3,2923.487,grad,16468440576
3,2924.75,grad,16468898816
3,2926.016,grad,16468440064
3,2927.29,grad,16468440064
3,2928.549,grad,16468442112
3,2929.823,grad,16468898816
3,2931.077,grad,16468899328
3,2932.366,grad,16468442112
3,2933.692,grad,16468506112
3,2935.009,grad,16468440064
3,2936.257,grad,16468442624
3,2937.53,grad,16468440064
3,2938.764,grad,16469357568
3,2940.012,grad,16468506112
3,2941.283,grad,16468440064
3,2942.514,grad,16468442112
3,2943.745,grad,16468899328
3,2944.976,grad,16468898816
3,2946.254,grad,16468442112
3,2947.559,grad,16468506112
3,2948.748,grad,16468898816
3,2949.981,grad,16468442112
3,2951.249,grad,16468440064
3,2952.479,grad,16469357568
3,2953.706,grad,16468440576
3,2954.996,grad,16468442112
3,2956.239,grad,16468440576
3,2957.515,grad,16468898816
3,2958.76,grad,16468440064
3,2960.009,grad,16468440576
3,2961.261,grad,16468442624
3,2962.548,grad,16468899328
3,2963.777,grad,16468898816
3,2965.018,grad,16468440576
3,2966.255,grad,16468899328
3,2967.482,grad,16468440576
3,2968.753,grad,16468898816
3,2969.991,grad,16468506624
3,2971.274,grad,16471557120
3,2972.511,grad,16474637312
3,2973.745,grad,16479519744
3,2975.01,grad,16482043904
3,2976.265,grad,16486761984
3,2977.497,grad,16489939968
3,2978.76,grad,16495117824
3,2980.084,grad,16499377152
3,2981.362,grad,16503014400
3,2982.592,grad,16509273600
3,2983.856,grad,16511797760
3,2985.17,grad,16516514816
3,2986.465,grad,16519693824
3,2987.776,grad,16525722624
3,2989.074,grad,16528868352
3,2990.343,grad,16531719168
3,2991.608,grad,16535848960
3,2992.926,grad,16537355264
3,2994.191,grad,16542008320
3,2995.447,grad,16544564736
3,2996.734,grad,16548856832
3,2998.01,grad,16552069632
3,2999.244,grad,16555377664
3,3000.473,grad,16559049216
3,3001.737,grad,16560555520
3,3003.018,grad,16565371904
3,3004.293,grad,16567993344
3,3005.561,grad,16572057088
3,3006.781,grad,16575268352
3,3008.088,grad,16578348032
3,3009.417,grad,16582935552
3,3010.698,grad,16583755264
3,3011.976,grad,16588407808
3,3013.231,grad,16590735872
3,3014.516,grad,16594568704
3,3015.779,grad,16598239744
3,3017.074,grad,16601089024
3,3018.393,grad,16605448704
3,3019.691,grad,16607314944
3,3021.0,grad,16612852736
3,3022.305,grad,16613672448
3,3023.61,grad,16618423808
3,3024.891,grad,16622093312
3,3026.189,grad,16626156544
3,3027.423,grad,16629302784
3,3028.655,grad,16632382464
3,3029.962,grad,16636969984
3,3031.221,grad,16638937088
3,3032.454,grad,16642540544
3,3033.683,grad,16643492864
3,3034.924,grad,16643528704
3,3036.186,grad,16643566592
3,3037.419,grad,16643593216
3,3038.684,grad,16643630592
3,3039.955,grad,16643666432
3,3041.215,grad,16595386880
3,3042.467,grad,16407757312
3,3043.742,grad,16320496128
3,3044.974,grad,16353591808
3,3046.213,grad,16386490880
3,3047.449,grad,16420995584
3,3048.712,grad,16452485632
3,3050.048,grad,16475783680
3,3051.304,grad,16397009408
3,3052.567,grad,16279339520
3,3053.842,grad,16150135296
3,3055.119,grad,16141500928
3,3061.287,grad,16141447680
3,3067.652,grad,16141455872
3,3074.004,grad,16141455872
3,3080.351,grad,16141455872
3,3084.802,grad,16141455872
3,3086.075,grad,16148933120
3,3089.015,grad,16156402176
3,3090.388,grad,16165839360
3,3091.659,grad,16181683712
3,3093.001,grad,16218289664
3,3094.245,grad,16365090304
3,3095.483,grad,16464770560
3,3097.58,grad,16457434624
3,3098.85,grad,16466871808
3,3100.124,grad,16505522688
3,3101.366,grad,16558021120
3,3102.625,grad,16820296192
3,3103.888,grad,16756570624
3,3105.795,grad,16750111232
3,3107.076,grad,16759548416
3,3108.339,grad,16782732800
3,3109.597,grad,16849911296
3,3110.866,grad,17034591744
3,3112.125,grad,17034661376
3,3114.134,grad,17042001408
3,3115.58,grad,17051438592
3,3116.892,grad,17074622976
3,3118.207,grad,17141801472
3,3119.531,grad,17326481920
3,3120.783,grad,17326551552
3,3122.818,grad,17333891584
3,3124.091,grad,17343328768
3,3125.347,grad,17381193216
3,3126.626,grad,17433691648
3,3127.881,grad,17618372096
3,3129.125,grad,17640465920
3,3130.999,grad,17625781760
3,3132.266,grad,17635218944
3,3133.548,grad,17673083392
3,3134.803,grad,17725581824
3,3136.065,grad,17910262272
3,3137.399,grad,17932356096
3,3139.306,grad,17917786624
3,3140.605,grad,17934449152
3,3141.896,grad,17950293504
3,3143.146,grad,18017472000
3,3144.407,grad,18163355136
3,3145.65,grad,18224246272
3,3147.486,grad,18209562112
3,3148.765,grad,18218999296
3,3150.038,grad,18242183680
3,3151.276,grad,18309362176
3,3152.542,grad,18571637248
3,3153.778,grad,18494116352
3,3155.675,grad,18501452288
3,3157.056,grad,18510889472
3,3158.346,grad,18534073856
3,3159.584,grad,18601252352
3,3160.83,grad,18863527424
3,3162.066,grad,18786006528
3,3164.021,grad,18793342464
3,3165.277,grad,18802779648
3,3166.519,grad,18840644096
3,3167.746,grad,18893142528
3,3168.983,grad,19155417600
3,3170.259,grad,19092576768
3,3172.211,grad,19085232640
3,3173.46,grad,19094669824
3,3174.734,grad,19132534272
3,3175.961,grad,19185032704
3,3177.193,grad,19369713152
3,3178.431,grad,19391806976
3,3180.305,grad,19377122816
3,3181.569,grad,19386560000
3,3182.859,grad,19409744384
3,3184.18,grad,19476922880
3,3185.43,grad,19739197952
3,3186.672,grad,19661677056
3,3188.634,grad,19669012992
3,3189.925,grad,19678450176
3,3191.228,grad,19716314624
3,3192.493,grad,19768813056
3,3193.789,grad,19953493504
3,3195.04,grad,19975587328
3,3196.856,grad,19960903168
3,3198.203,grad,19970340352
3,3199.497,grad,19993524736
3,3200.747,grad,20060703232
3,3202.013,grad,20245383680
3,3203.249,grad,20245457408
3,3205.236,grad,20252793344
3,3206.507,grad,20262230528
3,3207.767,grad,20300094976
3,3209.035,grad,20352593408
3,3210.299,grad,20537273856
3,3211.548,grad,20559367680
3,3213.399,grad,20544798208
3,3214.693,grad,20561460736
3,3215.992,grad,20591985152
3,3217.31,grad,20659163648
3,3218.57,grad,20829164032
3,3219.816,grad,20851257856
3,3221.65,grad,20836573696
3,3222.926,grad,20846010880
3,3224.196,grad,20883875328
3,3225.428,grad,20936373760
3,3226.66,grad,21121054208
3,3227.903,grad,21135808000
3,3229.76,grad,21128463872
3,3231.011,grad,21137901056
3,3232.26,grad,21175765504
3,3233.53,grad,21228263936
3,3234.759,grad,21490539008
3,3235.986,grad,21413022208
3,3237.902,grad,21420354048
3,3240.014,grad,21429791232
3,3241.28,grad,21452975616
3,3242.519,grad,21481356800
3,3243.749,grad,21704834560
3,3244.981,grad,21704904192
3,3246.98,grad,21712244224
3,3248.236,grad,21721681408
3,3249.508,grad,21759545856
3,3250.761,grad,21826724352
3,3252.016,grad,21957927424
3,3253.292,grad,22011478528
3,3255.174,grad,22004134400
3,3256.432,grad,22013571584
3,3257.756,grad,22051436032
3,3259.023,grad,22118614528
3,3260.295,grad,22249817600
3,3263.149,grad,22296024576
3,3264.408,grad,22305461760
3,3265.685,grad,22343326208
3,3266.953,grad,22395824640
3,3268.194,grad,22541707776
3,3269.426,grad,22602598912
3,3271.336,grad,22587914752
3,3272.591,grad,22597351936
3,3273.909,grad,22620536320
3,3275.149,grad,22687714816
3,3276.41,grad,22833597952
3,3277.667,grad,22894489088
3,3279.489,grad,22879804928
3,3280.873,grad,22889242112
3,3282.171,grad,22912426496
3,3283.41,grad,22940807680
3,3284.653,grad,23164285440
3,3285.899,grad,23164355072
3,3287.855,grad,23171695104
3,3289.106,grad,23181132288
3,3290.349,grad,23218996736
3,3291.582,grad,23286175232
3,3292.846,grad,23456175616
3,3294.099,grad,23456253440
3,3296.0,grad,23463585280
3,3297.258,grad,23473022464
3,3298.514,grad,23496206848
3,3299.837,grad,23578065408
3,3301.102,grad,23709268480
3,3302.341,grad,23770159616
3,3304.261,grad,23755475456
3,3305.521,grad,23764912640
3,3306.777,grad,23802777088
3,3308.016,grad,23855275520
3,3309.261,grad,24039955968
3,3310.51,grad,24062049792
3,3312.41,grad,24047365632
3,3313.671,grad,24056802816
3,3314.98,grad,24079987200
3,3316.214,grad,24147165696
3,3317.458,grad,24409440768
3,3318.748,grad,24331919872
3,3319.988,grad,25881729536
3,3322.297,grad,25251514368
3,3323.561,grad,24940087808
3,3324.817,grad,24940087808
3,3326.054,grad,24940087808
3,3327.285,grad,24940087808
3,3328.521,grad,24361268736
3,3329.819,grad,24320464384
3,3331.054,grad,24239003136
3,3332.288,grad,24142206464
3,3333.55,grad,24103929344
3,3334.891,grad,24093771264
3,3336.905,grad,24060101120
3,3338.168,grad,24078909952
3,3339.852,grad,24055218688
3,3341.091,grad,24059970048
3,3342.404,grad,24040829440
3,3343.749,grad,23958647296
3,3345.033,grad,23869190656
3,3346.307,grad,23823507968
3,3347.557,grad,23813415424
3,3349.516,grad,23779745280
3,3350.786,grad,23798488576
3,3352.418,grad,23774862848
3,3353.665,grad,23779614208
3,3354.916,grad,23799205376
3,3356.161,grad,23678291456
3,3357.4,grad,23550037504
3,3358.717,grad,23528930816
3,3359.97,grad,23500962304
3,3361.756,grad,23499389440
3,3363.06,grad,23518198272
3,3364.659,grad,23494507008
3,3365.918,grad,23499274752
3,3367.154,grad,23480052224
3,3368.384,grad,23390595584
3,3369.624,grad,23308478976
3,3370.866,grad,23248116224
3,3372.105,grad,23220082176
3,3373.824,grad,23219033600
3,3375.679,grad,23238235648
3,3377.821,grad,23214151168
3,3379.092,grad,23218902528
3,3380.347,grad,23160899072
3,3381.59,grad,23078782464
3,3382.866,grad,22981985792
3,3384.206,grad,22968219136
3,3385.451,grad,22940250624
3,3387.182,grad,22938677760
3,3388.426,grad,22957879808
3,3390.061,grad,22933795328
3,3391.309,grad,22938546688
3,3392.566,grad,22880543232
3,3393.814,grad,22798426624
3,3395.061,grad,22708969984
3,3396.302,grad,22687404544
3,3397.543,grad,22659370496
3,3399.34,grad,22658321920
3,3400.588,grad,22677523968
3,3402.246,grad,22653439488
3,3403.486,grad,22658199040
3,3404.733,grad,22677847552
3,3405.969,grad,22564273664
3,3407.212,grad,22460136960
3,3408.459,grad,22421794304
3,3409.708,grad,22411701760
3,3410.983,grad,22385371648
3,3412.236,grad,22408374784
3,3413.64,grad,22372657664
3,3414.89,grad,22380489216
3,3416.372,grad,22377912832
3,3417.641,grad,22436354560
3,3418.936,grad,22276643328
3,3420.189,grad,22209141248
3,3421.43,grad,22140979712
3,3422.681,grad,22131927552
3,3423.97,grad,22097675776
3,3425.241,grad,22127035904
3,3426.488,grad,22116484608
3,3428.105,grad,22092793344
3,3429.369,grad,22097548800
3,3430.605,grad,22078338560
3,3431.848,grad,21988947456
3,3433.08,grad,21906830848
3,3434.315,grad,21846533632
3,3435.551,grad,21834278400
3,3437.532,grad,21817385472
3,3438.774,grad,21836587520
3,3440.368,grad,21812503040
3,3441.605,grad,21817262592
3,3442.853,grad,21798048256
3,3444.089,grad,21708657152
3,3445.323,grad,21626540544
3,3446.555,grad,21580923392
3,3447.789,grad,21568668160
3,3449.02,grad,21537095168
3,3450.257,grad,21567045120
3,3451.641,grad,21531721216
3,3452.897,grad,21539552768
3,3454.349,grad,21536964096
3,3455.605,grad,21478960640
3,3456.853,grad,21428301312
3,3458.09,grad,21338844672
3,3459.324,grad,21300567552
3,3460.579,grad,21265243648
3,3462.543,grad,21256739328
3,3463.808,grad,21275548160
3,3465.369,grad,21251856896
3,3466.631,grad,21256620544
3,3467.879,grad,21237467648
3,3469.115,grad,21162691072
3,3470.354,grad,21058554368
3,3471.593,grad,21020211712
3,3472.837,grad,21009070592
3,3474.072,grad,20976449024
3,3475.306,grad,21006398976
3,3476.655,grad,20971075072
3,3477.91,grad,20978906624
3,3479.158,grad,20976317952
3,3480.444,grad,20957177344
3,3481.688,grad,20836263424
3,3482.932,grad,20739466752
3,3484.164,grad,20725241344
3,3485.397,grad,20697207296
3,3487.202,grad,20696158720
3,3488.443,grad,20715360768
3,3490.051,grad,20691276288
3,3491.295,grad,20703367680
3,3492.553,grad,20674462208
3,3493.744,grad,20594377216
3,3495.017,grad,20512719360
3,3496.252,grad,20473852416
3,3497.493,grad,20450120192
3,3498.759,grad,20423208448
3,3500.011,grad,20415868416
3,3501.271,grad,20434677248
3,3502.862,grad,20410985984
3,3504.104,grad,20415753728
3,3505.341,grad,20435394048
3,3506.578,grad,20314480128
3,3507.829,grad,20225023488
3,3509.069,grad,20179406336
3,3510.308,grad,20135578112
3,3512.18,grad,20135578112
3,3513.424,grad,20154780160
3,3515.032,grad,20130695680
3,3516.272,grad,20135447040
3,3517.516,grad,20077509120
3,3518.781,grad,20026849792
3,3520.018,grad,19945126400
3,3521.252,grad,19884763648
3,3522.493,grad,19856729600
3,3524.304,grad,19855681024
3,3525.566,grad,19874489856
3,3527.119,grad,19850798592
3,3528.363,grad,19848209920
3,3529.614,grad,19833984512
3,3530.897,grad,19754292736
3,3532.133,grad,19672110592
3,3533.515,grad,19619087872
3,3534.845,grad,19606898176
3,3536.825,grad,19575325184
3,3538.167,grad,19594068480
3,3539.88,grad,19570442752
3,3541.137,grad,19575194112
3,3542.392,grad,19555987968
3,3543.747,grad,19474002432
3,3545.021,grad,19391820288
3,3546.354,grad,19338797568
3,3547.623,grad,19302490624
3,3549.581,grad,19295034880
3,3550.914,grad,19313909248
3,3552.321,grad,19290152448
3,3553.576,grad,19294912000
3,3554.895,grad,19275763200
3,3556.187,grad,19193712128
3,3557.454,grad,19111529984
3,3558.8,grad,19058507264
3,3560.043,grad,19030588928
3,3561.922,grad,19014744576
3,3563.205,grad,19033618944
3,3564.64,grad,19009862144
3,3565.886,grad,19021953536
3,3567.134,grad,18995472896
3,3568.37,grad,18913356288
3,3569.628,grad,18816559616
3,3570.882,grad,18763536896
3,3572.138,grad,18735502848
3,3573.885,grad,18734454272
3,3575.181,grad,18753328640
3,3576.602,grad,18729571840
3,3577.852,grad,18734323200
3,3579.098,grad,18676319744
3,3580.355,grad,18633065984
3,3581.591,grad,18497537536
3,3582.912,grad,18483770880
3,3584.153,grad,18456850944
3,3585.786,grad,18454229504
3,3587.07,grad,18473103872
3,3588.498,grad,18449347072
3,3589.739,grad,18454106624
3,3590.986,grad,18434892288
3,3592.26,grad,18345435648
3,3593.505,grad,18224521728
3,3594.75,grad,18202956288
3,3595.98,grad,18175446528
3,3597.639,grad,18173873664
3,3598.924,grad,18192748032
3,3600.391,grad,18168991232
3,3601.646,grad,18173742592
3,3602.908,grad,18154601984
3,3604.156,grad,18072485376
3,3605.406,grad,17975688704
3,3606.765,grad,17937411584
3,3608.063,grad,17901039104
3,3609.998,grad,17893583360
3,3611.275,grad,17912392192
3,3612.822,grad,17888700928
3,3614.06,grad,17893452288
3,3615.301,grad,17874246144
3,3616.598,grad,17784855040
3,3617.861,grad,17678621184
3,3619.119,grad,17642768896
3,3620.355,grad,17614341632
3,3621.885,grad,17613293056
3,3623.135,grad,17632167424
3,3624.589,grad,17608410624
3,3625.848,grad,17613161984
3,3627.102,grad,17593955840
3,3628.353,grad,17465701888
3,3629.599,grad,17376310784
3,3630.897,grad,17362544128
3,3632.135,grad,17336148480
3,3633.694,grad,17333002752
3,3634.993,grad,17351877120
3,3636.424,grad,17328120320
3,3637.685,grad,17347551744
3,3638.94,grad,17313731072
3,3640.184,grad,17246294528
3,3641.417,grad,17156837888
3,3642.655,grad,17096475136
3,3643.899,grad,17069605376
3,3645.731,grad,17052712448
3,3647.02,grad,17071619584
3,3648.44,grad,17046945280
3,3649.684,grad,17051713024
3,3650.927,grad,17071287808
3,3652.154,grad,16950373888
3,3653.383,grad,16823070208
3,3654.67,grad,16801963520
3,3655.918,grad,16774781440
3,3657.469,grad,16771635712
3,3658.762,grad,16790542848
3,3660.208,grad,16766753280
3,3661.44,grad,16771504640
3,3662.674,grad,16752298496
3,3663.914,grad,16637807104
3,3665.143,grad,16548416000
3,3666.376,grad,16527309312
3,3667.624,grad,16486233600
3,3669.259,grad,16482825728
3,3670.56,grad,16501732864
3,3671.99,grad,16477943296
3,3673.241,grad,16468014592
3,3674.494,grad,16468014592
3,3675.738,grad,16468014592
3,3679.329,grad,16468014080
3,3681.04,grad,16468014080
3,3682.311,grad,16468014080
3,3686.735,grad,16468014080
3,3687.995,grad,16468014592
3,3690.219,grad,16468014080
3,3691.473,grad,16468081152
3,3692.74,grad,16468016128
3,3694.002,grad,16468474368
3,3695.243,grad,16468015616
3,3696.484,grad,16468016128
3,3697.743,grad,16468018176
3,3698.979,grad,16468933120
3,3700.213,grad,16468081152
3,3701.501,grad,16468017664
3,3702.795,grad,16468081152
3,3704.213,grad,16468474880
3,3705.531,grad,16468018176
3,3706.85,grad,16468018176
3,3708.155,grad,16468474368
3,3709.404,grad,16468081152
3,3710.679,grad,16468016128
3,3711.979,grad,16468017664
3,3713.25,grad,16468474880
3,3714.526,grad,16468474880
3,3715.857,grad,16468017664
3,3717.206,grad,16468081152
3,3718.472,grad,16468016128
3,3719.741,grad,16468018176
3,3721.004,grad,16468016128
3,3722.251,grad,16468474368
3,3723.495,grad,16468015616
3,3724.744,grad,16468016128
3,3725.99,grad,16468018176
3,3727.325,grad,16468474368
3,3728.579,grad,16468081664
3,3729.828,grad,16468017664
3,3731.068,grad,16468081664
3,3732.302,grad,16468474880
3,3733.538,grad,16468539904
3,3734.776,grad,16468016128
3,3736.049,grad,16468474368
3,3737.306,grad,16468016128
3,3738.555,grad,16468017664
3,3739.744,grad,16468082176
3,3740.982,grad,16471132672
3,3742.249,grad,16474213376
3,3743.486,grad,16479095296
3,3744.792,grad,16481291776
3,3746.032,grad,16486009856
3,3747.289,grad,16489187840
3,3748.563,grad,16494823936
3,3749.867,grad,16500395520
3,3751.167,grad,16501901824
3,3752.407,grad,16508094976
3,3753.649,grad,16511273472
3,3754.918,grad,16516680192
3,3756.213,grad,16521792000
3,3757.545,grad,16524872704
3,3758.749,grad,16529459712
3,3760.067,grad,16531426816
3,3761.344,grad,16535259648
3,3762.656,grad,16538930688
3,3763.93,grad,16542009856
3,3765.174,grad,16546598400
3,3766.435,grad,16547645952
3,3767.737,grad,16552462848
3,3768.982,grad,16555084288
3,3770.228,grad,16559148032
3,3771.541,grad,16563572736
3,3772.838,grad,16565078528
3,3774.075,grad,16569600512
3,3775.335,grad,16572451840
3,3776.606,grad,16576580096
3,3777.88,grad,16579726336
3,3779.13,grad,16582806528
3,3780.384,grad,16587098624
3,3781.682,grad,16589654528
3,3782.929,grad,16593717760
3,3784.217,grad,16597092864
3,3785.471,grad,16601221632
3,3786.718,grad,16605448704
3,3788.003,grad,16608004608
3,3789.254,grad,16611609088
3,3790.499,grad,16615215104
3,3791.753,grad,16618294272
3,3793.001,grad,16623243264
3,3794.245,grad,16624061440
3,3795.556,grad,16628812288
3,3796.812,grad,16631433728
3,3798.061,grad,16635497472
3,3799.328,grad,16639856640
3,3800.562,grad,16641788416
3,3801.805,grad,16641319936
3,3803.039,grad,16641357312
3,3804.272,grad,16641395200
3,3805.504,grad,16641422336
3,3806.773,grad,16641460224
3,3808.052,grad,16640575488
3,3809.303,grad,16448915456
3,3810.566,grad,16314927104
3,3811.833,grad,16344287232
3,3813.098,grad,16378398720
3,3814.33,grad,16413591552
3,3815.568,grad,16445442048
3,3816.824,grad,16479422464
3,3818.1,grad,16367650816
3,3819.428,grad,16248178688
3,3820.734,grad,16141811200
3,3822.008,grad,16141650944
3,3827.659,grad,16141645824
3,3834.107,grad,16141654016
3,3840.492,grad,16141654016
3,3846.855,grad,16141654016
3,3850.962,grad,16141654016
3,3852.223,grad,16149131264
3,3855.183,grad,16156600320
3,3856.543,grad,16166037504
3,3857.819,grad,16181881856
3,3859.16,grad,16217603072
3,3860.399,grad,16441080832
3,3861.673,grad,16448490496
3,3863.695,grad,16455830528
3,3864.963,grad,16465267712
3,3866.236,grad,16488452096
3,3867.518,grad,16555630592
3,3868.774,grad,16701513728
3,3870.042,grad,16755064832
3,3871.925,grad,16747720704
3,3873.195,grad,16757157888
3,3874.5,grad,16780342272
3,3875.762,grad,16847520768
3,3877.011,grad,17109795840
3,3878.281,grad,17032274944
3,3880.199,grad,17039610880
3,3881.681,grad,17049048064
3,3882.955,grad,17072232448
3,3884.199,grad,17139410944
3,3885.465,grad,17285294080
3,3886.711,grad,17338845184
3,3888.576,grad,17331501056
3,3889.852,grad,17340938240
3,3891.107,grad,17378802688
3,3892.349,grad,17431301120
3,3893.612,grad,17577184256
3,3894.859,grad,17630735360
3,3896.71,grad,17623391232
3,3897.976,grad,17632828416
3,3899.234,grad,17670692864
3,3900.467,grad,17723191296
3,3901.746,grad,17830277120
3,3903.08,grad,17922621440
3,3905.144,grad,17915281408
3,3906.429,grad,17924718592
3,3907.78,grad,17962583040
3,3909.074,grad,18029761536
3,3910.32,grad,18199761920
3,3911.574,grad,18221855744
3,3913.418,grad,18207171584
3,3914.685,grad,18216608768
3,3915.946,grad,18254473216
3,3917.179,grad,18321651712
3,3918.49,grad,18452854784
3,3919.908,grad,18499061760
3,3921.505,grad,18499061760
3,3922.889,grad,18508498944
3,3924.198,grad,18531683328
3,3925.486,grad,18598861824
3,3926.786,grad,18705947648
3,3928.038,grad,18805636096
3,3929.81,grad,18790951936
3,3931.075,grad,18800389120
3,3932.324,grad,18823573504
3,3933.561,grad,18890752000
3,3934.828,grad,19075432448
3,3936.068,grad,19075506176
3,3937.947,grad,19082842112
3,3939.217,grad,19099619328
3,3940.463,grad,19130209280
3,3941.699,grad,19197387776
3,3942.94,grad,19335865344
3,3945.579,grad,19374732288
3,3946.854,grad,19391509504
3,3948.102,grad,19422099456
3,3949.351,grad,19489277952
3,3950.593,grad,19620415488
3,3953.295,grad,19666622464
3,3954.551,grad,19676059648
3,3955.839,grad,19713924096
3,3957.069,grad,19781102592
3,3958.371,grad,19912305664
3,3961.107,grad,19958512640
3,3962.437,grad,19967949824
3,3963.719,grad,19991134208
3,3964.995,grad,20058312704
3,3966.253,grad,20204195840
3,3967.483,grad,20265086976
3,3969.293,grad,20250402816
3,3970.556,grad,20259840000
3,3971.816,grad,20297704448
3,3973.047,grad,20364882944
3,3974.28,grad,20496086016
3,3977.152,grad,20542292992
3,3978.408,grad,20551730176
3,3979.679,grad,20589594624
3,3980.948,grad,20656773120
3,3982.227,grad,20787976192
3,3984.97,grad,20834183168
3,3986.225,grad,20843620352
3,3987.47,grad,20881484800
3,3988.744,grad,20948728832
3,3990.0,grad,21087206400
3,3992.742,grad,21126073344
3,3994.041,grad,21135510528
3,3995.313,grad,21173374976
3,3996.561,grad,21240553472
3,3997.865,grad,21371756544
3,4000.631,grad,21417963520
3,4001.997,grad,21427400704
3,4003.296,grad,21450585088
3,4004.567,grad,21517763584
3,4005.827,grad,21702444032
3,4007.076,grad,21731877888
3,4008.854,grad,21709853696
3,4010.116,grad,21726630912
3,4011.361,grad,21757220864
3,4012.622,grad,21824399360
3,4013.885,grad,21962876928
3,4016.528,grad,22001743872
3,4017.799,grad,22018521088
3,4019.075,grad,22049111040
3,4020.343,grad,22116289536
3,4021.602,grad,22254767104
3,4024.234,grad,22293634048
3,4025.516,grad,22303071232
3,4026.811,grad,22326255616
3,4028.047,grad,22393434112
3,4029.29,grad,22578114560
3,4030.54,grad,22607548416
3,4032.341,grad,22585524224
3,4033.621,grad,22602301440
3,4034.882,grad,22632891392
3,4036.115,grad,22700069888
3,4037.347,grad,22838547456
3,4039.988,grad,22877414400
3,4041.333,grad,22886851584
3,4042.592,grad,22910035968
3,4043.84,grad,22977214464
3,4045.075,grad,23123097600
3,4046.316,grad,23183988736
3,4048.181,grad,23169304576
3,4049.46,grad,23178741760
3,4050.736,grad,23217654784
3,4051.971,grad,23284833280
3,4053.249,grad,23416036352
3,4056.037,grad,23462243328
3,4057.334,grad,23471680512
3,4058.686,grad,23509544960
3,4060.051,grad,23562043392
3,4061.307,grad,23746723840
3,4062.567,grad,23761469440
3,4064.642,grad,23754133504
3,4065.907,grad,23763570688
3,4067.18,grad,23801435136
3,4068.412,grad,23853933568
3,4069.665,grad,24038614016
3,4070.969,grad,24053367808
3,4072.844,grad,24046023680
3,4074.164,grad,24055460864
3,4075.451,grad,24078645248
3,4076.694,grad,24145823744
3,4077.938,grad,24408098816
3,4079.196,grad,24330577920
3,4080.508,grad,25880387072
3,4082.95,grad,25250172416
3,4084.254,grad,24938745856
3,4085.496,grad,24938745856
3,4086.734,grad,24938745856
3,4087.964,grad,24938747904
3,4089.253,grad,24359918592
3,4090.576,grad,24279899136
3,4091.853,grad,24236579840
3,4093.123,grad,24147123200
3,4094.378,grad,24101506048
3,4095.625,grad,24091347968
3,4097.646,grad,24057677824
3,4098.93,grad,24076486656
3,4101.497,grad,24052795392
3,4102.773,grad,24057563136
3,4104.019,grad,24038340608
3,4105.255,grad,23956289536
3,4106.493,grad,23828756480
3,4107.751,grad,23807191040
3,4109.024,grad,23779156992
3,4110.788,grad,23778108416
3,4112.049,grad,23796851712
3,4113.625,grad,23773225984
3,4114.883,grad,23777993728
3,4116.121,grad,23759623168
3,4117.359,grad,23671149568
3,4118.633,grad,23550235648
3,4119.95,grad,23528670208
3,4121.218,grad,23500636160
3,4123.027,grad,23499587584
3,4124.315,grad,23518396416
3,4125.961,grad,23494705152
3,4127.213,grad,23499472896
3,4128.467,grad,23441453056
3,4129.772,grad,23366676480
3,4131.037,grad,23262539776
3,4132.368,grad,23248773120
3,4133.606,grad,23220804608
3,4135.299,grad,23218183168
3,4136.556,grad,23236992000
3,4138.3,grad,23213300736
3,4139.567,grad,23218052096
3,4140.84,grad,23198845952
3,4142.082,grad,23077932032
3,4143.316,grad,22981135360
3,4144.552,grad,22966909952
3,4145.786,grad,22938875904
3,4147.582,grad,22937827328
3,4149.188,grad,22956570624
3,4150.885,grad,22932944896
3,4152.145,grad,22937696256
3,4153.381,grad,22916130816
3,4154.695,grad,22836439040
3,4155.939,grad,22754256896
3,4157.197,grad,22700775424
3,4158.434,grad,22698539008
3,4159.675,grad,22664811520
3,4160.956,grad,22687421440
3,4162.329,grad,22652097536
3,4163.576,grad,22659929088
3,4164.825,grad,22672020480
3,4166.063,grad,22630794240
3,4167.293,grad,22548677632
3,4168.523,grad,22435103744
3,4169.763,grad,22421337088
3,4171.013,grad,22379212800
3,4172.594,grad,22377115648
3,4173.843,grad,22395858944
3,4175.461,grad,22372233216
3,4176.701,grad,22376984576
3,4177.951,grad,22355419136
3,4179.229,grad,22275727360
3,4180.471,grad,22193545216
3,4181.759,grad,22140522496
3,4182.998,grad,22122041344
3,4184.251,grad,22097808384
3,4185.484,grad,22126644224
3,4186.911,grad,22091385856
3,4188.178,grad,22099217408
3,4189.413,grad,22125984768
3,4190.668,grad,22031285248
3,4191.952,grad,21949168640
3,4193.207,grad,21859712000
3,4194.542,grad,21845945344
3,4195.779,grad,21819025408
3,4197.416,grad,21816403968
3,4198.659,grad,21835212800
3,4200.187,grad,21811521536
3,4201.442,grad,21816272896
3,4202.683,grad,21797066752
3,4203.926,grad,21676152832
3,4205.161,grad,21579356160
3,4206.434,grad,21565589504
3,4207.673,grad,21538145280
3,4209.336,grad,21536048128
3,4210.611,grad,21554922496
3,4212.092,grad,21531165696
3,4213.335,grad,21543257088
3,4214.586,grad,21514351616
3,4215.869,grad,21434659840
3,4217.112,grad,21352477696
3,4218.438,grad,21299454976
3,4219.716,grad,21289362432
3,4221.63,grad,21255692288
3,4222.978,grad,21274566656
3,4224.619,grad,21250809856
3,4225.908,grad,21255561216
3,4227.156,grad,21197557760
3,4228.4,grad,21154238464
3,4229.643,grad,21033324544
3,4231.008,grad,21004877824
3,4232.324,grad,20977957888
3,4234.107,grad,20975336448
3,4235.347,grad,20994079744
3,4236.912,grad,20970454016
3,4238.156,grad,20975205376
3,4239.393,grad,20918053888
3,4240.634,grad,20835937280
3,4241.906,grad,20746480640
3,4243.192,grad,20725373952
3,4244.424,grad,20696881152
3,4246.187,grad,20695832576
3,4247.514,grad,20714706944
3,4249.002,grad,20690950144
3,4250.265,grad,20703041536
3,4251.525,grad,20676560896
3,4252.777,grad,20594378752
3,4254.013,grad,20519602176
3,4255.352,grad,20459239424
3,4256.598,grad,20439709696
3,4258.528,grad,20415476736
3,4259.793,grad,20434285568
3,4261.307,grad,20410594304
3,4262.56,grad,20415349760
3,4263.81,grad,20434936832
3,4265.047,grad,20321362944
3,4266.28,grad,20217226240
3,4267.511,grad,20178949120
3,4268.744,grad,20142576640
3,4270.701,grad,20135120896
3,4271.979,grad,20153929728
3,4273.486,grad,20130238464
3,4274.735,grad,20149673984
3,4275.974,grad,20193443840
3,4277.221,grad,20033667072
3,4278.463,grad,19936870400
3,4279.694,grad,19898527744
3,4280.953,grad,19888435200
3,4282.936,grad,19854765056
3,4284.182,grad,19873573888
3,4285.776,grad,19849882624
3,4287.011,grad,19861974016
3,4288.302,grad,19835493376
3,4289.542,grad,19768056832
3,4290.788,grad,19671260160
3,4292.116,grad,19618237440
3,4293.357,grad,19591367680
3,4295.359,grad,19574474752
3,4296.673,grad,19593349120
3,4298.165,grad,19569592320
3,4299.427,grad,19574343680
3,4300.683,grad,19516733440
3,4301.958,grad,19434616832
3,4303.203,grad,19337820160
3,4304.46,grad,19324053504
3,4305.704,grad,19296084992
3,4307.421,grad,19294512128
3,4308.713,grad,19313386496
3,4310.249,grad,19289629696
3,4311.506,grad,19294381056
3,4312.764,grad,19275240448
3,4314.005,grad,19161666560
3,4315.243,grad,19057529856
3,4316.476,grad,19043304448
3,4317.708,grad,19015270400
3,4319.437,grad,19014221824
3,4320.691,grad,19032965120
3,4322.338,grad,19009339392
3,4323.606,grad,19021430784
3,4324.929,grad,18995015680
3,4326.194,grad,18927579136
3,4327.432,grad,18838056960
3,4328.69,grad,18777694208
3,4329.935,grad,18758688768
3,4331.178,grad,18733931520
3,4332.491,grad,18764340224
3,4333.753,grad,18728557568
3,4335.007,grad,18736389120
3,4336.257,grad,18733800448
3,4337.492,grad,18714659840
3,4338.737,grad,18586405888
3,4339.974,grad,18511629312
3,4341.302,grad,18483182592
3,4342.566,grad,18455738368
3,4344.311,grad,18453641216
3,4345.582,grad,18472843264
3,4347.256,grad,18448758784
3,4348.516,grad,18453510144
3,4349.781,grad,18434369536
3,4351.038,grad,18352252928
3,4352.312,grad,18216658944
3,4353.629,grad,18202892288
3,4354.884,grad,18175972352
3,4356.634,grad,18173350912
3,4357.911,grad,18192159744
3,4359.426,grad,18168468480
3,4360.67,grad,18173219840
3,4361.973,grad,18154144768
3,4363.245,grad,18071962624
3,4364.535,grad,17975165952
3,4365.809,grad,17936823296
3,4367.056,grad,17925682176
3,4368.999,grad,17893060608
3,4370.31,grad,17911934976
3,4371.828,grad,17888178176
3,4373.084,grad,17892933632
3,4374.326,grad,17912586240
3,4375.561,grad,17784332288
3,4376.747,grad,17709555712
3,4377.981,grad,17656532992
3,4379.219,grad,17646440448
3,4381.174,grad,17612770304
3,4382.42,grad,17631579136
3,4383.97,grad,17607887872
3,4385.223,grad,17612639232
3,4386.46,grad,17593498624
3,4387.69,grad,17504041984
3,4388.93,grad,17383128064
3,4390.165,grad,17361562624
3,4391.401,grad,17333528576
3,4393.215,grad,17332480000
3,4394.469,grad,17351288832
3,4396.052,grad,17327597568
3,4397.309,grad,17332348928
3,4398.551,grad,17310783488
3,4399.81,grad,17231157248
3,4401.046,grad,17148975104
3,4402.283,grad,17095493632
3,4403.536,grad,17076422656
3,4404.77,grad,17052189696
3,4406.001,grad,17081615360
3,4407.268,grad,17071064064
3,4408.771,grad,17047307264
3,4410.012,grad,17052075008
3,4411.266,grad,17071715328
3,4412.515,grad,16943461376
3,4413.76,grad,16854004736
3,4415.002,grad,16815662080
3,4416.24,grad,16803472384
3,4417.473,grad,16779239424
3,4418.74,grad,16801783808
3,4420.164,grad,16766525440
3,4421.407,grad,16774356992
3,4422.651,grad,16786444288
3,4423.912,grad,16752627712
3,4425.18,grad,16639053824
3,4426.419,grad,16542257152
3,4427.65,grad,16513351680
3,4428.893,grad,16485317632
3,4430.63,grad,16484006912
3,4431.949,grad,16502914048
3,4433.462,grad,16479124480
3,4434.713,grad,16469195776
3,4435.963,grad,16469195776
3,4437.198,grad,16469195776
3,4438.425,grad,16469195776
3,4439.812,grad,16469195264
3,4441.721,grad,16469195264
3,4443.042,grad,16469195264
3,4444.416,grad,16469195264
3,4445.678,grad,16469195264
3,4449.559,grad,16469195264
3,4450.829,grad,16469195776
3,4453.08,grad,16469195264
3,4454.338,grad,16469656064
3,4455.627,grad,16469196800
3,4456.904,grad,16469655552
3,4458.15,grad,16469262336
3,4459.417,grad,16469198848
3,4460.679,grad,16469262848
3,4461.936,grad,16469196800
3,4463.222,grad,16469199360
3,4464.47,grad,16469199360
3,4465.746,grad,16470114304
3,4466.997,grad,16469655552
3,4468.256,grad,16469197312
3,4469.516,grad,16469655552
3,4470.762,grad,16469197312
3,4472.007,grad,16469196800
3,4473.313,grad,16469198848
3,4474.562,grad,16469656064
3,4475.816,grad,16469656064
3,4477.094,grad,16469196800
3,4478.365,grad,16469655552
3,4479.697,grad,16469196800
3,4481.1,grad,16469198848
3,4482.356,grad,16469199360
3,4483.619,grad,16469656064
3,4484.919,grad,16469262848
3,4486.209,grad,16469198848
3,4487.446,grad,16469656064
3,4488.677,grad,16469721088
3,4489.932,grad,16469196800
3,4491.2,grad,16469656064
3,4492.453,grad,16469197312
3,4493.703,grad,16469196800
3,4495.013,grad,16469198848
3,4496.254,grad,16469656064
3,4497.483,grad,16469721088
3,4498.713,grad,16469196800
3,4499.993,grad,16469655552
3,4501.257,grad,16469196800
3,4502.522,grad,16469198848
3,4503.77,grad,16469263360
3,4505.055,grad,16472315392
3,4506.325,grad,16475165184
3,4507.571,grad,16480048128
3,4508.871,grad,16481095680
3,4510.11,grad,16487354880
3,4511.346,grad,16490467328
3,4512.583,grad,16495186432
3,4513.902,grad,16499905536
3,4515.202,grad,16503541760
3,4516.438,grad,16509343232
3,4517.718,grad,16510849024
3,4518.976,grad,16517107712
3,4520.264,grad,16520581120
3,4521.5,grad,16526152192
3,4522.794,grad,16529757184
3,4524.127,grad,16532836352
3,4525.389,grad,16537032192
3,4526.637,grad,16538963968
3,4527.892,grad,16543551488
3,4529.168,grad,16545453056
3,4530.403,grad,16549122048
3,4531.67,grad,16551743488
3,4532.92,grad,16555806720
3,4534.252,grad,16559017984
3,4535.533,grad,16562098688
3,4536.814,grad,16566685696
3,4538.048,grad,16567439360
3,4539.302,grad,16572321792
3,4540.557,grad,16574943232
3,4541.786,grad,16579006464
3,4543.064,grad,16582217728
3,4544.335,grad,16585298432
3,4545.612,grad,16589885952
3,4546.945,grad,16590639104
3,4548.228,grad,16595292160
3,4549.524,grad,16597848064
3,4550.849,grad,16601453056
3,4552.171,grad,16605058048
3,4553.458,grad,16608137216
3,4554.758,grad,16612265984
3,4556.013,grad,16614133760
3,4557.276,grad,16618852864
3,4558.559,grad,16620819456
3,4559.753,grad,16624422912
3,4561.072,grad,16627044864
3,4562.358,grad,16630419968
3,4563.624,grad,16634023936
3,4564.893,grad,16636874752
3,4566.167,grad,16641363968
3,4567.396,grad,16643232256
3,4568.629,grad,16642828288
3,4569.873,grad,16642866688
3,4571.365,grad,16642906624
3,4572.612,grad,16642946048
3,4573.869,grad,16642985472
3,4575.122,grad,16561802752
3,4576.361,grad,16369978880
3,4577.608,grad,16326954496
3,4578.853,grad,16362999296
3,4580.089,grad,16397143552
3,4581.338,grad,16430042624
3,4582.566,grad,16464186880
3,4583.77,grad,16428502528
3,4585.022,grad,16304999936
3,4586.265,grad,16167570944
3,4587.498,grad,16141639168
3,4593.753,grad,16141581824
3,4600.142,grad,16141590016
3,4606.49,grad,16141590016
3,4612.861,grad,16141590016
3,4617.141,grad,16141590016
3,4618.43,grad,16149067264
3,4621.381,grad,16156536320
3,4622.822,grad,16165973504
3,4624.166,grad,16181817856
3,4625.57,grad,16217539072
3,4626.823,grad,16442982912
3,4628.058,grad,16465072640
3,4630.15,grad,16457732608
3,4631.401,grad,16467169792
3,4632.648,grad,16491795968
3,4633.894,grad,16520177152
3,4635.151,grad,16743654912
3,4636.384,grad,16743720448
3,4638.498,grad,16751064576
3,4639.75,grad,16760501760
3,4641.021,grad,16783686144
3,4642.255,grad,16850864640
3,4643.481,grad,17113139712
3,4644.741,grad,17035622912
3,4646.666,grad,17042954752
3,4648.11,grad,17052391936
3,4649.365,grad,17075576320
3,4650.598,grad,17103957504
3,4651.843,grad,17327435264
3,4653.073,grad,17342180864
3,4655.158,grad,17334844928
3,4656.419,grad,17344282112
3,4657.663,grad,17367466496
3,4658.903,grad,17434644992
3,4660.139,grad,17696920064
3,4661.365,grad,17634079232
3,4663.257,grad,17626735104
3,4664.54,grad,17636172288
3,4665.808,grad,17659356672
3,4667.053,grad,17726535168
3,4668.293,grad,17988810240
3,4669.523,grad,17925969408
3,4671.445,grad,17918625280
3,4672.705,grad,17928062464
3,4673.965,grad,17951246848
3,4675.244,grad,18018425344
3,4676.532,grad,18164308480
3,4677.794,grad,18217859584
3,4679.645,grad,18210515456
3,4681.175,grad,18219952640
3,4682.463,grad,18243137024
3,4683.739,grad,18271518208
3,4685.018,grad,18572590592
3,4686.29,grad,18495069696
3,4688.176,grad,18502405632
3,4689.561,grad,18511842816
3,4690.87,grad,18535027200
3,4692.139,grad,18602205696
3,4693.373,grad,18786886144
3,4694.608,grad,18801639936
3,4696.476,grad,18794295808
3,4697.737,grad,18803732992
3,4698.98,grad,18841597440
3,4700.218,grad,18908841472
3,4701.45,grad,19039979008
3,4704.207,grad,19086185984
3,4705.469,grad,19095623168
3,4706.721,grad,19118807552
3,4707.964,grad,19185986048
3,4709.198,grad,19331869184
3,4710.426,grad,19392760320
3,4712.224,grad,19378076160
3,4713.474,grad,19387513344
3,4714.736,grad,19410697728
3,4716.015,grad,19477876224
3,4717.253,grad,19623759360
3,4718.482,grad,19684650496
3,4720.275,grad,19669966336
3,4721.553,grad,19679403520
3,4722.824,grad,19717267968
3,4724.062,grad,19769766400
3,4725.356,grad,20032041472
3,4726.612,grad,19954520576
3,4728.551,grad,19961856512
3,4729.973,grad,19971293696
3,4731.245,grad,19994478080
3,4732.498,grad,20022859264
3,4733.733,grad,20246337024
3,4734.98,grad,20246402560
3,4737.13,grad,20253746688
3,4738.388,grad,20263183872
3,4739.632,grad,20286368256
3,4740.871,grad,20314749440
3,4742.131,grad,20538227200
3,4743.36,grad,20538296832
3,4745.43,grad,20545636864
3,4746.696,grad,20555074048
3,4747.971,grad,20578258432
3,4749.205,grad,20645436928
3,4750.465,grad,20907712000
3,4751.691,grad,20830195200
3,4753.629,grad,20837527040
3,4754.901,grad,20846964224
3,4756.19,grad,20870148608
3,4757.436,grad,20898529792
3,4758.706,grad,21122007552
3,4759.956,grad,21136757248
3,4762.033,grad,21129417216
3,4763.305,grad,21138854400
3,4764.577,grad,21162038784
3,4765.86,grad,21190419968
3,4767.142,grad,21413897728
3,4768.385,grad,21428647424
3,4770.546,grad,21421307392
3,4771.996,grad,21430744576
3,4773.266,grad,21446588928
3,4774.504,grad,21496994304
3,4775.796,grad,21613447680
3,4777.043,grad,21781350912
3,4779.437,grad,21713197568
3,4780.692,grad,21722634752
3,4781.955,grad,21738479104
3,4783.289,grad,21774200320
3,4784.542,grad,21920083456
3,4785.801,grad,22005083648
3,4788.091,grad,22005087744
3,4789.366,grad,22014524928
3,4790.621,grad,22037709312
3,4791.873,grad,22066090496
3,4793.125,grad,22289568256
3,4794.36,grad,22289633792
3,4796.633,grad,22296977920
3,4797.907,grad,22306415104
3,4799.158,grad,22329599488
3,4800.389,grad,22357980672
3,4801.616,grad,22503863808
3,4802.872,grad,22566843904
3,4805.161,grad,22588868096
3,4806.424,grad,22598305280
3,4807.696,grad,22621489664
3,4808.955,grad,22649870848
3,4810.196,grad,22795753984
3,4811.446,grad,22873414144
3,4813.609,grad,22880758272
3,4815.184,grad,22890195456
3,4816.455,grad,22906039808
3,4817.8,grad,22941761024
3,4819.051,grad,23165238784
3,4820.316,grad,23165304320
3,4822.477,grad,23172648448
3,4823.745,grad,23182085632
3,4825.017,grad,23197929984
3,4826.387,grad,23233651200
3,4827.639,grad,23457128960
3,4828.882,grad,23457194496
3,4831.024,grad,23464538624
3,4832.288,grad,23473975808
3,4833.548,grad,23497160192
3,4834.839,grad,23525541376
3,4836.076,grad,23671424512
3,4837.326,grad,23749084672
3,4839.486,grad,23756428800
3,4840.746,grad,23765865984
3,4841.999,grad,23781710336
3,4843.321,grad,23817431552
3,4844.555,grad,24040909312
3,4845.84,grad,24026294784
3,4848.027,grad,24048318976
3,4849.28,grad,24057756160
3,4850.522,grad,24073600512
3,4851.838,grad,24109321728
3,4853.069,grad,24332799488
3,4854.31,grad,24332865024
3,4855.563,grad,25882670080
3,4858.342,grad,25252467712
3,4859.612,grad,24941041152
3,4860.874,grad,24941041152
3,4862.119,grad,24941041152
3,4863.346,grad,24941041152
3,4864.575,grad,24332861952
3,4865.825,grad,24398717440
3,4867.073,grad,24239661568
3,4868.303,grad,24142864896
3,4869.539,grad,24104587776
3,4870.778,grad,24095478272
3,4872.702,grad,24060759552
3,4873.95,grad,24078978560
3,4875.932,grad,24055877120
3,4877.202,grad,24060628480
3,4878.437,grad,24041422336
3,4879.668,grad,23920508416
3,4880.915,grad,23823711744
3,4882.226,grad,23809945088
3,4883.464,grad,23782500864
3,4885.174,grad,23780403712
3,4886.416,grad,23799212544
3,4887.96,grad,23775521280
3,4889.213,grad,23780284928
3,4890.447,grad,23761066496
3,4891.687,grad,23678949888
3,4892.946,grad,23543355904
3,4894.185,grad,23529130496
3,4895.419,grad,23501096448
3,4897.151,grad,23500047872
3,4898.464,grad,23518922240
3,4899.999,grad,23495165440
3,4901.237,grad,23499916800
3,4902.467,grad,23480710656
3,4903.695,grad,23352456704
3,4904.935,grad,23263000064
3,4906.221,grad,23249233408
3,4907.468,grad,23221789184
3,4909.112,grad,23219692032
3,4910.356,grad,23238435328
3,4912.099,grad,23214809600
3,4913.358,grad,23219560960
3,4914.597,grad,23239152128
3,4915.853,grad,23118238208
3,4917.102,grad,22982644224
3,4918.344,grad,22968418816
3,4919.61,grad,22940384768
3,4921.416,grad,22939336192
3,4922.701,grad,22958145024
3,4924.272,grad,22934453760
3,4925.527,grad,22939213312
3,4926.76,grad,22919998976
3,4928.007,grad,22837882368
3,4929.248,grad,22741085696
3,4930.499,grad,22702743040
3,4931.743,grad,22683213312
3,4932.978,grad,22666320384
3,4934.228,grad,22688864768
3,4935.716,grad,22653606400
3,4936.97,grad,22661437952
3,4938.224,grad,22658849280
3,4939.458,grad,22678440448
3,4940.703,grad,22550186496
3,4941.973,grad,22468069888
3,4943.214,grad,22407707136
3,4944.453,grad,22378624512
3,4945.712,grad,22385964544
3,4947.028,grad,22408508928
3,4948.426,grad,22373250560
3,4949.689,grad,22381082112
3,4951.755,grad,22378493440
3,4953.02,grad,22320555520
3,4954.271,grad,22277236224
3,4955.508,grad,22149047808
3,4956.759,grad,22127482368
3,4958.005,grad,22099448320
3,4959.763,grad,22098399744
3,4961.007,grad,22117601792
3,4962.567,grad,22093517312
3,4963.835,grad,22098272768
3,4965.09,grad,22079062528
3,4966.326,grad,21989999104
3,4967.586,grad,21869085184
3,4968.886,grad,21847519744
3,4970.143,grad,21852885504
3,4971.399,grad,21818437120
3,4972.646,grad,21847862784
3,4973.928,grad,21820403200
3,4975.345,grad,21813554688
3,4976.635,grad,21818306048
3,4977.97,grad,21799099904
3,4979.217,grad,21709643264
3,4980.451,grad,21588729344
3,4981.793,grad,21567622656
3,4983.04,grad,21540178432
3,4984.649,grad,21538081280
3,4985.916,grad,21556824576
3,4987.519,grad,21533198848
3,4988.776,grad,21537950208
3,4990.069,grad,21518809600
3,4991.303,grad,21436692992
3,4992.548,grad,21354576384
3,4993.852,grad,21301553664
3,4995.114,grad,21282023936
3,4997.061,grad,21257790976
3,4998.395,grad,21276665344
3,4999.855,grad,21252908544
3,5001.104,grad,21257672192
3,5002.34,grad,21238453760
3,5003.578,grad,21148997120
3,5004.821,grad,21066946048
3,5006.081,grad,21021328896
3,5007.339,grad,20993345024
3,5009.274,grad,20977500672
3,5010.527,grad,20996309504
3,5012.162,grad,20972618240
3,5013.397,grad,20977369600
3,5014.641,grad,20919366144
3,5015.886,grad,20837249536
3,5017.124,grad,20786655744
3,5018.371,grad,20726292992
3,5019.61,grad,20698258944
3,5021.427,grad,20697210368
3,5022.777,grad,20716084736
3,5024.329,grad,20692327936
3,5025.59,grad,20697079296
3,5026.865,grad,20675513856
3,5028.134,grad,20595822080
3,5029.388,grad,20513705472
3,5030.751,grad,20460682752
3,5031.997,grad,20441210368
3,5033.234,grad,20424260096
3,5034.467,grad,20446870016
3,5035.801,grad,20411546112
3,5037.069,grad,20419377664
3,5038.332,grad,20446145024
3,5039.578,grad,20390242816
3,5040.821,grad,20284008960
3,5042.054,grad,20194617856
3,5043.365,grad,20166171136
3,5044.603,grad,20138726912
3,5046.255,grad,20136629760
3,5047.589,grad,20155438592
3,5049.196,grad,20131747328
3,5050.447,grad,20136510976
3,5051.693,grad,20117292544
3,5052.936,grad,20042515968
3,5054.169,grad,19938444800
3,5055.403,grad,19885487616
3,5056.641,grad,19856339456
3,5058.466,grad,19856339456
3,5059.787,grad,19875213824
3,5061.258,grad,19851457024
3,5062.493,grad,19863548416
3,5063.813,grad,19837067776
3,5065.07,grad,19754885632
3,5066.307,grad,19658154496
3,5067.549,grad,19619877376
3,5068.831,grad,19584553472
3,5070.663,grad,19576049152
3,5071.927,grad,19594857984
3,5073.457,grad,19571166720
3,5074.703,grad,19575930368
3,5075.948,grad,19595509248
3,5077.179,grad,19474595328
3,5078.412,grad,19346406912
3,5079.663,grad,19324841472
3,5080.906,grad,19296807424
3,5082.676,grad,19295758848
3,5083.921,grad,19314567680
3,5085.427,grad,19290876416
3,5086.668,grad,19295631872
3,5087.913,grad,19276421632
3,5089.155,grad,19186964992
3,5090.39,grad,19104913920
3,5091.619,grad,19044551168
3,5092.86,grad,19015468544
3,5094.702,grad,19015468544
3,5096.025,grad,19034342912
3,5097.434,grad,19010586112
3,5098.694,grad,19022677504
3,5099.993,grad,18996196864
3,5101.316,grad,18914080256
3,5102.574,grad,18846643712
3,5103.831,grad,18793162240
3,5105.082,grad,18765760000
3,5106.319,grad,18749858304
3,5107.569,grad,18749858304
3,5108.907,grad,18754052608
3,5110.345,grad,18730295808
3,5111.582,grad,18735059456
3,5112.827,grad,18715841024
3,5114.064,grad,18633724416
3,5115.296,grad,18536993280
3,5116.524,grad,18498716160
3,5117.763,grad,18462228992
3,5119.686,grad,18454887936
3,5121.001,grad,18473762304
3,5122.474,grad,18450005504
3,5123.713,grad,18454773248
3,5124.976,grad,18474348032
3,5126.244,grad,18353434112
3,5127.491,grad,18217905664
3,5128.758,grad,18203680256
3,5130.006,grad,18175646208
3,5131.771,grad,18174597632
3,5133.046,grad,18193406464
3,5134.661,grad,18169715200
3,5135.916,grad,18181806592
3,5137.187,grad,18155325952
3,5138.424,grad,18073143808
3,5139.677,grad,17983752704
3,5140.93,grad,17938070016
3,5142.173,grad,17918540288
3,5144.21,grad,17894307328
3,5145.456,grad,17913116160
3,5147.043,grad,17889424896
3,5148.293,grad,17894176256
3,5149.541,grad,17836172800
3,5150.776,grad,17754056192
3,5152.005,grad,17664665088
3,5153.354,grad,17643558400
3,5154.667,grad,17615589888
3,5156.464,grad,17614017024
3,5157.817,grad,17632956928
3,5159.299,grad,17609134592
3,5160.554,grad,17613894144
3,5161.747,grad,17672339968
3,5162.983,grad,17512563200
3,5164.223,grad,17437852160
3,5165.562,grad,17377489408
3,5166.817,grad,17367396864
3,5168.093,grad,17333726720
3,5169.382,grad,17363152384
3,5170.952,grad,17328352768
3,5172.204,grad,17336184320
3,5173.657,grad,17333595648
3,5174.921,grad,17314389504
3,5176.162,grad,17224932864
3,5177.403,grad,17104084480
3,5178.647,grad,17082519040
3,5179.927,grad,17053436416
3,5181.756,grad,17053436416
3,5182.999,grad,17072245248
3,5184.538,grad,17048553984
3,5185.782,grad,17053317632
3,5187.034,grad,17072896512
3,5188.274,grad,16951982592
3,5189.525,grad,16823794176
3,5190.769,grad,16802228736
3,5192.0,grad,16772752896
3,5193.777,grad,16771704320
3,5195.053,grad,16790939136
3,5196.627,grad,16766821888
3,5197.873,grad,16771573248
3,5199.108,grad,16752367104
3,5200.353,grad,16632337920
3,5201.582,grad,16547436032
3,5202.884,grad,16511649280
3,5204.116,grad,16484565504
3,5205.923,grad,16481845760
3,5207.165,grad,16501080576
3,5208.785,grad,16476963328
3,5210.04,grad,16467034624
3,5211.278,grad,16467034624
3,5212.507,grad,16467034624
3,5214.318,grad,16467034112
3,5216.235,grad,16467034112
3,5217.528,grad,16467034112
3,5218.84,grad,16467034112
3,5220.093,grad,16467034112
3,5223.903,grad,16467034112
3,5225.151,grad,16467034624
3,5227.429,grad,16467034112
3,5228.719,grad,16467101184
3,5229.994,grad,16467036160
3,5231.271,grad,16467494400
3,5232.503,grad,16467036160
3,5233.741,grad,16467037696
3,5235.018,grad,16467494400
3,5236.25,grad,16467036160
3,5237.511,grad,16467037696
3,5238.757,grad,16467037696
3,5240.003,grad,16467494400
3,5241.233,grad,16467559936
3,5242.459,grad,16467038208
3,5243.69,grad,16467494912
3,5244.927,grad,16467035648
3,5246.162,grad,16467037696
3,5247.413,grad,16467038208
3,5248.688,grad,16467494400
3,5249.977,grad,16467101184
3,5251.259,grad,16467037696
3,5252.532,grad,16467101184
3,5253.766,grad,16467494400
3,5255.004,grad,16467496448
3,5256.235,grad,16467035648
3,5257.461,grad,16467953152
3,5258.704,grad,16467035648
3,5260.033,grad,16467035648
3,5261.351,grad,16467037696
3,5262.585,grad,16467494912
3,5263.858,grad,16467559936
3,5265.12,grad,16467036160
3,5266.355,grad,16467494912
3,5267.624,grad,16467035648
3,5268.873,grad,16467038208
3,5270.194,grad,16467035648
3,5271.459,grad,16467494912
3,5272.698,grad,16467035648
3,5273.94,grad,16467037696
3,5275.216,grad,16467101184
3,5276.453,grad,16467494912
3,5277.708,grad,16468250624
3,5278.953,grad,16471693312
3,5280.206,grad,16474248704
3,5281.445,grad,16478148096
3,5282.682,grad,16482376192
3,5283.924,grad,16486012928
3,5285.194,grad,16491813376
3,5286.452,grad,16493319680
3,5287.748,grad,16499578368
3,5288.987,grad,16502462976
3,5290.247,grad,16507181056
3,5291.496,grad,16510359040
3,5292.734,grad,16515307008
3,5294.025,grad,16519567872
3,5295.261,grad,16523433472
3,5296.49,grad,16527955968
3,5297.734,grad,16532313600
3,5298.972,grad,16535985152
3,5300.252,grad,16537851392
3,5301.548,grad,16542438912
3,5302.79,grad,16543258112
3,5304.071,grad,16547911168
3,5305.307,grad,16550239232
3,5306.589,grad,16553842688
3,5307.859,grad,16556234240
3,5309.114,grad,16559904256
3,5310.407,grad,16563509760
3,5311.665,grad,16566359552
3,5312.907,grad,16569505792
3,5314.141,grad,16572880384
3,5315.371,grad,16576551424
3,5316.626,grad,16578057728
3,5317.865,grad,16583136768
3,5319.158,grad,16585038336
3,5320.444,grad,16588641792
3,5321.707,grad,16591033856
3,5322.95,grad,16594704384
3,5324.227,grad,16598309376
3,5325.499,grad,16601389056
3,5326.795,grad,16606469120
3,5328.089,grad,16608335360
3,5329.33,grad,16612922880
3,5330.582,grad,16613742592
3,5331.845,grad,16618330112
3,5333.102,grad,16620886528
3,5334.335,grad,16624261120
3,5335.625,grad,16626882048
3,5336.929,grad,16631076352
3,5338.224,grad,16634222080
3,5339.52,grad,16637302272
3,5340.775,grad,16641661440
3,5342.08,grad,16642708992
3,5343.344,grad,16642669056
3,5344.582,grad,16642705408
3,5345.849,grad,16642742272
3,5347.414,grad,16642778624
3,5348.682,grad,16642816512
3,5349.941,grad,16606663680
3,5351.206,grad,16432600064
3,5352.481,grad,16317387776
3,5353.735,grad,16347632640
3,5354.98,grad,16380204032
3,5356.213,grad,16414610432
3,5357.441,grad,16447902720
3,5358.701,grad,16480113664
3,5359.949,grad,16356905984
3,5361.207,grad,16219706368
3,5362.479,grad,16140476928
3,5369.045,grad,16140338176
3,5375.428,grad,16140342272
3,5381.777,grad,16140342272
3,5388.122,grad,16140342272
3,5392.457,grad,16140342272
3,5393.735,grad,16145034240
3,5396.691,grad,16148833280
3,5398.024,grad,16153551872
3,5399.323,grad,16161474560
3,5400.666,grad,16179335168
3,5401.947,grad,16293007360
3,5403.195,grad,16304052224
3,5405.307,grad,16300382208
3,5406.568,grad,16305100800
3,5407.849,grad,16316693504
3,5409.09,grad,16330884096
3,5410.338,grad,16442622976
3,5411.584,grad,16443184128
3,5413.608,grad,16446852096
3,5414.877,grad,16451570688
3,5416.13,grad,16463163392
3,5417.396,grad,16497801216
3,5418.679,grad,16590141440
3,5419.96,grad,16597518336
3,5421.914,grad,16593846272
3,5423.361,grad,16598564864
3,5424.618,grad,16610157568
3,5425.878,grad,16643746816
3,5427.136,grad,16737135616
3,5428.368,grad,16736125952
3,5430.337,grad,16739791872
3,5431.641,grad,16744510464
3,5432.914,grad,16757151744
3,5434.149,grad,16771342336
3,5435.404,grad,16883081216
3,5436.642,grad,16884166656
3,5438.63,grad,16887834624
3,5439.899,grad,16892553216
3,5441.176,grad,16904145920
3,5442.422,grad,16937735168
3,5443.68,grad,17010676736
3,5444.922,grad,17030112256
3,5446.832,grad,17033780224
3,5448.102,grad,17038498816
3,5449.349,grad,17050091520
3,5450.584,grad,17083680768
3,5451.856,grad,17214818304
3,5453.093,grad,17183397888
3,5455.005,grad,17179725824
3,5456.257,grad,17184444416
3,5457.5,grad,17197085696
3,5458.738,grad,17230674944
3,5459.968,grad,17361812480
3,5461.238,grad,17330392064
3,5463.112,grad,17326720000
3,5464.492,grad,17331438592
3,5465.773,grad,17344079872
3,5467.01,grad,17378717696
3,5468.247,grad,17509855232
3,5469.476,grad,17478434816
3,5471.417,grad,17474762752
3,5472.704,grad,17479481344
3,5473.966,grad,17500511232
3,5475.203,grad,17525711872
3,5476.437,grad,17657897984
3,5477.673,grad,17620186112
3,5479.574,grad,17623854080
3,5480.842,grad,17628572672
3,5482.099,grad,17649602560
3,5483.333,grad,17675851776
3,5484.564,grad,17768192000
3,5485.824,grad,17775568896
3,5487.663,grad,17771896832
3,5488.923,grad,17776615424
3,5490.164,grad,17797645312
3,5491.394,grad,17831234560
3,5492.641,grad,17877437440
3,5493.884,grad,17927281664
3,5495.716,grad,17919939584
3,5496.971,grad,17924658176
3,5498.213,grad,17944639488
3,5499.446,grad,17971937280
3,5500.712,grad,18044878848
3,5502.007,grad,18070605824
3,5503.917,grad,18066933760
3,5505.271,grad,18071652352
3,5506.531,grad,18084293632
3,5507.787,grad,18098484224
3,5509.025,grad,18211271680
3,5510.278,grad,18211310592
3,5512.194,grad,18214976512
3,5513.453,grad,18219695104
3,5514.702,grad,18238627840
3,5515.951,grad,18264877056
3,5517.181,grad,18396014592
3,5518.47,grad,18369312768
3,5520.396,grad,18361970688
3,5521.678,grad,18366689280
3,5522.997,grad,18378281984
3,5524.233,grad,18392472576
3,5525.482,grad,18504211456
3,5526.746,grad,18511584256
3,5528.812,grad,18507916288
3,5530.072,grad,18512634880
3,5531.336,grad,18524227584
3,5532.589,grad,18538418176
3,5533.854,grad,18650157056
3,5535.118,grad,18650189824
3,5537.236,grad,18653861888
3,5538.51,grad,18658580480
3,5539.76,grad,18671221760
3,5541.029,grad,18685412352
3,5542.281,grad,18758353920
3,5543.519,grad,18789843968
3,5545.721,grad,18800856064
3,5547.169,grad,18805574656
3,5548.428,grad,18814545920
3,5549.667,grad,18844467200
3,5550.946,grad,18906363904
3,5552.208,grad,18976684032
3,5554.546,grad,18948898816
3,5555.816,grad,18953617408
3,5557.062,grad,18962588672
3,5558.383,grad,18980449280
3,5559.615,grad,19093236736
3,5560.874,grad,19094318080
3,5563.098,grad,19097990144
3,5564.377,grad,19102708736
3,5565.676,grad,19111680000
3,5566.943,grad,19130589184
3,5568.187,grad,19203497984
3,5569.421,grad,19246030848
3,5571.775,grad,19246032896
3,5573.044,grad,19250751488
3,5574.293,grad,19259722752
3,5575.63,grad,19278631936
3,5576.873,grad,19351573504
3,5578.108,grad,19383063552
3,5580.301,grad,19394075648
3,5581.587,grad,19398794240
3,5582.903,grad,19411435520
3,5584.208,grad,19425626112
3,5585.445,grad,19499616256
3,5586.694,grad,19530057728
3,5588.91,grad,19541069824
3,5590.345,grad,19545788416
3,5591.619,grad,19554759680
3,5592.912,grad,19572622336
3,5594.182,grad,19646577664
3,5595.42,grad,19708509184
3,5597.767,grad,19689112576
3,5599.02,grad,19693831168
3,5600.271,grad,19701753856
3,5601.487,grad,19730626560
3,5602.841,grad,19792523264
3,5604.14,grad,19859173376
3,5606.539,grad,19836106752
3,5607.825,grad,19840825344
3,5609.074,grad,19848748032
3,5610.402,grad,19866608640
3,5611.643,grad,19978347520
3,5612.906,grad,19978380288
3,5615.082,grad,19982052352
3,5616.345,grad,19986770944
3,5617.594,grad,19994693632
3,5618.837,grad,20012556288
3,5620.072,grad,20085463040
3,5621.328,grad,20124325888
3,5623.639,grad,20127997952
3,5624.914,grad,20132716544
3,5626.167,grad,20141687808
3,5627.521,grad,20159548416
3,5628.759,grad,20232489984
3,5629.993,grad,20271320064
3,5631.235,grad,21046384640
3,5633.946,grad,20730235392
3,5635.196,grad,20574522368
3,5636.43,grad,20574522368
3,5637.662,grad,20574522368
3,5638.895,grad,20574522880
3,5640.129,grad,20270430208
3,5641.367,grad,20245098496
3,5642.607,grad,20204924928
3,5643.865,grad,20159377408
3,5645.16,grad,20149708800
3,5646.402,grad,20134937600
3,5648.098,grad,20133889024
3,5649.337,grad,20143293440
3,5651.095,grad,20131693568
3,5652.357,grad,20133823488
3,5653.611,grad,20123565056
3,5654.862,grad,20067990528
3,5656.127,grad,20016479232
3,5657.431,grad,20015821824
3,5658.733,grad,19994824704
3,5660.569,grad,19993939968
3,5661.847,grad,20003344384
3,5663.471,grad,19991744512
3,5664.751,grad,19993882624
3,5666.012,grad,19985025024
3,5667.258,grad,19944785920
3,5668.515,grad,19897272320
3,5669.778,grad,19878133760
3,5671.028,grad,19857628160
3,5672.878,grad,19856219136
3,5674.161,grad,19865590784
3,5675.823,grad,19854023680
3,5677.062,grad,19856153600
3,5678.295,grad,19846386688
3,5679.524,grad,19802543104
3,5680.758,grad,19750310912
3,5681.991,grad,19739757568
3,5683.238,grad,19718531072
3,5684.714,grad,19717646336
3,5685.964,grad,19727017984
3,5687.777,grad,19715450880
3,5689.033,grad,19717580800
3,5690.271,grad,19708862464
3,5691.505,grad,19663970304
3,5692.748,grad,19611738112
3,5693.998,grad,19593844736
3,5695.236,grad,19579433984
3,5696.811,grad,19578024960
3,5698.051,grad,19587429376
3,5699.568,grad,19575829504
3,5700.818,grad,19577961472
3,5702.072,grad,19549842432
3,5703.326,grad,19509668864
3,5704.575,grad,19461106688
3,5705.957,grad,19455108096
3,5707.21,grad,19440861184
3,5708.818,grad,19439288320
3,5710.059,grad,19448692736
3,5711.599,grad,19437092864
3,5712.858,grad,19439230976
3,5714.106,grad,19449018368
3,5715.341,grad,19390494720
3,5716.574,grad,19326367744
3,5717.813,grad,19315585024
3,5719.046,grad,19302353920
3,5720.656,grad,19299994624
3,5721.909,grad,19310447616
3,5723.434,grad,19297799168
3,5724.695,grad,19300977664
3,5725.959,grad,19289474048
3,5727.226,grad,19248415744
3,5728.466,grad,19212928000
3,5729.712,grad,19180813312
3,5730.984,grad,19156834304
3,5732.753,grad,19156834304
3,5734.008,grad,19166435328
3,5735.573,grad,19154638848
3,5736.824,grad,19156772864
3,5738.06,grad,19146117120
3,5739.291,grad,19101388800
3,5740.525,grad,19040768000
3,5741.76,grad,19029985280
3,5742.997,grad,19022841856
3,5744.246,grad,19015443456
3,5745.532,grad,19030385664
3,5747.032,grad,19011707904
3,5748.304,grad,19015869440
3,5749.546,grad,19030055936
3,5750.811,grad,19000171520
3,5752.045,grad,18921200640
3,5753.285,grad,18913336320
3,5754.535,grad,18895410176
3,5755.78,grad,18873167872
3,5757.329,grad,18871234560
3,5758.572,grad,18880638976
3,5760.136,grad,18869039104
3,5761.381,grad,18871169024
3,5762.654,grad,18861598720
3,5763.932,grad,18820573184
3,5765.184,grad,18772174848
3,5766.439,grad,18745663488
3,5767.684,grad,18732268544
3,5769.315,grad,18730073088
3,5770.554,grad,18739477504
3,5772.119,grad,18727877632
3,5773.361,grad,18730007552
3,5774.613,grad,18701202432
3,5775.861,grad,18660144128
3,5777.095,grad,18620822528
3,5778.328,grad,18605485056
3,5779.564,grad,18593138688
3,5781.225,grad,18590943232
3,5782.47,grad,18600347648
3,5784.012,grad,18588747776
3,5785.27,grad,18590877696
3,5786.504,grad,18561875968
3,5787.741,grad,18541101056
3,5788.972,grad,18476974080
3,5790.199,grad,18466191360
3,5791.427,grad,18453844992
3,5793.097,grad,18451649536
3,5794.355,grad,18461053952
3,5795.889,grad,18449454080
3,5797.163,grad,18453124096
3,5798.41,grad,18435853312
3,5799.654,grad,18438245376
3,5800.902,grad,18397187072
3,5802.134,grad,18337778688
3,5803.371,grad,18328077312
3,5804.618,grad,18324348928
3,5805.982,grad,18312454144
3,5807.323,grad,18321825792
3,5808.978,grad,18310258688
3,5810.219,grad,18312392704
3,5811.451,grad,18322184192
3,5812.685,grad,18260678656
3,5813.931,grad,18201106432
3,5815.184,grad,18185768960
3,5816.42,grad,18172374016
3,5818.141,grad,18170178560
3,5819.379,grad,18179582976
3,5820.886,grad,18167983104
3,5822.138,grad,18170113024
3,5823.395,grad,18160509952
3,5824.652,grad,18116666368
3,5825.938,grad,18054276096
3,5827.242,grad,18044607488
3,5828.486,grad,18030360576
3,5830.053,grad,18028787712
3,5831.315,grad,18038192128
3,5832.835,grad,18026592256
3,5834.077,grad,18028722176
3,5835.358,grad,18018267136
3,5836.595,grad,17977176064
3,5837.844,grad,17941032960
3,5839.145,grad,17910687744
3,5840.38,grad,17888805888
3,5842.228,grad,17887757312
3,5843.473,grad,17898210304
3,5845.066,grad,17885561856
3,5846.324,grad,17887697920
3,5847.573,grad,17877203968
3,5848.82,grad,17840864256
3,5850.051,grad,17795972096
3,5851.311,grad,17768576000
3,5852.543,grad,17744597504
3,5854.431,grad,17744596992
3,5855.795,grad,17754034176
3,5857.272,grad,17742401536
3,5858.524,grad,17744533504
3,5859.767,grad,17772709888
3,5861.006,grad,17692821504
3,5862.242,grad,17645340672
3,5863.483,grad,17626988544
3,5864.752,grad,17631141888
3,5866.01,grad,17603763200
3,5867.326,grad,17619229696
3,5868.86,grad,17600551936
3,5870.13,grad,17604713472
3,5871.607,grad,17610511360
3,5872.872,grad,17592521728
3,5874.112,grad,17532064768
3,5875.364,grad,17483699200
3,5876.685,grad,17475767296
3,5877.931,grad,17462044672
3,5879.548,grad,17459947520
3,5880.786,grad,17469351936
3,5882.302,grad,17457752064
3,5883.546,grad,17459881984
3,5884.818,grad,17430880256
3,5886.061,grad,17409220608
3,5887.293,grad,17345126400
3,5888.522,grad,17334343680
3,5889.76,grad,17319539712
3,5891.437,grad,17318753280
3,5892.685,grad,17328157696
3,5894.262,grad,17316557824
3,5895.516,grad,17318693888
3,5896.751,grad,17309084672
3,5897.981,grad,17271696384
3,5899.216,grad,17227000832
3,5900.474,grad,17200489472
3,5901.704,grad,17178607616
3,5903.507,grad,17178607616
3,5904.806,grad,17187979264
3,5906.551,grad,17180082176
3,5907.82,grad,17178542080
3,5909.165,grad,17168971776
3,5910.401,grad,17127880704
3,5911.631,grad,17079515136
3,5912.871,grad,17061425152
3,5914.108,grad,17038461952
3,5915.926,grad,17038461952
3,5917.171,grad,17047866368
3,5919.203,grad,17036266496
3,5920.486,grad,17038396416
3,5921.746,grad,17026565120
3,5923.094,grad,16986719232
3,5924.334,grad,16945660928
3,5925.65,grad,16919149568
3,5926.912,grad,16896219136
3,5928.75,grad,16896219136
3,5929.997,grad,16905590784
3,5931.571,grad,16894023680
3,5932.823,grad,16896161792
3,5934.067,grad,16886550528
3,5935.319,grad,16840773632
3,5936.561,grad,16800796672
3,5937.807,grad,16770615296
3,5939.042,grad,16756859904
3,5940.717,grad,16756073472
3,5941.988,grad,16765477888
3,5943.564,grad,16753878016
3,5944.89,grad,16756007936
3,5946.161,grad,16745225216
3,5947.446,grad,16704330752
3,5948.749,grad,16670776320
3,5949.991,grad,16636695552
3,5951.234,grad,16641897472
3,5952.467,grad,16615043072
3,5953.708,grad,16629985280
3,5955.122,grad,16612356096
3,5956.378,grad,16616517632
3,5957.615,grad,16630704128
3,5958.857,grad,16601180160
3,5960.087,grad,16560121856
3,5961.319,grad,16499664896
3,5962.545,grad,16489111552
3,5963.773,grad,16475388928
3,5965.36,grad,16474340352
3,5966.623,grad,16483744768
3,5968.208,grad,16472144896
3,5969.449,grad,16474274816
3,5970.684,grad,16445273088
3,5971.92,grad,16422597632
3,5973.154,grad,16361255936
3,5974.386,grad,16343133184
3,5975.63,grad,16329902080
3,5977.308,grad,16328329216
3,5978.637,grad,16337766400
3,5980.102,grad,16326133760
3,5981.335,grad,16320923648
3,5982.571,grad,16320923648
3,5983.805,grad,16320923648
3,5985.034,grad,16320923648
3,5987.627,grad,16320923136
3,5988.945,grad,16320923136
3,5990.249,grad,16320923136
3,5991.483,grad,16320923136
3,5995.236,grad,16320923136
3,5996.483,grad,16320923648
3,5998.694,grad,16320923136
3,5999.963,grad,16320957952
3,6001.28,grad,16320925696
3,6002.566,grad,16320957440
3,6003.802,grad,16321154048
3,6005.054,grad,16321155584
3,6006.314,grad,16320924672
3,6007.564,grad,16321154560
3,6008.816,grad,16320924672
3,6010.046,grad,16320925184
3,6011.278,grad,16320926208
3,6012.55,grad,16321154048
3,6013.784,grad,16320957440
3,6015.089,grad,16320924672
3,6016.38,grad,16320925696
3,6017.611,grad,16321154048
3,6018.86,grad,16321154048
3,6020.092,grad,16320925184
3,6021.371,grad,16321154560
3,6022.608,grad,16320924672
3,6023.847,grad,16320925184
3,6025.079,grad,16320926208
3,6026.333,grad,16321154048
3,6027.621,grad,16321154048
3,6028.928,grad,16320924672
3,6030.172,grad,16321154048
3,6031.451,grad,16320925184
3,6032.737,grad,16320925696
3,6033.994,grad,16320926208
3,6035.239,grad,16321154560
3,6036.481,grad,16321186816
3,6037.737,grad,16320926208
3,6038.965,grad,16321154560
3,6040.198,grad,16320925184
3,6041.424,grad,16320924672
3,6042.681,grad,16320926208
3,6043.92,grad,16321154560
3,6045.193,grad,16321154048
3,6046.463,grad,16320926208
3,6047.759,grad,16321154560
3,6049.016,grad,16320960000
3,6050.327,grad,16325581824
3,6051.602,grad,16328171008
3,6052.863,grad,16331807744
3,6054.097,grad,16334199808
3,6055.374,grad,16338066432
3,6056.672,grad,16341474304
3,6057.925,grad,16344095744
3,6059.166,grad,16348487680
3,6060.43,grad,16349961216
3,6061.661,grad,16354712576
3,6062.899,grad,16355728384
3,6064.133,grad,16360316416
3,6065.423,grad,16362904576
3,6066.781,grad,16366509056
3,6068.079,grad,16368901632
3,6069.361,grad,16372734976
3,6070.626,grad,16376111104
3,6071.865,grad,16378731520
3,6073.094,grad,16383156224
3,6074.323,grad,16384794112
3,6075.559,grad,16389381120
3,6076.828,grad,16390364160
3,6078.067,grad,16395247104
3,6079.297,grad,16397639168
3,6080.547,grad,16401472512
3,6081.785,grad,16404913664
3,6083.074,grad,16407763968
3,6084.307,grad,16412123136
3,6085.541,grad,16413793280
3,6086.789,grad,16418446336
3,6088.075,grad,16420609536
3,6089.326,grad,16424214016
3,6090.553,grad,16426835456
3,6091.779,grad,16430504960
3,6093.003,grad,16433881088
3,6094.319,grad,16436730880
3,6095.553,grad,16441155584
3,6096.811,grad,16442825728
3,6098.045,grad,16447380992
3,6099.28,grad,16449576960
3,6100.593,grad,16453245952
3,6101.837,grad,16455409664
3,6103.072,grad,16459013632
3,6104.31,grad,16461634560
3,6105.568,grad,16466419200
3,6106.84,grad,16469565440
3,6108.089,grad,16472415232
3,6109.327,grad,16475560960
3,6110.584,grad,16478411776
3,6111.84,grad,16482835968
3,6113.105,grad,16484080640
3,6114.357,grad,16484076032
3,6115.6,grad,16484114432
3,6116.985,grad,16484148224
3,6118.242,grad,16484187136
3,6119.481,grad,16484225536
3,6120.715,grad,16446167552
3,6121.964,grad,16324598272
3,6123.21,grad,16322796032
3,6124.471,grad,16359168512
3,6125.709,grad,16393148928
3,6126.983,grad,16426965504
3,6128.246,grad,16461634048
3,6129.484,grad,16408254976
3,6130.743,grad,16285833728
3,6131.998,grad,16157743616
3,6133.241,grad,16147422720
3,6134.651,grad,16147386368
3,6135.899,grad,16166150656
3,6137.158,grad,16195117568
3,6138.39,grad,16225591808
3,6139.62,grad,16256885248
3,6140.861,grad,16286179840
3,6142.092,grad,16301613568
3,6143.327,grad,16162611712
3,6144.608,grad,16132857856
3,6145.928,grad,16026558464
3,6147.32,noise,15977011200
3,6148.609,noise,15977011200
3,6149.854,noise,15977011200
3,6151.085,noise,15978518528
3,6152.346,noise,15978977280
3,6153.662,noise,15978977280
3,6154.953,noise,15981238272
3,6156.228,noise,15981238272
3,6157.55,noise,15983499264
3,6158.848,noise,15983990784
3,6160.124,noise,15984449536
3,6161.423,noise,15984941056
3,6162.673,noise,15984941056
3,6163.929,noise,15986153472
3,6165.188,noise,15986612224
3,6166.426,noise,15986612224
3,6167.671,noise,15988054016
3,6168.922,noise,15988054016
3,6170.183,noise,15990478848
3,6171.423,noise,15989528576
3,6172.664,noise,15989987328
3,6173.91,noise,15990446080
3,6175.146,noise,15990708224
3,6176.382,noise,15991920640
3,6177.622,noise,15992150016
3,6178.864,noise,15992379392
3,6180.09,noise,15993591808
3,6181.319,noise,15993821184
3,6182.555,noise,15993821184
3,6183.871,noise,15995262976
3,6185.115,noise,15995754496
3,6186.382,noise,15996442624
3,6187.626,noise,15996475392
3,6188.87,noise,15996475392
3,6190.123,noise,15997917184
3,6191.37,noise,15998146560
3,6192.627,noise,15998146560
3,6193.884,noise,15999653888
3,6195.122,noise,15999653888
3,6196.352,noise,16000866304
3,6197.592,noise,16001357824
3,6198.834,noise,16001816576
3,6200.067,noise,16002308096
3,6201.291,noise,16002308096
3,6202.516,noise,16003717120
3,6203.745,noise,16004175872
3,6204.966,noise,16004175872
3,6206.228,noise,16005847040
3,6207.543,noise,16005617664
3,6208.847,noise,16007682048
3,6210.084,noise,16008632320
3,6211.347,noise,16008861696
3,6212.588,noise,16009320448
3,6213.827,noise,16009123840
3,6215.065,noise,16010336256
3,6216.298,noise,16010795008
3,6217.54,noise,16010795008
3,6218.774,noise,16012007424
3,6220.005,noise,16013219840
3,6221.24,noise,16013219840
3,6222.467,noise,16014661632
3,6223.699,noise,16015153152
3,6224.945,noise,16015611904
3,6226.215,noise,16015874048
3,6227.511,noise,16015874048
3,6228.773,noise,16017774592
3,6230.045,noise,16017545216
3,6231.335,noise,16017545216
3,6232.57,noise,16018987008
3,6233.806,noise,16018987008
3,6235.048,noise,16020199424
3,6236.276,noise,16020690944
3,6237.514,noise,16021149696
3,6238.83,noise,16021641216
3,6240.073,noise,16021641216
3,6241.308,noise,16022853632
3,6242.558,noise,16023312384
3,6243.787,noise,16023312384
3,6245.018,noise,16024754176
3,6246.254,noise,16024754176
3,6247.495,noise,16027179008
3,6248.767,noise,16026228736
3,6250.054,noise,16026687488
3,6251.295,noise,16027146240
3,6252.528,noise,16027408384
3,6253.751,noise,16028620800
3,6254.984,noise,16028850176
3,6256.226,noise,16029079552
3,6257.504,noise,16030291968
3,6258.76,noise,16030521344
3,6259.996,noise,16030521344
3,6261.268,noise,16031963136
3,6262.516,noise,16032454656
3,6263.757,noise,16032913408
3,6264.986,noise,16033175552
3,6266.217,noise,16033175552
3,6267.462,noise,16034617344
3,6268.712,noise,16034846720
3,6269.961,noise,16034846720
3,6271.199,noise,16036288512
3,6272.434,noise,16036288512
3,6273.663,noise,16037500928
3,6274.919,noise,16037992448
3,6276.16,noise,16038451200
3,6277.395,noise,16038942720
3,6278.635,noise,16038942720
3,6279.876,noise,16040155136
3,6281.111,noise,16040613888
3,6282.339,noise,16040613888
3,6283.565,noise,16042055680
3,6284.747,noise,16042055680
3,6285.972,noise,16043268096
3,6287.208,noise,16043530240
3,6288.463,noise,16043988992
3,6289.711,noise,16044447744
3,6290.963,noise,16044709888
3,6292.213,noise,16045922304
3,6293.445,noise,16046151680
3,6294.685,noise,16046381056
3,6295.923,noise,16047593472
3,6297.163,noise,16047822848
3,6298.41,noise,16047822848
3,6299.687,noise,16049395712
3,6300.941,noise,16049887232
3,6302.182,noise,16050345984
3,6303.414,noise,16050608128
3,6304.644,noise,16050608128
3,6305.888,noise,16052049920
3,6307.128,noise,16052279296
3,6308.376,noise,16052279296
3,6309.625,noise,16053721088
3,6310.878,noise,16053721088
3,6312.126,noise,16054933504
3,6313.36,noise,16055425024
3,6314.592,noise,16055883776
3,6315.838,noise,16056375296
3,6317.065,noise,16056375296
3,6318.313,noise,16057587712
3,6319.555,noise,16058046464
3,6320.782,noise,16058046464
3,6322.005,noise,16059553792
3,6323.248,noise,16059553792
3,6324.478,noise,16061978624
3,6325.712,noise,16061028352
3,6326.975,noise,16061487104
3,6328.242,noise,16061945856
3,6329.49,noise,16062208000
3,6330.732,noise,16063420416
3,6331.957,noise,16063649792
3,6333.194,noise,16063879168
3,6334.418,noise,16065091584
3,6335.651,noise,16065320960
3,6336.892,noise,16065320960
3,6338.152,noise,16066762752
3,6339.393,noise,16067254272
3,6340.627,noise,16067713024
3,6341.888,noise,16067975168
3,6343.21,noise,16067975168
3,6344.468,noise,16069515264
3,6345.701,noise,16069744640
3,6346.944,noise,16070957056
3,6348.208,noise,16071186432
3,6349.47,noise,16071186432
3,6350.735,noise,16072628224
3,6351.982,noise,16072890368
3,6353.215,noise,16073349120
3,6354.452,noise,16073840640
3,6355.707,noise,16073840640
3,6356.973,noise,16075053056
3,6358.215,noise,16075511808
3,6359.459,noise,16075511808
3,6360.685,noise,16076953600
3,6361.929,noise,16076953600
3,6363.16,noise,16078166016
3,6364.394,noise,16078657536
3,6365.642,noise,16079116288
3,6366.893,noise,16079575040
3,6368.135,noise,16079837184
3,6369.381,noise,16081049600
3,6370.772,noise,16081278976
3,6372.052,noise,16081508352
3,6373.328,noise,16082720768
3,6374.641,noise,16082950144
3,6375.901,noise,16082950144
3,6377.16,noise,16084391936
3,6378.457,noise,16084654080
3,6379.719,noise,16085112832
3,6380.975,noise,16085604352
3,6382.202,noise,16085604352
3,6383.426,noise,16089241600
3,6384.654,noise,16087275520
3,6385.903,noise,16087275520
3,6387.232,noise,16088717312
3,6388.479,noise,16088946688
3,6389.733,noise,16090159104
3,6390.969,noise,16090421248
3,6392.223,noise,16090880000
3,6393.459,noise,16091338752
3,6394.714,noise,16091600896
3,6396.066,noise,16092813312
3,6397.326,noise,16093272064
3,6398.569,noise,16093272064
3,6399.819,noise,16095696896
3,6401.053,noise,16094713856
3,6402.289,noise,16094713856
3,6403.531,noise,16096155648
3,6404.766,noise,16096647168
3,6405.993,noise,16097105920
3,6407.238,noise,16097368064
3,6408.498,noise,16097368064
3,6409.755,noise,16098809856
3,6411.0,noise,16099268608
3,6412.245,noise,16099268608
3,6413.472,noise,16100710400
3,6414.707,noise,16100710400
3,6415.947,noise,16101922816
3,6417.183,noise,16102184960
3,6418.42,noise,16102643712
3,6419.673,noise,16103102464
3,6420.915,noise,16103364608
3,6422.148,noise,16104577024
3,6423.374,noise,16104806400
3,6424.605,noise,16105035776
3,6425.852,noise,16106248192
3,6427.101,noise,16106477568
3,6428.354,noise,16106477568
3,6429.601,noise,16108967936
3,6430.858,noise,16109459456
3,6432.092,noise,16109918208
3,6433.325,noise,16110180352
3,6434.555,noise,16110180352
3,6435.783,noise,16111622144
3,6437.009,noise,16111851520
3,6438.245,noise,16111851520
3,6439.49,noise,16113293312
3,6440.733,noise,16113293312
3,6441.992,noise,16114505728
3,6443.235,noise,16114997248
3,6444.486,noise,16115456000
3,6445.744,noise,16115947520
3,6446.995,noise,16115947520
3,6448.235,noise,16117159936
3,6449.48,noise,16117618688
3,6450.714,noise,16117618688
3,6451.951,noise,16119060480
3,6453.19,noise,16119060480
3,6454.419,noise,16120272896
3,6455.648,noise,16120535040
3,6456.884,noise,16120993792
3,6458.142,noise,16121681920
3,6459.394,noise,16121714688
3,6460.644,noise,16122927104
3,6461.886,noise,16123385856
3,6463.123,noise,16123385856
3,6464.367,noise,16124598272
3,6465.594,noise,16124827648
3,6466.828,noise,16124827648
3,6468.051,noise,16126728192
3,6469.307,noise,16126531584
3,6470.552,noise,16126990336
3,6471.746,noise,16127481856
3,6472.97,noise,16127481856
3,6474.199,noise,16128694272
3,6475.436,noise,16129153024
3,6476.657,noise,16129153024
3,6477.892,noise,16130594816
3,6479.133,noise,16130594816
3,6480.371,noise,16133019648
3,6481.6,noise,16132069376
3,6482.851,noise,16132528128
3,6484.114,noise,16133216256
3,6485.345,noise,16133249024
3,6486.568,noise,16134461440
3,6487.745,noise,16134690816
3,6488.976,noise,16134920192
3,6490.219,noise,16136132608
3,6491.473,noise,16136361984
3,6492.786,noise,16136361984
3,6494.049,noise,16137803776
3,6495.292,noise,16138295296
3,6496.599,noise,16138983424
3,6497.932,noise,16139016192
3,6499.18,noise,16139016192
3,6500.422,noise,16140457984
3,6501.683,noise,16140687360
3,6502.922,noise,16140687360
3,6504.161,noise,16142129152
3,6505.391,noise,16142129152
3,6506.629,noise,16143407104
3,6507.89,noise,16143898624
3,6509.406,noise,16144357376
3,6510.665,noise,16144128000
3,6511.914,noise,16038778880
3,6513.355,optimizer,15981664256
3,6514.623,optimizer,15984409600
3,6515.877,optimizer,15984960512
3,6517.113,optimizer,15986569728
3,6518.428,optimizer,15986641408
3,6519.707,optimizer,15987533824
3,6520.976,optimizer,15987994112
3,6522.235,optimizer,15990573056
3,6523.478,optimizer,15991096320
3,6524.715,optimizer,15993610752
3,6525.965,optimizer,15992941056
3,6527.242,optimizer,15993641472
3,6528.524,optimizer,15994165248
3,6529.807,optimizer,15996680704
3,6531.054,optimizer,15998213632
3,6532.285,optimizer,15999975936
3,6533.536,optimizer,15999091200
3,6534.769,optimizer,16000233984
3,6535.998,optimizer,16000299008
3,6537.257,optimizer,16001831936
3,6538.487,optimizer,16006772224
3,6539.719,optimizer,16006124544
3,6540.978,optimizer,16005225984
3,6542.217,optimizer,16006368256
3,6543.446,optimizer,16006434304
3,6544.678,optimizer,16008964608
3,6545.931,optimizer,16011694592
3,6547.187,optimizer,16012343808
3,6548.444,optimizer,16011459584
3,6549.677,optimizer,16012371968
3,6550.945,optimizer,16012666880
3,6552.188,optimizer,16015197696
3,6553.417,optimizer,16019140608
3,6554.645,optimizer,16018478592
3,6555.886,optimizer,16017592832
3,6557.125,optimizer,16018278400
3,6558.355,optimizer,16018804736
3,6559.592,optimizer,16021318656
3,6560.868,optimizer,16022850560
3,6562.119,optimizer,16024383488
3,6563.349,optimizer,16023777792
3,6564.577,optimizer,16024478720
3,6565.814,optimizer,16024967168
3,6567.043,optimizer,16027516928
3,6568.294,optimizer,16028067840
3,6569.529,optimizer,16030583296
3,6570.777,optimizer,16029748736
3,6572.027,optimizer,16030598656
3,6573.278,optimizer,16031102464
3,6574.546,optimizer,16033409024
3,6575.782,optimizer,16033372160
3,6577.014,optimizer,16035886080
3,6578.244,optimizer,16036081152
3,6579.477,optimizer,16036583936
3,6580.736,optimizer,16037286400
3,6581.972,optimizer,16038353920
3,6583.229,optimizer,16039114240
3,6584.48,optimizer,16041630720
3,6585.711,optimizer,16042180608
3,6586.963,optimizer,16042717184
3,6588.197,optimizer,16043193344
3,6589.431,optimizer,16043307520
3,6590.678,optimizer,16045234688
3,6591.938,optimizer,16047793152
3,6593.221,optimizer,16050331648
3,6594.454,optimizer,16048480768
3,6595.685,optimizer,16049133568
3,6596.926,optimizer,16049637376
3,6598.158,optimizer,16051943936
3,6599.39,optimizer,16052737024
3,6600.637,optimizer,16054270976
3,6601.889,optimizer,16054551552
3,6603.125,optimizer,16055039488
3,6604.356,optimizer,16055985664
3,6605.583,optimizer,16057050112
3,6606.822,optimizer,16057585152
3,6608.058,optimizer,16060330496
3,6609.291,optimizer,16060944384
3,6610.567,optimizer,16061239808
3,6611.821,optimizer,16061727744
3,6613.052,optimizer,16063023616
3,6614.281,optimizer,16063784960
3,6615.513,optimizer,16065317376
3,6616.741,optimizer,16067079680
3,6617.967,optimizer,16067401728
3,6619.219,optimizer,16067877376
3,6620.461,optimizer,16069190144
3,6621.699,optimizer,16069947392
3,6622.939,optimizer,16072436736
3,6624.175,optimizer,16073051136
3,6625.439,optimizer,16073573376
3,6626.711,optimizer,16073832448
3,6627.991,optimizer,16074063872
3,6629.405,optimizer,16074344960
3,6630.678,optimizer,16076104704
3,6631.935,optimizer,16078621184
3,6633.201,optimizer,16080168960
3,6634.486,optimizer,16079464960
3,6635.775,optimizer,16080641024
3,6637.026,optimizer,16080477184
3,6638.267,optimizer,16083222016
3,6639.503,optimizer,16085737984
3,6640.775,optimizer,16087860736
3,6642.019,optimizer,16085548032
3,6643.249,optimizer,16086220288
3,6644.502,optimizer,16087166464
3,6645.742,optimizer,16089272320
3,6646.972,optimizer,16089809408
3,6648.223,optimizer,16091342848
3,6649.449,optimizer,16091425280
3,6650.705,optimizer,16092339200
3,6651.964,optimizer,16092870656
3,6653.193,optimizer,16095183360
3,6654.421,optimizer,16094884352
3,6655.651,optimizer,16098841600
3,6656.893,optimizer,16098052096
3,6658.122,optimizer,16098540032
3,6659.352,optimizer,16099272192
3,6660.585,optimizer,16099143168
3,6661.87,optimizer,16101070336
3,6663.109,optimizer,16103614464
3,6664.359,optimizer,16105135104
3,6665.63,optimizer,16104659456
3,6666.947,optimizer,16105176064
3,6668.21,optimizer,16105442304
3,6669.469,optimizer,16107973120
3,6670.733,optimizer,16110703104
3,6671.988,optimizer,16112465408
3,6673.244,optimizer,16110367744
3,6674.501,optimizer,16111053824
3,6675.741,optimizer,16111541760
3,6676.971,optimizer,16115061248
3,6678.22,optimizer,16114826240
3,6679.446,optimizer,16116208640
3,6680.688,optimizer,16116292096
3,6681.964,optimizer,16117206016
3,6683.206,optimizer,16117710336
3,6684.464,optimizer,16121457664
3,6685.738,optimizer,16120811520
3,6686.975,optimizer,16123326464
3,6688.212,optimizer,16122656768
3,6689.442,optimizer,16123356672
3,6690.694,optimizer,16123880448
3,6691.968,optimizer,16126396928
3,6693.224,optimizer,16130353152
3,6694.458,optimizer,16129719296
3,6695.691,optimizer,16129001984
3,6696.942,optimizer,16129762304
3,6698.172,optimizer,16129817600
3,6699.399,optimizer,16131777024
3,6700.634,optimizer,16134308864
3,6701.901,optimizer,16135315456
3,6703.158,optimizer,16135380992
3,6704.389,optimizer,16136328192
3,6705.624,optimizer,16137241088
3,6706.887,optimizer,16137926144
3,6708.143,optimizer,16140898304
3,6709.372,optimizer,16141028864
3,6710.612,optimizer,16142203392
3,6711.881,optimizer,16142249472
3,6713.117,optimizer,16146980352
3,6714.347,optimizer,16145350144
3,6715.573,optimizer,16147865600
3,6716.81,optimizer,16147195392
3,6718.035,optimizer,16147895808
3,6719.26,optimizer,16148419584
3,6720.488,optimizer,16150935040
3,6721.736,optimizer,16154138112
3,6722.968,optimizer,16154244096
3,6724.197,optimizer,16153999872
3,6725.421,optimizer,16154274304
3,6726.677,optimizer,16154422272
3,6728.037,optimizer,16154390528
3,6729.323,optimizer,16154849280
3,6730.567,optimizer,16155307520
3,6731.835,optimizer,16154390528
3,6733.087,optimizer,16159239680
3,6734.317,optimizer,16154849280
3,6735.545,optimizer,16159239680
3,6736.771,optimizer,16155307520
3,6738.016,optimizer,16154390528
3,6739.24,optimizer,16154848768
3,6740.468,optimizer,16154521088
3,6741.714,optimizer,16154390016
3,6742.962,optimizer,16154848768
3,6744.191,optimizer,16154849280
3,6745.439,optimizer,16154848768
3,6746.678,optimizer,16154456064
3,6747.929,optimizer,16154390528
3,6749.158,optimizer,16154848768
3,6750.381,optimizer,16154848768
3,6751.642,optimizer,16154390016
3,6752.902,optimizer,16156814848
3,6754.13,optimizer,16156815360
3,6755.378,optimizer,16154848768
3,6756.609,optimizer,16156816384
3,6757.858,optimizer,16154390016
3,6759.095,optimizer,16154849280
3,6760.321,optimizer,16154390528
3,6761.552,optimizer,16155307520
3,6762.747,optimizer,16154848768
3,6763.976,optimizer,16154848768
3,6765.209,optimizer,16154390528
3,6766.478,optimizer,16154391040
3,6767.839,optimizer,16165433856
3,6769.072,optimizer,16179262464
3,6770.299,optimizer,16194401280
3,6771.541,optimizer,16208229376
3,6772.745,optimizer,16222908928
3,6773.979,optimizer,16237195776
3,6775.207,optimizer,16252105728
3,6776.433,optimizer,16266556416
3,6777.665,optimizer,16281465856
3,6778.9,optimizer,16295392256
3,6780.129,optimizer,16311317504
3,6781.361,optimizer,16273598976
3,6782.882,optimizer,16155895808
3,6784.16,optimizer,16177489920
3,6785.399,optimizer,16207210496
3,6786.656,optimizer,16238176256
3,6787.913,optimizer,16269109248
3,6789.146,optimizer,16300435456
3,6790.377,optimizer,16267929600
3,6791.642,optimizer,16154322944
3,6792.923,optimizer,16180635648
3,6794.167,optimizer,16211044352
3,6795.399,optimizer,16240961536
3,6796.634,optimizer,16271042560
3,6797.874,optimizer,16302598144
3,6799.101,optimizer,16260065280
3,6800.339,optimizer,16125913088
3,6801.578,optimizer,16009619456
3,6802.847,optimizer,15989708288
3,6804.096,optimizer,15986200064
3,6805.341,optimizer,15982785024
3,6806.691,optimizer,15982417920
3,6807.94,optimizer,15982417920
3,6809.169,optimizer,15982417920
3,6810.394,optimizer,15982417920
4,5.8,grad,15977142784
4,12.209,grad,15977150976
4,18.587,grad,15977150976
4,24.935,grad,15977150976
4,29.374,grad,15977150976
4,30.618,grad,15985512960
4,33.512,grad,15992982016
4,34.862,grad,16002419200
4,36.164,grad,16018263552
4,37.397,grad,16076926464
4,38.628,grad,16201768448
4,39.871,grad,16340311552
4,42.206,grad,16294178304
4,43.466,grad,16303615488
4,44.717,grad,16326799872
4,45.959,grad,16393978368
4,47.197,grad,16578658816
4,48.427,grad,16593408512
4,50.479,grad,16586068480
4,51.742,grad,16595505664
4,52.99,grad,16618690048
4,54.225,grad,16647071232
4,55.476,grad,16870548992
4,56.7,grad,16870614528
4,58.85,grad,16877958656
4,61.077,grad,16887395840
4,62.326,grad,16910580224
4,63.556,grad,16938961408
4,64.785,grad,17162439168
4,66.009,grad,17177188864
4,68.102,grad,17169848832
4,69.349,grad,17179286016
4,70.626,grad,17202470400
4,71.865,grad,17269648896
4,73.097,grad,17531923968
4,74.324,grad,17454407168
4,76.256,grad,17461739008
4,77.583,grad,17471176192
4,78.837,grad,17494360576
4,80.083,grad,17561539072
4,81.315,grad,17823814144
4,82.545,grad,17746293248
4,84.511,grad,17753629184
4,85.764,grad,17763066368
4,87.006,grad,17778910720
4,88.263,grad,17814631936
4,89.493,grad,18038109696
4,90.719,grad,18052859392
4,92.75,grad,18045519360
4,93.998,grad,18054956544
4,95.25,grad,18078140928
4,96.478,grad,18145319424
4,97.705,grad,18329999872
4,98.957,grad,18330069504
4,100.983,grad,18337409536
4,102.239,grad,18346846720
4,103.513,grad,18370031104
4,104.743,grad,18437209600
4,105.983,grad,18621890048
4,107.232,grad,18636639744
4,109.483,grad,18629299712
4,110.745,grad,18638736896
4,112.042,grad,18661921280
4,113.321,grad,18729099776
4,114.59,grad,18913780224
4,115.843,grad,18935874048
4,117.775,grad,18921189888
4,119.028,grad,18930627072
4,120.313,grad,18953811456
4,121.545,grad,19020989952
4,122.771,grad,19283265024
4,124.001,grad,19205744128
4,125.931,grad,19213080064
4,127.184,grad,19222517248
4,128.425,grad,19245701632
4,129.651,grad,19312880128
4,130.904,grad,19497560576
4,132.138,grad,19497638400
4,134.079,grad,19504970240
4,135.329,grad,19514407424
4,136.594,grad,19537591808
4,137.834,grad,19565972992
4,139.086,grad,19789450752
4,140.315,grad,19789520384
4,142.347,grad,19796860416
4,143.618,grad,19806297600
4,144.87,grad,19829481984
4,146.108,grad,19896660480
4,147.34,grad,20158935552
4,148.588,grad,20081410560
4,150.581,grad,20088750592
4,151.973,grad,20098187776
4,153.231,grad,20121372160
4,154.463,grad,20188550656
4,155.717,grad,20334433792
4,156.954,grad,20387984896
4,158.921,grad,20380640768
4,160.182,grad,20390077952
4,161.463,grad,20413262336
4,162.692,grad,20463667712
4,163.932,grad,20587461120
4,165.188,grad,20726004224
4,167.513,grad,20672530944
4,168.766,grad,20681968128
4,170.006,grad,20705152512
4,171.24,grad,20772331008
4,172.467,grad,21034606080
4,173.695,grad,20957085184
4,175.749,grad,20964421120
4,177.005,grad,20973858304
4,178.277,grad,20997042688
4,179.509,grad,21064221184
4,180.742,grad,21326496256
4,181.968,grad,21248975360
4,183.961,grad,21256311296
4,185.222,grad,21265748480
4,186.49,grad,21288932864
4,187.72,grad,21317314048
4,188.966,grad,21540791808
4,190.248,grad,21540861440
4,192.417,grad,21548201472
4,193.686,grad,21557638656
4,194.971,grad,21580823040
4,196.226,grad,21648001536
4,197.508,grad,21793884672
4,198.803,grad,21832759808
4,201.023,grad,21840091648
4,202.315,grad,21849528832
4,203.581,grad,21872713216
4,204.826,grad,21939891712
4,206.064,grad,22124572160
4,207.314,grad,22124645888
4,209.323,grad,22131981824
4,210.576,grad,22141419008
4,211.832,grad,22164603392
4,213.061,grad,22232830464
4,214.297,grad,22417510912
4,215.524,grad,22417588736
4,217.462,grad,22424920576
4,218.743,grad,22434357760
4,220.053,grad,22457542144
4,221.301,grad,22525769216
4,222.556,grad,22671652352
4,223.785,grad,22725203456
4,225.656,grad,22717859328
4,226.936,grad,22727296512
4,228.187,grad,22750480896
4,229.44,grad,22817659392
4,230.671,grad,23002339840
4,231.91,grad,23001364992
4,233.832,grad,23008700928
4,235.108,grad,23018138112
4,236.387,grad,23057051136
4,237.633,grad,23124229632
4,238.878,grad,23294230016
4,240.136,grad,23316323840
4,241.984,grad,23301639680
4,243.348,grad,23311076864
4,244.604,grad,23334261248
4,245.853,grad,23401439744
4,247.101,grad,23586120192
4,248.34,grad,23608214016
4,250.246,grad,23593529856
4,251.508,grad,23602967040
4,252.802,grad,23640831488
4,254.038,grad,23708009984
4,255.274,grad,23839213056
4,256.511,grad,23885424128
4,258.333,grad,23885420032
4,259.581,grad,23894857216
4,260.832,grad,23918041600
4,262.061,grad,23985220096
4,263.289,grad,24247495168
4,264.515,grad,24169974272
4,265.743,grad,25718898688
4,268.265,grad,25088684032
4,269.51,grad,24777257472
4,270.744,grad,24777257472
4,271.974,grad,24777257472
4,273.204,grad,24777257472
4,274.432,grad,24473161216
4,275.665,grad,24169594368
4,276.908,grad,24152358400
4,278.148,grad,23992581632
4,279.384,grad,23933038080
4,280.614,grad,23911869952
4,281.856,grad,23919094272
4,283.215,grad,23897074176
4,284.452,grad,23915883008
4,286.009,grad,23892191744
4,287.255,grad,23896951296
4,288.488,grad,23877704192
4,289.719,grad,23796570624
4,290.963,grad,23668316672
4,292.221,grad,23647701504
4,293.468,grad,23635446272
4,295.494,grad,23618553344
4,296.763,grad,23637755392
4,298.671,grad,23613670912
4,299.947,grad,23618434560
4,301.201,grad,23598331392
4,302.443,grad,23517099520
4,303.678,grad,23387960832
4,304.92,grad,23367280128
4,306.163,grad,23339246080
4,307.957,grad,23338197504
4,309.242,grad,23356547584
4,311.102,grad,23333315072
4,312.356,grad,23338078720
4,313.652,grad,23279178240
4,314.995,grad,23197946368
4,316.243,grad,23107604992
4,317.542,grad,23087383040
4,318.745,grad,23058365952
4,320.443,grad,23056793088
4,321.692,grad,23075601920
4,323.264,grad,23051910656
4,324.51,grad,23056678400
4,325.754,grad,23076417024
4,326.999,grad,22956387840
4,328.23,grad,22819909120
4,329.542,grad,22805978624
4,330.775,grad,22780107264
4,333.09,grad,22776437248
4,334.334,grad,22795180544
4,335.979,grad,22771554816
4,337.218,grad,22776318464
4,338.45,grad,22756215296
4,339.688,grad,22674098688
4,340.93,grad,22545844736
4,342.164,grad,22524279296
4,343.394,grad,22496245248
4,345.196,grad,22495196672
4,346.437,grad,22514005504
4,347.974,grad,22490314240
4,349.209,grad,22495065600
4,350.453,grad,22473500160
4,351.721,grad,22393808384
4,352.963,grad,22311626240
4,354.304,grad,22259488256
4,355.539,grad,22249395712
4,357.495,grad,22214676992
4,358.742,grad,22233485824
4,360.274,grad,22209794560
4,361.513,grad,22214562304
4,362.744,grad,22233252352
4,363.973,grad,22113223168
4,365.226,grad,21992309248
4,366.461,grad,21963403776
4,367.698,grad,21935369728
4,369.433,grad,21934321152
4,370.695,grad,21953129984
4,372.283,grad,21929438720
4,373.534,grad,21934206464
4,374.815,grad,21914099200
4,376.119,grad,21824642560
4,377.368,grad,21742525952
4,378.613,grad,21682163200
4,379.865,grad,21654129152
4,381.622,grad,21653080576
4,382.897,grad,21671889408
4,384.436,grad,21648198144
4,385.68,grad,21652949504
4,386.922,grad,21594946048
4,388.151,grad,21512829440
4,389.379,grad,21425043968
4,390.688,grad,21403937280
4,391.934,grad,21377017344
4,393.84,grad,21374395904
4,395.118,grad,21393204736
4,396.679,grad,21369513472
4,397.936,grad,21374273024
4,399.169,grad,21354173952
4,400.404,grad,21265569280
4,401.65,grad,21183452672
4,402.9,grad,21138720256
4,404.136,grad,21119124992
4,405.363,grad,21116912128
4,406.628,grad,21094892032
4,407.887,grad,21113635328
4,409.448,grad,21090009600
4,410.696,grad,21094777344
4,411.939,grad,21074670080
4,413.17,grad,20985213440
4,414.41,grad,20903096832
4,415.654,grad,20842734080
4,416.896,grad,20814700032
4,418.745,grad,20813651456
4,420.011,grad,20832460288
4,421.554,grad,20808769024
4,422.815,grad,20813532672
4,424.048,grad,20871974400
4,425.281,grad,20712197632
4,426.515,grad,20623625728
4,427.839,grad,20577943040
4,429.076,grad,20566801920
4,431.092,grad,20534180352
4,432.39,grad,20553054720
4,433.98,grad,20529297920
4,435.269,grad,20541389312
4,436.671,grad,20514023936
4,437.986,grad,20446587392
4,439.235,grad,20350609920
4,440.541,grad,20296702464
4,441.773,grad,20278581760
4,443.751,grad,20252939776
4,444.989,grad,20271748608
4,446.539,grad,20248057344
4,447.747,grad,20252816896
4,448.986,grad,20311262720
4,450.217,grad,20151485952
4,451.451,grad,20055639552
4,452.689,grad,20002616832
4,453.937,grad,19973534208
4,455.785,grad,19973534208
4,457.094,grad,19992408576
4,458.547,grad,19968651776
4,459.781,grad,19973415424
4,461.011,grad,19992109568
4,462.24,grad,19872080384
4,463.47,grad,19735667200
4,464.706,grad,19722326528
4,465.947,grad,19694816768
4,467.629,grad,19693243904
4,468.876,grad,19711987200
4,470.421,grad,19688361472
4,471.746,grad,19693121024
4,473.002,grad,19711819264
4,474.246,grad,19583565312
4,475.501,grad,19502398976
4,476.746,grad,19442036224
4,477.995,grad,19414526464
4,479.972,grad,19412953600
4,481.3,grad,19431827968
4,482.739,grad,19408071168
4,483.986,grad,19412838912
4,485.227,grad,19392731648
4,486.481,grad,19311499776
4,487.72,grad,19182426624
4,489.009,grad,19162204672
4,490.285,grad,19134236160
4,491.994,grad,19132663296
4,493.24,grad,19151472128
4,494.854,grad,19127780864
4,496.124,grad,19132532224
4,497.388,grad,19112441344
4,498.629,grad,19022984704
4,499.872,grad,18894796288
4,501.156,grad,18881914368
4,502.387,grad,18855518720
4,504.023,grad,18852372992
4,505.296,grad,18871116288
4,506.888,grad,18847490560
4,508.133,grad,18852241920
4,509.368,grad,18832151040
4,510.607,grad,18712121856
4,511.85,grad,18614505984
4,513.078,grad,18601624064
4,514.31,grad,18574179840
4,516.03,grad,18572082688
4,517.316,grad,18590957056
4,518.739,grad,18567200256
4,519.995,grad,18564611584
4,521.324,grad,18551926272
4,522.559,grad,18469744128
4,523.745,grad,18380353024
4,525.014,grad,18335555072
4,526.252,grad,18316025344
4,528.181,grad,18291792384
4,529.481,grad,18310666752
4,530.995,grad,18286909952
4,532.234,grad,18291661312
4,533.467,grad,18271570432
4,534.735,grad,18182113792
4,535.966,grad,18053925376
4,537.195,grad,18041043456
4,538.445,grad,18013599232
4,540.035,grad,18011502080
4,541.3,grad,18030704128
4,542.847,grad,18006619648
4,544.084,grad,18011371008
4,545.321,grad,17952482816
4,546.555,grad,17910048256
4,547.813,grad,17773635072
4,549.126,grad,17760753152
4,550.366,grad,17733833216
4,552.121,grad,17731211776
4,553.364,grad,17750020608
4,554.937,grad,17726329344
4,556.199,grad,17731092992
4,557.431,grad,17749787136
4,558.669,grad,17629757952
4,559.909,grad,17493344768
4,561.138,grad,17480004096
4,562.366,grad,17451970048
4,564.356,grad,17450921472
4,565.678,grad,17469795840
4,567.168,grad,17446039040
4,568.408,grad,17450790400
4,569.649,grad,17430699520
4,570.9,grad,17310670336
4,572.13,grad,17213054464
4,573.419,grad,17200172544
4,574.657,grad,17172728320
4,576.345,grad,17170631168
4,577.586,grad,17189472768
4,579.111,grad,17165748736
4,580.349,grad,17170500096
4,581.581,grad,17111611904
4,582.823,grad,17030380032
4,584.053,grad,16948328960
4,585.368,grad,16919882240
4,586.599,grad,16892962304
4,588.29,grad,16890340864
4,589.535,grad,16909182464
4,591.032,grad,16885458432
4,592.289,grad,16890217984
4,593.534,grad,16870118912
4,594.769,grad,16780662272
4,596.002,grad,16668038656
4,597.233,grad,16639133184
4,598.466,grad,16611099136
4,600.283,grad,16610050560
4,601.558,grad,16628826624
4,603.185,grad,16605168128
4,604.516,grad,16612393472
4,605.743,grad,16601690624
4,606.984,grad,16582488576
4,608.264,grad,16501813760
4,609.501,grad,16421593600
4,610.74,grad,16334365184
4,611.972,grad,16335003136
4,613.245,grad,16319307264
4,614.483,grad,16338148864
4,616.024,grad,16314424832
4,617.265,grad,16304496128
4,618.503,grad,16304496128
4,619.745,grad,16304496128
4,621.318,grad,16304495616
4,623.464,grad,16304495616
4,624.865,grad,16304495616
4,626.134,grad,16304495616
4,627.372,grad,16304495616
4,630.906,grad,16304495616
4,632.17,grad,16304495616
4,634.421,grad,16304495616
4,635.614,grad,16305021440
4,636.862,grad,16304497664
4,638.127,grad,16304955904
4,639.399,grad,16304497664
4,640.64,grad,16304499200
4,641.893,grad,16304562688
4,643.165,grad,16304955904
4,644.397,grad,16304956416
4,645.644,grad,16304497152
4,646.912,grad,16304955904
4,648.182,grad,16304497152
4,649.416,grad,16304499200
4,650.652,grad,16304497664
4,651.893,grad,16304956416
4,653.162,grad,16304562688
4,654.416,grad,16304499712
4,655.692,grad,16304562688
4,656.935,grad,16304956416
4,658.164,grad,16304955904
4,659.395,grad,16304497152
4,660.648,grad,16304956416
4,661.945,grad,16304562688
4,663.18,grad,16304499712
4,664.443,grad,16304562688
4,665.681,grad,16304955904
4,666.951,grad,16304958464
4,668.186,grad,16304497664
4,669.416,grad,16304955904
4,670.694,grad,16304497152
4,671.942,grad,16304499200
4,673.176,grad,16305021440
4,674.451,grad,16304497152
4,675.701,grad,16304499200
4,676.982,grad,16304497152
4,678.213,grad,16304956416
4,679.441,grad,16304497152
4,680.688,grad,16304497152
4,681.981,grad,16304563200
4,683.248,grad,16304497664
4,684.52,grad,16304565248
4,685.771,grad,16309154816
4,687.04,grad,16311710208
4,688.276,grad,16315610112
4,689.513,grad,16320002048
4,690.798,grad,16323637760
4,692.076,grad,16329438720
4,693.326,grad,16331305984
4,694.565,grad,16337564672
4,695.808,grad,16340088832
4,697.094,grad,16344805888
4,698.366,grad,16347984384
4,699.647,grad,16353161728
4,700.908,grad,16357782016
4,702.159,grad,16361681920
4,703.454,grad,16365811200
4,704.695,grad,16367677952
4,705.942,grad,16372265984
4,707.183,grad,16373019136
4,708.423,grad,16377901568
4,709.661,grad,16380294144
4,710.908,grad,16383898624
4,712.17,grad,16387502592
4,713.42,grad,16390419456
4,714.711,grad,16393564672
4,715.975,grad,16396415488
4,717.266,grad,16401297920
4,718.501,grad,16403264000
4,719.75,grad,16406868480
4,720.995,grad,16409261056
4,722.238,grad,16412930560
4,723.469,grad,16416535040
4,724.712,grad,16419844608
4,725.957,grad,16422531584
4,727.232,grad,16425677312
4,728.467,grad,16430265344
4,729.777,grad,16432231936
4,731.04,grad,16436786176
4,732.299,grad,16439407104
4,733.577,grad,16443470336
4,734.822,grad,16446617088
4,736.056,grad,16449467392
4,737.322,grad,16454285312
4,738.562,grad,16455103488
4,739.833,grad,16459821568
4,741.114,grad,16462377984
4,742.351,grad,16465982464
4,743.587,grad,16468374528
4,744.846,grad,16472437248
4,746.143,grad,16475582976
4,747.439,grad,16478663680
4,748.695,grad,16478256640
4,749.947,grad,16478294528
4,751.185,grad,16478332416
4,752.441,grad,16478370304
4,753.683,grad,16478394880
4,754.929,grad,16478431232
4,756.166,grad,16325668864
4,757.473,grad,16151080960
4,758.749,grad,16150959616
4,764.584,grad,16150880256
4,770.967,grad,16150888448
4,777.319,grad,16150888448
4,783.693,grad,16150888448
4,788.571,grad,16150888448
4,789.891,grad,16158365696
4,793.054,grad,16165949440
4,794.437,grad,16175271936
4,795.715,grad,16192033792
4,796.96,grad,16242439168
4,798.232,grad,16374621184
4,799.468,grad,16460014592
4,801.869,grad,16467358720
4,803.132,grad,16476795904
4,804.382,grad,16492640256
4,805.696,grad,16528689152
4,806.96,grad,16752494592
4,808.225,grad,16767244288
4,810.318,grad,16759904256
4,811.576,grad,16769341440
4,812.837,grad,16792525824
4,814.106,grad,16821234688
4,815.343,grad,17044712448
4,816.575,grad,17059789824
4,818.664,grad,17052449792
4,819.974,grad,17061886976
4,821.296,grad,17085399040
4,822.6,grad,17114107904
4,823.853,grad,17337585664
4,825.089,grad,17352331264
4,827.533,grad,17344995328
4,828.751,grad,17354432512
4,829.999,grad,17378272256
4,831.239,grad,17406653440
4,832.474,grad,17630131200
4,833.707,grad,17644549120
4,835.889,grad,17637540864
4,837.174,grad,17646978048
4,838.427,grad,17670817792
4,839.684,grad,17738651648
4,840.929,grad,17923332096
4,842.165,grad,17937750016
4,844.329,grad,17930414080
4,845.606,grad,17939851264
4,846.872,grad,17963691008
4,848.135,grad,18031197184
4,849.374,grad,18177080320
4,850.61,grad,18230303744
4,852.622,grad,18222959616
4,853.896,grad,18232396800
4,855.148,grad,18255908864
4,856.383,grad,18284290048
4,857.612,grad,18507767808
4,858.852,grad,18507837440
4,860.928,grad,18515177472
4,862.193,grad,18524614656
4,863.44,grad,18547799040
4,864.675,grad,18614977536
4,865.917,grad,18799657984
4,867.188,grad,18799727616
4,869.197,grad,18807067648
4,870.64,grad,18816504832
4,871.908,grad,18839689216
4,873.146,grad,18906867712
4,874.388,grad,19169142784
4,875.652,grad,19091621888
4,877.667,grad,19098957824
4,878.942,grad,19108395008
4,880.194,grad,19146259456
4,881.468,grad,19198757888
4,882.728,grad,19344641024
4,883.96,grad,19383512064
4,885.922,grad,19390848000
4,887.181,grad,19400285184
4,888.425,grad,19423469568
4,889.656,grad,19490648064
4,890.918,grad,19752923136
4,892.16,grad,19675402240
4,894.216,grad,19682738176
4,895.477,grad,19692175360
4,896.738,grad,19715359744
4,897.983,grad,19782538240
4,899.255,grad,20044813312
4,900.49,grad,19981972480
4,902.503,grad,19974628352
4,903.781,grad,19984065536
4,905.06,grad,20007249920
4,906.297,grad,20074428416
4,907.533,grad,20336703488
4,908.763,grad,20259186688
4,910.709,grad,20266518528
4,911.983,grad,20275955712
4,913.238,grad,20313820160
4,914.47,grad,20366318592
4,915.81,grad,20512201728
4,917.064,grad,20573092864
4,919.155,grad,20558408704
4,920.441,grad,20567845888
4,921.761,grad,20591030272
4,923.038,grad,20658208768
4,924.276,grad,20920483840
4,925.533,grad,20842962944
4,927.526,grad,20850298880
4,928.752,grad,20859736064
4,930.01,grad,20882920448
4,931.25,grad,20950098944
4,932.481,grad,21095982080
4,933.714,grad,21149533184
4,935.703,grad,21142189056
4,936.966,grad,21151626240
4,938.25,grad,21189490688
4,939.481,grad,21256669184
4,940.741,grad,21349074944
4,941.973,grad,21448763392
4,943.92,grad,21434079232
4,945.183,grad,21443516416
4,946.441,grad,21466700800
4,947.738,grad,21533879296
4,949.008,grad,21679762432
4,950.248,grad,21740653568
4,952.11,grad,21725969408
4,953.364,grad,21735406592
4,954.611,grad,21751250944
4,955.863,grad,21786972160
4,957.129,grad,22010449920
4,958.365,grad,22025195520
4,960.453,grad,22017859584
4,961.843,grad,22027296768
4,963.1,grad,22050481152
4,964.351,grad,22117659648
4,965.614,grad,22379934720
4,966.862,grad,22302417920
4,968.82,grad,22309749760
4,970.087,grad,22319186944
4,971.371,grad,22357051392
4,972.604,grad,22409549824
4,973.855,grad,22671824896
4,975.115,grad,22594308096
4,977.132,grad,22601639936
4,978.406,grad,22611077120
4,979.67,grad,22648941568
4,980.963,grad,22701440000
4,982.205,grad,22886120448
4,983.437,grad,22886198272
4,985.394,grad,22893530112
4,986.647,grad,22902967296
4,987.898,grad,22926151680
4,989.133,grad,22993330176
4,990.393,grad,23178010624
4,991.634,grad,23200104448
4,993.547,grad,23185420288
4,994.808,grad,23194857472
4,996.052,grad,23218041856
4,997.281,grad,23285220352
4,998.51,grad,23547495424
4,999.744,grad,23484654592
4,1001.624,grad,23477310464
4,1002.901,grad,23486747648
4,1004.179,grad,23524612096
4,1005.409,grad,23591790592
4,1006.637,grad,23684196352
4,1007.872,grad,23791224832
4,1010.772,grad,23769200640
4,1012.025,grad,23778637824
4,1013.305,grad,23816502272
4,1014.534,grad,23883680768
4,1015.813,grad,23976086528
4,1017.043,grad,24075774976
4,1018.816,grad,24061090816
4,1020.069,grad,24070528000
4,1021.317,grad,24108392448
4,1022.595,grad,24160890880
4,1023.839,grad,24345571328
4,1025.068,grad,24367665152
4,1026.299,grad,25895454208
4,1028.556,grad,25265239552
4,1029.818,grad,24953812992
4,1031.052,grad,24953812992
4,1032.282,grad,24953812992
4,1033.51,grad,24953813504
4,1034.743,grad,24374993920
4,1035.976,grad,24333829120
4,1037.215,grad,24251646976
4,1038.446,grad,24169530368
4,1039.683,grad,24116048896
4,1040.929,grad,24092783616
4,1042.168,grad,24072744960
4,1043.399,grad,24072744960
4,1044.639,grad,24091553792
4,1046.246,grad,24067862528
4,1047.505,grad,24072622080
4,1048.75,grad,24131002368
4,1049.995,grad,23971291136
4,1051.236,grad,23874494464
4,1052.468,grad,23821537280
4,1053.699,grad,23827107840
4,1055.711,grad,23792389120
4,1056.999,grad,23811197952
4,1058.555,grad,23787506688
4,1059.811,grad,23792270336
4,1061.052,grad,23774821376
4,1062.291,grad,23685168128
4,1063.53,grad,23604034560
4,1064.789,grad,23543671808
4,1066.035,grad,23515637760
4,1067.8,grad,23514589184
4,1069.087,grad,23533332480
4,1071.016,grad,23509706752
4,1072.286,grad,23514470400
4,1073.522,grad,23534049280
4,1074.755,grad,23405795328
4,1075.987,grad,23284881408
4,1077.225,grad,23263315968
4,1078.455,grad,23235281920
4,1080.291,grad,23234233344
4,1081.599,grad,23253107712
4,1083.052,grad,23229350912
4,1084.292,grad,23234110464
4,1085.525,grad,23214896128
4,1086.755,grad,23125439488
4,1087.986,grad,23004525568
4,1089.222,grad,22982960128
4,1090.451,grad,22954926080
4,1092.205,grad,22953877504
4,1093.483,grad,22972686336
4,1095.143,grad,22948995072
4,1096.383,grad,22953746432
4,1097.617,grad,22934540288
4,1098.855,grad,22813626368
4,1100.088,grad,22731509760
4,1101.402,grad,22703063040
4,1102.631,grad,22676143104
4,1104.346,grad,22673521664
4,1105.602,grad,22692330496
4,1107.157,grad,22668639232
4,1108.422,grad,22673402880
4,1109.658,grad,22654184448
4,1110.902,grad,22564727808
4,1112.16,grad,22504696832
4,1113.394,grad,22436469760
4,1114.634,grad,22413204480
4,1115.891,grad,22394214400
4,1117.202,grad,22393165824
4,1118.467,grad,22411974656
4,1120.057,grad,22388283392
4,1121.322,grad,22393042944
4,1122.622,grad,22373894144
4,1123.869,grad,22291777536
4,1125.111,grad,22209660928
4,1126.347,grad,22170793984
4,1127.583,grad,22132324352
4,1128.828,grad,22112809984
4,1130.059,grad,22142235648
4,1131.538,grad,22107436032
4,1132.774,grad,22115267584
4,1134.005,grad,22127358976
4,1135.242,grad,22054675456
4,1136.471,grad,22011356160
4,1137.699,grad,21875762176
4,1139.022,grad,21861995520
4,1140.258,grad,21851968512
4,1141.488,grad,21833502720
4,1142.718,grad,21861879808
4,1143.968,grad,21834551296
4,1145.424,grad,21827571712
4,1146.685,grad,21832331264
4,1147.93,grad,21813116928
4,1149.168,grad,21731000320
4,1150.4,grad,21602746368
4,1151.628,grad,21581180928
4,1152.869,grad,21553146880
4,1154.6,grad,21552098304
4,1155.904,grad,21570841600
4,1157.708,grad,21547215872
4,1158.988,grad,21551979520
4,1160.229,grad,21571558400
4,1161.47,grad,21443304448
4,1162.732,grad,21322390528
4,1163.966,grad,21300825088
4,1165.21,grad,21272791040
4,1167.038,grad,21271742464
4,1168.3,grad,21290944512
4,1170.003,grad,21266860032
4,1171.25,grad,21271619584
4,1172.495,grad,21252405248
4,1173.82,grad,21162948608
4,1175.08,grad,21081618432
4,1176.32,grad,21036001280
4,1177.569,grad,20999628800
4,1179.486,grad,20992173056
4,1180.768,grad,21010981888
4,1182.292,grad,20987290624
4,1183.545,grad,20992058368
4,1184.792,grad,20972835840
4,1186.035,grad,20898911232
4,1187.265,grad,20794774528
4,1188.497,grad,20756497408
4,1189.749,grad,20721173504
4,1191.733,grad,20712669184
4,1193.0,grad,20731412480
4,1194.597,grad,20707786752
4,1195.851,grad,20712550400
4,1197.092,grad,20770992128
4,1198.325,grad,20611280896
4,1199.556,grad,20514484224
4,1200.787,grad,20476207104
4,1202.019,grad,20465000448
4,1204.23,grad,20432378880
4,1205.497,grad,20451187712
4,1207.154,grad,20427496448
4,1208.407,grad,20432247808
4,1209.645,grad,20413041664
4,1210.893,grad,20299467776
4,1212.132,grad,20210011136
4,1213.365,grad,20181105664
4,1214.599,grad,20153071616
4,1216.354,grad,20152023040
4,1217.592,grad,20171225088
4,1219.199,grad,20147140608
4,1220.441,grad,20151891968
4,1221.696,grad,20093888512
4,1222.951,grad,20050569216
4,1224.191,grad,19922380800
4,1225.425,grad,19900815360
4,1226.658,grad,19872781312
4,1228.404,grad,19871732736
4,1229.654,grad,19890541568
4,1231.191,grad,19866850304
4,1232.428,grad,19871613952
4,1233.663,grad,19891192832
4,1234.902,grad,19762938880
4,1236.139,grad,19680822272
4,1237.394,grad,19620525056
4,1238.628,grad,19615609856
4,1240.534,grad,19591376896
4,1241.863,grad,19610251264
4,1243.346,grad,19586494464
4,1244.606,grad,19598585856
4,1245.905,grad,19572105216
4,1247.17,grad,19504734208
4,1248.405,grad,19407872000
4,1249.682,grad,19354849280
4,1250.936,grad,19327979520
4,1252.835,grad,19311086592
4,1254.082,grad,19329895424
4,1255.581,grad,19306204160
4,1256.839,grad,19310955520
4,1258.111,grad,19330546688
4,1259.358,grad,19209698304
4,1260.603,grad,19081444352
4,1261.85,grad,19059878912
4,1263.083,grad,19030796288
4,1264.891,grad,19030796288
4,1266.183,grad,19049670656
4,1267.648,grad,19025913856
4,1268.896,grad,19030673408
4,1270.138,grad,18972661760
4,1271.372,grad,18929408000
4,1272.607,grad,18801154048
4,1273.848,grad,18779588608
4,1275.093,grad,18751554560
4,1276.826,grad,18750505984
4,1278.094,grad,18769708032
4,1279.647,grad,18745623552
4,1280.896,grad,18750391296
4,1282.134,grad,18731234304
4,1283.37,grad,18656457728
4,1284.606,grad,18552321024
4,1285.85,grad,18499363840
4,1287.08,grad,18469888000
4,1289.185,grad,18469888000
4,1290.555,grad,18488762368
4,1292.169,grad,18465005568
4,1293.427,grad,18469765120
4,1294.672,grad,18450616320
4,1295.923,grad,18361487360
4,1297.192,grad,18240245760
4,1298.481,grad,18218352640
4,1299.782,grad,18189990912
4,1301.537,grad,18188614656
4,1302.843,grad,18207489024
4,1304.358,grad,18183732224
4,1305.598,grad,18188483584
4,1306.849,grad,18169277440
4,1308.093,grad,18048691200
4,1309.33,grad,17959300096
4,1310.627,grad,17938193408
4,1311.879,grad,17909241856
4,1313.583,grad,17907668992
4,1314.852,grad,17926477824
4,1316.367,grad,17902458880
4,1317.606,grad,17907210240
4,1318.851,grad,17927129088
4,1320.089,grad,17806215168
4,1321.352,grad,17670686720
4,1322.605,grad,17656461312
4,1323.854,grad,17628427264
4,1325.568,grad,17627051008
4,1326.86,grad,17645925376
4,1328.317,grad,17622168576
4,1329.565,grad,17619579904
4,1330.87,grad,17607779328
4,1332.138,grad,17525662720
4,1333.427,grad,17443873792
4,1334.785,grad,17390851072
4,1336.035,grad,17362932736
4,1337.899,grad,17346760704
4,1339.162,grad,17365569536
4,1340.748,grad,17341878272
4,1342.031,grad,17346641920
4,1343.354,grad,17326768128
4,1344.631,grad,17259397120
4,1345.891,grad,17162928128
4,1347.172,grad,17109577728
4,1348.421,grad,17082707968
4,1350.405,grad,17065815040
4,1351.698,grad,17084689408
4,1353.187,grad,17060932608
4,1354.464,grad,17065696256
4,1355.706,grad,17046477824
4,1356.973,grad,16956693504
4,1358.29,grad,16874642432
4,1359.537,grad,16813952000
4,1360.774,grad,16785917952
4,1362.488,grad,16784869376
4,1363.805,grad,16803743744
4,1365.315,grad,16779659264
4,1366.558,grad,16784410624
4,1367.744,grad,16726407168
4,1368.976,grad,16644290560
4,1370.226,grad,16561190912
4,1371.541,grad,16525404160
4,1372.789,grad,16497566720
4,1374.749,grad,16494683136
4,1376.101,grad,16513557504
4,1377.584,grad,16489800704
4,1378.84,grad,16479872000
4,1380.075,grad,16479872000
4,1381.306,grad,16479872000
4,1382.964,grad,16479871488
4,1384.926,grad,16479871488
4,1386.341,grad,16479871488
4,1387.697,grad,16479871488
4,1388.964,grad,16479871488
4,1392.502,grad,16479871488
4,1393.768,grad,16479872000
4,1395.927,grad,16479871488
4,1397.173,grad,16479938560
4,1398.436,grad,16479875584
4,1399.679,grad,16480332288
4,1400.936,grad,16479873024
4,1402.2,grad,16480331776
4,1403.482,grad,16479873024
4,1404.716,grad,16480331776
4,1405.978,grad,16479873536
4,1407.255,grad,16480331776
4,1408.56,grad,16479873024
4,1409.762,grad,16480331776
4,1410.994,grad,16479939072
4,1412.233,grad,16479873536
4,1413.464,grad,16479875072
4,1414.716,grad,16480331776
4,1415.959,grad,16479939072
4,1417.207,grad,16479873024
4,1418.541,grad,16479875584
4,1419.827,grad,16480331776
4,1421.093,grad,16479938560
4,1422.383,grad,16479873024
4,1423.64,grad,16479875072
4,1424.911,grad,16480332288
4,1426.151,grad,16480397312
4,1427.386,grad,16479875584
4,1428.668,grad,16479938560
4,1429.934,grad,16480332288
4,1431.173,grad,16480331776
4,1432.425,grad,16479873536
4,1433.657,grad,16479938560
4,1434.915,grad,16479873024
4,1436.178,grad,16480331776
4,1437.44,grad,16479873536
4,1438.734,grad,16480331776
4,1439.967,grad,16479873536
4,1441.235,grad,16479875072
4,1442.499,grad,16479873024
4,1443.749,grad,16480331776
4,1444.98,grad,16481450496
4,1446.223,grad,16486627328
4,1447.475,grad,16490888192
4,1448.709,grad,16494524928
4,1449.95,grad,16500325376
4,1451.228,grad,16501831680
4,1452.463,grad,16508090880
4,1453.692,grad,16511203840
4,1454.98,grad,16515496448
4,1456.248,grad,16518641664
4,1457.511,grad,16521721856
4,1458.758,grad,16526375424
4,1460.04,grad,16528342016
4,1461.326,grad,16532174848
4,1462.557,grad,16535780864
4,1463.786,grad,16538859520
4,1465.077,grad,16543676416
4,1466.329,grad,16545775104
4,1467.62,grad,16549607424
4,1468.864,grad,16553211904
4,1470.148,grad,16556292096
4,1471.411,grad,16561110016
4,1472.662,grad,16563075072
4,1473.952,grad,16566679552
4,1475.21,grad,16569432576
4,1476.451,grad,16573725184
4,1477.699,grad,16577854464
4,1479.005,grad,16579360768
4,1480.243,grad,16583948800
4,1481.48,grad,16586504704
4,1482.797,grad,16590796800
4,1484.046,grad,16594073600
4,1485.28,grad,16597154304
4,1486.568,grad,16601380864
4,1487.846,grad,16603936768
4,1489.079,grad,16607541760
4,1490.314,grad,16611147264
4,1491.542,grad,16614684672
4,1492.773,grad,16619173888
4,1494.034,grad,16621139968
4,1495.295,grad,16624744448
4,1496.526,grad,16627365888
4,1497.754,grad,16631429632
4,1499.041,grad,16634575360
4,1500.28,grad,16637425664
4,1501.529,grad,16643062784
4,1502.767,grad,16644110848
4,1504.0,grad,16648698368
4,1505.264,grad,16649811456
4,1506.502,grad,16649849344
4,1507.766,grad,16649885696
4,1508.999,grad,16649924096
4,1510.478,grad,16649959936
4,1511.711,grad,16649997824
4,1512.95,grad,16541742592
4,1514.194,grad,16340743680
4,1515.433,grad,16338318848
4,1516.663,grad,16374724096
4,1517.908,grad,16409261568
4,1519.155,grad,16440784384
4,1520.394,grad,16473912832
4,1521.648,grad,16411063808
4,1522.915,grad,16281400832
4,1524.167,grad,16144430592
4,1525.41,grad,16141605888
4,1531.431,grad,16141575680
4,1537.799,grad,16141583872
4,1544.145,grad,16141583872
4,1550.503,grad,16141583872
4,1554.563,grad,16141583872
4,1555.839,grad,16149323264
4,1558.632,grad,16156530176
4,1560.021,grad,16165967360
4,1561.306,grad,16182696448
4,1562.635,grad,16218417664
4,1563.878,grad,16442944000
4,1565.112,grad,16451271168
4,1567.175,grad,16458611200
4,1568.422,grad,16468048384
4,1569.665,grad,16491232768
4,1570.916,grad,16558411264
4,1572.163,grad,16704294400
4,1573.391,grad,16757845504
4,1575.32,grad,16750501376
4,1576.58,grad,16759938560
4,1577.849,grad,16797803008
4,1579.12,grad,16850301440
4,1580.351,grad,17034981888
4,1581.584,grad,17035055616
4,1583.496,grad,17042391552
4,1584.746,grad,17051828736
4,1586.023,grad,17089693184
4,1587.282,grad,17156871680
4,1588.562,grad,17288074752
4,1591.581,grad,17334281728
4,1592.857,grad,17343718912
4,1594.101,grad,17381583360
4,1595.337,grad,17448761856
4,1596.565,grad,17541167616
4,1597.755,grad,17618835968
4,1599.609,grad,17626171904
4,1600.868,grad,17635609088
4,1602.14,grad,17658793472
4,1603.399,grad,17725971968
4,1604.629,grad,17910652416
4,1605.872,grad,17910726144
4,1607.787,grad,17918062080
4,1609.045,grad,17927499264
4,1610.315,grad,17965363712
4,1611.569,grad,18032542208
4,1612.851,grad,18163745280
4,1615.597,grad,18209952256
4,1616.862,grad,18219389440
4,1618.13,grad,18257253888
4,1619.36,grad,18324432384
4,1620.597,grad,18455635456
4,1621.854,grad,18501846528
4,1623.64,grad,18501842432
4,1624.904,grad,18511279616
4,1626.182,grad,18549144064
4,1627.414,grad,18616322560
4,1628.685,grad,18747525632
4,1631.469,grad,18793732608
4,1632.861,grad,18803169792
4,1634.114,grad,18826354176
4,1635.352,grad,18893532672
4,1636.603,grad,19078213120
4,1637.841,grad,19100306944
4,1639.695,grad,19085622784
4,1640.958,grad,19095059968
4,1642.211,grad,19132924416
4,1643.463,grad,19200102912
4,1644.708,grad,19292508672
4,1645.953,grad,19377517056
4,1647.705,grad,19377512960
4,1648.961,grad,19386950144
4,1650.21,grad,19424814592
4,1651.484,grad,19477313024
4,1652.71,grad,19623196160
4,1653.967,grad,19676747264
4,1655.867,grad,19669403136
4,1657.147,grad,19686180352
4,1658.387,grad,19716770304
4,1659.616,grad,19783948800
4,1660.881,grad,19915086336
4,1663.602,grad,19961293312
4,1664.9,grad,19970730496
4,1666.155,grad,20008594944
4,1667.415,grad,20075773440
4,1668.682,grad,20206976512
4,1671.447,grad,20253183488
4,1672.711,grad,20262620672
4,1673.988,grad,20285805056
4,1675.225,grad,20352983552
4,1676.469,grad,20537664000
4,1677.778,grad,20552417792
4,1679.819,grad,20545073664
4,1681.072,grad,20554510848
4,1682.321,grad,20592375296
4,1683.569,grad,20644873728
4,1684.839,grad,20751959552
4,1686.075,grad,20851648000
4,1687.955,grad,20836963840
4,1689.21,grad,20846401024
4,1690.454,grad,20884265472
4,1691.692,grad,20951443968
4,1692.975,grad,21043849728
4,1694.236,grad,21150878208
4,1696.043,grad,21128854016
4,1697.298,grad,21138291200
4,1698.581,grad,21161475584
4,1699.853,grad,21228654080
4,1701.125,grad,21374537216
4,1702.355,grad,21413412352
4,1704.246,grad,21420744192
4,1705.503,grad,21430181376
4,1706.749,grad,21453365760
4,1707.988,grad,21520544256
4,1709.225,grad,21666427392
4,1710.486,grad,21719978496
4,1712.449,grad,21712634368
4,1713.703,grad,21722071552
4,1714.967,grad,21759936000
4,1716.223,grad,21812434432
4,1717.476,grad,21958317568
4,1718.705,grad,22019208704
4,1720.585,grad,22004524544
4,1722.048,grad,22013961728
4,1723.317,grad,22037146112
4,1724.55,grad,22104324608
4,1725.784,grad,22366599680
4,1727.01,grad,22289082880
4,1728.94,grad,22296414720
4,1730.194,grad,22305851904
4,1731.463,grad,22329036288
4,1732.691,grad,22396214784
4,1733.935,grad,22658489856
4,1735.167,grad,22580964864
4,1737.125,grad,22588304896
4,1738.418,grad,22597742080
4,1739.745,grad,22620926464
4,1741.021,grad,22688104960
4,1742.278,grad,22872785408
4,1743.54,grad,22872859136
4,1745.6,grad,22880195072
4,1746.903,grad,22889632256
4,1748.166,grad,22927496704
4,1749.468,grad,22979995136
4,1750.732,grad,23125878272
4,1751.961,grad,23179429376
4,1753.986,grad,23172085248
4,1755.246,grad,23181522432
4,1756.514,grad,23219386880
4,1757.754,grad,23286565376
4,1758.994,grad,23378971136
4,1760.227,grad,23485999616
4,1762.166,grad,23463975424
4,1763.422,grad,23473412608
4,1764.667,grad,23496596992
4,1765.904,grad,23524978176
4,1767.138,grad,23748455936
4,1768.391,grad,23763205632
4,1770.777,grad,23755865600
4,1772.05,grad,23765302784
4,1773.327,grad,23788487168
4,1774.557,grad,23855665664
4,1775.787,grad,24040346112
4,1777.016,grad,24040419840
4,1779.101,grad,24047755776
4,1780.355,grad,24057192960
4,1781.597,grad,24095057408
4,1782.836,grad,24147555840
4,1784.083,grad,24332236288
4,1785.31,grad,24332305920
4,1786.539,grad,25882118144
4,1789.072,grad,25251904512
4,1790.311,grad,24940477952
4,1791.55,grad,24940477952
4,1792.744,grad,24940477952
4,1793.968,grad,24940477952
4,1795.2,grad,24332294656
4,1796.433,grad,24318069248
4,1797.713,grad,24239458816
4,1798.957,grad,24157276672
4,1800.283,grad,24104253952
4,1801.513,grad,24092940800
4,1802.741,grad,24060491264
4,1804.006,grad,24090375680
4,1805.449,grad,24055117312
4,1806.694,grad,24062948864
4,1807.949,grad,24060360192
4,1809.207,grad,24041154048
4,1810.44,grad,23951697408
4,1811.673,grad,23838123520
4,1812.914,grad,23809676800
4,1814.149,grad,23782756864
4,1815.825,grad,23780135424
4,1817.143,grad,23798878720
4,1818.735,grad,23775252992
4,1819.984,grad,23780004352
4,1821.221,grad,23722000896
4,1822.459,grad,23639884288
4,1823.707,grad,23543087616
4,1824.962,grad,23529320960
4,1826.215,grad,23502401024
4,1827.896,grad,23499779584
4,1829.188,grad,23518653952
4,1830.873,grad,23494897152
4,1832.141,grad,23499660800
4,1833.381,grad,23441645056
4,1834.613,grad,23359528448
4,1835.858,grad,23262731776
4,1837.181,grad,23248965120
4,1838.416,grad,23221520896
4,1840.025,grad,23219423744
4,1841.264,grad,23238232576
4,1842.883,grad,23214541312
4,1844.198,grad,23219292672
4,1845.466,grad,23200086528
4,1846.706,grad,23086512640
4,1847.959,grad,22989715968
4,1849.254,grad,22968609280
4,1850.507,grad,22942213632
4,1852.13,grad,22939067904
4,1853.366,grad,22957876736
4,1854.915,grad,22934185472
4,1856.155,grad,22938936832
4,1857.387,grad,22880933376
4,1858.615,grad,22806156800
4,1859.858,grad,22716700160
4,1861.087,grad,22688253440
4,1862.313,grad,22661333504
4,1863.953,grad,22658712064
4,1865.287,grad,22677586432
4,1866.691,grad,22653829632
4,1867.933,grad,22658589184
4,1869.165,grad,22639374848
4,1870.406,grad,22557258240
4,1871.641,grad,22421664256
4,1872.884,grad,22407438848
4,1874.135,grad,22378356224
4,1876.17,grad,22378356224
4,1877.434,grad,22397558272
4,1879.063,grad,22373473792
4,1880.301,grad,22378225152
4,1881.534,grad,22320221696
4,1882.765,grad,22269562368
4,1884.002,grad,22187445760
4,1885.236,grad,22127083008
4,1886.47,grad,22099048960
4,1888.3,grad,22098000384
4,1889.54,grad,22116809216
4,1891.116,grad,22093117952
4,1892.363,grad,22097885696
4,1893.595,grad,22078728704
4,1894.837,grad,22003952128
4,1896.068,grad,21899815424
4,1897.303,grad,21861538304
4,1898.535,grad,21832505856
4,1899.762,grad,21839730176
4,1900.993,grad,21817710080
4,1902.236,grad,21836518912
4,1903.845,grad,21812827648
4,1905.076,grad,21817595392
4,1906.31,grad,21837235712
4,1907.552,grad,21716321792
4,1908.752,grad,21626865152
4,1910.01,grad,21566502400
4,1911.264,grad,21538468352
4,1913.049,grad,21537419776
4,1914.291,grad,21556621824
4,1915.885,grad,21532537344
4,1917.201,grad,21529948672
4,1918.466,grad,21530403328
4,1919.71,grad,21513298432
4,1920.987,grad,21431181824
4,1922.269,grad,21307781632
4,1923.535,grad,21286605312
4,1924.746,grad,21259750912
4,1926.458,grad,21257129472
4,1927.793,grad,21275872768
4,1929.627,grad,21252247040
4,1930.882,grad,21257006592
4,1932.149,grad,21238185472
4,1933.435,grad,21148728832
4,1934.68,grad,21066612224
4,1935.935,grad,21020929536
4,1937.173,grad,21011418624
4,1938.402,grad,20977166848
4,1939.631,grad,21006592512
4,1940.908,grad,20996041216
4,1942.34,grad,20972284416
4,1943.577,grad,20977052160
4,1944.824,grad,20996692480
4,1946.05,grad,20875778560
4,1947.284,grad,20747524608
4,1948.598,grad,20726417920
4,1949.841,grad,20698449408
4,1951.503,grad,20696876544
4,1952.749,grad,20715685376
4,1954.301,grad,20691994112
4,1955.551,grad,20696757760
4,1956.741,grad,20677604864
4,1957.972,grad,20588148224
4,1959.208,grad,20467234304
4,1960.444,grad,20445668864
4,1961.674,grad,20417634816
4,1964.132,grad,20416586240
4,1965.4,grad,20435395072
4,1966.972,grad,20411703808
4,1968.214,grad,20416455168
4,1969.448,grad,20397314560
4,1970.69,grad,20307857920
4,1971.94,grad,20194284032
4,1973.179,grad,20165837312
4,1974.414,grad,20138917376
4,1976.07,grad,20136295936
4,1977.395,grad,20155170304
4,1978.828,grad,20131413504
4,1980.063,grad,20136164864
4,1981.296,grad,20117024256
4,1982.528,grad,19988770304
4,1983.76,grad,19913993728
4,1984.998,grad,19885547008
4,1986.255,grad,19858102784
4,1987.88,grad,19856005632
4,1989.128,grad,19874814464
4,1990.635,grad,19851123200
4,1991.897,grad,19855886848
4,1993.136,grad,19875531264
4,1994.382,grad,19754617344
4,1995.636,grad,19619023360
4,1996.972,grad,19605256704
4,1998.216,grad,19577812480
4,1999.837,grad,19575715328
4,2001.155,grad,19594589696
4,2002.584,grad,19570832896
4,2003.829,grad,19568244224
4,2005.118,grad,19556509184
4,2006.349,grad,19474327040
4,2007.58,grad,19384870400
4,2008.82,grad,19324507648
4,2010.056,grad,19296997888
4,2011.679,grad,19295425024
4,2012.984,grad,19314299392
4,2014.401,grad,19290542592
4,2015.639,grad,19295293952
4,2016.881,grad,19276153344
4,2018.119,grad,19186696704
4,2019.35,grad,19095142912
4,2020.601,grad,19044610560
4,2021.871,grad,19015134720
4,2023.327,grad,19015134720
4,2024.577,grad,19033878016
4,2026.377,grad,19010252288
4,2027.648,grad,19015020032
4,2028.901,grad,18995863040
4,2030.141,grad,18906406400
4,2031.377,grad,18785492480
4,2032.611,grad,18763927040
4,2033.854,grad,18735892992
4,2035.616,grad,18734844416
4,2036.913,grad,18753718784
4,2038.372,grad,18729961984
4,2039.625,grad,18734713344
4,2040.902,grad,18715572736
4,2042.143,grad,18626116096
4,2043.377,grad,18534562304
4,2044.613,grad,18484029952
4,2045.867,grad,18454554112
4,2047.557,grad,18454554112
4,2048.924,grad,18473428480
4,2050.384,grad,18449671680
4,2051.656,grad,18454423040
4,2052.916,grad,18435282432
4,2054.176,grad,18314368512
4,2055.418,grad,18224911872
4,2056.688,grad,18203739648
4,2057.966,grad,18175836672
4,2059.659,grad,18174263808
4,2060.963,grad,18193138176
4,2062.379,grad,18169381376
4,2063.624,grad,18174149120
4,2064.876,grad,18193789440
4,2066.117,grad,18072875520
4,2067.351,grad,17944621568
4,2068.584,grad,17923056128
4,2069.826,grad,17895546368
4,2071.461,grad,17893973504
4,2072.738,grad,17912847872
4,2074.205,grad,17889091072
4,2075.446,grad,17893842432
4,2076.678,grad,17874701824
4,2077.927,grad,17753787904
4,2079.163,grad,17656991232
4,2080.416,grad,17643224576
4,2081.653,grad,17616828928
4,2083.301,grad,17613683200
4,2084.577,grad,17632557568
4,2086.058,grad,17608800768
4,2087.303,grad,17620892160
4,2088.593,grad,17594477056
4,2089.838,grad,17512294912
4,2091.073,grad,17415498240
4,2092.305,grad,17362475520
4,2093.544,grad,17334965760
4,2095.229,grad,17333392896
4,2096.492,grad,17352267264
4,2098.016,grad,17328510464
4,2099.262,grad,17333261824
4,2100.495,grad,17314121216
4,2101.735,grad,17224664576
4,2102.963,grad,17133110784
4,2104.211,grad,17082578432
4,2105.462,grad,17053102592
4,2106.908,grad,17053102592
4,2108.148,grad,17072304640
4,2109.673,grad,17048220160
4,2110.918,grad,17052971520
4,2112.154,grad,17033765376
4,2113.383,grad,16905511424
4,2114.611,grad,16823460352
4,2115.85,grad,16817033728
4,2117.08,grad,16773860864
4,2118.655,grad,16772812288
4,2119.956,grad,16791719424
4,2121.433,grad,16767929856
4,2122.743,grad,16772681216
4,2124.026,grad,16713760256
4,2125.269,grad,16631643648
4,2126.513,grad,16548544000
4,2127.797,grad,16512757248
4,2129.088,grad,16484952576
4,2130.966,grad,16482068992
4,2132.27,grad,16500976128
4,2133.681,grad,16477186560
4,2134.946,grad,16467257856
4,2136.182,grad,16467257856
4,2137.41,grad,16467257856
4,2138.866,grad,16467257344
4,2140.807,grad,16467257344
4,2142.082,grad,16467257344
4,2143.372,grad,16467257344
4,2144.697,grad,16467257344
4,2148.817,grad,16467257344
4,2150.112,grad,16467257344
4,2152.418,grad,16467257344
4,2153.761,grad,16467324928
4,2155.094,grad,16467261440
4,2156.419,grad,16467717632
4,2157.691,grad,16467717632
4,2158.952,grad,16467259392
4,2160.243,grad,16467717632
4,2161.495,grad,16467324416
4,2162.806,grad,16467258880
4,2164.099,grad,16467260928
4,2165.345,grad,16467717632
4,2166.657,grad,16467717632
4,2167.925,grad,16467258880
4,2169.185,grad,16467718144
4,2170.471,grad,16467258880
4,2171.718,grad,16467260928
4,2172.987,grad,16467258880
4,2174.249,grad,16467718144
4,2175.537,grad,16467324416
4,2176.814,grad,16467258880
4,2178.076,grad,16467718144
4,2179.305,grad,16467258880
4,2180.564,grad,16467260928
4,2181.818,grad,16467261440
4,2183.137,grad,16467717632
4,2184.386,grad,16467783168
4,2185.618,grad,16467258880
4,2186.876,grad,16467718144
4,2188.117,grad,16467258880
4,2189.349,grad,16467259392
4,2190.59,grad,16467260928
4,2191.853,grad,16467718144
4,2193.093,grad,16467324416
4,2194.338,grad,16467258880
4,2195.579,grad,16468176384
4,2196.853,grad,16467324928
4,2198.089,grad,16467260928
4,2199.325,grad,16467324928
4,2200.555,grad,16467718144
4,2201.821,grad,16467717632
4,2203.05,grad,16467325952
4,2204.311,grad,16471588352
4,2205.548,grad,16473685504
4,2206.778,grad,16477651456
4,2208.041,grad,16479157760
4,2209.354,grad,16484859392
4,2210.648,grad,16487972352
4,2211.892,grad,16492691456
4,2213.129,grad,16497410560
4,2214.36,grad,16501047296
4,2215.587,grad,16505077248
4,2216.827,grad,16508943872
4,2218.055,grad,16514744832
4,2219.336,grad,16515792384
4,2220.575,grad,16522412032
4,2221.895,grad,16525884928
4,2223.244,grad,16530537984
4,2224.546,grad,16532930048
4,2225.787,grad,16536763904
4,2227.054,grad,16539910656
4,2228.36,grad,16542989824
4,2229.588,grad,16547185152
4,2230.831,grad,16548658688
4,2232.105,grad,16553279488
4,2233.339,grad,16555606528
4,2234.567,grad,16559276032
4,2235.822,grad,16561667584
4,2237.048,grad,16565730816
4,2238.276,grad,16568943616
4,2239.526,grad,16572022784
4,2240.777,grad,16576840192
4,2242.013,grad,16577658880
4,2243.283,grad,16582475264
4,2244.515,grad,16584867840
4,2245.773,grad,16588471808
4,2246.999,grad,16592143360
4,2248.257,grad,16595222016
4,2249.518,grad,16599351808
4,2250.747,grad,16600825344
4,2252.028,grad,16605511168
4,2253.3,grad,16608067072
4,2254.533,grad,16611672064
4,2255.761,grad,16614064128
4,2257.041,grad,16619077120
4,2258.298,grad,16622222848
4,2259.583,grad,16625303040
4,2260.893,grad,16629890560
4,2262.164,grad,16630710272
4,2263.423,grad,16635297792
4,2264.693,grad,16637853696
4,2265.937,grad,16641588736
4,2267.178,grad,16642313728
4,2268.409,grad,16642351104
4,2269.652,grad,16642389504
4,2270.9,grad,16642426880
4,2272.275,grad,16642457600
4,2273.541,grad,16642489344
4,2274.803,grad,16571530240
4,2276.045,grad,16392879104
4,2277.281,grad,16322460672
4,2278.512,grad,16356473856
4,2279.761,grad,16389536768
4,2280.996,grad,16422599680
4,2282.251,grad,16455629824
4,2283.48,grad,16458611712
4,2284.714,grad,16341597184
4,2285.985,grad,16212032512
4,2287.253,grad,16140695040
4,2293.682,grad,16140561408
4,2300.086,grad,16140569600
4,2306.438,grad,16140569600
4,2312.807,grad,16140569600
4,2317.321,grad,16140569600
4,2318.629,grad,16148931584
4,2321.579,grad,16156400640
4,2322.965,grad,16166820864
4,2324.271,grad,16182665216
4,2325.625,grad,16218386432
4,2326.896,grad,16364269568
4,2328.157,grad,16462966784
4,2330.293,grad,16455630848
4,2331.545,grad,16466051072
4,2332.791,grad,16489235456
4,2334.04,grad,16556413952
4,2335.275,grad,16741094400
4,2336.505,grad,16740180992
4,2338.522,grad,16747521024
4,2339.778,grad,16757941248
4,2341.054,grad,16781125632
4,2342.304,grad,16848304128
4,2343.627,grad,17032984576
4,2344.93,grad,17032075264
4,2347.078,grad,17039411200
4,2348.349,grad,17049831424
4,2349.597,grad,17073015808
4,2350.84,grad,17140194304
4,2352.071,grad,17324874752
4,2353.304,grad,17323969536
4,2355.98,grad,17332284416
4,2357.245,grad,17341721600
4,2358.493,grad,17364905984
4,2359.734,grad,17393287168
4,2361.005,grad,17616764928
4,2362.284,grad,17616842752
4,2364.228,grad,17624174592
4,2365.506,grad,17633611776
4,2366.799,grad,17656796160
4,2368.035,grad,17723974656
4,2369.285,grad,17869857792
4,2370.541,grad,17930748928
4,2372.359,grad,17916064768
4,2373.617,grad,17925501952
4,2374.882,grad,17948686336
4,2376.151,grad,18015864832
4,2377.409,grad,18161747968
4,2378.637,grad,18215299072
4,2380.512,grad,18207954944
4,2381.763,grad,18217392128
4,2383.003,grad,18255256576
4,2384.237,grad,18307755008
4,2385.468,grad,18453638144
4,2386.696,grad,18514529280
4,2388.575,grad,18499845120
4,2389.836,grad,18509282304
4,2391.094,grad,18532466688
4,2392.388,grad,18599645184
4,2393.663,grad,18745528320
4,2395.04,grad,18813759488
4,2396.914,grad,18791735296
4,2398.208,grad,18801172480
4,2399.547,grad,18839036928
4,2400.866,grad,18906215424
4,2402.129,grad,19037418496
4,2403.37,grad,19076289536
4,2405.558,grad,19083625472
4,2406.828,grad,19093062656
4,2408.077,grad,19116247040
4,2409.341,grad,19183425536
4,2410.605,grad,19445700608
4,2411.861,grad,19382859776
4,2413.793,grad,19375515648
4,2415.057,grad,19384952832
4,2416.301,grad,19422817280
4,2417.527,grad,19475315712
4,2418.755,grad,19737590784
4,2419.98,grad,19660073984
4,2421.966,grad,19667405824
4,2423.244,grad,19676843008
4,2424.523,grad,19700027392
4,2425.758,grad,19767205888
4,2427.006,grad,20029480960
4,2428.26,grad,19951955968
4,2430.276,grad,19959296000
4,2431.527,grad,19968733184
4,2432.77,grad,19991917568
4,2434.004,grad,20059096064
4,2435.241,grad,20321371136
4,2436.47,grad,20243850240
4,2438.468,grad,20251186176
4,2439.73,grad,20260623360
4,2440.978,grad,20283807744
4,2442.218,grad,20350986240
4,2443.448,grad,20613261312
4,2444.676,grad,20535744512
4,2446.631,grad,20543076352
4,2448.081,grad,20552513536
4,2449.335,grad,20575697920
4,2450.57,grad,20642876416
4,2451.825,grad,20827556864
4,2453.055,grad,20842310656
4,2454.971,grad,20834966528
4,2456.23,grad,20844403712
4,2457.475,grad,20882268160
4,2458.75,grad,20934766592
4,2459.98,grad,21080649728
4,2461.218,grad,21134200832
4,2463.123,grad,21126856704
4,2464.373,grad,21136293888
4,2465.71,grad,21152138240
4,2467.021,grad,21195199488
4,2468.395,grad,21318996992
4,2469.765,grad,21411337216
4,2471.062,grad,21411402752
4,2473.252,grad,21418746880
4,2474.537,grad,21428184064
4,2475.866,grad,21444028416
4,2477.17,grad,21479749632
4,2478.507,grad,21703227392
4,2479.785,grad,21717977088
4,2481.863,grad,21710637056
4,2483.133,grad,21720074240
4,2484.419,grad,21743258624
4,2485.662,grad,21810437120
4,2486.925,grad,22072712192
4,2488.168,grad,21995195392
4,2490.121,grad,22002527232
4,2491.417,grad,22011964416
4,2492.67,grad,22049828864
4,2493.937,grad,22102327296
4,2495.173,grad,22364602368
4,2496.405,grad,22287081472
4,2498.551,grad,22294417408
4,2499.844,grad,22303854592
4,2501.103,grad,22341719040
4,2502.387,grad,22394217472
4,2503.657,grad,22540100608
4,2504.931,grad,22593651712
4,2506.902,grad,22586307584
4,2508.173,grad,22595744768
4,2509.437,grad,22633609216
4,2510.683,grad,22700787712
4,2511.932,grad,22831990784
4,2513.178,grad,22878201856
4,2514.996,grad,22878197760
4,2516.303,grad,22887634944
4,2517.57,grad,22910819328
4,2518.827,grad,22977997824
4,2520.081,grad,23240272896
4,2521.316,grad,23177432064
4,2523.207,grad,23170087936
4,2524.483,grad,23179525120
4,2525.741,grad,23203758080
4,2526.987,grad,23270936576
4,2528.268,grad,23416819712
4,2529.526,grad,23477710848
4,2531.378,grad,23463026688
4,2532.626,grad,23472463872
4,2533.903,grad,23510328320
4,2535.136,grad,23562826752
4,2536.373,grad,23747507200
4,2537.601,grad,23747580928
4,2539.55,grad,23754916864
4,2540.913,grad,23764354048
4,2542.168,grad,23787538432
4,2543.406,grad,23854716928
4,2544.642,grad,24116992000
4,2545.889,grad,24039467008
4,2547.85,grad,24046807040
4,2549.107,grad,24056244224
4,2550.361,grad,24094108672
4,2551.598,grad,24161287168
4,2552.844,grad,24292490240
4,2554.082,grad,24323132416
4,2555.316,grad,25880285696
4,2557.527,grad,25250071040
4,2558.78,grad,24938644480
4,2560.066,grad,24938644480
4,2561.375,grad,24938644480
4,2562.652,grad,24938644480
4,2563.908,grad,24359825408
4,2565.147,grad,24319545344
4,2566.384,grad,24236478464
4,2567.616,grad,24155246592
4,2568.876,grad,24101339136
4,2570.193,grad,24099528704
4,2571.448,grad,24058461184
4,2572.764,grad,24087460864
4,2574.264,grad,24052202496
4,2575.507,grad,24060034048
4,2576.747,grad,24072125440
4,2577.986,grad,24031620096
4,2579.246,grad,23950355456
4,2580.49,grad,23830428672
4,2581.736,grad,23810137088
4,2582.967,grad,23781709824
4,2584.459,grad,23780661248
4,2585.769,grad,23799535616
4,2587.18,grad,23775778816
4,2588.412,grad,23780530176
4,2589.657,grad,23760439296
4,2590.907,grad,23670982656
4,2592.14,grad,23579428864
4,2593.367,grad,23529781248
4,2594.599,grad,23501353984
4,2596.102,grad,23500305408
4,2597.398,grad,23519179776
4,2598.824,grad,23495422976
4,2600.086,grad,23492834304
4,2601.364,grad,23480148992
4,2602.596,grad,23397966848
4,2603.844,grad,23323190272
4,2605.107,grad,23262827520
4,2606.349,grad,23243297792
4,2608.301,grad,23218016256
4,2609.623,grad,23236890624
4,2611.122,grad,23213133824
4,2612.366,grad,23217885184
4,2613.615,grad,23198679040
4,2614.887,grad,23085989888
4,2616.122,grad,22995648512
4,2617.356,grad,22982766592
4,2618.606,grad,22940642304
4,2620.21,grad,22938545152
4,2621.472,grad,22957353984
4,2623.021,grad,22933662720
4,2624.287,grad,22938414080
4,2625.529,grad,22918323200
4,2626.767,grad,22790953984
4,2628.003,grad,22722632704
4,2629.282,grad,22686780416
4,2630.529,grad,22660286464
4,2632.128,grad,22657304576
4,2633.371,grad,22676113408
4,2634.911,grad,22652422144
4,2636.145,grad,22657181696
4,2637.376,grad,22599170048
4,2638.603,grad,22517938176
4,2639.856,grad,22435821568
4,2641.102,grad,22406916096
4,2642.334,grad,22378882048
4,2644.292,grad,22377833472
4,2645.591,grad,22396642304
4,2647.199,grad,22372951040
4,2648.464,grad,22377702400
4,2649.718,grad,22357611520
4,2650.992,grad,22244922368
4,2652.233,grad,22139900928
4,2653.488,grad,22127019008
4,2654.754,grad,22099050496
4,2656.42,grad,22097477632
4,2657.685,grad,22116286464
4,2659.231,grad,22092595200
4,2660.501,grad,22097346560
4,2661.765,grad,22077255680
4,2663.031,grad,21949001728
4,2664.267,grad,21874225152
4,2665.509,grad,21845778432
4,2666.742,grad,21840527360
4,2668.027,grad,21816237056
4,2669.325,grad,21845597184
4,2670.874,grad,21810863104
4,2672.14,grad,21818694656
4,2673.406,grad,21845462016
4,2674.648,grad,21789559808
4,2675.897,grad,21629848576
4,2677.151,grad,21615889408
4,2678.423,grad,21565422592
4,2679.682,grad,21537978368
4,2681.366,grad,21535881216
4,2682.644,grad,21554690048
4,2684.413,grad,21530998784
4,2685.7,grad,21535750144
4,2686.981,grad,21478139904
4,2688.222,grad,21396908032
4,2689.473,grad,21307418624
4,2690.794,grad,21287196672
4,2692.052,grad,21260276736
4,2693.731,grad,21257655296
4,2694.987,grad,21276464128
4,2696.514,grad,21252772864
4,2697.784,grad,21257524224
4,2699.074,grad,21198636032
4,2700.332,grad,21116519424
4,2701.665,grad,21020607488
4,2702.936,grad,21005497344
4,2704.201,grad,20977463296
4,2705.946,grad,20976414720
4,2707.268,grad,20995223552
4,2708.86,grad,20971532288
4,2710.13,grad,20976283648
4,2711.386,grad,20957077504
4,2712.635,grad,20828823552
4,2713.899,grad,20739366912
4,2715.264,grad,20725600256
4,2716.504,grad,20698680320
4,2718.176,grad,20696058880
4,2719.5,grad,20714933248
4,2720.964,grad,20691176448
4,2722.229,grad,20695927808
4,2723.502,grad,20676787200
4,2724.752,grad,20594605056
4,2725.987,grad,20497808384
4,2727.229,grad,20459531264
4,2728.495,grad,20415704064
4,2730.421,grad,20415703040
4,2731.686,grad,20434511872
4,2733.245,grad,20410820608
4,2734.502,grad,20415584256
4,2735.744,grad,20396365824
4,2736.978,grad,20306909184
4,2738.207,grad,20224792576
4,2739.435,grad,20164429824
4,2740.679,grad,20137280512
4,2742.479,grad,20135347200
4,2743.738,grad,20154156032
4,2745.274,grad,20130464768
4,2746.544,grad,20135228416
4,2747.861,grad,20116009984
4,2749.12,grad,20027438080
4,2750.387,grad,19906524160
4,2751.652,grad,19884073984
4,2752.971,grad,19856039936
4,2754.767,grad,19854991360
4,2756.083,grad,19873865728
4,2757.527,grad,19850108928
4,2758.784,grad,19847520256
4,2760.112,grad,19835785216
4,2761.368,grad,19753603072
4,2762.617,grad,19656806400
4,2763.866,grad,19618529280
4,2765.105,grad,19590545408
4,2767.015,grad,19574701056
4,2768.34,grad,19593575424
4,2769.822,grad,19569818624
4,2771.082,grad,19574569984
4,2772.33,grad,19516632064
4,2773.566,grad,19435400192
4,2774.843,grad,19345058816
4,2776.117,grad,19323952128
4,2777.35,grad,19297556480
4,2778.942,grad,19294410752
4,2780.224,grad,19313285120
4,2781.662,grad,19289528320
4,2782.936,grad,19294287872
4,2784.171,grad,19313936384
4,2785.404,grad,19193907200
4,2786.643,grad,19064768512
4,2787.923,grad,19043661824
4,2789.153,grad,19016217600
4,2790.748,grad,19014120448
4,2792.041,grad,19032994816
4,2793.48,grad,19009238016
4,2794.733,grad,19013989376
4,2795.977,grad,18994914304
4,2797.214,grad,18912732160
4,2798.456,grad,18824160256
4,2799.697,grad,18762912768
4,2800.948,grad,18736287744
4,2802.617,grad,18733830144
4,2803.916,grad,18752704512
4,2805.333,grad,18728947712
4,2806.581,grad,18733699072
4,2807.857,grad,18714558464
4,2809.102,grad,18586304512
4,2810.358,grad,18518867968
4,2811.623,grad,18483900416
4,2812.881,grad,18456521728
4,2814.419,grad,18454424576
4,2815.666,grad,18473233408
4,2817.214,grad,18449542144
4,2818.453,grad,18454305792
4,2819.696,grad,18434268160
4,2820.945,grad,18344811520
4,2822.242,grad,18232515584
4,2823.559,grad,18203610112
4,2824.839,grad,18175576064
4,2826.554,grad,18174527488
4,2827.844,grad,18193401856
4,2829.355,grad,18169645056
4,2830.609,grad,18181736448
4,2831.939,grad,18154371072
4,2833.188,grad,18072188928
4,2834.428,grad,17976276992
4,2835.672,grad,17922369536
4,2836.925,grad,17894859776
4,2838.6,grad,17893286912
4,2839.879,grad,17912161280
4,2841.275,grad,17888404480
4,2842.524,grad,17893155840
4,2843.763,grad,17873949696
4,2844.996,grad,17761326080
4,2846.239,grad,17663644672
4,2847.492,grad,17642472448
4,2848.734,grad,17614045184
4,2850.282,grad,17612996608
4,2851.568,grad,17631870976
4,2853.038,grad,17607131136
4,2854.285,grad,17611882496
4,2855.523,grad,17593561088
4,2856.76,grad,17481035776
4,2857.992,grad,17389711360
4,2859.238,grad,17376829440
4,2860.486,grad,17335688192
4,2862.059,grad,17332608000
4,2863.357,grad,17351482368
4,2864.805,grad,17327725568
4,2866.076,grad,17334950912
4,2867.378,grad,17324706816
4,2868.616,grad,17229941760
4,2869.863,grad,17149168640
4,2871.105,grad,17095621632
4,2872.358,grad,17084873728
4,2874.311,grad,17052317696
4,2875.585,grad,17071257600
4,2877.007,grad,17047435264
4,2878.255,grad,17052186624
4,2879.494,grad,17032095744
4,2880.742,grad,16920455168
4,2881.982,grad,16830113792
4,2883.32,grad,16816347136
4,2884.581,grad,16774222848
4,2886.164,grad,16772125696
4,2887.433,grad,16791032832
4,2888.905,grad,16767243264
4,2890.155,grad,16771994624
4,2891.4,grad,16751805440
4,2892.661,grad,16623617024
4,2893.93,grad,16534160384
4,2895.192,grad,16513053696
4,2896.43,grad,16487542784
4,2898.052,grad,16483250176
4,2899.333,grad,16502157312
4,2900.775,grad,16478367744
4,2902.018,grad,16468439040
4,2903.274,grad,16468439040
4,2904.492,grad,16468439040
4,2906.657,grad,16468438528
4,2908.928,grad,16468438528
4,2910.299,grad,16468438528
4,2911.637,grad,16468438528
4,2912.893,grad,16468438528
4,2916.826,grad,16468438528
4,2918.134,grad,16468438528
4,2920.872,grad,16468438528
4,2922.21,grad,16468898816
4,2923.487,grad,16468440576
4,2924.75,grad,16468898816
4,2926.016,grad,16468440064
4,2927.29,grad,16468440064
4,2928.549,grad,16468442112
4,2929.823,grad,16468898816
4,2931.077,grad,16468899328
4,2932.366,grad,16468442112
4,2933.692,grad,16468506112
4,2935.009,grad,16468440064
4,2936.257,grad,16468442624
4,2937.53,grad,16468440064
4,2938.764,grad,16469357568
4,2940.012,grad,16468506112
4,2941.283,grad,16468440064
4,2942.514,grad,16468442112
4,2943.745,grad,16468899328
4,2944.976,grad,16468898816
4,2946.254,grad,16468442112
4,2947.559,grad,16468506112
4,2948.748,grad,16468898816
4,2949.981,grad,16468442112
4,2951.249,grad,16468440064
4,2952.479,grad,16469357568
4,2953.706,grad,16468440576
4,2954.996,grad,16468442112
4,2956.239,grad,16468440576
4,2957.515,grad,16468898816
4,2958.76,grad,16468440064
4,2960.009,grad,16468440576
4,2961.261,grad,16468442624
4,2962.548,grad,16468899328
4,2963.777,grad,16468898816
4,2965.018,grad,16468440576
4,2966.255,grad,16468899328
4,2967.482,grad,16468440576
4,2968.753,grad,16468898816
4,2969.991,grad,16468506624
4,2971.274,grad,16471557120
4,2972.511,grad,16474637312
4,2973.745,grad,16479519744
4,2975.01,grad,16482043904
4,2976.265,grad,16486761984
4,2977.497,grad,16489939968
4,2978.76,grad,16495117824
4,2980.084,grad,16499377152
4,2981.362,grad,16503014400
4,2982.592,grad,16509273600
4,2983.856,grad,16511797760
4,2985.17,grad,16516514816
4,2986.465,grad,16519693824
4,2987.776,grad,16525722624
4,2989.074,grad,16528868352
4,2990.343,grad,16531719168
4,2991.608,grad,16535848960
4,2992.926,grad,16537355264
4,2994.191,grad,16542008320
4,2995.447,grad,16544564736
4,2996.734,grad,16548856832
4,2998.01,grad,16552069632
4,2999.244,grad,16555377664
4,3000.473,grad,16559049216
4,3001.737,grad,16560555520
4,3003.018,grad,16565371904
4,3004.293,grad,16567993344
4,3005.561,grad,16572057088
4,3006.781,grad,16575268352
4,3008.088,grad,16578348032
4,3009.417,grad,16582935552
4,3010.698,grad,16583755264
4,3011.976,grad,16588407808
4,3013.231,grad,16590735872
4,3014.516,grad,16594568704
4,3015.779,grad,16598239744
4,3017.074,grad,16601089024
4,3018.393,grad,16605448704
4,3019.691,grad,16607314944
4,3021.0,grad,16612852736
4,3022.305,grad,16613672448
4,3023.61,grad,16618423808
4,3024.891,grad,16622093312
4,3026.189,grad,16626156544
4,3027.423,grad,16629302784
4,3028.655,grad,16632382464
4,3029.962,grad,16636969984
4,3031.221,grad,16638937088
4,3032.454,grad,16642540544
4,3033.683,grad,16643492864
4,3034.924,grad,16643528704
4,3036.186,grad,16643566592
4,3037.419,grad,16643593216
4,3038.684,grad,16643630592
4,3039.955,grad,16643666432
4,3041.215,grad,16595386880
4,3042.467,grad,16407757312
4,3043.742,grad,16320496128
4,3044.974,grad,16353591808
4,3046.213,grad,16386490880
4,3047.449,grad,16420995584
4,3048.712,grad,16452485632
4,3050.048,grad,16475783680
4,3051.304,grad,16397009408
4,3052.567,grad,16279339520
4,3053.842,grad,16150135296
4,3055.119,grad,16141500928
4,3061.287,grad,16141447680
4,3067.652,grad,16141455872
4,3074.004,grad,16141455872
4,3080.351,grad,16141455872
4,3084.802,grad,16141455872
4,3086.075,grad,16148933120
4,3089.015,grad,16156402176
4,3090.388,grad,16165839360
4,3091.659,grad,16181683712
4,3093.001,grad,16218289664
4,3094.245,grad,16365090304
4,3095.483,grad,16464770560
4,3097.58,grad,16457434624
4,3098.85,grad,16466871808
4,3100.124,grad,16505522688
4,3101.366,grad,16558021120
4,3102.625,grad,16820296192
4,3103.888,grad,16756570624
4,3105.795,grad,16750111232
4,3107.076,grad,16759548416
4,3108.339,grad,16782732800
4,3109.597,grad,16849911296
4,3110.866,grad,17034591744
4,3112.125,grad,17034661376
4,3114.134,grad,17042001408
4,3115.58,grad,17051438592
4,3116.892,grad,17074622976
4,3118.207,grad,17141801472
4,3119.531,grad,17326481920
4,3120.783,grad,17326551552
4,3122.818,grad,17333891584
4,3124.091,grad,17343328768
4,3125.347,grad,17381193216
4,3126.626,grad,17433691648
4,3127.881,grad,17618372096
4,3129.125,grad,17640465920
4,3130.999,grad,17625781760
4,3132.266,grad,17635218944
4,3133.548,grad,17673083392
4,3134.803,grad,17725581824
4,3136.065,grad,17910262272
4,3137.399,grad,17932356096
4,3139.306,grad,17917786624
4,3140.605,grad,17934449152
4,3141.896,grad,17950293504
4,3143.146,grad,18017472000
4,3144.407,grad,18163355136
4,3145.65,grad,18224246272
4,3147.486,grad,18209562112
4,3148.765,grad,18218999296
4,3150.038,grad,18242183680
4,3151.276,grad,18309362176
4,3152.542,grad,18571637248
4,3153.778,grad,18494116352
4,3155.675,grad,18501452288
4,3157.056,grad,18510889472
4,3158.346,grad,18534073856
4,3159.584,grad,18601252352
4,3160.83,grad,18863527424
4,3162.066,grad,18786006528
4,3164.021,grad,18793342464
4,3165.277,grad,18802779648
4,3166.519,grad,18840644096
4,3167.746,grad,18893142528
4,3168.983,grad,19155417600
4,3170.259,grad,19092576768
4,3172.211,grad,19085232640
4,3173.46,grad,19094669824
4,3174.734,grad,19132534272
4,3175.961,grad,19185032704
4,3177.193,grad,19369713152
4,3178.431,grad,19391806976
4,3180.305,grad,19377122816
4,3181.569,grad,19386560000
4,3182.859,grad,19409744384
4,3184.18,grad,19476922880
4,3185.43,grad,19739197952
4,3186.672,grad,19661677056
4,3188.634,grad,19669012992
4,3189.925,grad,19678450176
4,3191.228,grad,19716314624
4,3192.493,grad,19768813056
4,3193.789,grad,19953493504
4,3195.04,grad,19975587328
4,3196.856,grad,19960903168
4,3198.203,grad,19970340352
4,3199.497,grad,19993524736
4,3200.747,grad,20060703232
4,3202.013,grad,20245383680
4,3203.249,grad,20245457408
4,3205.236,grad,20252793344
4,3206.507,grad,20262230528
4,3207.767,grad,20300094976
4,3209.035,grad,20352593408
4,3210.299,grad,20537273856
4,3211.548,grad,20559367680
4,3213.399,grad,20544798208
4,3214.693,grad,20561460736
4,3215.992,grad,20591985152
4,3217.31,grad,20659163648
4,3218.57,grad,20829164032
4,3219.816,grad,20851257856
4,3221.65,grad,20836573696
4,3222.926,grad,20846010880
4,3224.196,grad,20883875328
4,3225.428,grad,20936373760
4,3226.66,grad,21121054208
4,3227.903,grad,21135808000
4,3229.76,grad,21128463872
4,3231.011,grad,21137901056
4,3232.26,grad,21175765504
4,3233.53,grad,21228263936
4,3234.759,grad,21490539008
4,3235.986,grad,21413022208
4,3237.902,grad,21420354048
4,3240.014,grad,21429791232
4,3241.28,grad,21452975616
4,3242.519,grad,21481356800
4,3243.749,grad,21704834560
4,3244.981,grad,21704904192
4,3246.98,grad,21712244224
4,3248.236,grad,21721681408
4,3249.508,grad,21759545856
4,3250.761,grad,21826724352
4,3252.016,grad,21957927424
4,3253.292,grad,22011478528
4,3255.174,grad,22004134400
4,3256.432,grad,22013571584
4,3257.756,grad,22051436032
4,3259.023,grad,22118614528
4,3260.295,grad,22249817600
4,3263.149,grad,22296024576
4,3264.408,grad,22305461760
4,3265.685,grad,22343326208
4,3266.953,grad,22395824640
4,3268.194,grad,22541707776
4,3269.426,grad,22602598912
4,3271.336,grad,22587914752
4,3272.591,grad,22597351936
4,3273.909,grad,22620536320
4,3275.149,grad,22687714816
4,3276.41,grad,22833597952
4,3277.667,grad,22894489088
4,3279.489,grad,22879804928
4,3280.873,grad,22889242112
4,3282.171,grad,22912426496
4,3283.41,grad,22940807680
4,3284.653,grad,23164285440
4,3285.899,grad,23164355072
4,3287.855,grad,23171695104
4,3289.106,grad,23181132288
4,3290.349,grad,23218996736
4,3291.582,grad,23286175232
4,3292.846,grad,23456175616
4,3294.099,grad,23456253440
4,3296.0,grad,23463585280
4,3297.258,grad,23473022464
4,3298.514,grad,23496206848
4,3299.837,grad,23578065408
4,3301.102,grad,23709268480
4,3302.341,grad,23770159616
4,3304.261,grad,23755475456
4,3305.521,grad,23764912640
4,3306.777,grad,23802777088
4,3308.016,grad,23855275520
4,3309.261,grad,24039955968
4,3310.51,grad,24062049792
4,3312.41,grad,24047365632
4,3313.671,grad,24056802816
4,3314.98,grad,24079987200
4,3316.214,grad,24147165696
4,3317.458,grad,24409440768
4,3318.748,grad,24331919872
4,3319.988,grad,25881729536
4,3322.297,grad,25251514368
4,3323.561,grad,24940087808
4,3324.817,grad,24940087808
4,3326.054,grad,24940087808
4,3327.285,grad,24940087808
4,3328.521,grad,24361268736
4,3329.819,grad,24320464384
4,3331.054,grad,24239003136
4,3332.288,grad,24142206464
4,3333.55,grad,24103929344
4,3334.891,grad,24093771264
4,3336.905,grad,24060101120
4,3338.168,grad,24078909952
4,3339.852,grad,24055218688
4,3341.091,grad,24059970048
4,3342.404,grad,24040829440
4,3343.749,grad,23958647296
4,3345.033,grad,23869190656
4,3346.307,grad,23823507968
4,3347.557,grad,23813415424
4,3349.516,grad,23779745280
4,3350.786,grad,23798488576
4,3352.418,grad,23774862848
4,3353.665,grad,23779614208
4,3354.916,grad,23799205376
4,3356.161,grad,23678291456
4,3357.4,grad,23550037504
4,3358.717,grad,23528930816
4,3359.97,grad,23500962304
4,3361.756,grad,23499389440
4,3363.06,grad,23518198272
4,3364.659,grad,23494507008
4,3365.918,grad,23499274752
4,3367.154,grad,23480052224
4,3368.384,grad,23390595584
4,3369.624,grad,23308478976
4,3370.866,grad,23248116224
4,3372.105,grad,23220082176
4,3373.824,grad,23219033600
4,3375.679,grad,23238235648
4,3377.821,grad,23214151168
4,3379.092,grad,23218902528
4,3380.347,grad,23160899072
4,3381.59,grad,23078782464
4,3382.866,grad,22981985792
4,3384.206,grad,22968219136
4,3385.451,grad,22940250624
4,3387.182,grad,22938677760
4,3388.426,grad,22957879808
4,3390.061,grad,22933795328
4,3391.309,grad,22938546688
4,3392.566,grad,22880543232
4,3393.814,grad,22798426624
4,3395.061,grad,22708969984
4,3396.302,grad,22687404544
4,3397.543,grad,22659370496
4,3399.34,grad,22658321920
4,3400.588,grad,22677523968
4,3402.246,grad,22653439488
4,3403.486,grad,22658199040
4,3404.733,grad,22677847552
4,3405.969,grad,22564273664
4,3407.212,grad,22460136960
4,3408.459,grad,22421794304
4,3409.708,grad,22411701760
4,3410.983,grad,22385371648
4,3412.236,grad,22408374784
4,3413.64,grad,22372657664
4,3414.89,grad,22380489216
4,3416.372,grad,22377912832
4,3417.641,grad,22436354560
4,3418.936,grad,22276643328
4,3420.189,grad,22209141248
4,3421.43,grad,22140979712
4,3422.681,grad,22131927552
4,3423.97,grad,22097675776
4,3425.241,grad,22127035904
4,3426.488,grad,22116484608
4,3428.105,grad,22092793344
4,3429.369,grad,22097548800
4,3430.605,grad,22078338560
4,3431.848,grad,21988947456
4,3433.08,grad,21906830848
4,3434.315,grad,21846533632
4,3435.551,grad,21834278400
4,3437.532,grad,21817385472
4,3438.774,grad,21836587520
4,3440.368,grad,21812503040
4,3441.605,grad,21817262592
4,3442.853,grad,21798048256
4,3444.089,grad,21708657152
4,3445.323,grad,21626540544
4,3446.555,grad,21580923392
4,3447.789,grad,21568668160
4,3449.02,grad,21537095168
4,3450.257,grad,21567045120
4,3451.641,grad,21531721216
4,3452.897,grad,21539552768
4,3454.349,grad,21536964096
4,3455.605,grad,21478960640
4,3456.853,grad,21428301312
4,3458.09,grad,21338844672
4,3459.324,grad,21300567552
4,3460.579,grad,21265243648
4,3462.543,grad,21256739328
4,3463.808,grad,21275548160
4,3465.369,grad,21251856896
4,3466.631,grad,21256620544
4,3467.879,grad,21237467648
4,3469.115,grad,21162691072
4,3470.354,grad,21058554368
4,3471.593,grad,21020211712
4,3472.837,grad,21009070592
4,3474.072,grad,20976449024
4,3475.306,grad,21006398976
4,3476.655,grad,20971075072
4,3477.91,grad,20978906624
4,3479.158,grad,20976317952
4,3480.444,grad,20957177344
4,3481.688,grad,20836263424
4,3482.932,grad,20739466752
4,3484.164,grad,20725241344
4,3485.397,grad,20697207296
4,3487.202,grad,20696158720
4,3488.443,grad,20715360768
4,3490.051,grad,20691276288
4,3491.295,grad,20703367680
4,3492.553,grad,20674462208
4,3493.744,grad,20594377216
4,3495.017,grad,20512719360
4,3496.252,grad,20473852416
4,3497.493,grad,20450120192
4,3498.759,grad,20423208448
4,3500.011,grad,20415868416
4,3501.271,grad,20434677248
4,3502.862,grad,20410985984
4,3504.104,grad,20415753728
4,3505.341,grad,20435394048
4,3506.578,grad,20314480128
4,3507.829,grad,20225023488
4,3509.069,grad,20179406336
4,3510.308,grad,20135578112
4,3512.18,grad,20135578112
4,3513.424,grad,20154780160
4,3515.032,grad,20130695680
4,3516.272,grad,20135447040
4,3517.516,grad,20077509120
4,3518.781,grad,20026849792
4,3520.018,grad,19945126400
4,3521.252,grad,19884763648
4,3522.493,grad,19856729600
4,3524.304,grad,19855681024
4,3525.566,grad,19874489856
4,3527.119,grad,19850798592
4,3528.363,grad,19848209920
4,3529.614,grad,19833984512
4,3530.897,grad,19754292736
4,3532.133,grad,19672110592
4,3533.515,grad,19619087872
4,3534.845,grad,19606898176
4,3536.825,grad,19575325184
4,3538.167,grad,19594068480
4,3539.88,grad,19570442752
4,3541.137,grad,19575194112
4,3542.392,grad,19555987968
4,3543.747,grad,19474002432
4,3545.021,grad,19391820288
4,3546.354,grad,19338797568
4,3547.623,grad,19302490624
4,3549.581,grad,19295034880
4,3550.914,grad,19313909248
4,3552.321,grad,19290152448
4,3553.576,grad,19294912000
4,3554.895,grad,19275763200
4,3556.187,grad,19193712128
4,3557.454,grad,19111529984
4,3558.8,grad,19058507264
4,3560.043,grad,19030588928
4,3561.922,grad,19014744576
4,3563.205,grad,19033618944
4,3564.64,grad,19009862144
4,3565.886,grad,19021953536
4,3567.134,grad,18995472896
4,3568.37,grad,18913356288
4,3569.628,grad,18816559616
4,3570.882,grad,18763536896
4,3572.138,grad,18735502848
4,3573.885,grad,18734454272
4,3575.181,grad,18753328640
4,3576.602,grad,18729571840
4,3577.852,grad,18734323200
4,3579.098,grad,18676319744
4,3580.355,grad,18633065984
4,3581.591,grad,18497537536
4,3582.912,grad,18483770880
4,3584.153,grad,18456850944
4,3585.786,grad,18454229504
4,3587.07,grad,18473103872
4,3588.498,grad,18449347072
4,3589.739,grad,18454106624
4,3590.986,grad,18434892288
4,3592.26,grad,18345435648
4,3593.505,grad,18224521728
4,3594.75,grad,18202956288
4,3595.98,grad,18175446528
4,3597.639,grad,18173873664
4,3598.924,grad,18192748032
4,3600.391,grad,18168991232
4,3601.646,grad,18173742592
4,3602.908,grad,18154601984
4,3604.156,grad,18072485376
4,3605.406,grad,17975688704
4,3606.765,grad,17937411584
4,3608.063,grad,17901039104
4,3609.998,grad,17893583360
4,3611.275,grad,17912392192
4,3612.822,grad,17888700928
4,3614.06,grad,17893452288
4,3615.301,grad,17874246144
4,3616.598,grad,17784855040
4,3617.861,grad,17678621184
4,3619.119,grad,17642768896
4,3620.355,grad,17614341632
4,3621.885,grad,17613293056
4,3623.135,grad,17632167424
4,3624.589,grad,17608410624
4,3625.848,grad,17613161984
4,3627.102,grad,17593955840
4,3628.353,grad,17465701888
4,3629.599,grad,17376310784
4,3630.897,grad,17362544128
4,3632.135,grad,17336148480
4,3633.694,grad,17333002752
4,3634.993,grad,17351877120
4,3636.424,grad,17328120320
4,3637.685,grad,17347551744
4,3638.94,grad,17313731072
4,3640.184,grad,17246294528
4,3641.417,grad,17156837888
4,3642.655,grad,17096475136
4,3643.899,grad,17069605376
4,3645.731,grad,17052712448
4,3647.02,grad,17071619584
4,3648.44,grad,17046945280
4,3649.684,grad,17051713024
4,3650.927,grad,17071287808
4,3652.154,grad,16950373888
4,3653.383,grad,16823070208
4,3654.67,grad,16801963520
4,3655.918,grad,16774781440
4,3657.469,grad,16771635712
4,3658.762,grad,16790542848
4,3660.208,grad,16766753280
4,3661.44,grad,16771504640
4,3662.674,grad,16752298496
4,3663.914,grad,16637807104
4,3665.143,grad,16548416000
4,3666.376,grad,16527309312
4,3667.624,grad,16486233600
4,3669.259,grad,16482825728
4,3670.56,grad,16501732864
4,3671.99,grad,16477943296
4,3673.241,grad,16468014592
4,3674.494,grad,16468014592
4,3675.738,grad,16468014592
4,3679.329,grad,16468014080
4,3681.04,grad,16468014080
4,3682.311,grad,16468014080
4,3686.735,grad,16468014080
4,3687.995,grad,16468014592
4,3690.219,grad,16468014080
4,3691.473,grad,16468081152
4,3692.74,grad,16468016128
4,3694.002,grad,16468474368
4,3695.243,grad,16468015616
4,3696.484,grad,16468016128
4,3697.743,grad,16468018176
4,3698.979,grad,16468933120
4,3700.213,grad,16468081152
4,3701.501,grad,16468017664
4,3702.795,grad,16468081152
4,3704.213,grad,16468474880
4,3705.531,grad,16468018176
4,3706.85,grad,16468018176
4,3708.155,grad,16468474368
4,3709.404,grad,16468081152
4,3710.679,grad,16468016128
4,3711.979,grad,16468017664
4,3713.25,grad,16468474880
4,3714.526,grad,16468474880
4,3715.857,grad,16468017664
4,3717.206,grad,16468081152
4,3718.472,grad,16468016128
4,3719.741,grad,16468018176
4,3721.004,grad,16468016128
4,3722.251,grad,16468474368
4,3723.495,grad,16468015616
4,3724.744,grad,16468016128
4,3725.99,grad,16468018176
4,3727.325,grad,16468474368
4,3728.579,grad,16468081664
4,3729.828,grad,16468017664
4,3731.068,grad,16468081664
4,3732.302,grad,16468474880
4,3733.538,grad,16468539904
4,3734.776,grad,16468016128
4,3736.049,grad,16468474368
4,3737.306,grad,16468016128
4,3738.555,grad,16468017664
4,3739.744,grad,16468082176
4,3740.982,grad,16471132672
4,3742.249,grad,16474213376
4,3743.486,grad,16479095296
4,3744.792,grad,16481291776
4,3746.032,grad,16486009856
4,3747.289,grad,16489187840
4,3748.563,grad,16494823936
4,3749.867,grad,16500395520
4,3751.167,grad,16501901824
4,3752.407,grad,16508094976
4,3753.649,grad,16511273472
4,3754.918,grad,16516680192
4,3756.213,grad,16521792000
4,3757.545,grad,16524872704
4,3758.749,grad,16529459712
4,3760.067,grad,16531426816
4,3761.344,grad,16535259648
4,3762.656,grad,16538930688
4,3763.93,grad,16542009856
4,3765.174,grad,16546598400
4,3766.435,grad,16547645952
4,3767.737,grad,16552462848
4,3768.982,grad,16555084288
4,3770.228,grad,16559148032
4,3771.541,grad,16563572736
4,3772.838,grad,16565078528
4,3774.075,grad,16569600512
4,3775.335,grad,16572451840
4,3776.606,grad,16576580096
4,3777.88,grad,16579726336
4,3779.13,grad,16582806528
4,3780.384,grad,16587098624
4,3781.682,grad,16589654528
4,3782.929,grad,16593717760
4,3784.217,grad,16597092864
4,3785.471,grad,16601221632
4,3786.718,grad,16605448704
4,3788.003,grad,16608004608
4,3789.254,grad,16611609088
4,3790.499,grad,16615215104
4,3791.753,grad,16618294272
4,3793.001,grad,16623243264
4,3794.245,grad,16624061440
4,3795.556,grad,16628812288
4,3796.812,grad,16631433728
4,3798.061,grad,16635497472
4,3799.328,grad,16639856640
4,3800.562,grad,16641788416
4,3801.805,grad,16641319936
4,3803.039,grad,16641357312
4,3804.272,grad,16641395200
4,3805.504,grad,16641422336
4,3806.773,grad,16641460224
4,3808.052,grad,16640575488
4,3809.303,grad,16448915456
4,3810.566,grad,16314927104
4,3811.833,grad,16344287232
4,3813.098,grad,16378398720
4,3814.33,grad,16413591552
4,3815.568,grad,16445442048
4,3816.824,grad,16479422464
4,3818.1,grad,16367650816
4,3819.428,grad,16248178688
4,3820.734,grad,16141811200
4,3822.008,grad,16141650944
4,3827.659,grad,16141645824
4,3834.107,grad,16141654016
4,3840.492,grad,16141654016
4,3846.855,grad,16141654016
4,3850.962,grad,16141654016
4,3852.223,grad,16149131264
4,3855.183,grad,16156600320
4,3856.543,grad,16166037504
4,3857.819,grad,16181881856
4,3859.16,grad,16217603072
4,3860.399,grad,16441080832
4,3861.673,grad,16448490496
4,3863.695,grad,16455830528
4,3864.963,grad,16465267712
4,3866.236,grad,16488452096
4,3867.518,grad,16555630592
4,3868.774,grad,16701513728
4,3870.042,grad,16755064832
4,3871.925,grad,16747720704
4,3873.195,grad,16757157888
4,3874.5,grad,16780342272
4,3875.762,grad,16847520768
4,3877.011,grad,17109795840
4,3878.281,grad,17032274944
4,3880.199,grad,17039610880
4,3881.681,grad,17049048064
4,3882.955,grad,17072232448
4,3884.199,grad,17139410944
4,3885.465,grad,17285294080
4,3886.711,grad,17338845184
4,3888.576,grad,17331501056
4,3889.852,grad,17340938240
4,3891.107,grad,17378802688
4,3892.349,grad,17431301120
4,3893.612,grad,17577184256
4,3894.859,grad,17630735360
4,3896.71,grad,17623391232
4,3897.976,grad,17632828416
4,3899.234,grad,17670692864
4,3900.467,grad,17723191296
4,3901.746,grad,17830277120
4,3903.08,grad,17922621440
4,3905.144,grad,17915281408
4,3906.429,grad,17924718592
4,3907.78,grad,17962583040
4,3909.074,grad,18029761536
4,3910.32,grad,18199761920
4,3911.574,grad,18221855744
4,3913.418,grad,18207171584
4,3914.685,grad,18216608768
4,3915.946,grad,18254473216
4,3917.179,grad,18321651712
4,3918.49,grad,18452854784
4,3919.908,grad,18499061760
4,3921.505,grad,18499061760
4,3922.889,grad,18508498944
4,3924.198,grad,18531683328
4,3925.486,grad,18598861824
4,3926.786,grad,18705947648
4,3928.038,grad,18805636096
4,3929.81,grad,18790951936
4,3931.075,grad,18800389120
4,3932.324,grad,18823573504
4,3933.561,grad,18890752000
4,3934.828,grad,19075432448
4,3936.068,grad,19075506176
4,3937.947,grad,19082842112
4,3939.217,grad,19099619328
4,3940.463,grad,19130209280
4,3941.699,grad,19197387776
4,3942.94,grad,19335865344
4,3945.579,grad,19374732288
4,3946.854,grad,19391509504
4,3948.102,grad,19422099456
4,3949.351,grad,19489277952
4,3950.593,grad,19620415488
4,3953.295,grad,19666622464
4,3954.551,grad,19676059648
4,3955.839,grad,19713924096
4,3957.069,grad,19781102592
4,3958.371,grad,19912305664
4,3961.107,grad,19958512640
4,3962.437,grad,19967949824
4,3963.719,grad,19991134208
4,3964.995,grad,20058312704
4,3966.253,grad,20204195840
4,3967.483,grad,20265086976
4,3969.293,grad,20250402816
4,3970.556,grad,20259840000
4,3971.816,grad,20297704448
4,3973.047,grad,20364882944
4,3974.28,grad,20496086016
4,3977.152,grad,20542292992
4,3978.408,grad,20551730176
4,3979.679,grad,20589594624
4,3980.948,grad,20656773120
4,3982.227,grad,20787976192
4,3984.97,grad,20834183168
4,3986.225,grad,20843620352
4,3987.47,grad,20881484800
4,3988.744,grad,20948728832
4,3990.0,grad,21087206400
4,3992.742,grad,21126073344
4,3994.041,grad,21135510528
4,3995.313,grad,21173374976
4,3996.561,grad,21240553472
4,3997.865,grad,21371756544
4,4000.631,grad,21417963520
4,4001.997,grad,21427400704
4,4003.296,grad,21450585088
4,4004.567,grad,21517763584
4,4005.827,grad,21702444032
4,4007.076,grad,21731877888
4,4008.854,grad,21709853696
4,4010.116,grad,21726630912
4,4011.361,grad,21757220864
4,4012.622,grad,21824399360
4,4013.885,grad,21962876928
4,4016.528,grad,22001743872
4,4017.799,grad,22018521088
4,4019.075,grad,22049111040
4,4020.343,grad,22116289536
4,4021.602,grad,22254767104
4,4024.234,grad,22293634048
4,4025.516,grad,22303071232
4,4026.811,grad,22326255616
4,4028.047,grad,22393434112
4,4029.29,grad,22578114560
4,4030.54,grad,22607548416
4,4032.341,grad,22585524224
4,4033.621,grad,22602301440
4,4034.882,grad,22632891392
4,4036.115,grad,22700069888
4,4037.347,grad,22838547456
4,4039.988,grad,22877414400
4,4041.333,grad,22886851584
4,4042.592,grad,22910035968
4,4043.84,grad,22977214464
4,4045.075,grad,23123097600
4,4046.316,grad,23183988736
4,4048.181,grad,23169304576
4,4049.46,grad,23178741760
4,4050.736,grad,23217654784
4,4051.971,grad,23284833280
4,4053.249,grad,23416036352
4,4056.037,grad,23462243328
4,4057.334,grad,23471680512
4,4058.686,grad,23509544960
4,4060.051,grad,23562043392
4,4061.307,grad,23746723840
4,4062.567,grad,23761469440
4,4064.642,grad,23754133504
4,4065.907,grad,23763570688
4,4067.18,grad,23801435136
4,4068.412,grad,23853933568
4,4069.665,grad,24038614016
4,4070.969,grad,24053367808
4,4072.844,grad,24046023680
4,4074.164,grad,24055460864
4,4075.451,grad,24078645248
4,4076.694,grad,24145823744
4,4077.938,grad,24408098816
4,4079.196,grad,24330577920
4,4080.508,grad,25880387072
4,4082.95,grad,25250172416
4,4084.254,grad,24938745856
4,4085.496,grad,24938745856
4,4086.734,grad,24938745856
4,4087.964,grad,24938747904
4,4089.253,grad,24359918592
4,4090.576,grad,24279899136
4,4091.853,grad,24236579840
4,4093.123,grad,24147123200
4,4094.378,grad,24101506048
4,4095.625,grad,24091347968
4,4097.646,grad,24057677824
4,4098.93,grad,24076486656
4,4101.497,grad,24052795392
4,4102.773,grad,24057563136
4,4104.019,grad,24038340608
4,4105.255,grad,23956289536
4,4106.493,grad,23828756480
4,4107.751,grad,23807191040
4,4109.024,grad,23779156992
4,4110.788,grad,23778108416
4,4112.049,grad,23796851712
4,4113.625,grad,23773225984
4,4114.883,grad,23777993728
4,4116.121,grad,23759623168
4,4117.359,grad,23671149568
4,4118.633,grad,23550235648
4,4119.95,grad,23528670208
4,4121.218,grad,23500636160
4,4123.027,grad,23499587584
4,4124.315,grad,23518396416
4,4125.961,grad,23494705152
4,4127.213,grad,23499472896
4,4128.467,grad,23441453056
4,4129.772,grad,23366676480
4,4131.037,grad,23262539776
4,4132.368,grad,23248773120
4,4133.606,grad,23220804608
4,4135.299,grad,23218183168
4,4136.556,grad,23236992000
4,4138.3,grad,23213300736
4,4139.567,grad,23218052096
4,4140.84,grad,23198845952
4,4142.082,grad,23077932032
4,4143.316,grad,22981135360
4,4144.552,grad,22966909952
4,4145.786,grad,22938875904
4,4147.582,grad,22937827328
4,4149.188,grad,22956570624
4,4150.885,grad,22932944896
4,4152.145,grad,22937696256
4,4153.381,grad,22916130816
4,4154.695,grad,22836439040
4,4155.939,grad,22754256896
4,4157.197,grad,22700775424
4,4158.434,grad,22698539008
4,4159.675,grad,22664811520
4,4160.956,grad,22687421440
4,4162.329,grad,22652097536
4,4163.576,grad,22659929088
4,4164.825,grad,22672020480
4,4166.063,grad,22630794240
4,4167.293,grad,22548677632
4,4168.523,grad,22435103744
4,4169.763,grad,22421337088
4,4171.013,grad,22379212800
4,4172.594,grad,22377115648
4,4173.843,grad,22395858944
4,4175.461,grad,22372233216
4,4176.701,grad,22376984576
4,4177.951,grad,22355419136
4,4179.229,grad,22275727360
4,4180.471,grad,22193545216
4,4181.759,grad,22140522496
4,4182.998,grad,22122041344
4,4184.251,grad,22097808384
4,4185.484,grad,22126644224
4,4186.911,grad,22091385856
4,4188.178,grad,22099217408
4,4189.413,grad,22125984768
4,4190.668,grad,22031285248
4,4191.952,grad,21949168640
4,4193.207,grad,21859712000
4,4194.542,grad,21845945344
4,4195.779,grad,21819025408
4,4197.416,grad,21816403968
4,4198.659,grad,21835212800
4,4200.187,grad,21811521536
4,4201.442,grad,21816272896
4,4202.683,grad,21797066752
4,4203.926,grad,21676152832
4,4205.161,grad,21579356160
4,4206.434,grad,21565589504
4,4207.673,grad,21538145280
4,4209.336,grad,21536048128
4,4210.611,grad,21554922496
4,4212.092,grad,21531165696
4,4213.335,grad,21543257088
4,4214.586,grad,21514351616
4,4215.869,grad,21434659840
4,4217.112,grad,21352477696
4,4218.438,grad,21299454976
4,4219.716,grad,21289362432
4,4221.63,grad,21255692288
4,4222.978,grad,21274566656
4,4224.619,grad,21250809856
4,4225.908,grad,21255561216
4,4227.156,grad,21197557760
4,4228.4,grad,21154238464
4,4229.643,grad,21033324544
4,4231.008,grad,21004877824
4,4232.324,grad,20977957888
4,4234.107,grad,20975336448
4,4235.347,grad,20994079744
4,4236.912,grad,20970454016
4,4238.156,grad,20975205376
4,4239.393,grad,20918053888
4,4240.634,grad,20835937280
4,4241.906,grad,20746480640
4,4243.192,grad,20725373952
4,4244.424,grad,20696881152
4,4246.187,grad,20695832576
4,4247.514,grad,20714706944
4,4249.002,grad,20690950144
4,4250.265,grad,20703041536
4,4251.525,grad,20676560896
4,4252.777,grad,20594378752
4,4254.013,grad,20519602176
4,4255.352,grad,20459239424
4,4256.598,grad,20439709696
4,4258.528,grad,20415476736
4,4259.793,grad,20434285568
4,4261.307,grad,20410594304
4,4262.56,grad,20415349760
4,4263.81,grad,20434936832
4,4265.047,grad,20321362944
4,4266.28,grad,20217226240
4,4267.511,grad,20178949120
4,4268.744,grad,20142576640
4,4270.701,grad,20135120896
4,4271.979,grad,20153929728
4,4273.486,grad,20130238464
4,4274.735,grad,20149673984
4,4275.974,grad,20193443840
4,4277.221,grad,20033667072
4,4278.463,grad,19936870400
4,4279.694,grad,19898527744
4,4280.953,grad,19888435200
4,4282.936,grad,19854765056
4,4284.182,grad,19873573888
4,4285.776,grad,19849882624
4,4287.011,grad,19861974016
4,4288.302,grad,19835493376
4,4289.542,grad,19768056832
4,4290.788,grad,19671260160
4,4292.116,grad,19618237440
4,4293.357,grad,19591367680
4,4295.359,grad,19574474752
4,4296.673,grad,19593349120
4,4298.165,grad,19569592320
4,4299.427,grad,19574343680
4,4300.683,grad,19516733440
4,4301.958,grad,19434616832
4,4303.203,grad,19337820160
4,4304.46,grad,19324053504
4,4305.704,grad,19296084992
4,4307.421,grad,19294512128
4,4308.713,grad,19313386496
4,4310.249,grad,19289629696
4,4311.506,grad,19294381056
4,4312.764,grad,19275240448
4,4314.005,grad,19161666560
4,4315.243,grad,19057529856
4,4316.476,grad,19043304448
4,4317.708,grad,19015270400
4,4319.437,grad,19014221824
4,4320.691,grad,19032965120
4,4322.338,grad,19009339392
4,4323.606,grad,19021430784
4,4324.929,grad,18995015680
4,4326.194,grad,18927579136
4,4327.432,grad,18838056960
4,4328.69,grad,18777694208
4,4329.935,grad,18758688768
4,4331.178,grad,18733931520
4,4332.491,grad,18764340224
4,4333.753,grad,18728557568
4,4335.007,grad,18736389120
4,4336.257,grad,18733800448
4,4337.492,grad,18714659840
4,4338.737,grad,18586405888
4,4339.974,grad,18511629312
4,4341.302,grad,18483182592
4,4342.566,grad,18455738368
4,4344.311,grad,18453641216
4,4345.582,grad,18472843264
4,4347.256,grad,18448758784
4,4348.516,grad,18453510144
4,4349.781,grad,18434369536
4,4351.038,grad,18352252928
4,4352.312,grad,18216658944
4,4353.629,grad,18202892288
4,4354.884,grad,18175972352
4,4356.634,grad,18173350912
4,4357.911,grad,18192159744
4,4359.426,grad,18168468480
4,4360.67,grad,18173219840
4,4361.973,grad,18154144768
4,4363.245,grad,18071962624
4,4364.535,grad,17975165952
4,4365.809,grad,17936823296
4,4367.056,grad,17925682176
4,4368.999,grad,17893060608
4,4370.31,grad,17911934976
4,4371.828,grad,17888178176
4,4373.084,grad,17892933632
4,4374.326,grad,17912586240
4,4375.561,grad,17784332288
4,4376.747,grad,17709555712
4,4377.981,grad,17656532992
4,4379.219,grad,17646440448
4,4381.174,grad,17612770304
4,4382.42,grad,17631579136
4,4383.97,grad,17607887872
4,4385.223,grad,17612639232
4,4386.46,grad,17593498624
4,4387.69,grad,17504041984
4,4388.93,grad,17383128064
4,4390.165,grad,17361562624
4,4391.401,grad,17333528576
4,4393.215,grad,17332480000
4,4394.469,grad,17351288832
4,4396.052,grad,17327597568
4,4397.309,grad,17332348928
4,4398.551,grad,17310783488
4,4399.81,grad,17231157248
4,4401.046,grad,17148975104
4,4402.283,grad,17095493632
4,4403.536,grad,17076422656
4,4404.77,grad,17052189696
4,4406.001,grad,17081615360
4,4407.268,grad,17071064064
4,4408.771,grad,17047307264
4,4410.012,grad,17052075008
4,4411.266,grad,17071715328
4,4412.515,grad,16943461376
4,4413.76,grad,16854004736
4,4415.002,grad,16815662080
4,4416.24,grad,16803472384
4,4417.473,grad,16779239424
4,4418.74,grad,16801783808
4,4420.164,grad,16766525440
4,4421.407,grad,16774356992
4,4422.651,grad,16786444288
4,4423.912,grad,16752627712
4,4425.18,grad,16639053824
4,4426.419,grad,16542257152
4,4427.65,grad,16513351680
4,4428.893,grad,16485317632
4,4430.63,grad,16484006912
4,4431.949,grad,16502914048
4,4433.462,grad,16479124480
4,4434.713,grad,16469195776
4,4435.963,grad,16469195776
4,4437.198,grad,16469195776
4,4438.425,grad,16469195776
4,4439.812,grad,16469195264
4,4441.721,grad,16469195264
4,4443.042,grad,16469195264
4,4444.416,grad,16469195264
4,4445.678,grad,16469195264
4,4449.559,grad,16469195264
4,4450.829,grad,16469195776
4,4453.08,grad,16469195264
4,4454.338,grad,16469656064
4,4455.627,grad,16469196800
4,4456.904,grad,16469655552
4,4458.15,grad,16469262336
4,4459.417,grad,16469198848
4,4460.679,grad,16469262848
4,4461.936,grad,16469196800
4,4463.222,grad,16469199360
4,4464.47,grad,16469199360
4,4465.746,grad,16470114304
4,4466.997,grad,16469655552
4,4468.256,grad,16469197312
4,4469.516,grad,16469655552
4,4470.762,grad,16469197312
4,4472.007,grad,16469196800
4,4473.313,grad,16469198848
4,4474.562,grad,16469656064
4,4475.816,grad,16469656064
4,4477.094,grad,16469196800
4,4478.365,grad,16469655552
4,4479.697,grad,16469196800
4,4481.1,grad,16469198848
4,4482.356,grad,16469199360
4,4483.619,grad,16469656064
4,4484.919,grad,16469262848
4,4486.209,grad,16469198848
4,4487.446,grad,16469656064
4,4488.677,grad,16469721088
4,4489.932,grad,16469196800
4,4491.2,grad,16469656064
4,4492.453,grad,16469197312
4,4493.703,grad,16469196800
4,4495.013,grad,16469198848
4,4496.254,grad,16469656064
4,4497.483,grad,16469721088
4,4498.713,grad,16469196800
4,4499.993,grad,16469655552
4,4501.257,grad,16469196800
4,4502.522,grad,16469198848
4,4503.77,grad,16469263360
4,4505.055,grad,16472315392
4,4506.325,grad,16475165184
4,4507.571,grad,16480048128
4,4508.871,grad,16481095680
4,4510.11,grad,16487354880
4,4511.346,grad,16490467328
4,4512.583,grad,16495186432
4,4513.902,grad,16499905536
4,4515.202,grad,16503541760
4,4516.438,grad,16509343232
4,4517.718,grad,16510849024
4,4518.976,grad,16517107712
4,4520.264,grad,16520581120
4,4521.5,grad,16526152192
4,4522.794,grad,16529757184
4,4524.127,grad,16532836352
4,4525.389,grad,16537032192
4,4526.637,grad,16538963968
4,4527.892,grad,16543551488
4,4529.168,grad,16545453056
4,4530.403,grad,16549122048
4,4531.67,grad,16551743488
4,4532.92,grad,16555806720
4,4534.252,grad,16559017984
4,4535.533,grad,16562098688
4,4536.814,grad,16566685696
4,4538.048,grad,16567439360
4,4539.302,grad,16572321792
4,4540.557,grad,16574943232
4,4541.786,grad,16579006464
4,4543.064,grad,16582217728
4,4544.335,grad,16585298432
4,4545.612,grad,16589885952
4,4546.945,grad,16590639104
4,4548.228,grad,16595292160
4,4549.524,grad,16597848064
4,4550.849,grad,16601453056
4,4552.171,grad,16605058048
4,4553.458,grad,16608137216
4,4554.758,grad,16612265984
4,4556.013,grad,16614133760
4,4557.276,grad,16618852864
4,4558.559,grad,16620819456
4,4559.753,grad,16624422912
4,4561.072,grad,16627044864
4,4562.358,grad,16630419968
4,4563.624,grad,16634023936
4,4564.893,grad,16636874752
4,4566.167,grad,16641363968
4,4567.396,grad,16643232256
4,4568.629,grad,16642828288
4,4569.873,grad,16642866688
4,4571.365,grad,16642906624
4,4572.612,grad,16642946048
4,4573.869,grad,16642985472
4,4575.122,grad,16561802752
4,4576.361,grad,16369978880
4,4577.608,grad,16326954496
4,4578.853,grad,16362999296
4,4580.089,grad,16397143552
4,4581.338,grad,16430042624
4,4582.566,grad,16464186880
4,4583.77,grad,16428502528
4,4585.022,grad,16304999936
4,4586.265,grad,16167570944
4,4587.498,grad,16141639168
4,4593.753,grad,16141581824
4,4600.142,grad,16141590016
4,4606.49,grad,16141590016
4,4612.861,grad,16141590016
4,4617.141,grad,16141590016
4,4618.43,grad,16149067264
4,4621.381,grad,16156536320
4,4622.822,grad,16165973504
4,4624.166,grad,16181817856
4,4625.57,grad,16217539072
4,4626.823,grad,16442982912
4,4628.058,grad,16465072640
4,4630.15,grad,16457732608
4,4631.401,grad,16467169792
4,4632.648,grad,16491795968
4,4633.894,grad,16520177152
4,4635.151,grad,16743654912
4,4636.384,grad,16743720448
4,4638.498,grad,16751064576
4,4639.75,grad,16760501760
4,4641.021,grad,16783686144
4,4642.255,grad,16850864640
4,4643.481,grad,17113139712
4,4644.741,grad,17035622912
4,4646.666,grad,17042954752
4,4648.11,grad,17052391936
4,4649.365,grad,17075576320
4,4650.598,grad,17103957504
4,4651.843,grad,17327435264
4,4653.073,grad,17342180864
4,4655.158,grad,17334844928
4,4656.419,grad,17344282112
4,4657.663,grad,17367466496
4,4658.903,grad,17434644992
4,4660.139,grad,17696920064
4,4661.365,grad,17634079232
4,4663.257,grad,17626735104
4,4664.54,grad,17636172288
4,4665.808,grad,17659356672
4,4667.053,grad,17726535168
4,4668.293,grad,17988810240
4,4669.523,grad,17925969408
4,4671.445,grad,17918625280
4,4672.705,grad,17928062464
4,4673.965,grad,17951246848
4,4675.244,grad,18018425344
4,4676.532,grad,18164308480
4,4677.794,grad,18217859584
4,4679.645,grad,18210515456
4,4681.175,grad,18219952640
4,4682.463,grad,18243137024
4,4683.739,grad,18271518208
4,4685.018,grad,18572590592
4,4686.29,grad,18495069696
4,4688.176,grad,18502405632
4,4689.561,grad,18511842816
4,4690.87,grad,18535027200
4,4692.139,grad,18602205696
4,4693.373,grad,18786886144
4,4694.608,grad,18801639936
4,4696.476,grad,18794295808
4,4697.737,grad,18803732992
4,4698.98,grad,18841597440
4,4700.218,grad,18908841472
4,4701.45,grad,19039979008
4,4704.207,grad,19086185984
4,4705.469,grad,19095623168
4,4706.721,grad,19118807552
4,4707.964,grad,19185986048
4,4709.198,grad,19331869184
4,4710.426,grad,19392760320
4,4712.224,grad,19378076160
4,4713.474,grad,19387513344
4,4714.736,grad,19410697728
4,4716.015,grad,19477876224
4,4717.253,grad,19623759360
4,4718.482,grad,19684650496
4,4720.275,grad,19669966336
4,4721.553,grad,19679403520
4,4722.824,grad,19717267968
4,4724.062,grad,19769766400
4,4725.356,grad,20032041472
4,4726.612,grad,19954520576
4,4728.551,grad,19961856512
4,4729.973,grad,19971293696
4,4731.245,grad,19994478080
4,4732.498,grad,20022859264
4,4733.733,grad,20246337024
4,4734.98,grad,20246402560
4,4737.13,grad,20253746688
4,4738.388,grad,20263183872
4,4739.632,grad,20286368256
4,4740.871,grad,20314749440
4,4742.131,grad,20538227200
4,4743.36,grad,20538296832
4,4745.43,grad,20545636864
4,4746.696,grad,20555074048
4,4747.971,grad,20578258432
4,4749.205,grad,20645436928
4,4750.465,grad,20907712000
4,4751.691,grad,20830195200
4,4753.629,grad,20837527040
4,4754.901,grad,20846964224
4,4756.19,grad,20870148608
4,4757.436,grad,20898529792
4,4758.706,grad,21122007552
4,4759.956,grad,21136757248
4,4762.033,grad,21129417216
4,4763.305,grad,21138854400
4,4764.577,grad,21162038784
4,4765.86,grad,21190419968
4,4767.142,grad,21413897728
4,4768.385,grad,21428647424
4,4770.546,grad,21421307392
4,4771.996,grad,21430744576
4,4773.266,grad,21446588928
4,4774.504,grad,21496994304
4,4775.796,grad,21613447680
4,4777.043,grad,21781350912
4,4779.437,grad,21713197568
4,4780.692,grad,21722634752
4,4781.955,grad,21738479104
4,4783.289,grad,21774200320
4,4784.542,grad,21920083456
4,4785.801,grad,22005083648
4,4788.091,grad,22005087744
4,4789.366,grad,22014524928
4,4790.621,grad,22037709312
4,4791.873,grad,22066090496
4,4793.125,grad,22289568256
4,4794.36,grad,22289633792
4,4796.633,grad,22296977920
4,4797.907,grad,22306415104
4,4799.158,grad,22329599488
4,4800.389,grad,22357980672
4,4801.616,grad,22503863808
4,4802.872,grad,22566843904
4,4805.161,grad,22588868096
4,4806.424,grad,22598305280
4,4807.696,grad,22621489664
4,4808.955,grad,22649870848
4,4810.196,grad,22795753984
4,4811.446,grad,22873414144
4,4813.609,grad,22880758272
4,4815.184,grad,22890195456
4,4816.455,grad,22906039808
4,4817.8,grad,22941761024
4,4819.051,grad,23165238784
4,4820.316,grad,23165304320
4,4822.477,grad,23172648448
4,4823.745,grad,23182085632
4,4825.017,grad,23197929984
4,4826.387,grad,23233651200
4,4827.639,grad,23457128960
4,4828.882,grad,23457194496
4,4831.024,grad,23464538624
4,4832.288,grad,23473975808
4,4833.548,grad,23497160192
4,4834.839,grad,23525541376
4,4836.076,grad,23671424512
4,4837.326,grad,23749084672
4,4839.486,grad,23756428800
4,4840.746,grad,23765865984
4,4841.999,grad,23781710336
4,4843.321,grad,23817431552
4,4844.555,grad,24040909312
4,4845.84,grad,24026294784
4,4848.027,grad,24048318976
4,4849.28,grad,24057756160
4,4850.522,grad,24073600512
4,4851.838,grad,24109321728
4,4853.069,grad,24332799488
4,4854.31,grad,24332865024
4,4855.563,grad,25882670080
4,4858.342,grad,25252467712
4,4859.612,grad,24941041152
4,4860.874,grad,24941041152
4,4862.119,grad,24941041152
4,4863.346,grad,24941041152
4,4864.575,grad,24332861952
4,4865.825,grad,24398717440
4,4867.073,grad,24239661568
4,4868.303,grad,24142864896
4,4869.539,grad,24104587776
4,4870.778,grad,24095478272
4,4872.702,grad,24060759552
4,4873.95,grad,24078978560
4,4875.932,grad,24055877120
4,4877.202,grad,24060628480
4,4878.437,grad,24041422336
4,4879.668,grad,23920508416
4,4880.915,grad,23823711744
4,4882.226,grad,23809945088
4,4883.464,grad,23782500864
4,4885.174,grad,23780403712
4,4886.416,grad,23799212544
4,4887.96,grad,23775521280
4,4889.213,grad,23780284928
4,4890.447,grad,23761066496
4,4891.687,grad,23678949888
4,4892.946,grad,23543355904
4,4894.185,grad,23529130496
4,4895.419,grad,23501096448
4,4897.151,grad,23500047872
4,4898.464,grad,23518922240
4,4899.999,grad,23495165440
4,4901.237,grad,23499916800
4,4902.467,grad,23480710656
4,4903.695,grad,23352456704
4,4904.935,grad,23263000064
4,4906.221,grad,23249233408
4,4907.468,grad,23221789184
4,4909.112,grad,23219692032
4,4910.356,grad,23238435328
4,4912.099,grad,23214809600
4,4913.358,grad,23219560960
4,4914.597,grad,23239152128
4,4915.853,grad,23118238208
4,4917.102,grad,22982644224
4,4918.344,grad,22968418816
4,4919.61,grad,22940384768
4,4921.416,grad,22939336192
4,4922.701,grad,22958145024
4,4924.272,grad,22934453760
4,4925.527,grad,22939213312
4,4926.76,grad,22919998976
4,4928.007,grad,22837882368
4,4929.248,grad,22741085696
4,4930.499,grad,22702743040
4,4931.743,grad,22683213312
4,4932.978,grad,22666320384
4,4934.228,grad,22688864768
4,4935.716,grad,22653606400
4,4936.97,grad,22661437952
4,4938.224,grad,22658849280
4,4939.458,grad,22678440448
4,4940.703,grad,22550186496
4,4941.973,grad,22468069888
4,4943.214,grad,22407707136
4,4944.453,grad,22378624512
4,4945.712,grad,22385964544
4,4947.028,grad,22408508928
4,4948.426,grad,22373250560
4,4949.689,grad,22381082112
4,4951.755,grad,22378493440
4,4953.02,grad,22320555520
4,4954.271,grad,22277236224
4,4955.508,grad,22149047808
4,4956.759,grad,22127482368
4,4958.005,grad,22099448320
4,4959.763,grad,22098399744
4,4961.007,grad,22117601792
4,4962.567,grad,22093517312
4,4963.835,grad,22098272768
4,4965.09,grad,22079062528
4,4966.326,grad,21989999104
4,4967.586,grad,21869085184
4,4968.886,grad,21847519744
4,4970.143,grad,21852885504
4,4971.399,grad,21818437120
4,4972.646,grad,21847862784
4,4973.928,grad,21820403200
4,4975.345,grad,21813554688
4,4976.635,grad,21818306048
4,4977.97,grad,21799099904
4,4979.217,grad,21709643264
4,4980.451,grad,21588729344
4,4981.793,grad,21567622656
4,4983.04,grad,21540178432
4,4984.649,grad,21538081280
4,4985.916,grad,21556824576
4,4987.519,grad,21533198848
4,4988.776,grad,21537950208
4,4990.069,grad,21518809600
4,4991.303,grad,21436692992
4,4992.548,grad,21354576384
4,4993.852,grad,21301553664
4,4995.114,grad,21282023936
4,4997.061,grad,21257790976
4,4998.395,grad,21276665344
4,4999.855,grad,21252908544
4,5001.104,grad,21257672192
4,5002.34,grad,21238453760
4,5003.578,grad,21148997120
4,5004.821,grad,21066946048
4,5006.081,grad,21021328896
4,5007.339,grad,20993345024
4,5009.274,grad,20977500672
4,5010.527,grad,20996309504
4,5012.162,grad,20972618240
4,5013.397,grad,20977369600
4,5014.641,grad,20919366144
4,5015.886,grad,20837249536
4,5017.124,grad,20786655744
4,5018.371,grad,20726292992
4,5019.61,grad,20698258944
4,5021.427,grad,20697210368
4,5022.777,grad,20716084736
4,5024.329,grad,20692327936
4,5025.59,grad,20697079296
4,5026.865,grad,20675513856
4,5028.134,grad,20595822080
4,5029.388,grad,20513705472
4,5030.751,grad,20460682752
4,5031.997,grad,20441210368
4,5033.234,grad,20424260096
4,5034.467,grad,20446870016
4,5035.801,grad,20411546112
4,5037.069,grad,20419377664
4,5038.332,grad,20446145024
4,5039.578,grad,20390242816
4,5040.821,grad,20284008960
4,5042.054,grad,20194617856
4,5043.365,grad,20166171136
4,5044.603,grad,20138726912
4,5046.255,grad,20136629760
4,5047.589,grad,20155438592
4,5049.196,grad,20131747328
4,5050.447,grad,20136510976
4,5051.693,grad,20117292544
4,5052.936,grad,20042515968
4,5054.169,grad,19938444800
4,5055.403,grad,19885487616
4,5056.641,grad,19856339456
4,5058.466,grad,19856339456
4,5059.787,grad,19875213824
4,5061.258,grad,19851457024
4,5062.493,grad,19863548416
4,5063.813,grad,19837067776
4,5065.07,grad,19754885632
4,5066.307,grad,19658154496
4,5067.549,grad,19619877376
4,5068.831,grad,19584553472
4,5070.663,grad,19576049152
4,5071.927,grad,19594857984
4,5073.457,grad,19571166720
4,5074.703,grad,19575930368
4,5075.948,grad,19595509248
4,5077.179,grad,19474595328
4,5078.412,grad,19346406912
4,5079.663,grad,19324841472
4,5080.906,grad,19296807424
4,5082.676,grad,19295758848
4,5083.921,grad,19314567680
4,5085.427,grad,19290876416
4,5086.668,grad,19295631872
4,5087.913,grad,19276421632
4,5089.155,grad,19186964992
4,5090.39,grad,19104913920
4,5091.619,grad,19044551168
4,5092.86,grad,19015468544
4,5094.702,grad,19015468544
4,5096.025,grad,19034342912
4,5097.434,grad,19010586112
4,5098.694,grad,19022677504
4,5099.993,grad,18996196864
4,5101.316,grad,18914080256
4,5102.574,grad,18846643712
4,5103.831,grad,18793162240
4,5105.082,grad,18765760000
4,5106.319,grad,18749858304
4,5107.569,grad,18749858304
4,5108.907,grad,18754052608
4,5110.345,grad,18730295808
4,5111.582,grad,18735059456
4,5112.827,grad,18715841024
4,5114.064,grad,18633724416
4,5115.296,grad,18536993280
4,5116.524,grad,18498716160
4,5117.763,grad,18462228992
4,5119.686,grad,18454887936
4,5121.001,grad,18473762304
4,5122.474,grad,18450005504
4,5123.713,grad,18454773248
4,5124.976,grad,18474348032
4,5126.244,grad,18353434112
4,5127.491,grad,18217905664
4,5128.758,grad,18203680256
4,5130.006,grad,18175646208
4,5131.771,grad,18174597632
4,5133.046,grad,18193406464
4,5134.661,grad,18169715200
4,5135.916,grad,18181806592
4,5137.187,grad,18155325952
4,5138.424,grad,18073143808
4,5139.677,grad,17983752704
4,5140.93,grad,17938070016
4,5142.173,grad,17918540288
4,5144.21,grad,17894307328
4,5145.456,grad,17913116160
4,5147.043,grad,17889424896
4,5148.293,grad,17894176256
4,5149.541,grad,17836172800
4,5150.776,grad,17754056192
4,5152.005,grad,17664665088
4,5153.354,grad,17643558400
4,5154.667,grad,17615589888
4,5156.464,grad,17614017024
4,5157.817,grad,17632956928
4,5159.299,grad,17609134592
4,5160.554,grad,17613894144
4,5161.747,grad,17672339968
4,5162.983,grad,17512563200
4,5164.223,grad,17437852160
4,5165.562,grad,17377489408
4,5166.817,grad,17367396864
4,5168.093,grad,17333726720
4,5169.382,grad,17363152384
4,5170.952,grad,17328352768
4,5172.204,grad,17336184320
4,5173.657,grad,17333595648
4,5174.921,grad,17314389504
4,5176.162,grad,17224932864
4,5177.403,grad,17104084480
4,5178.647,grad,17082519040
4,5179.927,grad,17053436416
4,5181.756,grad,17053436416
4,5182.999,grad,17072245248
4,5184.538,grad,17048553984
4,5185.782,grad,17053317632
4,5187.034,grad,17072896512
4,5188.274,grad,16951982592
4,5189.525,grad,16823794176
4,5190.769,grad,16802228736
4,5192.0,grad,16772752896
4,5193.777,grad,16771704320
4,5195.053,grad,16790939136
4,5196.627,grad,16766821888
4,5197.873,grad,16771573248
4,5199.108,grad,16752367104
4,5200.353,grad,16632337920
4,5201.582,grad,16547436032
4,5202.884,grad,16511649280
4,5204.116,grad,16484565504
4,5205.923,grad,16481845760
4,5207.165,grad,16501080576
4,5208.785,grad,16476963328
4,5210.04,grad,16467034624
4,5211.278,grad,16467034624
4,5212.507,grad,16467034624
4,5214.318,grad,16467034112
4,5216.235,grad,16467034112
4,5217.528,grad,16467034112
4,5218.84,grad,16467034112
4,5220.093,grad,16467034112
4,5223.903,grad,16467034112
4,5225.151,grad,16467034624
4,5227.429,grad,16467034112
4,5228.719,grad,16467101184
4,5229.994,grad,16467036160
4,5231.271,grad,16467494400
4,5232.503,grad,16467036160
4,5233.741,grad,16467037696
4,5235.018,grad,16467494400
4,5236.25,grad,16467036160
4,5237.511,grad,16467037696
4,5238.757,grad,16467037696
4,5240.003,grad,16467494400
4,5241.233,grad,16467559936
4,5242.459,grad,16467038208
4,5243.69,grad,16467494912
4,5244.927,grad,16467035648
4,5246.162,grad,16467037696
4,5247.413,grad,16467038208
4,5248.688,grad,16467494400
4,5249.977,grad,16467101184
4,5251.259,grad,16467037696
4,5252.532,grad,16467101184
4,5253.766,grad,16467494400
4,5255.004,grad,16467496448
4,5256.235,grad,16467035648
4,5257.461,grad,16467953152
4,5258.704,grad,16467035648
4,5260.033,grad,16467035648
4,5261.351,grad,16467037696
4,5262.585,grad,16467494912
4,5263.858,grad,16467559936
4,5265.12,grad,16467036160
4,5266.355,grad,16467494912
4,5267.624,grad,16467035648
4,5268.873,grad,16467038208
4,5270.194,grad,16467035648
4,5271.459,grad,16467494912
4,5272.698,grad,16467035648
4,5273.94,grad,16467037696
4,5275.216,grad,16467101184
4,5276.453,grad,16467494912
4,5277.708,grad,16468250624
4,5278.953,grad,16471693312
4,5280.206,grad,16474248704
4,5281.445,grad,16478148096
4,5282.682,grad,16482376192
4,5283.924,grad,16486012928
4,5285.194,grad,16491813376
4,5286.452,grad,16493319680
4,5287.748,grad,16499578368
4,5288.987,grad,16502462976
4,5290.247,grad,16507181056
4,5291.496,grad,16510359040
4,5292.734,grad,16515307008
4,5294.025,grad,16519567872
4,5295.261,grad,16523433472
4,5296.49,grad,16527955968
4,5297.734,grad,16532313600
4,5298.972,grad,16535985152
4,5300.252,grad,16537851392
4,5301.548,grad,16542438912
4,5302.79,grad,16543258112
4,5304.071,grad,16547911168
4,5305.307,grad,16550239232
4,5306.589,grad,16553842688
4,5307.859,grad,16556234240
4,5309.114,grad,16559904256
4,5310.407,grad,16563509760
4,5311.665,grad,16566359552
4,5312.907,grad,16569505792
4,5314.141,grad,16572880384
4,5315.371,grad,16576551424
4,5316.626,grad,16578057728
4,5317.865,grad,16583136768
4,5319.158,grad,16585038336
4,5320.444,grad,16588641792
4,5321.707,grad,16591033856
4,5322.95,grad,16594704384
4,5324.227,grad,16598309376
4,5325.499,grad,16601389056
4,5326.795,grad,16606469120
4,5328.089,grad,16608335360
4,5329.33,grad,16612922880
4,5330.582,grad,16613742592
4,5331.845,grad,16618330112
4,5333.102,grad,16620886528
4,5334.335,grad,16624261120
4,5335.625,grad,16626882048
4,5336.929,grad,16631076352
4,5338.224,grad,16634222080
4,5339.52,grad,16637302272
4,5340.775,grad,16641661440
4,5342.08,grad,16642708992
4,5343.344,grad,16642669056
4,5344.582,grad,16642705408
4,5345.849,grad,16642742272
4,5347.414,grad,16642778624
4,5348.682,grad,16642816512
4,5349.941,grad,16606663680
4,5351.206,grad,16432600064
4,5352.481,grad,16317387776
4,5353.735,grad,16347632640
4,5354.98,grad,16380204032
4,5356.213,grad,16414610432
4,5357.441,grad,16447902720
4,5358.701,grad,16480113664
4,5359.949,grad,16356905984
4,5361.207,grad,16219706368
4,5362.479,grad,16140476928
4,5369.045,grad,16140338176
4,5375.428,grad,16140342272
4,5381.777,grad,16140342272
4,5388.122,grad,16140342272
4,5392.457,grad,16140342272
4,5393.735,grad,16145034240
4,5396.691,grad,16148833280
4,5398.024,grad,16153551872
4,5399.323,grad,16161474560
4,5400.666,grad,16179335168
4,5401.947,grad,16293007360
4,5403.195,grad,16304052224
4,5405.307,grad,16300382208
4,5406.568,grad,16305100800
4,5407.849,grad,16316693504
4,5409.09,grad,16330884096
4,5410.338,grad,16442622976
4,5411.584,grad,16443184128
4,5413.608,grad,16446852096
4,5414.877,grad,16451570688
4,5416.13,grad,16463163392
4,5417.396,grad,16497801216
4,5418.679,grad,16590141440
4,5419.96,grad,16597518336
4,5421.914,grad,16593846272
4,5423.361,grad,16598564864
4,5424.618,grad,16610157568
4,5425.878,grad,16643746816
4,5427.136,grad,16737135616
4,5428.368,grad,16736125952
4,5430.337,grad,16739791872
4,5431.641,grad,16744510464
4,5432.914,grad,16757151744
4,5434.149,grad,16771342336
4,5435.404,grad,16883081216
4,5436.642,grad,16884166656
4,5438.63,grad,16887834624
4,5439.899,grad,16892553216
4,5441.176,grad,16904145920
4,5442.422,grad,16937735168
4,5443.68,grad,17010676736
4,5444.922,grad,17030112256
4,5446.832,grad,17033780224
4,5448.102,grad,17038498816
4,5449.349,grad,17050091520
4,5450.584,grad,17083680768
4,5451.856,grad,17214818304
4,5453.093,grad,17183397888
4,5455.005,grad,17179725824
4,5456.257,grad,17184444416
4,5457.5,grad,17197085696
4,5458.738,grad,17230674944
4,5459.968,grad,17361812480
4,5461.238,grad,17330392064
4,5463.112,grad,17326720000
4,5464.492,grad,17331438592
4,5465.773,grad,17344079872
4,5467.01,grad,17378717696
4,5468.247,grad,17509855232
4,5469.476,grad,17478434816
4,5471.417,grad,17474762752
4,5472.704,grad,17479481344
4,5473.966,grad,17500511232
4,5475.203,grad,17525711872
4,5476.437,grad,17657897984
4,5477.673,grad,17620186112
4,5479.574,grad,17623854080
4,5480.842,grad,17628572672
4,5482.099,grad,17649602560
4,5483.333,grad,17675851776
4,5484.564,grad,17768192000
4,5485.824,grad,17775568896
4,5487.663,grad,17771896832
4,5488.923,grad,17776615424
4,5490.164,grad,17797645312
4,5491.394,grad,17831234560
4,5492.641,grad,17877437440
4,5493.884,grad,17927281664
4,5495.716,grad,17919939584
4,5496.971,grad,17924658176
4,5498.213,grad,17944639488
4,5499.446,grad,17971937280
4,5500.712,grad,18044878848
4,5502.007,grad,18070605824
4,5503.917,grad,18066933760
4,5505.271,grad,18071652352
4,5506.531,grad,18084293632
4,5507.787,grad,18098484224
4,5509.025,grad,18211271680
4,5510.278,grad,18211310592
4,5512.194,grad,18214976512
4,5513.453,grad,18219695104
4,5514.702,grad,18238627840
4,5515.951,grad,18264877056
4,5517.181,grad,18396014592
4,5518.47,grad,18369312768
4,5520.396,grad,18361970688
4,5521.678,grad,18366689280
4,5522.997,grad,18378281984
4,5524.233,grad,18392472576
4,5525.482,grad,18504211456
4,5526.746,grad,18511584256
4,5528.812,grad,18507916288
4,5530.072,grad,18512634880
4,5531.336,grad,18524227584
4,5532.589,grad,18538418176
4,5533.854,grad,18650157056
4,5535.118,grad,18650189824
4,5537.236,grad,18653861888
4,5538.51,grad,18658580480
4,5539.76,grad,18671221760
4,5541.029,grad,18685412352
4,5542.281,grad,18758353920
4,5543.519,grad,18789843968
4,5545.721,grad,18800856064
4,5547.169,grad,18805574656
4,5548.428,grad,18814545920
4,5549.667,grad,18844467200
4,5550.946,grad,18906363904
4,5552.208,grad,18976684032
4,5554.546,grad,18948898816
4,5555.816,grad,18953617408
4,5557.062,grad,18962588672
4,5558.383,grad,18980449280
4,5559.615,grad,19093236736
4,5560.874,grad,19094318080
4,5563.098,grad,19097990144
4,5564.377,grad,19102708736
4,5565.676,grad,19111680000
4,5566.943,grad,19130589184
4,5568.187,grad,19203497984
4,5569.421,grad,19246030848
4,5571.775,grad,19246032896
4,5573.044,grad,19250751488
4,5574.293,grad,19259722752
4,5575.63,grad,19278631936
4,5576.873,grad,19351573504
4,5578.108,grad,19383063552
4,5580.301,grad,19394075648
4,5581.587,grad,19398794240
4,5582.903,grad,19411435520
4,5584.208,grad,19425626112
4,5585.445,grad,19499616256
4,5586.694,grad,19530057728
4,5588.91,grad,19541069824
4,5590.345,grad,19545788416
4,5591.619,grad,19554759680
4,5592.912,grad,19572622336
4,5594.182,grad,19646577664
4,5595.42,grad,19708509184
4,5597.767,grad,19689112576
4,5599.02,grad,19693831168
4,5600.271,grad,19701753856
4,5601.487,grad,19730626560
4,5602.841,grad,19792523264
4,5604.14,grad,19859173376
4,5606.539,grad,19836106752
4,5607.825,grad,19840825344
4,5609.074,grad,19848748032
4,5610.402,grad,19866608640
4,5611.643,grad,19978347520
4,5612.906,grad,19978380288
4,5615.082,grad,19982052352
4,5616.345,grad,19986770944
4,5617.594,grad,19994693632
4,5618.837,grad,20012556288
4,5620.072,grad,20085463040
4,5621.328,grad,20124325888
4,5623.639,grad,20127997952
4,5624.914,grad,20132716544
4,5626.167,grad,20141687808
4,5627.521,grad,20159548416
4,5628.759,grad,20232489984
4,5629.993,grad,20271320064
4,5631.235,grad,21046384640
4,5633.946,grad,20730235392
4,5635.196,grad,20574522368
4,5636.43,grad,20574522368
4,5637.662,grad,20574522368
4,5638.895,grad,20574522880
4,5640.129,grad,20270430208
4,5641.367,grad,20245098496
4,5642.607,grad,20204924928
4,5643.865,grad,20159377408
4,5645.16,grad,20149708800
4,5646.402,grad,20134937600
4,5648.098,grad,20133889024
4,5649.337,grad,20143293440
4,5651.095,grad,20131693568
4,5652.357,grad,20133823488
4,5653.611,grad,20123565056
4,5654.862,grad,20067990528
4,5656.127,grad,20016479232
4,5657.431,grad,20015821824
4,5658.733,grad,19994824704
4,5660.569,grad,19993939968
4,5661.847,grad,20003344384
4,5663.471,grad,19991744512
4,5664.751,grad,19993882624
4,5666.012,grad,19985025024
4,5667.258,grad,19944785920
4,5668.515,grad,19897272320
4,5669.778,grad,19878133760
4,5671.028,grad,19857628160
4,5672.878,grad,19856219136
4,5674.161,grad,19865590784
4,5675.823,grad,19854023680
4,5677.062,grad,19856153600
4,5678.295,grad,19846386688
4,5679.524,grad,19802543104
4,5680.758,grad,19750310912
4,5681.991,grad,19739757568
4,5683.238,grad,19718531072
4,5684.714,grad,19717646336
4,5685.964,grad,19727017984
4,5687.777,grad,19715450880
4,5689.033,grad,19717580800
4,5690.271,grad,19708862464
4,5691.505,grad,19663970304
4,5692.748,grad,19611738112
4,5693.998,grad,19593844736
4,5695.236,grad,19579433984
4,5696.811,grad,19578024960
4,5698.051,grad,19587429376
4,5699.568,grad,19575829504
4,5700.818,grad,19577961472
4,5702.072,grad,19549842432
4,5703.326,grad,19509668864
4,5704.575,grad,19461106688
4,5705.957,grad,19455108096
4,5707.21,grad,19440861184
4,5708.818,grad,19439288320
4,5710.059,grad,19448692736
4,5711.599,grad,19437092864
4,5712.858,grad,19439230976
4,5714.106,grad,19449018368
4,5715.341,grad,19390494720
4,5716.574,grad,19326367744
4,5717.813,grad,19315585024
4,5719.046,grad,19302353920
4,5720.656,grad,19299994624
4,5721.909,grad,19310447616
4,5723.434,grad,19297799168
4,5724.695,grad,19300977664
4,5725.959,grad,19289474048
4,5727.226,grad,19248415744
4,5728.466,grad,19212928000
4,5729.712,grad,19180813312
4,5730.984,grad,19156834304
4,5732.753,grad,19156834304
4,5734.008,grad,19166435328
4,5735.573,grad,19154638848
4,5736.824,grad,19156772864
4,5738.06,grad,19146117120
4,5739.291,grad,19101388800
4,5740.525,grad,19040768000
4,5741.76,grad,19029985280
4,5742.997,grad,19022841856
4,5744.246,grad,19015443456
4,5745.532,grad,19030385664
4,5747.032,grad,19011707904
4,5748.304,grad,19015869440
4,5749.546,grad,19030055936
4,5750.811,grad,19000171520
4,5752.045,grad,18921200640
4,5753.285,grad,18913336320
4,5754.535,grad,18895410176
4,5755.78,grad,18873167872
4,5757.329,grad,18871234560
4,5758.572,grad,18880638976
4,5760.136,grad,18869039104
4,5761.381,grad,18871169024
4,5762.654,grad,18861598720
4,5763.932,grad,18820573184
4,5765.184,grad,18772174848
4,5766.439,grad,18745663488
4,5767.684,grad,18732268544
4,5769.315,grad,18730073088
4,5770.554,grad,18739477504
4,5772.119,grad,18727877632
4,5773.361,grad,18730007552
4,5774.613,grad,18701202432
4,5775.861,grad,18660144128
4,5777.095,grad,18620822528
4,5778.328,grad,18605485056
4,5779.564,grad,18593138688
4,5781.225,grad,18590943232
4,5782.47,grad,18600347648
4,5784.012,grad,18588747776
4,5785.27,grad,18590877696
4,5786.504,grad,18561875968
4,5787.741,grad,18541101056
4,5788.972,grad,18476974080
4,5790.199,grad,18466191360
4,5791.427,grad,18453844992
4,5793.097,grad,18451649536
4,5794.355,grad,18461053952
4,5795.889,grad,18449454080
4,5797.163,grad,18453124096
4,5798.41,grad,18435853312
4,5799.654,grad,18438245376
4,5800.902,grad,18397187072
4,5802.134,grad,18337778688
4,5803.371,grad,18328077312
4,5804.618,grad,18324348928
4,5805.982,grad,18312454144
4,5807.323,grad,18321825792
4,5808.978,grad,18310258688
4,5810.219,grad,18312392704
4,5811.451,grad,18322184192
4,5812.685,grad,18260678656
4,5813.931,grad,18201106432
4,5815.184,grad,18185768960
4,5816.42,grad,18172374016
4,5818.141,grad,18170178560
4,5819.379,grad,18179582976
4,5820.886,grad,18167983104
4,5822.138,grad,18170113024
4,5823.395,grad,18160509952
4,5824.652,grad,18116666368
4,5825.938,grad,18054276096
4,5827.242,grad,18044607488
4,5828.486,grad,18030360576
4,5830.053,grad,18028787712
4,5831.315,grad,18038192128
4,5832.835,grad,18026592256
4,5834.077,grad,18028722176
4,5835.358,grad,18018267136
4,5836.595,grad,17977176064
4,5837.844,grad,17941032960
4,5839.145,grad,17910687744
4,5840.38,grad,17888805888
4,5842.228,grad,17887757312
4,5843.473,grad,17898210304
4,5845.066,grad,17885561856
4,5846.324,grad,17887697920
4,5847.573,grad,17877203968
4,5848.82,grad,17840864256
4,5850.051,grad,17795972096
4,5851.311,grad,17768576000
4,5852.543,grad,17744597504
4,5854.431,grad,17744596992
4,5855.795,grad,17754034176
4,5857.272,grad,17742401536
4,5858.524,grad,17744533504
4,5859.767,grad,17772709888
4,5861.006,grad,17692821504
4,5862.242,grad,17645340672
4,5863.483,grad,17626988544
4,5864.752,grad,17631141888
4,5866.01,grad,17603763200
4,5867.326,grad,17619229696
4,5868.86,grad,17600551936
4,5870.13,grad,17604713472
4,5871.607,grad,17610511360
4,5872.872,grad,17592521728
4,5874.112,grad,17532064768
4,5875.364,grad,17483699200
4,5876.685,grad,17475767296
4,5877.931,grad,17462044672
4,5879.548,grad,17459947520
4,5880.786,grad,17469351936
4,5882.302,grad,17457752064
4,5883.546,grad,17459881984
4,5884.818,grad,17430880256
4,5886.061,grad,17409220608
4,5887.293,grad,17345126400
4,5888.522,grad,17334343680
4,5889.76,grad,17319539712
4,5891.437,grad,17318753280
4,5892.685,grad,17328157696
4,5894.262,grad,17316557824
4,5895.516,grad,17318693888
4,5896.751,grad,17309084672
4,5897.981,grad,17271696384
4,5899.216,grad,17227000832
4,5900.474,grad,17200489472
4,5901.704,grad,17178607616
4,5903.507,grad,17178607616
4,5904.806,grad,17187979264
4,5906.551,grad,17180082176
4,5907.82,grad,17178542080
4,5909.165,grad,17168971776
4,5910.401,grad,17127880704
4,5911.631,grad,17079515136
4,5912.871,grad,17061425152
4,5914.108,grad,17038461952
4,5915.926,grad,17038461952
4,5917.171,grad,17047866368
4,5919.203,grad,17036266496
4,5920.486,grad,17038396416
4,5921.746,grad,17026565120
4,5923.094,grad,16986719232
4,5924.334,grad,16945660928
4,5925.65,grad,16919149568
4,5926.912,grad,16896219136
4,5928.75,grad,16896219136
4,5929.997,grad,16905590784
4,5931.571,grad,16894023680
4,5932.823,grad,16896161792
4,5934.067,grad,16886550528
4,5935.319,grad,16840773632
4,5936.561,grad,16800796672
4,5937.807,grad,16770615296
4,5939.042,grad,16756859904
4,5940.717,grad,16756073472
4,5941.988,grad,16765477888
4,5943.564,grad,16753878016
4,5944.89,grad,16756007936
4,5946.161,grad,16745225216
4,5947.446,grad,16704330752
4,5948.749,grad,16670776320
4,5949.991,grad,16636695552
4,5951.234,grad,16641897472
4,5952.467,grad,16615043072
4,5953.708,grad,16629985280
4,5955.122,grad,16612356096
4,5956.378,grad,16616517632
4,5957.615,grad,16630704128
4,5958.857,grad,16601180160
4,5960.087,grad,16560121856
4,5961.319,grad,16499664896
4,5962.545,grad,16489111552
4,5963.773,grad,16475388928
4,5965.36,grad,16474340352
4,5966.623,grad,16483744768
4,5968.208,grad,16472144896
4,5969.449,grad,16474274816
4,5970.684,grad,16445273088
4,5971.92,grad,16422597632
4,5973.154,grad,16361255936
4,5974.386,grad,16343133184
4,5975.63,grad,16329902080
4,5977.308,grad,16328329216
4,5978.637,grad,16337766400
4,5980.102,grad,16326133760
4,5981.335,grad,16320923648
4,5982.571,grad,16320923648
4,5983.805,grad,16320923648
4,5985.034,grad,16320923648
4,5987.627,grad,16320923136
4,5988.945,grad,16320923136
4,5990.249,grad,16320923136
4,5991.483,grad,16320923136
4,5995.236,grad,16320923136
4,5996.483,grad,16320923648
4,5998.694,grad,16320923136
4,5999.963,grad,16320957952
4,6001.28,grad,16320925696
4,6002.566,grad,16320957440
4,6003.802,grad,16321154048
4,6005.054,grad,16321155584
4,6006.314,grad,16320924672
4,6007.564,grad,16321154560
4,6008.816,grad,16320924672
4,6010.046,grad,16320925184
4,6011.278,grad,16320926208
4,6012.55,grad,16321154048
4,6013.784,grad,16320957440
4,6015.089,grad,16320924672
4,6016.38,grad,16320925696
4,6017.611,grad,16321154048
4,6018.86,grad,16321154048
4,6020.092,grad,16320925184
4,6021.371,grad,16321154560
4,6022.608,grad,16320924672
4,6023.847,grad,16320925184
4,6025.079,grad,16320926208
4,6026.333,grad,16321154048
4,6027.621,grad,16321154048
4,6028.928,grad,16320924672
4,6030.172,grad,16321154048
4,6031.451,grad,16320925184
4,6032.737,grad,16320925696
4,6033.994,grad,16320926208
4,6035.239,grad,16321154560
4,6036.481,grad,16321186816
4,6037.737,grad,16320926208
4,6038.965,grad,16321154560
4,6040.198,grad,16320925184
4,6041.424,grad,16320924672
4,6042.681,grad,16320926208
4,6043.92,grad,16321154560
4,6045.193,grad,16321154048
4,6046.463,grad,16320926208
4,6047.759,grad,16321154560
4,6049.016,grad,16320960000
4,6050.327,grad,16325581824
4,6051.602,grad,16328171008
4,6052.863,grad,16331807744
4,6054.097,grad,16334199808
4,6055.374,grad,16338066432
4,6056.672,grad,16341474304
4,6057.925,grad,16344095744
4,6059.166,grad,16348487680
4,6060.43,grad,16349961216
4,6061.661,grad,16354712576
4,6062.899,grad,16355728384
4,6064.133,grad,16360316416
4,6065.423,grad,16362904576
4,6066.781,grad,16366509056
4,6068.079,grad,16368901632
4,6069.361,grad,16372734976
4,6070.626,grad,16376111104
4,6071.865,grad,16378731520
4,6073.094,grad,16383156224
4,6074.323,grad,16384794112
4,6075.559,grad,16389381120
4,6076.828,grad,16390364160
4,6078.067,grad,16395247104
4,6079.297,grad,16397639168
4,6080.547,grad,16401472512
4,6081.785,grad,16404913664
4,6083.074,grad,16407763968
4,6084.307,grad,16412123136
4,6085.541,grad,16413793280
4,6086.789,grad,16418446336
4,6088.075,grad,16420609536
4,6089.326,grad,16424214016
4,6090.553,grad,16426835456
4,6091.779,grad,16430504960
4,6093.003,grad,16433881088
4,6094.319,grad,16436730880
4,6095.553,grad,16441155584
4,6096.811,grad,16442825728
4,6098.045,grad,16447380992
4,6099.28,grad,16449576960
4,6100.593,grad,16453245952
4,6101.837,grad,16455409664
4,6103.072,grad,16459013632
4,6104.31,grad,16461634560
4,6105.568,grad,16466419200
4,6106.84,grad,16469565440
4,6108.089,grad,16472415232
4,6109.327,grad,16475560960
4,6110.584,grad,16478411776
4,6111.84,grad,16482835968
4,6113.105,grad,16484080640
4,6114.357,grad,16484076032
4,6115.6,grad,16484114432
4,6116.985,grad,16484148224
4,6118.242,grad,16484187136
4,6119.481,grad,16484225536
4,6120.715,grad,16446167552
4,6121.964,grad,16324598272
4,6123.21,grad,16322796032
4,6124.471,grad,16359168512
4,6125.709,grad,16393148928
4,6126.983,grad,16426965504
4,6128.246,grad,16461634048
4,6129.484,grad,16408254976
4,6130.743,grad,16285833728
4,6131.998,grad,16157743616
4,6133.241,grad,16147422720
4,6134.651,grad,16147386368
4,6135.899,grad,16166150656
4,6137.158,grad,16195117568
4,6138.39,grad,16225591808
4,6139.62,grad,16256885248
4,6140.861,grad,16286179840
4,6142.092,grad,16301613568
4,6143.327,grad,16162611712
4,6144.608,grad,16132857856
4,6145.928,grad,16026558464
4,6147.32,noise,15977011200
4,6148.609,noise,15977011200
4,6149.854,noise,15977011200
4,6151.085,noise,15978518528
4,6152.346,noise,15978977280
4,6153.662,noise,15978977280
4,6154.953,noise,15981238272
4,6156.228,noise,15981238272
4,6157.55,noise,15983499264
4,6158.848,noise,15983990784
4,6160.124,noise,15984449536
4,6161.423,noise,15984941056
4,6162.673,noise,15984941056
4,6163.929,noise,15986153472
4,6165.188,noise,15986612224
4,6166.426,noise,15986612224
4,6167.671,noise,15988054016
4,6168.922,noise,15988054016
4,6170.183,noise,15990478848
4,6171.423,noise,15989528576
4,6172.664,noise,15989987328
4,6173.91,noise,15990446080
4,6175.146,noise,15990708224
4,6176.382,noise,15991920640
4,6177.622,noise,15992150016
4,6178.864,noise,15992379392
4,6180.09,noise,15993591808
4,6181.319,noise,15993821184
4,6182.555,noise,15993821184
4,6183.871,noise,15995262976
4,6185.115,noise,15995754496
4,6186.382,noise,15996442624
4,6187.626,noise,15996475392
4,6188.87,noise,15996475392
4,6190.123,noise,15997917184
4,6191.37,noise,15998146560
4,6192.627,noise,15998146560
4,6193.884,noise,15999653888
4,6195.122,noise,15999653888
4,6196.352,noise,16000866304
4,6197.592,noise,16001357824
4,6198.834,noise,16001816576
4,6200.067,noise,16002308096
4,6201.291,noise,16002308096
4,6202.516,noise,16003717120
4,6203.745,noise,16004175872
4,6204.966,noise,16004175872
4,6206.228,noise,16005847040
4,6207.543,noise,16005617664
4,6208.847,noise,16007682048
4,6210.084,noise,16008632320
4,6211.347,noise,16008861696
4,6212.588,noise,16009320448
4,6213.827,noise,16009123840
4,6215.065,noise,16010336256
4,6216.298,noise,16010795008
4,6217.54,noise,16010795008
4,6218.774,noise,16012007424
4,6220.005,noise,16013219840
4,6221.24,noise,16013219840
4,6222.467,noise,16014661632
4,6223.699,noise,16015153152
4,6224.945,noise,16015611904
4,6226.215,noise,16015874048
4,6227.511,noise,16015874048
4,6228.773,noise,16017774592
4,6230.045,noise,16017545216
4,6231.335,noise,16017545216
4,6232.57,noise,16018987008
4,6233.806,noise,16018987008
4,6235.048,noise,16020199424
4,6236.276,noise,16020690944
4,6237.514,noise,16021149696
4,6238.83,noise,16021641216
4,6240.073,noise,16021641216
4,6241.308,noise,16022853632
4,6242.558,noise,16023312384
4,6243.787,noise,16023312384
4,6245.018,noise,16024754176
4,6246.254,noise,16024754176
4,6247.495,noise,16027179008
4,6248.767,noise,16026228736
4,6250.054,noise,16026687488
4,6251.295,noise,16027146240
4,6252.528,noise,16027408384
4,6253.751,noise,16028620800
4,6254.984,noise,16028850176
4,6256.226,noise,16029079552
4,6257.504,noise,16030291968
4,6258.76,noise,16030521344
4,6259.996,noise,16030521344
4,6261.268,noise,16031963136
4,6262.516,noise,16032454656
4,6263.757,noise,16032913408
4,6264.986,noise,16033175552
4,6266.217,noise,16033175552
4,6267.462,noise,16034617344
4,6268.712,noise,16034846720
4,6269.961,noise,16034846720
4,6271.199,noise,16036288512
4,6272.434,noise,16036288512
4,6273.663,noise,16037500928
4,6274.919,noise,16037992448
4,6276.16,noise,16038451200
4,6277.395,noise,16038942720
4,6278.635,noise,16038942720
4,6279.876,noise,16040155136
4,6281.111,noise,16040613888
4,6282.339,noise,16040613888
4,6283.565,noise,16042055680
4,6284.747,noise,16042055680
4,6285.972,noise,16043268096
4,6287.208,noise,16043530240
4,6288.463,noise,16043988992
4,6289.711,noise,16044447744
4,6290.963,noise,16044709888
4,6292.213,noise,16045922304
4,6293.445,noise,16046151680
4,6294.685,noise,16046381056
4,6295.923,noise,16047593472
4,6297.163,noise,16047822848
4,6298.41,noise,16047822848
4,6299.687,noise,16049395712
4,6300.941,noise,16049887232
4,6302.182,noise,16050345984
4,6303.414,noise,16050608128
4,6304.644,noise,16050608128
4,6305.888,noise,16052049920
4,6307.128,noise,16052279296
4,6308.376,noise,16052279296
4,6309.625,noise,16053721088
4,6310.878,noise,16053721088
4,6312.126,noise,16054933504
4,6313.36,noise,16055425024
4,6314.592,noise,16055883776
4,6315.838,noise,16056375296
4,6317.065,noise,16056375296
4,6318.313,noise,16057587712
4,6319.555,noise,16058046464
4,6320.782,noise,16058046464
4,6322.005,noise,16059553792
4,6323.248,noise,16059553792
4,6324.478,noise,16061978624
4,6325.712,noise,16061028352
4,6326.975,noise,16061487104
4,6328.242,noise,16061945856
4,6329.49,noise,16062208000
4,6330.732,noise,16063420416
4,6331.957,noise,16063649792
4,6333.194,noise,16063879168
4,6334.418,noise,16065091584
4,6335.651,noise,16065320960
4,6336.892,noise,16065320960
4,6338.152,noise,16066762752
4,6339.393,noise,16067254272
4,6340.627,noise,16067713024
4,6341.888,noise,16067975168
4,6343.21,noise,16067975168
4,6344.468,noise,16069515264
4,6345.701,noise,16069744640
4,6346.944,noise,16070957056
4,6348.208,noise,16071186432
4,6349.47,noise,16071186432
4,6350.735,noise,16072628224
4,6351.982,noise,16072890368
4,6353.215,noise,16073349120
4,6354.452,noise,16073840640
4,6355.707,noise,16073840640
4,6356.973,noise,16075053056
4,6358.215,noise,16075511808
4,6359.459,noise,16075511808
4,6360.685,noise,16076953600
4,6361.929,noise,16076953600
4,6363.16,noise,16078166016
4,6364.394,noise,16078657536
4,6365.642,noise,16079116288
4,6366.893,noise,16079575040
4,6368.135,noise,16079837184
4,6369.381,noise,16081049600
4,6370.772,noise,16081278976
4,6372.052,noise,16081508352
4,6373.328,noise,16082720768
4,6374.641,noise,16082950144
4,6375.901,noise,16082950144
4,6377.16,noise,16084391936
4,6378.457,noise,16084654080
4,6379.719,noise,16085112832
4,6380.975,noise,16085604352
4,6382.202,noise,16085604352
4,6383.426,noise,16089241600
4,6384.654,noise,16087275520
4,6385.903,noise,16087275520
4,6387.232,noise,16088717312
4,6388.479,noise,16088946688
4,6389.733,noise,16090159104
4,6390.969,noise,16090421248
4,6392.223,noise,16090880000
4,6393.459,noise,16091338752
4,6394.714,noise,16091600896
4,6396.066,noise,16092813312
4,6397.326,noise,16093272064
4,6398.569,noise,16093272064
4,6399.819,noise,16095696896
4,6401.053,noise,16094713856
4,6402.289,noise,16094713856
4,6403.531,noise,16096155648
4,6404.766,noise,16096647168
4,6405.993,noise,16097105920
4,6407.238,noise,16097368064
4,6408.498,noise,16097368064
4,6409.755,noise,16098809856
4,6411.0,noise,16099268608
4,6412.245,noise,16099268608
4,6413.472,noise,16100710400
4,6414.707,noise,16100710400
4,6415.947,noise,16101922816
4,6417.183,noise,16102184960
4,6418.42,noise,16102643712
4,6419.673,noise,16103102464
4,6420.915,noise,16103364608
4,6422.148,noise,16104577024
4,6423.374,noise,16104806400
4,6424.605,noise,16105035776
4,6425.852,noise,16106248192
4,6427.101,noise,16106477568
4,6428.354,noise,16106477568
4,6429.601,noise,16108967936
4,6430.858,noise,16109459456
4,6432.092,noise,16109918208
4,6433.325,noise,16110180352
4,6434.555,noise,16110180352
4,6435.783,noise,16111622144
4,6437.009,noise,16111851520
4,6438.245,noise,16111851520
4,6439.49,noise,16113293312
4,6440.733,noise,16113293312
4,6441.992,noise,16114505728
4,6443.235,noise,16114997248
4,6444.486,noise,16115456000
4,6445.744,noise,16115947520
4,6446.995,noise,16115947520
4,6448.235,noise,16117159936
4,6449.48,noise,16117618688
4,6450.714,noise,16117618688
4,6451.951,noise,16119060480
4,6453.19,noise,16119060480
4,6454.419,noise,16120272896
4,6455.648,noise,16120535040
4,6456.884,noise,16120993792
4,6458.142,noise,16121681920
4,6459.394,noise,16121714688
4,6460.644,noise,16122927104
4,6461.886,noise,16123385856
4,6463.123,noise,16123385856
4,6464.367,noise,16124598272
4,6465.594,noise,16124827648
4,6466.828,noise,16124827648
4,6468.051,noise,16126728192
4,6469.307,noise,16126531584
4,6470.552,noise,16126990336
4,6471.746,noise,16127481856
4,6472.97,noise,16127481856
4,6474.199,noise,16128694272
4,6475.436,noise,16129153024
4,6476.657,noise,16129153024
4,6477.892,noise,16130594816
4,6479.133,noise,16130594816
4,6480.371,noise,16133019648
4,6481.6,noise,16132069376
4,6482.851,noise,16132528128
4,6484.114,noise,16133216256
4,6485.345,noise,16133249024
4,6486.568,noise,16134461440
4,6487.745,noise,16134690816
4,6488.976,noise,16134920192
4,6490.219,noise,16136132608
4,6491.473,noise,16136361984
4,6492.786,noise,16136361984
4,6494.049,noise,16137803776
4,6495.292,noise,16138295296
4,6496.599,noise,16138983424
4,6497.932,noise,16139016192
4,6499.18,noise,16139016192
4,6500.422,noise,16140457984
4,6501.683,noise,16140687360
4,6502.922,noise,16140687360
4,6504.161,noise,16142129152
4,6505.391,noise,16142129152
4,6506.629,noise,16143407104
4,6507.89,noise,16143898624
4,6509.406,noise,16144357376
4,6510.665,noise,16144128000
4,6511.914,noise,16038778880
4,6513.355,optimizer,15981664256
4,6514.623,optimizer,15984409600
4,6515.877,optimizer,15984960512
4,6517.113,optimizer,15986569728
4,6518.428,optimizer,15986641408
4,6519.707,optimizer,15987533824
4,6520.976,optimizer,15987994112
4,6522.235,optimizer,15990573056
4,6523.478,optimizer,15991096320
4,6524.715,optimizer,15993610752
4,6525.965,optimizer,15992941056
4,6527.242,optimizer,15993641472
4,6528.524,optimizer,15994165248
4,6529.807,optimizer,15996680704
4,6531.054,optimizer,15998213632
4,6532.285,optimizer,15999975936
4,6533.536,optimizer,15999091200
4,6534.769,optimizer,16000233984
4,6535.998,optimizer,16000299008
4,6537.257,optimizer,16001831936
4,6538.487,optimizer,16006772224
4,6539.719,optimizer,16006124544
4,6540.978,optimizer,16005225984
4,6542.217,optimizer,16006368256
4,6543.446,optimizer,16006434304
4,6544.678,optimizer,16008964608
4,6545.931,optimizer,16011694592
4,6547.187,optimizer,16012343808
4,6548.444,optimizer,16011459584
4,6549.677,optimizer,16012371968
4,6550.945,optimizer,16012666880
4,6552.188,optimizer,16015197696
4,6553.417,optimizer,16019140608
4,6554.645,optimizer,16018478592
4,6555.886,optimizer,16017592832
4,6557.125,optimizer,16018278400
4,6558.355,optimizer,16018804736
4,6559.592,optimizer,16021318656
4,6560.868,optimizer,16022850560
4,6562.119,optimizer,16024383488
4,6563.349,optimizer,16023777792
4,6564.577,optimizer,16024478720
4,6565.814,optimizer,16024967168
4,6567.043,optimizer,16027516928
4,6568.294,optimizer,16028067840
4,6569.529,optimizer,16030583296
4,6570.777,optimizer,16029748736
4,6572.027,optimizer,16030598656
4,6573.278,optimizer,16031102464
4,6574.546,optimizer,16033409024
4,6575.782,optimizer,16033372160
4,6577.014,optimizer,16035886080
4,6578.244,optimizer,16036081152
4,6579.477,optimizer,16036583936
4,6580.736,optimizer,16037286400
4,6581.972,optimizer,16038353920
4,6583.229,optimizer,16039114240
4,6584.48,optimizer,16041630720
4,6585.711,optimizer,16042180608
4,6586.963,optimizer,16042717184
4,6588.197,optimizer,16043193344
4,6589.431,optimizer,16043307520
4,6590.678,optimizer,16045234688
4,6591.938,optimizer,16047793152
4,6593.221,optimizer,16050331648
4,6594.454,optimizer,16048480768
4,6595.685,optimizer,16049133568
4,6596.926,optimizer,16049637376
4,6598.158,optimizer,16051943936
4,6599.39,optimizer,16052737024
4,6600.637,optimizer,16054270976
4,6601.889,optimizer,16054551552
4,6603.125,optimizer,16055039488
4,6604.356,optimizer,16055985664
4,6605.583,optimizer,16057050112
4,6606.822,optimizer,16057585152
4,6608.058,optimizer,16060330496
4,6609.291,optimizer,16060944384
4,6610.567,optimizer,16061239808
4,6611.821,optimizer,16061727744
4,6613.052,optimizer,16063023616
4,6614.281,optimizer,16063784960
4,6615.513,optimizer,16065317376
4,6616.741,optimizer,16067079680
4,6617.967,optimizer,16067401728
4,6619.219,optimizer,16067877376
4,6620.461,optimizer,16069190144
4,6621.699,optimizer,16069947392
4,6622.939,optimizer,16072436736
4,6624.175,optimizer,16073051136
4,6625.439,optimizer,16073573376
4,6626.711,optimizer,16073832448
4,6627.991,optimizer,16074063872
4,6629.405,optimizer,16074344960
4,6630.678,optimizer,16076104704
4,6631.935,optimizer,16078621184
4,6633.201,optimizer,16080168960
4,6634.486,optimizer,16079464960
4,6635.775,optimizer,16080641024
4,6637.026,optimizer,16080477184
4,6638.267,optimizer,16083222016
4,6639.503,optimizer,16085737984
4,6640.775,optimizer,16087860736
4,6642.019,optimizer,16085548032
4,6643.249,optimizer,16086220288
4,6644.502,optimizer,16087166464
4,6645.742,optimizer,16089272320
4,6646.972,optimizer,16089809408
4,6648.223,optimizer,16091342848
4,6649.449,optimizer,16091425280
4,6650.705,optimizer,16092339200
4,6651.964,optimizer,16092870656
4,6653.193,optimizer,16095183360
4,6654.421,optimizer,16094884352
4,6655.651,optimizer,16098841600
4,6656.893,optimizer,16098052096
4,6658.122,optimizer,16098540032
4,6659.352,optimizer,16099272192
4,6660.585,optimizer,16099143168
4,6661.87,optimizer,16101070336
4,6663.109,optimizer,16103614464
4,6664.359,optimizer,16105135104
4,6665.63,optimizer,16104659456
4,6666.947,optimizer,16105176064
4,6668.21,optimizer,16105442304
4,6669.469,optimizer,16107973120
4,6670.733,optimizer,16110703104
4,6671.988,optimizer,16112465408
4,6673.244,optimizer,16110367744
4,6674.501,optimizer,16111053824
4,6675.741,optimizer,16111541760
4,6676.971,optimizer,16115061248
4,6678.22,optimizer,16114826240
4,6679.446,optimizer,16116208640
4,6680.688,optimizer,16116292096
4,6681.964,optimizer,16117206016
4,6683.206,optimizer,16117710336
4,6684.464,optimizer,16121457664
4,6685.738,optimizer,16120811520
4,6686.975,optimizer,16123326464
4,6688.212,optimizer,16122656768
4,6689.442,optimizer,16123356672
4,6690.694,optimizer,16123880448
4,6691.968,optimizer,16126396928
4,6693.224,optimizer,16130353152
4,6694.458,optimizer,16129719296
4,6695.691,optimizer,16129001984
4,6696.942,optimizer,16129762304
4,6698.172,optimizer,16129817600
4,6699.399,optimizer,16131777024
4,6700.634,optimizer,16134308864
4,6701.901,optimizer,16135315456
4,6703.158,optimizer,16135380992
4,6704.389,optimizer,16136328192
4,6705.624,optimizer,16137241088
4,6706.887,optimizer,16137926144
4,6708.143,optimizer,16140898304
4,6709.372,optimizer,16141028864
4,6710.612,optimizer,16142203392
4,6711.881,optimizer,16142249472
4,6713.117,optimizer,16146980352
4,6714.347,optimizer,16145350144
4,6715.573,optimizer,16147865600
4,6716.81,optimizer,16147195392
4,6718.035,optimizer,16147895808
4,6719.26,optimizer,16148419584
4,6720.488,optimizer,16150935040
4,6721.736,optimizer,16154138112
4,6722.968,optimizer,16154244096
4,6724.197,optimizer,16153999872
4,6725.421,optimizer,16154274304
4,6726.677,optimizer,16154422272
4,6728.037,optimizer,16154390528
4,6729.323,optimizer,16154849280
4,6730.567,optimizer,16155307520
4,6731.835,optimizer,16154390528
4,6733.087,optimizer,16159239680
4,6734.317,optimizer,16154849280
4,6735.545,optimizer,16159239680
4,6736.771,optimizer,16155307520
4,6738.016,optimizer,16154390528
4,6739.24,optimizer,16154848768
4,6740.468,optimizer,16154521088
4,6741.714,optimizer,16154390016
4,6742.962,optimizer,16154848768
4,6744.191,optimizer,16154849280
4,6745.439,optimizer,16154848768
4,6746.678,optimizer,16154456064
4,6747.929,optimizer,16154390528
4,6749.158,optimizer,16154848768
4,6750.381,optimizer,16154848768
4,6751.642,optimizer,16154390016
4,6752.902,optimizer,16156814848
4,6754.13,optimizer,16156815360
4,6755.378,optimizer,16154848768
4,6756.609,optimizer,16156816384
4,6757.858,optimizer,16154390016
4,6759.095,optimizer,16154849280
4,6760.321,optimizer,16154390528
4,6761.552,optimizer,16155307520
4,6762.747,optimizer,16154848768
4,6763.976,optimizer,16154848768
4,6765.209,optimizer,16154390528
4,6766.478,optimizer,16154391040
4,6767.839,optimizer,16165433856
4,6769.072,optimizer,16179262464
4,6770.299,optimizer,16194401280
4,6771.541,optimizer,16208229376
4,6772.745,optimizer,16222908928
4,6773.979,optimizer,16237195776
4,6775.207,optimizer,16252105728
4,6776.433,optimizer,16266556416
4,6777.665,optimizer,16281465856
4,6778.9,optimizer,16295392256
4,6780.129,optimizer,16311317504
4,6781.361,optimizer,16273598976
4,6782.882,optimizer,16155895808
4,6784.16,optimizer,16177489920
4,6785.399,optimizer,16207210496
4,6786.656,optimizer,16238176256
4,6787.913,optimizer,16269109248
4,6789.146,optimizer,16300435456
4,6790.377,optimizer,16267929600
4,6791.642,optimizer,16154322944
4,6792.923,optimizer,16180635648
4,6794.167,optimizer,16211044352
4,6795.399,optimizer,16240961536
4,6796.634,optimizer,16271042560
4,6797.874,optimizer,16302598144
4,6799.101,optimizer,16260065280
4,6800.339,optimizer,16125913088
4,6801.578,optimizer,16009619456
4,6802.847,optimizer,15989708288
4,6804.096,optimizer,15986200064
4,6805.341,optimizer,15982785024
4,6806.691,optimizer,15982417920
4,6807.94,optimizer,15982417920
4,6809.169,optimizer,15982417920
4,6810.394,optimizer,15982417920
