step,t_ms,phase,alloc_bytes
3,1.599,grad,15973970944
3,6.163,grad,15973970944
3,12.551,grad,15973979136
3,18.913,grad,15973979136
3,25.31,grad,15973979136
3,29.619,grad,15973979136
3,30.891,grad,15981456384
3,32.679,grad,15981585408
3,35.387,grad,15988925440
3,36.699,grad,15998362624
3,38.06,grad,15998362624
3,39.341,grad,16021547008
3,41.032,grad,16027904000
3,42.322,grad,16088791040
3,44.364,grad,16142333952
3,46.871,grad,16227334144
3,49.458,grad,16227452928
3,50.738,grad,16236775424
3,52.141,grad,16245164544
3,53.434,grad,16289385472
3,54.72,grad,16266316800
3,55.96,grad,16327138304
3,57.945,grad,16380746752
3,60.163,grad,16458406912
3,62.692,grad,16465865728
3,64.965,grad,16475188224
3,66.417,grad,16498372608
3,68.03,grad,16504729600
3,69.283,grad,16565616640
3,71.222,grad,16619159552
3,73.475,grad,16696819712
3,75.995,grad,16704163840
3,77.253,grad,16713601024
3,78.575,grad,16721990144
3,79.834,grad,16766211072
3,81.107,grad,16743142400
3,82.351,grad,16804029440
3,84.277,grad,16857572352
3,85.578,grad,17010729984
3,86.879,grad,16935232512
3,89.438,grad,16942576640
3,90.689,grad,16952013824
3,92.058,grad,16960402944
3,93.32,grad,17004623872
3,94.656,grad,16981555200
3,95.939,grad,17042442240
3,97.793,grad,17095985152
3,100.015,grad,17173645312
3,102.517,grad,17180989440
3,103.856,grad,17190426624
3,105.142,grad,17197766656
3,106.392,grad,17228291072
3,107.795,grad,17219968000
3,109.084,grad,17280855040
3,111.068,grad,17334397952
3,112.318,grad,17412058112
3,113.597,grad,17419402240
3,116.038,grad,17419402240
3,117.298,grad,17428839424
3,118.631,grad,17437228544
3,119.893,grad,17466769408
3,121.225,grad,17458380800
3,122.475,grad,17519202304
3,125.616,grad,17572810752
3,126.904,grad,17703948288
3,128.19,grad,17650470912
3,130.869,grad,17657815040
3,132.217,grad,17667252224
3,133.511,grad,17675640832
3,134.828,grad,17705116672
3,136.305,grad,17696793600
3,137.585,grad,17757680640
3,139.587,grad,17811223552
3,141.833,grad,17888883712
3,144.766,grad,17896342528
3,146.1,grad,17905665024
3,147.433,grad,17905665024
3,148.73,grad,17928849408
3,150.353,grad,17935206400
3,151.618,grad,17996027904
3,152.842,grad,18088433664
3,154.122,grad,18088433664
3,156.282,grad,18127296512
3,159.045,grad,18134640640
3,160.308,grad,18144077824
3,161.617,grad,18144077824
3,162.868,grad,18167262208
3,164.488,grad,18173619200
3,165.764,grad,18219760640
3,167.084,grad,18365643776
3,168.398,grad,18326846464
3,170.606,grad,18365709312
3,171.829,grad,18373053440
3,173.614,grad,18373168128
3,174.974,grad,18382490624
3,176.248,grad,18382490624
3,177.534,grad,18420355072
3,179.134,grad,18412032000
3,180.396,grad,18472853504
3,182.512,grad,18526461952
3,183.787,grad,18611462144
3,185.151,grad,18611466240
3,187.872,grad,18611466240
3,189.377,grad,18620903424
3,190.709,grad,18628243456
3,192.07,grad,18658767872
3,193.531,grad,18650444800
3,194.792,grad,18711331840
3,196.795,grad,18764874752
3,199.092,grad,18842534912
3,201.673,grad,18849879040
3,203.007,grad,18859316224
3,204.311,grad,18859316224
3,205.59,grad,18897180672
3,207.057,grad,18888857600
3,208.313,grad,18949744640
3,210.252,grad,19003287552
3,211.533,grad,19080947712
3,212.778,grad,19088291840
3,215.209,grad,19088291840
3,216.472,grad,19097729024
3,217.768,grad,19106118144
3,219.119,grad,19135659008
3,220.525,grad,19127270400
3,221.798,grad,19188157440
3,223.73,grad,19241700352
3,225.007,grad,19380177920
3,226.304,grad,19319360512
3,228.92,grad,19326704640
3,231.136,grad,19336141824
3,232.44,grad,19359326208
3,234.137,grad,19380367360
3,235.458,grad,19426570240
3,237.389,grad,19480113152
3,238.698,grad,19565113344
3,239.991,grad,19565117440
3,242.581,grad,19565117440
3,243.862,grad,19574554624
3,245.229,grad,19582943744
3,246.492,grad,19627164672
3,247.813,grad,19604096000
3,249.103,grad,19664983040
3,251.052,grad,19718525952
3,252.318,grad,19803526144
3,253.664,grad,19803530240
3,256.058,grad,19803530240
3,257.324,grad,19812967424
3,258.658,grad,19821356544
3,259.937,grad,19865577472
3,261.228,grad,19842508800
3,262.481,grad,19903330304
3,264.52,grad,19956938752
3,265.784,grad,20095416320
3,267.072,grad,20034598912
3,269.673,grad,20041943040
3,270.955,grad,20051380224
3,272.287,grad,20051380224
3,273.546,grad,20074564608
3,275.196,grad,20088261632
3,276.465,grad,20219403264
3,278.254,grad,20195351552
3,280.445,grad,20273011712
3,281.709,grad,20280355840
3,283.367,grad,20280355840
3,284.635,grad,20289793024
3,285.973,grad,20298182144
3,287.233,grad,20342403072
3,288.515,grad,20319334400
3,289.798,grad,20457816064
3,291.65,grad,20433764352
3,293.836,grad,20511424512
3,296.426,grad,20518768640
3,298.592,grad,20528205824
3,300.093,grad,20566070272
3,301.528,grad,20557747200
3,302.82,grad,20618634240
3,304.623,grad,20672177152
3,306.785,grad,20749837312
3,309.359,grad,20757181440
3,310.635,grad,20766618624
3,311.96,grad,20775007744
3,313.225,grad,20819228672
3,314.473,grad,20796160000
3,315.72,grad,20934641664
3,317.538,grad,20910589952
3,318.806,grad,21063747584
3,320.107,grad,20988250112
3,322.603,grad,20995594240
3,324.826,grad,21005031424
3,326.135,grad,21042895872
3,327.524,grad,21034572800
3,328.782,grad,21095459840
3,330.689,grad,21149002752
3,332.965,grad,21234002944
3,335.598,grad,21234007040
3,337.763,grad,21243444224
3,339.051,grad,21281308672
3,340.453,grad,21272985600
3,341.706,grad,21333872640
3,343.623,grad,21426212864
3,345.781,grad,21472415744
3,348.276,grad,21472419840
3,350.463,grad,21481857024
3,351.721,grad,21519721472
3,353.117,grad,21511398400
3,354.865,grad,21526082560
3,356.128,grad,21625828352
3,357.435,grad,21664625664
3,359.499,grad,21710828544
3,361.953,grad,21710832640
3,364.048,grad,21720269824
3,365.308,grad,21758134272
3,366.755,grad,21749811200
3,368.06,grad,21810698240
3,369.918,grad,21864241152
3,372.094,grad,21941901312
3,373.437,grad,21949245440
3,375.097,grad,21949245440
3,377.231,grad,21958682624
3,378.516,grad,21996612608
3,379.797,grad,21988224000
3,381.136,grad,22049111040
3,382.962,grad,22102653952
3,385.125,grad,22180314112
3,387.605,grad,22187658240
3,389.962,grad,22198144000
3,391.247,grad,22236008448
3,392.619,grad,22226636800
3,393.895,grad,22288572416
3,395.687,grad,22342115328
3,397.868,grad,22427115520
3,400.337,grad,22427119616
3,402.444,grad,22436556800
3,403.696,grad,22474421248
3,405.071,grad,22466098176
3,406.327,grad,22526985216
3,408.193,grad,22580528128
3,409.447,grad,22733685760
3,411.0,grad,22665532416
3,412.282,grad,23592478208
3,413.575,grad,23585147392
3,415.529,grad,23585139200
3,416.782,grad,23273712640
3,418.054,grad,23273712640
3,419.292,grad,23273712640
3,421.199,grad,23273714176
3,422.449,grad,22962268160
3,423.723,grad,22662377472
3,424.992,grad,22662010880
3,426.306,grad,22615873536
3,427.56,grad,22611351552
3,429.327,grad,22483099648
3,430.615,grad,22476670976
3,432.404,grad,22447130112
3,434.002,grad,22447129600
3,435.237,grad,22465872896
3,437.107,grad,22442247168
3,438.817,grad,22443854848
3,440.082,grad,22435197952
3,441.461,grad,22388995072
3,442.715,grad,22384473088
3,444.521,grad,22256221184
3,445.77,grad,22249792512
3,447.452,grad,22219202560
3,449.022,grad,22220251136
3,450.265,grad,22239453184
3,451.845,grad,22215368704
3,453.563,grad,22215927808
3,454.874,grad,22207270912
3,456.211,grad,22161068032
3,457.487,grad,22117748736
3,458.835,grad,22042972160
3,460.155,grad,22035634176
3,461.452,grad,22021799936
3,463.149,grad,21992324608
3,464.782,grad,21992324096
3,466.168,grad,22011067392
3,467.794,grad,21987441664
3,469.518,grad,21989278720
3,470.791,grad,21980392448
3,472.189,grad,21934189568
3,473.503,grad,21890870272
3,474.793,grad,21808753664
3,476.237,grad,21808755712
3,477.52,grad,21780241408
3,478.829,grad,21765446144
3,480.399,grad,21765445632
3,481.667,grad,21784254464
3,483.477,grad,21760563200
3,485.357,grad,21761646592
3,486.669,grad,21753448448
3,487.995,grad,21707311104
3,489.26,grad,21702789120
3,491.066,grad,21574537216
3,492.36,grad,21568108544
3,494.133,grad,21538567168
3,495.682,grad,21538567168
3,496.961,grad,21557376000
3,498.477,grad,21533684736
3,500.163,grad,21534964736
3,501.436,grad,21604230144
3,502.772,grad,21480432640
3,504.08,grad,21437113344
3,505.945,grad,21347658752
3,507.249,grad,21355451392
3,508.543,grad,21335921664
3,509.823,grad,21311688704
3,511.106,grad,21341048832
3,512.679,grad,21306314752
3,514.012,grad,21314146304
3,515.601,grad,21307889664
3,516.911,grad,21299757056
3,518.304,grad,21253554176
3,519.61,grad,21210234880
3,521.414,grad,21120780288
3,522.669,grad,21129031680
3,524.41,grad,21084810752
3,525.968,grad,21084810240
3,527.241,grad,21104012288
3,529.042,grad,21079927808
3,530.695,grad,21081011200
3,531.973,grad,21072878592
3,533.323,grad,21026675712
3,534.64,grad,21022153728
3,536.559,grad,20893967360
3,537.834,grad,20887538688
3,539.524,grad,20857997312
3,541.041,grad,20857997312
3,542.343,grad,20876871680
3,543.773,grad,20853114880
3,545.54,grad,20854198272
3,546.812,grad,20846065664
3,548.221,grad,20799862784
3,549.476,grad,20756543488
3,551.265,grad,20667088896
3,552.507,grad,20674947072
3,554.416,grad,20631119360
3,555.961,grad,20631118848
3,557.201,grad,20649862144
3,558.732,grad,20626236416
3,560.428,grad,20627319808
3,561.733,grad,20619187200
3,563.168,grad,20572984320
3,564.434,grad,20568462336
3,566.234,grad,20440275968
3,567.493,grad,20433847296
3,569.214,grad,20404305920
3,570.715,grad,20404305920
3,572.066,grad,20423180288
3,573.736,grad,20399423488
3,575.489,grad,20400506880
3,576.743,grad,20392374272
3,578.153,grad,20346171392
3,579.418,grad,20341649408
3,581.169,grad,20213397504
3,582.448,grad,20206968832
3,584.188,grad,20177427456
3,585.743,grad,20177427456
3,587.039,grad,20196236288
3,588.555,grad,20172545024
3,590.422,grad,20173628416
3,591.69,grad,20165430272
3,592.977,grad,20119292928
3,594.228,grad,20115164160
3,596.006,grad,19986584576
3,597.243,grad,19994442752
3,598.504,grad,19957955584
3,599.766,grad,19951663104
3,601.136,grad,19980498944
3,602.495,grad,19945240576
3,603.741,grad,19953072128
3,605.321,grad,19946815488
3,606.585,grad,19938682880
3,607.973,grad,19892480000
3,609.223,grad,19849160704
3,610.997,grad,19759706112
3,612.235,grad,19753277440
3,613.888,grad,19723736064
3,615.413,grad,19723736064
3,616.649,grad,19742544896
3,618.694,grad,19718853632
3,620.417,grad,19719937024
3,621.672,grad,19711804416
3,623.055,grad,19665601536
3,624.314,grad,19661472768
3,626.101,grad,19532827648
3,627.377,grad,19526398976
3,629.124,grad,19496857600
3,630.725,grad,19496857600
3,632.064,grad,19515731968
3,633.459,grad,19491975168
3,635.14,grad,19493058560
3,636.418,grad,19484925952
3,637.828,grad,19438723072
3,639.192,grad,19434201088
3,641.02,grad,19305949184
3,642.312,grad,19313807360
3,643.579,grad,19269979136
3,644.823,grad,19271027712
3,646.073,grad,19299339264
3,647.316,grad,19288919040
3,648.77,grad,19265096704
3,650.518,grad,19266180096
3,651.791,grad,19335642112
3,653.21,grad,19211844608
3,654.494,grad,19137068032
3,656.421,grad,19079070720
3,657.692,grad,19072642048
3,659.436,grad,19043100672
3,661.002,grad,19043100672
3,662.244,grad,19061909504
3,663.972,grad,19038218240
3,665.633,grad,19039301632
3,666.883,grad,19031169024
3,668.315,grad,18984966144
3,669.576,grad,18941646848
3,671.357,grad,18852192256
3,672.6,grad,18860443648
3,674.216,grad,18816222208
3,675.767,grad,18816222208
3,677.143,grad,18835096576
3,678.614,grad,18811339776
3,680.284,grad,18812423168
3,681.536,grad,18804290560
3,682.888,grad,18758087680
3,684.139,grad,18753565696
3,685.919,grad,18625313792
3,687.239,grad,18633171968
3,688.541,grad,18589344768
3,689.892,grad,18589343744
3,691.22,grad,18618769408
3,692.707,grad,18583969792
3,694.017,grad,18591801344
3,695.566,grad,18585544704
3,696.859,grad,18577412096
3,698.264,grad,18531209216
3,699.566,grad,18526687232
3,701.405,grad,18398435328
3,702.66,grad,18392006656
3,704.348,grad,18362465280
3,706.097,grad,18362465280
3,707.403,grad,18381274112
3,709.252,grad,18357582848
3,710.988,grad,18358666240
3,712.259,grad,18350533632
3,713.603,grad,18304330752
3,714.844,grad,18299808768
3,716.565,grad,18171622400
3,717.82,grad,18179873792
3,719.532,grad,18135652352
3,721.071,grad,18135652352
3,722.314,grad,18154461184
3,723.772,grad,18130769920
3,725.462,grad,18131853312
3,726.705,grad,18123720704
3,728.101,grad,18077517824
3,729.361,grad,17995401216
3,731.209,grad,17944743936
3,732.452,grad,17952602112
3,734.386,grad,17908774400
3,735.894,grad,17908773888
3,737.149,grad,17927582720
3,738.68,grad,17903891456
3,740.403,grad,17904974848
3,741.677,grad,17974436864
3,743.051,grad,17850639360
3,744.316,grad,17846510592
3,746.059,grad,17717931008
3,747.338,grad,17711502336
3,749.093,grad,17681961472
3,750.665,grad,17681960960
3,751.969,grad,17700769792
3,753.673,grad,17677078528
3,755.377,grad,17678161920
3,756.649,grad,17670029312
3,758.027,grad,17623826432
3,759.282,grad,17541709824
3,761.116,grad,17491052544
3,762.354,grad,17484623872
3,764.03,grad,17455082496
3,765.498,grad,17455082496
3,766.732,grad,17473891328
3,768.274,grad,17450200064
3,770.012,grad,17451283456
3,771.271,grad,17443150848
3,772.613,grad,17396947968
3,773.869,grad,17353628672
3,775.634,grad,17264174080
3,776.925,grad,17271966720
3,778.183,grad,17236708352
3,779.43,grad,17228204032
3,780.712,grad,17257564160
3,782.021,grad,17230170112
3,783.404,grad,17223321600
3,785.08,grad,17224404992
3,786.332,grad,17293867008
3,787.684,grad,17170069504
3,788.994,grad,17165547520
3,790.861,grad,17037295616
3,792.128,grad,17045547008
3,793.778,grad,17001326080
3,795.301,grad,17001325568
3,796.594,grad,17020199936
3,798.302,grad,16996443136
3,800.051,grad,16997526528
3,801.312,grad,17066988544
3,802.629,grad,16943191040
3,803.823,grad,16938669056
3,805.605,grad,16810417152
3,806.858,grad,16803988480
3,808.537,grad,16774447104
3,810.162,grad,16774447104
3,811.469,grad,16793321472
3,812.919,grad,16769564672
3,814.556,grad,16771565568
3,815.792,grad,16840110080
3,817.155,grad,16716312576
3,818.4,grad,16711790592
3,820.289,grad,16583538688
3,821.535,grad,16591396864
3,823.432,grad,16547568640
3,824.942,grad,16547568640
3,826.215,grad,16566443008
3,827.642,grad,16542686208
3,829.375,grad,16543769600
3,830.65,grad,16535636992
3,832.02,grad,16489434112
3,833.271,grad,16485305344
3,835.003,grad,16356725760
3,836.237,grad,16342957056
3,837.967,grad,16313415680
3,839.536,grad,16313153536
3,840.873,grad,16332093440
3,842.576,grad,16308271104
3,843.85,grad,16298342400
3,845.101,grad,16298342400
3,846.589,grad,16298341888
3,848.498,grad,16298341888
3,849.928,grad,16298341888
3,851.226,grad,16298341888
3,855.097,grad,16298341888
3,860.02,grad,16298341888
3,866.41,grad,16298350080
3,872.792,grad,16298350080
3,879.249,grad,16298350080
3,883.405,grad,16298350080
3,884.719,grad,16305827328
3,886.552,grad,16305956352
3,889.277,grad,16313296384
3,890.586,grad,16322733568
3,891.971,grad,16322733568
3,893.254,grad,16345917952
3,894.84,grad,16352274944
3,896.172,grad,16413489664
3,898.232,grad,16467491328
3,899.518,grad,16552491520
3,900.98,grad,16552491520
3,903.547,grad,16552495616
3,904.852,grad,16561932800
3,906.147,grad,16569272832
3,907.434,grad,16599797248
3,908.909,grad,16591474176
3,910.188,grad,16652361216
3,912.17,grad,16705904128
3,913.465,grad,16783564288
3,915.512,grad,16790908416
3,917.279,grad,16791023104
3,919.524,grad,16800345600
3,920.923,grad,16816189952
3,922.538,grad,16829886976
3,923.84,grad,16891167232
3,925.762,grad,16944710144
3,928.083,grad,17029710336
3,930.617,grad,17029714432
3,931.909,grad,17039151616
3,933.288,grad,17047540736
3,934.596,grad,17091761664
3,935.972,grad,17068692992
3,937.296,grad,17207174656
3,939.16,grad,17221920256
3,940.491,grad,17336280576
3,941.787,grad,17260783104
3,944.422,grad,17268241920
3,946.619,grad,17277564416
3,947.931,grad,17315428864
3,949.478,grad,17314445824
3,950.768,grad,17445587456
3,952.638,grad,17460333056
3,954.886,grad,17506535936
3,957.607,grad,17506540032
3,958.894,grad,17515977216
3,960.226,grad,17524366336
3,961.526,grad,17568587264
3,962.904,grad,17552858624
3,964.213,grad,17684000256
3,966.118,grad,17659948544
3,968.343,grad,17744948736
3,970.919,grad,17744952832
3,972.215,grad,17754390016
3,973.578,grad,17762779136
3,974.884,grad,17807000064
3,976.313,grad,17783931392
3,977.664,grad,17844818432
3,979.658,grad,17898361344
3,980.966,grad,17976021504
3,982.253,grad,17983365632
3,984.708,grad,17983480320
3,986.048,grad,17992802816
3,987.4,grad,18001191936
3,988.709,grad,18045412864
3,990.072,grad,18029684224
3,991.35,grad,18160825856
3,993.156,grad,18136774144
3,995.346,grad,18214434304
3,998.043,grad,18221778432
3,1000.255,grad,18231215616
3,1001.534,grad,18269080064
3,1002.934,grad,18260756992
3,1004.236,grad,18321644032
3,1006.148,grad,18413984256
3,1008.326,grad,18452847104
3,1010.954,grad,18460191232
3,1012.266,grad,18469628416
3,1013.577,grad,18469628416
3,1014.88,grad,18492812800
3,1016.568,grad,18506509824
3,1017.928,grad,18560056832
3,1019.933,grad,18613599744
3,1021.246,grad,18698599936
3,1022.543,grad,18698604032
3,1025.263,grad,18698718720
3,1026.587,grad,18708041216
3,1027.876,grad,18708041216
3,1029.154,grad,18731225600
3,1030.68,grad,18737582592
3,1031.99,grad,18798404096
3,1034.224,grad,18890809856
3,1036.5,grad,18937012736
3,1037.828,grad,18937016832
3,1039.297,grad,18937016832
3,1040.563,grad,18946454016
3,1041.842,grad,18954842624
3,1043.113,grad,18984384000
3,1044.434,grad,18975995392
3,1045.68,grad,19036882432
3,1047.584,grad,19090425344
3,1048.842,grad,19175425536
3,1050.136,grad,19175429632
3,1053.384,grad,19175429632
3,1054.676,grad,19184866816
3,1056.05,grad,19193255936
3,1057.308,grad,19237476864
3,1058.576,grad,19221748224
3,1059.868,grad,19275295232
3,1061.765,grad,19328838144
3,1064.025,grad,19406498304
3,1066.539,grad,19413842432
3,1068.763,grad,19423279616
3,1070.08,grad,19461144064
3,1071.63,grad,19452820992
3,1072.925,grad,19513708032
3,1074.907,grad,19567250944
3,1077.175,grad,19652251136
3,1079.776,grad,19652255232
3,1081.101,grad,19661692416
3,1082.512,grad,19670081536
3,1083.792,grad,19714302464
3,1085.142,grad,19691233792
3,1086.456,grad,19752120832
3,1088.365,grad,19805663744
3,1090.759,grad,19883323904
3,1093.371,grad,19890782720
3,1095.577,grad,19900105216
3,1096.883,grad,19937969664
3,1098.318,grad,19929646592
3,1099.61,grad,19990533632
3,1101.535,grad,20044076544
3,1102.842,grad,20129076736
3,1104.196,grad,20129080832
3,1106.611,grad,20129080832
3,1107.981,grad,20138518016
3,1109.295,grad,20138518016
3,1110.558,grad,20176382464
3,1111.999,grad,20168059392
3,1113.271,grad,20228946432
3,1115.23,grad,20282489344
3,1117.415,grad,20360149504
3,1119.927,grad,20367493632
3,1122.11,grad,20376930816
3,1123.389,grad,20414795264
3,1124.762,grad,20406472192
3,1126.052,grad,20452613632
3,1128.155,grad,20520902144
3,1130.395,grad,20598562304
3,1132.911,grad,20605906432
3,1134.218,grad,20615343616
3,1135.585,grad,20623732736
3,1136.891,grad,20667953664
3,1138.22,grad,20644884992
3,1139.473,grad,20705772032
3,1141.346,grad,20759314944
3,1143.726,grad,20844315136
3,1145.069,grad,20844319232
3,1146.532,grad,20844319232
3,1148.748,grad,20853756416
3,1150.14,grad,20891620864
3,1151.589,grad,20883297792
3,1152.873,grad,20944184832
3,1154.78,grad,20997727744
3,1157.011,grad,21075387904
3,1159.563,grad,21082732032
3,1160.828,grad,21092169216
3,1162.126,grad,21092169216
3,1163.453,grad,21130033664
3,1164.93,grad,21121710592
3,1166.226,grad,21182597632
3,1168.156,grad,21236140544
3,1169.45,grad,21321140736
3,1170.771,grad,21321144832
3,1173.278,grad,21321144832
3,1174.577,grad,21330582016
3,1175.968,grad,21338971136
3,1177.242,grad,21383192064
3,1178.553,grad,21360123392
3,1179.874,grad,21421010432
3,1181.942,grad,21474553344
3,1184.164,grad,21552213504
3,1186.692,grad,21559557632
3,1187.991,grad,21568994816
3,1189.364,grad,21577383936
3,1190.642,grad,21606924800
3,1191.951,grad,21598536192
3,1193.234,grad,21659423232
3,1195.287,grad,21712966144
3,1197.547,grad,21797966336
3,1200.295,grad,21797970432
3,1201.581,grad,21807407616
3,1202.869,grad,21807407616
3,1204.167,grad,21830592000
3,1205.724,grad,21836948992
3,1207.063,grad,21897836032
3,1208.962,grad,21951378944
3,1210.28,grad,22029039104
3,1211.599,grad,22036383232
3,1214.041,grad,22036383232
3,1215.318,grad,22045820416
3,1216.667,grad,22054209536
3,1218.161,grad,22083750400
3,1219.476,grad,22075361792
3,1220.742,grad,22136248832
3,1222.646,grad,22189791744
3,1224.816,grad,22267451904
3,1227.397,grad,22274796032
3,1228.666,grad,22284233216
3,1230.03,grad,22292622336
3,1231.315,grad,22322163200
3,1232.572,grad,22313774592
3,1233.82,grad,22374661632
3,1235.92,grad,22428204544
3,1238.133,grad,22505864704
3,1240.664,grad,22513208832
3,1241.964,grad,22522646016
3,1243.323,grad,22531035136
3,1244.584,grad,22575256064
3,1245.867,grad,22552187392
3,1247.157,grad,22613074432
3,1249.042,grad,22666617344
3,1251.212,grad,22744277504
3,1253.941,grad,22751621632
3,1255.206,grad,22761058816
3,1256.529,grad,22769447936
3,1257.775,grad,22813668864
3,1259.054,grad,22790600192
3,1260.307,grad,22851487232
3,1262.187,grad,22905030144
3,1264.135,grad,22982690304
3,1265.424,grad,23916980224
3,1266.692,grad,23916998144
3,1269.436,grad,23909641216
3,1270.748,grad,23598214656
3,1272.068,grad,23598214656
3,1273.386,grad,23598214656
3,1275.065,grad,24221070336
3,1276.723,grad,22986879488
3,1278.087,grad,22986283520
3,1279.365,grad,22940080640
3,1280.911,grad,22940080640
3,1282.218,grad,22896761344
3,1284.154,grad,22807306752
3,1285.456,grad,22815558144
3,1287.265,grad,22771336704
3,1288.971,grad,22771336704
3,1290.369,grad,22790211072
3,1291.918,grad,22766454272
3,1293.728,grad,22768061952
3,1295.047,grad,22759405056
3,1296.456,grad,22713202176
3,1297.749,grad,22708680192
3,1299.617,grad,22580428288
3,1300.935,grad,22573999616
3,1302.725,grad,22544458240
3,1304.546,grad,22544458240
3,1305.837,grad,22563267072
3,1307.378,grad,22539575808
3,1309.115,grad,22541576704
3,1310.355,grad,22532526592
3,1311.592,grad,22486323712
3,1312.84,grad,22443004416
3,1314.102,grad,22353615360
3,1315.383,grad,22360955392
3,1316.634,grad,22332441088
3,1317.895,grad,22317645312
3,1319.431,grad,22317645312
3,1320.673,grad,22336388608
3,1322.247,grad,22312762880
3,1323.987,grad,22313846272
3,1325.238,grad,22383373824
3,1326.777,grad,22259576320
3,1328.109,grad,22216257024
3,1329.994,grad,22127195648
3,1331.257,grad,22120766976
3,1332.975,grad,22091225600
3,1334.48,grad,22091225600
3,1335.758,grad,22110099968
3,1337.194,grad,22086343168
3,1338.858,grad,22087426560
3,1340.138,grad,22079293952
3,1341.53,grad,22033091072
3,1342.777,grad,22028962304
3,1344.596,grad,21900710400
3,1345.855,grad,21908961792
3,1347.457,grad,21864740352
3,1348.992,grad,21864740352
3,1350.232,grad,21883155968
3,1352.085,grad,21859857920
3,1353.947,grad,21860941312
3,1355.212,grad,21891933696
3,1356.49,grad,21768201728
3,1357.751,grad,21802477056
3,1359.436,grad,21674618368
3,1360.689,grad,21668189696
3,1362.441,grad,21638648832
3,1364.028,grad,21638648320
3,1365.315,grad,21657522688
3,1366.711,grad,21633765888
3,1368.39,grad,21634849280
3,1369.656,grad,21626716672
3,1371.177,grad,21580513792
3,1372.471,grad,21537587712
3,1374.622,grad,21448133120
3,1375.956,grad,21456384512
3,1377.616,grad,21412163584
3,1379.124,grad,21412163072
3,1380.414,grad,21430906368
3,1382.055,grad,21407280640
3,1383.783,grad,21408364032
3,1385.111,grad,21400231424
3,1386.496,grad,21354028544
3,1387.748,grad,21349572096
3,1389.472,grad,21221320192
3,1390.743,grad,21214891520
3,1392.452,grad,21185350144
3,1394.093,grad,21185350144
3,1395.412,grad,21204224512
3,1397.105,grad,21180467712
3,1398.828,grad,21181551104
3,1400.15,grad,21173418496
3,1401.528,grad,21127215616
3,1402.783,grad,21122693632
3,1404.635,grad,21001781760
3,1405.97,grad,20987947520
3,1407.544,grad,20958472192
3,1409.066,grad,20958471680
3,1410.304,grad,20977280512
3,1411.875,grad,20953589248
3,1413.522,grad,20954672640
3,1414.786,grad,21024134656
3,1416.142,grad,20900337152
3,1417.396,grad,20895815168
3,1419.112,grad,20767628800
3,1420.35,grad,20775486976
3,1421.597,grad,20731658752
3,1422.853,grad,20731658752
3,1424.114,grad,20761018880
3,1425.624,grad,20726284800
3,1426.897,grad,20734116352
3,1428.435,grad,20727859712
3,1429.711,grad,20719727104
3,1430.998,grad,20673524224
3,1432.246,grad,20630204928
3,1433.484,grad,20540750336
3,1434.764,grad,20548090368
3,1436.061,grad,20519576064
3,1437.403,grad,20504780800
3,1438.766,grad,20504780288
3,1440.049,grad,20523982336
3,1441.975,grad,20499897856
3,1443.627,grad,20500981248
3,1444.923,grad,20492848640
3,1446.282,grad,20446645760
3,1447.53,grad,20442123776
3,1449.276,grad,20313937408
3,1450.563,grad,20307508736
3,1452.317,grad,20277967872
3,1453.841,grad,20277967360
3,1455.166,grad,20296776192
3,1456.682,grad,20273084928
3,1458.341,grad,20274168320
3,1459.612,grad,20343564800
3,1461.017,grad,20219832832
3,1462.278,grad,20215310848
3,1464.277,grad,20087452160
3,1465.568,grad,20095310336
3,1466.828,grad,20051482112
3,1468.092,grad,20052530688
3,1469.399,grad,20080907776
3,1470.68,grad,20070422016
3,1472.17,grad,20046599680
3,1473.921,grad,20047683072
3,1475.268,grad,20039550464
3,1476.691,grad,19993347584
3,1477.986,grad,19988825600
3,1479.716,grad,19860573696
3,1481.064,grad,19854145024
3,1482.762,grad,19824603648
3,1484.338,grad,19824603648
3,1485.699,grad,19843478016
3,1487.378,grad,19819721216
3,1489.208,grad,19820804608
3,1490.502,grad,19812606464
3,1491.838,grad,19766469120
3,1493.152,grad,19684352512
3,1495.063,grad,19633695232
3,1496.318,grad,19641946624
3,1497.959,grad,19597725184
3,1499.454,grad,19597725184
3,1500.711,grad,19616534016
3,1502.253,grad,19592842752
3,1503.969,grad,19593926144
3,1505.261,grad,19585793536
3,1506.619,grad,19539590656
3,1507.866,grad,19535068672
3,1509.582,grad,19406816768
3,1510.825,grad,19414609408
3,1512.097,grad,19379351040
3,1513.368,grad,19370846720
3,1514.626,grad,19400206848
3,1516.221,grad,19365472768
3,1517.502,grad,19373337088
3,1519.002,grad,19367047680
3,1520.274,grad,19436509696
3,1521.634,grad,19312712192
3,1522.831,grad,19237935616
3,1524.743,grad,19179938304
3,1526.032,grad,19173509632
3,1527.724,grad,19143968768
3,1529.271,grad,19143968256
3,1530.594,grad,19162842624
3,1532.33,grad,19139085824
3,1534.068,grad,19140169216
3,1535.345,grad,19132036608
3,1536.704,grad,19085833728
3,1537.986,grad,19081311744
3,1539.712,grad,18953059840
3,1541.027,grad,18946631168
3,1542.762,grad,18917090304
3,1544.309,grad,18917089792
3,1545.564,grad,18935898624
3,1547.082,grad,18912207360
3,1548.722,grad,18913290752
3,1549.998,grad,18905158144
3,1551.407,grad,18858955264
3,1552.668,grad,18815635968
3,1554.516,grad,18726246912
3,1555.772,grad,18733580800
3,1557.055,grad,18714575360
3,1558.407,grad,18690276864
3,1559.681,grad,18719636992
3,1560.957,grad,18709151232
3,1562.389,grad,18685394432
3,1564.24,grad,18686477824
3,1565.511,grad,18678279680
3,1566.829,grad,18632142336
3,1568.138,grad,18588823040
3,1570.028,grad,18499433984
3,1571.325,grad,18493070848
3,1573.138,grad,18463464448
3,1574.739,grad,18463529472
3,1576.154,grad,18482272768
3,1578.05,grad,18458647040
3,1579.773,grad,18459664896
3,1581.225,grad,18451532288
3,1582.692,grad,18405329408
3,1584.057,grad,18330552832
3,1585.355,grad,18280024576
3,1586.762,grad,18280026624
3,1588.099,grad,18251512320
3,1589.431,grad,18236716544
3,1591.05,grad,18236716544
3,1592.411,grad,18255459840
3,1594.133,grad,18231834112
3,1596.076,grad,18232917504
3,1597.341,grad,18224719360
3,1598.623,grad,18178582016
3,1599.91,grad,18096465408
3,1601.967,grad,18053148160
3,1603.28,grad,18053600768
3,1604.56,grad,18034071040
3,1606.016,grad,18009838080
3,1607.323,grad,18024518144
3,1608.654,grad,18028712448
3,1610.152,grad,18004955648
3,1612.032,grad,18006039040
3,1613.398,grad,17997906432
3,1614.702,grad,17951703552
3,1616.049,grad,17915724288
3,1617.331,grad,17857790464
3,1618.844,grad,17826335232
3,1620.2,grad,17797820928
3,1621.513,grad,17783025152
3,1623.241,grad,17797705216
3,1624.537,grad,17801833984
3,1626.463,grad,17778142720
3,1628.392,grad,17779226112
3,1629.687,grad,17771027968
3,1631.029,grad,17724890624
3,1632.303,grad,17650114048
3,1633.559,grad,17592182272
3,1634.876,grad,17599522304
3,1636.151,grad,17571008000
3,1637.422,grad,17556212224
3,1638.975,grad,17556212224
3,1640.276,grad,17575086592
3,1641.763,grad,17551329792
3,1643.704,grad,17552413184
3,1645.016,grad,17544215040
3,1646.314,grad,17498077696
3,1647.585,grad,17493555712
3,1649.435,grad,17365369344
3,1650.712,grad,17373227520
3,1651.999,grad,17362020864
3,1653.351,grad,17329399296
3,1654.673,grad,17329399296
3,1655.989,grad,17348208128
3,1657.524,grad,17324516864
3,1659.229,grad,17325600256
3,1660.474,grad,17317467648
3,1661.886,grad,17271264768
3,1663.155,grad,17189148160
3,1665.139,grad,17138163200
3,1666.443,grad,17131734528
3,1668.225,grad,17102193152
3,1669.779,grad,17102193152
3,1671.164,grad,17121133056
3,1672.936,grad,17097310720
3,1674.673,grad,17098394112
3,1676.003,grad,17090261504
3,1677.303,grad,17044058624
3,1678.571,grad,17008079360
3,1679.868,grad,16911284736
3,1681.118,grad,16918624768
3,1682.4,grad,16890110464
3,1683.738,grad,16875314688
3,1685.41,grad,16875314688
3,1686.724,grad,16894189056
3,1688.342,grad,16870432256
3,1690.218,grad,16871515648
3,1691.517,grad,16863317504
3,1692.941,grad,16817180160
3,1694.242,grad,16734670336
3,1696.162,grad,16683619840
3,1697.445,grad,16684072448
3,1698.711,grad,16672931328
3,1700.059,grad,16640309760
3,1701.316,grad,16654727680
3,1702.562,grad,16658921984
3,1704.096,grad,16635165184
3,1705.359,grad,16625236480
3,1706.608,grad,16625236480
3,1707.851,grad,16625236480
3,1710.385,grad,16625235968
3,1711.825,grad,16625235968
3,1713.264,grad,16625235968
3,1717.266,grad,16625235968
3,1722.008,grad,16625236992
3,1728.418,grad,16625244160
3,1734.837,grad,16625244160
3,1741.24,grad,16625244160
3,1746.204,grad,16625244160
3,1747.522,grad,16632721408
3,1749.442,grad,16632850432
3,1752.258,grad,16640305152
3,1753.59,grad,16649627648
3,1754.92,grad,16649627648
3,1756.207,grad,16665472000
3,1758.022,grad,16679169024
3,1759.326,grad,16739990528
3,1760.589,grad,16832396288
3,1761.872,grad,16832789504
3,1764.068,grad,16871259136
3,1767.436,grad,16878603264
3,1768.739,grad,16888040448
3,1770.053,grad,16888040448
3,1771.341,grad,16903884800
3,1773.039,grad,16917581824
3,1774.371,grad,16978796544
3,1775.701,grad,17110392832
3,1777.183,grad,17071595520
3,1779.225,grad,17110458368
3,1781.852,grad,17117802496
3,1783.17,grad,17127239680
3,1784.469,grad,17127239680
3,1785.789,grad,17143084032
3,1787.733,grad,17156781056
3,1789.051,grad,17217602560
3,1790.347,grad,17348805632
3,1791.731,grad,17310008320
3,1793.907,grad,17356211200
3,1796.657,grad,17356329984
3,1797.999,grad,17365652480
3,1799.381,grad,17374041600
3,1800.672,grad,17403582464
3,1802.025,grad,17395193856
3,1803.306,grad,17456015360
3,1805.321,grad,17509623808
3,1806.599,grad,17648101376
3,1808.038,grad,17587283968
3,1810.628,grad,17594742784
3,1811.968,grad,17604065280
3,1813.37,grad,17612454400
3,1814.651,grad,17656675328
3,1815.993,grad,17633606656
3,1817.293,grad,17694886912
3,1819.255,grad,17787227136
3,1821.504,grad,17833430016
3,1824.453,grad,17833548800
3,1825.776,grad,17842871296
3,1827.102,grad,17851259904
3,1828.383,grad,17880735744
3,1829.956,grad,17872412672
3,1831.249,grad,17933234176
3,1832.619,grad,18142031872
3,1834.011,grad,18025639936
3,1836.263,grad,18064502784
3,1838.912,grad,18071846912
3,1840.234,grad,18081284096
3,1841.54,grad,18081284096
3,1842.827,grad,18104468480
3,1844.438,grad,18110825472
3,1845.723,grad,18118169600
3,1847.079,grad,18302850048
3,1848.35,grad,18225255424
3,1849.638,grad,18302915584
3,1850.935,grad,18310255616
3,1852.229,grad,18310259712
3,1853.759,grad,18310259712
3,1855.075,grad,18319696896
3,1856.371,grad,18327036928
3,1857.68,grad,18357561344
3,1859.232,grad,18349238272
3,1860.525,grad,18410059776
3,1862.732,grad,18502465536
3,1864.966,grad,18541328384
3,1866.294,grad,18548672512
3,1868.063,grad,18548672512
3,1869.367,grad,18558109696
3,1870.699,grad,18558109696
3,1872.011,grad,18595974144
3,1873.586,grad,18594991104
3,1874.882,grad,18648538112
3,1876.927,grad,18702081024
3,1878.226,grad,18833218560
3,1879.498,grad,18779741184
3,1882.137,grad,18787085312
3,1883.436,grad,18796522496
3,1884.891,grad,18796522496
3,1886.23,grad,18819706880
3,1887.917,grad,18826063872
3,1889.232,grad,18886885376
3,1891.289,grad,18940493824
3,1893.473,grad,19018153984
3,1896.142,grad,19025498112
3,1897.449,grad,19034935296
3,1898.857,grad,19043324416
3,1900.167,grad,19087545344
3,1901.488,grad,19064476672
3,1902.765,grad,19202958336
3,1904.79,grad,19178906624
3,1906.972,grad,19256566784
3,1909.564,grad,19264025600
3,1911.759,grad,19273348096
3,1913.13,grad,19296532480
3,1914.652,grad,19302889472
3,1915.958,grad,19363776512
3,1917.921,grad,19417319424
3,1919.256,grad,19494979584
3,1921.336,grad,19502323712
3,1923.261,grad,19502323712
3,1924.564,grad,19511760896
3,1925.872,grad,19511760896
3,1927.15,grad,19549625344
3,1928.609,grad,19541302272
3,1929.924,grad,19602189312
3,1931.861,grad,19694529536
3,1934.21,grad,19740732416
3,1936.743,grad,19740736512
3,1938.057,grad,19750173696
3,1939.44,grad,19758562816
3,1940.716,grad,19788038144
3,1942.226,grad,19779715072
3,1943.542,grad,19840602112
3,1945.482,grad,19894145024
3,1947.734,grad,19971805184
3,1950.456,grad,19979149312
3,1951.769,grad,19988586496
3,1953.153,grad,19996975616
3,1954.45,grad,20026516480
3,1955.747,grad,20018127872
3,1957.085,grad,20078949376
3,1959.163,grad,20132557824
3,1961.636,grad,20217558016
3,1964.228,grad,20217562112
3,1965.512,grad,20226999296
3,1966.914,grad,20235388416
3,1968.226,grad,20264929280
3,1969.561,grad,20256540672
3,1970.87,grad,20317427712
3,1972.867,grad,20370970624
3,1975.152,grad,20448630784
3,1977.972,grad,20455974912
3,1980.273,grad,20465412096
3,1981.615,grad,20503276544
3,1983.173,grad,20502293504
3,1984.478,grad,20555840512
3,1986.46,grad,20609383424
3,1988.67,grad,20687043584
3,1991.27,grad,20694387712
3,1992.563,grad,20703824896
3,1993.911,grad,20712214016
3,1996.161,grad,20741754880
3,1997.475,grad,20733366272
3,1998.818,grad,20794253312
3,2000.765,grad,20847796224
3,2003.066,grad,20925456384
3,2005.705,grad,20932800512
3,2007.017,grad,20942237696
3,2008.398,grad,20950626816
3,2009.691,grad,20994847744
3,2011.055,grad,20971779072
3,2012.34,grad,21032666112
3,2014.475,grad,21086209024
3,2016.791,grad,21163869184
3,2019.405,grad,21171328000
3,2021.653,grad,21180650496
3,2023.0,grad,21218514944
3,2024.459,grad,21210191872
3,2025.783,grad,21271078912
3,2027.754,grad,21324621824
3,2029.079,grad,21409622016
3,2031.196,grad,21409626112
3,2033.093,grad,21409626112
3,2034.387,grad,21419063296
3,2035.764,grad,21427452416
3,2037.065,grad,21471673344
3,2038.384,grad,21448604672
3,2039.67,grad,21587086336
3,2041.511,grad,21563034624
3,2043.695,grad,21640694784
3,2046.26,grad,21648038912
3,2047.58,grad,21657476096
3,2048.924,grad,21657476096
3,2050.285,grad,21673320448
3,2052.16,grad,21687017472
3,2053.463,grad,21747904512
3,2055.428,grad,21801447424
3,2057.675,grad,21879107584
3,2060.379,grad,21886451712
3,2061.687,grad,21895888896
3,2063.12,grad,21904278016
3,2064.417,grad,21948498944
3,2065.752,grad,21925430272
3,2067.075,grad,21986317312
3,2068.982,grad,22039860224
3,2071.391,grad,22117520384
3,2074.023,grad,22124864512
3,2076.275,grad,22134301696
3,2077.592,grad,22172166144
3,2079.056,grad,22163843072
3,2080.34,grad,22224664576
3,2082.36,grad,22278273024
3,2083.63,grad,22363273216
3,2084.906,grad,22363273216
3,2087.662,grad,22363277312
3,2088.968,grad,22372714496
3,2090.246,grad,22372714496
3,2091.528,grad,22410578944
3,2093.026,grad,22402255872
3,2094.301,grad,22463142912
3,2096.329,grad,22516685824
3,2098.562,grad,22601686016
3,2101.132,grad,22601690112
3,2102.409,grad,22611127296
3,2103.727,grad,22619516416
3,2105.213,grad,22649057280
3,2106.512,grad,22640668672
3,2107.772,grad,22701555712
3,2109.721,grad,22755098624
3,2111.983,grad,22840098816
3,2113.272,grad,22840102912
3,2114.711,grad,22840102912
3,2116.008,grad,22849540096
3,2117.294,grad,22856880128
3,2118.62,grad,22887470080
3,2120.14,grad,22879081472
3,2121.414,grad,22939968512
3,2123.694,grad,22993511424
3,2125.064,grad,23124648960
3,2126.382,grad,23071171584
3,2129.064,grad,23078515712
3,2130.365,grad,23087952896
3,2131.73,grad,23087952896
3,2133.116,grad,23112185856
3,2134.866,grad,23125882880
3,2136.16,grad,23179429888
3,2138.288,grad,23232972800
3,2139.571,grad,23364110336
3,2140.839,grad,23317977088
3,2142.701,grad,24244922880
3,2144.027,grad,24244936192
3,2146.501,grad,24237583872
3,2147.794,grad,23926157312
3,2149.074,grad,23926157312
3,2150.335,grad,23926157312
3,2151.973,grad,23926158848
3,2153.66,grad,23314822144
3,2155.012,grad,23313898496
3,2156.313,grad,23267695616
3,2157.634,grad,23239941120
3,2158.947,grad,23143144448
3,2160.438,grad,23143146496
3,2161.747,grad,23114632192
3,2163.146,grad,23098787840
3,2164.732,grad,23098787840
3,2166.078,grad,23118579712
3,2167.719,grad,23093905408
3,2169.494,grad,23095513088
3,2170.834,grad,23099111424
3,2172.31,grad,23040653312
3,2173.614,grad,23004674048
3,2174.922,grad,22954080256
3,2176.415,grad,22915284992
3,2177.735,grad,22886770688
3,2179.169,grad,22871974912
3,2180.836,grad,22871974912
3,2182.184,grad,22890849280
3,2183.651,grad,22867092480
3,2185.494,grad,22868175872
3,2186.806,grad,22859977728
3,2188.2,grad,22813840384
3,2189.512,grad,22770914304
3,2191.413,grad,22681459712
3,2192.697,grad,22689711104
3,2194.657,grad,22645489664
3,2196.281,grad,22645489664
3,2197.565,grad,22664232960
3,2199.228,grad,22640607232
3,2201.131,grad,22641690624
3,2202.425,grad,22633492480
3,2203.763,grad,22587355136
3,2205.066,grad,22582833152
3,2206.909,grad,22454646784
3,2208.209,grad,22448218112
3,2209.946,grad,22418676736
3,2211.51,grad,22418676736
3,2212.796,grad,22437551104
3,2214.277,grad,22413794304
3,2216.342,grad,22414877696
3,2217.652,grad,22406679552
3,2219.052,grad,22360542208
3,2220.334,grad,22317222912
3,2222.288,grad,22227768320
3,2223.579,grad,22236019712
3,2225.269,grad,22191798272
3,2226.881,grad,22191798272
3,2228.15,grad,22210607104
3,2229.767,grad,22186915840
3,2231.687,grad,22187999232
3,2232.989,grad,22218598400
3,2234.29,grad,22094866432
3,2235.701,grad,22131566592
3,2237.362,grad,22000889856
3,2238.682,grad,21994461184
3,2240.507,grad,21964919808
3,2241.819,grad,21964919808
3,2243.103,grad,21979599872
3,2244.384,grad,21969114112
3,2245.762,grad,21960037376
3,2247.621,grad,21961120768
3,2248.838,grad,22030582784
3,2250.202,grad,21906785280
3,2251.459,grad,21824668672
3,2253.284,grad,21774076928
3,2254.552,grad,21782328320
3,2256.187,grad,21738106880
3,2257.765,grad,21738106880
3,2259.052,grad,21757308928
3,2260.625,grad,21733224448
3,2262.347,grad,21734307840
3,2263.649,grad,21738496000
3,2265.058,grad,21679972352
3,2266.344,grad,21651333120
3,2267.633,grad,21593333760
3,2268.838,grad,21554538496
3,2270.126,grad,21548044288
3,2271.734,grad,21511228416
3,2273.29,grad,21511228416
3,2274.651,grad,21530102784
3,2276.101,grad,21506345984
3,2277.982,grad,21507429376
3,2279.286,grad,21499231232
3,2280.572,grad,21453093888
3,2281.879,grad,21409774592
3,2283.7,grad,21320320000
3,2285.038,grad,21313891328
3,2286.71,grad,21284349952
3,2288.646,grad,21299030016
3,2289.969,grad,21303289856
3,2291.433,grad,21279467520
3,2293.158,grad,21280550912
3,2294.477,grad,21350012928
3,2295.837,grad,21226215424
3,2297.101,grad,21182896128
3,2298.998,grad,21093441536
3,2300.277,grad,21101692928
3,2302.006,grad,21057471488
3,2303.544,grad,21057471488
3,2304.839,grad,21076345856
3,2306.277,grad,21052589056
3,2308.019,grad,21054589952
3,2309.362,grad,21057795072
3,2310.86,grad,20999336960
3,2312.177,grad,20978103296
3,2313.43,grad,20920038400
3,2314.724,grad,20873903104
3,2316.041,grad,20860068864
3,2317.67,grad,20830593024
3,2319.26,grad,20830593024
3,2320.524,grad,20849401856
3,2322.143,grad,20825710592
3,2323.775,grad,20826793984
3,2325.056,grad,20818661376
3,2326.412,grad,20772458496
3,2327.669,grad,20767936512
3,2329.573,grad,20639684608
3,2330.839,grad,20633255936
3,2332.563,grad,20603714560
3,2334.348,grad,20603714560
3,2335.638,grad,20622588928
3,2337.087,grad,20598832128
3,2338.779,grad,20599915520
3,2340.107,grad,20591782912
3,2341.5,grad,20545580032
3,2342.766,grad,20502260736
3,2344.574,grad,20412806144
3,2345.834,grad,20406377472
3,2347.546,grad,20376836096
3,2349.124,grad,20376836096
3,2350.396,grad,20395644928
3,2351.949,grad,20371953664
3,2353.847,grad,20373037056
3,2355.121,grad,20442499072
3,2356.444,grad,20318701568
3,2357.698,grad,20314179584
3,2359.588,grad,20185993216
3,2360.865,grad,20179564544
3,2362.574,grad,20150023168
3,2364.118,grad,20150023168
3,2365.392,grad,20168897536
3,2366.786,grad,20145140736
3,2368.526,grad,20146224128
3,2369.828,grad,20138091520
3,2371.274,grad,20091888640
3,2372.531,grad,20087366656
3,2374.377,grad,19959114752
3,2375.631,grad,19967366144
3,2377.305,grad,19923144704
3,2379.143,grad,19923144704
3,2380.402,grad,19942346752
3,2382.03,grad,19918262272
3,2383.694,grad,19920328704
3,2384.969,grad,19911213056
3,2386.334,grad,19865010176
3,2387.586,grad,19860488192
3,2389.373,grad,19732236288
3,2390.665,grad,19725807616
3,2392.438,grad,19696266752
3,2393.971,grad,19696266240
3,2395.269,grad,19715140608
3,2396.683,grad,19691383808
3,2398.657,grad,19692467200
3,2400.032,grad,19684334592
3,2401.404,grad,19638131712
3,2402.693,grad,19594812416
3,2404.597,grad,19505423360
3,2405.948,grad,19498994688
3,2407.683,grad,19469453312
3,2409.35,grad,19469453312
3,2410.628,grad,19488262144
3,2412.289,grad,19464570880
3,2414.06,grad,19465654272
3,2415.35,grad,19457521664
3,2416.708,grad,19411318784
3,2418.02,grad,19406796800
3,2419.95,grad,19278544896
3,2421.274,grad,19272116224
3,2423.085,grad,19242574848
3,2424.953,grad,19242574848
3,2426.318,grad,19261449216
3,2427.772,grad,19237692416
3,2429.578,grad,19238775808
3,2430.944,grad,19230643200
3,2432.372,grad,19184440320
3,2433.672,grad,19141121024
3,2435.531,grad,19051666432
3,2436.832,grad,19045237760
3,2438.588,grad,19015696384
3,2440.206,grad,19015696384
3,2441.486,grad,19034439680
3,2443.137,grad,19010813952
3,2445.087,grad,19011897344
3,2446.368,grad,19003764736
3,2447.733,grad,18957561856
3,2449.028,grad,18882785280
3,2450.279,grad,18824853504
3,2451.556,grad,18832193536
3,2452.859,grad,18818359296
3,2454.289,grad,18788883456
3,2455.809,grad,18788883456
3,2457.141,grad,18807757824
3,2458.604,grad,18784001024
3,2460.308,grad,18785084416
3,2461.553,grad,18776951808
3,2463.0,grad,18730748928
3,2464.291,grad,18726226944
3,2466.167,grad,18598040576
3,2467.452,grad,18606291968
3,2469.215,grad,18562071040
3,2471.081,grad,18562070528
3,2472.432,grad,18580944896
3,2473.954,grad,18557188096
3,2475.825,grad,18558271488
3,2477.131,grad,18550073344
3,2478.469,grad,18503936000
3,2479.757,grad,18499414016
3,2481.073,grad,18371227648
3,2482.345,grad,18371225600
3,2483.651,grad,18350053376
3,2484.945,grad,18335257600
3,2486.51,grad,18335257600
3,2487.876,grad,18354131968
3,2489.426,grad,18330375168
3,2491.473,grad,18331458560
3,2492.784,grad,18323325952
3,2494.125,grad,18277123072
3,2495.421,grad,18241143808
3,2496.758,grad,18144414720
3,2498.112,grad,18144412672
3,2499.393,grad,18123240448
3,2500.686,grad,18108445184
3,2502.25,grad,18108444672
3,2503.527,grad,18127253504
3,2505.136,grad,18103562240
3,2506.782,grad,18104645632
3,2508.069,grad,18096513024
3,2509.495,grad,18050310144
3,2510.762,grad,18006990848
3,2512.66,grad,17917143040
3,2514.009,grad,17910714368
3,2516.118,grad,17881173504
3,2517.69,grad,17881172992
3,2519.048,grad,17900047360
3,2520.526,grad,17876290560
3,2522.41,grad,17877373952
3,2523.728,grad,17869175808
3,2525.123,grad,17823038464
3,2526.431,grad,17818516480
3,2528.304,grad,17697604608
3,2529.619,grad,17698515968
3,2531.397,grad,17654294528
3,2532.998,grad,17654294528
3,2534.287,grad,17673168896
3,2535.889,grad,17649412096
3,2537.992,grad,17650495488
3,2539.31,grad,17642297344
3,2540.616,grad,17596160000
3,2541.89,grad,17521383424
3,2543.785,grad,17463451648
3,2545.079,grad,17457022976
3,2546.735,grad,17427481600
3,2548.299,grad,17427481600
3,2549.579,grad,17446355968
3,2551.121,grad,17422599168
3,2552.813,grad,17423682560
3,2554.17,grad,17415549952
3,2555.513,grad,17369347072
3,2556.762,grad,17364038656
3,2558.503,grad,17235786752
3,2559.755,grad,17229358080
3,2561.495,grad,17199816704
3,2563.299,grad,17199816704
3,2564.573,grad,17218625536
3,2566.111,grad,17194934272
3,2567.753,grad,17196017664
3,2569.05,grad,17187885056
3,2570.444,grad,17142075392
3,2571.694,grad,17137160192
3,2573.594,grad,17008973824
3,2574.852,grad,16995205120
3,2576.528,grad,16965663744
3,2578.091,grad,16965401600
3,2579.407,grad,16984275968
3,2581.026,grad,16960519168
3,2582.279,grad,16950590464
3,2583.525,grad,16950590464
3,2584.783,grad,16950590464
3,2587.274,grad,16950589952
3,2588.649,grad,16950589952
3,2590.008,grad,16950589952
3,2594.118,grad,16950589952
3,2598.72,grad,16950590976
3,2605.173,grad,16950598144
3,2611.556,grad,16950598144
3,2617.995,grad,16950598144
3,2622.199,grad,16950598144
3,2623.519,grad,16958337536
3,2625.218,grad,16958204416
3,2627.881,grad,16965544448
3,2629.166,grad,16974981632
3,2630.448,grad,16974981632
3,2631.742,grad,16998166016
3,2633.309,grad,17004523008
3,2634.568,grad,17065344512
3,2636.543,grad,17118952960
3,2637.812,grad,17196613120
3,2639.235,grad,17196613120
3,2641.778,grad,17203957248
3,2643.07,grad,17213394432
3,2644.427,grad,17221783552
3,2645.701,grad,17266004480
3,2647.042,grad,17242935808
3,2648.303,grad,17303822848
3,2650.214,grad,17357365760
3,2651.493,grad,17442365952
3,2652.777,grad,17442370048
3,2655.338,grad,17442484736
3,2658.018,grad,17451807232
3,2659.465,grad,17474991616
3,2661.184,grad,17481348608
3,2662.636,grad,17542563328
3,2664.845,grad,17596564992
3,2666.265,grad,17735042560
3,2667.775,grad,17681569280
3,2670.374,grad,17681569280
3,2671.742,grad,17691006464
3,2673.11,grad,17691006464
3,2674.428,grad,17714190848
3,2676.098,grad,17720547840
3,2677.462,grad,17781434880
3,2679.726,grad,17834977792
3,2681.258,grad,17988135424
3,2682.655,grad,17912637952
3,2685.316,grad,17919982080
3,2686.598,grad,17929419264
3,2687.927,grad,17929419264
3,2689.25,grad,17952603648
3,2690.932,grad,17958960640
3,2692.233,grad,18019782144
3,2693.524,grad,18112187904
3,2695.008,grad,18112187904
3,2696.985,grad,18151050752
3,2699.779,grad,18158394880
3,2701.08,grad,18167832064
3,2702.464,grad,18176221184
3,2703.728,grad,18205762048
3,2705.045,grad,18197373440
3,2706.348,grad,18258194944
3,2708.381,grad,18311803392
3,2709.686,grad,18389463552
3,2711.041,grad,18396807680
3,2712.307,grad,18396807680
3,2713.75,grad,18396807680
3,2715.039,grad,18406244864
3,2716.371,grad,18414633984
3,2717.91,grad,18414633472
3,2719.184,grad,18444174848
3,2720.432,grad,18450470400
3,2721.724,grad,18574267904
3,2723.547,grad,18550216192
3,2724.82,grad,18635216384
3,2726.114,grad,18635220480
3,2728.462,grad,18635220480
3,2729.722,grad,18644657664
3,2731.027,grad,18651997696
3,2732.289,grad,18682522112
3,2733.762,grad,18674199040
3,2735.051,grad,18735086080
3,2737.031,grad,18788628992
3,2739.446,grad,18866289152
3,2742.102,grad,18873633280
3,2743.371,grad,18883070464
3,2744.635,grad,18890410496
3,2745.913,grad,18920934912
3,2747.344,grad,18912611840
3,2748.607,grad,18973498880
3,2750.658,grad,19027041792
3,2751.951,grad,19104701952
3,2753.986,grad,19112046080
3,2755.839,grad,19112046080
3,2757.114,grad,19121483264
3,2758.426,grad,19129872384
3,2759.717,grad,19159413248
3,2761.115,grad,19151024640
3,2762.404,grad,19211911680
3,2764.351,grad,19265454592
3,2765.62,grad,19350454784
3,2766.905,grad,19350458880
3,2769.336,grad,19350458880
3,2770.631,grad,19359896064
3,2772.011,grad,19368285184
3,2773.492,grad,19397826048
3,2774.778,grad,19389437440
3,2776.11,grad,19450324480
3,2778.097,grad,19503867392
3,2779.376,grad,19588867584
3,2780.696,grad,19588871680
3,2783.089,grad,19588871680
3,2784.378,grad,19598308864
3,2785.713,grad,19606697984
3,2787.026,grad,19650918912
3,2788.291,grad,19627850240
3,2789.55,grad,19688737280
3,2791.616,grad,19742280192
3,2792.97,grad,19819940352
3,2794.262,grad,19827284480
3,2796.784,grad,19827399168
3,2798.104,grad,19836721664
3,2799.475,grad,19845110784
3,2800.734,grad,19874651648
3,2802.085,grad,19866263040
3,2803.365,grad,19927084544
3,2805.456,grad,19980692992
3,2806.72,grad,20119170560
3,2808.079,grad,20065697280
3,2810.666,grad,20065697280
3,2811.961,grad,20075134464
3,2813.377,grad,20083523584
3,2814.643,grad,20113064448
3,2815.918,grad,20104675840
3,2817.189,grad,20165497344
3,2819.236,grad,20219105792
3,2821.49,grad,20296765952
3,2824.027,grad,20304110080
3,2825.298,grad,20313547264
3,2826.864,grad,20321936384
3,2828.219,grad,20351477248
3,2829.552,grad,20343088640
3,2830.82,grad,20403910144
3,2832.943,grad,20457518592
3,2834.203,grad,20535178752
3,2835.48,grad,20542522880
3,2837.962,grad,20542522880
3,2839.22,grad,20551960064
3,2840.47,grad,20560349184
3,2841.715,grad,20589824512
3,2843.15,grad,20581501440
3,2844.411,grad,20642388480
3,2846.545,grad,20695931392
3,2847.845,grad,20780931584
3,2849.139,grad,20780935680
3,2851.525,grad,20780935680
3,2852.786,grad,20790372864
3,2854.179,grad,20798761984
3,2855.465,grad,20828302848
3,2856.757,grad,20819914240
3,2858.047,grad,20880801280
3,2860.069,grad,20934344192
3,2861.346,grad,21012004352
3,2862.634,grad,21019348480
3,2865.229,grad,21019348480
3,2866.518,grad,21028785664
3,2867.921,grad,21037174784
3,2869.239,grad,21066715648
3,2870.494,grad,21058327040
3,2871.764,grad,21119214080
3,2873.82,grad,21172756992
3,2875.095,grad,21303894528
3,2876.351,grad,21250417152
3,2877.689,grad,21257761280
3,2879.181,grad,21257761280
3,2880.447,grad,21267198464
3,2881.749,grad,21267198464
3,2883.082,grad,21283042816
3,2884.761,grad,21296739840
3,2886.04,grad,21357561344
3,2887.299,grad,21488764416
3,2888.653,grad,21449967104
3,2890.684,grad,21488829952
3,2893.299,grad,21496174080
3,2894.583,grad,21505611264
3,2895.889,grad,21505611264
3,2897.209,grad,21528795648
3,2898.747,grad,21535152640
3,2900.072,grad,21595974144
3,2902.348,grad,21649582592
3,2903.626,grad,21773380096
3,2904.968,grad,21734586880
3,2907.393,grad,21734586880
3,2908.66,grad,21744024064
3,2909.97,grad,21744024064
3,2911.227,grad,21767208448
3,2912.81,grad,21773565440
3,2914.084,grad,21834386944
3,2916.181,grad,21887995392
3,2917.467,grad,22011792896
3,2918.72,grad,21972995584
3,2921.465,grad,21972999680
3,2922.77,grad,21982436864
3,2924.142,grad,21989776896
3,2925.416,grad,22005621248
3,2927.076,grad,22011978240
3,2928.334,grad,22072865280
3,2930.361,grad,22126408192
3,2931.656,grad,22211408384
3,2933.13,grad,22211412480
3,2935.587,grad,22211412480
3,2936.97,grad,22220849664
3,2938.296,grad,22220849664
3,2939.562,grad,22229238784
3,2940.853,grad,22258779648
3,2942.325,grad,22250391040
3,2943.593,grad,22311278080
3,2945.585,grad,22364820992
3,2946.907,grad,22503298560
3,2948.204,grad,22442481152
3,2950.783,grad,22449825280
3,2952.11,grad,22459262464
3,2953.463,grad,22459262464
3,2954.792,grad,22482446848
3,2956.393,grad,22488803840
3,2957.662,grad,22549625344
3,2959.959,grad,22603233792
3,2961.282,grad,22680893952
3,2962.606,grad,22688238080
3,2965.09,grad,22688238080
3,2966.356,grad,22697675264
3,2967.656,grad,22705015296
3,2968.96,grad,22735539712
3,2970.432,grad,22727216640
3,2971.712,grad,22788038144
3,2973.9,grad,22880443904
3,2975.176,grad,22919306752
3,2976.498,grad,22926650880
3,2979.124,grad,22926650880
3,2980.448,grad,22936088064
3,2981.745,grad,22936088064
3,2983.094,grad,22959272448
3,2984.812,grad,22965629440
3,2986.121,grad,23026516480
3,2988.197,grad,23080059392
3,2989.556,grad,23157719552
3,2990.877,grad,23165059584
3,2993.523,grad,23165063680
3,2994.83,grad,23174500864
3,2996.151,grad,23174500864
3,2997.479,grad,23190345216
3,2999.22,grad,23204042240
3,3000.503,grad,23264863744
3,3002.597,grad,23318472192
3,3003.881,grad,23456949760
3,3005.172,grad,23403472384
3,3007.957,grad,23403591168
3,3009.269,grad,23412913664
3,3010.607,grad,23412913664
3,3011.895,grad,23436098048
3,3013.533,grad,23442455040
3,3014.826,grad,23503276544
3,3016.106,grad,23634479616
3,3017.392,grad,23595682304
3,3018.698,grad,23641885184
3,3020.255,grad,23641889280
3,3021.675,grad,24568835072
3,3022.983,grad,24568853504
3,3025.285,grad,24250068992
3,3026.584,grad,24250069504
3,3027.86,grad,24250069504
3,3029.124,grad,24250069504
3,3030.707,grad,24250071040
3,3032.444,grad,23639127552
3,3033.735,grad,23637483008
3,3035.04,grad,23591280128
3,3036.318,grad,23555366400
3,3037.605,grad,23458637312
3,3038.918,grad,23465977344
3,3040.185,grad,23437463040
3,3041.469,grad,23422667264
3,3043.118,grad,23422667264
3,3044.428,grad,23441476096
3,3046.345,grad,23417784832
3,3048.185,grad,23419785728
3,3049.476,grad,23410801152
3,3050.869,grad,23364598272
3,3052.151,grad,23360141824
3,3054.04,grad,23231955456
3,3055.309,grad,23225526784
3,3057.066,grad,23195985408
3,3058.62,grad,23195985408
3,3059.862,grad,23214794240
3,3061.337,grad,23191102976
3,3063.118,grad,23193103872
3,3064.384,grad,23184119296
3,3066.052,grad,23137916416
3,3067.438,grad,23133394432
3,3069.379,grad,23005142528
3,3070.688,grad,23013393920
3,3072.417,grad,22969172480
3,3074.12,grad,22969172480
3,3075.382,grad,22987457024
3,3077.094,grad,22964290048
3,3078.917,grad,22965373440
3,3080.185,grad,22957568512
3,3081.447,grad,22911431168
3,3082.707,grad,22906909184
3,3084.566,grad,22779050496
3,3085.836,grad,22772621824
3,3087.616,grad,22743080448
3,3089.196,grad,22743080448
3,3090.472,grad,22759202304
3,3092.227,grad,22738198016
3,3094.107,grad,22739281408
3,3095.39,grad,22731083264
3,3096.673,grad,22684945920
3,3097.99,grad,22680817152
3,3099.791,grad,22552565248
3,3101.046,grad,22560816640
3,3102.693,grad,22516595712
3,3104.337,grad,22516595200
3,3105.61,grad,22535404032
3,3107.186,grad,22511712768
3,3109.085,grad,22512796160
3,3110.365,grad,22504991232
3,3111.889,grad,22458853888
3,3113.187,grad,22454331904
3,3115.094,grad,22326473216
3,3116.381,grad,22320044544
3,3118.138,grad,22290503168
3,3119.7,grad,22290503168
3,3120.981,grad,22309312000
3,3122.49,grad,22285620736
3,3124.285,grad,22286704128
3,3125.537,grad,22278571520
3,3126.936,grad,22232368640
3,3128.245,grad,22165325312
3,3130.188,grad,22099987968
3,3131.454,grad,22093559296
3,3133.186,grad,22064017920
3,3134.783,grad,22064017920
3,3136.094,grad,22082433536
3,3137.959,grad,22059135488
3,3139.617,grad,22061136384
3,3140.859,grad,22052086272
3,3142.21,grad,22005883392
3,3143.454,grad,21962564096
3,3145.307,grad,21873109504
3,3146.567,grad,21866680832
3,3148.251,grad,21837139456
3,3149.819,grad,21837139456
3,3151.105,grad,21856013824
3,3152.533,grad,21832257024
3,3154.288,grad,21833340416
3,3155.535,grad,21902802432
3,3156.889,grad,21779004928
3,3158.135,grad,21774482944
3,3160.249,grad,21646296576
3,3161.501,grad,21654547968
3,3163.154,grad,21610326528
3,3164.687,grad,21610326528
3,3165.961,grad,21629135360
3,3167.463,grad,21605444096
3,3169.208,grad,21606527488
3,3170.453,grad,21675989504
3,3171.766,grad,21552192000
3,3173.047,grad,21547670016
3,3174.824,grad,21419418112
3,3176.204,grad,21412989440
3,3177.939,grad,21383448064
3,3179.583,grad,21383448064
3,3180.926,grad,21402322432
3,3182.599,grad,21378565632
3,3184.368,grad,21379649024
3,3185.659,grad,21371516416
3,3187.106,grad,21325313536
3,3188.384,grad,21320791552
3,3190.302,grad,21192605184
3,3191.607,grad,21186110976
3,3193.282,grad,21156635136
3,3194.86,grad,21156635136
3,3196.227,grad,21175509504
3,3197.698,grad,21151752704
3,3199.443,grad,21152836096
3,3200.739,grad,21222298112
3,3202.442,grad,21098500608
3,3203.837,grad,21077266944
3,3205.253,grad,21018808832
3,3207.448,grad,20965726720
3,3208.914,grad,20973066752
3,3210.273,grad,20959232512
3,3211.535,grad,20929757696
3,3212.899,grad,20929757184
3,3215.032,grad,20929756672
3,3216.401,grad,20948499968
3,3218.165,grad,20924874240
3,3219.937,grad,20925957632
3,3221.242,grad,20917825024
3,3222.489,grad,20871622144
3,3223.734,grad,20835642880
3,3224.981,grad,20738848256
3,3226.273,grad,20746188288
3,3227.515,grad,20717673984
3,3228.759,grad,20702878208
3,3230.318,grad,20702878208
3,3231.591,grad,20721752576
3,3233.234,grad,20697995776
3,3234.956,grad,20699079168
3,3236.197,grad,20690946560
3,3237.555,grad,20644743680
3,3238.823,grad,20640221696
3,3240.682,grad,20512035328
3,3241.974,grad,20505606656
3,3243.678,grad,20476065792
3,3245.238,grad,20476065280
3,3246.532,grad,20494939648
3,3247.935,grad,20471182848
3,3249.602,grad,20472266240
3,3250.85,grad,20464133632
3,3252.27,grad,20417930752
3,3253.519,grad,20413408768
3,3255.276,grad,20285222400
3,3256.516,grad,20293080576
3,3258.406,grad,20249252352
3,3259.956,grad,20249252352
3,3261.26,grad,20268126720
3,3262.673,grad,20244369920
3,3264.346,grad,20245453312
3,3265.58,grad,20314915328
3,3266.892,grad,20191117824
3,3268.131,grad,20186595840
3,3269.88,grad,20058409472
3,3271.123,grad,20066660864
3,3272.75,grad,20022439424
3,3274.276,grad,20022439424
3,3275.544,grad,20041313792
3,3277.208,grad,20017556992
3,3279.023,grad,20018640384
3,3280.29,grad,20010442240
3,3281.56,grad,19925507584
3,3282.81,grad,19959782912
3,3284.542,grad,19831596544
3,3285.787,grad,19839847936
3,3287.442,grad,19795626496
3,3288.979,grad,19795626496
3,3290.298,grad,19814500864
3,3291.698,grad,19790744064
3,3293.397,grad,19791827456
3,3294.685,grad,19783694848
3,3295.98,grad,19737491968
3,3297.228,grad,19708852736
3,3298.466,grad,19650918912
3,3299.898,grad,19612123648
3,3301.178,grad,19590949376
3,3302.663,grad,19568813568
3,3304.185,grad,19568813568
3,3305.508,grad,19587687936
3,3306.96,grad,19563931136
3,3308.625,grad,19565014528
3,3309.944,grad,19556881920
3,3311.25,grad,19510679040
3,3312.51,grad,19467359744
3,3313.765,grad,19385308672
3,3315.086,grad,19385310720
3,3316.331,grad,19356796416
3,3317.657,grad,19342001152
3,3319.073,grad,19342000640
3,3320.394,grad,19360875008
3,3322.085,grad,19337118208
3,3323.749,grad,19338201600
3,3325.024,grad,19330068992
3,3326.257,grad,19283866112
3,3327.492,grad,19255226880
3,3328.737,grad,19189953024
3,3330.059,grad,19158497792
3,3331.312,grad,19144663552
3,3332.93,grad,19115187712
3,3334.506,grad,19115187712
3,3335.745,grad,19133931008
3,3337.445,grad,19110305280
3,3339.294,grad,19111388672
3,3340.674,grad,19103256064
3,3341.972,grad,19057053184
3,3343.218,grad,19021073920
3,3344.45,grad,18963140096
3,3345.972,grad,18931684864
3,3347.235,grad,18917850624
3,3348.867,grad,18888374784
3,3350.453,grad,18888374784
3,3351.719,grad,18907118080
3,3353.414,grad,18883492352
3,3355.173,grad,18884575744
3,3356.45,grad,18876443136
3,3357.699,grad,18830240256
3,3358.954,grad,18794260992
3,3360.192,grad,18736327168
3,3361.439,grad,18704871936
3,3362.68,grad,18691037696
3,3364.334,grad,18661561856
3,3365.923,grad,18661561856
3,3367.159,grad,18680305152
3,3369.03,grad,18656679424
3,3370.764,grad,18657762816
3,3372.108,grad,18649630208
3,3373.354,grad,18603427328
3,3374.592,grad,18574788096
3,3375.831,grad,18516854272
3,3377.204,grad,18478059008
3,3378.443,grad,18464224768
3,3379.871,grad,18434748928
3,3381.414,grad,18434748928
3,3382.697,grad,18453688832
3,3384.114,grad,18429866496
3,3385.749,grad,18430949888
3,3386.993,grad,18422817280
3,3388.344,grad,18376614400
3,3389.604,grad,18333295104
3,3391.41,grad,18243906048
3,3392.666,grad,18251764224
3,3393.925,grad,18207936000
3,3395.163,grad,18208984576
3,3396.509,grad,18237820416
3,3397.999,grad,18202562048
3,3399.241,grad,18210393600
3,3400.845,grad,18204136960
3,3402.096,grad,18196004352
3,3403.48,grad,18149801472
3,3404.726,grad,18145279488
3,3406.601,grad,18017093120
3,3407.886,grad,18010664448
3,3409.637,grad,17981123072
3,3411.285,grad,17981123072
3,3412.568,grad,17999931904
3,3414.543,grad,17976240640
3,3416.26,grad,17977324032
3,3417.501,grad,17969191424
3,3418.891,grad,17922988544
3,3420.145,grad,17918073344
3,3422.035,grad,17789493760
3,3423.311,grad,17783065088
3,3425.109,grad,17753523712
3,3426.679,grad,17753523712
3,3427.991,grad,17772332544
3,3429.661,grad,17748641280
3,3431.474,grad,17749724672
3,3432.759,grad,17741592064
3,3434.019,grad,17695782400
3,3435.255,grad,17652069888
3,3436.486,grad,17577358848
3,3437.867,grad,17570020864
3,3439.127,grad,17563526656
3,3440.683,grad,17526710784
3,3442.268,grad,17526710784
3,3443.553,grad,17545519616
3,3445.247,grad,17521828352
3,3446.983,grad,17522911744
3,3448.226,grad,17514779136
3,3449.609,grad,17468576256
3,3450.819,grad,17386459648
3,3452.68,grad,17335867904
3,3453.975,grad,17322099200
3,3455.701,grad,17292557824
3,3457.332,grad,17292295680
3,3458.591,grad,17311104512
3,3460.485,grad,17287413248
3,3461.751,grad,17277484544
3,3462.994,grad,17277484544
3,3464.226,grad,17277484544
3,3466.757,grad,17277484032
3,3468.036,grad,17277484032
3,3469.322,grad,17277484032
3,3470.57,grad,17277484032
3,3474.17,grad,17277484032
3,3478.687,grad,17277484032
3,3485.045,grad,17277492224
3,3491.396,grad,17277492224
3,3497.769,grad,17277492224
3,3502.057,grad,17277492224
3,3503.336,grad,17284969472
3,3505.131,grad,17285098496
3,3507.87,grad,17292553216
3,3509.169,grad,17301875712
3,3510.463,grad,17301875712
3,3511.714,grad,17325060096
3,3513.337,grad,17331417088
3,3514.628,grad,17392238592
3,3516.708,grad,17445847040
3,3517.994,grad,17584324608
3,3519.443,grad,17523507200
3,3522.087,grad,17530851328
3,3523.367,grad,17540288512
3,3524.629,grad,17548677120
3,3525.905,grad,17578152960
3,3527.277,grad,17569829888
3,3528.521,grad,17630716928
3,3530.471,grad,17684259840
3,3532.674,grad,17761920000
3,3535.256,grad,17769264128
3,3536.507,grad,17778701312
3,3537.815,grad,17778701312
3,3539.098,grad,17801885696
3,3540.561,grad,17808242688
3,3541.827,grad,17869129728
3,3543.737,grad,17923065856
3,3545.002,grad,18008066048
3,3546.256,grad,18008070144
3,3548.651,grad,18008070144
3,3549.911,grad,18017507328
3,3551.157,grad,18025896448
3,3552.403,grad,18055437312
3,3553.706,grad,18047048704
3,3554.967,grad,18108263424
3,3556.98,grad,18161871872
3,3558.454,grad,18246872064
3,3559.78,grad,18246876160
3,3562.243,grad,18246990848
3,3563.562,grad,18256313344
3,3564.903,grad,18264702464
3,3566.181,grad,18294243328
3,3567.453,grad,18285854720
3,3568.702,grad,18346741760
3,3570.629,grad,18400284672
3,3571.891,grad,18485284864
3,3573.141,grad,18485288960
3,3575.707,grad,18485288960
3,3576.99,grad,18494726144
3,3578.35,grad,18503115264
3,3579.596,grad,18547336192
3,3580.877,grad,18524267520
3,3582.117,grad,18585154560
3,3584.063,grad,18638697472
3,3585.315,grad,18723697664
3,3586.56,grad,18723701760
3,3588.968,grad,18723701760
3,3590.239,grad,18733138944
3,3591.569,grad,18741528064
3,3592.819,grad,18785748992
3,3594.297,grad,18762680320
3,3595.551,grad,18823567360
3,3597.425,grad,18877110272
3,3599.639,grad,18962110464
3,3602.187,grad,18962114560
3,3603.468,grad,18971551744
3,3604.828,grad,18979940864
3,3606.099,grad,19024161792
3,3607.39,grad,19001093120
3,3608.639,grad,19061980160
3,3610.553,grad,19115523072
3,3612.925,grad,19193183232
3,3615.581,grad,19200527360
3,3616.867,grad,19209964544
3,3618.132,grad,19218353152
3,3619.38,grad,19247828992
3,3620.758,grad,19239505920
3,3622.045,grad,19300392960
3,3623.985,grad,19353935872
3,3625.252,grad,19438936064
3,3626.547,grad,19438940160
3,3628.948,grad,19438940160
3,3630.318,grad,19448377344
3,3631.6,grad,19455717376
3,3632.861,grad,19486241792
3,3634.324,grad,19477918720
3,3635.583,grad,19538805760
3,3637.526,grad,19592348672
3,3638.771,grad,19670008832
3,3640.058,grad,19677352960
3,3642.462,grad,19677352960
3,3643.726,grad,19686790144
3,3645.006,grad,19695179264
3,3646.287,grad,19724654592
3,3647.674,grad,19716331520
3,3649.197,grad,19716331520
3,3650.461,grad,19777218560
3,3652.404,grad,19830761472
3,3653.694,grad,19969239040
3,3655.398,grad,19908421632
3,3658.268,grad,19915765760
3,3659.596,grad,19925202944
3,3660.896,grad,19925202944
3,3662.18,grad,19948387328
3,3663.915,grad,19954744320
3,3665.191,grad,20015631360
3,3667.221,grad,20069174272
3,3668.504,grad,20222331904
3,3670.063,grad,20146834432
3,3672.634,grad,20154178560
3,3673.916,grad,20163615744
3,3675.172,grad,20170955776
3,3676.46,grad,20186800128
3,3678.031,grad,20193157120
3,3679.288,grad,20254044160
3,3681.304,grad,20307587072
3,3682.551,grad,20392587264
3,3683.817,grad,20392591360
3,3686.262,grad,20392591360
3,3687.648,grad,20402028544
3,3688.946,grad,20402028544
3,3690.215,grad,20425212928
3,3691.679,grad,20431569920
3,3692.934,grad,20492391424
3,3694.938,grad,20545999872
3,3696.185,grad,20684477440
3,3697.501,grad,20631004160
3,3699.9,grad,20631004160
3,3701.151,grad,20640441344
3,3702.489,grad,20648830464
3,3703.742,grad,20678371328
3,3705.356,grad,20669982720
3,3706.617,grad,20730869760
3,3708.643,grad,20784412672
3,3709.918,grad,20908210176
3,3711.159,grad,20869412864
3,3713.705,grad,20869416960
3,3714.984,grad,20878854144
3,3716.271,grad,20878854144
3,3717.516,grad,20916718592
3,3718.978,grad,20908395520
3,3720.226,grad,20969217024
3,3722.272,grad,21022825472
3,3723.517,grad,21161303040
3,3724.934,grad,21100485632
3,3727.418,grad,21107829760
3,3728.67,grad,21117266944
3,3729.931,grad,21124606976
3,3731.171,grad,21155131392
3,3732.623,grad,21146808320
3,3733.865,grad,21207695360
3,3735.772,grad,21261238272
3,3737.025,grad,21399715840
3,3738.275,grad,21346238464
3,3740.967,grad,21346242560
3,3742.266,grad,21355679744
3,3743.615,grad,21364068864
3,3744.868,grad,21393609728
3,3746.203,grad,21385221120
3,3747.446,grad,21446108160
3,3749.595,grad,21499651072
3,3750.842,grad,21638128640
3,3752.23,grad,21577311232
3,3754.904,grad,21584655360
3,3756.196,grad,21594092544
3,3757.492,grad,21594092544
3,3758.764,grad,21609936896
3,3760.415,grad,21623633920
3,3761.676,grad,21684455424
3,3763.779,grad,21738063872
3,3765.042,grad,21876541440
3,3766.293,grad,21823064064
3,3768.951,grad,21823068160
3,3770.2,grad,21832505344
3,3771.444,grad,21832505344
3,3772.728,grad,21855689728
3,3774.299,grad,21862046720
3,3775.552,grad,21922868224
3,3776.867,grad,22054071296
3,3778.119,grad,22015273984
3,3779.39,grad,22114954240
3,3780.815,grad,22054136832
3,3783.48,grad,22061480960
3,3784.814,grad,22070918144
3,3786.118,grad,22070918144
3,3787.403,grad,22094102528
3,3789.092,grad,22107799552
3,3790.347,grad,22161346560
3,3792.325,grad,22214889472
3,3793.579,grad,22292549632
3,3794.858,grad,22299893760
3,3797.468,grad,22299893760
3,3798.721,grad,22309330944
3,3800.019,grad,22316670976
3,3801.292,grad,22347195392
3,3802.684,grad,22338872320
3,3803.952,grad,22399759360
3,3805.929,grad,22453302272
3,3807.215,grad,22530962432
3,3808.518,grad,22538306560
3,3810.967,grad,22538306560
3,3812.214,grad,22547743744
3,3813.615,grad,22547743744
3,3814.95,grad,22570928128
3,3816.482,grad,22577285120
3,3817.756,grad,22638172160
3,3819.885,grad,22730512384
3,3822.071,grad,22769375232
3,3824.638,grad,22776719360
3,3825.913,grad,22786156544
3,3827.168,grad,22786156544
3,3828.408,grad,22809340928
3,3829.94,grad,22815697920
3,3831.182,grad,22876584960
3,3833.36,grad,22930127872
3,3834.608,grad,23015128064
3,3835.856,grad,23015132160
3,3838.237,grad,23015132160
3,3839.501,grad,23024569344
3,3840.795,grad,23031909376
3,3842.083,grad,23062433792
3,3843.547,grad,23054110720
3,3844.854,grad,23114997760
3,3846.815,grad,23168540672
3,3848.064,grad,23307018240
3,3849.528,grad,23253544960
3,3851.993,grad,23253544960
3,3853.245,grad,23262982144
3,3854.491,grad,23270322176
3,3855.747,grad,23300846592
3,3857.159,grad,23292523520
3,3858.402,grad,23353410560
3,3860.369,grad,23406953472
3,3861.622,grad,23491953664
3,3862.872,grad,23491957760
3,3865.274,grad,23491957760
3,3866.519,grad,23501394944
3,3868.586,grad,23501394944
3,3869.856,grad,23539259392
3,3871.309,grad,23530936320
3,3872.555,grad,23591823360
3,3874.544,grad,23645366272
3,3875.809,grad,23723026432
3,3877.094,grad,23730370560
3,3879.692,grad,23730370560
3,3880.994,grad,23739807744
3,3882.293,grad,23739807744
3,3883.537,grad,23762992128
3,3885.171,grad,23769349120
3,3886.419,grad,23830170624
3,3888.683,grad,23883779072
3,3889.974,grad,24014916608
3,3891.548,grad,23968783360
3,3892.992,grad,24895729152
3,3894.229,grad,24895748096
3,3896.473,grad,24888390144
3,3897.728,grad,24576963584
3,3898.994,grad,24576963584
3,3900.347,grad,24576963584
3,3901.762,grad,25199827456
3,3903.266,grad,23966021632
3,3904.554,grad,23964311552
3,3905.819,grad,23918108672
3,3907.069,grad,23874789376
3,3908.306,grad,23785725952
3,3909.637,grad,23793068032
3,3910.892,grad,23764553728
3,3912.15,grad,23749757952
3,3913.728,grad,23749757952
3,3915.007,grad,23768501248
3,3916.872,grad,23744875520
3,3918.541,grad,23745958912
3,3919.79,grad,23737826304
3,3921.176,grad,23691623424
3,3922.416,grad,23648304128
3,3924.207,grad,23558849536
3,3925.454,grad,23567100928
3,3927.229,grad,23522880000
3,3928.757,grad,23522879488
3,3930.018,grad,23541557248
3,3931.25,grad,23517997056
3,3932.484,grad,23525369856
3,3933.865,grad,23519342592
3,3935.101,grad,23510947840
3,3936.754,grad,23464744960
3,3938.023,grad,23460222976
3,3939.742,grad,23331971072
3,3941.002,grad,23325542400
3,3942.746,grad,23296001024
3,3944.277,grad,23296001024
3,3945.548,grad,23315203072
3,3947.205,grad,23291118592
3,3948.948,grad,23292201984
3,3950.182,grad,23284134912
3,3951.558,grad,23237932032
3,3952.895,grad,23194612736
3,3954.748,grad,23105158144
3,3956.092,grad,23098729472
3,3957.894,grad,23069188096
3,3959.427,grad,23069188096
3,3960.705,grad,23085309952
3,3962.499,grad,23064305664
3,3964.218,grad,23065389056
3,3965.466,grad,23057256448
3,3966.897,grad,23011053568
3,3968.141,grad,22967734272
3,3970.004,grad,22878279680
3,3971.256,grad,22871851008
3,3973.06,grad,22842310144
3,3974.608,grad,22842309632
3,3975.881,grad,22861052928
3,3977.535,grad,22837427200
3,3979.294,grad,22838510592
3,3980.541,grad,22907972608
3,3982.183,grad,22784175104
3,3983.453,grad,22779653120
3,3985.214,grad,22651466752
3,3986.495,grad,22645038080
3,3988.267,grad,22615497216
3,3989.943,grad,22615496704
3,3991.249,grad,22634698752
3,3992.903,grad,22610614272
3,3994.668,grad,22612615168
3,3995.961,grad,22603565056
3,3997.214,grad,22557362176
3,3998.479,grad,22521382912
3,3999.814,grad,22424588288
3,4001.111,grad,22431928320
3,4002.366,grad,22403414016
3,4003.613,grad,22388618240
3,4005.165,grad,22388618240
3,4006.47,grad,22390060032
3,4008.394,grad,22383735808
3,4010.218,grad,22384819200
3,4011.506,grad,22376686592
3,4012.893,grad,22330483712
3,4014.134,grad,22287164416
3,4015.966,grad,22197775360
3,4017.204,grad,22190887936
3,4019.075,grad,22161805312
3,4020.625,grad,22161805312
3,4021.907,grad,22180548608
3,4023.532,grad,22156922880
3,4025.281,grad,22158006272
3,4026.518,grad,22149873664
3,4027.819,grad,22103670784
3,4029.151,grad,22067757056
3,4030.415,grad,22024437760
3,4031.688,grad,21978302464
3,4032.945,grad,21971808256
3,4034.525,grad,21934992896
3,4036.042,grad,21934992384
3,4037.385,grad,21953735680
3,4039.136,grad,21930109952
3,4040.914,grad,21931193344
3,4042.181,grad,21923060736
3,4043.58,grad,21876857856
3,4044.821,grad,21872335872
3,4046.651,grad,21744083968
3,4047.997,grad,21737655296
3,4049.837,grad,21708114432
3,4051.381,grad,21708113920
3,4052.714,grad,21709555712
3,4054.546,grad,21703231488
3,4056.311,grad,21704314880
3,4057.573,grad,21696182272
3,4058.972,grad,21649979392
3,4060.211,grad,21645457408
3,4062.065,grad,21517205504
3,4063.311,grad,21510776832
3,4065.067,grad,21481235456
3,4066.593,grad,21481235456
3,4067.864,grad,21499520000
3,4069.624,grad,21476353024
3,4071.377,grad,21477436416
3,4072.713,grad,21469303808
3,4074.352,grad,21423100928
3,4075.634,grad,21379781632
3,4077.447,grad,21290392576
3,4078.69,grad,21283963904
3,4080.417,grad,21254422528
3,4081.956,grad,21254422528
3,4083.209,grad,21273165824
3,4084.844,grad,21249540096
3,4086.646,grad,21250623488
3,4087.984,grad,21242490880
3,4089.366,grad,21196288000
3,4090.616,grad,21152968704
3,4092.468,grad,21063579648
3,4093.794,grad,21057150976
3,4095.554,grad,21027609600
3,4097.106,grad,21027609600
3,4098.376,grad,21046025216
3,4100.239,grad,21022727168
3,4101.974,grad,21023810560
3,4103.303,grad,21015677952
3,4104.668,grad,20969475072
3,4105.923,grad,20926155776
3,4107.757,grad,20836701184
3,4109.068,grad,20830272512
3,4110.791,grad,20800731136
3,4112.4,grad,20800731136
3,4113.665,grad,20819933184
3,4115.273,grad,20795848704
3,4116.999,grad,20796932096
3,4118.293,grad,20788799488
3,4119.717,grad,20742596608
3,4120.981,grad,20738074624
3,4123.103,grad,20609888256
3,4124.399,grad,20618139648
3,4126.104,grad,20573918208
3,4127.642,grad,20573918208
3,4128.927,grad,20592661504
3,4130.564,grad,20569035776
3,4132.511,grad,20570119168
3,4133.812,grad,20561921024
3,4135.118,grad,20515783680
3,4136.367,grad,20433667072
3,4138.32,grad,20383075328
3,4139.596,grad,20376646656
3,4141.356,grad,20347105280
3,4143.053,grad,20347105280
3,4144.372,grad,20365848576
3,4146.589,grad,20342222848
3,4148.358,grad,20343306240
3,4149.671,grad,20335173632
3,4151.089,grad,20288970752
3,4152.381,grad,20206854144
3,4154.273,grad,20156262400
3,4155.571,grad,20149833728
3,4157.336,grad,20120292352
3,4158.971,grad,20120292352
3,4160.248,grad,20139494400
3,4161.884,grad,20115409920
3,4163.7,grad,20116493312
3,4165.008,grad,20108360704
3,4166.401,grad,20062157824
3,4167.668,grad,20018838528
3,4169.557,grad,19929449472
3,4170.874,grad,19937242112
3,4172.181,grad,19917712384
3,4173.538,grad,19893479424
3,4174.809,grad,19908159488
3,4176.05,grad,19912681472
3,4177.65,grad,19888596992
3,4179.464,grad,19889680384
3,4180.788,grad,19881547776
3,4182.199,grad,19835344896
3,4183.456,grad,19830822912
3,4185.356,grad,19702636544
3,4186.621,grad,19696207872
3,4188.411,grad,19666666496
3,4190.091,grad,19666666496
3,4191.38,grad,19685409792
3,4193.272,grad,19661784064
3,4195.021,grad,19662867456
3,4196.278,grad,19654734848
3,4197.62,grad,19608531968
3,4198.883,grad,19533755392
3,4200.144,grad,19475758080
3,4201.408,grad,19483098112
3,4202.657,grad,19454583808
3,4203.984,grad,19439788032
3,4205.527,grad,19439788032
3,4206.795,grad,19458990080
3,4208.443,grad,19434905600
3,4210.285,grad,19435988992
3,4211.524,grad,19427856384
3,4212.933,grad,19381653504
3,4214.191,grad,19377131520
3,4216.09,grad,19248879616
3,4217.328,grad,19256737792
3,4218.578,grad,19228819456
3,4219.884,grad,19212975104
3,4221.132,grad,19227655168
3,4222.405,grad,19231783936
3,4224.044,grad,19208092672
3,4225.841,grad,19209176064
3,4227.113,grad,19200977920
3,4228.494,grad,19154775040
3,4229.751,grad,19080064000
3,4231.021,grad,19022066688
3,4232.303,grad,19029472256
3,4233.559,grad,19000957952
3,4234.891,grad,18986162176
3,4236.474,grad,18986162176
3,4237.78,grad,19004905472
3,4239.75,grad,18981279744
3,4241.489,grad,18982363136
3,4242.83,grad,18974164992
3,4244.232,grad,18927962112
3,4245.477,grad,18845845504
3,4247.332,grad,18795253760
3,4248.577,grad,18788890624
3,4250.496,grad,18759349760
3,4252.08,grad,18759349248
3,4253.399,grad,18778092544
3,4255.119,grad,18754466816
3,4256.878,grad,18755550208
3,4258.137,grad,18747352064
3,4259.395,grad,18701149184
3,4260.632,grad,18657829888
3,4261.889,grad,18575778816
3,4263.278,grad,18575846400
3,4264.553,grad,18561946624
3,4266.12,grad,18532470784
3,4267.677,grad,18532470784
3,4268.987,grad,18551279616
3,4270.702,grad,18527588352
3,4272.469,grad,18528671744
3,4273.75,grad,18520539136
3,4275.156,grad,18474336256
3,4276.407,grad,18392285184
3,4278.295,grad,18341234688
3,4279.61,grad,18334806016
3,4281.41,grad,18305330176
3,4283.01,grad,18305264640
3,4284.284,grad,18324073472
3,4286.229,grad,18300382208
3,4288.054,grad,18301465600
3,4289.289,grad,18293267456
3,4290.563,grad,18247523328
3,4291.823,grad,18164620288
3,4293.641,grad,18114028544
3,4294.993,grad,18107599872
3,4296.733,grad,18078058496
3,4298.316,grad,18078124032
3,4299.552,grad,18096474112
3,4301.397,grad,18073241600
3,4303.22,grad,18074259456
3,4304.521,grad,18066126848
3,4305.973,grad,18019923968
3,4307.226,grad,18015401984
3,4309.145,grad,17887215616
3,4310.418,grad,17895008256
3,4311.662,grad,17868138496
3,4312.971,grad,17851245568
3,4314.233,grad,17880671232
3,4315.54,grad,17870185472
3,4317.021,grad,17846363136
3,4318.782,grad,17847446528
3,4320.126,grad,17839313920
3,4321.504,grad,17793111040
3,4322.757,grad,17788654592
3,4324.649,grad,17660468224
3,4325.93,grad,17646633984
3,4327.67,grad,17617093120
3,4329.249,grad,17616830464
3,4330.504,grad,17635180544
3,4332.548,grad,17611948032
3,4333.83,grad,17602019328
3,4335.079,grad,17602019328
3,4336.311,grad,17602019328
3,4339.685,grad,17602018816
3,4340.983,grad,17602018816
3,4342.344,grad,17602018816
3,4343.644,grad,17602018816
3,4347.162,grad,17602018816
3,4351.68,grad,17602018816
3,4358.05,grad,17602027008
3,4364.42,grad,17602027008
3,4370.784,grad,17602027008
3,4375.313,grad,17602027008
3,4376.575,grad,17609766400
3,4378.216,grad,17609633280
3,4380.847,grad,17616973312
3,4382.114,grad,17626410496
3,4383.37,grad,17634864640
3,4384.633,grad,17664340480
3,4386.11,grad,17656017408
3,4387.359,grad,17716838912
3,4389.384,grad,17809244672
3,4391.82,grad,17848107520
3,4394.33,grad,17855451648
3,4395.597,grad,17864888832
3,4396.961,grad,17873277952
3,4398.246,grad,17917498880
3,4399.543,grad,17894430208
3,4400.793,grad,18032911872
3,4402.576,grad,18008860160
3,4403.866,grad,18093860352
3,4405.197,grad,18093864448
3,4407.586,grad,18093864448
3,4408.905,grad,18103301632
3,4410.278,grad,18110641664
3,4411.56,grad,18141166080
3,4412.984,grad,18132843008
3,4414.246,grad,18193730048
3,4416.219,grad,18247272960
3,4418.427,grad,18324933120
3,4420.956,grad,18332277248
3,4423.126,grad,18341714432
3,4424.455,grad,18379578880
3,4425.865,grad,18371255808
3,4427.128,grad,18432142848
3,4429.034,grad,18486078976
3,4430.296,grad,18639629824
3,4431.664,grad,18563739136
3,4434.169,grad,18571083264
3,4435.437,grad,18580520448
3,4436.745,grad,18588909568
3,4438.01,grad,18633130496
3,4439.305,grad,18610061824
3,4440.557,grad,18748936704
3,4442.389,grad,18724884992
3,4444.588,grad,18809885184
3,4445.855,grad,18809889280
3,4447.509,grad,18809889280
3,4449.679,grad,18819326464
3,4450.946,grad,18842510848
3,4452.398,grad,18848867840
3,4453.654,grad,18909754880
3,4455.542,grad,18963297792
3,4457.724,grad,19048297984
3,4460.257,grad,19048302080
3,4461.511,grad,19057739264
3,4462.819,grad,19066128384
3,4464.071,grad,19095669248
3,4465.476,grad,19087280640
3,4466.744,grad,19148167680
3,4468.616,grad,19201710592
3,4470.789,grad,19286710784
3,4473.286,grad,19286714880
3,4475.491,grad,19296152064
3,4476.759,grad,19334016512
3,4478.231,grad,19333033472
3,4479.579,grad,19386580480
3,4481.461,grad,19440123392
3,4483.79,grad,19517783552
3,4486.306,grad,19525127680
3,4487.571,grad,19534564864
3,4488.923,grad,19542953984
3,4490.199,grad,19587174912
3,4491.475,grad,19571446272
3,4492.726,grad,19702587904
3,4494.496,grad,19678536192
3,4496.679,grad,19756196352
3,4497.979,grad,19763540480
3,4499.453,grad,19763540480
3,4500.765,grad,19772977664
3,4502.029,grad,19780317696
3,4503.271,grad,19810907648
3,4504.682,grad,19802519040
3,4505.969,grad,19941000704
3,4507.736,grad,19916948992
3,4509.92,grad,19994609152
3,4512.453,grad,20001953280
3,4514.64,grad,20011390464
3,4515.941,grad,20049254912
3,4517.288,grad,20040931840
3,4518.569,grad,20087073280
3,4520.67,grad,20194552320
3,4522.81,grad,20233415168
3,4525.336,grad,20240759296
3,4526.598,grad,20250196480
3,4527.966,grad,20258585600
3,4529.219,grad,20302806528
3,4530.49,grad,20287077888
3,4531.744,grad,20418219520
3,4533.518,grad,20394167808
3,4535.946,grad,20471827968
3,4538.565,grad,20479172096
3,4539.873,grad,20488609280
3,4541.141,grad,20495949312
3,4542.412,grad,20526473728
3,4543.874,grad,20518150656
3,4545.192,grad,20579037696
3,4547.133,grad,20632580608
3,4548.382,grad,20710240768
3,4549.67,grad,20717584896
3,4552.105,grad,20717584896
3,4553.407,grad,20727022080
3,4554.667,grad,20735410688
3,4555.946,grad,20764886528
3,4557.306,grad,20756563456
3,4558.543,grad,20817450496
3,4560.424,grad,20870993408
3,4562.58,grad,20948653568
3,4565.158,grad,20955997696
3,4566.442,grad,20965434880
3,4567.735,grad,20973824000
3,4569.003,grad,21003364864
3,4571.316,grad,20994976256
3,4572.571,grad,21055863296
3,4574.419,grad,21109406208
3,4576.607,grad,21194406400
3,4579.057,grad,21194410496
3,4581.226,grad,21203847680
3,4582.509,grad,21241712128
3,4583.868,grad,21233389056
3,4585.12,grad,21294276096
3,4587.004,grad,21347819008
3,4589.428,grad,21432819200
3,4591.899,grad,21432823296
3,4594.039,grad,21442260480
3,4595.3,grad,21480124928
3,4596.776,grad,21479141888
3,4598.033,grad,21532688896
3,4599.908,grad,21586231808
3,4602.048,grad,21663891968
3,4604.516,grad,21671236096
3,4605.864,grad,21680673280
3,4607.157,grad,21689061888
3,4608.435,grad,21718603264
3,4609.75,grad,21710214656
3,4611.019,grad,21771101696
3,4612.927,grad,21824644608
3,4615.097,grad,21902304768
3,4616.355,grad,21909648896
3,4617.74,grad,21909648896
3,4619.031,grad,21919086080
3,4620.448,grad,21927475200
3,4621.713,grad,21971696128
3,4623.102,grad,21948627456
3,4624.394,grad,22009514496
3,4626.343,grad,22063057408
3,4628.567,grad,22140717568
3,4631.104,grad,22148061696
3,4633.23,grad,22157498880
3,4634.483,grad,22195363328
3,4635.929,grad,22187040256
3,4637.214,grad,22247927296
3,4639.049,grad,22301470208
3,4641.347,grad,22386470400
3,4643.811,grad,22386474496
3,4646.02,grad,22395911680
3,4647.287,grad,22433776128
3,4648.627,grad,22425453056
3,4649.826,grad,22486340096
3,4651.697,grad,22539883008
3,4652.993,grad,22624883200
3,4654.267,grad,22624887296
3,4656.738,grad,22624887296
3,4658.077,grad,22634324480
3,4659.36,grad,22641664512
3,4660.649,grad,22672254464
3,4662.042,grad,22663865856
3,4663.302,grad,22724752896
3,4665.224,grad,22778295808
3,4667.432,grad,22855955968
3,4669.992,grad,22863300096
3,4671.26,grad,22872737280
3,4672.646,grad,22881126400
3,4673.928,grad,22925347328
3,4675.317,grad,22902278656
3,4676.604,grad,22963100160
3,4678.696,grad,23055505920
3,4679.961,grad,23101708800
3,4681.289,grad,23101712896
3,4683.708,grad,23101712896
3,4684.973,grad,23111150080
3,4686.265,grad,23118490112
3,4687.518,grad,23149014528
3,4689.021,grad,23140691456
3,4690.279,grad,23201512960
3,4692.35,grad,23255121408
3,4693.622,grad,23378918912
3,4694.918,grad,23332781568
3,4697.589,grad,23340125696
3,4698.864,grad,23349562880
3,4700.114,grad,23349562880
3,4701.359,grad,23372747264
3,4702.878,grad,23379104256
3,4704.125,grad,23439925760
3,4706.203,grad,23493534208
3,4707.48,grad,23578534400
3,4708.816,grad,23578538496
3,4711.299,grad,23578538496
3,4712.756,grad,23587975680
3,4714.048,grad,23587975680
3,4715.326,grad,23611160064
3,4716.928,grad,23617517056
3,4718.219,grad,23678404096
3,4720.189,grad,23731947008
3,4721.469,grad,23809607168
3,4722.733,grad,23816951296
3,4725.185,grad,23816951296
3,4726.483,grad,23826388480
3,4727.778,grad,23833728512
3,4729.041,grad,23864252928
3,4730.748,grad,23855929856
3,4732.025,grad,23916816896
3,4733.983,grad,23970359808
3,4735.253,grad,24048019968
3,4736.543,grad,24055364096
3,4739.043,grad,24055364096
3,4740.315,grad,24065849856
3,4741.613,grad,24073189888
3,4742.901,grad,24103714304
3,4744.315,grad,24094342656
3,4745.575,grad,24156212736
3,4747.617,grad,24209821184
3,4748.856,grad,24340958720
3,4750.147,grad,24294825472
3,4751.958,grad,25221771264
3,4753.209,grad,25221790208
3,4755.438,grad,25214432256
3,4756.724,grad,24903005696
3,4758.032,grad,24903005696
3,4759.318,grad,24903005696
3,4760.675,grad,24903007232
3,4762.384,grad,24291670528
3,4763.68,grad,24289370624
3,4764.946,grad,24243167744
3,4766.201,grad,24199848448
3,4767.51,grad,24126120448
3,4768.923,grad,24117733888
3,4770.183,grad,24089219584
3,4771.456,grad,24075472384
3,4773.007,grad,24074423808
3,4774.305,grad,24093298176
3,4775.738,grad,24069541376
3,4777.024,grad,24066954752
3,4778.285,grad,24071542272
3,4780.073,grad,24016289280
3,4781.326,grad,23980310016
3,4782.561,grad,23890853376
3,4783.898,grad,23890855424
3,4785.138,grad,23862341120
3,4786.374,grad,23847545856
3,4787.922,grad,23847545344
3,4789.232,grad,23866419712
3,4790.669,grad,23842662912
3,4792.377,grad,23843746304
3,4793.623,grad,23913601536
3,4795.11,grad,23789804032
3,4796.355,grad,23761164800
3,4797.602,grad,23657028096
3,4799.44,grad,23657030144
3,4800.713,grad,23665281536
3,4802.373,grad,23621060096
3,4803.906,grad,23621060096
3,4805.204,grad,23639934464
3,4806.627,grad,23616177664
3,4808.307,grad,23617261056
3,4809.57,grad,23609128448
3,4810.937,grad,23562925568
3,4812.186,grad,23558403584
3,4813.904,grad,23430217216
3,4815.137,grad,23423788544
3,4816.835,grad,23394247168
3,4818.344,grad,23394247168
3,4819.606,grad,23413121536
3,4821.268,grad,23389364736
3,4822.979,grad,23390448128
3,4824.234,grad,23382315520
3,4825.567,grad,23336112640
3,4826.817,grad,23331590656
3,4828.534,grad,23203338752
3,4829.789,grad,23211590144
3,4831.425,grad,23167368704
3,4832.979,grad,23167368704
3,4834.247,grad,23186243072
3,4835.628,grad,23162486272
3,4837.284,grad,23163569664
3,4838.559,grad,23233031680
3,4839.968,grad,23109234176
3,4841.224,grad,23065914880
3,4843.07,grad,22976525824
3,4844.321,grad,22984384000
3,4846.216,grad,22940555776
3,4847.75,grad,22940555776
3,4849.078,grad,22959430144
3,4850.478,grad,22935673344
3,4852.171,grad,22936756736
3,4853.405,grad,22928624128
3,4854.761,grad,22882421248
3,4856.01,grad,22839101952
3,4857.792,grad,22749647360
3,4859.072,grad,22743218688
3,4860.794,grad,22713677312
3,4862.317,grad,22713677312
3,4863.595,grad,22732551680
3,4865.263,grad,22708794880
3,4867.037,grad,22709878272
3,4868.305,grad,22701745664
3,4869.716,grad,22655542784
3,4870.97,grad,22612223488
3,4872.746,grad,22522834432
3,4873.996,grad,22516405760
3,4875.691,grad,22486864896
3,4877.198,grad,22486864384
3,4878.506,grad,22505738752
3,4879.984,grad,22481981952
3,4881.725,grad,22483982848
3,4883.039,grad,22474932736
3,4884.422,grad,22428729856
3,4885.708,grad,22424207872
3,4887.561,grad,22295955968
3,4889.152,grad,22289068544
3,4891.062,grad,22259985920
3,4892.658,grad,22259985920
3,4893.94,grad,22278794752
3,4895.474,grad,22255103488
3,4897.22,grad,22256186880
3,4898.547,grad,22248054272
3,4899.962,grad,22201851392
3,4901.211,grad,22119734784
3,4903.083,grad,22069143040
3,4904.349,grad,22077394432
3,4906.097,grad,22033173504
3,4907.622,grad,22033172992
3,4908.971,grad,22052047360
3,4910.666,grad,22028290560
3,4912.406,grad,22029373952
3,4913.648,grad,22021241344
3,4915.052,grad,21975038464
3,4916.311,grad,21931719168
3,4918.103,grad,21842330112
3,4919.362,grad,21850581504
3,4921.062,grad,21806360064
3,4922.585,grad,21806360064
3,4923.865,grad,21825234432
3,4925.318,grad,21801477632
3,4927.07,grad,21802561024
3,4928.33,grad,21794428416
3,4929.734,grad,21748225536
3,4930.989,grad,21743703552
3,4932.859,grad,21615517184
3,4934.399,grad,21609088512
3,4936.158,grad,21579547136
3,4937.675,grad,21579547136
3,4938.998,grad,21598421504
3,4940.442,grad,21574664704
3,4942.184,grad,21575748096
3,4943.446,grad,21567615488
3,4944.885,grad,21521412608
3,4946.139,grad,21478093312
3,4947.963,grad,21388704256
3,4949.218,grad,21382275584
3,4950.919,grad,21352734208
3,4952.474,grad,21352734208
3,4953.714,grad,21371543040
3,4955.46,grad,21347851776
3,4957.202,grad,21348935168
3,4958.476,grad,21340802560
3,4959.859,grad,21294599680
3,4961.134,grad,21251280384
3,4962.942,grad,21161891328
3,4964.206,grad,21170142720
3,4965.944,grad,21125921280
3,4967.452,grad,21125921280
3,4968.742,grad,21144795648
3,4970.302,grad,21121038848
3,4972.071,grad,21122122240
3,4973.346,grad,21113989632
3,4974.746,grad,21067786752
3,4975.999,grad,20985670144
3,4977.961,grad,20935078400
3,4979.465,grad,20928649728
3,4981.255,grad,20899108352
3,4982.822,grad,20899108352
3,4984.132,grad,20917982720
3,4985.552,grad,20894225920
3,4987.257,grad,20895309312
3,4988.551,grad,20887176704
3,4989.864,grad,20840973824
3,4991.124,grad,20812334592
3,4992.371,grad,20754400768
3,4993.63,grad,20715605504
3,4994.887,grad,20716516864
3,4996.544,grad,20672295424
3,4998.146,grad,20672295424
3,4999.425,grad,20691104256
3,5001.256,grad,20667412992
3,5003.021,grad,20668496384
3,5004.29,grad,20660363776
3,5005.667,grad,20614160896
3,5006.919,grad,20609638912
3,5008.72,grad,20481452544
3,5010.014,grad,20475023872
3,5011.863,grad,20445482496
3,5013.423,grad,20445482496
3,5014.767,grad,20464356864
3,5016.218,grad,20440600064
3,5018.12,grad,20441683456
3,5019.386,grad,20433485312
3,5020.672,grad,20387347968
3,5021.933,grad,20382432768
3,5023.81,grad,20254246400
3,5025.052,grad,20262039040
3,5026.301,grad,20242509312
3,5027.534,grad,20218276352
3,5028.785,grad,20247702016
3,5030.275,grad,20212902400
3,5031.536,grad,20220733952
3,5033.134,grad,20214477312
3,5034.377,grad,20206344704
3,5035.616,grad,20160141824
3,5036.852,grad,20116822528
3,5038.094,grad,20027431424
3,5039.439,grad,20034773504
3,5040.701,grad,20006259200
3,5042.001,grad,19991463424
3,5043.609,grad,19991463424
3,5044.894,grad,20010272256
3,5046.954,grad,19986580992
3,5048.756,grad,19987664384
3,5050.121,grad,19979531776
3,5051.533,grad,19933328896
3,5052.78,grad,19890009600
3,5054.637,grad,19800620544
3,5055.884,grad,19794191872
3,5057.62,grad,19764650496
3,5059.169,grad,19764650496
3,5060.455,grad,19783524864
3,5061.984,grad,19759768064
3,5063.733,grad,19760851456
3,5065.014,grad,19752718848
3,5066.409,grad,19706515968
3,5067.692,grad,19701993984
3,5069.614,grad,19573807616
3,5071.373,grad,19567378944
3,5073.184,grad,19537837568
3,5074.734,grad,19537837568
3,5075.987,grad,19556646400
3,5077.519,grad,19532955136
3,5079.377,grad,19534038528
3,5080.637,grad,19525840384
3,5081.907,grad,19479703040
3,5083.159,grad,19475181056
3,5085.015,grad,19346994688
3,5086.357,grad,19340566016
3,5088.108,grad,19311024640
3,5089.74,grad,19311024640
3,5091.048,grad,19329833472
3,5092.794,grad,19306142208
3,5094.542,grad,19307225600
3,5095.782,grad,19299092992
3,5097.159,grad,19252890112
3,5098.404,grad,19248368128
3,5100.249,grad,19120181760
3,5101.502,grad,19113753088
3,5103.211,grad,19084211712
3,5104.71,grad,19084211712
3,5106.017,grad,19103151616
3,5107.455,grad,19079329280
3,5109.447,grad,19080412672
3,5110.721,grad,19072214528
3,5112.048,grad,19026077184
3,5113.298,grad,19021555200
3,5115.214,grad,18892975616
3,5116.47,grad,18886088192
3,5118.297,grad,18857006080
3,5119.852,grad,18857005568
3,5121.217,grad,18875945472
3,5122.715,grad,18852123136
3,5124.54,grad,18853206528
3,5125.826,grad,18922668544
3,5127.239,grad,18799264256
3,5128.52,grad,18755158528
3,5130.484,grad,18665769472
3,5131.752,grad,18659340800
3,5133.5,grad,18629799424
3,5135.056,grad,18629799424
3,5136.315,grad,18648608256
3,5138.198,grad,18624916992
3,5139.899,grad,18626000384
3,5141.172,grad,18617867776
3,5142.558,grad,18571664896
3,5143.822,grad,18567142912
3,5145.657,grad,18438956544
3,5146.912,grad,18432527872
3,5148.602,grad,18402986496
3,5150.174,grad,18402986496
3,5151.466,grad,18421926400
3,5153.036,grad,18398104064
3,5154.745,grad,18399187456
3,5156.06,grad,18391054848
3,5157.429,grad,18344851968
3,5158.668,grad,18301532672
3,5160.564,grad,18212078080
3,5161.834,grad,18219870720
3,5163.083,grad,18193000960
3,5164.323,grad,18176108032
3,5165.568,grad,18205533696
3,5167.013,grad,18170734080
3,5168.26,grad,18178565632
3,5169.852,grad,18172308992
3,5171.102,grad,18164241920
3,5172.486,grad,18118039040
3,5173.741,grad,18113517056
3,5175.63,grad,17985265152
3,5176.887,grad,17971496448
3,5178.595,grad,17941889536
3,5180.169,grad,17941627392
3,5181.421,grad,17960501760
3,5183.244,grad,17936744960
3,5184.508,grad,17926816256
3,5185.746,grad,17926816256
3,5187.0,grad,17926816256
3,5189.496,grad,17926815744
3,5190.771,grad,17926815744
3,5192.089,grad,17926815744
3,5193.422,grad,17926815744
3,5196.819,grad,17926815744
3,5201.414,grad,17926815744
3,5207.79,grad,17926823936
3,5214.174,grad,17926823936
3,5220.612,grad,17926823936
3,5225.094,grad,17926823936
3,5226.417,grad,17934301184
3,5228.316,grad,17934430208
3,5231.05,grad,17941770240
3,5232.394,grad,17951207424
3,5233.676,grad,17951207424
3,5234.937,grad,17974457344
3,5236.52,grad,17980814336
3,5237.775,grad,18041635840
3,5239.834,grad,18095244288
3,5241.135,grad,18180244480
3,5242.628,grad,18172904448
3,5245.248,grad,18180248576
3,5246.51,grad,18189685760
3,5247.775,grad,18197025792
3,5249.07,grad,18212870144
3,5250.609,grad,18219227136
3,5251.855,grad,18280048640
3,5253.882,grad,18333657088
3,5255.138,grad,18418657280
3,5256.429,grad,18418661376
3,5258.88,grad,18418661376
3,5260.131,grad,18428098560
3,5262.142,grad,18428098560
3,5263.414,grad,18465963008
3,5264.967,grad,18457639936
3,5266.214,grad,18518526976
3,5268.153,grad,18572069888
3,5269.409,grad,18649730048
3,5270.715,grad,18657074176
3,5273.152,grad,18657074176
3,5274.42,grad,18666511360
3,5275.692,grad,18673851392
3,5277.033,grad,18704375808
3,5278.445,grad,18696052736
3,5279.704,grad,18756939776
3,5281.73,grad,18810482688
3,5282.998,grad,18948960256
3,5284.325,grad,18888142848
3,5287.109,grad,18895486976
3,5288.354,grad,18904924160
3,5289.629,grad,18904924160
3,5290.865,grad,18928108544
3,5292.472,grad,18934465536
3,5293.766,grad,18995352576
3,5295.698,grad,19049288704
3,5296.973,grad,19134288896
3,5298.258,grad,19134292992
3,5300.792,grad,19134292992
3,5302.071,grad,19143730176
3,5303.421,grad,19152119296
3,5304.691,grad,19196340224
3,5306.013,grad,19173271552
3,5307.256,grad,19234551808
3,5309.137,grad,19288094720
3,5310.426,grad,19365754880
3,5311.69,grad,19373099008
3,5314.124,grad,19373099008
3,5315.376,grad,19382536192
3,5316.622,grad,19390925312
3,5317.862,grad,19420400640
3,5319.38,grad,19412077568
3,5320.641,grad,19472964608
3,5322.588,grad,19526507520
3,5323.869,grad,19611507712
3,5325.891,grad,19611511808
3,5327.499,grad,19611511808
3,5328.758,grad,19620948992
3,5330.092,grad,19629338112
3,5331.401,grad,19658878976
3,5332.686,grad,19650490368
3,5333.942,grad,19711311872
3,5335.913,grad,19764920320
3,5337.161,grad,19849920512
3,5338.408,grad,19842580480
3,5341.041,grad,19849924608
3,5342.312,grad,19859361792
3,5343.664,grad,19867750912
3,5344.922,grad,19897291776
3,5346.183,grad,19888903168
3,5347.421,grad,19949790208
3,5349.367,grad,20003333120
3,5351.584,grad,20080993280
3,5354.115,grad,20088337408
3,5355.481,grad,20097774592
3,5356.756,grad,20105114624
3,5358.015,grad,20135639040
3,5359.372,grad,20127315968
3,5360.636,grad,20188203008
3,5362.562,grad,20241745920
3,5363.819,grad,20326746112
3,5365.794,grad,20326750208
3,5367.411,grad,20326750208
3,5368.658,grad,20336187392
3,5369.998,grad,20344576512
3,5371.252,grad,20374117376
3,5372.502,grad,20365728768
3,5373.939,grad,20426615808
3,5375.901,grad,20480158720
3,5377.163,grad,20565158912
3,5378.474,grad,20565163008
3,5380.865,grad,20565163008
3,5382.133,grad,20574600192
3,5383.472,grad,20582989312
3,5384.728,grad,20627210240
3,5386.015,grad,20604141568
3,5387.26,grad,20665028608
3,5389.121,grad,20718571520
3,5391.512,grad,20796231680
3,5392.81,grad,20803575808
3,5394.216,grad,20803575808
3,5395.461,grad,20813012992
3,5396.797,grad,20821402112
3,5398.053,grad,20865623040
3,5399.291,grad,20842554368
3,5400.534,grad,20981036032
3,5402.37,grad,20957377536
3,5404.583,grad,21035037696
3,5407.117,grad,21042381824
3,5408.469,grad,21051819008
3,5409.769,grad,21059159040
3,5411.088,grad,21089683456
3,5412.469,grad,21081360384
3,5413.728,grad,21142247424
3,5415.655,grad,21195790336
3,5417.854,grad,21273450496
3,5420.413,grad,21280794624
3,5421.703,grad,21290231808
3,5423.069,grad,21298620928
3,5424.329,grad,21342841856
3,5425.693,grad,21319773184
3,5426.986,grad,21380660224
3,5428.883,grad,21434203136
3,5430.148,grad,21519203328
3,5431.475,grad,21519207424
3,5433.897,grad,21519207424
3,5435.175,grad,21528644608
3,5436.546,grad,21537033728
3,5437.812,grad,21595934720
3,5439.15,grad,21572870144
3,5440.401,grad,21657870336
3,5442.133,grad,21672615936
3,5443.415,grad,21750276096
3,5444.693,grad,21750276096
3,5447.226,grad,21757620224
3,5448.488,grad,21767057408
3,5449.796,grad,21775446528
3,5451.068,grad,21819667456
3,5452.393,grad,21796598784
3,5453.65,grad,21935080448
3,5455.469,grad,21911028736
3,5457.635,grad,21988688896
3,5460.178,grad,21996033024
3,5461.509,grad,22005470208
3,5462.785,grad,22012810240
3,5464.068,grad,22043400192
3,5465.349,grad,22035011584
3,5466.677,grad,22095898624
3,5468.58,grad,22188238848
3,5470.705,grad,22227101696
3,5473.257,grad,22234445824
3,5474.588,grad,22243883008
3,5475.885,grad,22252272128
3,5477.134,grad,22281812992
3,5479.373,grad,22273424384
3,5480.647,grad,22334311424
3,5482.537,grad,22387854336
3,5483.876,grad,22465514496
3,5485.155,grad,22472858624
3,5487.561,grad,22472858624
3,5488.851,grad,22482295808
3,5490.207,grad,22490684928
3,5491.473,grad,22534905856
3,5492.755,grad,22519177216
3,5494.029,grad,22650318848
3,5495.818,grad,22626267136
3,5497.072,grad,22711267328
3,5498.318,grad,22703927296
3,5500.824,grad,22711271424
3,5503.036,grad,22720708608
3,5504.341,grad,22758573056
3,5505.762,grad,22750249984
3,5507.056,grad,22811137024
3,5508.967,grad,22864679936
3,5511.189,grad,22942340096
3,5513.716,grad,22949684224
3,5515.13,grad,22959121408
3,5516.421,grad,22966461440
3,5517.688,grad,22996985856
3,5519.082,grad,22988662784
3,5520.366,grad,23049549824
3,5522.267,grad,23103092736
3,5524.424,grad,23180752896
3,5526.921,grad,23188097024
3,5529.12,grad,23197534208
3,5530.379,grad,23235398656
3,5531.728,grad,23227075584
3,5533.176,grad,23287962624
3,5535.12,grad,23341505536
3,5537.296,grad,23426505728
3,5539.823,grad,23426509824
3,5541.109,grad,23435947008
3,5542.482,grad,23444336128
3,5543.749,grad,23488557056
3,5545.03,grad,23465488384
3,5546.282,grad,23526375424
3,5548.222,grad,23618715648
3,5550.571,grad,23657578496
3,5553.119,grad,23664922624
3,5554.377,grad,23674359808
3,5555.624,grad,23681699840
3,5556.87,grad,23712224256
3,5558.427,grad,23703901184
3,5559.678,grad,23764788224
3,5561.627,grad,23818331136
3,5562.84,grad,23956808704
3,5564.149,grad,23903335424
3,5566.582,grad,23903335424
3,5567.998,grad,23912772608
3,5569.262,grad,23912772608
3,5570.537,grad,23935956992
3,5572.059,grad,23942313984
3,5573.332,grad,24003135488
3,5575.374,grad,24056743936
3,5576.627,grad,24134404096
3,5577.909,grad,24141748224
3,5580.303,grad,24141748224
3,5581.57,grad,24151185408
3,5582.842,grad,24151185408
3,5584.112,grad,24174369792
3,5585.928,grad,24188066816
3,5587.232,grad,24241613824
3,5589.175,grad,24295156736
3,5590.439,grad,24380156928
3,5591.733,grad,24380161024
3,5594.194,grad,24380161024
3,5595.455,grad,24389598208
3,5596.711,grad,24396938240
3,5597.971,grad,24427462656
3,5599.426,grad,24419139584
3,5600.668,grad,24480026624
3,5602.626,grad,24533569536
3,5603.895,grad,24618569728
3,5605.485,grad,24618573824
3,5606.895,grad,25545519616
3,5608.15,grad,25545538560
3,5610.313,grad,25538180608
3,5611.569,grad,25226754048
3,5612.839,grad,25226754048
3,5614.142,grad,25226754048
3,5615.515,grad,25226755584
3,5617.282,grad,24615418880
3,5618.521,grad,24614167552
3,5619.923,grad,24567964672
3,5621.167,grad,24493188096
3,5623.07,grad,24435190784
3,5624.324,grad,24443442176
3,5626.025,grad,24399220736
3,5627.578,grad,24399220736
3,5628.877,grad,24418095104
3,5630.302,grad,24394338304
3,5631.542,grad,24391751680
3,5632.82,grad,24395421696
3,5634.628,grad,24341086208
3,5635.884,grad,24305172480
3,5637.122,grad,24254513152
3,5638.493,grad,24215717888
3,5639.754,grad,24187203584
3,5641.037,grad,24172407808
3,5642.595,grad,24172407808
3,5643.826,grad,24191151104
3,5645.378,grad,24167525376
3,5647.08,grad,24168608768
3,5648.318,grad,24160607232
3,5649.665,grad,24114404352
3,5650.912,grad,24109882368
3,5652.603,grad,23982023680
3,5654.127,grad,23975595008
3,5655.88,grad,23946053632
3,5657.374,grad,23946053632
3,5658.659,grad,23964928000
3,5660.09,grad,23941171200
3,5661.765,grad,23942254592
3,5663.017,grad,23934121984
3,5664.362,grad,23887919104
3,5665.647,grad,23961384960
3,5667.338,grad,23755538432
3,5668.59,grad,23749109760
3,5670.285,grad,23719568384
3,5671.834,grad,23719568384
3,5673.14,grad,23738442752
3,5674.818,grad,23714685952
3,5676.51,grad,23715769344
3,5677.755,grad,23708029952
3,5679.101,grad,23661827072
3,5680.345,grad,23657305088
3,5682.087,grad,23529053184
3,5683.331,grad,23537304576
3,5684.965,grad,23493083136
3,5686.466,grad,23493083136
3,5687.73,grad,23511957504
3,5689.146,grad,23488200704
3,5690.796,grad,23489284096
3,5692.052,grad,23481151488
3,5693.407,grad,23434948608
3,5694.657,grad,23430426624
3,5696.38,grad,23302240256
3,5697.882,grad,23295811584
3,5699.57,grad,23266270208
3,5701.104,grad,23266270208
3,5702.389,grad,23285144576
3,5703.78,grad,23261387776
3,5705.473,grad,23262471168
3,5706.74,grad,23254338560
3,5708.125,grad,23208135680
3,5709.376,grad,23164816384
3,5711.163,grad,23075427328
3,5712.398,grad,23083678720
3,5714.033,grad,23039457280
3,5715.539,grad,23039457280
3,5716.824,grad,23058331648
3,5719.189,grad,23034574848
3,5720.925,grad,23035658240
3,5722.213,grad,23027525632
3,5723.55,grad,22981322752
3,5724.811,grad,22976800768
3,5726.504,grad,22848548864
3,5727.749,grad,22856800256
3,5729.392,grad,22812578816
3,5730.94,grad,22812578816
3,5732.227,grad,22831453184
3,5733.642,grad,22807696384
3,5735.312,grad,22808779776
3,5736.576,grad,22878241792
3,5737.917,grad,22754444288
3,5739.165,grad,22749922304
3,5740.89,grad,22621735936
3,5742.147,grad,22629594112
3,5744.467,grad,22585765888
3,5746.005,grad,22585765888
3,5747.275,grad,22604640256
3,5748.706,grad,22580883456
3,5750.362,grad,22581966848
3,5751.596,grad,22573834240
3,5752.962,grad,22527631360
3,5754.204,grad,22523109376
3,5755.932,grad,22394923008
3,5757.168,grad,22403174400
3,5758.775,grad,22358952960
3,5760.288,grad,22358952960
3,5761.523,grad,22377696256
3,5763.293,grad,22354070528
3,5764.996,grad,22355153920
3,5766.246,grad,22347021312
3,5767.575,grad,22300818432
3,5768.826,grad,22296296448
3,5770.518,grad,22168110080
3,5771.763,grad,22176361472
3,5773.396,grad,22132140032
3,5774.938,grad,22132140032
3,5776.233,grad,22151014400
3,5777.621,grad,22127257600
3,5779.313,grad,22128340992
3,5780.547,grad,22120208384
3,5781.931,grad,22074005504
3,5783.17,grad,22069483520
3,5784.958,grad,21941297152
3,5786.216,grad,21949155328
3,5788.098,grad,21905327104
3,5789.62,grad,21905327104
3,5790.91,grad,21924201472
3,5792.306,grad,21900444672
3,5794.021,grad,21901528064
3,5795.278,grad,21970990080
3,5796.586,grad,21847192576
3,5797.832,grad,21803873280
3,5799.598,grad,21714484224
3,5800.835,grad,21708055552
3,5802.539,grad,21678514688
3,5804.085,grad,21678514176
3,5805.405,grad,21697454080
3,5807.094,grad,21673631744
3,5808.775,grad,21674715136
3,5810.081,grad,21666582528
3,5811.438,grad,21620379648
3,5812.686,grad,21615857664
3,5814.491,grad,21487671296
3,5815.752,grad,21481242624
3,5817.43,grad,21451701248
3,5818.995,grad,21451701248
3,5820.275,grad,21470575616
3,5821.734,grad,21446818816
3,5823.431,grad,21447902208
3,5824.714,grad,21439769600
3,5825.991,grad,21393566720
3,5827.242,grad,21350247424
3,5828.48,grad,21260858368
3,5829.758,grad,21268198400
3,5831.067,grad,21261704192
3,5832.717,grad,21224888320
3,5834.301,grad,21224888320
3,5835.66,grad,21243762688
3,5837.08,grad,21220005888
3,5838.761,grad,21221089280
3,5840.078,grad,21212956672
3,5841.45,grad,21166753792
3,5842.749,grad,21161838592
3,5844.634,grad,21033652224
3,5845.908,grad,21027223552
3,5847.613,grad,20997682176
3,5849.162,grad,20997682176
3,5850.407,grad,21016491008
3,5852.204,grad,20992799744
3,5853.928,grad,20993883136
3,5855.192,grad,20985750528
3,5856.596,grad,20939547648
3,5857.855,grad,20935025664
3,5859.635,grad,20806839296
3,5860.885,grad,20800410624
3,5862.576,grad,20770869760
3,5864.089,grad,20770869248
3,5865.373,grad,20790071296
3,5866.986,grad,20765986816
3,5868.725,grad,20767070208
3,5870.029,grad,20758937600
3,5871.395,grad,20712734720
3,5872.652,grad,20669415424
3,5874.452,grad,20580026368
3,5876.006,grad,20573597696
3,5877.75,grad,20544056320
3,5879.293,grad,20544056320
3,5880.587,grad,20562930688
3,5882.074,grad,20539173888
3,5883.74,grad,20540257280
3,5885.031,grad,20532124672
3,5886.463,grad,20485921792
3,5887.71,grad,20481399808
3,5888.996,grad,20353213440
3,5890.292,grad,20360553472
3,5891.575,grad,20332039168
3,5892.883,grad,20317243392
3,5894.493,grad,20317243392
3,5895.747,grad,20336052224
3,5897.595,grad,20312360960
3,5899.302,grad,20313444352
3,5900.538,grad,20305311744
3,5901.925,grad,20259108864
3,5903.175,grad,20254586880
3,5905.059,grad,20126400512
3,5906.32,grad,20119971840
3,5908.079,grad,20090430464
3,5909.627,grad,20090430464
3,5910.947,grad,20109304832
3,5912.473,grad,20085548032
3,5914.235,grad,20086631424
3,5915.529,grad,20078498816
3,5916.811,grad,20032295936
3,5918.059,grad,19988976640
3,5919.304,grad,19906925568
3,5920.737,grad,19906927616
3,5922.023,grad,19893093376
3,5923.621,grad,19863617536
3,5925.191,grad,19863617536
3,5926.492,grad,19882491904
3,5927.926,grad,19858735104
3,5929.628,grad,19859818496
3,5930.866,grad,19851685888
3,5932.147,grad,19805483008
3,5933.404,grad,19762163712
3,5934.648,grad,19672774656
3,5935.993,grad,19680114688
3,5937.264,grad,19651600384
3,5938.617,grad,19636805120
3,5940.076,grad,19636804608
3,5941.341,grad,19655547904
3,5943.2,grad,19631922176
3,5944.922,grad,19633005568
3,5946.202,grad,19624872960
3,5947.568,grad,19578670080
3,5948.814,grad,19534957568
3,5950.638,grad,19445568512
3,5951.969,grad,19439139840
3,5953.646,grad,19409598464
3,5955.171,grad,19409598464
3,5956.427,grad,19428407296
3,5958.118,grad,19404716032
3,5959.904,grad,19405799424
3,5961.14,grad,19397666816
3,5962.491,grad,19351463936
3,5963.736,grad,19307751424
3,5965.632,grad,19218362368
3,5967.143,grad,19211933696
3,5968.891,grad,19182392320
3,5970.422,grad,19182392320
3,5971.704,grad,19201266688
3,5973.128,grad,19177509888
3,5974.979,grad,19178593280
3,5976.237,grad,19170395136
3,5977.506,grad,19085460480
3,5978.75,grad,19119735808
3,5980.541,grad,18991549440
3,5981.777,grad,18985120768
3,5983.501,grad,18955579392
3,5985.131,grad,18955579392
3,5986.441,grad,18974519296
3,5988.377,grad,18950696960
3,5990.146,grad,18951780352
3,5991.413,grad,18943647744
3,5992.829,grad,18897444864
3,5994.137,grad,18892922880
3,5996.023,grad,18764736512
3,5997.29,grad,18758307840
3,5999.094,grad,18728766976
3,6000.64,grad,18728766464
3,6001.907,grad,18747640832
3,6003.476,grad,18723884032
3,6005.266,grad,18724967424
3,6006.546,grad,18716834816
3,6007.955,grad,18670631936
3,6009.224,grad,18666109952
3,6011.167,grad,18537923584
3,6012.416,grad,18545716224
3,6013.664,grad,18534575104
3,6014.992,grad,18501953536
3,6016.238,grad,18516633600
3,6017.477,grad,18520958976
3,6018.937,grad,18497071104
3,6020.663,grad,18498154496
3,6021.982,grad,18490021888
3,6023.409,grad,18443819008
3,6024.66,grad,18400499712
3,6026.45,grad,18311110656
3,6027.693,grad,18297341952
3,6029.417,grad,18267735040
3,6031.113,grad,18267472896
3,6032.419,grad,18286412800
3,6034.223,grad,18262590464
3,6035.501,grad,18252661760
3,6036.742,grad,18252661760
3,6037.992,grad,18252661760
3,6040.413,grad,18252661248
3,6041.838,grad,18252661248
3,6043.538,grad,18252661248
3,6047.68,grad,18252661248
3,6052.449,grad,18252661248
3,6058.832,grad,18252665344
3,6065.188,grad,18252665344
3,6071.57,grad,18252665344
3,6076.062,grad,18252665344
3,6077.349,grad,18256472576
3,6079.189,grad,18256601600
3,6081.921,grad,18260271616
3,6083.229,grad,18264990208
3,6084.514,grad,18264990208
3,6085.766,grad,18276582912
3,6087.384,grad,18279761408
3,6088.639,grad,18310237696
3,6090.751,grad,18337041920
3,6092.019,grad,18406280704
3,6093.445,grad,18375872000
3,6094.82,grad,18379544064
3,6096.297,grad,18379544064
3,6097.552,grad,18384262656
3,6098.811,grad,18387932672
3,6100.054,grad,18395855360
3,6101.603,grad,18399033856
3,6102.862,grad,18429477376
3,6104.813,grad,18456248832
3,6106.079,grad,18495078912
3,6107.353,grad,18498750976
3,6109.786,grad,18498750976
3,6111.112,grad,18503469568
3,6112.517,grad,18503469568
3,6113.813,grad,18515062272
3,6115.314,grad,18518240768
3,6116.576,grad,18548651520
3,6118.58,grad,18575455744
3,6119.864,grad,18614285824
3,6121.155,grad,18617957888
3,6123.563,grad,18617957888
3,6124.891,grad,18622676480
3,6126.224,grad,18626346496
3,6127.493,grad,18641609216
3,6129.018,grad,18637447680
3,6130.348,grad,18667891200
3,6132.579,grad,18714061312
3,6133.9,grad,18737162752
3,6135.236,grad,18737164800
3,6137.606,grad,18737164800
3,6138.827,grad,18742931968
3,6140.115,grad,18742931968
3,6141.37,grad,18761864704
3,6142.829,grad,18756654592
3,6144.088,grad,18788113920
3,6146.089,grad,18814918144
3,6147.371,grad,18853748224
3,6148.624,grad,18857418240
3,6151.331,grad,18857420288
3,6152.595,grad,18863187456
3,6153.928,grad,18867382272
3,6155.194,grad,18882120192
3,6156.572,grad,18876910080
3,6157.829,grad,18908402176
3,6159.731,grad,18935173632
3,6160.993,grad,18974003712
3,6162.292,grad,18977675776
3,6164.673,grad,18977675776
3,6165.943,grad,18983442944
3,6167.29,grad,18987637760
3,6168.781,grad,18987637248
3,6170.064,grad,18997689856
3,6171.343,grad,19005556224
3,6172.589,grad,19048056320
3,6174.383,grad,19055429120
3,6175.631,grad,19097929216
3,6176.891,grad,19097931264
3,6179.366,grad,19098045952
3,6180.682,grad,19102649856
3,6182.062,grad,19106844672
3,6183.359,grad,19121615360
3,6184.635,grad,19117421056
3,6185.93,grad,19147831808
3,6188.019,grad,19174636032
3,6189.503,grad,19217136128
3,6190.769,grad,19217138176
3,6192.034,grad,19217138176
3,6193.462,grad,19217138176
3,6194.713,grad,19221856768
3,6195.97,grad,19225526784
3,6197.267,grad,19240789504
3,6198.677,grad,19236627968
3,6199.932,grad,19267071488
3,6201.879,grad,19293842944
3,6203.128,grad,19336343040
3,6204.37,grad,19336345088
3,6206.975,grad,19336345088
3,6208.246,grad,19341063680
3,6209.566,grad,19341063680
3,6210.842,grad,19352656384
3,6212.48,grad,19355834880
3,6213.767,grad,19386278400
3,6215.69,grad,19413049856
3,6216.986,grad,19455943168
3,6218.258,grad,19455945216
3,6220.651,grad,19455945216
3,6221.916,grad,19460663808
3,6223.162,grad,19464858112
3,6224.407,grad,19472256512
3,6225.956,grad,19475435008
3,6227.21,grad,19505878528
3,6229.164,grad,19532649984
3,6230.42,grad,19571480064
3,6231.696,grad,19575152128
3,6234.127,grad,19575152128
3,6235.408,grad,19579870720
3,6236.745,grad,19584065536
3,6238.03,grad,19598836224
3,6239.291,grad,19594641920
3,6240.549,grad,19625085440
3,6242.707,grad,19651856896
3,6244.94,grad,19690686976
3,6247.482,grad,19694359040
3,6248.754,grad,19699077632
3,6250.043,grad,19703271936
3,6251.293,grad,19719058944
3,6252.658,grad,19714897408
3,6253.92,grad,19744292352
3,6255.848,grad,19772112384
3,6257.101,grad,19815661056
3,6258.405,grad,19815663104
3,6260.98,grad,19815663104
3,6262.237,grad,19820381696
3,6263.484,grad,19824576512
3,6264.756,grad,19839347200
3,6266.064,grad,19835152896
3,6267.318,grad,19866644992
3,6269.287,grad,19893416448
3,6270.564,grad,19932246528
3,6271.861,grad,19935918592
3,6274.328,grad,19935918592
3,6275.581,grad,19940637184
3,6276.97,grad,19940637184
3,6278.245,grad,19952229888
3,6279.761,grad,19955408384
3,6281.02,grad,19985819136
3,6283.107,grad,20013671936
3,6284.354,grad,20056172032
3,6285.596,grad,20056174080
3,6288.028,grad,20056174080
3,6289.288,grad,20060892672
3,6290.535,grad,20065086976
3,6291.825,grad,20079825408
3,6293.203,grad,20075663872
3,6294.444,grad,20106074624
3,6296.623,grad,20132878848
3,6297.847,grad,20194777600
3,6299.174,grad,20175380992
3,6301.579,grad,20175380992
3,6302.832,grad,20180099584
3,6304.077,grad,20183769600
3,6305.317,grad,20199032320
3,6306.817,grad,20195919360
3,6308.076,grad,20225314304
3,6310.051,grad,20253134336
3,6311.32,grad,20295634432
3,6312.746,grad,20295636480
3,6315.244,grad,20295636480
3,6316.51,grad,20300355072
3,6317.842,grad,20300355072
3,6319.103,grad,20311947776
3,6320.759,grad,20315126272
3,6322.019,grad,20345569792
3,6323.953,grad,20372341248
3,6325.232,grad,20411171328
3,6326.555,grad,20414843392
3,6329.0,grad,20414843392
3,6330.288,grad,20419561984
3,6331.576,grad,20419561984
3,6332.844,grad,20431154688
3,6334.35,grad,20434333184
3,6335.606,grad,20464776704
3,6337.595,grad,20491548160
3,6339.005,grad,20561180160
3,6340.339,grad,20534050304
3,6342.776,grad,20534050304
3,6344.069,grad,20538768896
3,6345.416,grad,20544012288
3,6346.664,grad,20566123008
3,6347.932,grad,20554588672
3,6349.233,grad,20585032192
3,6351.269,grad,20611803648
3,6353.483,grad,20650633728
3,6354.771,grad,20654305792
3,6356.178,grad,20654305792
3,6357.424,grad,20659417600
3,6358.734,grad,20663612416
3,6360.01,grad,20685723136
3,6361.318,grad,20673795584
3,6362.564,grad,20704632320
3,6364.412,grad,20731403776
3,6365.682,grad,20773903872
3,6366.998,grad,20773905920
3,6369.544,grad,20773905920
3,6370.838,grad,20778624512
3,6372.145,grad,20782819328
3,6373.391,grad,20797590016
3,6374.706,grad,20793395712
3,6375.956,grad,20823839232
3,6377.796,grad,20850610688
3,6380.009,grad,20889440768
3,6382.524,grad,20893112832
3,6385.666,grad,20897831424
3,6386.947,grad,20916764160
3,6388.399,grad,20912602624
3,6389.654,grad,20943046144
3,6391.56,grad,20969817600
3,6393.756,grad,21012317696
3,6395.035,grad,21012319744
3,6396.44,grad,21012319744
3,6398.678,grad,21017038336
3,6399.962,grad,21036495360
3,6401.406,grad,21032333824
3,6402.649,grad,21063825920
3,6404.76,grad,21109996032
3,6406.956,grad,21129427456
3,6409.477,grad,21133099520
3,6410.753,grad,21137818112
3,6412.096,grad,21142012928
3,6413.346,grad,21156783616
3,6414.679,grad,21152589312
3,6415.932,grad,21183032832
3,6417.865,grad,21210852864
3,6419.12,grad,21280091648
3,6420.431,grad,21253355008
3,6423.066,grad,21253355008
3,6424.314,grad,21258073600
3,6425.596,grad,21261743616
3,6426.872,grad,21277006336
3,6428.513,grad,21280184832
3,6429.837,grad,21303288320
3,6431.823,grad,21330059776
3,6433.104,grad,21368889856
3,6434.375,grad,21372561920
3,6436.879,grad,21372561920
3,6438.159,grad,21377280512
3,6439.542,grad,21377280512
3,6440.867,grad,21389921792
3,6442.498,grad,21393100288
3,6443.791,grad,21424592384
3,6445.772,grad,21451363840
3,6447.056,grad,21513262592
3,6448.354,grad,21493865984
3,6450.782,grad,21493865984
3,6452.056,grad,21498584576
3,6453.31,grad,21498584576
3,6454.554,grad,21517517312
3,6456.133,grad,21513355776
3,6457.378,grad,21543799296
3,6459.536,grad,21571619328
3,6460.812,grad,21614119424
3,6462.237,grad,21614121472
3,6463.629,grad,22077592576
3,6464.871,grad,22077602304
3,6466.997,grad,22073923584
3,6468.248,grad,21918210560
3,6469.501,grad,21918210560
3,6470.754,grad,21918210560
3,6472.261,grad,22229639168
3,6473.974,grad,21614116352
3,6475.283,grad,21611884032
3,6476.677,grad,21588782592
3,6477.929,grad,21546806784
3,6479.768,grad,21521708544
3,6481.066,grad,21518493184
3,6482.691,grad,21503721984
3,6484.229,grad,21503721984
3,6485.535,grad,21513093632
3,6487.441,grad,21501526528
3,6489.169,grad,21503658496
3,6490.428,grad,21497985536
3,6491.814,grad,21474884096
3,6493.072,grad,21472852480
3,6494.896,grad,21408956928
3,6496.148,grad,21404692992
3,6497.771,grad,21388873216
3,6499.314,grad,21388873216
3,6500.661,grad,21398310400
3,6502.093,grad,21386677760
3,6503.795,grad,21388809728
3,6505.098,grad,21383202304
3,6506.528,grad,21360100864
3,6507.793,grad,21346338304
3,6509.051,grad,21317895680
3,6510.493,grad,21298499072
3,6511.748,grad,21284240896
3,6513.051,grad,21276843008
3,6514.486,grad,21276842496
3,6515.745,grad,21286214144
3,6517.37,grad,21274647040
3,6519.096,grad,21276779008
3,6520.394,grad,21271433728
3,6521.816,grad,21248332288
3,6523.057,grad,21245579776
3,6524.971,grad,21182011904
3,6526.266,grad,21178796544
3,6527.916,grad,21164025344
3,6529.589,grad,21164025344
3,6531.175,grad,21173396992
3,6532.861,grad,21161829888
3,6534.783,grad,21163961856
3,6536.041,grad,21197413888
3,6537.403,grad,21135515136
3,6538.645,grad,21133811200
3,6539.855,grad,21070243328
3,6541.263,grad,21073913344
3,6542.532,grad,21065946624
3,6543.84,grad,21050683904
3,6545.395,grad,21050683904
3,6546.628,grad,21060809216
3,6548.194,grad,21048488448
3,6549.912,grad,21050620416
3,6551.206,grad,21045275136
3,6552.705,grad,21022173696
3,6553.953,grad,21004544512
3,6555.189,grad,20991011328
3,6556.479,grad,20956901888
3,6557.729,grad,20953686528
3,6559.348,grad,20938915328
3,6560.901,grad,20938915328
3,6562.151,grad,20948319744
3,6563.651,grad,20936719872
3,6565.303,grad,20938851840
3,6566.58,grad,20933506560
3,6567.967,grad,20910405120
3,6569.211,grad,20908701184
3,6571.052,grad,20845133312
3,6572.306,grad,20841917952
3,6573.928,grad,20827146752
3,6575.483,grad,20827146752
3,6576.752,grad,20835207680
3,6578.478,grad,20824951296
3,6580.157,grad,20827083264
3,6581.409,grad,20821737984
3,6582.757,grad,20798636544
3,6584.021,grad,20777533952
3,6585.787,grad,20733364736
3,6587.045,grad,20729756160
3,6588.604,grad,20714984960
3,6590.146,grad,20714984960
3,6591.397,grad,20724389376
3,6592.921,grad,20712789504
3,6594.569,grad,20714921472
3,6595.813,grad,20709576192
3,6597.374,grad,20686474752
3,6598.633,grad,20685393408
3,6600.351,grad,20621760000
3,6601.608,grad,20618544640
3,6603.201,grad,20602724864
3,6604.768,grad,20602724864
3,6606.083,grad,20613177856
3,6607.608,grad,20600529408
3,6609.332,grad,20602661376
3,6610.615,grad,20597643776
3,6612.031,grad,20574542336
3,6613.292,grad,20553832960
3,6615.088,grad,20510056960
3,6616.328,grad,20506841600
3,6617.947,grad,20492070400
3,6619.449,grad,20492070400
3,6620.695,grad,20492824064
3,6622.534,grad,20489874944
3,6624.204,grad,20492006912
3,6625.445,grad,20487054848
3,6626.808,grad,20463953408
3,6628.047,grad,20443244032
3,6629.851,grad,20399468032
3,6631.12,grad,20396252672
3,6632.708,grad,20381481472
3,6634.233,grad,20381481472
3,6635.476,grad,20390885888
3,6636.981,grad,20379286016
3,6638.618,grad,20381417984
3,6639.867,grad,20376465920
3,6641.154,grad,20353364480
3,6642.503,grad,20374925824
3,6643.763,grad,20315419136
3,6645.182,grad,20288879104
3,6646.423,grad,20284615168
3,6648.014,grad,20269843968
3,6649.525,grad,20269843968
3,6650.772,grad,20279248384
3,6652.313,grad,20267648512
3,6654.027,grad,20269780480
3,6655.283,grad,20264828416
3,6656.695,grad,20222328320
3,6658.055,grad,20279213568
3,6659.904,grad,20180911616
3,6661.253,grad,20181366272
3,6662.872,grad,20159255040
3,6664.377,grad,20159255040
3,6665.638,grad,20167315968
3,6667.375,grad,20157059584
3,6669.093,grad,20159191552
3,6670.351,grad,20154239488
3,6671.718,grad,20131138048
3,6672.994,grad,20128778752
3,6674.812,grad,20065604096
3,6676.074,grad,20062388736
3,6677.681,grad,20047617536
3,6679.212,grad,20047617536
3,6680.458,grad,20057218560
3,6682.082,grad,20045422080
3,6683.763,grad,20047554048
3,6685.05,grad,20042601984
3,6686.387,grad,20019500544
3,6687.654,grad,20018189824
3,6689.714,grad,19953966592
3,6691.012,grad,19950751232
3,6692.648,grad,19935980032
3,6694.193,grad,19935980032
3,6695.436,grad,19945384448
3,6696.942,grad,19932736000
3,6698.614,grad,19934867968
3,6699.888,grad,19929915904
3,6701.241,grad,19906814464
3,6702.496,grad,19904455168
3,6704.344,grad,19841280512
3,6705.589,grad,19838065152
3,6707.215,grad,19823293952
3,6708.792,grad,19823293952
3,6710.079,grad,19833943552
3,6712.011,grad,19821098496
3,6713.75,grad,19823230464
3,6715.068,grad,19818278400
3,6716.449,grad,19795176960
3,6717.722,grad,19793866240
3,6719.578,grad,19730691584
3,6720.882,grad,19727476224
3,6722.517,grad,19712705024
3,6724.084,grad,19712705024
3,6725.342,grad,19722109440
3,6726.933,grad,19710509568
3,6728.666,grad,19712641536
3,6729.969,grad,19707689472
3,6731.366,grad,19684588032
3,6732.625,grad,19683277312
3,6734.495,grad,19620102656
3,6735.74,grad,19623997952
3,6737.62,grad,19602116096
3,6739.155,grad,19602116096
3,6740.397,grad,19611487744
3,6741.986,grad,19599920640
3,6743.66,grad,19602052608
3,6744.916,grad,19594937856
3,6746.193,grad,19573605888
3,6747.43,grad,19552896512
3,6748.67,grad,19516458496
3,6750.082,grad,19512790528
3,6751.336,grad,19498532352
3,6752.655,grad,19491134464
3,6754.126,grad,19491133952
3,6755.36,grad,19500538368
3,6757.258,grad,19488938496
3,6758.974,grad,19491070464
3,6760.22,grad,19486118400
3,6761.577,grad,19463016960
3,6762.836,grad,19461706240
3,6764.687,grad,19398531584
3,6765.977,grad,19395316224
3,6767.594,grad,19380545536
3,6769.119,grad,19380545024
3,6770.357,grad,19389949440
3,6771.985,grad,19378349568
3,6773.745,grad,19380481536
3,6775.038,grad,19375529472
3,6776.418,grad,19352428032
3,6777.656,grad,19331718656
3,6779.488,grad,19287942656
3,6780.727,grad,19291837952
3,6781.982,grad,19269956096
3,6783.243,grad,19269956096
3,6784.489,grad,19277296128
3,6785.732,grad,19279360512
3,6787.318,grad,19267760640
3,6789.046,grad,19269892608
3,6790.289,grad,19265006080
3,6791.566,grad,19241904640
3,6792.822,grad,19228600832
3,6794.063,grad,19181218304
3,6795.451,grad,19181220352
3,6796.689,grad,19165913600
3,6797.98,grad,19158515712
3,6799.431,grad,19158515200
3,6800.667,grad,19167919616
3,6802.527,grad,19156319744
3,6804.219,grad,19158451712
3,6805.458,grad,19153565184
3,6806.831,grad,19130463744
3,6808.075,grad,19110868480
3,6809.95,grad,19065093632
3,6811.235,grad,19060829696
3,6812.897,grad,19046058496
3,6814.409,grad,19046058496
3,6815.649,grad,19055462912
3,6817.267,grad,19043863040
3,6818.993,grad,19045995008
3,6820.268,grad,19040092672
3,6821.631,grad,19016991232
3,6822.899,grad,19015975424
3,6824.749,grad,18950801920
3,6825.995,grad,18953648640
3,6827.893,grad,18931766784
3,6829.421,grad,18931766784
3,6830.66,grad,18941171200
3,6832.238,grad,18929571328
3,6833.953,grad,18931703296
3,6835.203,grad,18925997568
3,6836.445,grad,18902896128
3,6837.684,grad,18881236480
3,6838.932,grad,18844044800
3,6840.29,grad,18840376832
3,6841.553,grad,18833458688
3,6843.009,grad,18818720256
3,6844.582,grad,18818720256
3,6845.826,grad,18828124672
3,6847.578,grad,18816524800
3,6849.277,grad,18818656768
3,6850.541,grad,18812754432
3,6851.911,grad,18789652992
3,6853.189,grad,18768189952
3,6855.028,grad,18723463680
3,6856.312,grad,18720248320
3,6857.914,grad,18705477120
3,6859.44,grad,18705477120
3,6860.678,grad,18714881536
3,6862.315,grad,18703281664
3,6864.092,grad,18705413632
3,6865.36,grad,18699707904
3,6866.711,grad,18676606464
3,6867.963,grad,18674345472
3,6869.851,grad,18610220544
3,6871.096,grad,18614148608
3,6872.966,grad,18592233984
3,6874.49,grad,18592233984
3,6875.735,grad,18601638400
3,6877.279,grad,18590038528
3,6878.96,grad,18592170496
3,6880.206,grad,18585055744
3,6881.515,grad,18563166720
3,6882.76,grad,18541507072
3,6884.031,grad,18504086016
3,6885.413,grad,18500418048
3,6886.662,grad,18482489856
3,6887.963,grad,18475091968
3,6889.472,grad,18474829312
3,6890.786,grad,18484200960
3,6892.816,grad,18472633856
3,6894.12,grad,18467423744
3,6895.365,grad,18467423744
3,6896.597,grad,18467423744
3,6899.399,grad,18467423232
3,6900.685,grad,18467423232
3,6901.954,grad,18467423232
3,6903.244,grad,18467423232
3,6906.694,grad,18467423232
3,6909.247,grad,18467423232
3,6910.506,grad,18469749760
3,6911.812,grad,18474402816
3,6913.064,grad,18473354240
3,6914.322,grad,18478957568
3,6915.582,grad,18480792576
3,6916.827,grad,18474599424
3,6918.065,grad,18489082880
3,6919.306,grad,18474927104
3,6920.566,grad,18471781376
3,6921.797,grad,18468471808
3,6923.088,grad,18471060480
3,6924.347,grad,18468963328
3,6925.594,grad,18464637952
3,6926.833,grad,18477483008
3,6928.064,grad,18457658368
3,6929.305,grad,18455462912
3,6930.537,grad,18454184960
3,6931.796,grad,18455200768
3,6933.049,grad,18454512640
3,6934.32,grad,18460771328
3,6935.582,grad,18443633664
3,6936.822,grad,18445042688
3,6938.063,grad,18444616704
3,6939.315,grad,18445763584
3,6940.843,grad,18442810880
3,6943.119,grad,18442810880
3,6944.4,grad,18445286400
3,6945.696,grad,18607981568
3,6947.035,grad,18607981568
3,6948.5,grad,18607981568
3,6949.738,grad,18607982080
3,6950.986,grad,17443584512
3,6952.236,grad,16136665600
3,6953.47,grad,16164387328
3,6954.7,grad,16193583616
3,6955.943,grad,16222812672
3,6957.183,grad,16252860928
3,6958.432,grad,16282155520
3,6959.707,grad,16136304640
3,6960.955,grad,16060872704
3,6962.398,noise,15973544448
3,6963.677,noise,15973544448
3,6964.935,noise,15973544448
3,6966.235,noise,15975051776
3,6967.505,noise,15975510528
3,6968.756,noise,15975510528
3,6970.015,noise,15976952320
3,6971.274,noise,15976952320
3,6972.506,noise,15979508224
3,6973.741,noise,15978426880
3,6975.003,noise,15978885632
3,6976.255,noise,15979344384
3,6977.487,noise,15979606528
3,6978.713,noise,15980818944
3,6979.989,noise,15981179392
3,6981.296,noise,15981408768
3,6982.537,noise,15982621184
3,6983.771,noise,15982850560
3,6985.013,noise,15982850560
3,6986.279,noise,15984292352
3,6987.511,noise,15984783872
3,6988.748,noise,15985242624
3,6990.018,noise,15985504768
3,6991.252,noise,15985504768
3,6992.479,noise,15986946560
3,6993.753,noise,15987175936
3,6995.013,noise,15987175936
3,6996.25,noise,15988617728
3,6997.496,noise,15988617728
3,6998.761,noise,15989830144
3,7000.019,noise,15990321664
3,7001.264,noise,15991009792
3,7002.499,noise,15991271936
3,7003.726,noise,15991271936
3,7004.965,noise,15992713728
3,7006.202,noise,15992943104
3,7007.429,noise,15992943104
3,7008.667,noise,15994384896
3,7009.916,noise,15994384896
3,7011.173,noise,15995597312
3,7012.417,noise,15996088832
3,7013.663,noise,15996776960
3,7014.907,noise,15997039104
3,7016.133,noise,15997039104
3,7017.358,noise,15998480896
3,7018.585,noise,15998710272
3,7019.809,noise,15998710272
3,7021.031,noise,16000152064
3,7022.266,noise,16000152064
3,7023.494,noise,16001364480
3,7024.724,noise,16001856000
3,7025.966,noise,16002314752
3,7027.206,noise,16002806272
3,7028.432,noise,16002806272
3,7029.66,noise,16004018688
3,7030.896,noise,16004477440
3,7032.127,noise,16004477440
3,7033.37,noise,16006148608
3,7034.618,noise,16005919232
3,7035.845,noise,16008344064
3,7037.074,noise,16007393792
3,7038.31,noise,16007852544
3,7039.534,noise,16008311296
3,7040.769,noise,16008573440
3,7042.065,noise,16009785856
3,7043.318,noise,16010015232
3,7044.552,noise,16010244608
3,7045.781,noise,16011457024
3,7047.019,noise,16011686400
3,7048.248,noise,16011686400
3,7049.514,noise,16013128192
3,7050.743,noise,16013619712
3,7051.98,noise,16014078464
3,7053.217,noise,16014340608
3,7054.438,noise,16014340608
3,7055.662,noise,16015782400
3,7056.903,noise,16016011776
3,7058.14,noise,16016011776
3,7059.365,noise,16017453568
3,7060.586,noise,16017453568
3,7061.809,noise,16018665984
3,7063.03,noise,16019157504
3,7064.254,noise,16019616256
3,7065.478,noise,16020107776
3,7066.71,noise,16020107776
3,7068.044,noise,16021549568
3,7069.289,noise,16021778944
3,7070.53,noise,16021778944
3,7071.761,noise,16023220736
3,7073.009,noise,16023220736
3,7074.298,noise,16024433152
3,7075.64,noise,16024924672
3,7076.932,noise,16025383424
3,7078.195,noise,16025874944
3,7079.427,noise,16025874944
3,7080.652,noise,16027087360
3,7081.888,noise,16027546112
3,7083.116,noise,16027546112
3,7084.367,noise,16028987904
3,7085.644,noise,16028987904
3,7086.896,noise,16031412736
3,7088.134,noise,16030462464
3,7089.362,noise,16030921216
3,7090.597,noise,16031379968
3,7091.826,noise,16031642112
3,7093.059,noise,16032854528
3,7094.298,noise,16033083904
3,7095.538,noise,16033313280
3,7096.763,noise,16034525696
3,7098.0,noise,16034755072
3,7099.221,noise,16034755072
3,7100.466,noise,16036655616
3,7101.692,noise,16036459008
3,7102.947,noise,16036917760
3,7104.178,noise,16037409280
3,7105.401,noise,16037409280
3,7106.621,noise,16038621696
3,7107.871,noise,16039080448
3,7109.13,noise,16039080448
3,7110.378,noise,16040980992
3,7111.714,noise,16040522240
3,7113.014,noise,16041734656
3,7114.269,noise,16042226176
3,7115.5,noise,16042684928
3,7116.735,noise,16043176448
3,7117.974,noise,16043176448
3,7119.196,noise,16044716544
3,7120.428,noise,16045175296
3,7121.652,noise,16045175296
3,7122.894,noise,16046617088
3,7124.142,noise,16046617088
3,7125.368,noise,16047829504
3,7126.595,noise,16048091648
3,7127.825,noise,16048550400
3,7129.061,noise,16049009152
3,7130.314,noise,16049271296
3,7131.539,noise,16050483712
3,7132.76,noise,16050713088
3,7133.997,noise,16050942464
3,7135.229,noise,16052154880
3,7136.467,noise,16052384256
3,7137.692,noise,16052384256
3,7138.924,noise,16053826048
3,7140.16,noise,16054317568
3,7141.407,noise,16054776320
3,7142.671,noise,16055038464
3,7143.919,noise,16055038464
3,7145.15,noise,16056480256
3,7146.38,noise,16056709632
3,7147.607,noise,16056709632
3,7148.828,noise,16058151424
3,7150.064,noise,16058151424
3,7151.304,noise,16059363840
3,7152.549,noise,16059855360
3,7153.833,noise,16060314112
3,7155.089,noise,16060805632
3,7156.32,noise,16060805632
3,7157.545,noise,16062018048
3,7158.77,noise,16062476800
3,7160.003,noise,16062476800
3,7161.249,noise,16063918592
3,7162.476,noise,16063918592
3,7163.698,noise,16065131008
3,7164.94,noise,16065393152
3,7166.198,noise,16065851904
3,7167.432,noise,16066310656
3,7168.683,noise,16066572800
3,7169.953,noise,16067785216
3,7171.204,noise,16068145664
3,7172.444,noise,16068375040
3,7173.694,noise,16069587456
3,7175.028,noise,16069816832
3,7176.321,noise,16069816832
3,7177.657,noise,16071291392
3,7178.991,noise,16071750144
3,7180.251,noise,16072438272
3,7181.492,noise,16072471040
3,7182.726,noise,16072471040
3,7183.996,noise,16073912832
3,7185.234,noise,16074142208
3,7186.488,noise,16075354624
3,7187.797,noise,16075584000
3,7189.1,noise,16075584000
3,7190.387,noise,16077025792
3,7191.633,noise,16077517312
3,7192.879,noise,16078205440
3,7194.141,noise,16078238208
3,7195.391,noise,16078238208
3,7196.66,noise,16079680000
3,7197.94,noise,16079909376
3,7199.203,noise,16081121792
3,7200.478,noise,16081351168
3,7201.742,noise,16081351168
3,7203.023,noise,16082792960
3,7204.285,noise,16083284480
3,7205.517,noise,16083972608
3,7206.747,noise,16084005376
3,7207.988,noise,16084005376
3,7209.244,noise,16085447168
3,7210.507,noise,16085676544
3,7211.813,noise,16086888960
3,7213.07,noise,16087118336
3,7214.336,noise,16087118336
3,7215.576,noise,16088560128
3,7216.827,noise,16089051648
3,7218.067,noise,16089510400
3,7219.309,noise,16089772544
3,7220.536,noise,16089772544
3,7221.767,noise,16091574784
3,7223.022,noise,16091574784
3,7224.261,noise,16091574784
3,7225.492,noise,16093016576
3,7226.719,noise,16093016576
3,7227.961,noise,16094228992
3,7229.202,noise,16094720512
3,7230.433,noise,16095408640
3,7231.662,noise,16095670784
3,7232.914,noise,16095670784
3,7234.157,noise,16097112576
3,7235.392,noise,16097341952
3,7236.619,noise,16097341952
3,7237.841,noise,16098783744
3,7239.063,noise,16098783744
3,7240.291,noise,16099996160
3,7241.537,noise,16100487680
3,7242.787,noise,16100946432
3,7244.03,noise,16101437952
3,7245.263,noise,16101437952
3,7246.488,noise,16102650368
3,7247.715,noise,16103109120
3,7248.953,noise,16103109120
3,7250.176,noise,16104550912
3,7251.405,noise,16104550912
3,7252.627,noise,16105763328
3,7253.86,noise,16106025472
3,7255.094,noise,16106484224
3,7256.327,noise,16106942976
3,7257.555,noise,16107205120
3,7258.781,noise,16108417536
3,7260.013,noise,16108646912
3,7261.245,noise,16108876288
3,7262.468,noise,16110088704
3,7263.693,noise,16110318080
3,7264.927,noise,16110318080
3,7266.147,noise,16111989248
3,7267.375,noise,16112022016
3,7268.602,noise,16112480768
3,7269.827,noise,16112972288
3,7271.05,noise,16112972288
3,7272.277,noise,16114315776
3,7273.507,noise,16114774528
3,7274.736,noise,16114774528
3,7275.971,noise,16116216320
3,7277.213,noise,16116216320
3,7278.438,noise,16118641152
3,7279.664,noise,16117690880
3,7280.903,noise,16118149632
3,7282.128,noise,16118608384
3,7283.359,noise,16118870528
3,7284.622,noise,16120082944
3,7285.94,noise,16120541696
3,7287.229,noise,16120541696
3,7288.537,noise,16121754112
3,7289.786,noise,16121983488
3,7291.045,noise,16123195904
3,7292.284,noise,16123458048
3,7293.528,noise,16123916800
3,7294.782,noise,16124604928
3,7296.028,noise,16124637696
3,7297.267,noise,16125850112
3,7298.508,noise,16126308864
3,7299.741,noise,16126308864
3,7300.981,noise,16127521280
3,7302.218,noise,16127750656
3,7303.458,noise,16127750656
3,7304.698,noise,16129192448
3,7305.966,noise,16129683968
3,7307.275,noise,16130372096
3,7308.551,noise,16130404864
3,7309.812,noise,16130404864
3,7311.048,noise,16131846656
3,7312.288,noise,16132076032
3,7313.532,noise,16132076032
3,7314.788,noise,16133517824
3,7316.076,noise,16133517824
3,7317.349,noise,16134730240
3,7318.634,noise,16135221760
3,7319.856,noise,16135680512
3,7321.503,noise,16135942656
3,7322.775,noise,16026464768
3,7324.119,optimizer,15974167040
3,7325.444,optimizer,15977029120
3,7326.713,optimizer,15977594880
3,7327.999,optimizer,15979203584
3,7329.296,optimizer,15979243008
3,7330.546,optimizer,15980153344
3,7331.79,optimizer,15980627968
3,7333.041,optimizer,15982935040
3,7334.315,optimizer,15984012800
3,7335.551,optimizer,15985467904
3,7336.786,optimizer,15985672704
3,7338.026,optimizer,15986162176
3,7339.254,optimizer,15986649600
3,7340.513,optimizer,15987977216
3,7341.783,optimizer,15988691456
3,7343.049,optimizer,15991207936
3,7344.284,optimizer,15992754688
3,7345.514,optimizer,15991840256
3,7346.752,optimizer,15992540672
3,7347.993,optimizer,15993029632
3,7349.234,optimizer,15995335680
3,7350.49,optimizer,15996282368
3,7351.735,optimizer,15997661696
3,7352.979,optimizer,15997943296
3,7354.211,optimizer,15998431232
3,7355.439,optimizer,15998934016
3,7356.667,optimizer,15999034880
3,7357.903,optimizer,16000960512
3,7359.13,optimizer,16003491328
3,7360.358,optimizer,16005024768
3,7361.605,optimizer,16004321792
3,7362.838,optimizer,16005053440
3,7364.065,optimizer,16005365760
3,7365.293,optimizer,16007096320
3,7366.522,optimizer,16009627648
3,7367.753,optimizer,16010635264
3,7368.991,optimizer,16010699776
3,7370.218,optimizer,16011189248
3,7371.466,optimizer,16012635648
3,7372.698,optimizer,16013245440
3,7373.936,optimizer,16016219648
3,7375.166,optimizer,16016346112
3,7376.393,optimizer,16017064448
3,7377.621,optimizer,16017567744
3,7378.849,optimizer,16021087232
3,7380.079,optimizer,16020669440
3,7381.325,optimizer,16023185920
3,7382.556,optimizer,16022515200
3,7383.795,optimizer,16023442944
3,7385.048,optimizer,16023736832
3,7386.28,optimizer,16026254336
3,7387.512,optimizer,16029359104
3,7388.747,optimizer,16029696000
3,7389.983,optimizer,16029220864
3,7391.211,optimizer,16029724672
3,7392.44,optimizer,16029872128
3,7393.672,optimizer,16031781888
3,7394.927,optimizer,16033772544
3,7396.16,optimizer,16034882560
3,7397.394,optimizer,16035599872
3,7398.65,optimizer,16036104192
3,7399.895,optimizer,16039851520
3,7401.132,optimizer,16039204864
3,7402.384,optimizer,16042932224
3,7403.63,optimizer,16041064448
3,7404.838,optimizer,16041978368
3,7406.082,optimizer,16042273280
3,7407.316,optimizer,16044035072
3,7408.565,optimizer,16046594560
3,7409.81,optimizer,16047116288
3,7411.051,optimizer,16047640064
3,7412.345,optimizer,16048357888
3,7413.579,optimizer,16049499648
3,7414.828,optimizer,16050414592
3,7416.056,optimizer,16053176320
3,7417.304,optimizer,16053220864
3,7418.553,optimizer,16054178304
3,7419.816,optimizer,16054867968
3,7421.044,optimizer,16057190400
3,7422.291,optimizer,16059935232
3,7423.586,optimizer,16060499968
3,7424.838,optimizer,16059600896
3,7426.094,optimizer,16060285440
3,7427.356,optimizer,16060809728
3,7428.603,optimizer,16063324672
3,7429.845,optimizer,16063874560
3,7431.085,optimizer,16065408512
3,7432.336,optimizer,16065490944
3,7433.573,optimizer,16066863104
3,7434.832,optimizer,16066936320
3,7436.073,optimizer,16068037120
3,7437.303,optimizer,16068720640
3,7438.532,optimizer,16070712320
3,7439.766,optimizer,16071820800
3,7441.047,optimizer,16072309760
3,7442.402,optimizer,16072813568
3,7443.717,optimizer,16072881152
3,7444.973,optimizer,16075069440
3,7446.212,optimizer,16077487616
3,7447.449,optimizer,16079049216
3,7448.684,optimizer,16078136832
3,7449.93,optimizer,16078820352
3,7451.183,optimizer,16079343104
3,7452.438,optimizer,16082827776
3,7453.699,optimizer,16082560512
3,7454.942,optimizer,16083943424
3,7456.173,optimizer,16084224000
3,7457.405,optimizer,16084939776
3,7458.64,optimizer,16085444096
3,7459.884,optimizer,16088962560
3,7461.12,optimizer,16088544768
3,7462.363,optimizer,16091061248
3,7463.593,optimizer,16090433024
3,7464.828,optimizer,16091548672
3,7466.063,optimizer,16091613696
3,7467.292,optimizer,16093146624
3,7468.52,optimizer,16095891968
3,7469.755,optimizer,16096456704
3,7470.995,optimizer,16097008128
3,7472.222,optimizer,16097469440
3,7473.456,optimizer,16098915840
3,7474.684,optimizer,16099755008
3,7475.925,optimizer,16102385664
3,7477.176,optimizer,16102462464
3,7478.418,optimizer,16103359488
3,7479.659,optimizer,16104109568
3,7480.931,optimizer,16106400256
3,7482.182,optimizer,16109373440
3,7483.417,optimizer,16109710336
3,7484.665,optimizer,16109693440
3,7485.905,optimizer,16109753344
3,7487.135,optimizer,16111033856
3,7488.382,optimizer,16111796224
3,7489.631,optimizer,16114540032
3,7490.825,optimizer,16114896896
3,7492.056,optimizer,16115614208
3,7493.291,optimizer,16116118016
3,7494.555,optimizer,16119865856
3,7495.827,optimizer,16119219200
3,7497.073,optimizer,16122947072
3,7498.312,optimizer,16121078784
3,7499.556,optimizer,16122222080
3,7500.797,optimizer,16122289152
3,7502.038,optimizer,16124278784
3,7503.276,optimizer,16126581760
3,7504.512,optimizer,16127425024
3,7505.753,optimizer,16127654912
3,7506.991,optimizer,16128372736
3,7508.223,optimizer,16130726912
3,7509.453,optimizer,16131563008
3,7510.706,optimizer,16133022208
3,7511.999,optimizer,16133365760
3,7513.236,optimizer,16134034432
3,7514.466,optimizer,16134556160
3,7515.72,optimizer,16137088000
3,7516.961,optimizer,16140047360
3,7518.197,optimizer,16140384256
3,7519.438,optimizer,16140137984
3,7520.672,optimizer,16140427264
3,7521.914,optimizer,16141708288
3,7523.169,optimizer,16142455296
3,7524.398,optimizer,16145013248
3,7525.656,optimizer,16146519040
3,7526.907,optimizer,16146273280
3,7528.136,optimizer,16146560512
3,7529.391,optimizer,16146827776
3,7530.635,optimizer,16146663936
3,7531.865,optimizer,16147122688
3,7533.112,optimizer,16146663936
3,7534.361,optimizer,16146729472
3,7535.591,optimizer,16147122688
3,7536.825,optimizer,16146663936
3,7538.055,optimizer,16149088256
3,7539.279,optimizer,16146663424
3,7540.515,optimizer,16149089792
3,7541.811,optimizer,16147580928
3,7543.049,optimizer,16147122688
3,7544.28,optimizer,16146663936
3,7545.507,optimizer,16147122176
3,7546.766,optimizer,16146663424
3,7548.008,optimizer,16146663936
3,7549.258,optimizer,16147122688
3,7550.49,optimizer,16147122176
3,7551.724,optimizer,16146663424
3,7552.98,optimizer,16147122176
3,7554.214,optimizer,16149088256
3,7555.451,optimizer,16146663936
3,7556.702,optimizer,16146663424
3,7557.94,optimizer,16147122176
3,7559.168,optimizer,16149088768
3,7560.392,optimizer,16146728960
3,7561.623,optimizer,16146663936
3,7562.847,optimizer,16147122176
3,7564.094,optimizer,16147122176
3,7565.32,optimizer,16146663424
3,7566.567,optimizer,16146663424
3,7567.813,optimizer,16146663424
3,7569.058,optimizer,16146663936
3,7570.349,optimizer,16146664960
3,7571.606,optimizer,16162754048
3,7572.846,optimizer,16175500800
3,7574.08,optimizer,16192638464
3,7575.312,optimizer,16204205568
3,7576.555,optimizer,16218361344
3,7577.812,optimizer,16233729536
3,7579.043,optimizer,16248868352
3,7580.27,optimizer,16262794752
3,7581.501,optimizer,16277704192
3,7582.733,optimizer,16291892224
3,7583.989,optimizer,16307981824
3,7585.223,optimizer,16215507968
3,7586.565,optimizer,16146989568
3,7587.833,optimizer,16177299968
3,7589.095,optimizer,16209478144
3,7590.403,optimizer,16239788544
3,7591.72,optimizer,16273342976
3,7592.975,optimizer,16303358464
3,7594.214,optimizer,16192733696
3,7595.453,optimizer,16157868544
3,7596.682,optimizer,16189686272
3,7597.924,optimizer,16221176320
3,7599.16,optimizer,16250733056
3,7600.389,optimizer,16281502208
3,7601.628,optimizer,16302506496
3,7602.824,optimizer,16157704704
3,7604.062,optimizer,16001597952
3,7605.296,optimizer,15981556736
3,7606.537,optimizer,15979241472
3,7607.771,optimizer,15975565824
3,7609.023,optimizer,15975215616
3,7610.282,optimizer,15975215616
3,7611.54,optimizer,15975215616
3,7613.079,optimizer,15975215616
4,1.599,grad,15973970944
4,6.163,grad,15973970944
4,12.551,grad,15973979136
4,18.913,grad,15973979136
4,25.31,grad,15973979136
4,29.619,grad,15973979136
4,30.891,grad,15981456384
4,32.679,grad,15981585408
4,35.387,grad,15988925440
4,36.699,grad,15998362624
4,38.06,grad,15998362624
4,39.341,grad,16021547008
4,41.032,grad,16027904000
4,42.322,grad,16088791040
4,44.364,grad,16142333952
4,46.871,grad,16227334144
4,49.458,grad,16227452928
4,50.738,grad,16236775424
4,52.141,grad,16245164544
4,53.434,grad,16289385472
4,54.72,grad,16266316800
4,55.96,grad,16327138304
4,57.945,grad,16380746752
4,60.163,grad,16458406912
4,62.692,grad,16465865728
4,64.965,grad,16475188224
4,66.417,grad,16498372608
4,68.03,grad,16504729600
4,69.283,grad,16565616640
4,71.222,grad,16619159552
4,73.475,grad,16696819712
4,75.995,grad,16704163840
4,77.253,grad,16713601024
4,78.575,grad,16721990144
4,79.834,grad,16766211072
4,81.107,grad,16743142400
4,82.351,grad,16804029440
4,84.277,grad,16857572352
4,85.578,grad,17010729984
4,86.879,grad,16935232512
4,89.438,grad,16942576640
4,90.689,grad,16952013824
4,92.058,grad,16960402944
4,93.32,grad,17004623872
4,94.656,grad,16981555200
4,95.939,grad,17042442240
4,97.793,grad,17095985152
4,100.015,grad,17173645312
4,102.517,grad,17180989440
4,103.856,grad,17190426624
4,105.142,grad,17197766656
4,106.392,grad,17228291072
4,107.795,grad,17219968000
4,109.084,grad,17280855040
4,111.068,grad,17334397952
4,112.318,grad,17412058112
4,113.597,grad,17419402240
4,116.038,grad,17419402240
4,117.298,grad,17428839424
4,118.631,grad,17437228544
4,119.893,grad,17466769408
4,121.225,grad,17458380800
4,122.475,grad,17519202304
4,125.616,grad,17572810752
4,126.904,grad,17703948288
4,128.19,grad,17650470912
4,130.869,grad,17657815040
4,132.217,grad,17667252224
4,133.511,grad,17675640832
4,134.828,grad,17705116672
4,136.305,grad,17696793600
4,137.585,grad,17757680640
4,139.587,grad,17811223552
4,141.833,grad,17888883712
4,144.766,grad,17896342528
4,146.1,grad,17905665024
4,147.433,grad,17905665024
4,148.73,grad,17928849408
4,150.353,grad,17935206400
4,151.618,grad,17996027904
4,152.842,grad,18088433664
4,154.122,grad,18088433664
4,156.282,grad,18127296512
4,159.045,grad,18134640640
4,160.308,grad,18144077824
4,161.617,grad,18144077824
4,162.868,grad,18167262208
4,164.488,grad,18173619200
4,165.764,grad,18219760640
4,167.084,grad,18365643776
4,168.398,grad,18326846464
4,170.606,grad,18365709312
4,171.829,grad,18373053440
4,173.614,grad,18373168128
4,174.974,grad,18382490624
4,176.248,grad,18382490624
4,177.534,grad,18420355072
4,179.134,grad,18412032000
4,180.396,grad,18472853504
4,182.512,grad,18526461952
4,183.787,grad,18611462144
4,185.151,grad,18611466240
4,187.872,grad,18611466240
4,189.377,grad,18620903424
4,190.709,grad,18628243456
4,192.07,grad,18658767872
4,193.531,grad,18650444800
4,194.792,grad,18711331840
4,196.795,grad,18764874752
4,199.092,grad,18842534912
4,201.673,grad,18849879040
4,203.007,grad,18859316224
4,204.311,grad,18859316224
4,205.59,grad,18897180672
4,207.057,grad,18888857600
4,208.313,grad,18949744640
4,210.252,grad,19003287552
4,211.533,grad,19080947712
4,212.778,grad,19088291840
4,215.209,grad,19088291840
4,216.472,grad,19097729024
4,217.768,grad,19106118144
4,219.119,grad,19135659008
4,220.525,grad,19127270400
4,221.798,grad,19188157440
4,223.73,grad,19241700352
4,225.007,grad,19380177920
4,226.304,grad,19319360512
4,228.92,grad,19326704640
4,231.136,grad,19336141824
4,232.44,grad,19359326208
4,234.137,grad,19380367360
4,235.458,grad,19426570240
4,237.389,grad,19480113152
4,238.698,grad,19565113344
4,239.991,grad,19565117440
4,242.581,grad,19565117440
4,243.862,grad,19574554624
4,245.229,grad,19582943744
4,246.492,grad,19627164672
4,247.813,grad,19604096000
4,249.103,grad,19664983040
4,251.052,grad,19718525952
4,252.318,grad,19803526144
4,253.664,grad,19803530240
4,256.058,grad,19803530240
4,257.324,grad,19812967424
4,258.658,grad,19821356544
4,259.937,grad,19865577472
4,261.228,grad,19842508800
4,262.481,grad,19903330304
4,264.52,grad,19956938752
4,265.784,grad,20095416320
4,267.072,grad,20034598912
4,269.673,grad,20041943040
4,270.955,grad,20051380224
4,272.287,grad,20051380224
4,273.546,grad,20074564608
4,275.196,grad,20088261632
4,276.465,grad,20219403264
4,278.254,grad,20195351552
4,280.445,grad,20273011712
4,281.709,grad,20280355840
4,283.367,grad,20280355840
4,284.635,grad,20289793024
4,285.973,grad,20298182144
4,287.233,grad,20342403072
4,288.515,grad,20319334400
4,289.798,grad,20457816064
4,291.65,grad,20433764352
4,293.836,grad,20511424512
4,296.426,grad,20518768640
4,298.592,grad,20528205824
4,300.093,grad,20566070272
4,301.528,grad,20557747200
4,302.82,grad,20618634240
4,304.623,grad,20672177152
4,306.785,grad,20749837312
4,309.359,grad,20757181440
4,310.635,grad,20766618624
4,311.96,grad,20775007744
4,313.225,grad,20819228672
4,314.473,grad,20796160000
4,315.72,grad,20934641664
4,317.538,grad,20910589952
4,318.806,grad,21063747584
4,320.107,grad,20988250112
4,322.603,grad,20995594240
4,324.826,grad,21005031424
4,326.135,grad,21042895872
4,327.524,grad,21034572800
4,328.782,grad,21095459840
4,330.689,grad,21149002752
4,332.965,grad,21234002944
4,335.598,grad,21234007040
4,337.763,grad,21243444224
4,339.051,grad,21281308672
4,340.453,grad,21272985600
4,341.706,grad,21333872640
4,343.623,grad,21426212864
4,345.781,grad,21472415744
4,348.276,grad,21472419840
4,350.463,grad,21481857024
4,351.721,grad,21519721472
4,353.117,grad,21511398400
4,354.865,grad,21526082560
4,356.128,grad,21625828352
4,357.435,grad,21664625664
4,359.499,grad,21710828544
4,361.953,grad,21710832640
4,364.048,grad,21720269824
4,365.308,grad,21758134272
4,366.755,grad,21749811200
4,368.06,grad,21810698240
4,369.918,grad,21864241152
4,372.094,grad,21941901312
4,373.437,grad,21949245440
4,375.097,grad,21949245440
4,377.231,grad,21958682624
4,378.516,grad,21996612608
4,379.797,grad,21988224000
4,381.136,grad,22049111040
4,382.962,grad,22102653952
4,385.125,grad,22180314112
4,387.605,grad,22187658240
4,389.962,grad,22198144000
4,391.247,grad,22236008448
4,392.619,grad,22226636800
4,393.895,grad,22288572416
4,395.687,grad,22342115328
4,397.868,grad,22427115520
4,400.337,grad,22427119616
4,402.444,grad,22436556800
4,403.696,grad,22474421248
4,405.071,grad,22466098176
4,406.327,grad,22526985216
4,408.193,grad,22580528128
4,409.447,grad,22733685760
4,411.0,grad,22665532416
4,412.282,grad,23592478208
4,413.575,grad,23585147392
4,415.529,grad,23585139200
4,416.782,grad,23273712640
4,418.054,grad,23273712640
4,419.292,grad,23273712640
4,421.199,grad,23273714176
4,422.449,grad,22962268160
4,423.723,grad,22662377472
4,424.992,grad,22662010880
4,426.306,grad,22615873536
4,427.56,grad,22611351552
4,429.327,grad,22483099648
4,430.615,grad,22476670976
4,432.404,grad,22447130112
4,434.002,grad,22447129600
4,435.237,grad,22465872896
4,437.107,grad,22442247168
4,438.817,grad,22443854848
4,440.082,grad,22435197952
4,441.461,grad,22388995072
4,442.715,grad,22384473088
4,444.521,grad,22256221184
4,445.77,grad,22249792512
4,447.452,grad,22219202560
4,449.022,grad,22220251136
4,450.265,grad,22239453184
4,451.845,grad,22215368704
4,453.563,grad,22215927808
4,454.874,grad,22207270912
4,456.211,grad,22161068032
4,457.487,grad,22117748736
4,458.835,grad,22042972160
4,460.155,grad,22035634176
4,461.452,grad,22021799936
4,463.149,grad,21992324608
4,464.782,grad,21992324096
4,466.168,grad,22011067392
4,467.794,grad,21987441664
4,469.518,grad,21989278720
4,470.791,grad,21980392448
4,472.189,grad,21934189568
4,473.503,grad,21890870272
4,474.793,grad,21808753664
4,476.237,grad,21808755712
4,477.52,grad,21780241408
4,478.829,grad,21765446144
4,480.399,grad,21765445632
4,481.667,grad,21784254464
4,483.477,grad,21760563200
4,485.357,grad,21761646592
4,486.669,grad,21753448448
4,487.995,grad,21707311104
4,489.26,grad,21702789120
4,491.066,grad,21574537216
4,492.36,grad,21568108544
4,494.133,grad,21538567168
4,495.682,grad,21538567168
4,496.961,grad,21557376000
4,498.477,grad,21533684736
4,500.163,grad,21534964736
4,501.436,grad,21604230144
4,502.772,grad,21480432640
4,504.08,grad,21437113344
4,505.945,grad,21347658752
4,507.249,grad,21355451392
4,508.543,grad,21335921664
4,509.823,grad,21311688704
4,511.106,grad,21341048832
4,512.679,grad,21306314752
4,514.012,grad,21314146304
4,515.601,grad,21307889664
4,516.911,grad,21299757056
4,518.304,grad,21253554176
4,519.61,grad,21210234880
4,521.414,grad,21120780288
4,522.669,grad,21129031680
4,524.41,grad,21084810752
4,525.968,grad,21084810240
4,527.241,grad,21104012288
4,529.042,grad,21079927808
4,530.695,grad,21081011200
4,531.973,grad,21072878592
4,533.323,grad,21026675712
4,534.64,grad,21022153728
4,536.559,grad,20893967360
4,537.834,grad,20887538688
4,539.524,grad,20857997312
4,541.041,grad,20857997312
4,542.343,grad,20876871680
4,543.773,grad,20853114880
4,545.54,grad,20854198272
4,546.812,grad,20846065664
4,548.221,grad,20799862784
4,549.476,grad,20756543488
4,551.265,grad,20667088896
4,552.507,grad,20674947072
4,554.416,grad,20631119360
4,555.961,grad,20631118848
4,557.201,grad,20649862144
4,558.732,grad,20626236416
4,560.428,grad,20627319808
4,561.733,grad,20619187200
4,563.168,grad,20572984320
4,564.434,grad,20568462336
4,566.234,grad,20440275968
4,567.493,grad,20433847296
4,569.214,grad,20404305920
4,570.715,grad,20404305920
4,572.066,grad,20423180288
4,573.736,grad,20399423488
4,575.489,grad,20400506880
4,576.743,grad,20392374272
4,578.153,grad,20346171392
4,579.418,grad,20341649408
4,581.169,grad,20213397504
4,582.448,grad,20206968832
4,584.188,grad,20177427456
4,585.743,grad,20177427456
4,587.039,grad,20196236288
4,588.555,grad,20172545024
4,590.422,grad,20173628416
4,591.69,grad,20165430272
4,592.977,grad,20119292928
4,594.228,grad,20115164160
4,596.006,grad,19986584576
4,597.243,grad,19994442752
4,598.504,grad,19957955584
4,599.766,grad,19951663104
4,601.136,grad,19980498944
4,602.495,grad,19945240576
4,603.741,grad,19953072128
4,605.321,grad,19946815488
4,606.585,grad,19938682880
4,607.973,grad,19892480000
4,609.223,grad,19849160704
4,610.997,grad,19759706112
4,612.235,grad,19753277440
4,613.888,grad,19723736064
4,615.413,grad,19723736064
4,616.649,grad,19742544896
4,618.694,grad,19718853632
4,620.417,grad,19719937024
4,621.672,grad,19711804416
4,623.055,grad,19665601536
4,624.314,grad,19661472768
4,626.101,grad,19532827648
4,627.377,grad,19526398976
4,629.124,grad,19496857600
4,630.725,grad,19496857600
4,632.064,grad,19515731968
4,633.459,grad,19491975168
4,635.14,grad,19493058560
4,636.418,grad,19484925952
4,637.828,grad,19438723072
4,639.192,grad,19434201088
4,641.02,grad,19305949184
4,642.312,grad,19313807360
4,643.579,grad,19269979136
4,644.823,grad,19271027712
4,646.073,grad,19299339264
4,647.316,grad,19288919040
4,648.77,grad,19265096704
4,650.518,grad,19266180096
4,651.791,grad,19335642112
4,653.21,grad,19211844608
4,654.494,grad,19137068032
4,656.421,grad,19079070720
4,657.692,grad,19072642048
4,659.436,grad,19043100672
4,661.002,grad,19043100672
4,662.244,grad,19061909504
4,663.972,grad,19038218240
4,665.633,grad,19039301632
4,666.883,grad,19031169024
4,668.315,grad,18984966144
4,669.576,grad,18941646848
4,671.357,grad,18852192256
4,672.6,grad,18860443648
4,674.216,grad,18816222208
4,675.767,grad,18816222208
4,677.143,grad,18835096576
4,678.614,grad,18811339776
4,680.284,grad,18812423168
4,681.536,grad,18804290560
4,682.888,grad,18758087680
4,684.139,grad,18753565696
4,685.919,grad,18625313792
4,687.239,grad,18633171968
4,688.541,grad,18589344768
4,689.892,grad,18589343744
4,691.22,grad,18618769408
4,692.707,grad,18583969792
4,694.017,grad,18591801344
4,695.566,grad,18585544704
4,696.859,grad,18577412096
4,698.264,grad,18531209216
4,699.566,grad,18526687232
4,701.405,grad,18398435328
4,702.66,grad,18392006656
4,704.348,grad,18362465280
4,706.097,grad,18362465280
4,707.403,grad,18381274112
4,709.252,grad,18357582848
4,710.988,grad,18358666240
4,712.259,grad,18350533632
4,713.603,grad,18304330752
4,714.844,grad,18299808768
4,716.565,grad,18171622400
4,717.82,grad,18179873792
4,719.532,grad,18135652352
4,721.071,grad,18135652352
4,722.314,grad,18154461184
4,723.772,grad,18130769920
4,725.462,grad,18131853312
4,726.705,grad,18123720704
4,728.101,grad,18077517824
4,729.361,grad,17995401216
4,731.209,grad,17944743936
4,732.452,grad,17952602112
4,734.386,grad,17908774400
4,735.894,grad,17908773888
4,737.149,grad,17927582720
4,738.68,grad,17903891456
4,740.403,grad,17904974848
4,741.677,grad,17974436864
4,743.051,grad,17850639360
4,744.316,grad,17846510592
4,746.059,grad,17717931008
4,747.338,grad,17711502336
4,749.093,grad,17681961472
4,750.665,grad,17681960960
4,751.969,grad,17700769792
4,753.673,grad,17677078528
4,755.377,grad,17678161920
4,756.649,grad,17670029312
4,758.027,grad,17623826432
4,759.282,grad,17541709824
4,761.116,grad,17491052544
4,762.354,grad,17484623872
4,764.03,grad,17455082496
4,765.498,grad,17455082496
4,766.732,grad,17473891328
4,768.274,grad,17450200064
4,770.012,grad,17451283456
4,771.271,grad,17443150848
4,772.613,grad,17396947968
4,773.869,grad,17353628672
4,775.634,grad,17264174080
4,776.925,grad,17271966720
4,778.183,grad,17236708352
4,779.43,grad,17228204032
4,780.712,grad,17257564160
4,782.021,grad,17230170112
4,783.404,grad,17223321600
4,785.08,grad,17224404992
4,786.332,grad,17293867008
4,787.684,grad,17170069504
4,788.994,grad,17165547520
4,790.861,grad,17037295616
4,792.128,grad,17045547008
4,793.778,grad,17001326080
4,795.301,grad,17001325568
4,796.594,grad,17020199936
4,798.302,grad,16996443136
4,800.051,grad,16997526528
4,801.312,grad,17066988544
4,802.629,grad,16943191040
4,803.823,grad,16938669056
4,805.605,grad,16810417152
4,806.858,grad,16803988480
4,808.537,grad,16774447104
4,810.162,grad,16774447104
4,811.469,grad,16793321472
4,812.919,grad,16769564672
4,814.556,grad,16771565568
4,815.792,grad,16840110080
4,817.155,grad,16716312576
4,818.4,grad,16711790592
4,820.289,grad,16583538688
4,821.535,grad,16591396864
4,823.432,grad,16547568640
4,824.942,grad,16547568640
4,826.215,grad,16566443008
4,827.642,grad,16542686208
4,829.375,grad,16543769600
4,830.65,grad,16535636992
4,832.02,grad,16489434112
4,833.271,grad,16485305344
4,835.003,grad,16356725760
4,836.237,grad,16342957056
4,837.967,grad,16313415680
4,839.536,grad,16313153536
4,840.873,grad,16332093440
4,842.576,grad,16308271104
4,843.85,grad,16298342400
4,845.101,grad,16298342400
4,846.589,grad,16298341888
4,848.498,grad,16298341888
4,849.928,grad,16298341888
4,851.226,grad,16298341888
4,855.097,grad,16298341888
4,860.02,grad,16298341888
4,866.41,grad,16298350080
4,872.792,grad,16298350080
4,879.249,grad,16298350080
4,883.405,grad,16298350080
4,884.719,grad,16305827328
4,886.552,grad,16305956352
4,889.277,grad,16313296384
4,890.586,grad,16322733568
4,891.971,grad,16322733568
4,893.254,grad,16345917952
4,894.84,grad,16352274944
4,896.172,grad,16413489664
4,898.232,grad,16467491328
4,899.518,grad,16552491520
4,900.98,grad,16552491520
4,903.547,grad,16552495616
4,904.852,grad,16561932800
4,906.147,grad,16569272832
4,907.434,grad,16599797248
4,908.909,grad,16591474176
4,910.188,grad,16652361216
4,912.17,grad,16705904128
4,913.465,grad,16783564288
4,915.512,grad,16790908416
4,917.279,grad,16791023104
4,919.524,grad,16800345600
4,920.923,grad,16816189952
4,922.538,grad,16829886976
4,923.84,grad,16891167232
4,925.762,grad,16944710144
4,928.083,grad,17029710336
4,930.617,grad,17029714432
4,931.909,grad,17039151616
4,933.288,grad,17047540736
4,934.596,grad,17091761664
4,935.972,grad,17068692992
4,937.296,grad,17207174656
4,939.16,grad,17221920256
4,940.491,grad,17336280576
4,941.787,grad,17260783104
4,944.422,grad,17268241920
4,946.619,grad,17277564416
4,947.931,grad,17315428864
4,949.478,grad,17314445824
4,950.768,grad,17445587456
4,952.638,grad,17460333056
4,954.886,grad,17506535936
4,957.607,grad,17506540032
4,958.894,grad,17515977216
4,960.226,grad,17524366336
4,961.526,grad,17568587264
4,962.904,grad,17552858624
4,964.213,grad,17684000256
4,966.118,grad,17659948544
4,968.343,grad,17744948736
4,970.919,grad,17744952832
4,972.215,grad,17754390016
4,973.578,grad,17762779136
4,974.884,grad,17807000064
4,976.313,grad,17783931392
4,977.664,grad,17844818432
4,979.658,grad,17898361344
4,980.966,grad,17976021504
4,982.253,grad,17983365632
4,984.708,grad,17983480320
4,986.048,grad,17992802816
4,987.4,grad,18001191936
4,988.709,grad,18045412864
4,990.072,grad,18029684224
4,991.35,grad,18160825856
4,993.156,grad,18136774144
4,995.346,grad,18214434304
4,998.043,grad,18221778432
4,1000.255,grad,18231215616
4,1001.534,grad,18269080064
4,1002.934,grad,18260756992
4,1004.236,grad,18321644032
4,1006.148,grad,18413984256
4,1008.326,grad,18452847104
4,1010.954,grad,18460191232
4,1012.266,grad,18469628416
4,1013.577,grad,18469628416
4,1014.88,grad,18492812800
4,1016.568,grad,18506509824
4,1017.928,grad,18560056832
4,1019.933,grad,18613599744
4,1021.246,grad,18698599936
4,1022.543,grad,18698604032
4,1025.263,grad,18698718720
4,1026.587,grad,18708041216
4,1027.876,grad,18708041216
4,1029.154,grad,18731225600
4,1030.68,grad,18737582592
4,1031.99,grad,18798404096
4,1034.224,grad,18890809856
4,1036.5,grad,18937012736
4,1037.828,grad,18937016832
4,1039.297,grad,18937016832
4,1040.563,grad,18946454016
4,1041.842,grad,18954842624
4,1043.113,grad,18984384000
4,1044.434,grad,18975995392
4,1045.68,grad,19036882432
4,1047.584,grad,19090425344
4,1048.842,grad,19175425536
4,1050.136,grad,19175429632
4,1053.384,grad,19175429632
4,1054.676,grad,19184866816
4,1056.05,grad,19193255936
4,1057.308,grad,19237476864
4,1058.576,grad,19221748224
4,1059.868,grad,19275295232
4,1061.765,grad,19328838144
4,1064.025,grad,19406498304
4,1066.539,grad,19413842432
4,1068.763,grad,19423279616
4,1070.08,grad,19461144064
4,1071.63,grad,19452820992
4,1072.925,grad,19513708032
4,1074.907,grad,19567250944
4,1077.175,grad,19652251136
4,1079.776,grad,19652255232
4,1081.101,grad,19661692416
4,1082.512,grad,19670081536
4,1083.792,grad,19714302464
4,1085.142,grad,19691233792
4,1086.456,grad,19752120832
4,1088.365,grad,19805663744
4,1090.759,grad,19883323904
4,1093.371,grad,19890782720
4,1095.577,grad,19900105216
4,1096.883,grad,19937969664
4,1098.318,grad,19929646592
4,1099.61,grad,19990533632
4,1101.535,grad,20044076544
4,1102.842,grad,20129076736
4,1104.196,grad,20129080832
4,1106.611,grad,20129080832
4,1107.981,grad,20138518016
4,1109.295,grad,20138518016
4,1110.558,grad,20176382464
4,1111.999,grad,20168059392
4,1113.271,grad,20228946432
4,1115.23,grad,20282489344
4,1117.415,grad,20360149504
4,1119.927,grad,20367493632
4,1122.11,grad,20376930816
4,1123.389,grad,20414795264
4,1124.762,grad,20406472192
4,1126.052,grad,20452613632
4,1128.155,grad,20520902144
4,1130.395,grad,20598562304
4,1132.911,grad,20605906432
4,1134.218,grad,20615343616
4,1135.585,grad,20623732736
4,1136.891,grad,20667953664
4,1138.22,grad,20644884992
4,1139.473,grad,20705772032
4,1141.346,grad,20759314944
4,1143.726,grad,20844315136
4,1145.069,grad,20844319232
4,1146.532,grad,20844319232
4,1148.748,grad,20853756416
4,1150.14,grad,20891620864
4,1151.589,grad,20883297792
4,1152.873,grad,20944184832
4,1154.78,grad,20997727744
4,1157.011,grad,21075387904
4,1159.563,grad,21082732032
4,1160.828,grad,21092169216
4,1162.126,grad,21092169216
4,1163.453,grad,21130033664
4,1164.93,grad,21121710592
4,1166.226,grad,21182597632
4,1168.156,grad,21236140544
4,1169.45,grad,21321140736
4,1170.771,grad,21321144832
4,1173.278,grad,21321144832
4,1174.577,grad,21330582016
4,1175.968,grad,21338971136
4,1177.242,grad,21383192064
4,1178.553,grad,21360123392
4,1179.874,grad,21421010432
4,1181.942,grad,21474553344
4,1184.164,grad,21552213504
4,1186.692,grad,21559557632
4,1187.991,grad,21568994816
4,1189.364,grad,21577383936
4,1190.642,grad,21606924800
4,1191.951,grad,21598536192
4,1193.234,grad,21659423232
4,1195.287,grad,21712966144
4,1197.547,grad,21797966336
4,1200.295,grad,21797970432
4,1201.581,grad,21807407616
4,1202.869,grad,21807407616
4,1204.167,grad,21830592000
4,1205.724,grad,21836948992
4,1207.063,grad,21897836032
4,1208.962,grad,21951378944
4,1210.28,grad,22029039104
4,1211.599,grad,22036383232
4,1214.041,grad,22036383232
4,1215.318,grad,22045820416
4,1216.667,grad,22054209536
4,1218.161,grad,22083750400
4,1219.476,grad,22075361792
4,1220.742,grad,22136248832
4,1222.646,grad,22189791744
4,1224.816,grad,22267451904
4,1227.397,grad,22274796032
4,1228.666,grad,22284233216
4,1230.03,grad,22292622336
4,1231.315,grad,22322163200
4,1232.572,grad,22313774592
4,1233.82,grad,22374661632
4,1235.92,grad,22428204544
4,1238.133,grad,22505864704
4,1240.664,grad,22513208832
4,1241.964,grad,22522646016
4,1243.323,grad,22531035136
4,1244.584,grad,22575256064
4,1245.867,grad,22552187392
4,1247.157,grad,22613074432
4,1249.042,grad,22666617344
4,1251.212,grad,22744277504
4,1253.941,grad,22751621632
4,1255.206,grad,22761058816
4,1256.529,grad,22769447936
4,1257.775,grad,22813668864
4,1259.054,grad,22790600192
4,1260.307,grad,22851487232
4,1262.187,grad,22905030144
4,1264.135,grad,22982690304
4,1265.424,grad,23916980224
4,1266.692,grad,23916998144
4,1269.436,grad,23909641216
4,1270.748,grad,23598214656
4,1272.068,grad,23598214656
4,1273.386,grad,23598214656
4,1275.065,grad,24221070336
4,1276.723,grad,22986879488
4,1278.087,grad,22986283520
4,1279.365,grad,22940080640
4,1280.911,grad,22940080640
4,1282.218,grad,22896761344
4,1284.154,grad,22807306752
4,1285.456,grad,22815558144
4,1287.265,grad,22771336704
4,1288.971,grad,22771336704
4,1290.369,grad,22790211072
4,1291.918,grad,22766454272
4,1293.728,grad,22768061952
4,1295.047,grad,22759405056
4,1296.456,grad,22713202176
4,1297.749,grad,22708680192
4,1299.617,grad,22580428288
4,1300.935,grad,22573999616
4,1302.725,grad,22544458240
4,1304.546,grad,22544458240
4,1305.837,grad,22563267072
4,1307.378,grad,22539575808
4,1309.115,grad,22541576704
4,1310.355,grad,22532526592
4,1311.592,grad,22486323712
4,1312.84,grad,22443004416
4,1314.102,grad,22353615360
4,1315.383,grad,22360955392
4,1316.634,grad,22332441088
4,1317.895,grad,22317645312
4,1319.431,grad,22317645312
4,1320.673,grad,22336388608
4,1322.247,grad,22312762880
4,1323.987,grad,22313846272
4,1325.238,grad,22383373824
4,1326.777,grad,22259576320
4,1328.109,grad,22216257024
4,1329.994,grad,22127195648
4,1331.257,grad,22120766976
4,1332.975,grad,22091225600
4,1334.48,grad,22091225600
4,1335.758,grad,22110099968
4,1337.194,grad,22086343168
4,1338.858,grad,22087426560
4,1340.138,grad,22079293952
4,1341.53,grad,22033091072
4,1342.777,grad,22028962304
4,1344.596,grad,21900710400
4,1345.855,grad,21908961792
4,1347.457,grad,21864740352
4,1348.992,grad,21864740352
4,1350.232,grad,21883155968
4,1352.085,grad,21859857920
4,1353.947,grad,21860941312
4,1355.212,grad,21891933696
4,1356.49,grad,21768201728
4,1357.751,grad,21802477056
4,1359.436,grad,21674618368
4,1360.689,grad,21668189696
4,1362.441,grad,21638648832
4,1364.028,grad,21638648320
4,1365.315,grad,21657522688
4,1366.711,grad,21633765888
4,1368.39,grad,21634849280
4,1369.656,grad,21626716672
4,1371.177,grad,21580513792
4,1372.471,grad,21537587712
4,1374.622,grad,21448133120
4,1375.956,grad,21456384512
4,1377.616,grad,21412163584
4,1379.124,grad,21412163072
4,1380.414,grad,21430906368
4,1382.055,grad,21407280640
4,1383.783,grad,21408364032
4,1385.111,grad,21400231424
4,1386.496,grad,21354028544
4,1387.748,grad,21349572096
4,1389.472,grad,21221320192
4,1390.743,grad,21214891520
4,1392.452,grad,21185350144
4,1394.093,grad,21185350144
4,1395.412,grad,21204224512
4,1397.105,grad,21180467712
4,1398.828,grad,21181551104
4,1400.15,grad,21173418496
4,1401.528,grad,21127215616
4,1402.783,grad,21122693632
4,1404.635,grad,21001781760
4,1405.97,grad,20987947520
4,1407.544,grad,20958472192
4,1409.066,grad,20958471680
4,1410.304,grad,20977280512
4,1411.875,grad,20953589248
4,1413.522,grad,20954672640
4,1414.786,grad,21024134656
4,1416.142,grad,20900337152
4,1417.396,grad,20895815168
4,1419.112,grad,20767628800
4,1420.35,grad,20775486976
4,1421.597,grad,20731658752
4,1422.853,grad,20731658752
4,1424.114,grad,20761018880
4,1425.624,grad,20726284800
4,1426.897,grad,20734116352
4,1428.435,grad,20727859712
4,1429.711,grad,20719727104
4,1430.998,grad,20673524224
4,1432.246,grad,20630204928
4,1433.484,grad,20540750336
4,1434.764,grad,20548090368
4,1436.061,grad,20519576064
4,1437.403,grad,20504780800
4,1438.766,grad,20504780288
4,1440.049,grad,20523982336
4,1441.975,grad,20499897856
4,1443.627,grad,20500981248
4,1444.923,grad,20492848640
4,1446.282,grad,20446645760
4,1447.53,grad,20442123776
4,1449.276,grad,20313937408
4,1450.563,grad,20307508736
4,1452.317,grad,20277967872
4,1453.841,grad,20277967360
4,1455.166,grad,20296776192
4,1456.682,grad,20273084928
4,1458.341,grad,20274168320
4,1459.612,grad,20343564800
4,1461.017,grad,20219832832
4,1462.278,grad,20215310848
4,1464.277,grad,20087452160
4,1465.568,grad,20095310336
4,1466.828,grad,20051482112
4,1468.092,grad,20052530688
4,1469.399,grad,20080907776
4,1470.68,grad,20070422016
4,1472.17,grad,20046599680
4,1473.921,grad,20047683072
4,1475.268,grad,20039550464
4,1476.691,grad,19993347584
4,1477.986,grad,19988825600
4,1479.716,grad,19860573696
4,1481.064,grad,19854145024
4,1482.762,grad,19824603648
4,1484.338,grad,19824603648
4,1485.699,grad,19843478016
4,1487.378,grad,19819721216
4,1489.208,grad,19820804608
4,1490.502,grad,19812606464
4,1491.838,grad,19766469120
4,1493.152,grad,19684352512
4,1495.063,grad,19633695232
4,1496.318,grad,19641946624
4,1497.959,grad,19597725184
4,1499.454,grad,19597725184
4,1500.711,grad,19616534016
4,1502.253,grad,19592842752
4,1503.969,grad,19593926144
4,1505.261,grad,19585793536
4,1506.619,grad,19539590656
4,1507.866,grad,19535068672
4,1509.582,grad,19406816768
4,1510.825,grad,19414609408
4,1512.097,grad,19379351040
4,1513.368,grad,19370846720
4,1514.626,grad,19400206848
4,1516.221,grad,19365472768
4,1517.502,grad,19373337088
4,1519.002,grad,19367047680
4,1520.274,grad,19436509696
4,1521.634,grad,19312712192
4,1522.831,grad,19237935616
4,1524.743,grad,19179938304
4,1526.032,grad,19173509632
4,1527.724,grad,19143968768
4,1529.271,grad,19143968256
4,1530.594,grad,19162842624
4,1532.33,grad,19139085824
4,1534.068,grad,19140169216
4,1535.345,grad,19132036608
4,1536.704,grad,19085833728
4,1537.986,grad,19081311744
4,1539.712,grad,18953059840
4,1541.027,grad,18946631168
4,1542.762,grad,18917090304
4,1544.309,grad,18917089792
4,1545.564,grad,18935898624
4,1547.082,grad,18912207360
4,1548.722,grad,18913290752
4,1549.998,grad,18905158144
4,1551.407,grad,18858955264
4,1552.668,grad,18815635968
4,1554.516,grad,18726246912
4,1555.772,grad,18733580800
4,1557.055,grad,18714575360
4,1558.407,grad,18690276864
4,1559.681,grad,18719636992
4,1560.957,grad,18709151232
4,1562.389,grad,18685394432
4,1564.24,grad,18686477824
4,1565.511,grad,18678279680
4,1566.829,grad,18632142336
4,1568.138,grad,18588823040
4,1570.028,grad,18499433984
4,1571.325,grad,18493070848
4,1573.138,grad,18463464448
4,1574.739,grad,18463529472
4,1576.154,grad,18482272768
4,1578.05,grad,18458647040
4,1579.773,grad,18459664896
4,1581.225,grad,18451532288
4,1582.692,grad,18405329408
4,1584.057,grad,18330552832
4,1585.355,grad,18280024576
4,1586.762,grad,18280026624
4,1588.099,grad,18251512320
4,1589.431,grad,18236716544
4,1591.05,grad,18236716544
4,1592.411,grad,18255459840
4,1594.133,grad,18231834112
4,1596.076,grad,18232917504
4,1597.341,grad,18224719360
4,1598.623,grad,18178582016
4,1599.91,grad,18096465408
4,1601.967,grad,18053148160
4,1603.28,grad,18053600768
4,1604.56,grad,18034071040
4,1606.016,grad,18009838080
4,1607.323,grad,18024518144
4,1608.654,grad,18028712448
4,1610.152,grad,18004955648
4,1612.032,grad,18006039040
4,1613.398,grad,17997906432
4,1614.702,grad,17951703552
4,1616.049,grad,17915724288
4,1617.331,grad,17857790464
4,1618.844,grad,17826335232
4,1620.2,grad,17797820928
4,1621.513,grad,17783025152
4,1623.241,grad,17797705216
4,1624.537,grad,17801833984
4,1626.463,grad,17778142720
4,1628.392,grad,17779226112
4,1629.687,grad,17771027968
4,1631.029,grad,17724890624
4,1632.303,grad,17650114048
4,1633.559,grad,17592182272
4,1634.876,grad,17599522304
4,1636.151,grad,17571008000
4,1637.422,grad,17556212224
4,1638.975,grad,17556212224
4,1640.276,grad,17575086592
4,1641.763,grad,17551329792
4,1643.704,grad,17552413184
4,1645.016,grad,17544215040
4,1646.314,grad,17498077696
4,1647.585,grad,17493555712
4,1649.435,grad,17365369344
4,1650.712,grad,17373227520
4,1651.999,grad,17362020864
4,1653.351,grad,17329399296
4,1654.673,grad,17329399296
4,1655.989,grad,17348208128
4,1657.524,grad,17324516864
4,1659.229,grad,17325600256
4,1660.474,grad,17317467648
4,1661.886,grad,17271264768
4,1663.155,grad,17189148160
4,1665.139,grad,17138163200
4,1666.443,grad,17131734528
4,1668.225,grad,17102193152
4,1669.779,grad,17102193152
4,1671.164,grad,17121133056
4,1672.936,grad,17097310720
4,1674.673,grad,17098394112
4,1676.003,grad,17090261504
4,1677.303,grad,17044058624
4,1678.571,grad,17008079360
4,1679.868,grad,16911284736
4,1681.118,grad,16918624768
4,1682.4,grad,16890110464
4,1683.738,grad,16875314688
4,1685.41,grad,16875314688
4,1686.724,grad,16894189056
4,1688.342,grad,16870432256
4,1690.218,grad,16871515648
4,1691.517,grad,16863317504
4,1692.941,grad,16817180160
4,1694.242,grad,16734670336
4,1696.162,grad,16683619840
4,1697.445,grad,16684072448
4,1698.711,grad,16672931328
4,1700.059,grad,16640309760
4,1701.316,grad,16654727680
4,1702.562,grad,16658921984
4,1704.096,grad,16635165184
4,1705.359,grad,16625236480
4,1706.608,grad,16625236480
4,1707.851,grad,16625236480
4,1710.385,grad,16625235968
4,1711.825,grad,16625235968
4,1713.264,grad,16625235968
4,1717.266,grad,16625235968
4,1722.008,grad,16625236992
4,1728.418,grad,16625244160
4,1734.837,grad,16625244160
4,1741.24,grad,16625244160
4,1746.204,grad,16625244160
4,1747.522,grad,16632721408
4,1749.442,grad,16632850432
4,1752.258,grad,16640305152
4,1753.59,grad,16649627648
4,1754.92,grad,16649627648
4,1756.207,grad,16665472000
4,1758.022,grad,16679169024
4,1759.326,grad,16739990528
4,1760.589,grad,16832396288
4,1761.872,grad,16832789504
4,1764.068,grad,16871259136
4,1767.436,grad,16878603264
4,1768.739,grad,16888040448
4,1770.053,grad,16888040448
4,1771.341,grad,16903884800
4,1773.039,grad,16917581824
4,1774.371,grad,16978796544
4,1775.701,grad,17110392832
4,1777.183,grad,17071595520
4,1779.225,grad,17110458368
4,1781.852,grad,17117802496
4,1783.17,grad,17127239680
4,1784.469,grad,17127239680
4,1785.789,grad,17143084032
4,1787.733,grad,17156781056
4,1789.051,grad,17217602560
4,1790.347,grad,17348805632
4,1791.731,grad,17310008320
4,1793.907,grad,17356211200
4,1796.657,grad,17356329984
4,1797.999,grad,17365652480
4,1799.381,grad,17374041600
4,1800.672,grad,17403582464
4,1802.025,grad,17395193856
4,1803.306,grad,17456015360
4,1805.321,grad,17509623808
4,1806.599,grad,17648101376
4,1808.038,grad,17587283968
4,1810.628,grad,17594742784
4,1811.968,grad,17604065280
4,1813.37,grad,17612454400
4,1814.651,grad,17656675328
4,1815.993,grad,17633606656
4,1817.293,grad,17694886912
4,1819.255,grad,17787227136
4,1821.504,grad,17833430016
4,1824.453,grad,17833548800
4,1825.776,grad,17842871296
4,1827.102,grad,17851259904
4,1828.383,grad,17880735744
4,1829.956,grad,17872412672
4,1831.249,grad,17933234176
4,1832.619,grad,18142031872
4,1834.011,grad,18025639936
4,1836.263,grad,18064502784
4,1838.912,grad,18071846912
4,1840.234,grad,18081284096
4,1841.54,grad,18081284096
4,1842.827,grad,18104468480
4,1844.438,grad,18110825472
4,1845.723,grad,18118169600
4,1847.079,grad,18302850048
4,1848.35,grad,18225255424
4,1849.638,grad,18302915584
4,1850.935,grad,18310255616
4,1852.229,grad,18310259712
4,1853.759,grad,18310259712
4,1855.075,grad,18319696896
4,1856.371,grad,18327036928
4,1857.68,grad,18357561344
4,1859.232,grad,18349238272
4,1860.525,grad,18410059776
4,1862.732,grad,18502465536
4,1864.966,grad,18541328384
4,1866.294,grad,18548672512
4,1868.063,grad,18548672512
4,1869.367,grad,18558109696
4,1870.699,grad,18558109696
4,1872.011,grad,18595974144
4,1873.586,grad,18594991104
4,1874.882,grad,18648538112
4,1876.927,grad,18702081024
4,1878.226,grad,18833218560
4,1879.498,grad,18779741184
4,1882.137,grad,18787085312
4,1883.436,grad,18796522496
4,1884.891,grad,18796522496
4,1886.23,grad,18819706880
4,1887.917,grad,18826063872
4,1889.232,grad,18886885376
4,1891.289,grad,18940493824
4,1893.473,grad,19018153984
4,1896.142,grad,19025498112
4,1897.449,grad,19034935296
4,1898.857,grad,19043324416
4,1900.167,grad,19087545344
4,1901.488,grad,19064476672
4,1902.765,grad,19202958336
4,1904.79,grad,19178906624
4,1906.972,grad,19256566784
4,1909.564,grad,19264025600
4,1911.759,grad,19273348096
4,1913.13,grad,19296532480
4,1914.652,grad,19302889472
4,1915.958,grad,19363776512
4,1917.921,grad,19417319424
4,1919.256,grad,19494979584
4,1921.336,grad,19502323712
4,1923.261,grad,19502323712
4,1924.564,grad,19511760896
4,1925.872,grad,19511760896
4,1927.15,grad,19549625344
4,1928.609,grad,19541302272
4,1929.924,grad,19602189312
4,1931.861,grad,19694529536
4,1934.21,grad,19740732416
4,1936.743,grad,19740736512
4,1938.057,grad,19750173696
4,1939.44,grad,19758562816
4,1940.716,grad,19788038144
4,1942.226,grad,19779715072
4,1943.542,grad,19840602112
4,1945.482,grad,19894145024
4,1947.734,grad,19971805184
4,1950.456,grad,19979149312
4,1951.769,grad,19988586496
4,1953.153,grad,19996975616
4,1954.45,grad,20026516480
4,1955.747,grad,20018127872
4,1957.085,grad,20078949376
4,1959.163,grad,20132557824
4,1961.636,grad,20217558016
4,1964.228,grad,20217562112
4,1965.512,grad,20226999296
4,1966.914,grad,20235388416
4,1968.226,grad,20264929280
4,1969.561,grad,20256540672
4,1970.87,grad,20317427712
4,1972.867,grad,20370970624
4,1975.152,grad,20448630784
4,1977.972,grad,20455974912
4,1980.273,grad,20465412096
4,1981.615,grad,20503276544
4,1983.173,grad,20502293504
4,1984.478,grad,20555840512
4,1986.46,grad,20609383424
4,1988.67,grad,20687043584
4,1991.27,grad,20694387712
4,1992.563,grad,20703824896
4,1993.911,grad,20712214016
4,1996.161,grad,20741754880
4,1997.475,grad,20733366272
4,1998.818,grad,20794253312
4,2000.765,grad,20847796224
4,2003.066,grad,20925456384
4,2005.705,grad,20932800512
4,2007.017,grad,20942237696
4,2008.398,grad,20950626816
4,2009.691,grad,20994847744
4,2011.055,grad,20971779072
4,2012.34,grad,21032666112
4,2014.475,grad,21086209024
4,2016.791,grad,21163869184
4,2019.405,grad,21171328000
4,2021.653,grad,21180650496
4,2023.0,grad,21218514944
4,2024.459,grad,21210191872
4,2025.783,grad,21271078912
4,2027.754,grad,21324621824
4,2029.079,grad,21409622016
4,2031.196,grad,21409626112
4,2033.093,grad,21409626112
4,2034.387,grad,21419063296
4,2035.764,grad,21427452416
4,2037.065,grad,21471673344
4,2038.384,grad,21448604672
4,2039.67,grad,21587086336
4,2041.511,grad,21563034624
4,2043.695,grad,21640694784
4,2046.26,grad,21648038912
4,2047.58,grad,21657476096
4,2048.924,grad,21657476096
4,2050.285,grad,21673320448
4,2052.16,grad,21687017472
4,2053.463,grad,21747904512
4,2055.428,grad,21801447424
4,2057.675,grad,21879107584
4,2060.379,grad,21886451712
4,2061.687,grad,21895888896
4,2063.12,grad,21904278016
4,2064.417,grad,21948498944
4,2065.752,grad,21925430272
4,2067.075,grad,21986317312
4,2068.982,grad,22039860224
4,2071.391,grad,22117520384
4,2074.023,grad,22124864512
4,2076.275,grad,22134301696
4,2077.592,grad,22172166144
4,2079.056,grad,22163843072
4,2080.34,grad,22224664576
4,2082.36,grad,22278273024
4,2083.63,grad,22363273216
4,2084.906,grad,22363273216
4,2087.662,grad,22363277312
4,2088.968,grad,22372714496
4,2090.246,grad,22372714496
4,2091.528,grad,22410578944
4,2093.026,grad,22402255872
4,2094.301,grad,22463142912
4,2096.329,grad,22516685824
4,2098.562,grad,22601686016
4,2101.132,grad,22601690112
4,2102.409,grad,22611127296
4,2103.727,grad,22619516416
4,2105.213,grad,22649057280
4,2106.512,grad,22640668672
4,2107.772,grad,22701555712
4,2109.721,grad,22755098624
4,2111.983,grad,22840098816
4,2113.272,grad,22840102912
4,2114.711,grad,22840102912
4,2116.008,grad,22849540096
4,2117.294,grad,22856880128
4,2118.62,grad,22887470080
4,2120.14,grad,22879081472
4,2121.414,grad,22939968512
4,2123.694,grad,22993511424
4,2125.064,grad,23124648960
4,2126.382,grad,23071171584
4,2129.064,grad,23078515712
4,2130.365,grad,23087952896
4,2131.73,grad,23087952896
4,2133.116,grad,23112185856
4,2134.866,grad,23125882880
4,2136.16,grad,23179429888
4,2138.288,grad,23232972800
4,2139.571,grad,23364110336
4,2140.839,grad,23317977088
4,2142.701,grad,24244922880
4,2144.027,grad,24244936192
4,2146.501,grad,24237583872
4,2147.794,grad,23926157312
4,2149.074,grad,23926157312
4,2150.335,grad,23926157312
4,2151.973,grad,23926158848
4,2153.66,grad,23314822144
4,2155.012,grad,23313898496
4,2156.313,grad,23267695616
4,2157.634,grad,23239941120
4,2158.947,grad,23143144448
4,2160.438,grad,23143146496
4,2161.747,grad,23114632192
4,2163.146,grad,23098787840
4,2164.732,grad,23098787840
4,2166.078,grad,23118579712
4,2167.719,grad,23093905408
4,2169.494,grad,23095513088
4,2170.834,grad,23099111424
4,2172.31,grad,23040653312
4,2173.614,grad,23004674048
4,2174.922,grad,22954080256
4,2176.415,grad,22915284992
4,2177.735,grad,22886770688
4,2179.169,grad,22871974912
4,2180.836,grad,22871974912
4,2182.184,grad,22890849280
4,2183.651,grad,22867092480
4,2185.494,grad,22868175872
4,2186.806,grad,22859977728
4,2188.2,grad,22813840384
4,2189.512,grad,22770914304
4,2191.413,grad,22681459712
4,2192.697,grad,22689711104
4,2194.657,grad,22645489664
4,2196.281,grad,22645489664
4,2197.565,grad,22664232960
4,2199.228,grad,22640607232
4,2201.131,grad,22641690624
4,2202.425,grad,22633492480
4,2203.763,grad,22587355136
4,2205.066,grad,22582833152
4,2206.909,grad,22454646784
4,2208.209,grad,22448218112
4,2209.946,grad,22418676736
4,2211.51,grad,22418676736
4,2212.796,grad,22437551104
4,2214.277,grad,22413794304
4,2216.342,grad,22414877696
4,2217.652,grad,22406679552
4,2219.052,grad,22360542208
4,2220.334,grad,22317222912
4,2222.288,grad,22227768320
4,2223.579,grad,22236019712
4,2225.269,grad,22191798272
4,2226.881,grad,22191798272
4,2228.15,grad,22210607104
4,2229.767,grad,22186915840
4,2231.687,grad,22187999232
4,2232.989,grad,22218598400
4,2234.29,grad,22094866432
4,2235.701,grad,22131566592
4,2237.362,grad,22000889856
4,2238.682,grad,21994461184
4,2240.507,grad,21964919808
4,2241.819,grad,21964919808
4,2243.103,grad,21979599872
4,2244.384,grad,21969114112
4,2245.762,grad,21960037376
4,2247.621,grad,21961120768
4,2248.838,grad,22030582784
4,2250.202,grad,21906785280
4,2251.459,grad,21824668672
4,2253.284,grad,21774076928
4,2254.552,grad,21782328320
4,2256.187,grad,21738106880
4,2257.765,grad,21738106880
4,2259.052,grad,21757308928
4,2260.625,grad,21733224448
4,2262.347,grad,21734307840
4,2263.649,grad,21738496000
4,2265.058,grad,21679972352
4,2266.344,grad,21651333120
4,2267.633,grad,21593333760
4,2268.838,grad,21554538496
4,2270.126,grad,21548044288
4,2271.734,grad,21511228416
4,2273.29,grad,21511228416
4,2274.651,grad,21530102784
4,2276.101,grad,21506345984
4,2277.982,grad,21507429376
4,2279.286,grad,21499231232
4,2280.572,grad,21453093888
4,2281.879,grad,21409774592
4,2283.7,grad,21320320000
4,2285.038,grad,21313891328
4,2286.71,grad,21284349952
4,2288.646,grad,21299030016
4,2289.969,grad,21303289856
4,2291.433,grad,21279467520
4,2293.158,grad,21280550912
4,2294.477,grad,21350012928
4,2295.837,grad,21226215424
4,2297.101,grad,21182896128
4,2298.998,grad,21093441536
4,2300.277,grad,21101692928
4,2302.006,grad,21057471488
4,2303.544,grad,21057471488
4,2304.839,grad,21076345856
4,2306.277,grad,21052589056
4,2308.019,grad,21054589952
4,2309.362,grad,21057795072
4,2310.86,grad,20999336960
4,2312.177,grad,20978103296
4,2313.43,grad,20920038400
4,2314.724,grad,20873903104
4,2316.041,grad,20860068864
4,2317.67,grad,20830593024
4,2319.26,grad,20830593024
4,2320.524,grad,20849401856
4,2322.143,grad,20825710592
4,2323.775,grad,20826793984
4,2325.056,grad,20818661376
4,2326.412,grad,20772458496
4,2327.669,grad,20767936512
4,2329.573,grad,20639684608
4,2330.839,grad,20633255936
4,2332.563,grad,20603714560
4,2334.348,grad,20603714560
4,2335.638,grad,20622588928
4,2337.087,grad,20598832128
4,2338.779,grad,20599915520
4,2340.107,grad,20591782912
4,2341.5,grad,20545580032
4,2342.766,grad,20502260736
4,2344.574,grad,20412806144
4,2345.834,grad,20406377472
4,2347.546,grad,20376836096
4,2349.124,grad,20376836096
4,2350.396,grad,20395644928
4,2351.949,grad,20371953664
4,2353.847,grad,20373037056
4,2355.121,grad,20442499072
4,2356.444,grad,20318701568
4,2357.698,grad,20314179584
4,2359.588,grad,20185993216
4,2360.865,grad,20179564544
4,2362.574,grad,20150023168
4,2364.118,grad,20150023168
4,2365.392,grad,20168897536
4,2366.786,grad,20145140736
4,2368.526,grad,20146224128
4,2369.828,grad,20138091520
4,2371.274,grad,20091888640
4,2372.531,grad,20087366656
4,2374.377,grad,19959114752
4,2375.631,grad,19967366144
4,2377.305,grad,19923144704
4,2379.143,grad,19923144704
4,2380.402,grad,19942346752
4,2382.03,grad,19918262272
4,2383.694,grad,19920328704
4,2384.969,grad,19911213056
4,2386.334,grad,19865010176
4,2387.586,grad,19860488192
4,2389.373,grad,19732236288
4,2390.665,grad,19725807616
4,2392.438,grad,19696266752
4,2393.971,grad,19696266240
4,2395.269,grad,19715140608
4,2396.683,grad,19691383808
4,2398.657,grad,19692467200
4,2400.032,grad,19684334592
4,2401.404,grad,19638131712
4,2402.693,grad,19594812416
4,2404.597,grad,19505423360
4,2405.948,grad,19498994688
4,2407.683,grad,19469453312
4,2409.35,grad,19469453312
4,2410.628,grad,19488262144
4,2412.289,grad,19464570880
4,2414.06,grad,19465654272
4,2415.35,grad,19457521664
4,2416.708,grad,19411318784
4,2418.02,grad,19406796800
4,2419.95,grad,19278544896
4,2421.274,grad,19272116224
4,2423.085,grad,19242574848
4,2424.953,grad,19242574848
4,2426.318,grad,19261449216
4,2427.772,grad,19237692416
4,2429.578,grad,19238775808
4,2430.944,grad,19230643200
4,2432.372,grad,19184440320
4,2433.672,grad,19141121024
4,2435.531,grad,19051666432
4,2436.832,grad,19045237760
4,2438.588,grad,19015696384
4,2440.206,grad,19015696384
4,2441.486,grad,19034439680
4,2443.137,grad,19010813952
4,2445.087,grad,19011897344
4,2446.368,grad,19003764736
4,2447.733,grad,18957561856
4,2449.028,grad,18882785280
4,2450.279,grad,18824853504
4,2451.556,grad,18832193536
4,2452.859,grad,18818359296
4,2454.289,grad,18788883456
4,2455.809,grad,18788883456
4,2457.141,grad,18807757824
4,2458.604,grad,18784001024
4,2460.308,grad,18785084416
4,2461.553,grad,18776951808
4,2463.0,grad,18730748928
4,2464.291,grad,18726226944
4,2466.167,grad,18598040576
4,2467.452,grad,18606291968
4,2469.215,grad,18562071040
4,2471.081,grad,18562070528
4,2472.432,grad,18580944896
4,2473.954,grad,18557188096
4,2475.825,grad,18558271488
4,2477.131,grad,18550073344
4,2478.469,grad,18503936000
4,2479.757,grad,18499414016
4,2481.073,grad,18371227648
4,2482.345,grad,18371225600
4,2483.651,grad,18350053376
4,2484.945,grad,18335257600
4,2486.51,grad,18335257600
4,2487.876,grad,18354131968
4,2489.426,grad,18330375168
4,2491.473,grad,18331458560
4,2492.784,grad,18323325952
4,2494.125,grad,18277123072
4,2495.421,grad,18241143808
4,2496.758,grad,18144414720
4,2498.112,grad,18144412672
4,2499.393,grad,18123240448
4,2500.686,grad,18108445184
4,2502.25,grad,18108444672
4,2503.527,grad,18127253504
4,2505.136,grad,18103562240
4,2506.782,grad,18104645632
4,2508.069,grad,18096513024
4,2509.495,grad,18050310144
4,2510.762,grad,18006990848
4,2512.66,grad,17917143040
4,2514.009,grad,17910714368
4,2516.118,grad,17881173504
4,2517.69,grad,17881172992
4,2519.048,grad,17900047360
4,2520.526,grad,17876290560
4,2522.41,grad,17877373952
4,2523.728,grad,17869175808
4,2525.123,grad,17823038464
4,2526.431,grad,17818516480
4,2528.304,grad,17697604608
4,2529.619,grad,17698515968
4,2531.397,grad,17654294528
4,2532.998,grad,17654294528
4,2534.287,grad,17673168896
4,2535.889,grad,17649412096
4,2537.992,grad,17650495488
4,2539.31,grad,17642297344
4,2540.616,grad,17596160000
4,2541.89,grad,17521383424
4,2543.785,grad,17463451648
4,2545.079,grad,17457022976
4,2546.735,grad,17427481600
4,2548.299,grad,17427481600
4,2549.579,grad,17446355968
4,2551.121,grad,17422599168
4,2552.813,grad,17423682560
4,2554.17,grad,17415549952
4,2555.513,grad,17369347072
4,2556.762,grad,17364038656
4,2558.503,grad,17235786752
4,2559.755,grad,17229358080
4,2561.495,grad,17199816704
4,2563.299,grad,17199816704
4,2564.573,grad,17218625536
4,2566.111,grad,17194934272
4,2567.753,grad,17196017664
4,2569.05,grad,17187885056
4,2570.444,grad,17142075392
4,2571.694,grad,17137160192
4,2573.594,grad,17008973824
4,2574.852,grad,16995205120
4,2576.528,grad,16965663744
4,2578.091,grad,16965401600
4,2579.407,grad,16984275968
4,2581.026,grad,16960519168
4,2582.279,grad,16950590464
4,2583.525,grad,16950590464
4,2584.783,grad,16950590464
4,2587.274,grad,16950589952
4,2588.649,grad,16950589952
4,2590.008,grad,16950589952
4,2594.118,grad,16950589952
4,2598.72,grad,16950590976
4,2605.173,grad,16950598144
4,2611.556,grad,16950598144
4,2617.995,grad,16950598144
4,2622.199,grad,16950598144
4,2623.519,grad,16958337536
4,2625.218,grad,16958204416
4,2627.881,grad,16965544448
4,2629.166,grad,16974981632
4,2630.448,grad,16974981632
4,2631.742,grad,16998166016
4,2633.309,grad,17004523008
4,2634.568,grad,17065344512
4,2636.543,grad,17118952960
4,2637.812,grad,17196613120
4,2639.235,grad,17196613120
4,2641.778,grad,17203957248
4,2643.07,grad,17213394432
4,2644.427,grad,17221783552
4,2645.701,grad,17266004480
4,2647.042,grad,17242935808
4,2648.303,grad,17303822848
4,2650.214,grad,17357365760
4,2651.493,grad,17442365952
4,2652.777,grad,17442370048
4,2655.338,grad,17442484736
4,2658.018,grad,17451807232
4,2659.465,grad,17474991616
4,2661.184,grad,17481348608
4,2662.636,grad,17542563328
4,2664.845,grad,17596564992
4,2666.265,grad,17735042560
4,2667.775,grad,17681569280
4,2670.374,grad,17681569280
4,2671.742,grad,17691006464
4,2673.11,grad,17691006464
4,2674.428,grad,17714190848
4,2676.098,grad,17720547840
4,2677.462,grad,17781434880
4,2679.726,grad,17834977792
4,2681.258,grad,17988135424
4,2682.655,grad,17912637952
4,2685.316,grad,17919982080
4,2686.598,grad,17929419264
4,2687.927,grad,17929419264
4,2689.25,grad,17952603648
4,2690.932,grad,17958960640
4,2692.233,grad,18019782144
4,2693.524,grad,18112187904
4,2695.008,grad,18112187904
4,2696.985,grad,18151050752
4,2699.779,grad,18158394880
4,2701.08,grad,18167832064
4,2702.464,grad,18176221184
4,2703.728,grad,18205762048
4,2705.045,grad,18197373440
4,2706.348,grad,18258194944
4,2708.381,grad,18311803392
4,2709.686,grad,18389463552
4,2711.041,grad,18396807680
4,2712.307,grad,18396807680
4,2713.75,grad,18396807680
4,2715.039,grad,18406244864
4,2716.371,grad,18414633984
4,2717.91,grad,18414633472
4,2719.184,grad,18444174848
4,2720.432,grad,18450470400
4,2721.724,grad,18574267904
4,2723.547,grad,18550216192
4,2724.82,grad,18635216384
4,2726.114,grad,18635220480
4,2728.462,grad,18635220480
4,2729.722,grad,18644657664
4,2731.027,grad,18651997696
4,2732.289,grad,18682522112
4,2733.762,grad,18674199040
4,2735.051,grad,18735086080
4,2737.031,grad,18788628992
4,2739.446,grad,18866289152
4,2742.102,grad,18873633280
4,2743.371,grad,18883070464
4,2744.635,grad,18890410496
4,2745.913,grad,18920934912
4,2747.344,grad,18912611840
4,2748.607,grad,18973498880
4,2750.658,grad,19027041792
4,2751.951,grad,19104701952
4,2753.986,grad,19112046080
4,2755.839,grad,19112046080
4,2757.114,grad,19121483264
4,2758.426,grad,19129872384
4,2759.717,grad,19159413248
4,2761.115,grad,19151024640
4,2762.404,grad,19211911680
4,2764.351,grad,19265454592
4,2765.62,grad,19350454784
4,2766.905,grad,19350458880
4,2769.336,grad,19350458880
4,2770.631,grad,19359896064
4,2772.011,grad,19368285184
4,2773.492,grad,19397826048
4,2774.778,grad,19389437440
4,2776.11,grad,19450324480
4,2778.097,grad,19503867392
4,2779.376,grad,19588867584
4,2780.696,grad,19588871680
4,2783.089,grad,19588871680
4,2784.378,grad,19598308864
4,2785.713,grad,19606697984
4,2787.026,grad,19650918912
4,2788.291,grad,19627850240
4,2789.55,grad,19688737280
4,2791.616,grad,19742280192
4,2792.97,grad,19819940352
4,2794.262,grad,19827284480
4,2796.784,grad,19827399168
4,2798.104,grad,19836721664
4,2799.475,grad,19845110784
4,2800.734,grad,19874651648
4,2802.085,grad,19866263040
4,2803.365,grad,19927084544
4,2805.456,grad,19980692992
4,2806.72,grad,20119170560
4,2808.079,grad,20065697280
4,2810.666,grad,20065697280
4,2811.961,grad,20075134464
4,2813.377,grad,20083523584
4,2814.643,grad,20113064448
4,2815.918,grad,20104675840
4,2817.189,grad,20165497344
4,2819.236,grad,20219105792
4,2821.49,grad,20296765952
4,2824.027,grad,20304110080
4,2825.298,grad,20313547264
4,2826.864,grad,20321936384
4,2828.219,grad,20351477248
4,2829.552,grad,20343088640
4,2830.82,grad,20403910144
4,2832.943,grad,20457518592
4,2834.203,grad,20535178752
4,2835.48,grad,20542522880
4,2837.962,grad,20542522880
4,2839.22,grad,20551960064
4,2840.47,grad,20560349184
4,2841.715,grad,20589824512
4,2843.15,grad,20581501440
4,2844.411,grad,20642388480
4,2846.545,grad,20695931392
4,2847.845,grad,20780931584
4,2849.139,grad,20780935680
4,2851.525,grad,20780935680
4,2852.786,grad,20790372864
4,2854.179,grad,20798761984
4,2855.465,grad,20828302848
4,2856.757,grad,20819914240
4,2858.047,grad,20880801280
4,2860.069,grad,20934344192
4,2861.346,grad,21012004352
4,2862.634,grad,21019348480
4,2865.229,grad,21019348480
4,2866.518,grad,21028785664
4,2867.921,grad,21037174784
4,2869.239,grad,21066715648
4,2870.494,grad,21058327040
4,2871.764,grad,21119214080
4,2873.82,grad,21172756992
4,2875.095,grad,21303894528
4,2876.351,grad,21250417152
4,2877.689,grad,21257761280
4,2879.181,grad,21257761280
4,2880.447,grad,21267198464
4,2881.749,grad,21267198464
4,2883.082,grad,21283042816
4,2884.761,grad,21296739840
4,2886.04,grad,21357561344
4,2887.299,grad,21488764416
4,2888.653,grad,21449967104
4,2890.684,grad,21488829952
4,2893.299,grad,21496174080
4,2894.583,grad,21505611264
4,2895.889,grad,21505611264
4,2897.209,grad,21528795648
4,2898.747,grad,21535152640
4,2900.072,grad,21595974144
4,2902.348,grad,21649582592
4,2903.626,grad,21773380096
4,2904.968,grad,21734586880
4,2907.393,grad,21734586880
4,2908.66,grad,21744024064
4,2909.97,grad,21744024064
4,2911.227,grad,21767208448
4,2912.81,grad,21773565440
4,2914.084,grad,21834386944
4,2916.181,grad,21887995392
4,2917.467,grad,22011792896
4,2918.72,grad,21972995584
4,2921.465,grad,21972999680
4,2922.77,grad,21982436864
4,2924.142,grad,21989776896
4,2925.416,grad,22005621248
4,2927.076,grad,22011978240
4,2928.334,grad,22072865280
4,2930.361,grad,22126408192
4,2931.656,grad,22211408384
4,2933.13,grad,22211412480
4,2935.587,grad,22211412480
4,2936.97,grad,22220849664
4,2938.296,grad,22220849664
4,2939.562,grad,22229238784
4,2940.853,grad,22258779648
4,2942.325,grad,22250391040
4,2943.593,grad,22311278080
4,2945.585,grad,22364820992
4,2946.907,grad,22503298560
4,2948.204,grad,22442481152
4,2950.783,grad,22449825280
4,2952.11,grad,22459262464
4,2953.463,grad,22459262464
4,2954.792,grad,22482446848
4,2956.393,grad,22488803840
4,2957.662,grad,22549625344
4,2959.959,grad,22603233792
4,2961.282,grad,22680893952
4,2962.606,grad,22688238080
4,2965.09,grad,22688238080
4,2966.356,grad,22697675264
4,2967.656,grad,22705015296
4,2968.96,grad,22735539712
4,2970.432,grad,22727216640
4,2971.712,grad,22788038144
4,2973.9,grad,22880443904
4,2975.176,grad,22919306752
4,2976.498,grad,22926650880
4,2979.124,grad,22926650880
4,2980.448,grad,22936088064
4,2981.745,grad,22936088064
4,2983.094,grad,22959272448
4,2984.812,grad,22965629440
4,2986.121,grad,23026516480
4,2988.197,grad,23080059392
4,2989.556,grad,23157719552
4,2990.877,grad,23165059584
4,2993.523,grad,23165063680
4,2994.83,grad,23174500864
4,2996.151,grad,23174500864
4,2997.479,grad,23190345216
4,2999.22,grad,23204042240
4,3000.503,grad,23264863744
4,3002.597,grad,23318472192
4,3003.881,grad,23456949760
4,3005.172,grad,23403472384
4,3007.957,grad,23403591168
4,3009.269,grad,23412913664
4,3010.607,grad,23412913664
4,3011.895,grad,23436098048
4,3013.533,grad,23442455040
4,3014.826,grad,23503276544
4,3016.106,grad,23634479616
4,3017.392,grad,23595682304
4,3018.698,grad,23641885184
4,3020.255,grad,23641889280
4,3021.675,grad,24568835072
4,3022.983,grad,24568853504
4,3025.285,grad,24250068992
4,3026.584,grad,24250069504
4,3027.86,grad,24250069504
4,3029.124,grad,24250069504
4,3030.707,grad,24250071040
4,3032.444,grad,23639127552
4,3033.735,grad,23637483008
4,3035.04,grad,23591280128
4,3036.318,grad,23555366400
4,3037.605,grad,23458637312
4,3038.918,grad,23465977344
4,3040.185,grad,23437463040
4,3041.469,grad,23422667264
4,3043.118,grad,23422667264
4,3044.428,grad,23441476096
4,3046.345,grad,23417784832
4,3048.185,grad,23419785728
4,3049.476,grad,23410801152
4,3050.869,grad,23364598272
4,3052.151,grad,23360141824
4,3054.04,grad,23231955456
4,3055.309,grad,23225526784
4,3057.066,grad,23195985408
4,3058.62,grad,23195985408
4,3059.862,grad,23214794240
4,3061.337,grad,23191102976
4,3063.118,grad,23193103872
4,3064.384,grad,23184119296
4,3066.052,grad,23137916416
4,3067.438,grad,23133394432
4,3069.379,grad,23005142528
4,3070.688,grad,23013393920
4,3072.417,grad,22969172480
4,3074.12,grad,22969172480
4,3075.382,grad,22987457024
4,3077.094,grad,22964290048
4,3078.917,grad,22965373440
4,3080.185,grad,22957568512
4,3081.447,grad,22911431168
4,3082.707,grad,22906909184
4,3084.566,grad,22779050496
4,3085.836,grad,22772621824
4,3087.616,grad,22743080448
4,3089.196,grad,22743080448
4,3090.472,grad,22759202304
4,3092.227,grad,22738198016
4,3094.107,grad,22739281408
4,3095.39,grad,22731083264
4,3096.673,grad,22684945920
4,3097.99,grad,22680817152
4,3099.791,grad,22552565248
4,3101.046,grad,22560816640
4,3102.693,grad,22516595712
4,3104.337,grad,22516595200
4,3105.61,grad,22535404032
4,3107.186,grad,22511712768
4,3109.085,grad,22512796160
4,3110.365,grad,22504991232
4,3111.889,grad,22458853888
4,3113.187,grad,22454331904
4,3115.094,grad,22326473216
4,3116.381,grad,22320044544
4,3118.138,grad,22290503168
4,3119.7,grad,22290503168
4,3120.981,grad,22309312000
4,3122.49,grad,22285620736
4,3124.285,grad,22286704128
4,3125.537,grad,22278571520
4,3126.936,grad,22232368640
4,3128.245,grad,22165325312
4,3130.188,grad,22099987968
4,3131.454,grad,22093559296
4,3133.186,grad,22064017920
4,3134.783,grad,22064017920
4,3136.094,grad,22082433536
4,3137.959,grad,22059135488
4,3139.617,grad,22061136384
4,3140.859,grad,22052086272
4,3142.21,grad,22005883392
4,3143.454,grad,21962564096
4,3145.307,grad,21873109504
4,3146.567,grad,21866680832
4,3148.251,grad,21837139456
4,3149.819,grad,21837139456
4,3151.105,grad,21856013824
4,3152.533,grad,21832257024
4,3154.288,grad,21833340416
4,3155.535,grad,21902802432
4,3156.889,grad,21779004928
4,3158.135,grad,21774482944
4,3160.249,grad,21646296576
4,3161.501,grad,21654547968
4,3163.154,grad,21610326528
4,3164.687,grad,21610326528
4,3165.961,grad,21629135360
4,3167.463,grad,21605444096
4,3169.208,grad,21606527488
4,3170.453,grad,21675989504
4,3171.766,grad,21552192000
4,3173.047,grad,21547670016
4,3174.824,grad,21419418112
4,3176.204,grad,21412989440
4,3177.939,grad,21383448064
4,3179.583,grad,21383448064
4,3180.926,grad,21402322432
4,3182.599,grad,21378565632
4,3184.368,grad,21379649024
4,3185.659,grad,21371516416
4,3187.106,grad,21325313536
4,3188.384,grad,21320791552
4,3190.302,grad,21192605184
4,3191.607,grad,21186110976
4,3193.282,grad,21156635136
4,3194.86,grad,21156635136
4,3196.227,grad,21175509504
4,3197.698,grad,21151752704
4,3199.443,grad,21152836096
4,3200.739,grad,21222298112
4,3202.442,grad,21098500608
4,3203.837,grad,21077266944
4,3205.253,grad,21018808832
4,3207.448,grad,20965726720
4,3208.914,grad,20973066752
4,3210.273,grad,20959232512
4,3211.535,grad,20929757696
4,3212.899,grad,20929757184
4,3215.032,grad,20929756672
4,3216.401,grad,20948499968
4,3218.165,grad,20924874240
4,3219.937,grad,20925957632
4,3221.242,grad,20917825024
4,3222.489,grad,20871622144
4,3223.734,grad,20835642880
4,3224.981,grad,20738848256
4,3226.273,grad,20746188288
4,3227.515,grad,20717673984
4,3228.759,grad,20702878208
4,3230.318,grad,20702878208
4,3231.591,grad,20721752576
4,3233.234,grad,20697995776
4,3234.956,grad,20699079168
4,3236.197,grad,20690946560
4,3237.555,grad,20644743680
4,3238.823,grad,20640221696
4,3240.682,grad,20512035328
4,3241.974,grad,20505606656
4,3243.678,grad,20476065792
4,3245.238,grad,20476065280
4,3246.532,grad,20494939648
4,3247.935,grad,20471182848
4,3249.602,grad,20472266240
4,3250.85,grad,20464133632
4,3252.27,grad,20417930752
4,3253.519,grad,20413408768
4,3255.276,grad,20285222400
4,3256.516,grad,20293080576
4,3258.406,grad,20249252352
4,3259.956,grad,20249252352
4,3261.26,grad,20268126720
4,3262.673,grad,20244369920
4,3264.346,grad,20245453312
4,3265.58,grad,20314915328
4,3266.892,grad,20191117824
4,3268.131,grad,20186595840
4,3269.88,grad,20058409472
4,3271.123,grad,20066660864
4,3272.75,grad,20022439424
4,3274.276,grad,20022439424
4,3275.544,grad,20041313792
4,3277.208,grad,20017556992
4,3279.023,grad,20018640384
4,3280.29,grad,20010442240
4,3281.56,grad,19925507584
4,3282.81,grad,19959782912
4,3284.542,grad,19831596544
4,3285.787,grad,19839847936
4,3287.442,grad,19795626496
4,3288.979,grad,19795626496
4,3290.298,grad,19814500864
4,3291.698,grad,19790744064
4,3293.397,grad,19791827456
4,3294.685,grad,19783694848
4,3295.98,grad,19737491968
4,3297.228,grad,19708852736
4,3298.466,grad,19650918912
4,3299.898,grad,19612123648
4,3301.178,grad,19590949376
4,3302.663,grad,19568813568
4,3304.185,grad,19568813568
4,3305.508,grad,19587687936
4,3306.96,grad,19563931136
4,3308.625,grad,19565014528
4,3309.944,grad,19556881920
4,3311.25,grad,19510679040
4,3312.51,grad,19467359744
4,3313.765,grad,19385308672
4,3315.086,grad,19385310720
4,3316.331,grad,19356796416
4,3317.657,grad,19342001152
4,3319.073,grad,19342000640
4,3320.394,grad,19360875008
4,3322.085,grad,19337118208
4,3323.749,grad,19338201600
4,3325.024,grad,19330068992
4,3326.257,grad,19283866112
4,3327.492,grad,19255226880
4,3328.737,grad,19189953024
4,3330.059,grad,19158497792
4,3331.312,grad,19144663552
4,3332.93,grad,19115187712
4,3334.506,grad,19115187712
4,3335.745,grad,19133931008
4,3337.445,grad,19110305280
4,3339.294,grad,19111388672
4,3340.674,grad,19103256064
4,3341.972,grad,19057053184
4,3343.218,grad,19021073920
4,3344.45,grad,18963140096
4,3345.972,grad,18931684864
4,3347.235,grad,18917850624
4,3348.867,grad,18888374784
4,3350.453,grad,18888374784
4,3351.719,grad,18907118080
4,3353.414,grad,18883492352
4,3355.173,grad,18884575744
4,3356.45,grad,18876443136
4,3357.699,grad,18830240256
4,3358.954,grad,18794260992
4,3360.192,grad,18736327168
4,3361.439,grad,18704871936
4,3362.68,grad,18691037696
4,3364.334,grad,18661561856
4,3365.923,grad,18661561856
4,3367.159,grad,18680305152
4,3369.03,grad,18656679424
4,3370.764,grad,18657762816
4,3372.108,grad,18649630208
4,3373.354,grad,18603427328
4,3374.592,grad,18574788096
4,3375.831,grad,18516854272
4,3377.204,grad,18478059008
4,3378.443,grad,18464224768
4,3379.871,grad,18434748928
4,3381.414,grad,18434748928
4,3382.697,grad,18453688832
4,3384.114,grad,18429866496
4,3385.749,grad,18430949888
4,3386.993,grad,18422817280
4,3388.344,grad,18376614400
4,3389.604,grad,18333295104
4,3391.41,grad,18243906048
4,3392.666,grad,18251764224
4,3393.925,grad,18207936000
4,3395.163,grad,18208984576
4,3396.509,grad,18237820416
4,3397.999,grad,18202562048
4,3399.241,grad,18210393600
4,3400.845,grad,18204136960
4,3402.096,grad,18196004352
4,3403.48,grad,18149801472
4,3404.726,grad,18145279488
4,3406.601,grad,18017093120
4,3407.886,grad,18010664448
4,3409.637,grad,17981123072
4,3411.285,grad,17981123072
4,3412.568,grad,17999931904
4,3414.543,grad,17976240640
4,3416.26,grad,17977324032
4,3417.501,grad,17969191424
4,3418.891,grad,17922988544
4,3420.145,grad,17918073344
4,3422.035,grad,17789493760
4,3423.311,grad,17783065088
4,3425.109,grad,17753523712
4,3426.679,grad,17753523712
4,3427.991,grad,17772332544
4,3429.661,grad,17748641280
4,3431.474,grad,17749724672
4,3432.759,grad,17741592064
4,3434.019,grad,17695782400
4,3435.255,grad,17652069888
4,3436.486,grad,17577358848
4,3437.867,grad,17570020864
4,3439.127,grad,17563526656
4,3440.683,grad,17526710784
4,3442.268,grad,17526710784
4,3443.553,grad,17545519616
4,3445.247,grad,17521828352
4,3446.983,grad,17522911744
4,3448.226,grad,17514779136
4,3449.609,grad,17468576256
4,3450.819,grad,17386459648
4,3452.68,grad,17335867904
4,3453.975,grad,17322099200
4,3455.701,grad,17292557824
4,3457.332,grad,17292295680
4,3458.591,grad,17311104512
4,3460.485,grad,17287413248
4,3461.751,grad,17277484544
4,3462.994,grad,17277484544
4,3464.226,grad,17277484544
4,3466.757,grad,17277484032
4,3468.036,grad,17277484032
4,3469.322,grad,17277484032
4,3470.57,grad,17277484032
4,3474.17,grad,17277484032
4,3478.687,grad,17277484032
4,3485.045,grad,17277492224
4,3491.396,grad,17277492224
4,3497.769,grad,17277492224
4,3502.057,grad,17277492224
4,3503.336,grad,17284969472
4,3505.131,grad,17285098496
4,3507.87,grad,17292553216
4,3509.169,grad,17301875712
4,3510.463,grad,17301875712
4,3511.714,grad,17325060096
4,3513.337,grad,17331417088
4,3514.628,grad,17392238592
4,3516.708,grad,17445847040
4,3517.994,grad,17584324608
4,3519.443,grad,17523507200
4,3522.087,grad,17530851328
4,3523.367,grad,17540288512
4,3524.629,grad,17548677120
4,3525.905,grad,17578152960
4,3527.277,grad,17569829888
4,3528.521,grad,17630716928
4,3530.471,grad,17684259840
4,3532.674,grad,17761920000
4,3535.256,grad,17769264128
4,3536.507,grad,17778701312
4,3537.815,grad,17778701312
4,3539.098,grad,17801885696
4,3540.561,grad,17808242688
4,3541.827,grad,17869129728
4,3543.737,grad,17923065856
4,3545.002,grad,18008066048
4,3546.256,grad,18008070144
4,3548.651,grad,18008070144
4,3549.911,grad,18017507328
4,3551.157,grad,18025896448
4,3552.403,grad,18055437312
4,3553.706,grad,18047048704
4,3554.967,grad,18108263424
4,3556.98,grad,18161871872
4,3558.454,grad,18246872064
4,3559.78,grad,18246876160
4,3562.243,grad,18246990848
4,3563.562,grad,18256313344
4,3564.903,grad,18264702464
4,3566.181,grad,18294243328
4,3567.453,grad,18285854720
4,3568.702,grad,18346741760
4,3570.629,grad,18400284672
4,3571.891,grad,18485284864
4,3573.141,grad,18485288960
4,3575.707,grad,18485288960
4,3576.99,grad,18494726144
4,3578.35,grad,18503115264
4,3579.596,grad,18547336192
4,3580.877,grad,18524267520
4,3582.117,grad,18585154560
4,3584.063,grad,18638697472
4,3585.315,grad,18723697664
4,3586.56,grad,18723701760
4,3588.968,grad,18723701760
4,3590.239,grad,18733138944
4,3591.569,grad,18741528064
4,3592.819,grad,18785748992
4,3594.297,grad,18762680320
4,3595.551,grad,18823567360
4,3597.425,grad,18877110272
4,3599.639,grad,18962110464
4,3602.187,grad,18962114560
4,3603.468,grad,18971551744
4,3604.828,grad,18979940864
4,3606.099,grad,19024161792
4,3607.39,grad,19001093120
4,3608.639,grad,19061980160
4,3610.553,grad,19115523072
4,3612.925,grad,19193183232
4,3615.581,grad,19200527360
4,3616.867,grad,19209964544
4,3618.132,grad,19218353152
4,3619.38,grad,19247828992
4,3620.758,grad,19239505920
4,3622.045,grad,19300392960
4,3623.985,grad,19353935872
4,3625.252,grad,19438936064
4,3626.547,grad,19438940160
4,3628.948,grad,19438940160
4,3630.318,grad,19448377344
4,3631.6,grad,19455717376
4,3632.861,grad,19486241792
4,3634.324,grad,19477918720
4,3635.583,grad,19538805760
4,3637.526,grad,19592348672
4,3638.771,grad,19670008832
4,3640.058,grad,19677352960
4,3642.462,grad,19677352960
4,3643.726,grad,19686790144
4,3645.006,grad,19695179264
4,3646.287,grad,19724654592
4,3647.674,grad,19716331520
4,3649.197,grad,19716331520
4,3650.461,grad,19777218560
4,3652.404,grad,19830761472
4,3653.694,grad,19969239040
4,3655.398,grad,19908421632
4,3658.268,grad,19915765760
4,3659.596,grad,19925202944
4,3660.896,grad,19925202944
4,3662.18,grad,19948387328
4,3663.915,grad,19954744320
4,3665.191,grad,20015631360
4,3667.221,grad,20069174272
4,3668.504,grad,20222331904
4,3670.063,grad,20146834432
4,3672.634,grad,20154178560
4,3673.916,grad,20163615744
4,3675.172,grad,20170955776
4,3676.46,grad,20186800128
4,3678.031,grad,20193157120
4,3679.288,grad,20254044160
4,3681.304,grad,20307587072
4,3682.551,grad,20392587264
4,3683.817,grad,20392591360
4,3686.262,grad,20392591360
4,3687.648,grad,20402028544
4,3688.946,grad,20402028544
4,3690.215,grad,20425212928
4,3691.679,grad,20431569920
4,3692.934,grad,20492391424
4,3694.938,grad,20545999872
4,3696.185,grad,20684477440
4,3697.501,grad,20631004160
4,3699.9,grad,20631004160
4,3701.151,grad,20640441344
4,3702.489,grad,20648830464
4,3703.742,grad,20678371328
4,3705.356,grad,20669982720
4,3706.617,grad,20730869760
4,3708.643,grad,20784412672
4,3709.918,grad,20908210176
4,3711.159,grad,20869412864
4,3713.705,grad,20869416960
4,3714.984,grad,20878854144
4,3716.271,grad,20878854144
4,3717.516,grad,20916718592
4,3718.978,grad,20908395520
4,3720.226,grad,20969217024
4,3722.272,grad,21022825472
4,3723.517,grad,21161303040
4,3724.934,grad,21100485632
4,3727.418,grad,21107829760
4,3728.67,grad,21117266944
4,3729.931,grad,21124606976
4,3731.171,grad,21155131392
4,3732.623,grad,21146808320
4,3733.865,grad,21207695360
4,3735.772,grad,21261238272
4,3737.025,grad,21399715840
4,3738.275,grad,21346238464
4,3740.967,grad,21346242560
4,3742.266,grad,21355679744
4,3743.615,grad,21364068864
4,3744.868,grad,21393609728
4,3746.203,grad,21385221120
4,3747.446,grad,21446108160
4,3749.595,grad,21499651072
4,3750.842,grad,21638128640
4,3752.23,grad,21577311232
4,3754.904,grad,21584655360
4,3756.196,grad,21594092544
4,3757.492,grad,21594092544
4,3758.764,grad,21609936896
4,3760.415,grad,21623633920
4,3761.676,grad,21684455424
4,3763.779,grad,21738063872
4,3765.042,grad,21876541440
4,3766.293,grad,21823064064
4,3768.951,grad,21823068160
4,3770.2,grad,21832505344
4,3771.444,grad,21832505344
4,3772.728,grad,21855689728
4,3774.299,grad,21862046720
4,3775.552,grad,21922868224
4,3776.867,grad,22054071296
4,3778.119,grad,22015273984
4,3779.39,grad,22114954240
4,3780.815,grad,22054136832
4,3783.48,grad,22061480960
4,3784.814,grad,22070918144
4,3786.118,grad,22070918144
4,3787.403,grad,22094102528
4,3789.092,grad,22107799552
4,3790.347,grad,22161346560
4,3792.325,grad,22214889472
4,3793.579,grad,22292549632
4,3794.858,grad,22299893760
4,3797.468,grad,22299893760
4,3798.721,grad,22309330944
4,3800.019,grad,22316670976
4,3801.292,grad,22347195392
4,3802.684,grad,22338872320
4,3803.952,grad,22399759360
4,3805.929,grad,22453302272
4,3807.215,grad,22530962432
4,3808.518,grad,22538306560
4,3810.967,grad,22538306560
4,3812.214,grad,22547743744
4,3813.615,grad,22547743744
4,3814.95,grad,22570928128
4,3816.482,grad,22577285120
4,3817.756,grad,22638172160
4,3819.885,grad,22730512384
4,3822.071,grad,22769375232
4,3824.638,grad,22776719360
4,3825.913,grad,22786156544
4,3827.168,grad,22786156544
4,3828.408,grad,22809340928
4,3829.94,grad,22815697920
4,3831.182,grad,22876584960
4,3833.36,grad,22930127872
4,3834.608,grad,23015128064
4,3835.856,grad,23015132160
4,3838.237,grad,23015132160
4,3839.501,grad,23024569344
4,3840.795,grad,23031909376
4,3842.083,grad,23062433792
4,3843.547,grad,23054110720
4,3844.854,grad,23114997760
4,3846.815,grad,23168540672
4,3848.064,grad,23307018240
4,3849.528,grad,23253544960
4,3851.993,grad,23253544960
4,3853.245,grad,23262982144
4,3854.491,grad,23270322176
4,3855.747,grad,23300846592
4,3857.159,grad,23292523520
4,3858.402,grad,23353410560
4,3860.369,grad,23406953472
4,3861.622,grad,23491953664
4,3862.872,grad,23491957760
4,3865.274,grad,23491957760
4,3866.519,grad,23501394944
4,3868.586,grad,23501394944
4,3869.856,grad,23539259392
4,3871.309,grad,23530936320
4,3872.555,grad,23591823360
4,3874.544,grad,23645366272
4,3875.809,grad,23723026432
4,3877.094,grad,23730370560
4,3879.692,grad,23730370560
4,3880.994,grad,23739807744
4,3882.293,grad,23739807744
4,3883.537,grad,23762992128
4,3885.171,grad,23769349120
4,3886.419,grad,23830170624
4,3888.683,grad,23883779072
4,3889.974,grad,24014916608
4,3891.548,grad,23968783360
4,3892.992,grad,24895729152
4,3894.229,grad,24895748096
4,3896.473,grad,24888390144
4,3897.728,grad,24576963584
4,3898.994,grad,24576963584
4,3900.347,grad,24576963584
4,3901.762,grad,25199827456
4,3903.266,grad,23966021632
4,3904.554,grad,23964311552
4,3905.819,grad,23918108672
4,3907.069,grad,23874789376
4,3908.306,grad,23785725952
4,3909.637,grad,23793068032
4,3910.892,grad,23764553728
4,3912.15,grad,23749757952
4,3913.728,grad,23749757952
4,3915.007,grad,23768501248
4,3916.872,grad,23744875520
4,3918.541,grad,23745958912
4,3919.79,grad,23737826304
4,3921.176,grad,23691623424
4,3922.416,grad,23648304128
4,3924.207,grad,23558849536
4,3925.454,grad,23567100928
4,3927.229,grad,23522880000
4,3928.757,grad,23522879488
4,3930.018,grad,23541557248
4,3931.25,grad,23517997056
4,3932.484,grad,23525369856
4,3933.865,grad,23519342592
4,3935.101,grad,23510947840
4,3936.754,grad,23464744960
4,3938.023,grad,23460222976
4,3939.742,grad,23331971072
4,3941.002,grad,23325542400
4,3942.746,grad,23296001024
4,3944.277,grad,23296001024
4,3945.548,grad,23315203072
4,3947.205,grad,23291118592
4,3948.948,grad,23292201984
4,3950.182,grad,23284134912
4,3951.558,grad,23237932032
4,3952.895,grad,23194612736
4,3954.748,grad,23105158144
4,3956.092,grad,23098729472
4,3957.894,grad,23069188096
4,3959.427,grad,23069188096
4,3960.705,grad,23085309952
4,3962.499,grad,23064305664
4,3964.218,grad,23065389056
4,3965.466,grad,23057256448
4,3966.897,grad,23011053568
4,3968.141,grad,22967734272
4,3970.004,grad,22878279680
4,3971.256,grad,22871851008
4,3973.06,grad,22842310144
4,3974.608,grad,22842309632
4,3975.881,grad,22861052928
4,3977.535,grad,22837427200
4,3979.294,grad,22838510592
4,3980.541,grad,22907972608
4,3982.183,grad,22784175104
4,3983.453,grad,22779653120
4,3985.214,grad,22651466752
4,3986.495,grad,22645038080
4,3988.267,grad,22615497216
4,3989.943,grad,22615496704
4,3991.249,grad,22634698752
4,3992.903,grad,22610614272
4,3994.668,grad,22612615168
4,3995.961,grad,22603565056
4,3997.214,grad,22557362176
4,3998.479,grad,22521382912
4,3999.814,grad,22424588288
4,4001.111,grad,22431928320
4,4002.366,grad,22403414016
4,4003.613,grad,22388618240
4,4005.165,grad,22388618240
4,4006.47,grad,22390060032
4,4008.394,grad,22383735808
4,4010.218,grad,22384819200
4,4011.506,grad,22376686592
4,4012.893,grad,22330483712
4,4014.134,grad,22287164416
4,4015.966,grad,22197775360
4,4017.204,grad,22190887936
4,4019.075,grad,22161805312
4,4020.625,grad,22161805312
4,4021.907,grad,22180548608
4,4023.532,grad,22156922880
4,4025.281,grad,22158006272
4,4026.518,grad,22149873664
4,4027.819,grad,22103670784
4,4029.151,grad,22067757056
4,4030.415,grad,22024437760
4,4031.688,grad,21978302464
4,4032.945,grad,21971808256
4,4034.525,grad,21934992896
4,4036.042,grad,21934992384
4,4037.385,grad,21953735680
4,4039.136,grad,21930109952
4,4040.914,grad,21931193344
4,4042.181,grad,21923060736
4,4043.58,grad,21876857856
4,4044.821,grad,21872335872
4,4046.651,grad,21744083968
4,4047.997,grad,21737655296
4,4049.837,grad,21708114432
4,4051.381,grad,21708113920
4,4052.714,grad,21709555712
4,4054.546,grad,21703231488
4,4056.311,grad,21704314880
4,4057.573,grad,21696182272
4,4058.972,grad,21649979392
4,4060.211,grad,21645457408
4,4062.065,grad,21517205504
4,4063.311,grad,21510776832
4,4065.067,grad,21481235456
4,4066.593,grad,21481235456
4,4067.864,grad,21499520000
4,4069.624,grad,21476353024
4,4071.377,grad,21477436416
4,4072.713,grad,21469303808
4,4074.352,grad,21423100928
4,4075.634,grad,21379781632
4,4077.447,grad,21290392576
4,4078.69,grad,21283963904
4,4080.417,grad,21254422528
4,4081.956,grad,21254422528
4,4083.209,grad,21273165824
4,4084.844,grad,21249540096
4,4086.646,grad,21250623488
4,4087.984,grad,21242490880
4,4089.366,grad,21196288000
4,4090.616,grad,21152968704
4,4092.468,grad,21063579648
4,4093.794,grad,21057150976
4,4095.554,grad,21027609600
4,4097.106,grad,21027609600
4,4098.376,grad,21046025216
4,4100.239,grad,21022727168
4,4101.974,grad,21023810560
4,4103.303,grad,21015677952
4,4104.668,grad,20969475072
4,4105.923,grad,20926155776
4,4107.757,grad,20836701184
4,4109.068,grad,20830272512
4,4110.791,grad,20800731136
4,4112.4,grad,20800731136
4,4113.665,grad,20819933184
4,4115.273,grad,20795848704
4,4116.999,grad,20796932096
4,4118.293,grad,20788799488
4,4119.717,grad,20742596608
4,4120.981,grad,20738074624
4,4123.103,grad,20609888256
4,4124.399,grad,20618139648
4,4126.104,grad,20573918208
4,4127.642,grad,20573918208
4,4128.927,grad,20592661504
4,4130.564,grad,20569035776
4,4132.511,grad,20570119168
4,4133.812,grad,20561921024
4,4135.118,grad,20515783680
4,4136.367,grad,20433667072
4,4138.32,grad,20383075328
4,4139.596,grad,20376646656
4,4141.356,grad,20347105280
4,4143.053,grad,20347105280
4,4144.372,grad,20365848576
4,4146.589,grad,20342222848
4,4148.358,grad,20343306240
4,4149.671,grad,20335173632
4,4151.089,grad,20288970752
4,4152.381,grad,20206854144
4,4154.273,grad,20156262400
4,4155.571,grad,20149833728
4,4157.336,grad,20120292352
4,4158.971,grad,20120292352
4,4160.248,grad,20139494400
4,4161.884,grad,20115409920
4,4163.7,grad,20116493312
4,4165.008,grad,20108360704
4,4166.401,grad,20062157824
4,4167.668,grad,20018838528
4,4169.557,grad,19929449472
4,4170.874,grad,19937242112
4,4172.181,grad,19917712384
4,4173.538,grad,19893479424
4,4174.809,grad,19908159488
4,4176.05,grad,19912681472
4,4177.65,grad,19888596992
4,4179.464,grad,19889680384
4,4180.788,grad,19881547776
4,4182.199,grad,19835344896
4,4183.456,grad,19830822912
4,4185.356,grad,19702636544
4,4186.621,grad,19696207872
4,4188.411,grad,19666666496
4,4190.091,grad,19666666496
4,4191.38,grad,19685409792
4,4193.272,grad,19661784064
4,4195.021,grad,19662867456
4,4196.278,grad,19654734848
4,4197.62,grad,19608531968
4,4198.883,grad,19533755392
4,4200.144,grad,19475758080
4,4201.408,grad,19483098112
4,4202.657,grad,19454583808
4,4203.984,grad,19439788032
4,4205.527,grad,19439788032
4,4206.795,grad,19458990080
4,4208.443,grad,19434905600
4,4210.285,grad,19435988992
4,4211.524,grad,19427856384
4,4212.933,grad,19381653504
4,4214.191,grad,19377131520
4,4216.09,grad,19248879616
4,4217.328,grad,19256737792
4,4218.578,grad,19228819456
4,4219.884,grad,19212975104
4,4221.132,grad,19227655168
4,4222.405,grad,19231783936
4,4224.044,grad,19208092672
4,4225.841,grad,19209176064
4,4227.113,grad,19200977920
4,4228.494,grad,19154775040
4,4229.751,grad,19080064000
4,4231.021,grad,19022066688
4,4232.303,grad,19029472256
4,4233.559,grad,19000957952
4,4234.891,grad,18986162176
4,4236.474,grad,18986162176
4,4237.78,grad,19004905472
4,4239.75,grad,18981279744
4,4241.489,grad,18982363136
4,4242.83,grad,18974164992
4,4244.232,grad,18927962112
4,4245.477,grad,18845845504
4,4247.332,grad,18795253760
4,4248.577,grad,18788890624
4,4250.496,grad,18759349760
4,4252.08,grad,18759349248
4,4253.399,grad,18778092544
4,4255.119,grad,18754466816
4,4256.878,grad,18755550208
4,4258.137,grad,18747352064
4,4259.395,grad,18701149184
4,4260.632,grad,18657829888
4,4261.889,grad,18575778816
4,4263.278,grad,18575846400
4,4264.553,grad,18561946624
4,4266.12,grad,18532470784
4,4267.677,grad,18532470784
4,4268.987,grad,18551279616
4,4270.702,grad,18527588352
4,4272.469,grad,18528671744
4,4273.75,grad,18520539136
4,4275.156,grad,18474336256
4,4276.407,grad,18392285184
4,4278.295,grad,18341234688
4,4279.61,grad,18334806016
4,4281.41,grad,18305330176
4,4283.01,grad,18305264640
4,4284.284,grad,18324073472
4,4286.229,grad,18300382208
4,4288.054,grad,18301465600
4,4289.289,grad,18293267456
4,4290.563,grad,18247523328
4,4291.823,grad,18164620288
4,4293.641,grad,18114028544
4,4294.993,grad,18107599872
4,4296.733,grad,18078058496
4,4298.316,grad,18078124032
4,4299.552,grad,18096474112
4,4301.397,grad,18073241600
4,4303.22,grad,18074259456
4,4304.521,grad,18066126848
4,4305.973,grad,18019923968
4,4307.226,grad,18015401984
4,4309.145,grad,17887215616
4,4310.418,grad,17895008256
4,4311.662,grad,17868138496
4,4312.971,grad,17851245568
4,4314.233,grad,17880671232
4,4315.54,grad,17870185472
4,4317.021,grad,17846363136
4,4318.782,grad,17847446528
4,4320.126,grad,17839313920
4,4321.504,grad,17793111040
4,4322.757,grad,17788654592
4,4324.649,grad,17660468224
4,4325.93,grad,17646633984
4,4327.67,grad,17617093120
4,4329.249,grad,17616830464
4,4330.504,grad,17635180544
4,4332.548,grad,17611948032
4,4333.83,grad,17602019328
4,4335.079,grad,17602019328
4,4336.311,grad,17602019328
4,4339.685,grad,17602018816
4,4340.983,grad,17602018816
4,4342.344,grad,17602018816
4,4343.644,grad,17602018816
4,4347.162,grad,17602018816
4,4351.68,grad,17602018816
4,4358.05,grad,17602027008
4,4364.42,grad,17602027008
4,4370.784,grad,17602027008
4,4375.313,grad,17602027008
4,4376.575,grad,17609766400
4,4378.216,grad,17609633280
4,4380.847,grad,17616973312
4,4382.114,grad,17626410496
4,4383.37,grad,17634864640
4,4384.633,grad,17664340480
4,4386.11,grad,17656017408
4,4387.359,grad,17716838912
4,4389.384,grad,17809244672
4,4391.82,grad,17848107520
4,4394.33,grad,17855451648
4,4395.597,grad,17864888832
4,4396.961,grad,17873277952
4,4398.246,grad,17917498880
4,4399.543,grad,17894430208
4,4400.793,grad,18032911872
4,4402.576,grad,18008860160
4,4403.866,grad,18093860352
4,4405.197,grad,18093864448
4,4407.586,grad,18093864448
4,4408.905,grad,18103301632
4,4410.278,grad,18110641664
4,4411.56,grad,18141166080
4,4412.984,grad,18132843008
4,4414.246,grad,18193730048
4,4416.219,grad,18247272960
4,4418.427,grad,18324933120
4,4420.956,grad,18332277248
4,4423.126,grad,18341714432
4,4424.455,grad,18379578880
4,4425.865,grad,18371255808
4,4427.128,grad,18432142848
4,4429.034,grad,18486078976
4,4430.296,grad,18639629824
4,4431.664,grad,18563739136
4,4434.169,grad,18571083264
4,4435.437,grad,18580520448
4,4436.745,grad,18588909568
4,4438.01,grad,18633130496
4,4439.305,grad,18610061824
4,4440.557,grad,18748936704
4,4442.389,grad,18724884992
4,4444.588,grad,18809885184
4,4445.855,grad,18809889280
4,4447.509,grad,18809889280
4,4449.679,grad,18819326464
4,4450.946,grad,18842510848
4,4452.398,grad,18848867840
4,4453.654,grad,18909754880
4,4455.542,grad,18963297792
4,4457.724,grad,19048297984
4,4460.257,grad,19048302080
4,4461.511,grad,19057739264
4,4462.819,grad,19066128384
4,4464.071,grad,19095669248
4,4465.476,grad,19087280640
4,4466.744,grad,19148167680
4,4468.616,grad,19201710592
4,4470.789,grad,19286710784
4,4473.286,grad,19286714880
4,4475.491,grad,19296152064
4,4476.759,grad,19334016512
4,4478.231,grad,19333033472
4,4479.579,grad,19386580480
4,4481.461,grad,19440123392
4,4483.79,grad,19517783552
4,4486.306,grad,19525127680
4,4487.571,grad,19534564864
4,4488.923,grad,19542953984
4,4490.199,grad,19587174912
4,4491.475,grad,19571446272
4,4492.726,grad,19702587904
4,4494.496,grad,19678536192
4,4496.679,grad,19756196352
4,4497.979,grad,19763540480
4,4499.453,grad,19763540480
4,4500.765,grad,19772977664
4,4502.029,grad,19780317696
4,4503.271,grad,19810907648
4,4504.682,grad,19802519040
4,4505.969,grad,19941000704
4,4507.736,grad,19916948992
4,4509.92,grad,19994609152
4,4512.453,grad,20001953280
4,4514.64,grad,20011390464
4,4515.941,grad,20049254912
4,4517.288,grad,20040931840
4,4518.569,grad,20087073280
4,4520.67,grad,20194552320
4,4522.81,grad,20233415168
4,4525.336,grad,20240759296
4,4526.598,grad,20250196480
4,4527.966,grad,20258585600
4,4529.219,grad,20302806528
4,4530.49,grad,20287077888
4,4531.744,grad,20418219520
4,4533.518,grad,20394167808
4,4535.946,grad,20471827968
4,4538.565,grad,20479172096
4,4539.873,grad,20488609280
4,4541.141,grad,20495949312
4,4542.412,grad,20526473728
4,4543.874,grad,20518150656
4,4545.192,grad,20579037696
4,4547.133,grad,20632580608
4,4548.382,grad,20710240768
4,4549.67,grad,20717584896
4,4552.105,grad,20717584896
4,4553.407,grad,20727022080
4,4554.667,grad,20735410688
4,4555.946,grad,20764886528
4,4557.306,grad,20756563456
4,4558.543,grad,20817450496
4,4560.424,grad,20870993408
4,4562.58,grad,20948653568
4,4565.158,grad,20955997696
4,4566.442,grad,20965434880
4,4567.735,grad,20973824000
4,4569.003,grad,21003364864
4,4571.316,grad,20994976256
4,4572.571,grad,21055863296
4,4574.419,grad,21109406208
4,4576.607,grad,21194406400
4,4579.057,grad,21194410496
4,4581.226,grad,21203847680
4,4582.509,grad,21241712128
4,4583.868,grad,21233389056
4,4585.12,grad,21294276096
4,4587.004,grad,21347819008
4,4589.428,grad,21432819200
4,4591.899,grad,21432823296
4,4594.039,grad,21442260480
4,4595.3,grad,21480124928
4,4596.776,grad,21479141888
4,4598.033,grad,21532688896
4,4599.908,grad,21586231808
4,4602.048,grad,21663891968
4,4604.516,grad,21671236096
4,4605.864,grad,21680673280
4,4607.157,grad,21689061888
4,4608.435,grad,21718603264
4,4609.75,grad,21710214656
4,4611.019,grad,21771101696
4,4612.927,grad,21824644608
4,4615.097,grad,21902304768
4,4616.355,grad,21909648896
4,4617.74,grad,21909648896
4,4619.031,grad,21919086080
4,4620.448,grad,21927475200
4,4621.713,grad,21971696128
4,4623.102,grad,21948627456
4,4624.394,grad,22009514496
4,4626.343,grad,22063057408
4,4628.567,grad,22140717568
4,4631.104,grad,22148061696
4,4633.23,grad,22157498880
4,4634.483,grad,22195363328
4,4635.929,grad,22187040256
4,4637.214,grad,22247927296
4,4639.049,grad,22301470208
4,4641.347,grad,22386470400
4,4643.811,grad,22386474496
4,4646.02,grad,22395911680
4,4647.287,grad,22433776128
4,4648.627,grad,22425453056
4,4649.826,grad,22486340096
4,4651.697,grad,22539883008
4,4652.993,grad,22624883200
4,4654.267,grad,22624887296
4,4656.738,grad,22624887296
4,4658.077,grad,22634324480
4,4659.36,grad,22641664512
4,4660.649,grad,22672254464
4,4662.042,grad,22663865856
4,4663.302,grad,22724752896
4,4665.224,grad,22778295808
4,4667.432,grad,22855955968
4,4669.992,grad,22863300096
4,4671.26,grad,22872737280
4,4672.646,grad,22881126400
4,4673.928,grad,22925347328
4,4675.317,grad,22902278656
4,4676.604,grad,22963100160
4,4678.696,grad,23055505920
4,4679.961,grad,23101708800
4,4681.289,grad,23101712896
4,4683.708,grad,23101712896
4,4684.973,grad,23111150080
4,4686.265,grad,23118490112
4,4687.518,grad,23149014528
4,4689.021,grad,23140691456
4,4690.279,grad,23201512960
4,4692.35,grad,23255121408
4,4693.622,grad,23378918912
4,4694.918,grad,23332781568
4,4697.589,grad,23340125696
4,4698.864,grad,23349562880
4,4700.114,grad,23349562880
4,4701.359,grad,23372747264
4,4702.878,grad,23379104256
4,4704.125,grad,23439925760
4,4706.203,grad,23493534208
4,4707.48,grad,23578534400
4,4708.816,grad,23578538496
4,4711.299,grad,23578538496
4,4712.756,grad,23587975680
4,4714.048,grad,23587975680
4,4715.326,grad,23611160064
4,4716.928,grad,23617517056
4,4718.219,grad,23678404096
4,4720.189,grad,23731947008
4,4721.469,grad,23809607168
4,4722.733,grad,23816951296
4,4725.185,grad,23816951296
4,4726.483,grad,23826388480
4,4727.778,grad,23833728512
4,4729.041,grad,23864252928
4,4730.748,grad,23855929856
4,4732.025,grad,23916816896
4,4733.983,grad,23970359808
4,4735.253,grad,24048019968
4,4736.543,grad,24055364096
4,4739.043,grad,24055364096
4,4740.315,grad,24065849856
4,4741.613,grad,24073189888
4,4742.901,grad,24103714304
4,4744.315,grad,24094342656
4,4745.575,grad,24156212736
4,4747.617,grad,24209821184
4,4748.856,grad,24340958720
4,4750.147,grad,24294825472
4,4751.958,grad,25221771264
4,4753.209,grad,25221790208
4,4755.438,grad,25214432256
4,4756.724,grad,24903005696
4,4758.032,grad,24903005696
4,4759.318,grad,24903005696
4,4760.675,grad,24903007232
4,4762.384,grad,24291670528
4,4763.68,grad,24289370624
4,4764.946,grad,24243167744
4,4766.201,grad,24199848448
4,4767.51,grad,24126120448
4,4768.923,grad,24117733888
4,4770.183,grad,24089219584
4,4771.456,grad,24075472384
4,4773.007,grad,24074423808
4,4774.305,grad,24093298176
4,4775.738,grad,24069541376
4,4777.024,grad,24066954752
4,4778.285,grad,24071542272
4,4780.073,grad,24016289280
4,4781.326,grad,23980310016
4,4782.561,grad,23890853376
4,4783.898,grad,23890855424
4,4785.138,grad,23862341120
4,4786.374,grad,23847545856
4,4787.922,grad,23847545344
4,4789.232,grad,23866419712
4,4790.669,grad,23842662912
4,4792.377,grad,23843746304
4,4793.623,grad,23913601536
4,4795.11,grad,23789804032
4,4796.355,grad,23761164800
4,4797.602,grad,23657028096
4,4799.44,grad,23657030144
4,4800.713,grad,23665281536
4,4802.373,grad,23621060096
4,4803.906,grad,23621060096
4,4805.204,grad,23639934464
4,4806.627,grad,23616177664
4,4808.307,grad,23617261056
4,4809.57,grad,23609128448
4,4810.937,grad,23562925568
4,4812.186,grad,23558403584
4,4813.904,grad,23430217216
4,4815.137,grad,23423788544
4,4816.835,grad,23394247168
4,4818.344,grad,23394247168
4,4819.606,grad,23413121536
4,4821.268,grad,23389364736
4,4822.979,grad,23390448128
4,4824.234,grad,23382315520
4,4825.567,grad,23336112640
4,4826.817,grad,23331590656
4,4828.534,grad,23203338752
4,4829.789,grad,23211590144
4,4831.425,grad,23167368704
4,4832.979,grad,23167368704
4,4834.247,grad,23186243072
4,4835.628,grad,23162486272
4,4837.284,grad,23163569664
4,4838.559,grad,23233031680
4,4839.968,grad,23109234176
4,4841.224,grad,23065914880
4,4843.07,grad,22976525824
4,4844.321,grad,22984384000
4,4846.216,grad,22940555776
4,4847.75,grad,22940555776
4,4849.078,grad,22959430144
4,4850.478,grad,22935673344
4,4852.171,grad,22936756736
4,4853.405,grad,22928624128
4,4854.761,grad,22882421248
4,4856.01,grad,22839101952
4,4857.792,grad,22749647360
4,4859.072,grad,22743218688
4,4860.794,grad,22713677312
4,4862.317,grad,22713677312
4,4863.595,grad,22732551680
4,4865.263,grad,22708794880
4,4867.037,grad,22709878272
4,4868.305,grad,22701745664
4,4869.716,grad,22655542784
4,4870.97,grad,22612223488
4,4872.746,grad,22522834432
4,4873.996,grad,22516405760
4,4875.691,grad,22486864896
4,4877.198,grad,22486864384
4,4878.506,grad,22505738752
4,4879.984,grad,22481981952
4,4881.725,grad,22483982848
4,4883.039,grad,22474932736
4,4884.422,grad,22428729856
4,4885.708,grad,22424207872
4,4887.561,grad,22295955968
4,4889.152,grad,22289068544
4,4891.062,grad,22259985920
4,4892.658,grad,22259985920
4,4893.94,grad,22278794752
4,4895.474,grad,22255103488
4,4897.22,grad,22256186880
4,4898.547,grad,22248054272
4,4899.962,grad,22201851392
4,4901.211,grad,22119734784
4,4903.083,grad,22069143040
4,4904.349,grad,22077394432
4,4906.097,grad,22033173504
4,4907.622,grad,22033172992
4,4908.971,grad,22052047360
4,4910.666,grad,22028290560
4,4912.406,grad,22029373952
4,4913.648,grad,22021241344
4,4915.052,grad,21975038464
4,4916.311,grad,21931719168
4,4918.103,grad,21842330112
4,4919.362,grad,21850581504
4,4921.062,grad,21806360064
4,4922.585,grad,21806360064
4,4923.865,grad,21825234432
4,4925.318,grad,21801477632
4,4927.07,grad,21802561024
4,4928.33,grad,21794428416
4,4929.734,grad,21748225536
4,4930.989,grad,21743703552
4,4932.859,grad,21615517184
4,4934.399,grad,21609088512
4,4936.158,grad,21579547136
4,4937.675,grad,21579547136
4,4938.998,grad,21598421504
4,4940.442,grad,21574664704
4,4942.184,grad,21575748096
4,4943.446,grad,21567615488
4,4944.885,grad,21521412608
4,4946.139,grad,21478093312
4,4947.963,grad,21388704256
4,4949.218,grad,21382275584
4,4950.919,grad,21352734208
4,4952.474,grad,21352734208
4,4953.714,grad,21371543040
4,4955.46,grad,21347851776
4,4957.202,grad,21348935168
4,4958.476,grad,21340802560
4,4959.859,grad,21294599680
4,4961.134,grad,21251280384
4,4962.942,grad,21161891328
4,4964.206,grad,21170142720
4,4965.944,grad,21125921280
4,4967.452,grad,21125921280
4,4968.742,grad,21144795648
4,4970.302,grad,21121038848
4,4972.071,grad,21122122240
4,4973.346,grad,21113989632
4,4974.746,grad,21067786752
4,4975.999,grad,20985670144
4,4977.961,grad,20935078400
4,4979.465,grad,20928649728
4,4981.255,grad,20899108352
4,4982.822,grad,20899108352
4,4984.132,grad,20917982720
4,4985.552,grad,20894225920
4,4987.257,grad,20895309312
4,4988.551,grad,20887176704
4,4989.864,grad,20840973824
4,4991.124,grad,20812334592
4,4992.371,grad,20754400768
4,4993.63,grad,20715605504
4,4994.887,grad,20716516864
4,4996.544,grad,20672295424
4,4998.146,grad,20672295424
4,4999.425,grad,20691104256
4,5001.256,grad,20667412992
4,5003.021,grad,20668496384
4,5004.29,grad,20660363776
4,5005.667,grad,20614160896
4,5006.919,grad,20609638912
4,5008.72,grad,20481452544
4,5010.014,grad,20475023872
4,5011.863,grad,20445482496
4,5013.423,grad,20445482496
4,5014.767,grad,20464356864
4,5016.218,grad,20440600064
4,5018.12,grad,20441683456
4,5019.386,grad,20433485312
4,5020.672,grad,20387347968
4,5021.933,grad,20382432768
4,5023.81,grad,20254246400
4,5025.052,grad,20262039040
4,5026.301,grad,20242509312
4,5027.534,grad,20218276352
4,5028.785,grad,20247702016
4,5030.275,grad,20212902400
4,5031.536,grad,20220733952
4,5033.134,grad,20214477312
4,5034.377,grad,20206344704
4,5035.616,grad,20160141824
4,5036.852,grad,20116822528
4,5038.094,grad,20027431424
4,5039.439,grad,20034773504
4,5040.701,grad,20006259200
4,5042.001,grad,19991463424
4,5043.609,grad,19991463424
4,5044.894,grad,20010272256
4,5046.954,grad,19986580992
4,5048.756,grad,19987664384
4,5050.121,grad,19979531776
4,5051.533,grad,19933328896
4,5052.78,grad,19890009600
4,5054.637,grad,19800620544
4,5055.884,grad,19794191872
4,5057.62,grad,19764650496
4,5059.169,grad,19764650496
4,5060.455,grad,19783524864
4,5061.984,grad,19759768064
4,5063.733,grad,19760851456
4,5065.014,grad,19752718848
4,5066.409,grad,19706515968
4,5067.692,grad,19701993984
4,5069.614,grad,19573807616
4,5071.373,grad,19567378944
4,5073.184,grad,19537837568
4,5074.734,grad,19537837568
4,5075.987,grad,19556646400
4,5077.519,grad,19532955136
4,5079.377,grad,19534038528
4,5080.637,grad,19525840384
4,5081.907,grad,19479703040
4,5083.159,grad,19475181056
4,5085.015,grad,19346994688
4,5086.357,grad,19340566016
4,5088.108,grad,19311024640
4,5089.74,grad,19311024640
4,5091.048,grad,19329833472
4,5092.794,grad,19306142208
4,5094.542,grad,19307225600
4,5095.782,grad,19299092992
4,5097.159,grad,19252890112
4,5098.404,grad,19248368128
4,5100.249,grad,19120181760
4,5101.502,grad,19113753088
4,5103.211,grad,19084211712
4,5104.71,grad,19084211712
4,5106.017,grad,19103151616
4,5107.455,grad,19079329280
4,5109.447,grad,19080412672
4,5110.721,grad,19072214528
4,5112.048,grad,19026077184
4,5113.298,grad,19021555200
4,5115.214,grad,18892975616
4,5116.47,grad,18886088192
4,5118.297,grad,18857006080
4,5119.852,grad,18857005568
4,5121.217,grad,18875945472
4,5122.715,grad,18852123136
4,5124.54,grad,18853206528
4,5125.826,grad,18922668544
4,5127.239,grad,18799264256
4,5128.52,grad,18755158528
4,5130.484,grad,18665769472
4,5131.752,grad,18659340800
4,5133.5,grad,18629799424
4,5135.056,grad,18629799424
4,5136.315,grad,18648608256
4,5138.198,grad,18624916992
4,5139.899,grad,18626000384
4,5141.172,grad,18617867776
4,5142.558,grad,18571664896
4,5143.822,grad,18567142912
4,5145.657,grad,18438956544
4,5146.912,grad,18432527872
4,5148.602,grad,18402986496
4,5150.174,grad,18402986496
4,5151.466,grad,18421926400
4,5153.036,grad,18398104064
4,5154.745,grad,18399187456
4,5156.06,grad,18391054848
4,5157.429,grad,18344851968
4,5158.668,grad,18301532672
4,5160.564,grad,18212078080
4,5161.834,grad,18219870720
4,5163.083,grad,18193000960
4,5164.323,grad,18176108032
4,5165.568,grad,18205533696
4,5167.013,grad,18170734080
4,5168.26,grad,18178565632
4,5169.852,grad,18172308992
4,5171.102,grad,18164241920
4,5172.486,grad,18118039040
4,5173.741,grad,18113517056
4,5175.63,grad,17985265152
4,5176.887,grad,17971496448
4,5178.595,grad,17941889536
4,5180.169,grad,17941627392
4,5181.421,grad,17960501760
4,5183.244,grad,17936744960
4,5184.508,grad,17926816256
4,5185.746,grad,17926816256
4,5187.0,grad,17926816256
4,5189.496,grad,17926815744
4,5190.771,grad,17926815744
4,5192.089,grad,17926815744
4,5193.422,grad,17926815744
4,5196.819,grad,17926815744
4,5201.414,grad,17926815744
4,5207.79,grad,17926823936
4,5214.174,grad,17926823936
4,5220.612,grad,17926823936
4,5225.094,grad,17926823936
4,5226.417,grad,17934301184
4,5228.316,grad,17934430208
4,5231.05,grad,17941770240
4,5232.394,grad,17951207424
4,5233.676,grad,17951207424
4,5234.937,grad,17974457344
4,5236.52,grad,17980814336
4,5237.775,grad,18041635840
4,5239.834,grad,18095244288
4,5241.135,grad,18180244480
4,5242.628,grad,18172904448
4,5245.248,grad,18180248576
4,5246.51,grad,18189685760
4,5247.775,grad,18197025792
4,5249.07,grad,18212870144
4,5250.609,grad,18219227136
4,5251.855,grad,18280048640
4,5253.882,grad,18333657088
4,5255.138,grad,18418657280
4,5256.429,grad,18418661376
4,5258.88,grad,18418661376
4,5260.131,grad,18428098560
4,5262.142,grad,18428098560
4,5263.414,grad,18465963008
4,5264.967,grad,18457639936
4,5266.214,grad,18518526976
4,5268.153,grad,18572069888
4,5269.409,grad,18649730048
4,5270.715,grad,18657074176
4,5273.152,grad,18657074176
4,5274.42,grad,18666511360
4,5275.692,grad,18673851392
4,5277.033,grad,18704375808
4,5278.445,grad,18696052736
4,5279.704,grad,18756939776
4,5281.73,grad,18810482688
4,5282.998,grad,18948960256
4,5284.325,grad,18888142848
4,5287.109,grad,18895486976
4,5288.354,grad,18904924160
4,5289.629,grad,18904924160
4,5290.865,grad,18928108544
4,5292.472,grad,18934465536
4,5293.766,grad,18995352576
4,5295.698,grad,19049288704
4,5296.973,grad,19134288896
4,5298.258,grad,19134292992
4,5300.792,grad,19134292992
4,5302.071,grad,19143730176
4,5303.421,grad,19152119296
4,5304.691,grad,19196340224
4,5306.013,grad,19173271552
4,5307.256,grad,19234551808
4,5309.137,grad,19288094720
4,5310.426,grad,19365754880
4,5311.69,grad,19373099008
4,5314.124,grad,19373099008
4,5315.376,grad,19382536192
4,5316.622,grad,19390925312
4,5317.862,grad,19420400640
4,5319.38,grad,19412077568
4,5320.641,grad,19472964608
4,5322.588,grad,19526507520
4,5323.869,grad,19611507712
4,5325.891,grad,19611511808
4,5327.499,grad,19611511808
4,5328.758,grad,19620948992
4,5330.092,grad,19629338112
4,5331.401,grad,19658878976
4,5332.686,grad,19650490368
4,5333.942,grad,19711311872
4,5335.913,grad,19764920320
4,5337.161,grad,19849920512
4,5338.408,grad,19842580480
4,5341.041,grad,19849924608
4,5342.312,grad,19859361792
4,5343.664,grad,19867750912
4,5344.922,grad,19897291776
4,5346.183,grad,19888903168
4,5347.421,grad,19949790208
4,5349.367,grad,20003333120
4,5351.584,grad,20080993280
4,5354.115,grad,20088337408
4,5355.481,grad,20097774592
4,5356.756,grad,20105114624
4,5358.015,grad,20135639040
4,5359.372,grad,20127315968
4,5360.636,grad,20188203008
4,5362.562,grad,20241745920
4,5363.819,grad,20326746112
4,5365.794,grad,20326750208
4,5367.411,grad,20326750208
4,5368.658,grad,20336187392
4,5369.998,grad,20344576512
4,5371.252,grad,20374117376
4,5372.502,grad,20365728768
4,5373.939,grad,20426615808
4,5375.901,grad,20480158720
4,5377.163,grad,20565158912
4,5378.474,grad,20565163008
4,5380.865,grad,20565163008
4,5382.133,grad,20574600192
4,5383.472,grad,20582989312
4,5384.728,grad,20627210240
4,5386.015,grad,20604141568
4,5387.26,grad,20665028608
4,5389.121,grad,20718571520
4,5391.512,grad,20796231680
4,5392.81,grad,20803575808
4,5394.216,grad,20803575808
4,5395.461,grad,20813012992
4,5396.797,grad,20821402112
4,5398.053,grad,20865623040
4,5399.291,grad,20842554368
4,5400.534,grad,20981036032
4,5402.37,grad,20957377536
4,5404.583,grad,21035037696
4,5407.117,grad,21042381824
4,5408.469,grad,21051819008
4,5409.769,grad,21059159040
4,5411.088,grad,21089683456
4,5412.469,grad,21081360384
4,5413.728,grad,21142247424
4,5415.655,grad,21195790336
4,5417.854,grad,21273450496
4,5420.413,grad,21280794624
4,5421.703,grad,21290231808
4,5423.069,grad,21298620928
4,5424.329,grad,21342841856
4,5425.693,grad,21319773184
4,5426.986,grad,21380660224
4,5428.883,grad,21434203136
4,5430.148,grad,21519203328
4,5431.475,grad,21519207424
4,5433.897,grad,21519207424
4,5435.175,grad,21528644608
4,5436.546,grad,21537033728
4,5437.812,grad,21595934720
4,5439.15,grad,21572870144
4,5440.401,grad,21657870336
4,5442.133,grad,21672615936
4,5443.415,grad,21750276096
4,5444.693,grad,21750276096
4,5447.226,grad,21757620224
4,5448.488,grad,21767057408
4,5449.796,grad,21775446528
4,5451.068,grad,21819667456
4,5452.393,grad,21796598784
4,5453.65,grad,21935080448
4,5455.469,grad,21911028736
4,5457.635,grad,21988688896
4,5460.178,grad,21996033024
4,5461.509,grad,22005470208
4,5462.785,grad,22012810240
4,5464.068,grad,22043400192
4,5465.349,grad,22035011584
4,5466.677,grad,22095898624
4,5468.58,grad,22188238848
4,5470.705,grad,22227101696
4,5473.257,grad,22234445824
4,5474.588,grad,22243883008
4,5475.885,grad,22252272128
4,5477.134,grad,22281812992
4,5479.373,grad,22273424384
4,5480.647,grad,22334311424
4,5482.537,grad,22387854336
4,5483.876,grad,22465514496
4,5485.155,grad,22472858624
4,5487.561,grad,22472858624
4,5488.851,grad,22482295808
4,5490.207,grad,22490684928
4,5491.473,grad,22534905856
4,5492.755,grad,22519177216
4,5494.029,grad,22650318848
4,5495.818,grad,22626267136
4,5497.072,grad,22711267328
4,5498.318,grad,22703927296
4,5500.824,grad,22711271424
4,5503.036,grad,22720708608
4,5504.341,grad,22758573056
4,5505.762,grad,22750249984
4,5507.056,grad,22811137024
4,5508.967,grad,22864679936
4,5511.189,grad,22942340096
4,5513.716,grad,22949684224
4,5515.13,grad,22959121408
4,5516.421,grad,22966461440
4,5517.688,grad,22996985856
4,5519.082,grad,22988662784
4,5520.366,grad,23049549824
4,5522.267,grad,23103092736
4,5524.424,grad,23180752896
4,5526.921,grad,23188097024
4,5529.12,grad,23197534208
4,5530.379,grad,23235398656
4,5531.728,grad,23227075584
4,5533.176,grad,23287962624
4,5535.12,grad,23341505536
4,5537.296,grad,23426505728
4,5539.823,grad,23426509824
4,5541.109,grad,23435947008
4,5542.482,grad,23444336128
4,5543.749,grad,23488557056
4,5545.03,grad,23465488384
4,5546.282,grad,23526375424
4,5548.222,grad,23618715648
4,5550.571,grad,23657578496
4,5553.119,grad,23664922624
4,5554.377,grad,23674359808
4,5555.624,grad,23681699840
4,5556.87,grad,23712224256
4,5558.427,grad,23703901184
4,5559.678,grad,23764788224
4,5561.627,grad,23818331136
4,5562.84,grad,23956808704
4,5564.149,grad,23903335424
4,5566.582,grad,23903335424
4,5567.998,grad,23912772608
4,5569.262,grad,23912772608
4,5570.537,grad,23935956992
4,5572.059,grad,23942313984
4,5573.332,grad,24003135488
4,5575.374,grad,24056743936
4,5576.627,grad,24134404096
4,5577.909,grad,24141748224
4,5580.303,grad,24141748224
4,5581.57,grad,24151185408
4,5582.842,grad,24151185408
4,5584.112,grad,24174369792
4,5585.928,grad,24188066816
4,5587.232,grad,24241613824
4,5589.175,grad,24295156736
4,5590.439,grad,24380156928
4,5591.733,grad,24380161024
4,5594.194,grad,24380161024
4,5595.455,grad,24389598208
4,5596.711,grad,24396938240
4,5597.971,grad,24427462656
4,5599.426,grad,24419139584
4,5600.668,grad,24480026624
4,5602.626,grad,24533569536
4,5603.895,grad,24618569728
4,5605.485,grad,24618573824
4,5606.895,grad,25545519616
4,5608.15,grad,25545538560
4,5610.313,grad,25538180608
4,5611.569,grad,25226754048
4,5612.839,grad,25226754048
4,5614.142,grad,25226754048
4,5615.515,grad,25226755584
4,5617.282,grad,24615418880
4,5618.521,grad,24614167552
4,5619.923,grad,24567964672
4,5621.167,grad,24493188096
4,5623.07,grad,24435190784
4,5624.324,grad,24443442176
4,5626.025,grad,24399220736
4,5627.578,grad,24399220736
4,5628.877,grad,24418095104
4,5630.302,grad,24394338304
4,5631.542,grad,24391751680
4,5632.82,grad,24395421696
4,5634.628,grad,24341086208
4,5635.884,grad,24305172480
4,5637.122,grad,24254513152
4,5638.493,grad,24215717888
4,5639.754,grad,24187203584
4,5641.037,grad,24172407808
4,5642.595,grad,24172407808
4,5643.826,grad,24191151104
4,5645.378,grad,24167525376
4,5647.08,grad,24168608768
4,5648.318,grad,24160607232
4,5649.665,grad,24114404352
4,5650.912,grad,24109882368
4,5652.603,grad,23982023680
4,5654.127,grad,23975595008
4,5655.88,grad,23946053632
4,5657.374,grad,23946053632
4,5658.659,grad,23964928000
4,5660.09,grad,23941171200
4,5661.765,grad,23942254592
4,5663.017,grad,23934121984
4,5664.362,grad,23887919104
4,5665.647,grad,23961384960
4,5667.338,grad,23755538432
4,5668.59,grad,23749109760
4,5670.285,grad,23719568384
4,5671.834,grad,23719568384
4,5673.14,grad,23738442752
4,5674.818,grad,23714685952
4,5676.51,grad,23715769344
4,5677.755,grad,23708029952
4,5679.101,grad,23661827072
4,5680.345,grad,23657305088
4,5682.087,grad,23529053184
4,5683.331,grad,23537304576
4,5684.965,grad,23493083136
4,5686.466,grad,23493083136
4,5687.73,grad,23511957504
4,5689.146,grad,23488200704
4,5690.796,grad,23489284096
4,5692.052,grad,23481151488
4,5693.407,grad,23434948608
4,5694.657,grad,23430426624
4,5696.38,grad,23302240256
4,5697.882,grad,23295811584
4,5699.57,grad,23266270208
4,5701.104,grad,23266270208
4,5702.389,grad,23285144576
4,5703.78,grad,23261387776
4,5705.473,grad,23262471168
4,5706.74,grad,23254338560
4,5708.125,grad,23208135680
4,5709.376,grad,23164816384
4,5711.163,grad,23075427328
4,5712.398,grad,23083678720
4,5714.033,grad,23039457280
4,5715.539,grad,23039457280
4,5716.824,grad,23058331648
4,5719.189,grad,23034574848
4,5720.925,grad,23035658240
4,5722.213,grad,23027525632
4,5723.55,grad,22981322752
4,5724.811,grad,22976800768
4,5726.504,grad,22848548864
4,5727.749,grad,22856800256
4,5729.392,grad,22812578816
4,5730.94,grad,22812578816
4,5732.227,grad,22831453184
4,5733.642,grad,22807696384
4,5735.312,grad,22808779776
4,5736.576,grad,22878241792
4,5737.917,grad,22754444288
4,5739.165,grad,22749922304
4,5740.89,grad,22621735936
4,5742.147,grad,22629594112
4,5744.467,grad,22585765888
4,5746.005,grad,22585765888
4,5747.275,grad,22604640256
4,5748.706,grad,22580883456
4,5750.362,grad,22581966848
4,5751.596,grad,22573834240
4,5752.962,grad,22527631360
4,5754.204,grad,22523109376
4,5755.932,grad,22394923008
4,5757.168,grad,22403174400
4,5758.775,grad,22358952960
4,5760.288,grad,22358952960
4,5761.523,grad,22377696256
4,5763.293,grad,22354070528
4,5764.996,grad,22355153920
4,5766.246,grad,22347021312
4,5767.575,grad,22300818432
4,5768.826,grad,22296296448
4,5770.518,grad,22168110080
4,5771.763,grad,22176361472
4,5773.396,grad,22132140032
4,5774.938,grad,22132140032
4,5776.233,grad,22151014400
4,5777.621,grad,22127257600
4,5779.313,grad,22128340992
4,5780.547,grad,22120208384
4,5781.931,grad,22074005504
4,5783.17,grad,22069483520
4,5784.958,grad,21941297152
4,5786.216,grad,21949155328
4,5788.098,grad,21905327104
4,5789.62,grad,21905327104
4,5790.91,grad,21924201472
4,5792.306,grad,21900444672
4,5794.021,grad,21901528064
4,5795.278,grad,21970990080
4,5796.586,grad,21847192576
4,5797.832,grad,21803873280
4,5799.598,grad,21714484224
4,5800.835,grad,21708055552
4,5802.539,grad,21678514688
4,5804.085,grad,21678514176
4,5805.405,grad,21697454080
4,5807.094,grad,21673631744
4,5808.775,grad,21674715136
4,5810.081,grad,21666582528
4,5811.438,grad,21620379648
4,5812.686,grad,21615857664
4,5814.491,grad,21487671296
4,5815.752,grad,21481242624
4,5817.43,grad,21451701248
4,5818.995,grad,21451701248
4,5820.275,grad,21470575616
4,5821.734,grad,21446818816
4,5823.431,grad,21447902208
4,5824.714,grad,21439769600
4,5825.991,grad,21393566720
4,5827.242,grad,21350247424
4,5828.48,grad,21260858368
4,5829.758,grad,21268198400
4,5831.067,grad,21261704192
4,5832.717,grad,21224888320
4,5834.301,grad,21224888320
4,5835.66,grad,21243762688
4,5837.08,grad,21220005888
4,5838.761,grad,21221089280
4,5840.078,grad,21212956672
4,5841.45,grad,21166753792
4,5842.749,grad,21161838592
4,5844.634,grad,21033652224
4,5845.908,grad,21027223552
4,5847.613,grad,20997682176
4,5849.162,grad,20997682176
4,5850.407,grad,21016491008
4,5852.204,grad,20992799744
4,5853.928,grad,20993883136
4,5855.192,grad,20985750528
4,5856.596,grad,20939547648
4,5857.855,grad,20935025664
4,5859.635,grad,20806839296
4,5860.885,grad,20800410624
4,5862.576,grad,20770869760
4,5864.089,grad,20770869248
4,5865.373,grad,20790071296
4,5866.986,grad,20765986816
4,5868.725,grad,20767070208
4,5870.029,grad,20758937600
4,5871.395,grad,20712734720
4,5872.652,grad,20669415424
4,5874.452,grad,20580026368
4,5876.006,grad,20573597696
4,5877.75,grad,20544056320
4,5879.293,grad,20544056320
4,5880.587,grad,20562930688
4,5882.074,grad,20539173888
4,5883.74,grad,20540257280
4,5885.031,grad,20532124672
4,5886.463,grad,20485921792
4,5887.71,grad,20481399808
4,5888.996,grad,20353213440
4,5890.292,grad,20360553472
4,5891.575,grad,20332039168
4,5892.883,grad,20317243392
4,5894.493,grad,20317243392
4,5895.747,grad,20336052224
4,5897.595,grad,20312360960
4,5899.302,grad,20313444352
4,5900.538,grad,20305311744
4,5901.925,grad,20259108864
4,5903.175,grad,20254586880
4,5905.059,grad,20126400512
4,5906.32,grad,20119971840
4,5908.079,grad,20090430464
4,5909.627,grad,20090430464
4,5910.947,grad,20109304832
4,5912.473,grad,20085548032
4,5914.235,grad,20086631424
4,5915.529,grad,20078498816
4,5916.811,grad,20032295936
4,5918.059,grad,19988976640
4,5919.304,grad,19906925568
4,5920.737,grad,19906927616
4,5922.023,grad,19893093376
4,5923.621,grad,19863617536
4,5925.191,grad,19863617536
4,5926.492,grad,19882491904
4,5927.926,grad,19858735104
4,5929.628,grad,19859818496
4,5930.866,grad,19851685888
4,5932.147,grad,19805483008
4,5933.404,grad,19762163712
4,5934.648,grad,19672774656
4,5935.993,grad,19680114688
4,5937.264,grad,19651600384
4,5938.617,grad,19636805120
4,5940.076,grad,19636804608
4,5941.341,grad,19655547904
4,5943.2,grad,19631922176
4,5944.922,grad,19633005568
4,5946.202,grad,19624872960
4,5947.568,grad,19578670080
4,5948.814,grad,19534957568
4,5950.638,grad,19445568512
4,5951.969,grad,19439139840
4,5953.646,grad,19409598464
4,5955.171,grad,19409598464
4,5956.427,grad,19428407296
4,5958.118,grad,19404716032
4,5959.904,grad,19405799424
4,5961.14,grad,19397666816
4,5962.491,grad,19351463936
4,5963.736,grad,19307751424
4,5965.632,grad,19218362368
4,5967.143,grad,19211933696
4,5968.891,grad,19182392320
4,5970.422,grad,19182392320
4,5971.704,grad,19201266688
4,5973.128,grad,19177509888
4,5974.979,grad,19178593280
4,5976.237,grad,19170395136
4,5977.506,grad,19085460480
4,5978.75,grad,19119735808
4,5980.541,grad,18991549440
4,5981.777,grad,18985120768
4,5983.501,grad,18955579392
4,5985.131,grad,18955579392
4,5986.441,grad,18974519296
4,5988.377,grad,18950696960
4,5990.146,grad,18951780352
4,5991.413,grad,18943647744
4,5992.829,grad,18897444864
4,5994.137,grad,18892922880
4,5996.023,grad,18764736512
4,5997.29,grad,18758307840
4,5999.094,grad,18728766976
4,6000.64,grad,18728766464
4,6001.907,grad,18747640832
4,6003.476,grad,18723884032
4,6005.266,grad,18724967424
4,6006.546,grad,18716834816
4,6007.955,grad,18670631936
4,6009.224,grad,18666109952
4,6011.167,grad,18537923584
4,6012.416,grad,18545716224
4,6013.664,grad,18534575104
4,6014.992,grad,18501953536
4,6016.238,grad,18516633600
4,6017.477,grad,18520958976
4,6018.937,grad,18497071104
4,6020.663,grad,18498154496
4,6021.982,grad,18490021888
4,6023.409,grad,18443819008
4,6024.66,grad,18400499712
4,6026.45,grad,18311110656
4,6027.693,grad,18297341952
4,6029.417,grad,18267735040
4,6031.113,grad,18267472896
4,6032.419,grad,18286412800
4,6034.223,grad,18262590464
4,6035.501,grad,18252661760
4,6036.742,grad,18252661760
4,6037.992,grad,18252661760
4,6040.413,grad,18252661248
4,6041.838,grad,18252661248
4,6043.538,grad,18252661248
4,6047.68,grad,18252661248
4,6052.449,grad,18252661248
4,6058.832,grad,18252665344
4,6065.188,grad,18252665344
4,6071.57,grad,18252665344
4,6076.062,grad,18252665344
4,6077.349,grad,18256472576
4,6079.189,grad,18256601600
4,6081.921,grad,18260271616
4,6083.229,grad,18264990208
4,6084.514,grad,18264990208
4,6085.766,grad,18276582912
4,6087.384,grad,18279761408
4,6088.639,grad,18310237696
4,6090.751,grad,18337041920
4,6092.019,grad,18406280704
4,6093.445,grad,18375872000
4,6094.82,grad,18379544064
4,6096.297,grad,18379544064
4,6097.552,grad,18384262656
4,6098.811,grad,18387932672
4,6100.054,grad,18395855360
4,6101.603,grad,18399033856
4,6102.862,grad,18429477376
4,6104.813,grad,18456248832
4,6106.079,grad,18495078912
4,6107.353,grad,18498750976
4,6109.786,grad,18498750976
4,6111.112,grad,18503469568
4,6112.517,grad,18503469568
4,6113.813,grad,18515062272
4,6115.314,grad,18518240768
4,6116.576,grad,18548651520
4,6118.58,grad,18575455744
4,6119.864,grad,18614285824
4,6121.155,grad,18617957888
4,6123.563,grad,18617957888
4,6124.891,grad,18622676480
4,6126.224,grad,18626346496
4,6127.493,grad,18641609216
4,6129.018,grad,18637447680
4,6130.348,grad,18667891200
4,6132.579,grad,18714061312
4,6133.9,grad,18737162752
4,6135.236,grad,18737164800
4,6137.606,grad,18737164800
4,6138.827,grad,18742931968
4,6140.115,grad,18742931968
4,6141.37,grad,18761864704
4,6142.829,grad,18756654592
4,6144.088,grad,18788113920
4,6146.089,grad,18814918144
4,6147.371,grad,18853748224
4,6148.624,grad,18857418240
4,6151.331,grad,18857420288
4,6152.595,grad,18863187456
4,6153.928,grad,18867382272
4,6155.194,grad,18882120192
4,6156.572,grad,18876910080
4,6157.829,grad,18908402176
4,6159.731,grad,18935173632
4,6160.993,grad,18974003712
4,6162.292,grad,18977675776
4,6164.673,grad,18977675776
4,6165.943,grad,18983442944
4,6167.29,grad,18987637760
4,6168.781,grad,18987637248
4,6170.064,grad,18997689856
4,6171.343,grad,19005556224
4,6172.589,grad,19048056320
4,6174.383,grad,19055429120
4,6175.631,grad,19097929216
4,6176.891,grad,19097931264
4,6179.366,grad,19098045952
4,6180.682,grad,19102649856
4,6182.062,grad,19106844672
4,6183.359,grad,19121615360
4,6184.635,grad,19117421056
4,6185.93,grad,19147831808
4,6188.019,grad,19174636032
4,6189.503,grad,19217136128
4,6190.769,grad,19217138176
4,6192.034,grad,19217138176
4,6193.462,grad,19217138176
4,6194.713,grad,19221856768
4,6195.97,grad,19225526784
4,6197.267,grad,19240789504
4,6198.677,grad,19236627968
4,6199.932,grad,19267071488
4,6201.879,grad,19293842944
4,6203.128,grad,19336343040
4,6204.37,grad,19336345088
4,6206.975,grad,19336345088
4,6208.246,grad,19341063680
4,6209.566,grad,19341063680
4,6210.842,grad,19352656384
4,6212.48,grad,19355834880
4,6213.767,grad,19386278400
4,6215.69,grad,19413049856
4,6216.986,grad,19455943168
4,6218.258,grad,19455945216
4,6220.651,grad,19455945216
4,6221.916,grad,19460663808
4,6223.162,grad,19464858112
4,6224.407,grad,19472256512
4,6225.956,grad,19475435008
4,6227.21,grad,19505878528
4,6229.164,grad,19532649984
4,6230.42,grad,19571480064
4,6231.696,grad,19575152128
4,6234.127,grad,19575152128
4,6235.408,grad,19579870720
4,6236.745,grad,19584065536
4,6238.03,grad,19598836224
4,6239.291,grad,19594641920
4,6240.549,grad,19625085440
4,6242.707,grad,19651856896
4,6244.94,grad,19690686976
4,6247.482,grad,19694359040
4,6248.754,grad,19699077632
4,6250.043,grad,19703271936
4,6251.293,grad,19719058944
4,6252.658,grad,19714897408
4,6253.92,grad,19744292352
4,6255.848,grad,19772112384
4,6257.101,grad,19815661056
4,6258.405,grad,19815663104
4,6260.98,grad,19815663104
4,6262.237,grad,19820381696
4,6263.484,grad,19824576512
4,6264.756,grad,19839347200
4,6266.064,grad,19835152896
4,6267.318,grad,19866644992
4,6269.287,grad,19893416448
4,6270.564,grad,19932246528
4,6271.861,grad,19935918592
4,6274.328,grad,19935918592
4,6275.581,grad,19940637184
4,6276.97,grad,19940637184
4,6278.245,grad,19952229888
4,6279.761,grad,19955408384
4,6281.02,grad,19985819136
4,6283.107,grad,20013671936
4,6284.354,grad,20056172032
4,6285.596,grad,20056174080
4,6288.028,grad,20056174080
4,6289.288,grad,20060892672
4,6290.535,grad,20065086976
4,6291.825,grad,20079825408
4,6293.203,grad,20075663872
4,6294.444,grad,20106074624
4,6296.623,grad,20132878848
4,6297.847,grad,20194777600
4,6299.174,grad,20175380992
4,6301.579,grad,20175380992
4,6302.832,grad,20180099584
4,6304.077,grad,20183769600
4,6305.317,grad,20199032320
4,6306.817,grad,20195919360
4,6308.076,grad,20225314304
4,6310.051,grad,20253134336
4,6311.32,grad,20295634432
4,6312.746,grad,20295636480
4,6315.244,grad,20295636480
4,6316.51,grad,20300355072
4,6317.842,grad,20300355072
4,6319.103,grad,20311947776
4,6320.759,grad,20315126272
4,6322.019,grad,20345569792
4,6323.953,grad,20372341248
4,6325.232,grad,20411171328
4,6326.555,grad,20414843392
4,6329.0,grad,20414843392
4,6330.288,grad,20419561984
4,6331.576,grad,20419561984
4,6332.844,grad,20431154688
4,6334.35,grad,20434333184
4,6335.606,grad,20464776704
4,6337.595,grad,20491548160
4,6339.005,grad,20561180160
4,6340.339,grad,20534050304
4,6342.776,grad,20534050304
4,6344.069,grad,20538768896
4,6345.416,grad,20544012288
4,6346.664,grad,20566123008
4,6347.932,grad,20554588672
4,6349.233,grad,20585032192
4,6351.269,grad,20611803648
4,6353.483,grad,20650633728
4,6354.771,grad,20654305792
4,6356.178,grad,20654305792
4,6357.424,grad,20659417600
4,6358.734,grad,20663612416
4,6360.01,grad,20685723136
4,6361.318,grad,20673795584
4,6362.564,grad,20704632320
4,6364.412,grad,20731403776
4,6365.682,grad,20773903872
4,6366.998,grad,20773905920
4,6369.544,grad,20773905920
4,6370.838,grad,20778624512
4,6372.145,grad,20782819328
4,6373.391,grad,20797590016
4,6374.706,grad,20793395712
4,6375.956,grad,20823839232
4,6377.796,grad,20850610688
4,6380.009,grad,20889440768
4,6382.524,grad,20893112832
4,6385.666,grad,20897831424
4,6386.947,grad,20916764160
4,6388.399,grad,20912602624
4,6389.654,grad,20943046144
4,6391.56,grad,20969817600
4,6393.756,grad,21012317696
4,6395.035,grad,21012319744
4,6396.44,grad,21012319744
4,6398.678,grad,21017038336
4,6399.962,grad,21036495360
4,6401.406,grad,21032333824
4,6402.649,grad,21063825920
4,6404.76,grad,21109996032
4,6406.956,grad,21129427456
4,6409.477,grad,21133099520
4,6410.753,grad,21137818112
4,6412.096,grad,21142012928
4,6413.346,grad,21156783616
4,6414.679,grad,21152589312
4,6415.932,grad,21183032832
4,6417.865,grad,21210852864
4,6419.12,grad,21280091648
4,6420.431,grad,21253355008
4,6423.066,grad,21253355008
4,6424.314,grad,21258073600
4,6425.596,grad,21261743616
4,6426.872,grad,21277006336
4,6428.513,grad,21280184832
4,6429.837,grad,21303288320
4,6431.823,grad,21330059776
4,6433.104,grad,21368889856
4,6434.375,grad,21372561920
4,6436.879,grad,21372561920
4,6438.159,grad,21377280512
4,6439.542,grad,21377280512
4,6440.867,grad,21389921792
4,6442.498,grad,21393100288
4,6443.791,grad,21424592384
4,6445.772,grad,21451363840
4,6447.056,grad,21513262592
4,6448.354,grad,21493865984
4,6450.782,grad,21493865984
4,6452.056,grad,21498584576
4,6453.31,grad,21498584576
4,6454.554,grad,21517517312
4,6456.133,grad,21513355776
4,6457.378,grad,21543799296
4,6459.536,grad,21571619328
4,6460.812,grad,21614119424
4,6462.237,grad,21614121472
4,6463.629,grad,22077592576
4,6464.871,grad,22077602304
4,6466.997,grad,22073923584
4,6468.248,grad,21918210560
4,6469.501,grad,21918210560
4,6470.754,grad,21918210560
4,6472.261,grad,22229639168
4,6473.974,grad,21614116352
4,6475.283,grad,21611884032
4,6476.677,grad,21588782592
4,6477.929,grad,21546806784
4,6479.768,grad,21521708544
4,6481.066,grad,21518493184
4,6482.691,grad,21503721984
4,6484.229,grad,21503721984
4,6485.535,grad,21513093632
4,6487.441,grad,21501526528
4,6489.169,grad,21503658496
4,6490.428,grad,21497985536
4,6491.814,grad,21474884096
4,6493.072,grad,21472852480
4,6494.896,grad,21408956928
4,6496.148,grad,21404692992
4,6497.771,grad,21388873216
4,6499.314,grad,21388873216
4,6500.661,grad,21398310400
4,6502.093,grad,21386677760
4,6503.795,grad,21388809728
4,6505.098,grad,21383202304
4,6506.528,grad,21360100864
4,6507.793,grad,21346338304
4,6509.051,grad,21317895680
4,6510.493,grad,21298499072
4,6511.748,grad,21284240896
4,6513.051,grad,21276843008
4,6514.486,grad,21276842496
4,6515.745,grad,21286214144
4,6517.37,grad,21274647040
4,6519.096,grad,21276779008
4,6520.394,grad,21271433728
4,6521.816,grad,21248332288
4,6523.057,grad,21245579776
4,6524.971,grad,21182011904
4,6526.266,grad,21178796544
4,6527.916,grad,21164025344
4,6529.589,grad,21164025344
4,6531.175,grad,21173396992
4,6532.861,grad,21161829888
4,6534.783,grad,21163961856
4,6536.041,grad,21197413888
4,6537.403,grad,21135515136
4,6538.645,grad,21133811200
4,6539.855,grad,21070243328
4,6541.263,grad,21073913344
4,6542.532,grad,21065946624
4,6543.84,grad,21050683904
4,6545.395,grad,21050683904
4,6546.628,grad,21060809216
4,6548.194,grad,21048488448
4,6549.912,grad,21050620416
4,6551.206,grad,21045275136
4,6552.705,grad,21022173696
4,6553.953,grad,21004544512
4,6555.189,grad,20991011328
4,6556.479,grad,20956901888
4,6557.729,grad,20953686528
4,6559.348,grad,20938915328
4,6560.901,grad,20938915328
4,6562.151,grad,20948319744
4,6563.651,grad,20936719872
4,6565.303,grad,20938851840
4,6566.58,grad,20933506560
4,6567.967,grad,20910405120
4,6569.211,grad,20908701184
4,6571.052,grad,20845133312
4,6572.306,grad,20841917952
4,6573.928,grad,20827146752
4,6575.483,grad,20827146752
4,6576.752,grad,20835207680
4,6578.478,grad,20824951296
4,6580.157,grad,20827083264
4,6581.409,grad,20821737984
4,6582.757,grad,20798636544
4,6584.021,grad,20777533952
4,6585.787,grad,20733364736
4,6587.045,grad,20729756160
4,6588.604,grad,20714984960
4,6590.146,grad,20714984960
4,6591.397,grad,20724389376
4,6592.921,grad,20712789504
4,6594.569,grad,20714921472
4,6595.813,grad,20709576192
4,6597.374,grad,20686474752
4,6598.633,grad,20685393408
4,6600.351,grad,20621760000
4,6601.608,grad,20618544640
4,6603.201,grad,20602724864
4,6604.768,grad,20602724864
4,6606.083,grad,20613177856
4,6607.608,grad,20600529408
4,6609.332,grad,20602661376
4,6610.615,grad,20597643776
4,6612.031,grad,20574542336
4,6613.292,grad,20553832960
4,6615.088,grad,20510056960
4,6616.328,grad,20506841600
4,6617.947,grad,20492070400
4,6619.449,grad,20492070400
4,6620.695,grad,20492824064
4,6622.534,grad,20489874944
4,6624.204,grad,20492006912
4,6625.445,grad,20487054848
4,6626.808,grad,20463953408
4,6628.047,grad,20443244032
4,6629.851,grad,20399468032
4,6631.12,grad,20396252672
4,6632.708,grad,20381481472
4,6634.233,grad,20381481472
4,6635.476,grad,20390885888
4,6636.981,grad,20379286016
4,6638.618,grad,20381417984
4,6639.867,grad,20376465920
4,6641.154,grad,20353364480
4,6642.503,grad,20374925824
4,6643.763,grad,20315419136
4,6645.182,grad,20288879104
4,6646.423,grad,20284615168
4,6648.014,grad,20269843968
4,6649.525,grad,20269843968
4,6650.772,grad,20279248384
4,6652.313,grad,20267648512
4,6654.027,grad,20269780480
4,6655.283,grad,20264828416
4,6656.695,grad,20222328320
4,6658.055,grad,20279213568
4,6659.904,grad,20180911616
4,6661.253,grad,20181366272
4,6662.872,grad,20159255040
4,6664.377,grad,20159255040
4,6665.638,grad,20167315968
4,6667.375,grad,20157059584
4,6669.093,grad,20159191552
4,6670.351,grad,20154239488
4,6671.718,grad,20131138048
4,6672.994,grad,20128778752
4,6674.812,grad,20065604096
4,6676.074,grad,20062388736
4,6677.681,grad,20047617536
4,6679.212,grad,20047617536
4,6680.458,grad,20057218560
4,6682.082,grad,20045422080
4,6683.763,grad,20047554048
4,6685.05,grad,20042601984
4,6686.387,grad,20019500544
4,6687.654,grad,20018189824
4,6689.714,grad,19953966592
4,6691.012,grad,19950751232
4,6692.648,grad,19935980032
4,6694.193,grad,19935980032
4,6695.436,grad,19945384448
4,6696.942,grad,19932736000
4,6698.614,grad,19934867968
4,6699.888,grad,19929915904
4,6701.241,grad,19906814464
4,6702.496,grad,19904455168
4,6704.344,grad,19841280512
4,6705.589,grad,19838065152
4,6707.215,grad,19823293952
4,6708.792,grad,19823293952
4,6710.079,grad,19833943552
4,6712.011,grad,19821098496
4,6713.75,grad,19823230464
4,6715.068,grad,19818278400
4,6716.449,grad,19795176960
4,6717.722,grad,19793866240
4,6719.578,grad,19730691584
4,6720.882,grad,19727476224
4,6722.517,grad,19712705024
4,6724.084,grad,19712705024
4,6725.342,grad,19722109440
4,6726.933,grad,19710509568
4,6728.666,grad,19712641536
4,6729.969,grad,19707689472
4,6731.366,grad,19684588032
4,6732.625,grad,19683277312
4,6734.495,grad,19620102656
4,6735.74,grad,19623997952
4,6737.62,grad,19602116096
4,6739.155,grad,19602116096
4,6740.397,grad,19611487744
4,6741.986,grad,19599920640
4,6743.66,grad,19602052608
4,6744.916,grad,19594937856
4,6746.193,grad,19573605888
4,6747.43,grad,19552896512
4,6748.67,grad,19516458496
4,6750.082,grad,19512790528
4,6751.336,grad,19498532352
4,6752.655,grad,19491134464
4,6754.126,grad,19491133952
4,6755.36,grad,19500538368
4,6757.258,grad,19488938496
4,6758.974,grad,19491070464
4,6760.22,grad,19486118400
4,6761.577,grad,19463016960
4,6762.836,grad,19461706240
4,6764.687,grad,19398531584
4,6765.977,grad,19395316224
4,6767.594,grad,19380545536
4,6769.119,grad,19380545024
4,6770.357,grad,19389949440
4,6771.985,grad,19378349568
4,6773.745,grad,19380481536
4,6775.038,grad,19375529472
4,6776.418,grad,19352428032
4,6777.656,grad,19331718656
4,6779.488,grad,19287942656
4,6780.727,grad,19291837952
4,6781.982,grad,19269956096
4,6783.243,grad,19269956096
4,6784.489,grad,19277296128
4,6785.732,grad,19279360512
4,6787.318,grad,19267760640
4,6789.046,grad,19269892608
4,6790.289,grad,19265006080
4,6791.566,grad,19241904640
4,6792.822,grad,19228600832
4,6794.063,grad,19181218304
4,6795.451,grad,19181220352
4,6796.689,grad,19165913600
4,6797.98,grad,19158515712
4,6799.431,grad,19158515200
4,6800.667,grad,19167919616
4,6802.527,grad,19156319744
4,6804.219,grad,19158451712
4,6805.458,grad,19153565184
4,6806.831,grad,19130463744
4,6808.075,grad,19110868480
4,6809.95,grad,19065093632
4,6811.235,grad,19060829696
4,6812.897,grad,19046058496
4,6814.409,grad,19046058496
4,6815.649,grad,19055462912
4,6817.267,grad,19043863040
4,6818.993,grad,19045995008
4,6820.268,grad,19040092672
4,6821.631,grad,19016991232
4,6822.899,grad,19015975424
4,6824.749,grad,18950801920
4,6825.995,grad,18953648640
4,6827.893,grad,18931766784
4,6829.421,grad,18931766784
4,6830.66,grad,18941171200
4,6832.238,grad,18929571328
4,6833.953,grad,18931703296
4,6835.203,grad,18925997568
4,6836.445,grad,18902896128
4,6837.684,grad,18881236480
4,6838.932,grad,18844044800
4,6840.29,grad,18840376832
4,6841.553,grad,18833458688
4,6843.009,grad,18818720256
4,6844.582,grad,18818720256
4,6845.826,grad,18828124672
4,6847.578,grad,18816524800
4,6849.277,grad,18818656768
4,6850.541,grad,18812754432
4,6851.911,grad,18789652992
4,6853.189,grad,18768189952
4,6855.028,grad,18723463680
4,6856.312,grad,18720248320
4,6857.914,grad,18705477120
4,6859.44,grad,18705477120
4,6860.678,grad,18714881536
4,6862.315,grad,18703281664
4,6864.092,grad,18705413632
4,6865.36,grad,18699707904
4,6866.711,grad,18676606464
4,6867.963,grad,18674345472
4,6869.851,grad,18610220544
4,6871.096,grad,18614148608
4,6872.966,grad,18592233984
4,6874.49,grad,18592233984
4,6875.735,grad,18601638400
4,6877.279,grad,18590038528
4,6878.96,grad,18592170496
4,6880.206,grad,18585055744
4,6881.515,grad,18563166720
4,6882.76,grad,18541507072
4,6884.031,grad,18504086016
4,6885.413,grad,18500418048
4,6886.662,grad,18482489856
4,6887.963,grad,18475091968
4,6889.472,grad,18474829312
4,6890.786,grad,18484200960
4,6892.816,grad,18472633856
4,6894.12,grad,18467423744
4,6895.365,grad,18467423744
4,6896.597,grad,18467423744
4,6899.399,grad,18467423232
4,6900.685,grad,18467423232
4,6901.954,grad,18467423232
4,6903.244,grad,18467423232
4,6906.694,grad,18467423232
4,6909.247,grad,18467423232
4,6910.506,grad,18469749760
4,6911.812,grad,18474402816
4,6913.064,grad,18473354240
4,6914.322,grad,18478957568
4,6915.582,grad,18480792576
4,6916.827,grad,18474599424
4,6918.065,grad,18489082880
4,6919.306,grad,18474927104
4,6920.566,grad,18471781376
4,6921.797,grad,18468471808
4,6923.088,grad,18471060480
4,6924.347,grad,18468963328
4,6925.594,grad,18464637952
4,6926.833,grad,18477483008
4,6928.064,grad,18457658368
4,6929.305,grad,18455462912
4,6930.537,grad,18454184960
4,6931.796,grad,18455200768
4,6933.049,grad,18454512640
4,6934.32,grad,18460771328
4,6935.582,grad,18443633664
4,6936.822,grad,18445042688
4,6938.063,grad,18444616704
4,6939.315,grad,18445763584
4,6940.843,grad,18442810880
4,6943.119,grad,18442810880
4,6944.4,grad,18445286400
4,6945.696,grad,18607981568
4,6947.035,grad,18607981568
4,6948.5,grad,18607981568
4,6949.738,grad,18607982080
4,6950.986,grad,17443584512
4,6952.236,grad,16136665600
4,6953.47,grad,16164387328
4,6954.7,grad,16193583616
4,6955.943,grad,16222812672
4,6957.183,grad,16252860928
4,6958.432,grad,16282155520
4,6959.707,grad,16136304640
4,6960.955,grad,16060872704
4,6962.398,noise,15973544448
4,6963.677,noise,15973544448
4,6964.935,noise,15973544448
4,6966.235,noise,15975051776
4,6967.505,noise,15975510528
4,6968.756,noise,15975510528
4,6970.015,noise,15976952320
4,6971.274,noise,15976952320
4,6972.506,noise,15979508224
4,6973.741,noise,15978426880
4,6975.003,noise,15978885632
4,6976.255,noise,15979344384
4,6977.487,noise,15979606528
4,6978.713,noise,15980818944
4,6979.989,noise,15981179392
4,6981.296,noise,15981408768
4,6982.537,noise,15982621184
4,6983.771,noise,15982850560
4,6985.013,noise,15982850560
4,6986.279,noise,15984292352
4,6987.511,noise,15984783872
4,6988.748,noise,15985242624
4,6990.018,noise,15985504768
4,6991.252,noise,15985504768
4,6992.479,noise,15986946560
4,6993.753,noise,15987175936
4,6995.013,noise,15987175936
4,6996.25,noise,15988617728
4,6997.496,noise,15988617728
4,6998.761,noise,15989830144
4,7000.019,noise,15990321664
4,7001.264,noise,15991009792
4,7002.499,noise,15991271936
4,7003.726,noise,15991271936
4,7004.965,noise,15992713728
4,7006.202,noise,15992943104
4,7007.429,noise,15992943104
4,7008.667,noise,15994384896
4,7009.916,noise,15994384896
4,7011.173,noise,15995597312
4,7012.417,noise,15996088832
4,7013.663,noise,15996776960
4,7014.907,noise,15997039104
4,7016.133,noise,15997039104
4,7017.358,noise,15998480896
4,7018.585,noise,15998710272
4,7019.809,noise,15998710272
4,7021.031,noise,16000152064
4,7022.266,noise,16000152064
4,7023.494,noise,16001364480
4,7024.724,noise,16001856000
4,7025.966,noise,16002314752
4,7027.206,noise,16002806272
4,7028.432,noise,16002806272
4,7029.66,noise,16004018688
4,7030.896,noise,16004477440
4,7032.127,noise,16004477440
4,7033.37,noise,16006148608
4,7034.618,noise,16005919232
4,7035.845,noise,16008344064
4,7037.074,noise,16007393792
4,7038.31,noise,16007852544
4,7039.534,noise,16008311296
4,7040.769,noise,16008573440
4,7042.065,noise,16009785856
4,7043.318,noise,16010015232
4,7044.552,noise,16010244608
4,7045.781,noise,16011457024
4,7047.019,noise,16011686400
4,7048.248,noise,16011686400
4,7049.514,noise,16013128192
4,7050.743,noise,16013619712
4,7051.98,noise,16014078464
4,7053.217,noise,16014340608
4,7054.438,noise,16014340608
4,7055.662,noise,16015782400
4,7056.903,noise,16016011776
4,7058.14,noise,16016011776
4,7059.365,noise,16017453568
4,7060.586,noise,16017453568
4,7061.809,noise,16018665984
4,7063.03,noise,16019157504
4,7064.254,noise,16019616256
4,7065.478,noise,16020107776
4,7066.71,noise,16020107776
4,7068.044,noise,16021549568
4,7069.289,noise,16021778944
4,7070.53,noise,16021778944
4,7071.761,noise,16023220736
4,7073.009,noise,16023220736
4,7074.298,noise,16024433152
4,7075.64,noise,16024924672
4,7076.932,noise,16025383424
4,7078.195,noise,16025874944
4,7079.427,noise,16025874944
4,7080.652,noise,16027087360
4,7081.888,noise,16027546112
4,7083.116,noise,16027546112
4,7084.367,noise,16028987904
4,7085.644,noise,16028987904
4,7086.896,noise,16031412736
4,7088.134,noise,16030462464
4,7089.362,noise,16030921216
4,7090.597,noise,16031379968
4,7091.826,noise,16031642112
4,7093.059,noise,16032854528
4,7094.298,noise,16033083904
4,7095.538,noise,16033313280
4,7096.763,noise,16034525696
4,7098.0,noise,16034755072
4,7099.221,noise,16034755072
4,7100.466,noise,16036655616
4,7101.692,noise,16036459008
4,7102.947,noise,16036917760
4,7104.178,noise,16037409280
4,7105.401,noise,16037409280
4,7106.621,noise,16038621696
4,7107.871,noise,16039080448
4,7109.13,noise,16039080448
4,7110.378,noise,16040980992
4,7111.714,noise,16040522240
4,7113.014,noise,16041734656
4,7114.269,noise,16042226176
4,7115.5,noise,16042684928
4,7116.735,noise,16043176448
4,7117.974,noise,16043176448
4,7119.196,noise,16044716544
4,7120.428,noise,16045175296
4,7121.652,noise,16045175296
4,7122.894,noise,16046617088
4,7124.142,noise,16046617088
4,7125.368,noise,16047829504
4,7126.595,noise,16048091648
4,7127.825,noise,16048550400
4,7129.061,noise,16049009152
4,7130.314,noise,16049271296
4,7131.539,noise,16050483712
4,7132.76,noise,16050713088
4,7133.997,noise,16050942464
4,7135.229,noise,16052154880
4,7136.467,noise,16052384256
4,7137.692,noise,16052384256
4,7138.924,noise,16053826048
4,7140.16,noise,16054317568
4,7141.407,noise,16054776320
4,7142.671,noise,16055038464
4,7143.919,noise,16055038464
4,7145.15,noise,16056480256
4,7146.38,noise,16056709632
4,7147.607,noise,16056709632
4,7148.828,noise,16058151424
4,7150.064,noise,16058151424
4,7151.304,noise,16059363840
4,7152.549,noise,16059855360
4,7153.833,noise,16060314112
4,7155.089,noise,16060805632
4,7156.32,noise,16060805632
4,7157.545,noise,16062018048
4,7158.77,noise,16062476800
4,7160.003,noise,16062476800
4,7161.249,noise,16063918592
4,7162.476,noise,16063918592
4,7163.698,noise,16065131008
4,7164.94,noise,16065393152
4,7166.198,noise,16065851904
4,7167.432,noise,16066310656
4,7168.683,noise,16066572800
4,7169.953,noise,16067785216
4,7171.204,noise,16068145664
4,7172.444,noise,16068375040
4,7173.694,noise,16069587456
4,7175.028,noise,16069816832
4,7176.321,noise,16069816832
4,7177.657,noise,16071291392
4,7178.991,noise,16071750144
4,7180.251,noise,16072438272
4,7181.492,noise,16072471040
4,7182.726,noise,16072471040
4,7183.996,noise,16073912832
4,7185.234,noise,16074142208
4,7186.488,noise,16075354624
4,7187.797,noise,16075584000
4,7189.1,noise,16075584000
4,7190.387,noise,16077025792
4,7191.633,noise,16077517312
4,7192.879,noise,16078205440
4,7194.141,noise,16078238208
4,7195.391,noise,16078238208
4,7196.66,noise,16079680000
4,7197.94,noise,16079909376
4,7199.203,noise,16081121792
4,7200.478,noise,16081351168
4,7201.742,noise,16081351168
4,7203.023,noise,16082792960
4,7204.285,noise,16083284480
4,7205.517,noise,16083972608
4,7206.747,noise,16084005376
4,7207.988,noise,16084005376
4,7209.244,noise,16085447168
4,7210.507,noise,16085676544
4,7211.813,noise,16086888960
4,7213.07,noise,16087118336
4,7214.336,noise,16087118336
4,7215.576,noise,16088560128
4,7216.827,noise,16089051648
4,7218.067,noise,16089510400
4,7219.309,noise,16089772544
4,7220.536,noise,16089772544
4,7221.767,noise,16091574784
4,7223.022,noise,16091574784
4,7224.261,noise,16091574784
4,7225.492,noise,16093016576
4,7226.719,noise,16093016576
4,7227.961,noise,16094228992
4,7229.202,noise,16094720512
4,7230.433,noise,16095408640
4,7231.662,noise,16095670784
4,7232.914,noise,16095670784
4,7234.157,noise,16097112576
4,7235.392,noise,16097341952
4,7236.619,noise,16097341952
4,7237.841,noise,16098783744
4,7239.063,noise,16098783744
4,7240.291,noise,16099996160
4,7241.537,noise,16100487680
4,7242.787,noise,16100946432
4,7244.03,noise,16101437952
4,7245.263,noise,16101437952
4,7246.488,noise,16102650368
4,7247.715,noise,16103109120
4,7248.953,noise,16103109120
4,7250.176,noise,16104550912
4,7251.405,noise,16104550912
4,7252.627,noise,16105763328
4,7253.86,noise,16106025472
4,7255.094,noise,16106484224
4,7256.327,noise,16106942976
4,7257.555,noise,16107205120
4,7258.781,noise,16108417536
4,7260.013,noise,16108646912
4,7261.245,noise,16108876288
4,7262.468,noise,16110088704
4,7263.693,noise,16110318080
4,7264.927,noise,16110318080
4,7266.147,noise,16111989248
4,7267.375,noise,16112022016
4,7268.602,noise,16112480768
4,7269.827,noise,16112972288
4,7271.05,noise,16112972288
4,7272.277,noise,16114315776
4,7273.507,noise,16114774528
4,7274.736,noise,16114774528
4,7275.971,noise,16116216320
4,7277.213,noise,16116216320
4,7278.438,noise,16118641152
4,7279.664,noise,16117690880
4,7280.903,noise,16118149632
4,7282.128,noise,16118608384
4,7283.359,noise,16118870528
4,7284.622,noise,16120082944
4,7285.94,noise,16120541696
4,7287.229,noise,16120541696
4,7288.537,noise,16121754112
4,7289.786,noise,16121983488
4,7291.045,noise,16123195904
4,7292.284,noise,16123458048
4,7293.528,noise,16123916800
4,7294.782,noise,16124604928
4,7296.028,noise,16124637696
4,7297.267,noise,16125850112
4,7298.508,noise,16126308864
4,7299.741,noise,16126308864
4,7300.981,noise,16127521280
4,7302.218,noise,16127750656
4,7303.458,noise,16127750656
4,7304.698,noise,16129192448
4,7305.966,noise,16129683968
4,7307.275,noise,16130372096
4,7308.551,noise,16130404864
4,7309.812,noise,16130404864
4,7311.048,noise,16131846656
4,7312.288,noise,16132076032
4,7313.532,noise,16132076032
4,7314.788,noise,16133517824
4,7316.076,noise,16133517824
4,7317.349,noise,16134730240
4,7318.634,noise,16135221760
4,7319.856,noise,16135680512
4,7321.503,noise,16135942656
4,7322.775,noise,16026464768
4,7324.119,optimizer,15974167040
4,7325.444,optimizer,15977029120
4,7326.713,optimizer,15977594880
4,7327.999,optimizer,15979203584
4,7329.296,optimizer,15979243008
4,7330.546,optimizer,15980153344
4,7331.79,optimizer,15980627968
4,7333.041,optimizer,15982935040
4,7334.315,optimizer,15984012800
4,7335.551,optimizer,15985467904
4,7336.786,optimizer,15985672704
4,7338.026,optimizer,15986162176
4,7339.254,optimizer,15986649600
4,7340.513,optimizer,15987977216
4,7341.783,optimizer,15988691456
4,7343.049,optimizer,15991207936
4,7344.284,optimizer,15992754688
4,7345.514,optimizer,15991840256
4,7346.752,optimizer,15992540672
4,7347.993,optimizer,15993029632
4,7349.234,optimizer,15995335680
4,7350.49,optimizer,15996282368
4,7351.735,optimizer,15997661696
4,7352.979,optimizer,15997943296
4,7354.211,optimizer,15998431232
4,7355.439,optimizer,15998934016
4,7356.667,optimizer,15999034880
4,7357.903,optimizer,16000960512
4,7359.13,optimizer,16003491328
4,7360.358,optimizer,16005024768
4,7361.605,optimizer,16004321792
4,7362.838,optimizer,16005053440
4,7364.065,optimizer,16005365760
4,7365.293,optimizer,16007096320
4,7366.522,optimizer,16009627648
4,7367.753,optimizer,16010635264
4,7368.991,optimizer,16010699776
4,7370.218,optimizer,16011189248
4,7371.466,optimizer,16012635648
4,7372.698,optimizer,16013245440
4,7373.936,optimizer,16016219648
4,7375.166,optimizer,16016346112
4,7376.393,optimizer,16017064448
4,7377.621,optimizer,16017567744
4,7378.849,optimizer,16021087232
4,7380.079,optimizer,16020669440
4,7381.325,optimizer,16023185920
4,7382.556,optimizer,16022515200
4,7383.795,optimizer,16023442944
4,7385.048,optimizer,16023736832
4,7386.28,optimizer,16026254336
4,7387.512,optimizer,16029359104
4,7388.747,optimizer,16029696000
4,7389.983,optimizer,16029220864
4,7391.211,optimizer,16029724672
4,7392.44,optimizer,16029872128
4,7393.672,optimizer,16031781888
4,7394.927,optimizer,16033772544
4,7396.16,optimizer,16034882560
4,7397.394,optimizer,16035599872
4,7398.65,optimizer,16036104192
4,7399.895,optimizer,16039851520
4,7401.132,optimizer,16039204864
4,7402.384,optimizer,16042932224
4,7403.63,optimizer,16041064448
4,7404.838,optimizer,16041978368
4,7406.082,optimizer,16042273280
4,7407.316,optimizer,16044035072
4,7408.565,optimizer,16046594560
4,7409.81,optimizer,16047116288
4,7411.051,optimizer,16047640064
4,7412.345,optimizer,16048357888
4,7413.579,optimizer,16049499648
4,7414.828,optimizer,16050414592
4,7416.056,optimizer,16053176320
4,7417.304,optimizer,16053220864
4,7418.553,optimizer,16054178304
4,7419.816,optimizer,16054867968
4,7421.044,optimizer,16057190400
4,7422.291,optimizer,16059935232
4,7423.586,optimizer,16060499968
4,7424.838,optimizer,16059600896
4,7426.094,optimizer,16060285440
4,7427.356,optimizer,16060809728
4,7428.603,optimizer,16063324672
4,7429.845,optimizer,16063874560
4,7431.085,optimizer,16065408512
4,7432.336,optimizer,16065490944
4,7433.573,optimizer,16066863104
4,7434.832,optimizer,16066936320
4,7436.073,optimizer,16068037120
4,7437.303,optimizer,16068720640
4,7438.532,optimizer,16070712320
4,7439.766,optimizer,16071820800
4,7441.047,optimizer,16072309760
4,7442.402,optimizer,16072813568
4,7443.717,optimizer,16072881152
4,7444.973,optimizer,16075069440
4,7446.212,optimizer,16077487616
4,7447.449,optimizer,16079049216
4,7448.684,optimizer,16078136832
4,7449.93,optimizer,16078820352
4,7451.183,optimizer,16079343104
4,7452.438,optimizer,16082827776
4,7453.699,optimizer,16082560512
4,7454.942,optimizer,16083943424
4,7456.173,optimizer,16084224000
4,7457.405,optimizer,16084939776
4,7458.64,optimizer,16085444096
4,7459.884,optimizer,16088962560
4,7461.12,optimizer,16088544768
4,7462.363,optimizer,16091061248
4,7463.593,optimizer,16090433024
4,7464.828,optimizer,16091548672
4,7466.063,optimizer,16091613696
4,7467.292,optimizer,16093146624
4,7468.52,optimizer,16095891968
4,7469.755,optimizer,16096456704
4,7470.995,optimizer,16097008128
4,7472.222,optimizer,16097469440
4,7473.456,optimizer,16098915840
4,7474.684,optimizer,16099755008
4,7475.925,optimizer,16102385664
4,7477.176,optimizer,16102462464
4,7478.418,optimizer,16103359488
4,7479.659,optimizer,16104109568
4,7480.931,optimizer,16106400256
4,7482.182,optimizer,16109373440
4,7483.417,optimizer,16109710336
4,7484.665,optimizer,16109693440
4,7485.905,optimizer,16109753344
4,7487.135,optimizer,16111033856
4,7488.382,optimizer,16111796224
4,7489.631,optimizer,16114540032
4,7490.825,optimizer,16114896896
4,7492.056,optimizer,16115614208
4,7493.291,optimizer,16116118016
4,7494.555,optimizer,16119865856
4,7495.827,optimizer,16119219200
4,7497.073,optimizer,16122947072
4,7498.312,optimizer,16121078784
4,7499.556,optimizer,16122222080
4,7500.797,optimizer,16122289152
4,7502.038,optimizer,16124278784
4,7503.276,optimizer,16126581760
4,7504.512,optimizer,16127425024
4,7505.753,optimizer,16127654912
4,7506.991,optimizer,16128372736
4,7508.223,optimizer,16130726912
4,7509.453,optimizer,16131563008
4,7510.706,optimizer,16133022208
4,7511.999,optimizer,16133365760
4,7513.236,optimizer,16134034432
4,7514.466,optimizer,16134556160
4,7515.72,optimizer,16137088000
4,7516.961,optimizer,16140047360
4,7518.197,optimizer,16140384256
4,7519.438,optimizer,16140137984
4,7520.672,optimizer,16140427264
4,7521.914,optimizer,16141708288
4,7523.169,optimizer,16142455296
4,7524.398,optimizer,16145013248
4,7525.656,optimizer,16146519040
4,7526.907,optimizer,16146273280
4,7528.136,optimizer,16146560512
4,7529.391,optimizer,16146827776
4,7530.635,optimizer,16146663936
4,7531.865,optimizer,16147122688
4,7533.112,optimizer,16146663936
4,7534.361,optimizer,16146729472
4,7535.591,optimizer,16147122688
4,7536.825,optimizer,16146663936
4,7538.055,optimizer,16149088256
4,7539.279,optimizer,16146663424
4,7540.515,optimizer,16149089792
4,7541.811,optimizer,16147580928
4,7543.049,optimizer,16147122688
4,7544.28,optimizer,16146663936
4,7545.507,optimizer,16147122176
4,7546.766,optimizer,16146663424
4,7548.008,optimizer,16146663936
4,7549.258,optimizer,16147122688
4,7550.49,optimizer,16147122176
4,7551.724,optimizer,16146663424
4,7552.98,optimizer,16147122176
4,7554.214,optimizer,16149088256
4,7555.451,optimizer,16146663936
4,7556.702,optimizer,16146663424
4,7557.94,optimizer,16147122176
4,7559.168,optimizer,16149088768
4,7560.392,optimizer,16146728960
4,7561.623,optimizer,16146663936
4,7562.847,optimizer,16147122176
4,7564.094,optimizer,16147122176
4,7565.32,optimizer,16146663424
4,7566.567,optimizer,16146663424
4,7567.813,optimizer,16146663424
4,7569.058,optimizer,16146663936
4,7570.349,optimizer,16146664960
4,7571.606,optimizer,16162754048
4,7572.846,optimizer,16175500800
4,7574.08,optimizer,16192638464
4,7575.312,optimizer,16204205568
4,7576.555,optimizer,16218361344
4,7577.812,optimizer,16233729536
4,7579.043,optimizer,16248868352
4,7580.27,optimizer,16262794752
4,7581.501,optimizer,16277704192
4,7582.733,optimizer,16291892224
4,7583.989,optimizer,16307981824
4,7585.223,optimizer,16215507968
4,7586.565,optimizer,16146989568
4,7587.833,optimizer,16177299968
4,7589.095,optimizer,16209478144
4,7590.403,optimizer,16239788544
4,7591.72,optimizer,16273342976
4,7592.975,optimizer,16303358464
4,7594.214,optimizer,16192733696
4,7595.453,optimizer,16157868544
4,7596.682,optimizer,16189686272
4,7597.924,optimizer,16221176320
4,7599.16,optimizer,16250733056
4,7600.389,optimizer,16281502208
4,7601.628,optimizer,16302506496
4,7602.824,optimizer,16157704704
4,7604.062,optimizer,16001597952
4,7605.296,optimizer,15981556736
4,7606.537,optimizer,15979241472
4,7607.771,optimizer,15975565824
4,7609.023,optimizer,15975215616
4,7610.282,optimizer,15975215616
4,7611.54,optimizer,15975215616
4,7613.079,optimizer,15975215616
