step,t_ms,phase,alloc_bytes
3,5.747,grad,15974299136
3,12.15,grad,15974307328
3,18.536,grad,15974307328
3,24.894,grad,15974307328
3,29.296,grad,15974307328
3,30.655,grad,15981784576
3,32.729,grad,15981913600
3,35.683,grad,15989253632
3,37.06,grad,15998690816
3,38.543,grad,15998690816
3,39.807,grad,16021875200
3,41.724,grad,16028232192
3,42.971,grad,16075422208
3,44.235,grad,16221305344
3,45.539,grad,16143710720
3,46.809,grad,16228710912
3,48.556,grad,16221370880
3,51.492,grad,16228715008
3,52.797,grad,16238152192
3,54.224,grad,16238152192
3,55.478,grad,16261336576
3,57.211,grad,16267693568
3,58.468,grad,16313835008
3,59.714,grad,16459718144
3,60.946,grad,16382123520
3,62.189,grad,16520601088
3,63.656,grad,16459783680
3,66.548,grad,16467127808
3,67.852,grad,16476564992
3,69.276,grad,16476564992
3,70.773,grad,16492409344
3,72.714,grad,16506106368
3,74.001,grad,16552247808
3,75.267,grad,16698130944
3,76.633,grad,16659333632
3,78.988,grad,16698196480
3,81.935,grad,16705540608
3,83.247,grad,16714977792
3,84.677,grad,16714977792
3,85.971,grad,16738162176
3,87.743,grad,16744519168
3,89.047,grad,16790660608
3,90.351,grad,16936543744
3,91.621,grad,16858949120
3,92.88,grad,16997426688
3,94.465,grad,16936609280
3,97.379,grad,16943953408
3,98.792,grad,16953390592
3,100.234,grad,16953390592
3,101.547,grad,16976574976
3,103.383,grad,16982931968
3,104.872,grad,17043819008
3,106.987,grad,17097361920
3,108.24,grad,17182362112
3,109.633,grad,17175022080
3,112.578,grad,17182366208
3,114.067,grad,17191803392
3,115.517,grad,17191803392
3,116.769,grad,17214987776
3,118.451,grad,17221344768
3,119.704,grad,17267486208
3,120.945,grad,17413369344
3,122.222,grad,17335774720
3,123.483,grad,17459572224
3,124.943,grad,17413434880
3,127.758,grad,17420779008
3,129.084,grad,17430216192
3,130.532,grad,17430216192
3,131.793,grad,17453400576
3,133.64,grad,17459757568
3,134.945,grad,17505899008
3,136.212,grad,17729376768
3,137.682,grad,17574187520
3,140.11,grad,17651847680
3,143.069,grad,17659191808
3,144.421,grad,17668628992
3,145.923,grad,17668628992
3,147.228,grad,17706493440
3,148.919,grad,17698170368
3,150.242,grad,17744311808
3,151.541,grad,17890194944
3,152.856,grad,17812600320
3,154.115,grad,17897600512
3,155.529,grad,17890260480
3,158.528,grad,17897719296
3,159.887,grad,17907041792
3,161.368,grad,17907041792
3,162.629,grad,17930226176
3,164.355,grad,17936583168
3,165.634,grad,17982724608
3,166.942,grad,18128607744
3,168.266,grad,18089810432
3,170.57,grad,18128673280
3,173.63,grad,18136132096
3,174.928,grad,18145454592
3,176.437,grad,18145454592
3,177.782,grad,18168638976
3,179.581,grad,18174995968
3,180.858,grad,18221137408
3,182.106,grad,18444615168
3,184.548,grad,18289425920
3,185.806,grad,18374426112
3,187.182,grad,18367086080
3,190.008,grad,18374430208
3,191.274,grad,18383867392
3,192.809,grad,18383867392
3,194.097,grad,18407051776
3,195.859,grad,18413408768
3,197.14,grad,18459550208
3,198.41,grad,18683027968
3,199.691,grad,18566636032
3,202.134,grad,18605498880
3,205.215,grad,18612843008
3,206.517,grad,18622280192
3,207.961,grad,18622280192
3,209.246,grad,18645464576
3,211.006,grad,18651821568
3,212.254,grad,18697963008
3,213.526,grad,18843846144
3,214.8,grad,18766251520
3,217.244,grad,18843911680
3,220.135,grad,18851255808
3,221.41,grad,18860692992
3,222.882,grad,18860692992
3,224.129,grad,18883877376
3,225.907,grad,18897574400
3,227.228,grad,18897578496
3,228.529,grad,19082258944
3,229.845,grad,19004664320
3,231.103,grad,19089664512
3,232.565,grad,19082324480
3,235.469,grad,19089668608
3,236.822,grad,19099105792
3,238.26,grad,19099105792
3,239.584,grad,19122290176
3,241.302,grad,19128647168
3,242.57,grad,19174788608
3,243.818,grad,19320671744
3,245.13,grad,19243077120
3,246.398,grad,19366874624
3,247.81,grad,19320737280
3,250.877,grad,19328081408
3,252.249,grad,19337518592
3,253.734,grad,19337518592
3,254.99,grad,19360702976
3,256.721,grad,19367059968
3,258.031,grad,19413201408
3,259.304,grad,19520287232
3,260.57,grad,19520287232
3,263.038,grad,19566490112
3,265.913,grad,19566608896
3,267.2,grad,19575931392
3,268.925,grad,19575931392
3,270.277,grad,19599115776
3,272.001,grad,19605472768
3,273.271,grad,19612816896
3,274.54,grad,19797497344
3,275.836,grad,19719902720
3,278.31,grad,19804907008
3,281.085,grad,19804907008
3,282.446,grad,19814344192
3,283.917,grad,19814344192
3,285.223,grad,19837528576
3,286.962,grad,19843885568
3,288.247,grad,19890027008
3,289.527,grad,20035910144
3,290.867,grad,19997112832
3,292.157,grad,20096793088
3,293.863,grad,20035975680
3,296.754,grad,20043319808
3,298.091,grad,20052756992
3,299.625,grad,20052756992
3,300.917,grad,20090621440
3,302.624,grad,20082298368
3,303.882,grad,20089642496
3,305.13,grad,20196728320
3,306.478,grad,20196728320
3,307.771,grad,20327865856
3,309.442,grad,20274388480
3,312.617,grad,20281732608
3,314.078,grad,20291169792
3,315.645,grad,20291169792
3,316.91,grad,20314354176
3,318.691,grad,20320711168
3,319.961,grad,20366852608
3,321.227,grad,20512735744
3,322.482,grad,20473938432
3,323.758,grad,20566278656
3,325.225,grad,20512801280
3,328.144,grad,20520145408
3,329.502,grad,20529582592
3,330.934,grad,20529582592
3,332.211,grad,20552766976
3,334.125,grad,20559123968
3,335.493,grad,20566468096
3,336.793,grad,20751148544
3,338.13,grad,20673553920
3,339.388,grad,20797351424
3,340.797,grad,20751214080
3,343.737,grad,20758558208
3,345.152,grad,20767995392
3,346.652,grad,20767995392
3,347.912,grad,20791179776
3,349.72,grad,20797536768
3,350.986,grad,20843678208
3,352.228,grad,21067155968
3,353.55,grad,20911966720
3,354.832,grad,21043104256
3,356.277,grad,20989626880
3,359.374,grad,20996971008
3,360.716,grad,21006408192
3,362.193,grad,21006408192
3,363.458,grad,21029592576
3,365.35,grad,21035949568
3,366.654,grad,21082091008
3,367.963,grad,21227974144
3,369.301,grad,21189176832
3,370.583,grad,21235379712
3,372.0,grad,21228039680
3,374.956,grad,21235383808
3,376.451,grad,21244820992
3,378.134,grad,21244820992
3,379.421,grad,21268005376
3,381.217,grad,21274362368
3,382.552,grad,21320503808
3,383.867,grad,21388792320
3,385.299,grad,21388792320
3,386.576,grad,21466452480
3,387.96,grad,21466452480
3,390.83,grad,21473796608
3,392.134,grad,21483233792
3,393.632,grad,21483233792
3,394.9,grad,21506418176
3,396.73,grad,21512775168
3,398.026,grad,21558916608
3,399.307,grad,21667051008
3,400.577,grad,21667051008
3,403.145,grad,21705913856
3,406.104,grad,21713257984
3,407.445,grad,21722695168
3,408.867,grad,21722695168
3,410.114,grad,21745879552
3,411.881,grad,21752236544
3,413.13,grad,21798377984
3,414.367,grad,21944261120
3,415.654,grad,21866666496
3,416.916,grad,21951666688
3,418.271,grad,21944326656
3,421.361,grad,21951785472
3,422.662,grad,21961107968
3,424.131,grad,21961107968
3,425.386,grad,21984292352
3,427.123,grad,21990649344
3,428.379,grad,22036790784
3,429.644,grad,22260268544
3,430.969,grad,22143876608
3,433.279,grad,22182739456
3,436.211,grad,22190083584
3,437.587,grad,22199520768
3,439.035,grad,22199520768
3,440.35,grad,22222705152
3,442.116,grad,22229062144
3,443.412,grad,22243746304
3,444.686,grad,22289883648
3,445.952,grad,22421086720
3,447.248,grad,22382289408
3,449.578,grad,22421152256
3,452.481,grad,22428496384
3,453.776,grad,22437933568
3,455.259,grad,22437933568
3,456.553,grad,22461117952
3,458.274,grad,22467474944
3,459.552,grad,22513616384
3,460.792,grad,22659499520
3,462.079,grad,22620702208
3,464.155,grad,22659565056
3,465.414,grad,22666909184
3,466.761,grad,23593854976
3,468.05,grad,23593873920
3,470.353,grad,23586524160
3,471.642,grad,23275089408
3,472.906,grad,23275089408
3,474.142,grad,23275089408
3,475.854,grad,23275090944
3,477.738,grad,22663262720
3,479.043,grad,22662437376
3,480.362,grad,22616234496
3,481.676,grad,22581139968
3,483.038,grad,22523140608
3,484.458,grad,22491685376
3,485.774,grad,22485191168
3,487.569,grad,22448375296
3,489.217,grad,22448375296
3,490.544,grad,22467184128
3,492.204,grad,22443492864
3,494.465,grad,22445100544
3,495.787,grad,22436378112
3,497.199,grad,22390240768
3,498.565,grad,22308124160
3,500.6,grad,22257466880
3,501.92,grad,22251038208
3,503.853,grad,22221496832
3,505.582,grad,22221496832
3,506.901,grad,22240305664
3,508.619,grad,22216614400
3,510.442,grad,22218222080
3,511.785,grad,22209565184
3,513.289,grad,22163362304
3,514.645,grad,22081245696
3,515.973,grad,22030588416
3,517.296,grad,22037928448
3,518.646,grad,22009414144
3,520.086,grad,21994618368
3,522.022,grad,21994618368
3,523.353,grad,22013427200
3,524.968,grad,21989735936
3,526.958,grad,21991343616
3,528.267,grad,21982621184
3,529.69,grad,21936483840
3,531.008,grad,21931961856
3,533.001,grad,21803709952
3,534.316,grad,21797281280
3,536.201,grad,21767739904
3,537.949,grad,21782419968
3,539.381,grad,21786614272
3,540.928,grad,21762857472
3,543.145,grad,21763940864
3,544.484,grad,21755742720
3,545.876,grad,21709605376
3,547.208,grad,21665237504
3,549.199,grad,21575782912
3,550.561,grad,21569354240
3,552.46,grad,21539812864
3,554.081,grad,21539812864
3,555.48,grad,21558687232
3,557.024,grad,21534930432
3,558.99,grad,21536013824
3,560.296,grad,21527815680
3,561.696,grad,21481678336
3,563.015,grad,21477156352
3,564.988,grad,21348904448
3,566.301,grad,21357155840
3,568.103,grad,21312934400
3,569.992,grad,21312934400
3,571.378,grad,21331808768
3,572.904,grad,21308051968
3,574.861,grad,21309135360
3,576.17,grad,21300937216
3,577.592,grad,21254799872
3,578.904,grad,21250277888
3,580.898,grad,21122025984
3,582.212,grad,21130277376
3,584.03,grad,21086055936
3,585.719,grad,21100736000
3,587.105,grad,21104930304
3,588.674,grad,21081173504
3,590.843,grad,21082256896
3,592.157,grad,21074058752
3,593.561,grad,21027921408
3,594.875,grad,21023399424
3,596.883,grad,20895147520
3,598.202,grad,20903398912
3,600.022,grad,20859177472
3,601.682,grad,20859177472
3,603.006,grad,20877986304
3,604.659,grad,20854295040
3,606.598,grad,20855378432
3,607.902,grad,20847180288
3,609.294,grad,20801042944
3,610.639,grad,20796520960
3,612.665,grad,20668269056
3,613.976,grad,20661840384
3,615.854,grad,20632299008
3,617.796,grad,20646979072
3,619.18,grad,20651173376
3,620.752,grad,20627416576
3,622.558,grad,20628499968
3,623.866,grad,20620367360
3,625.186,grad,20574164480
3,626.531,grad,20530845184
3,627.885,grad,20448728576
3,629.391,grad,20448730624
3,630.718,grad,20420216320
3,632.077,grad,20405420544
3,633.773,grad,20420100608
3,635.17,grad,20424294912
3,636.773,grad,20400538112
3,638.969,grad,20401621504
3,640.294,grad,20393423360
3,641.718,grad,20347286016
3,643.044,grad,20342764032
3,645.026,grad,20214512128
3,646.351,grad,20208083456
3,648.174,grad,20178542592
3,649.825,grad,20178542080
3,651.155,grad,20197350912
3,652.787,grad,20173659648
3,654.591,grad,20174743040
3,655.909,grad,20166610432
3,657.22,grad,20120407552
3,658.554,grad,20091768320
3,659.878,grad,20033768960
3,661.437,grad,19994973696
3,662.754,grad,19966459392
3,664.132,grad,19951664128
3,666.033,grad,19951663616
3,667.442,grad,19970537984
3,668.988,grad,19946781184
3,670.935,grad,19947864576
3,672.245,grad,19939666432
3,673.642,grad,19893529088
3,674.955,grad,19889007104
3,676.947,grad,19760820736
3,678.265,grad,19769072128
3,680.077,grad,19724850688
3,681.765,grad,19724850688
3,683.145,grad,19743725056
3,684.687,grad,19719968256
3,686.851,grad,19721051648
3,688.162,grad,19712853504
3,689.596,grad,19666716160
3,690.907,grad,19584599552
3,692.931,grad,19533942272
3,694.245,grad,19527513600
3,696.098,grad,19497972736
3,697.778,grad,19512652288
3,699.152,grad,19516846592
3,700.717,grad,19493089792
3,702.53,grad,19494173184
3,703.848,grad,19486040576
3,705.162,grad,19439837696
3,706.487,grad,19411198464
3,707.798,grad,19345924608
3,709.134,grad,19314469376
3,710.432,grad,19293295104
3,712.046,grad,19271159296
3,713.907,grad,19271159296
3,715.221,grad,19289968128
3,716.889,grad,19266276864
3,718.852,grad,19267360256
3,720.161,grad,19259162112
3,721.565,grad,19213024768
3,722.882,grad,19208502784
3,724.909,grad,19080250880
3,726.224,grad,19073822208
3,728.086,grad,19044280832
3,729.734,grad,19044280832
3,731.123,grad,19063155200
3,732.674,grad,19039398400
3,735.066,grad,19040481792
3,736.373,grad,19032283648
3,737.775,grad,18986146304
3,739.088,grad,18981624320
3,741.027,grad,18853372416
3,742.352,grad,18846943744
3,744.174,grad,18817402368
3,745.858,grad,18817402368
3,747.173,grad,18836211200
3,748.851,grad,18812519936
3,750.677,grad,18813603328
3,751.99,grad,18805470720
3,753.301,grad,18759267840
3,754.634,grad,18715948544
3,755.966,grad,18633831936
3,757.473,grad,18633833984
3,758.79,grad,18605319680
3,760.182,grad,18590523904
3,762.098,grad,18590523904
3,763.49,grad,18609398272
3,765.091,grad,18585641472
3,766.868,grad,18586724864
3,768.182,grad,18578592256
3,769.551,grad,18532389376
3,770.863,grad,18489070080
3,772.204,grad,18406953472
3,773.745,grad,18406955520
3,775.064,grad,18378441216
3,776.464,grad,18363645440
3,778.14,grad,18378325504
3,779.56,grad,18382519808
3,781.095,grad,18358763008
3,782.882,grad,18359846400
3,784.201,grad,18364034560
3,785.728,grad,18305510912
3,787.047,grad,18269531648
3,788.387,grad,18211532288
3,789.765,grad,18180077056
3,791.075,grad,18173582848
3,792.788,grad,18137684992
3,794.41,grad,18136766976
3,795.717,grad,18155575808
3,797.327,grad,18131884544
3,799.129,grad,18133950976
3,800.447,grad,18124835328
3,801.772,grad,18078632448
3,803.079,grad,18035313152
3,804.392,grad,17953196544
3,805.867,grad,17953198592
3,807.181,grad,17924684288
3,808.599,grad,17909888512
3,810.492,grad,17909888512
3,811.803,grad,17928697344
3,813.471,grad,17905006080
3,815.242,grad,17906089472
3,816.602,grad,17897956864
3,817.949,grad,17851753984
3,819.265,grad,17808434688
3,820.609,grad,17726383616
3,822.128,grad,17726385664
3,823.39,grad,17697871360
3,824.814,grad,17683075584
3,826.479,grad,17683075584
3,827.782,grad,17701884416
3,829.467,grad,17678193152
3,831.232,grad,17679276544
3,832.565,grad,17683399168
3,834.211,grad,17625334272
3,835.564,grad,17581621760
3,836.924,grad,17499570688
3,838.478,grad,17499572736
3,839.802,grad,17471058432
3,841.187,grad,17456262656
3,842.936,grad,17470942720
3,844.364,grad,17475137024
3,845.933,grad,17451380224
3,847.924,grad,17452463616
3,849.247,grad,17444265472
3,850.709,grad,17398128128
3,852.036,grad,17393606144
3,854.015,grad,17265419776
3,855.326,grad,17273671168
3,857.139,grad,17229450240
3,859.041,grad,17229449728
3,860.414,grad,17248324096
3,861.944,grad,17224567296
3,863.908,grad,17225650688
3,865.214,grad,17217452544
3,866.626,grad,17171315200
3,867.939,grad,17166793216
3,869.951,grad,17038606848
3,871.267,grad,17046858240
3,873.083,grad,17002636800
3,874.771,grad,17017316864
3,876.105,grad,17021445632
3,877.75,grad,16997754368
3,879.555,grad,16998837760
3,880.861,grad,17002960384
3,882.394,grad,16944502272
3,883.7,grad,16908523008
3,885.034,grad,16850523648
3,886.411,grad,16819068416
3,887.723,grad,16805234176
3,889.464,grad,16775758336
3,891.093,grad,16775758336
3,892.472,grad,16794632704
3,894.015,grad,16770875904
3,895.976,grad,16771959296
3,897.284,grad,16763761152
3,898.707,grad,16717623808
3,900.025,grad,16713101824
3,902.052,grad,16592189952
3,903.365,grad,16578355712
3,905.143,grad,16548880384
3,907.021,grad,16548879872
3,908.328,grad,16567754240
3,909.987,grad,16543997440
3,911.946,grad,16545080832
3,913.252,grad,16536882688
3,914.681,grad,16490745344
3,916.002,grad,16486223360
3,917.992,grad,16356988416
3,919.308,grad,16343219712
3,921.177,grad,16313678848
3,922.865,grad,16313416192
3,924.193,grad,16332290560
3,925.895,grad,16308533760
3,927.205,grad,16298605056
3,928.515,grad,16298605056
3,931.927,grad,16298604544
3,933.345,grad,16298604544
3,934.687,grad,16298604544
3,938.851,grad,16298604544
3,940.107,grad,16298605056
3,941.367,grad,16319248384
3,942.63,grad,16342382592
3,945.216,grad,16353654784
3,946.547,grad,16353980416
3,947.826,grad,16515620864
3,949.114,grad,16515620864
3,950.749,grad,16515620864
3,952.05,grad,16515621376
3,953.355,grad,16445602816
3,954.615,grad,16226057216
3,960.614,grad,16135781376
3,967.027,grad,16135789568
3,973.429,grad,16135789568
3,979.802,grad,16135789568
3,984.733,grad,16135789568
3,986.054,grad,16143266816
3,988.156,grad,16143395840
3,991.165,grad,16150735872
3,992.558,grad,16160173056
3,994.035,grad,16160173056
3,995.292,grad,16183357440
3,997.116,grad,16189714432
3,998.367,grad,16236904448
3,999.676,grad,16343990272
3,1001.019,grad,16343990272
3,1003.362,grad,16382853120
3,1006.518,grad,16390197248
3,1007.827,grad,16399634432
3,1009.306,grad,16399634432
3,1010.626,grad,16422818816
3,1012.328,grad,16429175808
3,1013.599,grad,16475317248
3,1014.844,grad,16621200384
3,1016.207,grad,16582403072
3,1018.328,grad,16621265920
3,1021.223,grad,16628610048
3,1022.498,grad,16638047232
3,1023.897,grad,16638047232
3,1025.242,grad,16653891584
3,1027.087,grad,16667588608
3,1028.401,grad,16713730048
3,1029.712,grad,16937207808
3,1030.965,grad,16820815872
3,1033.302,grad,16859678720
3,1036.141,grad,16867022848
3,1037.439,grad,16876460032
3,1038.916,grad,16876460032
3,1040.2,grad,16914324480
3,1041.84,grad,16906001408
3,1043.13,grad,16952142848
3,1045.312,grad,17020431360
3,1046.626,grad,17173588992
3,1048.181,grad,17098091520
3,1051.067,grad,17105435648
3,1052.356,grad,17114872832
3,1053.767,grad,17114872832
3,1055.041,grad,17152737280
3,1056.766,grad,17144414208
3,1058.089,grad,17190555648
3,1059.377,grad,17336438784
3,1060.691,grad,17258844160
3,1063.084,grad,17336504320
3,1066.162,grad,17343963136
3,1067.481,grad,17353285632
3,1068.923,grad,17353285632
3,1070.191,grad,17376470016
3,1071.921,grad,17382827008
3,1073.227,grad,17428968448
3,1075.362,grad,17497256960
3,1077.737,grad,17574917120
3,1080.676,grad,17582375936
3,1081.981,grad,17591698432
3,1083.464,grad,17591698432
3,1084.731,grad,17614882816
3,1086.527,grad,17621239808
3,1088.02,grad,17682061312
3,1090.244,grad,17735669760
3,1092.667,grad,17813329920
3,1095.58,grad,17820788736
3,1096.888,grad,17830111232
3,1098.378,grad,17830111232
3,1099.657,grad,17853295616
3,1101.433,grad,17859652608
3,1102.758,grad,17905794048
3,1104.011,grad,17974082560
3,1105.427,grad,18012879872
3,1107.647,grad,18051742720
3,1110.685,grad,18059086848
3,1111.96,grad,18068524032
3,1113.356,grad,18068524032
3,1114.61,grad,18106388480
3,1116.184,grad,18098065408
3,1117.467,grad,18144206848
3,1118.722,grad,18290089984
3,1120.12,grad,18251292672
3,1122.259,grad,18290155520
3,1125.031,grad,18297499648
3,1126.291,grad,18306936832
3,1127.894,grad,18306936832
3,1129.168,grad,18344801280
3,1130.871,grad,18336478208
3,1132.195,grad,18382619648
3,1134.435,grad,18450908160
3,1136.876,grad,18535908352
3,1139.728,grad,18535912448
3,1141.016,grad,18545349632
3,1142.541,grad,18545349632
3,1143.845,grad,18568534016
3,1145.556,grad,18574891008
3,1146.812,grad,18582235136
3,1148.078,grad,18766915584
3,1149.45,grad,18689320960
3,1150.763,grad,18820458496
3,1152.326,grad,18766981120
3,1155.197,grad,18774325248
3,1156.492,grad,18783762432
3,1157.974,grad,18783762432
3,1159.266,grad,18806946816
3,1161.09,grad,18813303808
3,1162.38,grad,18859445248
3,1163.677,grad,19005328384
3,1165.015,grad,18966531072
3,1167.292,grad,19005393920
3,1170.424,grad,19012738048
3,1171.738,grad,19022175232
3,1173.168,grad,19022175232
3,1174.473,grad,19045359616
3,1176.316,grad,19051716608
3,1177.661,grad,19097858048
3,1178.942,grad,19321335808
3,1180.234,grad,19166146560
3,1181.52,grad,19251146752
3,1182.926,grad,19243806720
3,1185.772,grad,19251150848
3,1187.072,grad,19260588032
3,1188.538,grad,19260588032
3,1189.831,grad,19283772416
3,1191.815,grad,19290129408
3,1193.084,grad,19336270848
3,1194.373,grad,19482153984
3,1195.754,grad,19443356672
3,1197.895,grad,19482219520
3,1200.823,grad,19489563648
3,1202.084,grad,19499000832
3,1203.547,grad,19499000832
3,1204.803,grad,19522185216
3,1206.527,grad,19528542208
3,1207.777,grad,19574683648
3,1209.032,grad,19720566784
3,1210.35,grad,19681769472
3,1213.662,grad,19720632320
3,1216.558,grad,19727976448
3,1217.856,grad,19737413632
3,1219.263,grad,19737413632
3,1220.526,grad,19760598016
3,1222.259,grad,19766955008
3,1223.549,grad,19813096448
3,1224.801,grad,19958979584
3,1226.068,grad,19881384960
3,1228.546,grad,19959045120
3,1231.424,grad,19966389248
3,1232.694,grad,19975826432
3,1234.292,grad,19975826432
3,1235.598,grad,19999010816
3,1237.254,grad,20005367808
3,1238.519,grad,20051509248
3,1239.776,grad,20274987008
3,1241.022,grad,20119797760
3,1242.292,grad,20204797952
3,1243.646,grad,20197457920
3,1246.583,grad,20204802048
3,1247.887,grad,20214239232
3,1249.296,grad,20214239232
3,1250.635,grad,20237423616
3,1252.398,grad,20243780608
3,1253.68,grad,20289922048
3,1254.977,grad,20513399808
3,1256.364,grad,20358210560
3,1257.649,grad,20443210752
3,1259.071,grad,20435870720
3,1262.063,grad,20443214848
3,1263.384,grad,20452652032
3,1264.838,grad,20452652032
3,1266.116,grad,20475836416
3,1267.861,grad,20482193408
3,1269.164,grad,20528334848
3,1270.432,grad,20674217984
3,1271.773,grad,20596623360
3,1273.041,grad,20681623552
3,1274.538,grad,20674283520
3,1277.57,grad,20681627648
3,1278.89,grad,20691064832
3,1280.3,grad,20691064832
3,1281.557,grad,20706909184
3,1283.401,grad,20720606208
3,1284.662,grad,20766747648
3,1285.926,grad,20990225408
3,1287.232,grad,20835036160
3,1288.499,grad,20958833664
3,1290.234,grad,20912696320
3,1293.311,grad,20920155136
3,1294.646,grad,20929477632
3,1296.082,grad,20929477632
3,1297.346,grad,20952662016
3,1299.307,grad,20959019008
3,1300.609,grad,21005160448
3,1301.862,grad,21151043584
3,1303.165,grad,21073448960
3,1304.44,grad,21151109120
3,1305.875,grad,21151109120
3,1308.763,grad,21158453248
3,1310.136,grad,21167890432
3,1311.617,grad,21167890432
3,1312.864,grad,21191074816
3,1314.642,grad,21197431808
3,1315.905,grad,21243573248
3,1317.151,grad,21389456384
3,1318.422,grad,21311861760
3,1319.684,grad,21389521920
3,1321.236,grad,21389521920
3,1324.142,grad,21396866048
3,1325.497,grad,21406303232
3,1326.928,grad,21406303232
3,1328.193,grad,21429487616
3,1330.058,grad,21435844608
3,1331.349,grad,21481986048
3,1332.628,grad,21627869184
3,1333.984,grad,21550274560
3,1335.291,grad,21635274752
3,1336.825,grad,21627934720
3,1339.728,grad,21635278848
3,1341.248,grad,21644716032
3,1342.727,grad,21644716032
3,1343.978,grad,21667900416
3,1345.76,grad,21674257408
3,1347.016,grad,21681601536
3,1348.266,grad,21866281984
3,1349.574,grad,21788687360
3,1350.864,grad,21866347520
3,1352.318,grad,21866347520
3,1355.187,grad,21873691648
3,1356.574,grad,21883128832
3,1358.006,grad,21883128832
3,1359.28,grad,21906313216
3,1361.108,grad,21912670208
3,1362.487,grad,21920014336
3,1363.753,grad,22104694784
3,1365.054,grad,22027100160
3,1366.315,grad,22112100352
3,1367.663,grad,22104760320
3,1370.553,grad,22112104448
3,1371.86,grad,22121541632
3,1373.342,grad,22121541632
3,1374.593,grad,22144726016
3,1376.628,grad,22151083008
3,1377.926,grad,22197224448
3,1379.187,grad,22343107584
3,1380.458,grad,22265512960
3,1381.721,grad,22389310464
3,1383.401,grad,22343173120
3,1386.317,grad,22350517248
3,1387.671,grad,22359954432
3,1389.138,grad,22359954432
3,1390.394,grad,22383138816
3,1392.136,grad,22389495808
3,1393.381,grad,22396839936
3,1394.646,grad,22581520384
3,1395.942,grad,22503925760
3,1397.208,grad,22588925952
3,1398.602,grad,22581585920
3,1401.483,grad,22588930048
3,1402.888,grad,22598367232
3,1404.612,grad,22598367232
3,1405.945,grad,22621551616
3,1407.82,grad,22627908608
3,1409.126,grad,22674050048
3,1410.386,grad,22819933184
3,1411.734,grad,22742338560
3,1413.003,grad,22874524672
3,1414.258,grad,22827342848
3,1415.523,grad,23754279936
3,1416.791,grad,23754317824
3,1419.786,grad,23746949632
3,1421.058,grad,23435523072
3,1422.309,grad,23435523072
3,1423.564,grad,23435523072
3,1425.056,grad,23435524608
3,1426.82,grad,22823696384
3,1428.169,grad,22822871040
3,1429.555,grad,22776668160
3,1430.863,grad,22749798400
3,1432.185,grad,22691635200
3,1433.539,grad,22652839936
3,1434.848,grad,22646345728
3,1436.903,grad,22609530368
3,1438.66,grad,22624209920
3,1439.988,grad,22628338688
3,1441.667,grad,22604647424
3,1443.642,grad,22605763584
3,1444.946,grad,22597532672
3,1446.351,grad,22551395328
3,1447.665,grad,22469278720
3,1448.988,grad,22418621440
3,1450.331,grad,22425961472
3,1451.657,grad,22397447168
3,1453.067,grad,22382651392
3,1454.78,grad,22397331456
3,1456.102,grad,22401460224
3,1457.771,grad,22377768960
3,1459.954,grad,22379376640
3,1461.271,grad,22370654208
3,1462.706,grad,22324516864
3,1464.057,grad,22249740288
3,1465.372,grad,22206420992
3,1466.842,grad,22199083008
3,1468.153,grad,22170568704
3,1469.588,grad,22155772928
3,1471.273,grad,22155772928
3,1472.617,grad,22174581760
3,1474.276,grad,22150890496
3,1476.086,grad,22152498176
3,1477.399,grad,22143841280
3,1478.923,grad,22097638400
3,1480.244,grad,22093116416
3,1482.276,grad,21964864512
3,1483.645,grad,21958435840
3,1485.582,grad,21928894976
3,1488.114,grad,21943574528
3,1489.387,grad,21947703296
3,1491.071,grad,21924012032
3,1492.851,grad,21925095424
3,1494.159,grad,21916962816
3,1495.673,grad,21870759936
3,1496.986,grad,21866237952
3,1498.976,grad,21737986048
3,1500.291,grad,21731557376
3,1502.205,grad,21702016000
3,1503.957,grad,21716696064
3,1505.3,grad,21720300544
3,1507.156,grad,21697133568
3,1508.978,grad,21698216960
3,1510.3,grad,21702339584
3,1511.995,grad,21643881472
3,1513.321,grad,21600562176
3,1514.676,grad,21557242880
3,1516.21,grad,21518447616
3,1517.565,grad,21489933312
3,1519.016,grad,21475137536
3,1520.729,grad,21489817600
3,1522.118,grad,21494011904
3,1523.665,grad,21470255104
3,1525.652,grad,21471338496
3,1526.968,grad,21463140352
3,1528.372,grad,21417003008
3,1529.706,grad,21334886400
3,1531.026,grad,21284229120
3,1532.363,grad,21291569152
3,1533.677,grad,21263054848
3,1535.085,grad,21248259072
3,1536.988,grad,21248259072
3,1538.4,grad,21267133440
3,1539.94,grad,21243376640
3,1541.902,grad,21245508608
3,1543.208,grad,21236261888
3,1544.652,grad,21190124544
3,1545.964,grad,21108007936
3,1547.283,grad,21057350656
3,1548.647,grad,21064690688
3,1549.966,grad,21036176384
3,1551.363,grad,21021381120
3,1553.0,grad,21021380608
3,1554.414,grad,21040254976
3,1555.957,grad,21016498176
3,1558.241,grad,21017581568
3,1559.579,grad,21009383424
3,1560.991,grad,20963246080
3,1562.316,grad,20919926784
3,1564.308,grad,20830472192
3,1565.659,grad,20824043520
3,1567.538,grad,20794502144
3,1569.245,grad,20809182208
3,1570.696,grad,20813376512
3,1572.252,grad,20789619712
3,1574.082,grad,20791620608
3,1575.394,grad,20782570496
3,1576.729,grad,20736367616
3,1578.041,grad,20693048320
3,1579.378,grad,20610931712
3,1580.897,grad,20610933760
3,1582.208,grad,20582419456
3,1583.638,grad,20567623680
3,1585.574,grad,20567623680
3,1586.9,grad,20586432512
3,1588.569,grad,20562741248
3,1590.362,grad,20563824640
3,1591.687,grad,20555692032
3,1593.037,grad,20509489152
3,1594.358,grad,20473509888
3,1595.695,grad,20376713216
3,1597.12,grad,20384055296
3,1598.425,grad,20355540992
3,1599.811,grad,20340745216
3,1601.487,grad,20340745216
3,1602.803,grad,20359554048
3,1604.452,grad,20335862784
3,1606.506,grad,20336946176
3,1607.851,grad,20328813568
3,1609.171,grad,20282610688
3,1610.51,grad,20239291392
3,1611.856,grad,20157174784
3,1613.366,grad,20157176832
3,1614.692,grad,20128662528
3,1616.058,grad,20113866752
3,1617.733,grad,20113866752
3,1619.04,grad,20132675584
3,1620.721,grad,20108984320
3,1622.523,grad,20110067712
3,1623.826,grad,20101935104
3,1625.205,grad,20055732224
3,1626.544,grad,20027092992
3,1627.863,grad,19961819136
3,1629.209,grad,19930363904
3,1630.545,grad,19923869696
3,1632.264,grad,19887053824
3,1634.266,grad,19887053824
3,1635.642,grad,19905862656
3,1637.348,grad,19882171392
3,1639.148,grad,19883254784
3,1640.469,grad,19875122176
3,1641.812,grad,19828919296
3,1643.131,grad,19785600000
3,1644.463,grad,19703483392
3,1646.013,grad,19703485440
3,1647.326,grad,19674971136
3,1648.768,grad,19660175360
3,1650.435,grad,19660175360
3,1651.752,grad,19678984192
3,1653.442,grad,19655292928
3,1655.504,grad,19656376320
3,1656.814,grad,19648243712
3,1658.136,grad,19602040832
3,1659.392,grad,19573401600
3,1660.725,grad,19515467776
3,1662.27,grad,19476672512
3,1663.639,grad,19448158208
3,1665.016,grad,19433362432
3,1666.702,grad,19433362432
3,1668.022,grad,19452171264
3,1669.687,grad,19428480000
3,1671.621,grad,19429563392
3,1672.925,grad,19421365248
3,1674.323,grad,19375227904
3,1675.655,grad,19370705920
3,1677.669,grad,19242454016
3,1678.982,grad,19236025344
3,1680.837,grad,19206483968
3,1682.767,grad,19221164032
3,1684.134,grad,19225358336
3,1685.69,grad,19201601536
3,1687.502,grad,19202684928
3,1688.814,grad,19194552320
3,1690.366,grad,19148349440
3,1691.682,grad,19143827456
3,1693.697,grad,19015575552
3,1695.004,grad,19023826944
3,1696.845,grad,18979605504
3,1698.526,grad,18979605504
3,1699.834,grad,18998414336
3,1701.487,grad,18974723072
3,1703.549,grad,18975806464
3,1704.875,grad,18967673856
3,1706.223,grad,18921470976
3,1707.556,grad,18878151680
3,1708.906,grad,18796035072
3,1710.415,grad,18796037120
3,1711.74,grad,18767522816
3,1713.11,grad,18752727040
3,1714.817,grad,18767407104
3,1716.204,grad,18771601408
3,1717.816,grad,18747844608
3,1719.643,grad,18748928000
3,1720.956,grad,18738370560
3,1722.447,grad,18694592512
3,1723.802,grad,18658613248
3,1725.168,grad,18600613888
3,1726.606,grad,18569158656
3,1727.922,grad,18555324416
3,1729.731,grad,18525848576
3,1731.704,grad,18540528640
3,1733.048,grad,18544657408
3,1734.698,grad,18520966144
3,1736.656,grad,18522049536
3,1737.968,grad,18513851392
3,1739.366,grad,18467714048
3,1740.694,grad,18463192064
3,1742.719,grad,18334940160
3,1744.035,grad,18328511488
3,1745.896,grad,18298970624
3,1747.574,grad,18298970112
3,1748.887,grad,18317778944
3,1750.559,grad,18294087680
3,1752.626,grad,18295171072
3,1753.972,grad,18287038464
3,1755.294,grad,18240835584
3,1756.646,grad,18212589568
3,1757.977,grad,18154196992
3,1759.569,grad,18115401728
3,1760.886,grad,18086887424
3,1762.312,grad,18072091648
3,1764.018,grad,18073009152
3,1765.328,grad,18091817984
3,1767.031,grad,18068126720
3,1768.846,grad,18068292608
3,1770.197,grad,18060160000
3,1771.54,grad,18013957120
3,1772.851,grad,17970637824
3,1774.191,grad,17888521216
3,1775.735,grad,17888523264
3,1777.055,grad,17860008960
3,1778.486,grad,17845213184
3,1779.821,grad,17845213184
3,1781.158,grad,17875097600
3,1782.716,grad,17839839232
3,1784.032,grad,17847670784
3,1785.834,grad,17841414144
3,1787.186,grad,17833281536
3,1788.544,grad,17787078656
3,1789.882,grad,17743759360
3,1791.239,grad,17661708288
3,1792.796,grad,17661710336
3,1794.119,grad,17633196032
3,1795.619,grad,17618400256
3,1797.362,grad,17618400256
3,1798.685,grad,17637209088
3,1800.373,grad,17613517824
3,1802.193,grad,17614601216
3,1803.582,grad,17618723840
3,1805.285,grad,17560265728
3,1806.648,grad,17531626496
3,1807.972,grad,17466287104
3,1809.351,grad,17434831872
3,1810.669,grad,17420997632
3,1812.481,grad,17391521792
3,1814.198,grad,17406201856
3,1815.567,grad,17410330624
3,1817.77,grad,17394012160
3,1820.042,grad,17387722752
3,1821.527,grad,17391845376
3,1823.643,grad,17333387264
3,1824.94,grad,17297473536
3,1826.204,grad,17253761024
3,1827.798,grad,17200678912
3,1829.16,grad,17194250240
3,1831.125,grad,17164708864
3,1833.227,grad,17164708864
3,1834.695,grad,17183452160
3,1836.569,grad,17159826432
3,1838.421,grad,17160909824
3,1839.752,grad,17152777216
3,1841.146,grad,17106574336
3,1842.42,grad,17063255040
3,1844.238,grad,16974259200
3,1845.495,grad,16967306240
3,1846.768,grad,16962522112
3,1848.042,grad,16938289152
3,1849.378,grad,16952903680
3,1850.663,grad,16957097984
3,1852.133,grad,16933341184
3,1853.832,grad,16934424576
3,1855.07,grad,16938547200
3,1856.479,grad,16880089088
3,1857.735,grad,16844109824
3,1858.987,grad,16793581568
3,1860.377,grad,16754786304
3,1861.623,grad,16726272000
3,1862.855,grad,16711476224
3,1864.384,grad,16711476224
3,1865.635,grad,16730350592
3,1867.14,grad,16706593792
3,1868.934,grad,16707677184
3,1870.231,grad,16699544576
3,1871.494,grad,16653341696
3,1872.732,grad,16617362432
3,1874.656,grad,16519584768
3,1875.901,grad,16520496128
3,1877.548,grad,16476274688
3,1879.33,grad,16476012544
3,1880.599,grad,16494886912
3,1882.136,grad,16471130112
3,1883.38,grad,16461201408
3,1884.613,grad,16461201408
3,1885.848,grad,16461201408
3,1888.411,grad,16461200896
3,1889.965,grad,16461200896
3,1891.418,grad,16461200896
3,1892.705,grad,16461200896
3,1896.033,grad,16461200896
3,1897.306,grad,16461200896
3,1898.569,grad,16478895616
3,1899.831,grad,16500522496
3,1901.108,grad,16516251136
3,1903.059,grad,16516251136
3,1904.355,grad,16516576768
3,1905.795,grad,16678217216
3,1907.082,grad,16678217216
3,1908.504,grad,16678217216
3,1909.802,grad,16678217216
3,1911.315,grad,16622683136
3,1912.561,grad,16412836352
3,1913.804,grad,16301818368
3,1915.042,grad,16333308416
3,1916.28,grad,16365650432
3,1917.549,grad,16398811648
3,1918.805,grad,16433185280
3,1920.052,grad,16459268608
3,1925.509,grad,16136307200
3,1931.87,grad,16136315392
3,1938.232,grad,16136315392
3,1944.598,grad,16136315392
3,1949.033,grad,16136315392
3,1950.314,grad,16143792640
3,1952.365,grad,16143921664
3,1955.372,grad,16151261696
3,1956.807,grad,16160698880
3,1958.282,grad,16160698880
3,1959.583,grad,16183883264
3,1961.401,grad,16190240256
3,1962.696,grad,16236381696
3,1964.865,grad,16304670208
3,1966.146,grad,16382330368
3,1967.795,grad,16382330368
3,1970.713,grad,16389674496
3,1972.001,grad,16399111680
3,1973.44,grad,16399111680
3,1974.698,grad,16422296064
3,1976.579,grad,16428653056
3,1977.849,grad,16474794496
3,1979.125,grad,16581880320
3,1980.416,grad,16581880320
3,1982.851,grad,16620743168
3,1985.722,grad,16628087296
3,1987.086,grad,16637524480
3,1988.52,grad,16637524480
3,1990.011,grad,16645913088
3,1992.239,grad,16667065856
3,1993.583,grad,16713207296
3,1995.716,grad,16781495808
3,1996.993,grad,16859155968
3,1998.425,grad,16866496000
3,2001.191,grad,16866500096
3,2002.482,grad,16875937280
3,2003.872,grad,16875937280
3,2005.157,grad,16899121664
3,2006.99,grad,16905478656
3,2008.258,grad,16951620096
3,2009.543,grad,17175097856
3,2010.801,grad,17019908608
3,2013.492,grad,17097568768
3,2016.355,grad,17104912896
3,2017.639,grad,17114350080
3,2019.079,grad,17114350080
3,2020.432,grad,17152214528
3,2022.275,grad,17143891456
3,2023.563,grad,17190032896
3,2024.821,grad,17297118720
3,2026.084,grad,17297118720
3,2028.342,grad,17335981568
3,2031.136,grad,17343325696
3,2032.425,grad,17352762880
3,2034.003,grad,17352762880
3,2035.261,grad,17390627328
3,2036.93,grad,17382304256
3,2038.197,grad,17443125760
3,2040.283,grad,17496734208
3,2042.631,grad,17574394368
3,2045.488,grad,17581738496
3,2046.737,grad,17591175680
3,2048.141,grad,17591175680
3,2049.401,grad,17614360064
3,2051.039,grad,17620717056
3,2052.302,grad,17666858496
3,2054.66,grad,17735147008
3,2057.05,grad,17812807168
3,2059.877,grad,17820151296
3,2061.138,grad,17829588480
3,2062.496,grad,17829588480
3,2063.752,grad,17867452928
3,2065.418,grad,17866469888
3,2066.675,grad,17919951360
3,2068.789,grad,17973559808
3,2071.106,grad,18051219968
3,2074.093,grad,18058564096
3,2075.353,grad,18068001280
3,2076.715,grad,18068001280
3,2077.986,grad,18105865728
3,2079.554,grad,18097542656
3,2080.844,grad,18143684096
3,2082.935,grad,18211972608
3,2085.443,grad,18289632768
3,2088.351,grad,18296976896
3,2089.612,grad,18306414080
3,2091.089,grad,18306414080
3,2092.363,grad,18344278528
3,2093.966,grad,18335955456
3,2095.29,grad,18343299584
3,2096.547,grad,18527980032
3,2097.844,grad,18489182720
3,2100.116,grad,18528045568
3,2102.974,grad,18535389696
3,2104.243,grad,18544826880
3,2105.6,grad,18544826880
3,2106.855,grad,18568011264
3,2108.545,grad,18574368256
3,2109.808,grad,18620509696
3,2111.897,grad,18688798208
3,2114.2,grad,18766458368
3,2117.134,grad,18773802496
3,2118.423,grad,18783239680
3,2119.787,grad,18783239680
3,2121.042,grad,18806424064
3,2122.757,grad,18812781056
3,2124.006,grad,18873602560
3,2125.247,grad,19004805632
3,2126.566,grad,18966008320
3,2128.899,grad,19004871168
3,2131.709,grad,19012215296
3,2133.024,grad,19021652480
3,2134.595,grad,19021652480
3,2135.878,grad,19059516928
3,2137.554,grad,19051193856
3,2138.81,grad,19097335296
3,2140.059,grad,19320813056
3,2141.351,grad,19204421120
3,2143.662,grad,19243283968
3,2146.531,grad,19250628096
3,2147.832,grad,19260065280
3,2149.246,grad,19260065280
3,2150.519,grad,19283249664
3,2152.232,grad,19289606656
3,2153.538,grad,19335748096
3,2154.785,grad,19442833920
3,2156.071,grad,19404036608
3,2158.504,grad,19481696768
3,2161.329,grad,19489040896
3,2162.638,grad,19498478080
3,2164.04,grad,19498478080
3,2165.323,grad,19521662464
3,2166.984,grad,19528019456
3,2168.236,grad,19574160896
3,2169.512,grad,19797638656
3,2170.817,grad,19681246720
3,2173.108,grad,19720109568
3,2176.07,grad,19727453696
3,2177.321,grad,19736890880
3,2178.751,grad,19736890880
3,2180.008,grad,19760075264
3,2181.725,grad,19766432256
3,2182.98,grad,19812573696
3,2184.222,grad,20036051456
3,2185.479,grad,19919659520
3,2186.736,grad,19965862400
3,2188.104,grad,19958522368
3,2190.962,grad,19965866496
3,2192.254,grad,19975303680
3,2193.692,grad,19975303680
3,2195.001,grad,19991148032
3,2196.822,grad,20004845056
3,2198.071,grad,20050986496
3,2199.32,grad,20196869632
3,2200.586,grad,20158072320
3,2201.849,grad,20204275200
3,2203.252,grad,20196935168
3,2206.278,grad,20204393984
3,2207.601,grad,20213716480
3,2209.05,grad,20213716480
3,2210.318,grad,20236900864
3,2212.035,grad,20243257856
3,2213.293,grad,20289399296
3,2214.552,grad,20512877056
3,2215.955,grad,20396485120
3,2217.226,grad,20442688000
3,2218.618,grad,20435347968
3,2221.466,grad,20442692096
3,2222.788,grad,20452129280
3,2224.225,grad,20452129280
3,2225.499,grad,20475313664
3,2227.286,grad,20481670656
3,2228.571,grad,20527812096
3,2229.855,grad,20634897920
3,2231.113,grad,20634897920
3,2233.493,grad,20673760768
3,2237.363,grad,20681104896
3,2238.782,grad,20690542080
3,2240.263,grad,20690542080
3,2241.537,grad,20713726464
3,2243.252,grad,20720083456
3,2244.519,grad,20727427584
3,2245.763,grad,20912108032
3,2247.036,grad,20834513408
3,2248.295,grad,20912173568
3,2249.723,grad,20912173568
3,2252.606,grad,20919517696
3,2253.931,grad,20928954880
3,2255.443,grad,20928954880
3,2256.716,grad,20944799232
3,2258.705,grad,20958496256
3,2259.975,grad,21004637696
3,2261.3,grad,21228115456
3,2262.604,grad,21072926208
3,2263.865,grad,21157926400
3,2265.315,grad,21150586368
3,2268.166,grad,21157930496
3,2269.81,grad,21167367680
3,2271.581,grad,21167367680
3,2273.016,grad,21183212032
3,2275.501,grad,21204249088
3,2276.94,grad,21243050496
3,2278.383,grad,21311339008
3,2280.182,grad,21311339008
3,2281.624,grad,21449816576
3,2283.376,grad,21388999168
3,2286.601,grad,21396343296
3,2288.053,grad,21405780480
3,2289.679,grad,21405780480
3,2290.96,grad,21428964864
3,2292.973,grad,21435321856
3,2294.47,grad,21481463296
3,2295.861,grad,21627346432
3,2297.443,grad,21549751808
3,2298.719,grad,21688229376
3,2300.219,grad,21627411968
3,2303.4,grad,21634870784
3,2304.745,grad,21644193280
3,2306.227,grad,21644193280
3,2307.515,grad,21667377664
3,2309.355,grad,21673734656
3,2310.627,grad,21719876096
3,2311.883,grad,21865759232
3,2313.199,grad,21826961920
3,2315.53,grad,21865824768
3,2318.525,grad,21873168896
3,2319.854,grad,21882606080
3,2321.269,grad,21882606080
3,2322.607,grad,21898450432
3,2324.579,grad,21919487488
3,2325.827,grad,21958288896
3,2327.076,grad,22065374720
3,2328.345,grad,22065374720
3,2330.638,grad,22104237568
3,2333.645,grad,22111696384
3,2334.937,grad,22121018880
3,2336.393,grad,22121018880
3,2337.668,grad,22144203264
3,2339.396,grad,22150560256
3,2340.654,grad,22197750272
3,2341.912,grad,22421228032
3,2343.277,grad,22266038784
3,2344.593,grad,22343698944
3,2346.031,grad,22351038976
3,2348.82,grad,22351043072
3,2350.071,grad,22360480256
3,2351.527,grad,22360480256
3,2352.784,grad,22383664640
3,2354.556,grad,22390021632
3,2355.822,grad,22436163072
3,2357.096,grad,22543248896
3,2358.398,grad,22543248896
3,2360.85,grad,22589455872
3,2363.918,grad,22589455872
3,2365.261,grad,22598893056
3,2366.691,grad,22598893056
3,2367.951,grad,22622077440
3,2369.689,grad,22628434432
3,2370.94,grad,22674575872
3,2372.221,grad,22820459008
3,2373.561,grad,22781661696
3,2375.69,grad,22820524544
3,2376.995,grad,23131951616
3,2378.259,grad,23754843648
3,2381.636,grad,23436048384
3,2382.935,grad,23436048896
3,2384.227,grad,23436048896
3,2385.54,grad,23436049408
3,2386.847,grad,24058904576
3,2388.371,grad,22824713728
3,2389.707,grad,22823396864
3,2391.126,grad,22777193984
3,2392.391,grad,22703138304
3,2393.637,grad,22646025728
3,2394.952,grad,22653365760
3,2396.197,grad,22646871552
3,2397.88,grad,22610056192
3,2399.451,grad,22610055680
3,2400.714,grad,22629257728
3,2402.304,grad,22605173248
3,2404.23,grad,22606780928
3,2405.553,grad,22598124032
3,2406.911,grad,22551921152
3,2408.155,grad,22547399168
3,2409.924,grad,22419147264
3,2411.174,grad,22412718592
3,2412.957,grad,22383177216
3,2414.529,grad,22383177216
3,2415.766,grad,22401986048
3,2417.522,grad,22378294784
3,2419.214,grad,22379902464
3,2420.565,grad,22371245568
3,2421.94,grad,22325042688
3,2423.19,grad,22320520704
3,2424.987,grad,22192268800
3,2426.239,grad,22184791552
3,2427.981,grad,22155250176
3,2429.564,grad,22155250176
3,2430.835,grad,22156691968
3,2432.576,grad,22150367744
3,2434.261,grad,22151975424
3,2435.563,grad,22143318528
3,2436.916,grad,22097115648
3,2438.158,grad,22092593664
3,2440.174,grad,21964341760
3,2441.472,grad,21957913088
3,2443.176,grad,21928371712
3,2444.756,grad,21928371712
3,2446.074,grad,21947246080
3,2447.579,grad,21923489280
3,2449.275,grad,21924769280
3,2450.622,grad,21916440064
3,2452.008,grad,21870237184
3,2453.262,grad,21865715200
3,2455.056,grad,21737463296
3,2456.299,grad,21745714688
3,2457.958,grad,21701493248
3,2459.494,grad,21701493248
3,2460.733,grad,21720695296
3,2462.553,grad,21696610816
3,2464.266,grad,21697694208
3,2465.571,grad,21689561600
3,2466.919,grad,21643358720
3,2468.166,grad,21638836736
3,2469.885,grad,21510584832
3,2471.166,grad,21504156160
3,2472.904,grad,21474614784
3,2474.475,grad,21474614784
3,2475.749,grad,21493489152
3,2477.166,grad,21469732352
3,2478.849,grad,21470815744
3,2480.091,grad,21462683136
3,2481.348,grad,21416480256
3,2482.604,grad,21373160960
3,2483.841,grad,21298449920
3,2485.42,grad,21291111936
3,2486.689,grad,21262597632
3,2488.114,grad,21247801856
3,2489.706,grad,21247801856
3,2490.972,grad,21267003904
3,2492.547,grad,21242919424
3,2494.366,grad,21244002816
3,2495.615,grad,21235804672
3,2496.854,grad,21189667328
3,2498.096,grad,21185145344
3,2499.862,grad,21056958976
3,2501.202,grad,21050530304
3,2502.999,grad,21020988928
3,2504.623,grad,21020988928
3,2505.94,grad,21039863296
3,2508.038,grad,21016106496
3,2509.804,grad,21017189888
3,2511.085,grad,21009057280
3,2512.504,grad,20962854400
3,2513.808,grad,20958332416
3,2515.559,grad,20830080512
3,2516.806,grad,20838331904
3,2518.466,grad,20794110464
3,2520.019,grad,20794110464
3,2521.289,grad,20812919296
3,2522.852,grad,20789228032
3,2524.55,grad,20790311424
3,2525.785,grad,20859773440
3,2527.073,grad,20735975936
3,2528.324,grad,20731453952
3,2530.072,grad,20603202048
3,2531.351,grad,20610994688
3,2532.626,grad,20598804992
3,2533.991,grad,20567232000
3,2535.242,grad,20581912064
3,2536.493,grad,20586106368
3,2537.908,grad,20562349568
3,2539.596,grad,20563432960
3,2540.837,grad,20555300352
3,2542.185,grad,20509097472
3,2543.468,grad,20465778176
3,2545.24,grad,20376389120
3,2546.493,grad,20369960448
3,2548.226,grad,20340419072
3,2549.774,grad,20340419072
3,2551.011,grad,20359227904
3,2552.797,grad,20335536640
3,2554.549,grad,20336620032
3,2555.827,grad,20328487424
3,2557.155,grad,20282284544
3,2558.397,grad,20238965248
3,2560.14,grad,20149576192
3,2561.413,grad,20143147520
3,2563.069,grad,20113606144
3,2564.66,grad,20113606144
3,2565.904,grad,20132414976
3,2567.393,grad,20108723712
3,2569.046,grad,20109807104
3,2570.285,grad,20179269120
3,2571.69,grad,20055471616
3,2572.956,grad,20050949632
3,2574.699,grad,19922763264
3,2575.938,grad,19930621440
3,2577.829,grad,19886793216
3,2579.35,grad,19886793216
3,2580.624,grad,19905667584
3,2582.102,grad,19881910784
3,2583.761,grad,19882994176
3,2585.002,grad,19874861568
3,2586.343,grad,19828658688
3,2587.579,grad,19824136704
3,2589.322,grad,19695884800
3,2590.566,grad,19689456128
3,2592.28,grad,19659914752
3,2593.858,grad,19659914752
3,2595.139,grad,19678789120
3,2596.784,grad,19655032320
3,2598.473,grad,19656115712
3,2599.712,grad,19725577728
3,2601.006,grad,19601780224
3,2602.254,grad,19558460928
3,2604.082,grad,19469006336
3,2605.341,grad,19477257728
3,2606.969,grad,19433036288
3,2608.535,grad,19433036288
3,2609.816,grad,19451976192
3,2611.192,grad,19428153856
3,2612.918,grad,19429237248
3,2614.166,grad,19498699264
3,2615.535,grad,19374901760
3,2616.777,grad,19370379776
3,2618.544,grad,19242193408
3,2619.786,grad,19250051584
3,2621.714,grad,19206223360
3,2623.243,grad,19206223360
3,2624.508,grad,19224966656
3,2626.031,grad,19201340928
3,2627.743,grad,19202424320
3,2628.981,grad,19194291712
3,2630.308,grad,19148088832
3,2631.556,grad,19143566848
3,2633.405,grad,19015314944
3,2634.684,grad,19023566336
3,2636.321,grad,18979344896
3,2637.897,grad,18979344896
3,2639.18,grad,18998219264
3,2640.884,grad,18974462464
3,2642.782,grad,18975545856
3,2644.04,grad,19006145024
3,2645.317,grad,18882413056
3,2646.566,grad,18916688384
3,2648.291,grad,18788502016
3,2649.577,grad,18782073344
3,2651.24,grad,18752531968
3,2652.872,grad,18752531968
3,2654.123,grad,18771471872
3,2655.509,grad,18747649536
3,2657.138,grad,18748732928
3,2658.397,grad,18818194944
3,2659.705,grad,18694397440
3,2660.947,grad,18689875456
3,2662.755,grad,18561623552
3,2664.258,grad,18569874944
3,2665.968,grad,18525653504
3,2667.523,grad,18525653504
3,2668.809,grad,18544527872
3,2670.215,grad,18520771072
3,2672.043,grad,18521854464
3,2673.306,grad,18552453632
3,2674.592,grad,18467518976
3,2675.834,grad,18462996992
3,2677.572,grad,18334745088
3,2678.809,grad,18342996480
3,2680.429,grad,18298775040
3,2681.931,grad,18298775040
3,2683.169,grad,18317583872
3,2684.947,grad,18293892608
3,2686.68,grad,18294976000
3,2687.919,grad,18364438016
3,2689.201,grad,18240640512
3,2690.45,grad,18197321216
3,2692.192,grad,18107932160
3,2693.452,grad,18101503488
3,2695.324,grad,18071962624
3,2696.874,grad,18071962112
3,2698.111,grad,18090770944
3,2699.62,grad,18067079680
3,2701.247,grad,18068163072
3,2702.515,grad,18060030464
3,2703.772,grad,18013827584
3,2705.022,grad,17970508288
3,2706.26,grad,17888457216
3,2707.555,grad,17888459264
3,2708.825,grad,17874625024
3,2710.443,grad,17845149184
3,2711.928,grad,17845149184
3,2713.238,grad,17864023552
3,2714.691,grad,17840266752
3,2716.32,grad,17841350144
3,2717.598,grad,17833217536
3,2718.958,grad,17787014656
3,2720.203,grad,17782492672
3,2721.971,grad,17654306304
3,2723.234,grad,17647877632
3,2725.012,grad,17618336768
3,2726.534,grad,17618336256
3,2727.78,grad,17637210624
3,2729.458,grad,17613453824
3,2731.148,grad,17614537216
3,2732.385,grad,17683999232
3,2733.746,grad,17560201728
3,2735.022,grad,17555679744
3,2736.761,grad,17427427840
3,2737.997,grad,17435679232
3,2739.654,grad,17391457792
3,2741.127,grad,17391457792
3,2742.414,grad,17410332160
3,2743.89,grad,17386575360
3,2745.595,grad,17387658752
3,2746.839,grad,17379526144
3,2748.101,grad,17333323264
3,2749.365,grad,17297344000
3,2751.246,grad,17200549376
3,2752.798,grad,17194120704
3,2754.568,grad,17164579328
3,2756.093,grad,17164579328
3,2757.346,grad,17183453696
3,2758.791,grad,17159696896
3,2760.45,grad,17160780288
3,2761.684,grad,17152647680
3,2763.03,grad,17106444800
3,2764.276,grad,17063125504
3,2766.123,grad,16973736448
3,2767.372,grad,16981987840
3,2769.017,grad,16937766912
3,2770.547,grad,16937766400
3,2771.825,grad,16956640768
3,2773.719,grad,16932883968
3,2775.414,grad,16933967360
3,2776.668,grad,17003429376
3,2777.978,grad,16879631872
3,2779.224,grad,16875109888
3,2780.99,grad,16746857984
3,2782.251,grad,16755109376
3,2783.989,grad,16710887936
3,2785.564,grad,16710887936
3,2786.837,grad,16729827840
3,2788.231,grad,16706005504
3,2789.955,grad,16707088896
3,2791.209,grad,16776550912
3,2792.576,grad,16652753408
3,2793.829,grad,16648231424
3,2795.628,grad,16519979520
3,2796.869,grad,16520497664
3,2798.756,grad,16476669440
3,2800.286,grad,16476407296
3,2801.611,grad,16495412736
3,2803.012,grad,16471524864
3,2804.26,grad,16461596160
3,2805.508,grad,16461596160
3,2806.738,grad,16461596160
3,2809.157,grad,16461595648
3,2810.421,grad,16461595648
3,2811.683,grad,16461595648
3,2812.953,grad,16461595648
3,2816.264,grad,16461595648
3,2817.523,grad,16461596160
3,2818.777,grad,16481715200
3,2820.02,grad,16504325120
3,2822.645,grad,16516645888
3,2823.912,grad,16516971520
3,2825.326,grad,16678611968
3,2826.684,grad,16678611968
3,2827.92,grad,16678611968
3,2829.277,grad,16678611968
3,2830.536,grad,16609642496
3,2831.778,grad,16389376000
3,2833.017,grad,16307881984
3,2834.259,grad,16339830784
3,2835.507,grad,16374204416
3,2836.74,grad,16409626624
3,2837.974,grad,16443017216
3,2839.209,grad,16402745344
3,2845.559,grad,16136833024
3,2851.926,grad,16136841216
3,2858.275,grad,16136841216
3,2864.629,grad,16136841216
3,2868.966,grad,16136841216
3,2870.226,grad,16144318464
3,2872.161,grad,16144447488
3,2875.106,grad,16151787520
3,2876.447,grad,16161224704
3,2877.877,grad,16161224704
3,2879.122,grad,16184409088
3,2880.892,grad,16190766080
3,2882.158,grad,16236907520
3,2883.421,grad,16382790656
3,2884.69,grad,16343993344
3,2887.226,grad,16382856192
3,2890.027,grad,16390200320
3,2891.308,grad,16399637504
3,2892.76,grad,16399637504
3,2894.047,grad,16422821888
3,2895.718,grad,16429178880
3,2896.966,grad,16475320320
3,2898.21,grad,16621203456
3,2899.584,grad,16582406144
3,2901.711,grad,16621268992
3,2904.749,grad,16628613120
3,2906.041,grad,16638050304
3,2907.497,grad,16638050304
3,2908.81,grad,16661234688
3,2910.516,grad,16667591680
3,2911.821,grad,16713733120
3,2914.034,grad,16782021632
3,2916.438,grad,16859681792
3,2919.243,grad,16867025920
3,2920.544,grad,16876463104
3,2921.906,grad,16876463104
3,2923.211,grad,16914327552
3,2924.815,grad,16906004480
3,2926.162,grad,16913348608
3,2927.468,grad,17098029056
3,2928.768,grad,17059231744
3,2931.052,grad,17098094592
3,2933.861,grad,17105438720
3,2935.127,grad,17114875904
3,2936.513,grad,17114875904
3,2937.769,grad,17138060288
3,2939.454,grad,17144417280
3,2940.713,grad,17190558720
3,2941.969,grad,17297644544
3,2943.205,grad,17297644544
3,2945.597,grad,17336507392
3,2948.668,grad,17343851520
3,2949.999,grad,17353288704
3,2951.502,grad,17353288704
3,2952.752,grad,17391153152
3,2954.459,grad,17382830080
3,2955.717,grad,17428971520
3,2956.962,grad,17652449280
3,2958.29,grad,17536057344
3,2960.645,grad,17574920192
3,2963.558,grad,17582264320
3,2964.808,grad,17591701504
3,2967.093,grad,17591701504
3,2968.401,grad,17629565952
3,2970.12,grad,17621242880
3,2971.417,grad,17667384320
3,2972.659,grad,17813267456
3,2973.895,grad,17774470144
3,2976.208,grad,17813332992
3,2979.057,grad,17820677120
3,2980.362,grad,17830114304
3,2981.876,grad,17830114304
3,2983.193,grad,17853298688
3,2984.939,grad,17859655680
3,2986.244,grad,17905797120
3,2987.518,grad,18012882944
3,2988.895,grad,17974085632
3,2991.344,grad,18051745792
3,2994.179,grad,18059089920
3,2995.448,grad,18068527104
3,2996.922,grad,18068527104
3,2998.2,grad,18106391552
3,2999.789,grad,18098068480
3,3001.074,grad,18144209920
3,3003.239,grad,18212498432
3,3005.683,grad,18290158592
3,3008.648,grad,18297502720
3,3009.915,grad,18306939904
3,3011.296,grad,18306939904
3,3012.559,grad,18344804352
3,3014.179,grad,18336481280
3,3015.516,grad,18382622720
3,3017.734,grad,18450911232
3,3019.051,grad,18528571392
3,3020.475,grad,18528571392
3,3023.259,grad,18535915520
3,3024.532,grad,18545352704
3,3025.938,grad,18545352704
3,3027.251,grad,18561197056
3,3029.118,grad,18574894080
3,3030.391,grad,18621035520
3,3031.658,grad,18728121344
3,3033.05,grad,18728121344
3,3035.245,grad,18766984192
3,3038.051,grad,18774328320
3,3039.322,grad,18783765504
3,3040.746,grad,18783765504
3,3042.018,grad,18821629952
3,3043.683,grad,18813306880
3,3044.93,grad,18859448320
3,3046.169,grad,19082926080
3,3047.543,grad,18927736832
3,3048.807,grad,19005396992
3,3050.244,grad,19005396992
3,3053.038,grad,19012741120
3,3054.322,grad,19022178304
3,3055.893,grad,19022178304
3,3057.136,grad,19045362688
3,3058.9,grad,19051719680
3,3060.15,grad,19097861120
3,3061.389,grad,19243744256
3,3062.692,grad,19204946944
3,3065.044,grad,19243809792
3,3068.032,grad,19251153920
3,3069.295,grad,19260591104
3,3070.695,grad,19260591104
3,3071.942,grad,19283775488
3,3073.62,grad,19290132480
3,3074.867,grad,19336273920
3,3076.105,grad,19559751680
3,3077.383,grad,19443359744
3,3079.672,grad,19482222592
3,3082.505,grad,19489566720
3,3083.766,grad,19499003904
3,3085.196,grad,19499003904
3,3086.454,grad,19514848256
3,3088.292,grad,19528545280
3,3089.574,grad,19574686720
3,3090.815,grad,19798164480
3,3092.081,grad,19681772544
3,3094.419,grad,19720635392
3,3097.279,grad,19727979520
3,3098.628,grad,19737416704
3,3100.03,grad,19737416704
3,3101.294,grad,19760601088
3,3103.039,grad,19766958080
3,3104.315,grad,19827779584
3,3105.573,grad,19881322496
3,3107.25,grad,19881388032
3,3108.525,grad,19959048192
3,3109.928,grad,19959048192
3,3112.711,grad,19966392320
3,3114.002,grad,19975829504
3,3115.48,grad,19975829504
3,3116.746,grad,19999013888
3,3118.447,grad,20005370880
3,3119.709,grad,20051512320
3,3121.013,grad,20158598144
3,3122.439,grad,20158598144
3,3124.6,grad,20197460992
3,3127.566,grad,20204805120
3,3128.819,grad,20214242304
3,3130.206,grad,20214242304
3,3131.461,grad,20237426688
3,3133.164,grad,20243783680
3,3134.362,grad,20251127808
3,3135.609,grad,20435808256
3,3136.91,grad,20358213632
3,3138.163,grad,20435873792
3,3139.561,grad,20435873792
3,3142.411,grad,20443217920
3,3143.73,grad,20452655104
3,3145.156,grad,20452655104
3,3146.361,grad,20468499456
3,3148.393,grad,20482196480
3,3149.638,grad,20528337920
3,3150.917,grad,20674221056
3,3152.252,grad,20596626432
3,3153.551,grad,20735104000
3,3155.078,grad,20674286592
3,3158.018,grad,20681630720
3,3159.401,grad,20691067904
3,3160.828,grad,20691067904
3,3162.071,grad,20714252288
3,3163.839,grad,20720609280
3,3165.084,grad,20766750720
3,3166.327,grad,20990228480
3,3167.707,grad,20835039232
3,3168.961,grad,20920039424
3,3170.35,grad,20912699392
3,3173.22,grad,20920043520
3,3174.535,grad,20929480704
3,3175.97,grad,20929480704
3,3177.251,grad,20952665088
3,3178.934,grad,20959022080
3,3180.279,grad,20966366208
3,3181.531,grad,21073452032
3,3182.892,grad,21073452032
3,3184.156,grad,21197249536
3,3185.594,grad,21151112192
3,3188.674,grad,21158456320
3,3190.008,grad,21167893504
3,3191.453,grad,21167893504
3,3192.733,grad,21191077888
3,3194.472,grad,21197434880
3,3195.714,grad,21243576320
3,3196.95,grad,21467054080
3,3198.256,grad,21350662144
3,3200.565,grad,21389524992
3,3203.441,grad,21396869120
3,3205.279,grad,21406306304
3,3207.612,grad,21406306304
3,3208.898,grad,21429490688
3,3210.7,grad,21435847680
3,3212.002,grad,21481989120
3,3213.253,grad,21627872256
3,3214.575,grad,21589074944
3,3216.929,grad,21627937792
3,3219.829,grad,21635281920
3,3221.12,grad,21644719104
3,3222.548,grad,21644719104
3,3223.792,grad,21667903488
3,3225.514,grad,21674260480
3,3226.76,grad,21720401920
3,3228.005,grad,21943879680
3,3229.385,grad,21788690432
3,3230.637,grad,21866350592
3,3232.027,grad,21866350592
3,3234.903,grad,21873694720
3,3236.208,grad,21883131904
3,3237.628,grad,21883131904
3,3238.92,grad,21906316288
3,3240.615,grad,21912673280
3,3241.878,grad,21958814720
3,3243.169,grad,22182292480
3,3244.491,grad,22065900544
3,3246.824,grad,22104763392
3,3249.815,grad,22112107520
3,3251.148,grad,22121544704
3,3252.576,grad,22121544704
3,3253.852,grad,22145777664
3,3255.546,grad,22152134656
3,3256.791,grad,22198276096
3,3258.045,grad,22421753856
3,3259.422,grad,22305361920
3,3261.753,grad,22344224768
3,3264.633,grad,22351568896
3,3265.941,grad,22361006080
3,3267.567,grad,22361006080
3,3268.942,grad,22376850432
3,3271.272,grad,22390547456
3,3272.545,grad,22436688896
3,3273.789,grad,22660166656
3,3275.025,grad,22504977408
3,3276.282,grad,22589977600
3,3277.687,grad,22582637568
3,3280.531,grad,22589981696
3,3281.823,grad,22599418880
3,3283.245,grad,22599418880
3,3284.504,grad,22622603264
3,3286.201,grad,22628960256
3,3287.453,grad,22675101696
3,3288.723,grad,22820984832
3,3290.065,grad,22743390208
3,3291.386,grad,22821050368
3,3292.667,grad,22828394496
3,3293.933,grad,23755340288
3,3295.174,grad,23755369472
3,3298.289,grad,23748001280
3,3299.565,grad,23436574720
3,3300.804,grad,23436574720
3,3302.041,grad,23436574720
3,3303.67,grad,23436576256
3,3305.327,grad,22824748032
3,3306.661,grad,22824807424
3,3307.913,grad,22778604544
3,3309.171,grad,22742625280
3,3310.429,grad,22691965952
3,3311.849,grad,22653170688
3,3313.092,grad,22624656384
3,3314.357,grad,22609860608
3,3315.905,grad,22609860608
3,3317.138,grad,22629062656
3,3318.994,grad,22604978176
3,3320.76,grad,22606585856
3,3322.01,grad,22597928960
3,3323.397,grad,22551726080
3,3324.642,grad,22547204096
3,3326.427,grad,22418952192
3,3327.7,grad,22412523520
3,3329.435,grad,22382982144
3,3330.945,grad,22382982144
3,3332.179,grad,22401790976
3,3333.749,grad,22378099712
3,3335.424,grad,22379707392
3,3336.657,grad,22371050496
3,3338.075,grad,22324847616
3,3339.355,grad,22281528320
3,3340.6,grad,22192071680
3,3341.88,grad,22199413760
3,3343.122,grad,22170899456
3,3344.36,grad,22155055104
3,3345.869,grad,22155055104
3,3347.166,grad,22174978048
3,3348.709,grad,22150172672
3,3350.387,grad,22151780352
3,3351.625,grad,22143123456
3,3352.955,grad,22096920576
3,3354.195,grad,22092398592
3,3355.978,grad,21964146688
3,3357.22,grad,21972398080
3,3358.993,grad,21928177152
3,3360.531,grad,21928176640
3,3361.775,grad,21944298496
3,3363.525,grad,21923294208
3,3365.184,grad,21924377600
3,3366.444,grad,21916244992
3,3367.834,grad,21870042112
3,3369.106,grad,21865520128
3,3370.922,grad,21737268224
3,3372.164,grad,21745519616
3,3373.824,grad,21701298176
3,3375.327,grad,21701298176
3,3376.59,grad,21719517184
3,3378.313,grad,21696415744
3,3379.998,grad,21697499136
3,3381.252,grad,21766961152
3,3382.86,grad,21643163648
3,3384.128,grad,21599844352
3,3385.923,grad,21510389760
3,3387.165,grad,21518641152
3,3388.86,grad,21474419712
3,3390.414,grad,21474419712
3,3391.705,grad,21493294080
3,3393.107,grad,21469537280
3,3394.799,grad,21470620672
3,3396.036,grad,21540082688
3,3397.352,grad,21416285184
3,3398.594,grad,21341508608
3,3400.479,grad,21283511296
3,3401.733,grad,21291762688
3,3403.396,grad,21247541248
3,3405.327,grad,21247541248
3,3406.582,grad,21265956864
3,3408.419,grad,21242658816
3,3410.107,grad,21243742208
3,3411.355,grad,21235609600
3,3412.703,grad,21189406720
3,3413.951,grad,21184884736
3,3415.765,grad,21056632832
3,3417.007,grad,21064884224
3,3418.677,grad,21020663296
3,3420.271,grad,21020662784
3,3421.587,grad,21039537152
3,3422.985,grad,21015780352
3,3424.677,grad,21016863744
3,3425.918,grad,21086325760
3,3427.218,grad,20962528256
3,3428.478,grad,20919208960
3,3430.602,grad,20829754368
3,3431.879,grad,20823325696
3,3433.576,grad,20793784320
3,3435.069,grad,20793784320
3,3436.346,grad,20812658688
3,3437.775,grad,20788901888
3,3439.521,grad,20789985280
3,3440.781,grad,20781852672
3,3442.12,grad,20735649792
3,3443.359,grad,20731127808
3,3445.074,grad,20602875904
3,3446.315,grad,20611127296
3,3447.992,grad,20566905856
3,3449.631,grad,20566905856
3,3450.936,grad,20585780224
3,3452.612,grad,20562023424
3,3454.293,grad,20563106816
3,3455.602,grad,20554974208
3,3456.949,grad,20508771328
3,3458.194,grad,20504249344
3,3459.998,grad,20375997440
3,3461.253,grad,20384183296
3,3462.935,grad,20340027392
3,3464.451,grad,20340027392
3,3465.749,grad,20358901760
3,3467.143,grad,20335144960
3,3468.916,grad,20336228352
3,3470.17,grad,20328030208
3,3471.479,grad,20281892864
3,3472.731,grad,20277370880
3,3474.464,grad,20149118976
3,3475.702,grad,20149112832
3,3476.951,grad,20144648192
3,3478.227,grad,20113149440
3,3479.684,grad,20113148928
3,3480.977,grad,20132088832
3,3482.453,grad,20108266496
3,3484.191,grad,20109349888
3,3485.57,grad,20101217280
3,3486.951,grad,20055014400
3,3488.208,grad,20050492416
3,3490.082,grad,19922240512
3,3491.369,grad,19930491904
3,3493.009,grad,19886270464
3,3494.587,grad,19886270464
3,3495.861,grad,19905144832
3,3497.542,grad,19881388032
3,3499.236,grad,19882471424
3,3500.628,grad,19951933440
3,3502.022,grad,19828135936
3,3503.306,grad,19823613952
3,3505.527,grad,19695362048
3,3506.783,grad,19703613440
3,3508.519,grad,19659392000
3,3510.066,grad,19659392000
3,3511.356,grad,19678200832
3,3513.008,grad,19654509568
3,3514.748,grad,19655592960
3,3515.993,grad,19647460352
3,3517.358,grad,19601257472
3,3518.604,grad,19519140864
3,3520.543,grad,19468549120
3,3521.807,grad,19476407296
3,3523.058,grad,19432579072
3,3524.305,grad,19433627648
3,3525.576,grad,19462004736
3,3527.06,grad,19427205120
3,3528.303,grad,19435036672
3,3529.941,grad,19428780032
3,3531.202,grad,19420647424
3,3532.619,grad,19374444544
3,3533.874,grad,19369922560
3,3535.619,grad,19241670656
3,3536.88,grad,19249922048
3,3538.564,grad,19205700608
3,3540.113,grad,19205700608
3,3541.465,grad,19224574976
3,3543.143,grad,19200818176
3,3544.916,grad,19201901568
3,3546.169,grad,19271363584
3,3547.586,grad,19147566080
3,3548.838,grad,19143044096
3,3550.76,grad,19014857728
3,3552.031,grad,19023109120
3,3553.741,grad,18978888192
3,3555.382,grad,18978887680
3,3556.665,grad,18997696512
3,3558.195,grad,18974005248
3,3560.069,grad,18975088640
3,3561.346,grad,18966890496
3,3562.655,grad,18920753152
3,3563.909,grad,18877433856
3,3565.719,grad,18787979264
3,3566.963,grad,18795837440
3,3568.205,grad,18752009216
3,3569.452,grad,18752009216
3,3570.707,grad,18781369344
3,3572.19,grad,18746635264
3,3573.457,grad,18754466816
3,3575.008,grad,18748210176
3,3576.249,grad,18817672192
3,3577.648,grad,18693874688
3,3578.902,grad,18650555392
3,3580.731,grad,18561100800
3,3582.003,grad,18569352192
3,3583.706,grad,18525130752
3,3585.238,grad,18525130752
3,3586.489,grad,18543939584
3,3588.249,grad,18520248320
3,3589.992,grad,18521331712
3,3591.294,grad,18513199104
3,3592.581,grad,18466996224
3,3593.831,grad,18431016960
3,3595.075,grad,18334222336
3,3596.308,grad,18334220288
3,3597.555,grad,18313048064
3,3598.791,grad,18298252288
3,3600.314,grad,18298252288
3,3601.602,grad,18317061120
3,3603.245,grad,18293369856
3,3604.989,grad,18294453248
3,3606.276,grad,18286320640
3,3607.557,grad,18240117760
3,3608.886,grad,18196798464
3,3610.14,grad,18114747392
3,3611.536,grad,18114749440
3,3612.817,grad,18100915200
3,3614.45,grad,18071439872
3,3616.056,grad,18071439360
3,3617.358,grad,18090248192
3,3618.895,grad,18066556928
3,3620.663,grad,18068557824
3,3621.954,grad,18059507712
3,3623.368,grad,18013304832
3,3624.689,grad,17931188224
3,3625.974,grad,17880530944
3,3627.221,grad,17887870976
3,3628.481,grad,17859356672
3,3629.72,grad,17844560896
3,3631.272,grad,17844560896
3,3632.557,grad,17863369728
3,3634.294,grad,17839678464
3,3635.998,grad,17840761856
3,3637.241,grad,17832629248
3,3638.666,grad,17786426368
3,3639.915,grad,17743107072
3,3641.813,grad,17653718016
3,3643.091,grad,17661969408
3,3644.791,grad,17617747968
3,3646.327,grad,17617747968
3,3647.598,grad,17636491264
3,3649.211,grad,17612865536
3,3650.978,grad,17613948928
3,3652.258,grad,17605816320
3,3653.603,grad,17559613440
3,3654.884,grad,17516294144
3,3656.148,grad,17426837504
3,3657.53,grad,17434179584
3,3658.831,grad,17420345344
3,3660.504,grad,17390869504
3,3662.179,grad,17390869504
3,3663.519,grad,17409743872
3,3665.06,grad,17385987072
3,3666.783,grad,17387070464
3,3668.064,grad,17378937856
3,3669.456,grad,17332734976
3,3670.762,grad,17328212992
3,3672.016,grad,17200026624
3,3673.346,grad,17185344512
3,3674.611,grad,17178852352
3,3675.894,grad,17164056576
3,3677.459,grad,17164056576
3,3678.71,grad,17182930944
3,3680.462,grad,17159174144
3,3682.27,grad,17160257536
3,3683.625,grad,17152124928
3,3685.018,grad,17105922048
3,3686.276,grad,17062602752
3,3688.163,grad,16973148160
3,3689.417,grad,16966719488
3,3691.184,grad,16937178624
3,3692.796,grad,16937178112
3,3694.083,grad,16956052480
3,3695.62,grad,16932295680
3,3697.308,grad,16933379072
3,3698.654,grad,16925246464
3,3700.025,grad,16879043584
3,3701.271,grad,16874521600
3,3703.184,grad,16746335232
3,3704.447,grad,16754127872
3,3705.708,grad,16744035328
3,3706.988,grad,16710365184
3,3708.235,grad,16725045248
3,3709.554,grad,16729305088
3,3711.007,grad,16705482752
3,3712.858,grad,16706566144
3,3714.144,grad,16698433536
3,3715.534,grad,16652230656
3,3716.783,grad,16608911360
3,3718.587,grad,16519456768
3,3719.84,grad,16505688064
3,3721.588,grad,16476146688
3,3723.175,grad,16475884544
3,3724.451,grad,16494758912
3,3726.231,grad,16471002112
3,3727.506,grad,16461073408
3,3728.744,grad,16461073408
3,3729.983,grad,16461073408
3,3732.705,grad,16461072896
3,3733.973,grad,16461072896
3,3735.242,grad,16461072896
3,3736.514,grad,16461072896
3,3739.789,grad,16461072896
3,3741.034,grad,16461072896
3,3742.306,grad,16479226368
3,3743.586,grad,16500853248
3,3744.839,grad,16516123136
3,3746.947,grad,16516123136
3,3748.29,grad,16516448768
3,3750.414,grad,16678089216
3,3751.743,grad,16678089216
3,3753.509,grad,16678089216
3,3754.775,grad,16622555136
3,3756.018,grad,16506490368
3,3757.329,grad,16325152256
3,3758.611,grad,16311291392
3,3759.889,grad,16343502336
3,3761.136,grad,16376663552
3,3762.405,grad,16407334400
3,3763.665,grad,16440233472
3,3764.899,grad,16425717248
3,3766.184,grad,16297790976
3,3771.846,grad,16136310272
3,3778.233,grad,16136318464
3,3784.609,grad,16136318464
3,3790.992,grad,16136318464
3,3795.68,grad,16136318464
3,3796.961,grad,16143795712
3,3799.053,grad,16151264768
3,3801.968,grad,16151264768
3,3803.401,grad,16160701952
3,3805.301,grad,16160701952
3,3806.599,grad,16176546304
3,3808.518,grad,16190243328
3,3809.78,grad,16236384768
3,3811.059,grad,16382267904
3,3812.794,grad,16304673280
3,3814.063,grad,16443150848
3,3815.663,grad,16382333440
3,3818.461,grad,16389677568
3,3819.711,grad,16399114752
3,3821.107,grad,16399114752
3,3822.364,grad,16422299136
3,3824.075,grad,16428656128
3,3825.354,grad,16474797568
3,3826.622,grad,16698275328
3,3827.949,grad,16581883392
3,3830.315,grad,16620746240
3,3833.352,grad,16628090368
3,3834.633,grad,16637527552
3,3836.106,grad,16637527552
3,3837.412,grad,16660711936
3,3839.305,grad,16667068928
3,3840.585,grad,16713210368
3,3841.848,grad,16936688128
3,3843.194,grad,16820296192
3,3845.533,grad,16859159040
3,3848.419,grad,16866503168
3,3849.752,grad,16875940352
3,3851.2,grad,16875940352
3,3852.489,grad,16899124736
3,3854.267,grad,16905481728
3,3855.601,grad,16912825856
3,3856.864,grad,17175100928
3,3858.103,grad,17058708992
3,3860.375,grad,17097571840
3,3863.227,grad,17104915968
3,3864.51,grad,17114353152
3,3865.941,grad,17114353152
3,3867.224,grad,17152217600
3,3868.89,grad,17143894528
3,3870.14,grad,17190035968
3,3872.22,grad,17258324480
3,3873.503,grad,17343324672
3,3874.904,grad,17335984640
3,3877.828,grad,17343328768
3,3879.079,grad,17352765952
3,3880.424,grad,17352765952
3,3881.676,grad,17390630400
3,3883.282,grad,17382307328
3,3884.561,grad,17428448768
3,3885.817,grad,17651926528
3,3887.058,grad,17535534592
3,3889.268,grad,17574397440
3,3892.083,grad,17581741568
3,3893.358,grad,17591178752
3,3894.932,grad,17591178752
3,3896.196,grad,17629043200
3,3897.865,grad,17620720128
3,3899.119,grad,17666861568
3,3901.237,grad,17735150080
3,3903.619,grad,17812810240
3,3906.49,grad,17820154368
3,3907.769,grad,17829591552
3,3909.1,grad,17829591552
3,3910.35,grad,17867456000
3,3911.941,grad,17859132928
3,3913.223,grad,17905274368
3,3914.504,grad,17973562880
3,3915.787,grad,17973562880
3,3918.162,grad,18058563072
3,3921.077,grad,18058567168
3,3922.344,grad,18068004352
3,3923.807,grad,18068004352
3,3925.087,grad,18091188736
3,3926.805,grad,18097545728
3,3928.069,grad,18143687168
3,3929.342,grad,18289570304
3,3930.616,grad,18250772992
3,3932.854,grad,18289635840
3,3936.796,grad,18296979968
3,3938.095,grad,18306417152
3,3939.598,grad,18306417152
3,3940.86,grad,18344281600
3,3942.595,grad,18335958528
3,3943.912,grad,18382099968
3,3945.169,grad,18527983104
3,3946.416,grad,18489185792
3,3948.837,grad,18528048640
3,3951.607,grad,18535392768
3,3952.872,grad,18544829952
3,3954.171,grad,18544829952
3,3955.491,grad,18560674304
3,3957.224,grad,18574371328
3,3958.482,grad,18620512768
3,3959.753,grad,18727598592
3,3961.106,grad,18727598592
3,3963.187,grad,18766461440
3,3965.986,grad,18773805568
3,3967.272,grad,18783242752
3,3968.615,grad,18783242752
3,3969.868,grad,18821107200
3,3971.472,grad,18812784128
3,3972.771,grad,18873605632
3,3974.987,grad,18927214080
3,3977.35,grad,19004874240
3,3980.137,grad,19012218368
3,3981.387,grad,19021655552
3,3982.714,grad,19021655552
3,3983.995,grad,19059520000
3,3985.617,grad,19051196928
3,3986.92,grad,19097338368
3,3989.135,grad,19165626880
3,3991.51,grad,19250627072
3,3994.399,grad,19250631168
3,3995.675,grad,19260068352
3,3996.998,grad,19260068352
3,3998.246,grad,19297932800
3,3999.904,grad,19289609728
3,4001.151,grad,19335751168
3,4003.23,grad,19404039680
3,4005.688,grad,19481699840
3,4008.528,grad,19489043968
3,4009.806,grad,19498481152
3,4011.122,grad,19498481152
3,4012.42,grad,19514325504
3,4014.127,grad,19528022528
3,4015.388,grad,19574163968
3,4017.519,grad,19642452480
3,4019.877,grad,19720112640
3,4022.782,grad,19727456768
3,4024.035,grad,19736893952
3,4025.57,grad,19736893952
3,4026.832,grad,19774758400
3,4028.493,grad,19766435328
3,4029.792,grad,19812576768
3,4032.032,grad,19880865280
3,4034.426,grad,19958525440
3,4037.186,grad,19965869568
3,4038.465,grad,19975306752
3,4039.8,grad,19975306752
3,4041.05,grad,20013171200
3,4042.636,grad,20004848128
3,4043.91,grad,20050989568
3,4046.199,grad,20119278080
3,4048.598,grad,20196938240
3,4051.577,grad,20204282368
3,4052.845,grad,20213719552
3,4054.33,grad,20213719552
3,4055.629,grad,20251584000
3,4057.317,grad,20243260928
3,4058.572,grad,20289402368
3,4060.7,grad,20357690880
3,4063.017,grad,20435351040
3,4065.883,grad,20442695168
3,4067.144,grad,20452132352
3,4068.536,grad,20452132352
3,4069.789,grad,20475316736
3,4071.434,grad,20481673728
3,4072.677,grad,20527815168
3,4074.831,grad,20596103680
3,4077.183,grad,20673763840
3,4079.947,grad,20681107968
3,4081.223,grad,20690545152
3,4082.608,grad,20690545152
3,4083.879,grad,20728409600
3,4085.52,grad,20720086528
3,4086.783,grad,20766227968
3,4089.058,grad,20834516480
3,4091.343,grad,20912176640
3,4094.097,grad,20919520768
3,4095.374,grad,20928957952
3,4096.862,grad,20928957952
3,4098.128,grad,20966822400
3,4099.717,grad,20958499328
3,4100.971,grad,21004640768
3,4103.07,grad,21072929280
3,4105.561,grad,21150589440
3,4108.662,grad,21157933568
3,4109.921,grad,21167370752
3,4111.329,grad,21167370752
3,4112.582,grad,21190555136
3,4114.253,grad,21196912128
3,4115.573,grad,21243053568
3,4117.714,grad,21311342080
3,4120.122,grad,21389002240
3,4122.884,grad,21396346368
3,4124.169,grad,21405783552
3,4125.55,grad,21405783552
3,4126.817,grad,21421627904
3,4128.568,grad,21435324928
3,4129.876,grad,21481466368
3,4132.012,grad,21549754880
3,4134.409,grad,21634759168
3,4137.129,grad,21634759168
3,4138.397,grad,21644196352
3,4139.769,grad,21644196352
3,4141.016,grad,21682060800
3,4142.553,grad,21673737728
3,4143.824,grad,21719879168
3,4146.059,grad,21788167680
3,4148.352,grad,21865827840
3,4151.157,grad,21873171968
3,4152.365,grad,21882609152
3,4153.779,grad,21882609152
3,4155.036,grad,21920473600
3,4156.613,grad,21912150528
3,4157.878,grad,21958291968
3,4159.125,grad,22181769728
3,4160.43,grad,22065377792
3,4162.82,grad,22104240640
3,4166.571,grad,22111584768
3,4167.92,grad,22121021952
3,4169.352,grad,22121021952
3,4170.604,grad,22144206336
3,4172.311,grad,22150563328
3,4173.564,grad,22197753344
3,4174.812,grad,22421231104
3,4176.137,grad,22304839168
3,4178.738,grad,22343702016
3,4181.612,grad,22351046144
3,4182.934,grad,22360483328
3,4184.354,grad,22360483328
3,4185.619,grad,22376327680
3,4187.593,grad,22390024704
3,4188.848,grad,22436166144
3,4190.094,grad,22582049280
3,4191.357,grad,22504454656
3,4192.611,grad,22628252160
3,4194.116,grad,22582114816
3,4196.934,grad,22589458944
3,4198.31,grad,22598896128
3,4199.762,grad,22598896128
3,4201.029,grad,22622080512
3,4202.797,grad,22628437504
3,4204.061,grad,22674578944
3,4205.324,grad,22898056704
3,4206.741,grad,22742867456
3,4208.037,grad,22820527616
3,4209.292,grad,22827871744
3,4210.565,grad,23754817536
3,4211.845,grad,23754850816
3,4214.667,grad,23747478528
3,4215.931,grad,23436051968
3,4217.189,grad,23436051968
3,4218.445,grad,23436051968
3,4219.989,grad,23436053504
3,4221.691,grad,22824716800
3,4222.935,grad,22823399936
3,4224.304,grad,22777197056
3,4225.571,grad,22734598656
3,4227.611,grad,22646028800
3,4228.867,grad,22639600128
3,4230.597,grad,22610058752
3,4232.104,grad,22610058752
3,4233.369,grad,22628998656
3,4235.011,grad,22605176320
3,4236.78,grad,22606784000
3,4238.03,grad,22675721728
3,4239.324,grad,22551924224
3,4240.576,grad,22547402240
3,4242.3,grad,22419150336
3,4243.549,grad,22412721664
3,4245.264,grad,22383180288
3,4246.894,grad,22383180288
3,4248.242,grad,22402054656
3,4249.738,grad,22378297856
3,4251.375,grad,22379905536
3,4252.61,grad,22448843264
3,4254.13,grad,22325045760
3,4255.398,grad,22320523776
3,4257.197,grad,22192271872
3,4258.461,grad,22184794624
3,4260.098,grad,22155253248
3,4261.635,grad,22155253248
3,4262.936,grad,22174127616
3,4264.37,grad,22150370816
3,4266.017,grad,22151978496
3,4267.272,grad,22143321600
3,4268.685,grad,22097118720
3,4269.941,grad,22092596736
3,4271.682,grad,21964344832
3,4272.928,grad,21972596224
3,4274.54,grad,21928374784
3,4276.032,grad,21928374784
3,4277.286,grad,21946593792
3,4279.033,grad,21923492352
3,4280.729,grad,21924772352
3,4282.026,grad,21994037760
3,4283.384,grad,21870240256
3,4284.644,grad,21865718272
3,4286.357,grad,21737466368
3,4287.681,grad,21731037696
3,4289.385,grad,21701496320
3,4290.877,grad,21701496320
3,4292.132,grad,21720436224
3,4293.522,grad,21696613888
3,4295.142,grad,21697697280
3,4296.405,grad,21767159296
3,4298.029,grad,21643361792
3,4299.293,grad,21638839808
3,4301.046,grad,21510587904
3,4302.306,grad,21504093696
3,4303.897,grad,21474617856
3,4305.445,grad,21474617856
3,4306.718,grad,21493492224
3,4308.163,grad,21469735424
3,4309.834,grad,21470818816
3,4311.069,grad,21540280832
3,4312.409,grad,21416483328
3,4313.651,grad,21489555968
3,4315.315,grad,21283774976
3,4316.564,grad,21277346304
3,4318.295,grad,21247804928
3,4319.878,grad,21247804928
3,4321.132,grad,21266089472
3,4322.79,grad,21242922496
3,4324.485,grad,21244005888
3,4325.725,grad,21235873280
3,4327.103,grad,21189670400
3,4328.364,grad,21146351104
3,4330.123,grad,21056962048
3,4331.363,grad,21065213440
3,4332.942,grad,21020992000
3,4334.45,grad,21020992000
3,4335.698,grad,21039931904
3,4337.108,grad,21016109568
3,4338.811,grad,21017192960
3,4340.06,grad,21086654976
3,4341.368,grad,20962857472
3,4342.61,grad,20958335488
3,4344.6,grad,20830083584
3,4345.904,grad,20823654912
3,4347.184,grad,20833083904
3,4348.452,grad,20794114048
3,4349.844,grad,20794113536
3,4351.086,grad,20813053440
3,4352.476,grad,20789231104
3,4354.1,grad,20790314496
3,4355.376,grad,20859710976
3,4356.696,grad,20735979008
3,4357.955,grad,20731457024
3,4359.77,grad,20603205120
3,4361.01,grad,20611390976
3,4362.635,grad,20567235072
3,4364.133,grad,20567235072
3,4365.387,grad,20586109440
3,4367.017,grad,20562352640
3,4368.77,grad,20563436032
3,4370.045,grad,20632898048
3,4371.33,grad,20509100544
3,4372.59,grad,20465781248
3,4374.359,grad,20376392192
3,4375.6,grad,20369963520
3,4377.354,grad,20340422144
3,4378.924,grad,20340422144
3,4380.19,grad,20359296512
3,4381.651,grad,20335539712
3,4383.277,grad,20336623104
3,4384.614,grad,20328490496
3,4385.962,grad,20282287616
3,4387.207,grad,20277765632
3,4389.026,grad,20149579264
3,4390.285,grad,20157437440
3,4391.535,grad,20113609728
3,4392.795,grad,20114657792
3,4394.1,grad,20143493632
3,4395.441,grad,20108235264
3,4396.688,grad,20116066816
3,4398.249,grad,20109810176
3,4399.548,grad,20101677568
3,4400.897,grad,20055474688
3,4402.142,grad,20050952704
3,4403.86,grad,19922766336
3,4405.099,grad,19931017728
3,4406.78,grad,19886796288
3,4408.372,grad,19886796288
3,4409.623,grad,19905605120
3,4411.388,grad,19881913856
3,4413.176,grad,19882997248
3,4414.455,grad,19874864640
3,4415.842,grad,19828661760
3,4417.103,grad,19824139776
3,4418.941,grad,19695887872
3,4420.187,grad,19704139264
3,4421.878,grad,19659917824
3,4423.466,grad,19659917824
3,4424.753,grad,19678792192
3,4426.169,grad,19655035392
3,4427.909,grad,19656118784
3,4429.161,grad,19647986176
3,4430.548,grad,19601783296
3,4431.793,grad,19597261312
3,4433.519,grad,19469009408
3,4434.765,grad,19469003264
3,4436.017,grad,19467291136
3,4437.281,grad,19433039872
3,4438.813,grad,19433039360
3,4440.109,grad,19451913728
3,4441.554,grad,19428156928
3,4443.205,grad,19429240320
3,4444.514,grad,19421107712
3,4445.871,grad,19374904832
3,4447.121,grad,19370382848
3,4448.974,grad,19242196480
3,4450.222,grad,19235767808
3,4451.954,grad,19206226432
3,4453.524,grad,19206226432
3,4454.819,grad,19225100800
3,4456.482,grad,19201344000
3,4458.188,grad,19202427392
3,4459.499,grad,19194294784
3,4460.895,grad,19148091904
3,4462.136,grad,19143569920
3,4463.865,grad,19015318016
3,4465.102,grad,19008889344
3,4466.826,grad,18979347968
3,4468.446,grad,18979347968
3,4469.757,grad,18998222336
3,4471.147,grad,18974465536
3,4472.965,grad,18975548928
3,4474.239,grad,18967416320
3,4475.499,grad,18921213440
3,4476.74,grad,18877894144
3,4477.982,grad,18795843072
3,4479.402,grad,18795845120
3,4480.668,grad,18789350912
3,4482.231,grad,18752535040
3,4483.838,grad,18752535040
3,4485.089,grad,18771343872
3,4486.632,grad,18747652608
3,4488.321,grad,18748736000
3,4489.66,grad,18740603392
3,4491.016,grad,18694400512
3,4492.255,grad,18651081216
3,4494.117,grad,18561626624
3,4495.363,grad,18555197952
3,4497.048,grad,18525656576
3,4498.636,grad,18525656576
3,4499.9,grad,18544399872
3,4501.722,grad,18520774144
3,4503.469,grad,18521857536
3,4504.724,grad,18525980160
3,4506.146,grad,18467522048
3,4507.387,grad,18431542784
3,4508.657,grad,18373543424
3,4509.948,grad,18342088192
3,4511.193,grad,18335593984
3,4512.833,grad,18298778112
3,4514.384,grad,18298778112
3,4515.69,grad,18317652480
3,4517.157,grad,18293895680
3,4519.084,grad,18294979072
3,4520.362,grad,18286780928
3,4521.606,grad,18240643584
3,4522.861,grad,18236121600
3,4524.718,grad,18107935232
3,4525.983,grad,18115793408
3,4527.236,grad,18079306240
3,4528.512,grad,18071965184
3,4529.783,grad,18071965184
3,4531.093,grad,18090839552
3,4532.532,grad,18067082752
3,4534.208,grad,18068166144
3,4535.547,grad,18060033536
3,4536.935,grad,18013830656
3,4538.195,grad,17970511360
3,4539.523,grad,17881122304
3,4540.774,grad,17888462336
3,4542.019,grad,17859948032
3,4543.284,grad,17845152768
3,4544.853,grad,17845152256
3,4546.149,grad,17864026624
3,4547.844,grad,17840269824
3,4549.686,grad,17841353216
3,4551.0,grad,17833220608
3,4552.285,grad,17787017728
3,4553.564,grad,17743698432
3,4554.808,grad,17668987392
3,4556.131,grad,17661649408
3,4557.374,grad,17633135104
3,4558.626,grad,17618339328
3,4560.284,grad,17618339328
3,4561.552,grad,17637082624
3,4563.117,grad,17613456896
3,4564.804,grad,17614540288
3,4566.043,grad,17606407680
3,4567.41,grad,17560204800
3,4568.66,grad,17516885504
3,4570.563,grad,17427430912
3,4571.809,grad,17435289088
3,4573.055,grad,17398801920
3,4574.292,grad,17391460864
3,4575.544,grad,17406140928
3,4576.789,grad,17410335232
3,4578.244,grad,17386578432
3,4580.012,grad,17387661824
3,4581.26,grad,17379529216
3,4582.668,grad,17333326336
3,4583.95,grad,17290007040
3,4585.799,grad,17200552448
3,4587.043,grad,17194123776
3,4588.792,grad,17164582400
3,4590.398,grad,17164582400
3,4591.65,grad,17183391232
3,4593.413,grad,17159699968
3,4595.079,grad,17160783360
3,4596.318,grad,17152650752
3,4597.57,grad,17106447872
3,4598.816,grad,17063128576
3,4600.065,grad,16981077504
3,4601.523,grad,16981079552
3,4602.828,grad,16952565248
3,4604.097,grad,16937769984
3,4605.391,grad,16937769472
3,4606.753,grad,16968178176
3,4608.06,grad,16932395520
3,4609.381,grad,16940227072
3,4611.035,grad,16933970432
3,4612.277,grad,16925837824
3,4613.543,grad,16879634944
3,4614.788,grad,16836315648
3,4616.034,grad,16746861056
3,4617.351,grad,16754201088
3,4618.62,grad,16740366848
3,4620.26,grad,16710891008
3,4621.862,grad,16710891008
3,4623.151,grad,16729830912
3,4624.591,grad,16706008576
3,4626.25,grad,16707091968
3,4627.57,grad,16698959360
3,4628.957,grad,16652756480
3,4630.214,grad,16570639872
3,4632.117,grad,16519982592
3,4633.365,grad,16506213888
3,4635.026,grad,16476672512
3,4636.603,grad,16476410368
3,4637.879,grad,16495350272
3,4639.576,grad,16471527936
3,4640.852,grad,16461599232
3,4642.086,grad,16461599232
3,4643.312,grad,16461599232
3,4645.951,grad,16461598720
3,4647.35,grad,16461598720
3,4648.836,grad,16461598720
3,4653.026,grad,16461598720
3,4654.368,grad,16461599232
3,4655.679,grad,16481718272
3,4656.975,grad,16501903360
3,4658.239,grad,16516648960
3,4660.093,grad,16516648960
3,4661.37,grad,16516659200
3,4662.792,grad,16678615040
3,4664.06,grad,16678615040
3,4665.376,grad,16678615040
3,4666.623,grad,16678615040
3,4668.09,grad,16623080448
3,4669.354,grad,16426931200
3,4670.619,grad,16299004928
3,4671.868,grad,16331445248
3,4673.111,grad,16364344320
3,4674.365,grad,16398554112
3,4675.612,grad,16432698368
3,4676.862,grad,16449016832
3,4678.111,grad,16325612544
3,4684.488,grad,16136836096
3,4690.891,grad,16136844288
3,4697.254,grad,16136844288
3,4703.626,grad,16136844288
3,4708.059,grad,16136844288
3,4709.328,grad,16144321536
3,4711.354,grad,16144450560
3,4714.315,grad,16151790592
3,4715.658,grad,16161227776
3,4717.103,grad,16161227776
3,4718.354,grad,16184412160
3,4720.075,grad,16190769152
3,4721.345,grad,16236910592
3,4722.588,grad,16382793728
3,4723.951,grad,16343996416
3,4726.056,grad,16382859264
3,4729.155,grad,16390203392
3,4730.468,grad,16399640576
3,4731.942,grad,16399640576
3,4733.218,grad,16437505024
3,4734.836,grad,16429181952
3,4736.082,grad,16490003456
3,4738.217,grad,16543611904
3,4740.553,grad,16621272064
3,4743.403,grad,16628616192
3,4744.672,grad,16638053376
3,4746.069,grad,16638053376
3,4747.393,grad,16653897728
3,4749.166,grad,16667594752
3,4750.489,grad,16713736192
3,4751.757,grad,16859619328
3,4753.122,grad,16820822016
3,4755.229,grad,16859684864
3,4758.117,grad,16867028992
3,4759.388,grad,16876466176
3,4760.854,grad,16876466176
3,4762.108,grad,16899650560
3,4763.817,grad,16913347584
3,4765.064,grad,16952148992
3,4767.186,grad,17020437504
3,4768.442,grad,17158915072
3,4769.986,grad,17098097664
3,4772.792,grad,17105441792
3,4774.051,grad,17114878976
3,4775.416,grad,17114878976
3,4776.687,grad,17152743424
3,4778.33,grad,17144420352
3,4779.621,grad,17205241856
3,4781.752,grad,17258850304
3,4784.109,grad,17336510464
3,4787.124,grad,17343854592
3,4788.386,grad,17353291776
3,4789.785,grad,17353291776
3,4791.048,grad,17391156224
3,4792.693,grad,17382833152
3,4793.941,grad,17443654656
3,4796.022,grad,17497263104
3,4798.413,grad,17574923264
3,4801.186,grad,17582267392
3,4802.474,grad,17591704576
3,4803.845,grad,17591704576
3,4805.123,grad,17614888960
3,4806.979,grad,17621245952
3,4808.249,grad,17682067456
3,4810.354,grad,17735675904
3,4812.729,grad,17813336064
3,4815.531,grad,17820680192
3,4816.785,grad,17830117376
3,4818.137,grad,17830117376
3,4819.387,grad,17867981824
3,4820.98,grad,17859658752
3,4822.277,grad,17905800192
3,4824.407,grad,17974088704
3,4826.951,grad,18051748864
3,4829.726,grad,18059092992
3,4831.027,grad,18068530176
3,4832.438,grad,18068530176
3,4833.689,grad,18106394624
3,4835.188,grad,18098071552
3,4836.489,grad,18144212992
3,4838.592,grad,18212501504
3,4840.925,grad,18290161664
3,4843.7,grad,18297505792
3,4845.132,grad,18306942976
3,4846.525,grad,18306942976
3,4847.811,grad,18344807424
3,4849.39,grad,18336484352
3,4850.704,grad,18397305856
3,4852.851,grad,18450914304
3,4855.224,grad,18528574464
3,4858.138,grad,18535918592
3,4859.425,grad,18545355776
3,4860.813,grad,18545355776
3,4862.131,grad,18583220224
3,4863.665,grad,18574897152
3,4864.991,grad,18582241280
3,4866.243,grad,18766921728
3,4867.49,grad,18728124416
3,4869.772,grad,18774327296
3,4872.544,grad,18774331392
3,4873.811,grad,18783768576
3,4875.168,grad,18783768576
3,4876.45,grad,18821633024
3,4878.014,grad,18813309952
3,4879.273,grad,18874131456
3,4881.351,grad,18927739904
3,4884.704,grad,19012740096
3,4887.637,grad,19012744192
3,4888.924,grad,19022181376
3,4890.369,grad,19022181376
3,4891.628,grad,19045365760
3,4893.294,grad,19051722752
3,4894.555,grad,19097864192
3,4895.803,grad,19243747328
3,4897.055,grad,19204950016
3,4899.31,grad,19243812864
3,4902.183,grad,19251271680
3,4903.564,grad,19260594176
3,4905.05,grad,19260594176
3,4906.314,grad,19298458624
3,4907.905,grad,19290135552
3,4909.158,grad,19336276992
3,4910.405,grad,19482160128
3,4911.779,grad,19443362816
3,4913.899,grad,19482225664
3,4916.64,grad,19489569792
3,4917.893,grad,19499006976
3,4919.248,grad,19499006976
3,4920.532,grad,19522191360
3,4922.434,grad,19528548352
3,4923.7,grad,19574689792
3,4924.942,grad,19720572928
3,4926.294,grad,19681775616
3,4928.453,grad,19720638464
3,4931.266,grad,19727982592
3,4932.543,grad,19737419776
3,4933.88,grad,19737419776
3,4935.147,grad,19775284224
3,4936.676,grad,19766961152
3,4937.917,grad,19813102592
3,4939.159,grad,19958985728
3,4940.507,grad,19920188416
3,4942.87,grad,19959051264
3,4945.676,grad,19966395392
3,4946.919,grad,19975832576
3,4948.302,grad,19975832576
3,4949.553,grad,20013697024
3,4951.165,grad,20005373952
3,4952.444,grad,20051515392
3,4953.7,grad,20274993152
3,4954.964,grad,20158601216
3,4957.184,grad,20197464064
3,4960.111,grad,20204808192
3,4961.61,grad,20214245376
3,4963.007,grad,20214245376
3,4964.257,grad,20237429760
3,4965.903,grad,20243786752
3,4967.184,grad,20289928192
3,4968.435,grad,20435811328
3,4969.723,grad,20397014016
3,4971.978,grad,20435876864
3,4974.807,grad,20443220992
3,4976.056,grad,20452658176
3,4977.436,grad,20452658176
3,4978.712,grad,20475842560
3,4980.528,grad,20482199552
3,4981.791,grad,20528340992
3,4983.998,grad,20596629504
3,4986.391,grad,20674289664
3,4989.24,grad,20681633792
3,4990.501,grad,20691070976
3,4991.887,grad,20691070976
3,4993.17,grad,20728935424
3,4994.803,grad,20720612352
3,4996.048,grad,20781433856
3,4998.157,grad,20835042304
3,4999.359,grad,20912702464
3,5000.932,grad,20912702464
3,5003.747,grad,20920046592
3,5005.087,grad,20929483776
3,5006.503,grad,20929483776
3,5007.757,grad,20967348224
3,5009.351,grad,20959025152
3,5010.628,grad,21005166592
3,5012.802,grad,21073455104
3,5015.176,grad,21151115264
3,5017.941,grad,21158459392
3,5019.465,grad,21167896576
3,5020.924,grad,21167896576
3,5022.212,grad,21205761024
3,5023.857,grad,21197437952
3,5025.135,grad,21243579392
3,5026.394,grad,21311867904
3,5027.739,grad,21350665216
3,5029.979,grad,21389528064
3,5032.796,grad,21396872192
3,5034.099,grad,21406309376
3,5035.5,grad,21406309376
3,5036.771,grad,21444173824
3,5038.512,grad,21435850752
3,5039.781,grad,21481992192
3,5041.054,grad,21589078016
3,5042.314,grad,21589078016
3,5044.582,grad,21627940864
3,5047.403,grad,21635284992
3,5048.666,grad,21644722176
3,5050.12,grad,21644722176
3,5051.486,grad,21682586624
3,5053.174,grad,21681603584
3,5054.468,grad,21735085056
3,5056.593,grad,21788693504
3,5059.19,grad,21866353664
3,5062.036,grad,21873697792
3,5063.318,grad,21883134976
3,5064.715,grad,21883134976
3,5066.005,grad,21920999424
3,5067.769,grad,21912676352
3,5069.124,grad,21958817792
3,5070.396,grad,22182295552
3,5071.658,grad,22065903616
3,5073.962,grad,22104766464
3,5076.844,grad,22112110592
3,5078.24,grad,22121547776
3,5079.716,grad,22121547776
3,5080.988,grad,22160460800
3,5082.692,grad,22152137728
3,5083.992,grad,22212959232
3,5086.185,grad,22266567680
3,5088.628,grad,22344227840
3,5091.671,grad,22351571968
3,5093.07,grad,22361009152
3,5094.556,grad,22361009152
3,5095.832,grad,22384193536
3,5097.797,grad,22390550528
3,5099.075,grad,22436691968
3,5100.332,grad,22582575104
3,5101.627,grad,22504980480
3,5102.9,grad,22643458048
3,5104.423,grad,22582640640
3,5107.426,grad,22589984768
3,5108.793,grad,22599421952
3,5110.286,grad,22599421952
3,5111.584,grad,22615266304
3,5113.463,grad,22628963328
3,5114.738,grad,22675104768
3,5116.018,grad,22820987904
3,5117.305,grad,22743393280
3,5118.621,grad,22821053440
3,5120.67,grad,22821053440
3,5121.979,grad,23132480512
3,5123.241,grad,23755368448
3,5124.518,grad,23748012544
3,5126.549,grad,23748004352
3,5127.812,grad,23436577792
3,5129.058,grad,23436577792
3,5130.298,grad,23436577792
3,5131.672,grad,23436579328
3,5133.342,grad,22824751104
3,5134.596,grad,22821500928
3,5135.866,grad,22778607616
3,5137.128,grad,22742628352
3,5138.471,grad,22684628992
3,5139.778,grad,22653173760
3,5141.06,grad,22638946304
3,5143.194,grad,22609863680
3,5144.842,grad,22609863680
3,5146.134,grad,22628738048
3,5147.596,grad,22604981248
3,5148.874,grad,22602394624
3,5150.193,grad,22606588928
3,5151.515,grad,22551729152
3,5152.766,grad,22590526464
3,5154.034,grad,22472102912
3,5155.588,grad,22418955264
3,5156.838,grad,22412526592
3,5158.645,grad,22382985728
3,5160.183,grad,22382985216
3,5161.44,grad,22401794048
3,5162.951,grad,22378102784
3,5164.729,grad,22379710464
3,5165.965,grad,22448648192
3,5167.259,grad,22324850688
3,5168.543,grad,22320328704
3,5170.342,grad,22192076800
3,5171.862,grad,22185648128
3,5173.617,grad,22155058176
3,5175.191,grad,22155058176
3,5176.442,grad,22174915584
3,5177.925,grad,22150175744
3,5179.628,grad,22151783424
3,5180.864,grad,22220721152
3,5182.158,grad,22096923648
3,5183.411,grad,22092401664
3,5185.192,grad,21964149760
3,5186.453,grad,21957721088
3,5188.161,grad,21928180224
3,5189.753,grad,21928179712
3,5191.008,grad,21946988544
3,5192.784,grad,21923297280
3,5194.569,grad,21924380672
3,5195.861,grad,21916248064
3,5197.216,grad,21870045184
3,5198.476,grad,21826725888
3,5200.229,grad,21737271296
3,5201.496,grad,21730842624
3,5203.219,grad,21701301248
3,5205.408,grad,21701301248
3,5206.695,grad,21720175616
3,5208.13,grad,21696418816
3,5209.879,grad,21697502208
3,5211.138,grad,21766964224
3,5212.475,grad,21643166720
3,5213.722,grad,21638644736
3,5215.54,grad,21510392832
3,5217.023,grad,21503964160
3,5218.775,grad,21474422784
3,5220.296,grad,21474422784
3,5221.555,grad,21493231616
3,5223.024,grad,21469540352
3,5224.781,grad,21470623744
3,5226.027,grad,21462491136
3,5227.411,grad,21416288256
3,5228.672,grad,21411766272
3,5230.462,grad,21283514368
3,5231.772,grad,21291700224
3,5233.479,grad,21247544320
3,5235.071,grad,21247544320
3,5236.403,grad,21266418688
3,5238.039,grad,21242661888
3,5239.803,grad,21243745280
3,5241.06,grad,21235612672
3,5242.44,grad,21189409792
3,5243.711,grad,21184887808
3,5245.585,grad,21056635904
3,5246.869,grad,21050207232
3,5248.579,grad,21020665856
3,5250.218,grad,21020665856
3,5251.527,grad,21039474688
3,5253.047,grad,21015783424
3,5254.754,grad,21016866816
3,5256.036,grad,21008734208
3,5257.434,grad,20962531328
3,5258.709,grad,20919212032
3,5260.52,grad,20829757440
3,5262.088,grad,20838008832
3,5263.845,grad,20793787392
3,5265.468,grad,20793787392
3,5266.793,grad,20812661760
3,5268.225,grad,20788904960
3,5270.061,grad,20789988352
3,5271.374,grad,20781855744
3,5272.657,grad,20735652864
3,5273.922,grad,20692333568
3,5275.181,grad,20610216960
3,5276.621,grad,20610219008
3,5277.884,grad,20589044736
3,5279.557,grad,20566908928
3,5281.158,grad,20566908928
3,5282.36,grad,20586110976
3,5284.219,grad,20562026496
3,5286.016,grad,20563109888
3,5287.281,grad,20632571904
3,5288.678,grad,20508774400
3,5289.953,grad,20504252416
3,5291.906,grad,20376000512
3,5293.186,grad,20369571840
3,5294.939,grad,20340030976
3,5296.546,grad,20340030464
3,5297.788,grad,20358839296
3,5299.373,grad,20335148032
3,5301.05,grad,20336231424
3,5302.306,grad,20328098816
3,5303.57,grad,20281895936
3,5304.844,grad,20245523456
3,5306.106,grad,20202204160
3,5307.597,grad,20149122048
3,5309.157,grad,20142693376
3,5310.959,grad,20113152000
3,5312.56,grad,20113152000
3,5313.88,grad,20132026368
3,5315.297,grad,20108269568
3,5317.065,grad,20109352960
3,5318.325,grad,20101220352
3,5319.756,grad,20055017472
3,5321.011,grad,20050495488
3,5322.865,grad,19922243584
3,5324.109,grad,19915814912
3,5325.908,grad,19886274048
3,5327.49,grad,19886273536
3,5328.728,grad,19905082368
3,5330.481,grad,19881391104
3,5332.19,grad,19882474496
3,5333.505,grad,19874341888
3,5334.86,grad,19828139008
3,5336.13,grad,19746022400
3,5338.036,grad,19695365120
3,5339.282,grad,19688936448
3,5341.031,grad,19659395072
3,5342.631,grad,19659395072
3,5343.928,grad,19678269440
3,5345.386,grad,19654512640
3,5347.174,grad,19655596032
3,5348.506,grad,19647463424
3,5349.745,grad,19601260544
3,5351.021,grad,19557941248
3,5352.353,grad,19475890176
3,5353.64,grad,19475892224
3,5354.922,grad,19462123520
3,5356.733,grad,19432582144
3,5358.289,grad,19432582144
3,5359.546,grad,19451784192
3,5361.115,grad,19427699712
3,5362.847,grad,19428783104
3,5364.114,grad,19420650496
3,5365.531,grad,19374447616
3,5366.795,grad,19299671040
3,5368.046,grad,19241673728
3,5369.315,grad,19241671680
3,5370.586,grad,19220499456
3,5371.863,grad,19205703680
3,5373.416,grad,19205703680
3,5374.663,grad,19224446976
3,5376.589,grad,19200821248
3,5378.321,grad,19201904640
3,5379.653,grad,19193772032
3,5381.014,grad,19147569152
3,5382.275,grad,19104249856
3,5384.105,grad,19014860800
3,5385.388,grad,19008432128
3,5387.164,grad,18978891264
3,5388.748,grad,18978890752
3,5389.991,grad,18997699584
3,5391.486,grad,18974008320
3,5393.174,grad,18975091712
3,5394.421,grad,18964534272
3,5395.721,grad,18920756224
3,5396.96,grad,18892116992
3,5398.204,grad,18834117632
3,5399.785,grad,18795322368
3,5401.068,grad,18796233728
3,5402.796,grad,18752012288
3,5404.453,grad,18752012288
3,5405.743,grad,18753454080
3,5407.591,grad,18747129856
3,5409.313,grad,18748213248
3,5410.642,grad,18740080640
3,5412.017,grad,18693877760
3,5413.283,grad,18689355776
3,5415.06,grad,18561103872
3,5416.362,grad,18554675200
3,5418.179,grad,18525133824
3,5419.788,grad,18525133824
3,5421.027,grad,18543942656
3,5422.779,grad,18520251392
3,5424.521,grad,18521334784
3,5425.76,grad,18513202176
3,5427.145,grad,18466999296
3,5428.359,grad,18399562752
3,5430.246,grad,18334225408
3,5431.558,grad,18327796736
3,5433.266,grad,18298255360
3,5434.853,grad,18298255360
3,5436.091,grad,18317064192
3,5437.698,grad,18293372928
3,5439.4,grad,18294456320
3,5440.639,grad,18286323712
3,5441.982,grad,18240120832
3,5443.25,grad,18196801536
3,5445.138,grad,18107412480
3,5446.385,grad,18115270656
3,5447.632,grad,18106030080
3,5448.927,grad,18071442432
3,5450.211,grad,18071442432
3,5451.469,grad,18090251264
3,5453.015,grad,18066560000
3,5454.717,grad,18068560896
3,5455.956,grad,18059510784
3,5457.366,grad,18013307904
3,5458.626,grad,18008785920
3,5460.568,grad,17887874048
3,5461.889,grad,17888785408
3,5463.685,grad,17844564480
3,5465.243,grad,17844563968
3,5466.502,grad,17863766016
3,5468.359,grad,17839681536
3,5470.122,grad,17840764928
3,5471.404,grad,17832632320
3,5472.77,grad,17786429440
3,5474.029,grad,17743110144
3,5475.863,grad,17653721088
3,5477.103,grad,17647292416
3,5478.951,grad,17617751040
3,5480.517,grad,17617751040
3,5481.816,grad,17636625408
3,5483.268,grad,17612868608
3,5485.01,grad,17613952000
3,5486.253,grad,17605819392
3,5487.522,grad,17559616512
3,5488.78,grad,17516297216
3,5490.021,grad,17434180608
3,5491.344,grad,17434182656
3,5492.61,grad,17420348416
3,5494.252,grad,17390872576
3,5495.83,grad,17390872576
3,5497.068,grad,17409746944
3,5498.688,grad,17385990144
3,5500.419,grad,17387073536
3,5501.782,grad,17378940928
3,5503.211,grad,17332738048
3,5504.518,grad,17257961472
3,5505.8,grad,17207367680
3,5507.235,grad,17207369728
3,5508.52,grad,17186195456
3,5509.952,grad,17164059648
3,5511.55,grad,17164059648
3,5512.864,grad,17182999552
3,5514.568,grad,17159177216
3,5516.267,grad,17160260608
3,5517.616,grad,17152128000
3,5518.897,grad,17105925120
3,5520.191,grad,17069945856
3,5521.458,grad,16980489216
3,5522.772,grad,16980491264
3,5524.019,grad,16951976960
3,5525.275,grad,16937181184
3,5526.838,grad,16937181184
3,5528.078,grad,16956055552
3,5529.69,grad,16932298752
3,5531.377,grad,16933382144
3,5532.616,grad,16925249536
3,5533.968,grad,16879046656
3,5535.228,grad,16835727360
3,5537.056,grad,16746338304
3,5538.305,grad,16754130944
3,5539.589,grad,16741941248
3,5540.912,grad,16710368256
3,5542.187,grad,16739728384
3,5543.44,grad,16729308160
3,5544.883,grad,16705485824
3,5546.561,grad,16706569216
3,5547.808,grad,16698436608
3,5549.245,grad,16652233728
3,5550.573,grad,16647711744
3,5552.426,grad,16519459840
3,5553.686,grad,16505691136
3,5555.381,grad,16476149760
3,5556.922,grad,16475887616
3,5558.287,grad,16494827520
3,5560.075,grad,16471005184
3,5561.361,grad,16461076480
3,5562.607,grad,16461076480
3,5563.849,grad,16461076480
3,5567.241,grad,16461075968
3,5568.812,grad,16461075968
3,5570.107,grad,16461075968
3,5574.032,grad,16461075968
3,5575.304,grad,16461076480
3,5576.571,grad,16479753728
3,5577.811,grad,16500397568
3,5579.066,grad,16516126208
3,5580.844,grad,16516126208
3,5582.141,grad,16516451840
3,5584.186,grad,16678092288
3,5585.713,grad,16678092288
3,5586.984,grad,16678092288
3,5588.225,grad,16632348672
3,5589.497,grad,16527137280
3,5590.762,grad,16320371200
3,5592.005,grad,16316832256
3,5593.262,grad,16349501952
3,5594.522,grad,16382433792
3,5595.784,grad,16414054912
3,5597.022,grad,16447478272
3,5598.258,grad,16395442688
3,5604.528,grad,16136313344
3,5610.915,grad,16136321536
3,5617.287,grad,16136321536
3,5623.68,grad,16136321536
3,5628.73,grad,16136321536
3,5630.083,grad,16143798784
3,5632.172,grad,16143927808
3,5635.207,grad,16151267840
3,5636.69,grad,16160705024
3,5638.136,grad,16160705024
3,5639.397,grad,16176549376
3,5641.314,grad,16190246400
3,5642.62,grad,16236387840
3,5643.878,grad,16459865600
3,5645.129,grad,16343473664
3,5646.406,grad,16389676544
3,5648.114,grad,16382336512
3,5651.122,grad,16389680640
3,5652.462,grad,16399117824
3,5653.86,grad,16399117824
3,5655.153,grad,16422302208
3,5656.932,grad,16428659200
3,5658.238,grad,16474800640
3,5659.507,grad,16620683776
3,5660.831,grad,16581886464
3,5663.071,grad,16620749312
3,5666.014,grad,16628093440
3,5667.303,grad,16637530624
3,5668.755,grad,16637530624
3,5670.004,grad,16653374976
3,5671.938,grad,16667072000
3,5673.204,grad,16713213440
3,5674.47,grad,16859096576
3,5675.762,grad,16820299264
3,5678.143,grad,16859162112
3,5680.996,grad,16866506240
3,5682.312,grad,16875943424
3,5683.715,grad,16875943424
3,5684.997,grad,16899127808
3,5686.757,grad,16905484800
3,5688.012,grad,16951626240
3,5689.269,grad,17019914752
3,5690.69,grad,17058712064
3,5692.934,grad,17097574912
3,5695.79,grad,17104919040
3,5697.052,grad,17114356224
3,5698.525,grad,17114356224
3,5699.862,grad,17137540608
3,5701.662,grad,17151237632
3,5702.971,grad,17204719104
3,5705.067,grad,17258327552
3,5706.367,grad,17335987712
3,5707.836,grad,17335987712
3,5710.894,grad,17343331840
3,5712.192,grad,17352769024
3,5713.613,grad,17352769024
3,5714.881,grad,17390633472
3,5716.607,grad,17382310400
3,5717.885,grad,17428451840
3,5719.163,grad,17651929600
3,5720.448,grad,17496740352
3,5722.776,grad,17574400512
3,5725.632,grad,17581744640
3,5726.989,grad,17591181824
3,5728.533,grad,17591181824
3,5729.84,grad,17629046272
3,5731.695,grad,17620723200
3,5732.999,grad,17666864640
3,5735.209,grad,17735153152
3,5737.648,grad,17812813312
3,5740.508,grad,17820157440
3,5741.782,grad,17829594624
3,5743.22,grad,17829594624
3,5744.5,grad,17867459072
3,5746.061,grad,17859136000
3,5747.362,grad,17866480128
3,5748.622,grad,18128755200
3,5749.873,grad,18012363264
3,5752.482,grad,18051226112
3,5755.383,grad,18058570240
3,5756.683,grad,18068007424
3,5758.148,grad,18068007424
3,5759.43,grad,18091191808
3,5761.093,grad,18097548800
3,5762.36,grad,18143690240
3,5764.553,grad,18211978752
3,5767.046,grad,18296978944
3,5769.916,grad,18296983040
3,5771.496,grad,18306420224
3,5772.895,grad,18306420224
3,5774.193,grad,18344284672
3,5775.767,grad,18335961600
3,5777.029,grad,18382103040
3,5778.299,grad,18605580800
3,5779.628,grad,18489188864
3,5781.895,grad,18528051712
3,5784.773,grad,18535395840
3,5786.047,grad,18544833024
3,5787.59,grad,18544833024
3,5788.856,grad,18582697472
3,5790.549,grad,18574374400
3,5791.85,grad,18581718528
3,5793.108,grad,18843993600
3,5794.373,grad,18727601664
3,5796.664,grad,18766464512
3,5799.53,grad,18773808640
3,5800.79,grad,18783245824
3,5802.176,grad,18783245824
3,5803.458,grad,18806430208
3,5805.114,grad,18812787200
3,5806.385,grad,18858928640
3,5807.639,grad,19082406400
3,5808.899,grad,18966014464
3,5811.51,grad,19004877312
3,5814.353,grad,19012221440
3,5815.612,grad,19021658624
3,5816.953,grad,19021658624
3,5818.202,grad,19044843008
3,5819.977,grad,19051200000
3,5821.268,grad,19097341440
3,5822.529,grad,19320819200
3,5823.833,grad,19204427264
3,5826.121,grad,19243290112
3,5829.003,grad,19250634240
3,5830.463,grad,19260071424
3,5831.852,grad,19260071424
3,5833.105,grad,19283255808
3,5834.85,grad,19296952832
3,5836.103,grad,19350434304
3,5838.241,grad,19404042752
3,5840.653,grad,19489042944
3,5843.534,grad,19489047040
3,5844.798,grad,19498484224
3,5846.159,grad,19498484224
3,5847.359,grad,19521668608
3,5850.238,grad,19528025600
3,5851.524,grad,19588847104
3,5853.63,grad,19642455552
3,5855.92,grad,19720115712
3,5858.818,grad,19727459840
3,5860.094,grad,19736897024
3,5861.463,grad,19736897024
3,5862.736,grad,19760081408
3,5864.456,grad,19766438400
3,5865.724,grad,19827259904
3,5867.852,grad,19880868352
3,5870.364,grad,19958528512
3,5873.144,grad,19965872640
3,5874.406,grad,19975309824
3,5875.825,grad,19975309824
3,5877.1,grad,20013174272
3,5878.762,grad,20004851200
3,5880.034,grad,20050992640
3,5882.188,grad,20119281152
3,5884.598,grad,20196941312
3,5887.475,grad,20204285440
3,5888.938,grad,20213722624
3,5890.417,grad,20213722624
3,5891.698,grad,20251587072
3,5893.256,grad,20243264000
3,5894.525,grad,20289405440
3,5896.669,grad,20357693952
3,5899.122,grad,20435354112
3,5901.932,grad,20442698240
3,5903.2,grad,20452135424
3,5904.668,grad,20452135424
3,5905.975,grad,20489999872
3,5907.556,grad,20481676800
3,5908.986,grad,20489020928
3,5910.269,grad,20673701376
3,5911.587,grad,20634904064
3,5913.879,grad,20673766912
3,5916.718,grad,20681111040
3,5917.98,grad,20690548224
3,5919.462,grad,20690548224
3,5920.763,grad,20728412672
3,5922.506,grad,20720089600
3,5923.836,grad,20766231040
3,5925.116,grad,20912114176
3,5926.521,grad,20873316864
3,5928.863,grad,20912179712
3,5931.776,grad,20919523840
3,5933.063,grad,20928961024
3,5934.53,grad,20928961024
3,5935.842,grad,20966825472
3,5937.459,grad,20958502400
3,5938.709,grad,20965846528
3,5939.979,grad,21228121600
3,5941.289,grad,21111729664
3,5943.613,grad,21150592512
3,5946.449,grad,21157936640
3,5947.834,grad,21167373824
3,5949.273,grad,21167373824
3,5950.54,grad,21190558208
3,5952.196,grad,21196915200
3,5953.452,grad,21243056640
3,5954.698,grad,21388939776
3,5956.072,grad,21350142464
3,5958.185,grad,21396345344
3,5961.148,grad,21396349440
3,5962.358,grad,21405786624
3,5963.769,grad,21405786624
3,5965.065,grad,21428971008
3,5967.011,grad,21435328000
3,5968.288,grad,21496149504
3,5970.555,grad,21549757952
3,5972.901,grad,21627418112
3,5975.754,grad,21634762240
3,5977.056,grad,21644199424
3,5978.35,grad,21644199424
3,5979.598,grad,21667383808
3,5981.246,grad,21673740800
3,5982.56,grad,21719882240
3,5984.705,grad,21788170752
3,5985.975,grad,21926648320
3,5987.521,grad,21865830912
3,5990.344,grad,21873175040
3,5991.616,grad,21882612224
3,5993.052,grad,21882612224
3,5994.304,grad,21920476672
3,5995.914,grad,21912153600
3,5997.182,grad,21958295040
3,5999.37,grad,22026583552
3,6001.707,grad,22104243712
3,6004.754,grad,22111587840
3,6006.084,grad,22121025024
3,6007.577,grad,22121025024
3,6008.891,grad,22158889472
3,6010.553,grad,22150566400
3,6011.815,grad,22197756416
3,6013.08,grad,22343639552
3,6014.426,grad,22304842240
3,6016.616,grad,22343705088
3,6019.461,grad,22351049216
3,6020.723,grad,22360486400
3,6022.126,grad,22360486400
3,6023.381,grad,22376330752
3,6025.186,grad,22390027776
3,6026.472,grad,22436169216
3,6027.712,grad,22582052352
3,6028.986,grad,22504457728
3,6030.25,grad,22635595264
3,6031.768,grad,22582117888
3,6034.739,grad,22589462016
3,6036.076,grad,22598899200
3,6037.596,grad,22598899200
3,6038.847,grad,22622083584
3,6040.621,grad,22628440576
3,6041.884,grad,22674582016
3,6043.125,grad,22820465152
3,6044.597,grad,22742870528
3,6045.851,grad,22881348096
3,6047.187,grad,22827874816
3,6048.432,grad,23754820608
3,6049.675,grad,23754862080
3,6052.686,grad,23747481600
3,6053.955,grad,23436055040
3,6055.199,grad,23436055040
3,6056.455,grad,23436055040
3,6057.994,grad,23436056576
3,6059.762,grad,22824719872
3,6061.004,grad,22823403008
3,6062.388,grad,22777200128
3,6063.633,grad,22773399040
3,6065.567,grad,22646031872
3,6066.809,grad,22654217728
3,6068.47,grad,22610061824
3,6069.952,grad,22610061824
3,6071.189,grad,22629001728
3,6072.972,grad,22605179392
3,6074.709,grad,22606787072
3,6075.948,grad,22598130176
3,6077.3,grad,22551927296
3,6078.565,grad,22547405312
3,6080.39,grad,22419153408
3,6081.625,grad,22412724736
3,6083.331,grad,22383183872
3,6084.894,grad,22383183360
3,6086.236,grad,22402057728
3,6087.709,grad,22378300928
3,6089.424,grad,22379908608
3,6090.661,grad,22371251712
3,6092.784,grad,22325048832
3,6094.059,grad,22289069568
3,6095.971,grad,22192274944
3,6097.211,grad,22199477760
3,6098.924,grad,22155256832
3,6100.435,grad,22155256320
3,6101.713,grad,22174130688
3,6103.162,grad,22150373888
3,6104.942,grad,22151981568
3,6106.202,grad,22143324672
3,6107.45,grad,22097121792
3,6108.687,grad,22061142528
3,6110.614,grad,21964347904
3,6111.876,grad,21957460480
3,6113.738,grad,21928377856
3,6115.234,grad,21928377856
3,6116.488,grad,21929885184
3,6118.229,grad,21923495424
3,6119.916,grad,21924775424
3,6121.148,grad,21994040832
3,6122.447,grad,21870243328
3,6123.683,grad,21865721344
3,6125.403,grad,21737469440
3,6126.641,grad,21745720832
3,6128.32,grad,21701499904
3,6129.856,grad,21701499392
3,6131.094,grad,21720308224
3,6132.631,grad,21696616960
3,6134.271,grad,21697700352
3,6135.534,grad,21689567744
3,6136.919,grad,21643364864
3,6138.159,grad,21638842880
3,6140.15,grad,21510590976
3,6141.393,grad,21504162304
3,6143.026,grad,21474620928
3,6144.62,grad,21474620928
3,6145.928,grad,21493495296
3,6147.312,grad,21469738496
3,6148.989,grad,21470821888
3,6150.244,grad,21462689280
3,6151.661,grad,21416486400
3,6152.906,grad,21373167104
3,6154.725,grad,21283778048
3,6155.966,grad,21277349376
3,6157.661,grad,21247808000
3,6159.191,grad,21247808000
3,6160.519,grad,21266682368
3,6162.149,grad,21242925568
3,6163.891,grad,21244008960
3,6165.128,grad,21235876352
3,6166.47,grad,21189673472
3,6167.709,grad,21185151488
3,6169.44,grad,21056965120
3,6170.68,grad,21065216512
3,6172.323,grad,21020995584
3,6173.81,grad,21020995072
3,6175.129,grad,21039869440
3,6176.593,grad,21016112640
3,6178.24,grad,21017196032
3,6179.528,grad,21009063424
3,6180.876,grad,20962860544
3,6182.115,grad,20958338560
3,6183.9,grad,20830086656
3,6185.159,grad,20837944832
3,6186.478,grad,20808912384
3,6188.324,grad,20794116608
3,6189.933,grad,20794116608
3,6191.224,grad,20812925440
3,6192.75,grad,20789234176
3,6194.468,grad,20790317568
3,6195.706,grad,20782184960
3,6197.035,grad,20735982080
3,6198.276,grad,20731460096
3,6200.038,grad,20603208192
3,6201.278,grad,20611459584
3,6202.98,grad,20567238656
3,6204.528,grad,20567238144
3,6205.819,grad,20586112512
3,6207.476,grad,20562355712
3,6209.155,grad,20563439104
3,6210.392,grad,20555306496
3,6211.723,grad,20509103616
3,6212.984,grad,20504581632
3,6214.71,grad,20376395264
3,6215.948,grad,20384646656
3,6217.575,grad,20340425216
3,6219.088,grad,20340425216
3,6220.356,grad,20359299584
3,6221.781,grad,20335542784
3,6223.467,grad,20336626176
3,6224.717,grad,20328493568
3,6226.049,grad,20282290688
3,6227.285,grad,20277768704
3,6229.042,grad,20149582336
3,6230.289,grad,20157440512
3,6231.552,grad,20113612288
3,6232.824,grad,20114660864
3,6234.137,grad,20143496704
3,6235.472,grad,20108238336
3,6236.73,grad,20116069888
3,6238.246,grad,20109813248
3,6239.543,grad,20101680640
3,6240.894,grad,20055477760
3,6242.134,grad,20050955776
3,6243.856,grad,19922769408
3,6245.096,grad,19916340736
3,6246.802,grad,19886799360
3,6248.328,grad,19886799360
3,6249.574,grad,19905608192
3,6251.381,grad,19881916928
3,6253.063,grad,19883000320
3,6254.35,grad,19952462336
3,6255.808,grad,19828664832
3,6257.129,grad,19824142848
3,6259.077,grad,19695890944
3,6260.362,grad,19704142336
3,6262.042,grad,19659920896
3,6263.666,grad,19659920896
3,6264.916,grad,19678729728
3,6266.507,grad,19655038464
3,6268.173,grad,19656121856
3,6269.423,grad,19645564416
3,6270.684,grad,19601786368
3,6271.936,grad,19565807104
3,6273.171,grad,19515147776
3,6274.557,grad,19476352512
3,6275.824,grad,19469858304
3,6277.397,grad,19433042432
3,6278.919,grad,19433042432
3,6280.159,grad,19451851264
3,6281.658,grad,19428160000
3,6283.305,grad,19429243392
3,6284.655,grad,19421110784
3,6286.01,grad,19374907904
3,6287.249,grad,19370385920
3,6289.029,grad,19242199552
3,6290.293,grad,19250450944
3,6291.983,grad,19206229504
3,6293.524,grad,19206229504
3,6294.82,grad,19225103872
3,6296.502,grad,19201347072
3,6298.377,grad,19202430464
3,6299.671,grad,19194232320
3,6300.939,grad,19148094976
3,6302.184,grad,19143572992
3,6304.044,grad,19015321088
3,6305.306,grad,19023572480
3,6306.999,grad,18979351040
3,6308.596,grad,18979351040
3,6309.886,grad,18998225408
3,6311.284,grad,18974468608
3,6313.028,grad,18975552000
3,6314.293,grad,18967419392
3,6315.561,grad,18921216512
3,6316.806,grad,18885237248
3,6318.041,grad,18788508160
3,6319.298,grad,18795848192
3,6320.569,grad,18782013952
3,6322.162,grad,18752538624
3,6323.677,grad,18752538112
3,6324.981,grad,18771412480
3,6326.394,grad,18747655680
3,6328.363,grad,18748739072
3,6329.677,grad,18740606464
3,6331.057,grad,18694403584
3,6332.297,grad,18651084288
3,6334.15,grad,18561629696
3,6335.413,grad,18555201024
3,6337.111,grad,18525659648
3,6338.655,grad,18525659648
3,6339.948,grad,18544534016
3,6341.635,grad,18520777216
3,6343.32,grad,18521860608
3,6344.644,grad,18513728000
3,6345.998,grad,18467525120
3,6347.238,grad,18463003136
3,6349.014,grad,18334751232
3,6350.288,grad,18328322560
3,6352.031,grad,18298781184
3,6353.581,grad,18298781184
3,6354.872,grad,18317655552
3,6356.274,grad,18293898752
3,6357.988,grad,18294982144
3,6359.242,grad,18286849536
3,6360.639,grad,18240646656
3,6361.883,grad,18236124672
3,6363.778,grad,18107938304
3,6365.509,grad,18101509632
3,6367.278,grad,18071968768
3,6368.826,grad,18071968256
3,6370.07,grad,18090777088
3,6371.582,grad,18067085824
3,6373.229,grad,18068169216
3,6374.526,grad,18060036608
3,6375.794,grad,18013833728
3,6377.042,grad,17970514432
3,6378.288,grad,17888463360
3,6379.674,grad,17888465408
3,6380.912,grad,17859951104
3,6382.261,grad,17845155840
3,6383.753,grad,17845155328
3,6385.097,grad,17864029696
3,6386.829,grad,17840272896
3,6388.561,grad,17841356288
3,6389.814,grad,17833223680
3,6391.164,grad,17787020800
3,6392.416,grad,17743701504
3,6394.247,grad,17654312448
3,6395.551,grad,17647883776
3,6397.259,grad,17618342400
3,6398.854,grad,17618342400
3,6400.098,grad,17637151232
3,6401.596,grad,17613459968
3,6403.251,grad,17614543360
3,6404.58,grad,17606410752
3,6405.97,grad,17560207872
3,6407.213,grad,17516888576
3,6409.05,grad,17427433984
3,6410.298,grad,17435292160
3,6411.565,grad,17398804992
3,6412.841,grad,17391463936
3,6414.095,grad,17420889600
3,6415.524,grad,17386089984
3,6416.768,grad,17393921536
3,6418.441,grad,17387664896
3,6419.676,grad,17379466752
3,6420.93,grad,17333329408
3,6422.168,grad,17328807424
3,6423.896,grad,17200555520
3,6425.133,grad,17208806912
3,6426.768,grad,17164585472
3,6428.294,grad,17164585472
3,6429.533,grad,17183394304
3,6431.225,grad,17159703040
3,6432.948,grad,17160786432
3,6434.186,grad,17152653824
3,6435.623,grad,17106450944
3,6436.864,grad,17063131648
3,6438.67,grad,16973742592
3,6439.908,grad,16981993984
3,6441.56,grad,16937772544
3,6443.059,grad,16937772544
3,6444.298,grad,16956646912
3,6445.775,grad,16932890112
3,6447.432,grad,16933973504
3,6448.696,grad,16925840896
3,6450.042,grad,16879638016
3,6451.286,grad,16797521408
3,6453.191,grad,16746864128
3,6454.447,grad,16754656768
3,6455.723,grad,16727787008
3,6456.986,grad,16710894080
3,6458.258,grad,16740319744
3,6459.777,grad,16705520128
3,6461.046,grad,16713384448
3,6462.553,grad,16707095040
3,6463.799,grad,16698962432
3,6465.164,grad,16652759552
3,6466.372,grad,16648237568
3,6468.162,grad,16519985664
3,6469.407,grad,16506216960
3,6471.068,grad,16476675584
3,6472.626,grad,16476413440
3,6473.897,grad,16495353344
3,6475.587,grad,16471531008
3,6476.854,grad,16461602304
3,6478.087,grad,16461602304
3,6479.317,grad,16461602304
3,6482.069,grad,16461601792
3,6484.459,grad,16461601792
3,6485.743,grad,16461601792
3,6489.229,grad,16461601792
3,6490.519,grad,16461601792
3,6491.763,grad,16481197056
3,6493.015,grad,16502889472
3,6494.274,grad,16516652032
3,6495.944,grad,16516652032
3,6497.261,grad,16516977664
3,6498.7,grad,16678618112
3,6499.97,grad,16678618112
3,6501.384,grad,16678618112
3,6502.639,grad,16678618624
3,6504.009,grad,16610631680
3,6505.357,grad,16402882560
3,6506.706,grad,16302120960
3,6507.981,grad,16332136448
3,6509.229,grad,16362676224
3,6510.474,grad,16396394496
3,6511.713,grad,16428834816
3,6512.993,grad,16460324864
3,6514.249,grad,16348946432
3,6520.312,grad,16136839168
3,6526.685,grad,16136843264
3,6533.024,grad,16136843264
3,6539.35,grad,16136843264
3,6544.169,grad,16136843264
3,6545.435,grad,16140650496
3,6547.447,grad,16140779520
3,6550.46,grad,16144449536
3,6551.889,grad,16149168128
3,6553.483,grad,16149168128
3,6554.751,grad,16157090816
3,6556.78,grad,16163972096
3,6558.139,grad,16187010048
3,6559.424,grad,16259984384
3,6560.728,grad,16240585728
3,6562.194,grad,16240585728
3,6564.387,grad,16260017152
3,6567.207,grad,16263689216
3,6568.493,grad,16268407808
3,6570.0,grad,16268407808
3,6571.258,grad,16280000512
3,6573.05,grad,16283179008
3,6574.318,grad,16306249728
3,6575.573,grad,16379191296
3,6576.871,grad,16359792640
3,6579.167,grad,16379224064
3,6581.986,grad,16382896128
3,6583.409,grad,16387614720
3,6584.93,grad,16387614720
3,6586.192,grad,16407596032
3,6587.86,grad,16403434496
3,6589.126,grad,16426505216
3,6590.392,grad,16499446784
3,6591.747,grad,16480048128
3,6593.958,grad,16499479552
3,6596.947,grad,16503151616
3,6598.213,grad,16508918784
3,6599.652,grad,16508918784
3,6600.933,grad,16520511488
3,6602.566,grad,16522641408
3,6603.838,grad,16546760704
3,6605.101,grad,16619702272
3,6606.581,grad,16580904960
3,6608.993,grad,16619735040
3,6611.893,grad,16623407104
3,6613.253,grad,16629174272
3,6614.726,grad,16629174272
3,6615.983,grad,16640766976
3,6617.714,grad,16643945472
3,6618.969,grad,16668064768
3,6620.221,grad,16741006336
3,6621.565,grad,16722656256
3,6623.871,grad,16741039104
3,6626.987,grad,16744711168
3,6628.257,grad,16749429760
3,6629.745,grad,16749429760
3,6631.002,grad,16761022464
3,6632.763,grad,16764200960
3,6634.023,grad,16787271680
3,6635.272,grad,16899010560
3,6636.579,grad,16821415936
3,6637.839,grad,16890654720
3,6639.302,grad,16860246016
3,6642.189,grad,16863918080
3,6643.467,grad,16869685248
3,6645.029,grad,16869685248
3,6646.29,grad,16877607936
3,6648.246,grad,16883407872
3,6649.558,grad,16907527168
3,6650.813,grad,17019266048
3,6652.056,grad,16961070080
3,6654.544,grad,16980501504
3,6657.539,grad,16984173568
3,6658.817,grad,16988892160
3,6660.216,grad,16988892160
3,6661.51,grad,17001533440
3,6663.218,grad,17004711936
3,6664.504,grad,17008384000
3,6665.759,grad,17100724224
3,6667.156,grad,17061926912
3,6668.433,grad,17104427008
3,6669.818,grad,17100756992
3,6672.711,grad,17104429056
3,6673.974,grad,17110196224
3,6675.403,grad,17110196224
3,6676.664,grad,17121788928
3,6678.351,grad,17123918848
3,6679.602,grad,17148038144
3,6680.856,grad,17220979712
3,6682.329,grad,17201581056
3,6684.567,grad,17221012480
3,6687.626,grad,17224684544
3,6688.942,grad,17230451712
3,6690.322,grad,17230451712
3,6691.587,grad,17242044416
3,6693.324,grad,17248892928
3,6694.608,grad,17248894976
3,6695.905,grad,17341235200
3,6697.199,grad,17302437888
3,6699.625,grad,17341267968
3,6702.551,grad,17344940032
3,6703.836,grad,17349658624
3,6705.301,grad,17349658624
3,6706.629,grad,17357581312
3,6708.449,grad,17364429824
3,6709.778,grad,17388549120
3,6712.0,grad,17422693376
3,6714.482,grad,17461523456
3,6717.411,grad,17465195520
3,6718.674,grad,17470962688
3,6720.055,grad,17470962688
3,6721.326,grad,17483603968
3,6723.047,grad,17485733888
3,6724.3,grad,17509853184
3,6725.608,grad,17621592064
3,6727.024,grad,17543997440
3,6729.472,grad,17582827520
3,6732.392,grad,17587548160
3,6733.655,grad,17592266752
3,6735.138,grad,17592266752
3,6736.418,grad,17603859456
3,6738.199,grad,17610707968
3,6739.468,grad,17637448704
3,6741.614,grad,17664252928
3,6744.018,grad,17703083008
3,6747.05,grad,17706755072
3,6748.313,grad,17712522240
3,6749.77,grad,17712522240
3,6751.061,grad,17724114944
3,6752.791,grad,17726244864
3,6754.048,grad,17751412736
3,6755.298,grad,17863151616
3,6756.58,grad,17804955648
3,6758.937,grad,17828057088
3,6761.809,grad,17828059136
3,6763.07,grad,17832777728
3,6764.497,grad,17832777728
3,6765.759,grad,17840700416
3,6767.666,grad,17847548928
3,6768.934,grad,17870619648
3,6771.076,grad,17905812480
3,6773.454,grad,17944642560
3,6776.319,grad,17948314624
3,6777.6,grad,17953033216
3,6779.0,grad,17953033216
3,6780.257,grad,17971965952
3,6781.892,grad,17967804416
3,6783.145,grad,17999263744
3,6785.471,grad,18026067968
3,6787.867,grad,18068568064
3,6790.704,grad,18068570112
3,6791.959,grad,18073288704
3,6793.44,grad,18073288704
3,6794.727,grad,18092221440
3,6796.385,grad,18089108480
3,6797.636,grad,18118470656
3,6799.787,grad,18145274880
3,6802.099,grad,18184104960
3,6806.096,grad,18188940288
3,6807.394,grad,18193544192
3,6808.85,grad,18193544192
3,6810.109,grad,18212476928
3,6811.758,grad,18208315392
3,6813.016,grad,18231386112
3,6815.254,grad,18265530368
3,6817.661,grad,18308030464
3,6820.46,grad,18308032512
3,6821.723,grad,18312751104
3,6823.115,grad,18312751104
3,6824.399,grad,18320673792
3,6826.227,grad,18328570880
3,6827.539,grad,18351641600
3,6829.681,grad,18385785856
3,6832.111,grad,18424615936
3,6834.964,grad,18429336576
3,6836.222,grad,18434055168
3,6837.627,grad,18434055168
3,6838.886,grad,18452987904
3,6840.478,grad,18448826368
3,6841.728,grad,18471897088
3,6843.004,grad,18544838656
3,6844.385,grad,18506041344
3,6846.903,grad,18544871424
3,6849.758,grad,18548543488
3,6851.018,grad,18554310656
3,6852.587,grad,18554310656
3,6853.856,grad,18573243392
3,6855.524,grad,18568033280
3,6856.788,grad,18592152576
3,6858.927,grad,18626296832
3,6860.193,grad,18668796928
3,6861.573,grad,18665126912
3,6864.631,grad,18668798976
3,6865.955,grad,18673517568
3,6867.461,grad,18673517568
3,6868.742,grad,18685110272
3,6870.441,grad,18688288768
3,6871.713,grad,18711359488
3,6872.961,grad,18784301056
3,6874.205,grad,18764902400
3,6876.52,grad,18784333824
3,6879.381,grad,18788005888
3,6880.643,grad,18792724480
3,6882.031,grad,18792724480
3,6883.328,grad,18801695744
3,6885.132,grad,18808544256
3,6886.389,grad,18812216320
3,6887.666,grad,18943353856
3,6888.975,grad,18885157888
3,6891.211,grad,18904589312
3,6894.056,grad,18908261376
3,6895.31,grad,18914028544
3,6896.763,grad,18914028544
3,6898.011,grad,18925621248
3,6899.72,grad,18927751168
3,6900.999,grad,18951870464
3,6903.332,grad,18986014720
3,6905.768,grad,19024844800
3,6908.665,grad,19028516864
3,6909.933,grad,19034284032
3,6911.401,grad,19034284032
3,6912.664,grad,19045876736
3,6914.351,grad,19049055232
3,6915.637,grad,19073174528
3,6916.89,grad,19146116096
3,6918.206,grad,19127766016
3,6920.47,grad,19146148864
3,6923.572,grad,19149820928
3,6924.839,grad,19154539520
3,6926.253,grad,19154539520
3,6927.579,grad,19166132224
3,6929.187,grad,19169310720
3,6930.489,grad,19192381440
3,6931.751,grad,19245924352
3,6932.993,grad,19245924352
3,6935.174,grad,19265355776
3,6938.111,grad,19269027840
3,6939.377,grad,19274795008
3,6940.755,grad,19274795008
3,6942.061,grad,19282717696
3,6943.842,grad,19288517632
3,6945.097,grad,19312636928
3,6946.348,grad,19385578496
3,6947.598,grad,19366179840
3,6949.954,grad,19389283328
3,6952.867,grad,19389283328
3,6954.226,grad,19394001920
3,6955.709,grad,19394001920
3,6956.968,grad,19406643200
3,6958.763,grad,19409821696
3,6960.02,grad,19432892416
3,6961.27,grad,19544631296
3,6962.697,grad,19467036672
3,6963.955,grad,19536275456
3,6965.279,grad,19509538816
3,6966.6,grad,19974058496
3,6967.88,grad,19974069248
3,6970.833,grad,19814675968
3,6972.093,grad,19814676480
3,6973.343,grad,19814676480
3,6974.576,grad,19814676480
3,6976.06,grad,19814678016
3,6977.846,grad,19510582272
3,6979.148,grad,19507301376
3,6980.459,grad,19484199936
3,6981.713,grad,19462540288
3,6983.0,grad,19448220672
3,6984.584,grad,19421484032
3,6985.832,grad,19418235904
3,6987.287,grad,19398778880
3,6988.873,grad,19398778880
3,6990.181,grad,19409264640
3,6991.915,grad,19396583424
3,6993.621,grad,19398715392
3,6994.887,grad,19431610368
3,6996.191,grad,19369711616
3,6997.448,grad,19348051968
3,6999.256,grad,19303325696
3,7000.531,grad,19300110336
3,7002.092,grad,19284290560
3,7003.612,grad,19285339136
3,7004.851,grad,19294743552
3,7006.375,grad,19283143680
3,7008.158,grad,19285275648
3,7009.466,grad,19278357504
3,7010.924,grad,19255288832
3,7012.189,grad,19253093376
3,7013.95,grad,19189853184
3,7015.211,grad,19193977856
3,7016.794,grad,19171866624
3,7018.309,grad,19171866624
3,7019.563,grad,19181467648
3,7021.095,grad,19169671168
3,7022.755,grad,19171803136
3,7023.988,grad,19205582848
3,7025.28,grad,19143684096
3,7026.528,grad,19142307840
3,7028.326,grad,19079067648
3,7029.619,grad,19075852288
3,7031.193,grad,19058983936
3,7032.752,grad,19060032512
3,7033.984,grad,19068093440
3,7035.729,grad,19057837056
3,7037.374,grad,19059969024
3,7038.636,grad,19053902848
3,7040.037,grad,19030801408
3,7041.274,grad,19029425152
3,7043.027,grad,18966184960
3,7044.283,grad,18970309632
3,7045.864,grad,18947149824
3,7047.381,grad,18948198400
3,7048.61,grad,18957602816
3,7050.181,grad,18946002944
3,7051.913,grad,18948134912
3,7053.148,grad,18942068736
3,7055.255,grad,18918967296
3,7056.554,grad,18917591040
3,7058.5,grad,18854350848
3,7059.851,grad,18851135488
3,7061.493,grad,18835315712
3,7063.044,grad,18835315712
3,7064.287,grad,18844720128
3,7065.882,grad,18833120256
3,7067.571,grad,18835252224
3,7068.806,grad,18830234624
3,7070.209,grad,18807133184
3,7071.532,grad,18766074880
3,7073.404,grad,18740747264
3,7074.706,grad,18737531904
3,7076.372,grad,18722761216
3,7077.924,grad,18722760704
3,7079.202,grad,18731935744
3,7081.092,grad,18720565248
3,7082.904,grad,18722697216
3,7084.165,grad,18716762112
3,7085.479,grad,18693693440
3,7086.776,grad,18691432448
3,7088.573,grad,18628192256
3,7089.874,grad,18624976896
3,7091.533,grad,18609157120
3,7093.042,grad,18609157120
3,7094.377,grad,18618594304
3,7095.856,grad,18606961664
3,7097.62,grad,18609093632
3,7098.863,grad,18603191296
3,7100.238,grad,18580089856
3,7101.481,grad,18539031552
3,7103.596,grad,18513703936
3,7104.876,grad,18510488576
3,7106.593,grad,18495717888
3,7108.096,grad,18495717376
3,7109.346,grad,18505121792
3,7110.887,grad,18492473344
3,7112.691,grad,18494605312
3,7114.026,grad,18488702976
3,7115.434,grad,18465601536
3,7116.689,grad,18463340544
3,7118.449,grad,18398167040
3,7119.719,grad,18394951680
3,7121.385,grad,18380180480
3,7122.948,grad,18380180480
3,7124.181,grad,18389584896
3,7126.017,grad,18377985024
3,7127.755,grad,18380116992
3,7128.995,grad,18374214656
3,7130.42,grad,18351113216
3,7131.662,grad,18329453568
3,7133.479,grad,18284760064
3,7134.751,grad,18281544704
3,7136.385,grad,18266773504
3,7137.905,grad,18266773504
3,7139.139,grad,18276177920
3,7140.715,grad,18263529472
3,7142.396,grad,18266710016
3,7143.661,grad,18260807680
3,7145.021,grad,18236657664
3,7146.258,grad,18234396672
3,7148.047,grad,18171320320
3,7149.292,grad,18174199808
3,7150.541,grad,18152286208
3,7151.781,grad,18152285184
3,7153.023,grad,18168013824
3,7154.255,grad,18154382336
3,7155.691,grad,18150089728
3,7157.354,grad,18152221696
3,7158.665,grad,18146319360
3,7160.036,grad,18123217920
3,7161.278,grad,18120956928
3,7163.102,grad,18056832000
3,7164.345,grad,18052568064
3,7165.976,grad,18037797376
3,7167.517,grad,18037796864
3,7168.756,grad,18047201280
3,7170.555,grad,18035601408
3,7172.226,grad,18037733376
3,7173.535,grad,18031831040
3,7174.877,grad,18008729600
3,7176.115,grad,17987069952
3,7177.914,grad,17941295104
3,7179.148,grad,17939128320
3,7180.825,grad,17924357632
3,7182.409,grad,17924357120
3,7183.648,grad,17933728768
3,7185.188,grad,17922161664
3,7186.906,grad,17924293632
3,7188.138,grad,17917342720
3,7189.517,grad,17894241280
3,7190.761,grad,17853215744
3,7192.684,grad,17827888128
3,7194.217,grad,17822575616
3,7195.899,grad,17807771648
3,7197.459,grad,17807771648
3,7198.702,grad,17817143296
3,7200.233,grad,17805576192
3,7201.98,grad,17807708160
3,7203.216,grad,17801805824
3,7204.485,grad,17778704384
3,7205.731,grad,17757044736
3,7206.984,grad,17712349184
3,7208.286,grad,17716021248
3,7209.544,grad,17709103104
3,7210.865,grad,17694397440
3,7212.439,grad,17694364672
3,7213.691,grad,17703769088
3,7215.481,grad,17691120640
3,7217.146,grad,17693285376
3,7218.419,grad,17686334464
3,7219.784,grad,17663200256
3,7221.101,grad,17630563328
3,7222.375,grad,17596847104
3,7223.648,grad,17600517120
3,7224.904,grad,17586226176
3,7226.146,grad,17577779712
3,7227.563,grad,17577779200
3,7228.839,grad,17587216384
3,7230.346,grad,17575583744
3,7232.092,grad,17577715712
3,7233.427,grad,17571813376
3,7234.797,grad,17548711936
3,7236.039,grad,17527052288
3,7237.866,grad,17482326016
3,7239.103,grad,17485205504
3,7240.946,grad,17463290880
3,7242.53,grad,17463290880
3,7243.775,grad,17472695296
3,7245.266,grad,17461095424
3,7246.969,grad,17463227392
3,7248.207,grad,17457325056
3,7249.469,grad,17434223616
3,7250.706,grad,17412563968
3,7251.94,grad,17387234304
3,7253.368,grad,17371507712
3,7254.606,grad,17357249536
3,7255.876,grad,17348803072
3,7257.327,grad,17348802560
3,7258.626,grad,17358403584
3,7260.433,grad,17346607104
3,7262.162,grad,17349787648
3,7263.479,grad,17342836736
3,7264.845,grad,17319735296
3,7266.092,grad,17298075648
3,7267.903,grad,17253349376
3,7269.182,grad,17250134016
3,7270.827,grad,17235362816
3,7272.426,grad,17234314240
3,7273.667,grad,17243718656
3,7275.174,grad,17232118784
3,7276.876,grad,17235299328
3,7278.114,grad,17228348416
3,7279.485,grad,17205246976
3,7280.726,grad,17183587328
3,7282.601,grad,17138861056
3,7283.844,grad,17142789120
3,7285.732,grad,17119826432
3,7287.224,grad,17119825920
3,7288.47,grad,17129230336
3,7289.994,grad,17117630464
3,7291.712,grad,17119762432
3,7292.996,grad,17113860096
3,7294.375,grad,17090758656
3,7295.633,grad,17069099008
3,7297.425,grad,17024372736
3,7298.691,grad,17020108800
3,7300.307,grad,17005338112
3,7301.889,grad,17005337600
3,7303.13,grad,17014938624
3,7304.943,grad,17003142144
3,7306.716,grad,17005274112
3,7307.98,grad,16999371776
3,7309.339,grad,16976270336
3,7310.578,grad,16935212032
3,7311.816,grad,16909884416
3,7313.068,grad,16913554432
3,7314.363,grad,16899296256
3,7315.639,grad,16891898368
3,7317.029,grad,16891897856
3,7318.271,grad,16901302272
3,7319.846,grad,16889702400
3,7321.517,grad,16891834368
3,7322.819,grad,16884883456
3,7324.172,grad,16861782016
3,7325.424,grad,16828063744
3,7327.293,grad,16795396096
3,7328.545,grad,16806402048
3,7329.803,grad,16800593920
3,7331.171,grad,16776360960
3,7332.444,grad,16776360960
3,7333.704,grad,16785732608
3,7335.237,grad,16774165504
3,7336.95,grad,16776297472
3,7338.191,grad,16770395136
3,7339.442,grad,16747293696
3,7340.679,grad,16725634048
3,7341.911,grad,16688311296
3,7343.24,grad,16684577792
3,7344.495,grad,16677725184
3,7345.811,grad,16661938176
3,7347.344,grad,16661872640
3,7348.6,grad,16671244288
3,7350.487,grad,16659677184
3,7352.251,grad,16661809152
3,7353.564,grad,16655906816
3,7354.924,grad,16632805376
3,7356.17,grad,16630544384
3,7357.99,grad,16566517760
3,7359.258,grad,16563302400
3,7360.9,grad,16547482624
3,7362.541,grad,16547482624
3,7363.887,grad,16556919808
3,7365.347,grad,16545287168
3,7367.051,grad,16547419136
3,7368.329,grad,16541516800
3,7369.603,grad,16518415360
3,7370.852,grad,16496755712
3,7372.088,grad,16455697408
3,7373.475,grad,16455699456
3,7374.743,grad,16448781312
3,7376.21,grad,16434042880
3,7377.819,grad,16434042880
3,7379.121,grad,16443480064
3,7380.641,grad,16431847424
3,7382.316,grad,16433979392
3,7383.637,grad,16428077056
3,7385.018,grad,16404975616
3,7386.263,grad,16402714624
3,7388.018,grad,16338589696
3,7389.293,grad,16331704320
3,7390.934,grad,16316933120
3,7392.493,grad,16316670976
3,7393.737,grad,16326075392
3,7395.488,grad,16314475520
3,7396.752,grad,16309265408
3,7397.987,grad,16309265408
3,7399.217,grad,16309265408
3,7400.661,grad,16309264896
3,7402.588,grad,16309264896
3,7403.919,grad,16309264896
3,7405.468,grad,16309264896
3,7409.527,grad,16309264896
3,7410.871,grad,16309264896
3,7412.113,grad,16319324672
3,7413.357,grad,16330400256
3,7414.636,grad,16336790016
3,7416.248,grad,16336790016
3,7417.502,grad,16336797184
3,7418.872,grad,16498516480
3,7420.135,grad,16498516480
3,7421.437,grad,16498516480
3,7422.698,grad,16498516480
3,7424.062,grad,16470747136
3,7425.312,grad,16366970368
3,7426.571,grad,16299533824
3,7427.845,grad,16332432896
3,7429.08,grad,16363562496
3,7430.318,grad,16396035584
3,7431.561,grad,16427263488
3,7432.859,grad,16460097024
3,7434.095,grad,16339215872
3,7435.522,grad,16136317952
3,7436.772,grad,16155049472
3,7438.026,grad,16183885312
3,7439.264,grad,16212491776
3,7440.52,grad,16241131008
3,7441.763,grad,16269737472
3,7442.997,grad,16298802688
3,7444.249,grad,16168451584
3,7445.503,grad,16133946368
3,7446.765,grad,16013949952
3,7448.035,noise,15973610496
3,7449.305,noise,15973610496
3,7450.547,noise,15973610496
3,7451.787,noise,15975052288
3,7453.022,noise,15975281664
3,7454.249,noise,15975281664
3,7455.489,noise,15976952832
3,7456.739,noise,15976723456
3,7457.995,noise,15979443200
3,7459.257,noise,15978198016
3,7460.515,noise,15978656768
3,7461.761,noise,15979115520
3,7463.002,noise,15979377664
3,7464.23,noise,15980590080
3,7465.469,noise,15981114368
3,7466.701,noise,15981343744
3,7467.927,noise,15982556160
3,7469.159,noise,15982785536
3,7470.385,noise,15982785536
3,7471.613,noise,15984227328
3,7472.864,noise,15984489472
3,7474.102,noise,15984948224
3,7475.345,noise,15985439744
3,7476.569,noise,15985439744
3,7477.802,noise,15986652160
3,7479.035,noise,15987110912
3,7480.262,noise,15987110912
3,7481.501,noise,15988552704
3,7482.738,noise,15988552704
3,7483.988,noise,15989765120
3,7485.221,noise,15990027264
3,7486.463,noise,15990486016
3,7487.694,noise,15990944768
3,7488.922,noise,15991206912
3,7490.145,noise,15992419328
3,7491.377,noise,15992648704
3,7492.62,noise,15992878080
3,7493.868,noise,15994090496
3,7495.097,noise,15994319872
3,7496.324,noise,15994319872
3,7497.616,noise,15995761664
3,7498.95,noise,15996023808
3,7500.222,noise,15996482560
3,7501.467,noise,15996974080
3,7502.696,noise,15996974080
3,7503.924,noise,15998186496
3,7505.154,noise,15998645248
3,7506.38,noise,15998645248
3,7507.607,noise,15999857664
3,7508.843,noise,16000087040
3,7510.068,noise,16001299456
3,7511.295,noise,16001561600
3,7512.532,noise,16002020352
3,7513.776,noise,16002479104
3,7515.029,noise,16002741248
3,7516.263,noise,16003953664
3,7517.499,noise,16004183040
3,7518.733,noise,16004412416
3,7519.959,noise,16005624832
3,7521.18,noise,16005854208
3,7522.356,noise,16005854208
3,7523.579,noise,16007066624
3,7524.814,noise,16007558144
3,7526.04,noise,16008016896
3,7527.265,noise,16008508416
3,7528.5,noise,16008508416
3,7529.733,noise,16009720832
3,7530.96,noise,16010179584
3,7532.182,noise,16010179584
3,7533.357,noise,16011392000
3,7534.585,noise,16011621376
3,7535.815,noise,16012833792
3,7537.042,noise,16013095936
3,7538.271,noise,16013554688
3,7539.511,noise,16014013440
3,7540.742,noise,16014275584
3,7541.962,noise,16015488000
3,7543.184,noise,16015717376
3,7544.419,noise,16015946752
3,7545.647,noise,16017159168
3,7546.879,noise,16017388544
3,7548.098,noise,16017388544
3,7549.321,noise,16018830336
3,7550.558,noise,16019092480
3,7551.798,noise,16019551232
3,7553.025,noise,16020042752
3,7554.248,noise,16020042752
3,7555.479,noise,16021255168
3,7556.719,noise,16021713920
3,7557.983,noise,16021713920
3,7559.219,noise,16023155712
3,7560.466,noise,16023155712
3,7561.747,noise,16024368128
3,7562.979,noise,16024630272
3,7564.206,noise,16025089024
3,7565.446,noise,16025547776
3,7566.677,noise,16025809920
3,7567.9,noise,16027022336
3,7569.12,noise,16027251712
3,7570.352,noise,16027481088
3,7571.575,noise,16028693504
3,7572.804,noise,16028922880
3,7574.025,noise,16028922880
3,7575.244,noise,16030823424
3,7576.478,noise,16030626816
3,7577.706,noise,16031085568
3,7578.94,noise,16031577088
3,7580.164,noise,16031577088
3,7581.386,noise,16032789504
3,7582.607,noise,16033248256
3,7583.836,noise,16033248256
3,7585.057,noise,16034690048
3,7586.283,noise,16034690048
3,7587.513,noise,16035902464
3,7588.747,noise,16036164608
3,7589.976,noise,16036623360
3,7591.206,noise,16037082112
3,7592.443,noise,16037344256
3,7593.669,noise,16038556672
3,7594.89,noise,16038786048
3,7596.114,noise,16039015424
3,7597.342,noise,16040227840
3,7598.562,noise,16040457216
3,7599.792,noise,16040457216
3,7601.014,noise,16041899008
3,7602.239,noise,16042161152
3,7603.475,noise,16042619904
3,7604.712,noise,16043111424
3,7605.95,noise,16043111424
3,7607.179,noise,16044323840
3,7608.419,noise,16044782592
3,7609.655,noise,16044782592
3,7610.877,noise,16046584832
3,7612.102,noise,16046584832
3,7613.326,noise,16047797248
3,7614.566,noise,16048059392
3,7615.821,noise,16048518144
3,7617.049,noise,16048976896
3,7618.278,noise,16049239040
3,7619.511,noise,16050451456
3,7620.741,noise,16050680832
3,7621.967,noise,16050910208
3,7623.188,noise,16052122624
3,7624.42,noise,16052352000
3,7625.658,noise,16052352000
3,7626.881,noise,16053793792
3,7628.11,noise,16054055936
3,7629.345,noise,16054514688
3,7630.602,noise,16055006208
3,7631.873,noise,16055006208
3,7633.092,noise,16056218624
3,7634.319,noise,16056677376
3,7635.552,noise,16056677376
3,7636.781,noise,16057889792
3,7638.01,noise,16058119168
3,7639.244,noise,16059331584
3,7640.483,noise,16059593728
3,7641.707,noise,16060052480
3,7642.931,noise,16060511232
3,7644.166,noise,16060773376
3,7645.397,noise,16061985792
3,7646.617,noise,16062215168
3,7647.848,noise,16062444544
3,7649.069,noise,16063656960
3,7650.296,noise,16063886336
3,7651.527,noise,16063886336
3,7652.754,noise,16065655808
3,7653.985,noise,16065917952
3,7655.218,noise,16066376704
3,7656.469,noise,16066868224
3,7657.754,noise,16066868224
3,7659.002,noise,16068080640
3,7660.234,noise,16068539392
3,7661.468,noise,16068539392
3,7662.701,noise,16069981184
3,7663.932,noise,16069981184
3,7665.153,noise,16071193600
3,7666.378,noise,16071455744
3,7667.617,noise,16071914496
3,7668.854,noise,16072373248
3,7670.083,noise,16072635392
3,7671.33,noise,16072635392
3,7672.613,noise,16074077184
3,7673.868,noise,16074306560
3,7675.099,noise,16075518976
3,7676.33,noise,16075748352
3,7677.564,noise,16075748352
3,7678.789,noise,16077190144
3,7680.015,noise,16077452288
3,7681.247,noise,16077911040
3,7682.446,noise,16078402560
3,7683.671,noise,16078402560
3,7684.895,noise,16079614976
3,7686.12,noise,16080073728
3,7687.353,noise,16080073728
3,7688.578,noise,16081515520
3,7689.804,noise,16081515520
3,7691.024,noise,16082727936
3,7692.252,noise,16082990080
3,7693.483,noise,16083448832
3,7694.709,noise,16083907584
3,7695.938,noise,16084169728
3,7697.159,noise,16085382144
3,7698.378,noise,16085971968
3,7699.602,noise,16086201344
3,7700.823,noise,16087413760
3,7702.046,noise,16087643136
3,7703.275,noise,16087643136
3,7704.508,noise,16089084928
3,7705.743,noise,16089347072
3,7706.983,noise,16089805824
3,7708.211,noise,16090297344
3,7709.453,noise,16090297344
3,7710.679,noise,16091509760
3,7711.906,noise,16091968512
3,7713.126,noise,16091968512
3,7714.371,noise,16093180928
3,7715.619,noise,16093410304
3,7716.842,noise,16094622720
3,7718.065,noise,16094884864
3,7719.298,noise,16095343616
3,7720.538,noise,16095802368
3,7721.767,noise,16096064512
3,7723.013,noise,16097276928
3,7724.347,noise,16097506304
3,7725.635,noise,16097735680
3,7726.871,noise,16098948096
3,7728.1,noise,16099177472
3,7729.33,noise,16099177472
3,7730.561,noise,16100619264
3,7731.794,noise,16100881408
3,7733.022,noise,16101340160
3,7734.25,noise,16101831680
3,7735.483,noise,16101831680
3,7736.708,noise,16103044096
3,7737.934,noise,16103502848
3,7739.154,noise,16103502848
3,7740.377,noise,16104944640
3,7741.607,noise,16104944640
3,7742.832,noise,16106157056
3,7744.059,noise,16106419200
3,7745.283,noise,16106877952
3,7746.53,noise,16107336704
3,7747.765,noise,16107598848
3,7748.996,noise,16108811264
3,7750.233,noise,16109040640
3,7751.492,noise,16109270016
3,7752.718,noise,16110482432
3,7753.943,noise,16110711808
3,7755.162,noise,16110711808
3,7756.382,noise,16112153600
3,7757.617,noise,16112415744
3,7758.878,noise,16112874496
3,7760.108,noise,16113366016
3,7761.345,noise,16113366016
3,7762.573,noise,16114578432
3,7763.813,noise,16115037184
3,7765.043,noise,16115037184
3,7766.273,noise,16116249600
3,7767.511,noise,16116478976
3,7768.739,noise,16117691392
3,7769.962,noise,16117953536
3,7771.183,noise,16118412288
3,7772.356,noise,16118871040
3,7773.581,noise,16119133184
3,7774.813,noise,16120345600
3,7776.039,noise,16120574976
3,7777.261,noise,16120804352
3,7778.493,noise,16122016768
3,7779.717,noise,16122246144
3,7780.937,noise,16122246144
3,7782.157,noise,16123687936
3,7783.383,noise,16123950080
3,7784.609,noise,16124408832
3,7785.859,noise,16124900352
3,7787.088,noise,16124900352
3,7788.315,noise,16126112768
3,7789.551,noise,16126571520
3,7790.782,noise,16126571520
3,7792.006,noise,16128013312
3,7793.236,noise,16128013312
3,7794.477,noise,16129225728
3,7795.702,noise,16129618944
3,7796.925,noise,16130077696
3,7798.149,noise,16130765824
3,7799.383,noise,16130798592
3,7800.619,noise,16132011008
3,7801.859,noise,16132240384
3,7803.1,noise,16132469760
3,7804.328,noise,16133682176
3,7805.592,noise,16133911552
3,7806.844,noise,16133911552
3,7808.108,noise,16135353344
3,7809.679,noise,16135615488
3,7810.919,noise,16136074240
3,7812.149,noise,16135877632
3,7813.381,noise,16020009984
3,7814.665,optimizer,15974691840
3,7815.976,optimizer,15978405888
3,7817.224,optimizer,15976928256
3,7818.468,optimizer,15979595776
3,7819.704,optimizer,15979800064
3,7820.933,optimizer,15980533248
3,7822.16,optimizer,15981006336
3,7823.392,optimizer,15982073856
3,7824.642,optimizer,15982848000
3,7825.877,optimizer,15985350144
3,7827.104,optimizer,15986884096
3,7828.345,optimizer,15986179584
3,7829.584,optimizer,15987355648
3,7830.823,optimizer,15987192320
3,7832.056,optimizer,15989709312
3,7833.371,optimizer,15990333952
3,7834.604,optimizer,15993079296
3,7835.836,optimizer,15992036864
3,7837.062,optimizer,15992919040
3,7838.287,optimizer,15993450496
3,7839.538,optimizer,15994550272
3,7840.778,optimizer,15995465216
3,7842.005,optimizer,15997751808
3,7843.23,optimizer,15999284736
3,7844.47,optimizer,15998614016
3,7845.729,optimizer,15999527424
3,7846.969,optimizer,15999851520
3,7848.217,optimizer,16002107904
3,7849.457,optimizer,16002659328
3,7850.69,optimizer,16005404160
3,7851.945,optimizer,16004274688
3,7853.212,optimizer,16005417472
3,7854.473,optimizer,16005676544
3,7855.709,optimizer,16006744064
3,7856.955,optimizer,16007518208
3,7858.21,optimizer,16010020864
3,7859.465,optimizer,16011684864
3,7860.707,optimizer,16011209728
3,7861.942,optimizer,16011927552
3,7863.197,optimizer,16011996160
3,7864.439,optimizer,16014536704
3,7865.677,optimizer,16015059456
3,7866.906,optimizer,16016668160
3,7868.132,optimizer,16016707072
3,7869.365,optimizer,16017617920
3,7870.588,optimizer,16018093056
3,7871.824,optimizer,16020642816
3,7873.054,optimizer,16021194240
3,7874.279,optimizer,16022802944
3,7875.517,optimizer,16022841856
3,7876.769,optimizer,16023767040
3,7877.996,optimizer,16024228864
3,7879.255,optimizer,16027975680
3,7880.501,optimizer,16027329024
3,7881.741,optimizer,16029844480
3,7883.0,optimizer,16029173248
3,7884.249,optimizer,16029873664
3,7885.491,optimizer,16030362624
3,7886.72,optimizer,16032912896
3,7887.95,optimizer,16033464320
3,7889.18,optimizer,16037322752
3,7890.421,optimizer,16035482624
3,7891.679,optimizer,16036598272
3,7892.907,optimizer,16036662784
3,7894.155,optimizer,16039194112
3,7895.383,optimizer,16041924608
3,7896.612,optimizer,16042503168
3,7897.863,optimizer,16041590272
3,7899.093,optimizer,16042531840
3,7900.321,optimizer,16042800640
3,7901.561,optimizer,16044560384
3,7902.815,optimizer,16047119360
3,7904.053,optimizer,16047641088
3,7905.285,optimizer,16048378880
3,7906.532,optimizer,16048653824
3,7907.821,optimizer,16048736768
3,7909.056,optimizer,16050723840
3,7910.293,optimizer,16052242432
3,7911.55,optimizer,16053810176
3,7912.788,optimizer,16054300672
3,7914.016,optimizer,16055016960
3,7915.252,optimizer,16056235008
3,7916.511,optimizer,16056844800
3,7917.749,optimizer,16061031424
3,7918.976,optimizer,16060077568
3,7920.227,optimizer,16061023744
3,7921.468,optimizer,16061299712
3,7922.696,optimizer,16064817664
3,7923.921,optimizer,16064398848
3,7925.15,optimizer,16065932288
3,7926.375,optimizer,16066015232
3,7927.609,optimizer,16066972672
3,7928.852,optimizer,16067432960
3,7930.081,optimizer,16070011904
3,7931.309,optimizer,16071822848
3,7932.551,optimizer,16074491392
3,7933.79,optimizer,16072408064
3,7935.02,optimizer,16073079808
3,7936.25,optimizer,16073568768
3,7937.493,optimizer,16077086720
3,7938.748,optimizer,16076819456
3,7939.978,optimizer,16078202880
3,7941.201,optimizer,16078317568
3,7942.607,optimizer,16079199744
3,7943.863,optimizer,16079702528
3,7945.09,optimizer,16080830976
3,7946.316,optimizer,16081744384
3,7947.554,optimizer,16084335616
3,7948.804,optimizer,16084750336
3,7950.076,optimizer,16085235200
3,7951.423,optimizer,16085954048
3,7952.705,optimizer,16087096320
3,7953.952,optimizer,16087782400
3,7955.184,optimizer,16090527232
3,7956.428,optimizer,16090846720
3,7957.738,optimizer,16090930176
3,7959.055,optimizer,16091615232
3,7960.347,optimizer,16092104192
3,7961.594,optimizer,16094411264
3,7962.839,optimizer,16094145024
3,7964.098,optimizer,16095677440
3,7965.365,optimizer,16096980992
3,7966.606,optimizer,16097489920
3,7967.862,optimizer,16097993728
3,7969.11,optimizer,16098274304
3,7970.348,optimizer,16100804096
3,7971.575,optimizer,16102322688
3,7972.831,optimizer,16105525760
3,7974.079,optimizer,16103185408
3,7975.305,optimizer,16103912448
3,7976.564,optimizer,16104373248
3,7977.799,optimizer,16107892224
3,7979.026,optimizer,16107472896
3,7980.253,optimizer,16109081600
3,7981.493,optimizer,16109417984
3,7982.742,optimizer,16109905920
3,7983.975,optimizer,16110852608
3,7985.237,optimizer,16111689728
3,7986.497,optimizer,16112451584
3,7987.73,optimizer,16113984512
3,7988.955,optimizer,16115553280
3,7990.183,optimizer,16116041728
3,7991.415,optimizer,16116759040
3,7992.64,optimizer,16119114240
3,7993.868,optimizer,16120025088
3,7995.113,optimizer,16121408000
3,7996.345,optimizer,16121490432
3,7997.571,optimizer,16122405888
3,7998.803,optimizer,16122908672
3,8000.04,optimizer,16126656512
3,8001.27,optimizer,16126010368
3,8002.506,optimizer,16130949632
3,8003.742,optimizer,16127870464
3,8004.97,optimizer,16128555008
3,8006.207,optimizer,16129078272
3,8007.47,optimizer,16131838464
3,8008.718,optimizer,16133356544
3,8009.948,optimizer,16135034880
3,8011.175,optimizer,16134561280
3,8012.402,optimizer,16135065600
3,8013.625,optimizer,16137604608
3,8014.887,optimizer,16137121280
3,8016.157,optimizer,16138654208
3,8017.396,optimizer,16140221440
3,8018.622,optimizer,16140710400
3,8019.857,optimizer,16141443584
3,8021.085,optimizer,16142495232
3,8022.343,optimizer,16143255552
3,8023.57,optimizer,16146076672
3,8024.802,optimizer,16146357248
3,8026.031,optimizer,16147075072
3,8027.285,optimizer,16147564544
3,8028.524,optimizer,16147450880
3,8029.781,optimizer,16147450880
3,8031.007,optimizer,16147450880
3,8032.236,optimizer,16147909632
3,8033.485,optimizer,16147909120
3,8034.709,optimizer,16147450880
3,8035.932,optimizer,16152300032
3,8037.155,optimizer,16147450880
3,8038.381,optimizer,16148367872
3,8039.633,optimizer,16148367872
3,8040.906,optimizer,16147450368
3,8042.153,optimizer,16147909120
3,8043.382,optimizer,16147450880
3,8044.609,optimizer,16147909632
3,8045.838,optimizer,16147450368
3,8047.062,optimizer,16149875200
3,8048.309,optimizer,16147450368
3,8049.544,optimizer,16147909632
3,8050.784,optimizer,16152300032
3,8052.036,optimizer,16147515904
3,8053.271,optimizer,16147450368
3,8054.519,optimizer,16147450880
3,8055.756,optimizer,16149875200
3,8057.024,optimizer,16149875200
3,8058.313,optimizer,16147909120
3,8059.564,optimizer,16149876224
3,8060.798,optimizer,16147909632
3,8062.026,optimizer,16147909120
3,8063.249,optimizer,16148367872
3,8064.507,optimizer,16147909120
3,8065.74,optimizer,16149876736
3,8066.989,optimizer,16147450368
3,8068.252,optimizer,16147451392
3,8069.502,optimizer,16158986240
3,8070.743,optimizer,16174977024
3,8071.976,optimizer,16187821568
3,8073.204,optimizer,16199618560
3,8074.444,optimizer,16215478272
3,8075.677,optimizer,16227733504
3,8076.905,optimizer,16239955968
3,8078.161,optimizer,16254636032
3,8079.357,optimizer,16268333056
3,8080.589,optimizer,16282029568
3,8081.827,optimizer,16296709632
3,8083.075,optimizer,16306570752
3,8084.305,optimizer,16171238912
3,8085.563,optimizer,16155608064
3,8086.802,optimizer,16184345600
3,8088.032,optimizer,16215376896
3,8089.259,optimizer,16246735872
3,8090.499,optimizer,16278815744
3,8091.732,optimizer,16307913728
3,8092.96,optimizer,16190407680
3,8094.211,optimizer,16158884864
3,8095.47,optimizer,16189686784
3,8096.696,optimizer,16216851456
3,8097.924,optimizer,16247129088
3,8099.161,optimizer,16276194304
3,8100.393,optimizer,16306471936
3,8101.622,optimizer,16201909248
3,8102.884,optimizer,16059991040
3,8104.118,optimizer,15983041024
3,8105.368,optimizer,15978979840
3,8106.621,optimizer,15975136256
3,8107.897,optimizer,15974953984
3,8109.158,optimizer,15974953984
3,8110.401,optimizer,15974953984
3,8111.631,optimizer,15974953984
4,5.747,grad,15974299136
4,12.15,grad,15974307328
4,18.536,grad,15974307328
4,24.894,grad,15974307328
4,29.296,grad,15974307328
4,30.655,grad,15981784576
4,32.729,grad,15981913600
4,35.683,grad,15989253632
4,37.06,grad,15998690816
4,38.543,grad,15998690816
4,39.807,grad,16021875200
4,41.724,grad,16028232192
4,42.971,grad,16075422208
4,44.235,grad,16221305344
4,45.539,grad,16143710720
4,46.809,grad,16228710912
4,48.556,grad,16221370880
4,51.492,grad,16228715008
4,52.797,grad,16238152192
4,54.224,grad,16238152192
4,55.478,grad,16261336576
4,57.211,grad,16267693568
4,58.468,grad,16313835008
4,59.714,grad,16459718144
4,60.946,grad,16382123520
4,62.189,grad,16520601088
4,63.656,grad,16459783680
4,66.548,grad,16467127808
4,67.852,grad,16476564992
4,69.276,grad,16476564992
4,70.773,grad,16492409344
4,72.714,grad,16506106368
4,74.001,grad,16552247808
4,75.267,grad,16698130944
4,76.633,grad,16659333632
4,78.988,grad,16698196480
4,81.935,grad,16705540608
4,83.247,grad,16714977792
4,84.677,grad,16714977792
4,85.971,grad,16738162176
4,87.743,grad,16744519168
4,89.047,grad,16790660608
4,90.351,grad,16936543744
4,91.621,grad,16858949120
4,92.88,grad,16997426688
4,94.465,grad,16936609280
4,97.379,grad,16943953408
4,98.792,grad,16953390592
4,100.234,grad,16953390592
4,101.547,grad,16976574976
4,103.383,grad,16982931968
4,104.872,grad,17043819008
4,106.987,grad,17097361920
4,108.24,grad,17182362112
4,109.633,grad,17175022080
4,112.578,grad,17182366208
4,114.067,grad,17191803392
4,115.517,grad,17191803392
4,116.769,grad,17214987776
4,118.451,grad,17221344768
4,119.704,grad,17267486208
4,120.945,grad,17413369344
4,122.222,grad,17335774720
4,123.483,grad,17459572224
4,124.943,grad,17413434880
4,127.758,grad,17420779008
4,129.084,grad,17430216192
4,130.532,grad,17430216192
4,131.793,grad,17453400576
4,133.64,grad,17459757568
4,134.945,grad,17505899008
4,136.212,grad,17729376768
4,137.682,grad,17574187520
4,140.11,grad,17651847680
4,143.069,grad,17659191808
4,144.421,grad,17668628992
4,145.923,grad,17668628992
4,147.228,grad,17706493440
4,148.919,grad,17698170368
4,150.242,grad,17744311808
4,151.541,grad,17890194944
4,152.856,grad,17812600320
4,154.115,grad,17897600512
4,155.529,grad,17890260480
4,158.528,grad,17897719296
4,159.887,grad,17907041792
4,161.368,grad,17907041792
4,162.629,grad,17930226176
4,164.355,grad,17936583168
4,165.634,grad,17982724608
4,166.942,grad,18128607744
4,168.266,grad,18089810432
4,170.57,grad,18128673280
4,173.63,grad,18136132096
4,174.928,grad,18145454592
4,176.437,grad,18145454592
4,177.782,grad,18168638976
4,179.581,grad,18174995968
4,180.858,grad,18221137408
4,182.106,grad,18444615168
4,184.548,grad,18289425920
4,185.806,grad,18374426112
4,187.182,grad,18367086080
4,190.008,grad,18374430208
4,191.274,grad,18383867392
4,192.809,grad,18383867392
4,194.097,grad,18407051776
4,195.859,grad,18413408768
4,197.14,grad,18459550208
4,198.41,grad,18683027968
4,199.691,grad,18566636032
4,202.134,grad,18605498880
4,205.215,grad,18612843008
4,206.517,grad,18622280192
4,207.961,grad,18622280192
4,209.246,grad,18645464576
4,211.006,grad,18651821568
4,212.254,grad,18697963008
4,213.526,grad,18843846144
4,214.8,grad,18766251520
4,217.244,grad,18843911680
4,220.135,grad,18851255808
4,221.41,grad,18860692992
4,222.882,grad,18860692992
4,224.129,grad,18883877376
4,225.907,grad,18897574400
4,227.228,grad,18897578496
4,228.529,grad,19082258944
4,229.845,grad,19004664320
4,231.103,grad,19089664512
4,232.565,grad,19082324480
4,235.469,grad,19089668608
4,236.822,grad,19099105792
4,238.26,grad,19099105792
4,239.584,grad,19122290176
4,241.302,grad,19128647168
4,242.57,grad,19174788608
4,243.818,grad,19320671744
4,245.13,grad,19243077120
4,246.398,grad,19366874624
4,247.81,grad,19320737280
4,250.877,grad,19328081408
4,252.249,grad,19337518592
4,253.734,grad,19337518592
4,254.99,grad,19360702976
4,256.721,grad,19367059968
4,258.031,grad,19413201408
4,259.304,grad,19520287232
4,260.57,grad,19520287232
4,263.038,grad,19566490112
4,265.913,grad,19566608896
4,267.2,grad,19575931392
4,268.925,grad,19575931392
4,270.277,grad,19599115776
4,272.001,grad,19605472768
4,273.271,grad,19612816896
4,274.54,grad,19797497344
4,275.836,grad,19719902720
4,278.31,grad,19804907008
4,281.085,grad,19804907008
4,282.446,grad,19814344192
4,283.917,grad,19814344192
4,285.223,grad,19837528576
4,286.962,grad,19843885568
4,288.247,grad,19890027008
4,289.527,grad,20035910144
4,290.867,grad,19997112832
4,292.157,grad,20096793088
4,293.863,grad,20035975680
4,296.754,grad,20043319808
4,298.091,grad,20052756992
4,299.625,grad,20052756992
4,300.917,grad,20090621440
4,302.624,grad,20082298368
4,303.882,grad,20089642496
4,305.13,grad,20196728320
4,306.478,grad,20196728320
4,307.771,grad,20327865856
4,309.442,grad,20274388480
4,312.617,grad,20281732608
4,314.078,grad,20291169792
4,315.645,grad,20291169792
4,316.91,grad,20314354176
4,318.691,grad,20320711168
4,319.961,grad,20366852608
4,321.227,grad,20512735744
4,322.482,grad,20473938432
4,323.758,grad,20566278656
4,325.225,grad,20512801280
4,328.144,grad,20520145408
4,329.502,grad,20529582592
4,330.934,grad,20529582592
4,332.211,grad,20552766976
4,334.125,grad,20559123968
4,335.493,grad,20566468096
4,336.793,grad,20751148544
4,338.13,grad,20673553920
4,339.388,grad,20797351424
4,340.797,grad,20751214080
4,343.737,grad,20758558208
4,345.152,grad,20767995392
4,346.652,grad,20767995392
4,347.912,grad,20791179776
4,349.72,grad,20797536768
4,350.986,grad,20843678208
4,352.228,grad,21067155968
4,353.55,grad,20911966720
4,354.832,grad,21043104256
4,356.277,grad,20989626880
4,359.374,grad,20996971008
4,360.716,grad,21006408192
4,362.193,grad,21006408192
4,363.458,grad,21029592576
4,365.35,grad,21035949568
4,366.654,grad,21082091008
4,367.963,grad,21227974144
4,369.301,grad,21189176832
4,370.583,grad,21235379712
4,372.0,grad,21228039680
4,374.956,grad,21235383808
4,376.451,grad,21244820992
4,378.134,grad,21244820992
4,379.421,grad,21268005376
4,381.217,grad,21274362368
4,382.552,grad,21320503808
4,383.867,grad,21388792320
4,385.299,grad,21388792320
4,386.576,grad,21466452480
4,387.96,grad,21466452480
4,390.83,grad,21473796608
4,392.134,grad,21483233792
4,393.632,grad,21483233792
4,394.9,grad,21506418176
4,396.73,grad,21512775168
4,398.026,grad,21558916608
4,399.307,grad,21667051008
4,400.577,grad,21667051008
4,403.145,grad,21705913856
4,406.104,grad,21713257984
4,407.445,grad,21722695168
4,408.867,grad,21722695168
4,410.114,grad,21745879552
4,411.881,grad,21752236544
4,413.13,grad,21798377984
4,414.367,grad,21944261120
4,415.654,grad,21866666496
4,416.916,grad,21951666688
4,418.271,grad,21944326656
4,421.361,grad,21951785472
4,422.662,grad,21961107968
4,424.131,grad,21961107968
4,425.386,grad,21984292352
4,427.123,grad,21990649344
4,428.379,grad,22036790784
4,429.644,grad,22260268544
4,430.969,grad,22143876608
4,433.279,grad,22182739456
4,436.211,grad,22190083584
4,437.587,grad,22199520768
4,439.035,grad,22199520768
4,440.35,grad,22222705152
4,442.116,grad,22229062144
4,443.412,grad,22243746304
4,444.686,grad,22289883648
4,445.952,grad,22421086720
4,447.248,grad,22382289408
4,449.578,grad,22421152256
4,452.481,grad,22428496384
4,453.776,grad,22437933568
4,455.259,grad,22437933568
4,456.553,grad,22461117952
4,458.274,grad,22467474944
4,459.552,grad,22513616384
4,460.792,grad,22659499520
4,462.079,grad,22620702208
4,464.155,grad,22659565056
4,465.414,grad,22666909184
4,466.761,grad,23593854976
4,468.05,grad,23593873920
4,470.353,grad,23586524160
4,471.642,grad,23275089408
4,472.906,grad,23275089408
4,474.142,grad,23275089408
4,475.854,grad,23275090944
4,477.738,grad,22663262720
4,479.043,grad,22662437376
4,480.362,grad,22616234496
4,481.676,grad,22581139968
4,483.038,grad,22523140608
4,484.458,grad,22491685376
4,485.774,grad,22485191168
4,487.569,grad,22448375296
4,489.217,grad,22448375296
4,490.544,grad,22467184128
4,492.204,grad,22443492864
4,494.465,grad,22445100544
4,495.787,grad,22436378112
4,497.199,grad,22390240768
4,498.565,grad,22308124160
4,500.6,grad,22257466880
4,501.92,grad,22251038208
4,503.853,grad,22221496832
4,505.582,grad,22221496832
4,506.901,grad,22240305664
4,508.619,grad,22216614400
4,510.442,grad,22218222080
4,511.785,grad,22209565184
4,513.289,grad,22163362304
4,514.645,grad,22081245696
4,515.973,grad,22030588416
4,517.296,grad,22037928448
4,518.646,grad,22009414144
4,520.086,grad,21994618368
4,522.022,grad,21994618368
4,523.353,grad,22013427200
4,524.968,grad,21989735936
4,526.958,grad,21991343616
4,528.267,grad,21982621184
4,529.69,grad,21936483840
4,531.008,grad,21931961856
4,533.001,grad,21803709952
4,534.316,grad,21797281280
4,536.201,grad,21767739904
4,537.949,grad,21782419968
4,539.381,grad,21786614272
4,540.928,grad,21762857472
4,543.145,grad,21763940864
4,544.484,grad,21755742720
4,545.876,grad,21709605376
4,547.208,grad,21665237504
4,549.199,grad,21575782912
4,550.561,grad,21569354240
4,552.46,grad,21539812864
4,554.081,grad,21539812864
4,555.48,grad,21558687232
4,557.024,grad,21534930432
4,558.99,grad,21536013824
4,560.296,grad,21527815680
4,561.696,grad,21481678336
4,563.015,grad,21477156352
4,564.988,grad,21348904448
4,566.301,grad,21357155840
4,568.103,grad,21312934400
4,569.992,grad,21312934400
4,571.378,grad,21331808768
4,572.904,grad,21308051968
4,574.861,grad,21309135360
4,576.17,grad,21300937216
4,577.592,grad,21254799872
4,578.904,grad,21250277888
4,580.898,grad,21122025984
4,582.212,grad,21130277376
4,584.03,grad,21086055936
4,585.719,grad,21100736000
4,587.105,grad,21104930304
4,588.674,grad,21081173504
4,590.843,grad,21082256896
4,592.157,grad,21074058752
4,593.561,grad,21027921408
4,594.875,grad,21023399424
4,596.883,grad,20895147520
4,598.202,grad,20903398912
4,600.022,grad,20859177472
4,601.682,grad,20859177472
4,603.006,grad,20877986304
4,604.659,grad,20854295040
4,606.598,grad,20855378432
4,607.902,grad,20847180288
4,609.294,grad,20801042944
4,610.639,grad,20796520960
4,612.665,grad,20668269056
4,613.976,grad,20661840384
4,615.854,grad,20632299008
4,617.796,grad,20646979072
4,619.18,grad,20651173376
4,620.752,grad,20627416576
4,622.558,grad,20628499968
4,623.866,grad,20620367360
4,625.186,grad,20574164480
4,626.531,grad,20530845184
4,627.885,grad,20448728576
4,629.391,grad,20448730624
4,630.718,grad,20420216320
4,632.077,grad,20405420544
4,633.773,grad,20420100608
4,635.17,grad,20424294912
4,636.773,grad,20400538112
4,638.969,grad,20401621504
4,640.294,grad,20393423360
4,641.718,grad,20347286016
4,643.044,grad,20342764032
4,645.026,grad,20214512128
4,646.351,grad,20208083456
4,648.174,grad,20178542592
4,649.825,grad,20178542080
4,651.155,grad,20197350912
4,652.787,grad,20173659648
4,654.591,grad,20174743040
4,655.909,grad,20166610432
4,657.22,grad,20120407552
4,658.554,grad,20091768320
4,659.878,grad,20033768960
4,661.437,grad,19994973696
4,662.754,grad,19966459392
4,664.132,grad,19951664128
4,666.033,grad,19951663616
4,667.442,grad,19970537984
4,668.988,grad,19946781184
4,670.935,grad,19947864576
4,672.245,grad,19939666432
4,673.642,grad,19893529088
4,674.955,grad,19889007104
4,676.947,grad,19760820736
4,678.265,grad,19769072128
4,680.077,grad,19724850688
4,681.765,grad,19724850688
4,683.145,grad,19743725056
4,684.687,grad,19719968256
4,686.851,grad,19721051648
4,688.162,grad,19712853504
4,689.596,grad,19666716160
4,690.907,grad,19584599552
4,692.931,grad,19533942272
4,694.245,grad,19527513600
4,696.098,grad,19497972736
4,697.778,grad,19512652288
4,699.152,grad,19516846592
4,700.717,grad,19493089792
4,702.53,grad,19494173184
4,703.848,grad,19486040576
4,705.162,grad,19439837696
4,706.487,grad,19411198464
4,707.798,grad,19345924608
4,709.134,grad,19314469376
4,710.432,grad,19293295104
4,712.046,grad,19271159296
4,713.907,grad,19271159296
4,715.221,grad,19289968128
4,716.889,grad,19266276864
4,718.852,grad,19267360256
4,720.161,grad,19259162112
4,721.565,grad,19213024768
4,722.882,grad,19208502784
4,724.909,grad,19080250880
4,726.224,grad,19073822208
4,728.086,grad,19044280832
4,729.734,grad,19044280832
4,731.123,grad,19063155200
4,732.674,grad,19039398400
4,735.066,grad,19040481792
4,736.373,grad,19032283648
4,737.775,grad,18986146304
4,739.088,grad,18981624320
4,741.027,grad,18853372416
4,742.352,grad,18846943744
4,744.174,grad,18817402368
4,745.858,grad,18817402368
4,747.173,grad,18836211200
4,748.851,grad,18812519936
4,750.677,grad,18813603328
4,751.99,grad,18805470720
4,753.301,grad,18759267840
4,754.634,grad,18715948544
4,755.966,grad,18633831936
4,757.473,grad,18633833984
4,758.79,grad,18605319680
4,760.182,grad,18590523904
4,762.098,grad,18590523904
4,763.49,grad,18609398272
4,765.091,grad,18585641472
4,766.868,grad,18586724864
4,768.182,grad,18578592256
4,769.551,grad,18532389376
4,770.863,grad,18489070080
4,772.204,grad,18406953472
4,773.745,grad,18406955520
4,775.064,grad,18378441216
4,776.464,grad,18363645440
4,778.14,grad,18378325504
4,779.56,grad,18382519808
4,781.095,grad,18358763008
4,782.882,grad,18359846400
4,784.201,grad,18364034560
4,785.728,grad,18305510912
4,787.047,grad,18269531648
4,788.387,grad,18211532288
4,789.765,grad,18180077056
4,791.075,grad,18173582848
4,792.788,grad,18137684992
4,794.41,grad,18136766976
4,795.717,grad,18155575808
4,797.327,grad,18131884544
4,799.129,grad,18133950976
4,800.447,grad,18124835328
4,801.772,grad,18078632448
4,803.079,grad,18035313152
4,804.392,grad,17953196544
4,805.867,grad,17953198592
4,807.181,grad,17924684288
4,808.599,grad,17909888512
4,810.492,grad,17909888512
4,811.803,grad,17928697344
4,813.471,grad,17905006080
4,815.242,grad,17906089472
4,816.602,grad,17897956864
4,817.949,grad,17851753984
4,819.265,grad,17808434688
4,820.609,grad,17726383616
4,822.128,grad,17726385664
4,823.39,grad,17697871360
4,824.814,grad,17683075584
4,826.479,grad,17683075584
4,827.782,grad,17701884416
4,829.467,grad,17678193152
4,831.232,grad,17679276544
4,832.565,grad,17683399168
4,834.211,grad,17625334272
4,835.564,grad,17581621760
4,836.924,grad,17499570688
4,838.478,grad,17499572736
4,839.802,grad,17471058432
4,841.187,grad,17456262656
4,842.936,grad,17470942720
4,844.364,grad,17475137024
4,845.933,grad,17451380224
4,847.924,grad,17452463616
4,849.247,grad,17444265472
4,850.709,grad,17398128128
4,852.036,grad,17393606144
4,854.015,grad,17265419776
4,855.326,grad,17273671168
4,857.139,grad,17229450240
4,859.041,grad,17229449728
4,860.414,grad,17248324096
4,861.944,grad,17224567296
4,863.908,grad,17225650688
4,865.214,grad,17217452544
4,866.626,grad,17171315200
4,867.939,grad,17166793216
4,869.951,grad,17038606848
4,871.267,grad,17046858240
4,873.083,grad,17002636800
4,874.771,grad,17017316864
4,876.105,grad,17021445632
4,877.75,grad,16997754368
4,879.555,grad,16998837760
4,880.861,grad,17002960384
4,882.394,grad,16944502272
4,883.7,grad,16908523008
4,885.034,grad,16850523648
4,886.411,grad,16819068416
4,887.723,grad,16805234176
4,889.464,grad,16775758336
4,891.093,grad,16775758336
4,892.472,grad,16794632704
4,894.015,grad,16770875904
4,895.976,grad,16771959296
4,897.284,grad,16763761152
4,898.707,grad,16717623808
4,900.025,grad,16713101824
4,902.052,grad,16592189952
4,903.365,grad,16578355712
4,905.143,grad,16548880384
4,907.021,grad,16548879872
4,908.328,grad,16567754240
4,909.987,grad,16543997440
4,911.946,grad,16545080832
4,913.252,grad,16536882688
4,914.681,grad,16490745344
4,916.002,grad,16486223360
4,917.992,grad,16356988416
4,919.308,grad,16343219712
4,921.177,grad,16313678848
4,922.865,grad,16313416192
4,924.193,grad,16332290560
4,925.895,grad,16308533760
4,927.205,grad,16298605056
4,928.515,grad,16298605056
4,931.927,grad,16298604544
4,933.345,grad,16298604544
4,934.687,grad,16298604544
4,938.851,grad,16298604544
4,940.107,grad,16298605056
4,941.367,grad,16319248384
4,942.63,grad,16342382592
4,945.216,grad,16353654784
4,946.547,grad,16353980416
4,947.826,grad,16515620864
4,949.114,grad,16515620864
4,950.749,grad,16515620864
4,952.05,grad,16515621376
4,953.355,grad,16445602816
4,954.615,grad,16226057216
4,960.614,grad,16135781376
4,967.027,grad,16135789568
4,973.429,grad,16135789568
4,979.802,grad,16135789568
4,984.733,grad,16135789568
4,986.054,grad,16143266816
4,988.156,grad,16143395840
4,991.165,grad,16150735872
4,992.558,grad,16160173056
4,994.035,grad,16160173056
4,995.292,grad,16183357440
4,997.116,grad,16189714432
4,998.367,grad,16236904448
4,999.676,grad,16343990272
4,1001.019,grad,16343990272
4,1003.362,grad,16382853120
4,1006.518,grad,16390197248
4,1007.827,grad,16399634432
4,1009.306,grad,16399634432
4,1010.626,grad,16422818816
4,1012.328,grad,16429175808
4,1013.599,grad,16475317248
4,1014.844,grad,16621200384
4,1016.207,grad,16582403072
4,1018.328,grad,16621265920
4,1021.223,grad,16628610048
4,1022.498,grad,16638047232
4,1023.897,grad,16638047232
4,1025.242,grad,16653891584
4,1027.087,grad,16667588608
4,1028.401,grad,16713730048
4,1029.712,grad,16937207808
4,1030.965,grad,16820815872
4,1033.302,grad,16859678720
4,1036.141,grad,16867022848
4,1037.439,grad,16876460032
4,1038.916,grad,16876460032
4,1040.2,grad,16914324480
4,1041.84,grad,16906001408
4,1043.13,grad,16952142848
4,1045.312,grad,17020431360
4,1046.626,grad,17173588992
4,1048.181,grad,17098091520
4,1051.067,grad,17105435648
4,1052.356,grad,17114872832
4,1053.767,grad,17114872832
4,1055.041,grad,17152737280
4,1056.766,grad,17144414208
4,1058.089,grad,17190555648
4,1059.377,grad,17336438784
4,1060.691,grad,17258844160
4,1063.084,grad,17336504320
4,1066.162,grad,17343963136
4,1067.481,grad,17353285632
4,1068.923,grad,17353285632
4,1070.191,grad,17376470016
4,1071.921,grad,17382827008
4,1073.227,grad,17428968448
4,1075.362,grad,17497256960
4,1077.737,grad,17574917120
4,1080.676,grad,17582375936
4,1081.981,grad,17591698432
4,1083.464,grad,17591698432
4,1084.731,grad,17614882816
4,1086.527,grad,17621239808
4,1088.02,grad,17682061312
4,1090.244,grad,17735669760
4,1092.667,grad,17813329920
4,1095.58,grad,17820788736
4,1096.888,grad,17830111232
4,1098.378,grad,17830111232
4,1099.657,grad,17853295616
4,1101.433,grad,17859652608
4,1102.758,grad,17905794048
4,1104.011,grad,17974082560
4,1105.427,grad,18012879872
4,1107.647,grad,18051742720
4,1110.685,grad,18059086848
4,1111.96,grad,18068524032
4,1113.356,grad,18068524032
4,1114.61,grad,18106388480
4,1116.184,grad,18098065408
4,1117.467,grad,18144206848
4,1118.722,grad,18290089984
4,1120.12,grad,18251292672
4,1122.259,grad,18290155520
4,1125.031,grad,18297499648
4,1126.291,grad,18306936832
4,1127.894,grad,18306936832
4,1129.168,grad,18344801280
4,1130.871,grad,18336478208
4,1132.195,grad,18382619648
4,1134.435,grad,18450908160
4,1136.876,grad,18535908352
4,1139.728,grad,18535912448
4,1141.016,grad,18545349632
4,1142.541,grad,18545349632
4,1143.845,grad,18568534016
4,1145.556,grad,18574891008
4,1146.812,grad,18582235136
4,1148.078,grad,18766915584
4,1149.45,grad,18689320960
4,1150.763,grad,18820458496
4,1152.326,grad,18766981120
4,1155.197,grad,18774325248
4,1156.492,grad,18783762432
4,1157.974,grad,18783762432
4,1159.266,grad,18806946816
4,1161.09,grad,18813303808
4,1162.38,grad,18859445248
4,1163.677,grad,19005328384
4,1165.015,grad,18966531072
4,1167.292,grad,19005393920
4,1170.424,grad,19012738048
4,1171.738,grad,19022175232
4,1173.168,grad,19022175232
4,1174.473,grad,19045359616
4,1176.316,grad,19051716608
4,1177.661,grad,19097858048
4,1178.942,grad,19321335808
4,1180.234,grad,19166146560
4,1181.52,grad,19251146752
4,1182.926,grad,19243806720
4,1185.772,grad,19251150848
4,1187.072,grad,19260588032
4,1188.538,grad,19260588032
4,1189.831,grad,19283772416
4,1191.815,grad,19290129408
4,1193.084,grad,19336270848
4,1194.373,grad,19482153984
4,1195.754,grad,19443356672
4,1197.895,grad,19482219520
4,1200.823,grad,19489563648
4,1202.084,grad,19499000832
4,1203.547,grad,19499000832
4,1204.803,grad,19522185216
4,1206.527,grad,19528542208
4,1207.777,grad,19574683648
4,1209.032,grad,19720566784
4,1210.35,grad,19681769472
4,1213.662,grad,19720632320
4,1216.558,grad,19727976448
4,1217.856,grad,19737413632
4,1219.263,grad,19737413632
4,1220.526,grad,19760598016
4,1222.259,grad,19766955008
4,1223.549,grad,19813096448
4,1224.801,grad,19958979584
4,1226.068,grad,19881384960
4,1228.546,grad,19959045120
4,1231.424,grad,19966389248
4,1232.694,grad,19975826432
4,1234.292,grad,19975826432
4,1235.598,grad,19999010816
4,1237.254,grad,20005367808
4,1238.519,grad,20051509248
4,1239.776,grad,20274987008
4,1241.022,grad,20119797760
4,1242.292,grad,20204797952
4,1243.646,grad,20197457920
4,1246.583,grad,20204802048
4,1247.887,grad,20214239232
4,1249.296,grad,20214239232
4,1250.635,grad,20237423616
4,1252.398,grad,20243780608
4,1253.68,grad,20289922048
4,1254.977,grad,20513399808
4,1256.364,grad,20358210560
4,1257.649,grad,20443210752
4,1259.071,grad,20435870720
4,1262.063,grad,20443214848
4,1263.384,grad,20452652032
4,1264.838,grad,20452652032
4,1266.116,grad,20475836416
4,1267.861,grad,20482193408
4,1269.164,grad,20528334848
4,1270.432,grad,20674217984
4,1271.773,grad,20596623360
4,1273.041,grad,20681623552
4,1274.538,grad,20674283520
4,1277.57,grad,20681627648
4,1278.89,grad,20691064832
4,1280.3,grad,20691064832
4,1281.557,grad,20706909184
4,1283.401,grad,20720606208
4,1284.662,grad,20766747648
4,1285.926,grad,20990225408
4,1287.232,grad,20835036160
4,1288.499,grad,20958833664
4,1290.234,grad,20912696320
4,1293.311,grad,20920155136
4,1294.646,grad,20929477632
4,1296.082,grad,20929477632
4,1297.346,grad,20952662016
4,1299.307,grad,20959019008
4,1300.609,grad,21005160448
4,1301.862,grad,21151043584
4,1303.165,grad,21073448960
4,1304.44,grad,21151109120
4,1305.875,grad,21151109120
4,1308.763,grad,21158453248
4,1310.136,grad,21167890432
4,1311.617,grad,21167890432
4,1312.864,grad,21191074816
4,1314.642,grad,21197431808
4,1315.905,grad,21243573248
4,1317.151,grad,21389456384
4,1318.422,grad,21311861760
4,1319.684,grad,21389521920
4,1321.236,grad,21389521920
4,1324.142,grad,21396866048
4,1325.497,grad,21406303232
4,1326.928,grad,21406303232
4,1328.193,grad,21429487616
4,1330.058,grad,21435844608
4,1331.349,grad,21481986048
4,1332.628,grad,21627869184
4,1333.984,grad,21550274560
4,1335.291,grad,21635274752
4,1336.825,grad,21627934720
4,1339.728,grad,21635278848
4,1341.248,grad,21644716032
4,1342.727,grad,21644716032
4,1343.978,grad,21667900416
4,1345.76,grad,21674257408
4,1347.016,grad,21681601536
4,1348.266,grad,21866281984
4,1349.574,grad,21788687360
4,1350.864,grad,21866347520
4,1352.318,grad,21866347520
4,1355.187,grad,21873691648
4,1356.574,grad,21883128832
4,1358.006,grad,21883128832
4,1359.28,grad,21906313216
4,1361.108,grad,21912670208
4,1362.487,grad,21920014336
4,1363.753,grad,22104694784
4,1365.054,grad,22027100160
4,1366.315,grad,22112100352
4,1367.663,grad,22104760320
4,1370.553,grad,22112104448
4,1371.86,grad,22121541632
4,1373.342,grad,22121541632
4,1374.593,grad,22144726016
4,1376.628,grad,22151083008
4,1377.926,grad,22197224448
4,1379.187,grad,22343107584
4,1380.458,grad,22265512960
4,1381.721,grad,22389310464
4,1383.401,grad,22343173120
4,1386.317,grad,22350517248
4,1387.671,grad,22359954432
4,1389.138,grad,22359954432
4,1390.394,grad,22383138816
4,1392.136,grad,22389495808
4,1393.381,grad,22396839936
4,1394.646,grad,22581520384
4,1395.942,grad,22503925760
4,1397.208,grad,22588925952
4,1398.602,grad,22581585920
4,1401.483,grad,22588930048
4,1402.888,grad,22598367232
4,1404.612,grad,22598367232
4,1405.945,grad,22621551616
4,1407.82,grad,22627908608
4,1409.126,grad,22674050048
4,1410.386,grad,22819933184
4,1411.734,grad,22742338560
4,1413.003,grad,22874524672
4,1414.258,grad,22827342848
4,1415.523,grad,23754279936
4,1416.791,grad,23754317824
4,1419.786,grad,23746949632
4,1421.058,grad,23435523072
4,1422.309,grad,23435523072
4,1423.564,grad,23435523072
4,1425.056,grad,23435524608
4,1426.82,grad,22823696384
4,1428.169,grad,22822871040
4,1429.555,grad,22776668160
4,1430.863,grad,22749798400
4,1432.185,grad,22691635200
4,1433.539,grad,22652839936
4,1434.848,grad,22646345728
4,1436.903,grad,22609530368
4,1438.66,grad,22624209920
4,1439.988,grad,22628338688
4,1441.667,grad,22604647424
4,1443.642,grad,22605763584
4,1444.946,grad,22597532672
4,1446.351,grad,22551395328
4,1447.665,grad,22469278720
4,1448.988,grad,22418621440
4,1450.331,grad,22425961472
4,1451.657,grad,22397447168
4,1453.067,grad,22382651392
4,1454.78,grad,22397331456
4,1456.102,grad,22401460224
4,1457.771,grad,22377768960
4,1459.954,grad,22379376640
4,1461.271,grad,22370654208
4,1462.706,grad,22324516864
4,1464.057,grad,22249740288
4,1465.372,grad,22206420992
4,1466.842,grad,22199083008
4,1468.153,grad,22170568704
4,1469.588,grad,22155772928
4,1471.273,grad,22155772928
4,1472.617,grad,22174581760
4,1474.276,grad,22150890496
4,1476.086,grad,22152498176
4,1477.399,grad,22143841280
4,1478.923,grad,22097638400
4,1480.244,grad,22093116416
4,1482.276,grad,21964864512
4,1483.645,grad,21958435840
4,1485.582,grad,21928894976
4,1488.114,grad,21943574528
4,1489.387,grad,21947703296
4,1491.071,grad,21924012032
4,1492.851,grad,21925095424
4,1494.159,grad,21916962816
4,1495.673,grad,21870759936
4,1496.986,grad,21866237952
4,1498.976,grad,21737986048
4,1500.291,grad,21731557376
4,1502.205,grad,21702016000
4,1503.957,grad,21716696064
4,1505.3,grad,21720300544
4,1507.156,grad,21697133568
4,1508.978,grad,21698216960
4,1510.3,grad,21702339584
4,1511.995,grad,21643881472
4,1513.321,grad,21600562176
4,1514.676,grad,21557242880
4,1516.21,grad,21518447616
4,1517.565,grad,21489933312
4,1519.016,grad,21475137536
4,1520.729,grad,21489817600
4,1522.118,grad,21494011904
4,1523.665,grad,21470255104
4,1525.652,grad,21471338496
4,1526.968,grad,21463140352
4,1528.372,grad,21417003008
4,1529.706,grad,21334886400
4,1531.026,grad,21284229120
4,1532.363,grad,21291569152
4,1533.677,grad,21263054848
4,1535.085,grad,21248259072
4,1536.988,grad,21248259072
4,1538.4,grad,21267133440
4,1539.94,grad,21243376640
4,1541.902,grad,21245508608
4,1543.208,grad,21236261888
4,1544.652,grad,21190124544
4,1545.964,grad,21108007936
4,1547.283,grad,21057350656
4,1548.647,grad,21064690688
4,1549.966,grad,21036176384
4,1551.363,grad,21021381120
4,1553.0,grad,21021380608
4,1554.414,grad,21040254976
4,1555.957,grad,21016498176
4,1558.241,grad,21017581568
4,1559.579,grad,21009383424
4,1560.991,grad,20963246080
4,1562.316,grad,20919926784
4,1564.308,grad,20830472192
4,1565.659,grad,20824043520
4,1567.538,grad,20794502144
4,1569.245,grad,20809182208
4,1570.696,grad,20813376512
4,1572.252,grad,20789619712
4,1574.082,grad,20791620608
4,1575.394,grad,20782570496
4,1576.729,grad,20736367616
4,1578.041,grad,20693048320
4,1579.378,grad,20610931712
4,1580.897,grad,20610933760
4,1582.208,grad,20582419456
4,1583.638,grad,20567623680
4,1585.574,grad,20567623680
4,1586.9,grad,20586432512
4,1588.569,grad,20562741248
4,1590.362,grad,20563824640
4,1591.687,grad,20555692032
4,1593.037,grad,20509489152
4,1594.358,grad,20473509888
4,1595.695,grad,20376713216
4,1597.12,grad,20384055296
4,1598.425,grad,20355540992
4,1599.811,grad,20340745216
4,1601.487,grad,20340745216
4,1602.803,grad,20359554048
4,1604.452,grad,20335862784
4,1606.506,grad,20336946176
4,1607.851,grad,20328813568
4,1609.171,grad,20282610688
4,1610.51,grad,20239291392
4,1611.856,grad,20157174784
4,1613.366,grad,20157176832
4,1614.692,grad,20128662528
4,1616.058,grad,20113866752
4,1617.733,grad,20113866752
4,1619.04,grad,20132675584
4,1620.721,grad,20108984320
4,1622.523,grad,20110067712
4,1623.826,grad,20101935104
4,1625.205,grad,20055732224
4,1626.544,grad,20027092992
4,1627.863,grad,19961819136
4,1629.209,grad,19930363904
4,1630.545,grad,19923869696
4,1632.264,grad,19887053824
4,1634.266,grad,19887053824
4,1635.642,grad,19905862656
4,1637.348,grad,19882171392
4,1639.148,grad,19883254784
4,1640.469,grad,19875122176
4,1641.812,grad,19828919296
4,1643.131,grad,19785600000
4,1644.463,grad,19703483392
4,1646.013,grad,19703485440
4,1647.326,grad,19674971136
4,1648.768,grad,19660175360
4,1650.435,grad,19660175360
4,1651.752,grad,19678984192
4,1653.442,grad,19655292928
4,1655.504,grad,19656376320
4,1656.814,grad,19648243712
4,1658.136,grad,19602040832
4,1659.392,grad,19573401600
4,1660.725,grad,19515467776
4,1662.27,grad,19476672512
4,1663.639,grad,19448158208
4,1665.016,grad,19433362432
4,1666.702,grad,19433362432
4,1668.022,grad,19452171264
4,1669.687,grad,19428480000
4,1671.621,grad,19429563392
4,1672.925,grad,19421365248
4,1674.323,grad,19375227904
4,1675.655,grad,19370705920
4,1677.669,grad,19242454016
4,1678.982,grad,19236025344
4,1680.837,grad,19206483968
4,1682.767,grad,19221164032
4,1684.134,grad,19225358336
4,1685.69,grad,19201601536
4,1687.502,grad,19202684928
4,1688.814,grad,19194552320
4,1690.366,grad,19148349440
4,1691.682,grad,19143827456
4,1693.697,grad,19015575552
4,1695.004,grad,19023826944
4,1696.845,grad,18979605504
4,1698.526,grad,18979605504
4,1699.834,grad,18998414336
4,1701.487,grad,18974723072
4,1703.549,grad,18975806464
4,1704.875,grad,18967673856
4,1706.223,grad,18921470976
4,1707.556,grad,18878151680
4,1708.906,grad,18796035072
4,1710.415,grad,18796037120
4,1711.74,grad,18767522816
4,1713.11,grad,18752727040
4,1714.817,grad,18767407104
4,1716.204,grad,18771601408
4,1717.816,grad,18747844608
4,1719.643,grad,18748928000
4,1720.956,grad,18738370560
4,1722.447,grad,18694592512
4,1723.802,grad,18658613248
4,1725.168,grad,18600613888
4,1726.606,grad,18569158656
4,1727.922,grad,18555324416
4,1729.731,grad,18525848576
4,1731.704,grad,18540528640
4,1733.048,grad,18544657408
4,1734.698,grad,18520966144
4,1736.656,grad,18522049536
4,1737.968,grad,18513851392
4,1739.366,grad,18467714048
4,1740.694,grad,18463192064
4,1742.719,grad,18334940160
4,1744.035,grad,18328511488
4,1745.896,grad,18298970624
4,1747.574,grad,18298970112
4,1748.887,grad,18317778944
4,1750.559,grad,18294087680
4,1752.626,grad,18295171072
4,1753.972,grad,18287038464
4,1755.294,grad,18240835584
4,1756.646,grad,18212589568
4,1757.977,grad,18154196992
4,1759.569,grad,18115401728
4,1760.886,grad,18086887424
4,1762.312,grad,18072091648
4,1764.018,grad,18073009152
4,1765.328,grad,18091817984
4,1767.031,grad,18068126720
4,1768.846,grad,18068292608
4,1770.197,grad,18060160000
4,1771.54,grad,18013957120
4,1772.851,grad,17970637824
4,1774.191,grad,17888521216
4,1775.735,grad,17888523264
4,1777.055,grad,17860008960
4,1778.486,grad,17845213184
4,1779.821,grad,17845213184
4,1781.158,grad,17875097600
4,1782.716,grad,17839839232
4,1784.032,grad,17847670784
4,1785.834,grad,17841414144
4,1787.186,grad,17833281536
4,1788.544,grad,17787078656
4,1789.882,grad,17743759360
4,1791.239,grad,17661708288
4,1792.796,grad,17661710336
4,1794.119,grad,17633196032
4,1795.619,grad,17618400256
4,1797.362,grad,17618400256
4,1798.685,grad,17637209088
4,1800.373,grad,17613517824
4,1802.193,grad,17614601216
4,1803.582,grad,17618723840
4,1805.285,grad,17560265728
4,1806.648,grad,17531626496
4,1807.972,grad,17466287104
4,1809.351,grad,17434831872
4,1810.669,grad,17420997632
4,1812.481,grad,17391521792
4,1814.198,grad,17406201856
4,1815.567,grad,17410330624
4,1817.77,grad,17394012160
4,1820.042,grad,17387722752
4,1821.527,grad,17391845376
4,1823.643,grad,17333387264
4,1824.94,grad,17297473536
4,1826.204,grad,17253761024
4,1827.798,grad,17200678912
4,1829.16,grad,17194250240
4,1831.125,grad,17164708864
4,1833.227,grad,17164708864
4,1834.695,grad,17183452160
4,1836.569,grad,17159826432
4,1838.421,grad,17160909824
4,1839.752,grad,17152777216
4,1841.146,grad,17106574336
4,1842.42,grad,17063255040
4,1844.238,grad,16974259200
4,1845.495,grad,16967306240
4,1846.768,grad,16962522112
4,1848.042,grad,16938289152
4,1849.378,grad,16952903680
4,1850.663,grad,16957097984
4,1852.133,grad,16933341184
4,1853.832,grad,16934424576
4,1855.07,grad,16938547200
4,1856.479,grad,16880089088
4,1857.735,grad,16844109824
4,1858.987,grad,16793581568
4,1860.377,grad,16754786304
4,1861.623,grad,16726272000
4,1862.855,grad,16711476224
4,1864.384,grad,16711476224
4,1865.635,grad,16730350592
4,1867.14,grad,16706593792
4,1868.934,grad,16707677184
4,1870.231,grad,16699544576
4,1871.494,grad,16653341696
4,1872.732,grad,16617362432
4,1874.656,grad,16519584768
4,1875.901,grad,16520496128
4,1877.548,grad,16476274688
4,1879.33,grad,16476012544
4,1880.599,grad,16494886912
4,1882.136,grad,16471130112
4,1883.38,grad,16461201408
4,1884.613,grad,16461201408
4,1885.848,grad,16461201408
4,1888.411,grad,16461200896
4,1889.965,grad,16461200896
4,1891.418,grad,16461200896
4,1892.705,grad,16461200896
4,1896.033,grad,16461200896
4,1897.306,grad,16461200896
4,1898.569,grad,16478895616
4,1899.831,grad,16500522496
4,1901.108,grad,16516251136
4,1903.059,grad,16516251136
4,1904.355,grad,16516576768
4,1905.795,grad,16678217216
4,1907.082,grad,16678217216
4,1908.504,grad,16678217216
4,1909.802,grad,16678217216
4,1911.315,grad,16622683136
4,1912.561,grad,16412836352
4,1913.804,grad,16301818368
4,1915.042,grad,16333308416
4,1916.28,grad,16365650432
4,1917.549,grad,16398811648
4,1918.805,grad,16433185280
4,1920.052,grad,16459268608
4,1925.509,grad,16136307200
4,1931.87,grad,16136315392
4,1938.232,grad,16136315392
4,1944.598,grad,16136315392
4,1949.033,grad,16136315392
4,1950.314,grad,16143792640
4,1952.365,grad,16143921664
4,1955.372,grad,16151261696
4,1956.807,grad,16160698880
4,1958.282,grad,16160698880
4,1959.583,grad,16183883264
4,1961.401,grad,16190240256
4,1962.696,grad,16236381696
4,1964.865,grad,16304670208
4,1966.146,grad,16382330368
4,1967.795,grad,16382330368
4,1970.713,grad,16389674496
4,1972.001,grad,16399111680
4,1973.44,grad,16399111680
4,1974.698,grad,16422296064
4,1976.579,grad,16428653056
4,1977.849,grad,16474794496
4,1979.125,grad,16581880320
4,1980.416,grad,16581880320
4,1982.851,grad,16620743168
4,1985.722,grad,16628087296
4,1987.086,grad,16637524480
4,1988.52,grad,16637524480
4,1990.011,grad,16645913088
4,1992.239,grad,16667065856
4,1993.583,grad,16713207296
4,1995.716,grad,16781495808
4,1996.993,grad,16859155968
4,1998.425,grad,16866496000
4,2001.191,grad,16866500096
4,2002.482,grad,16875937280
4,2003.872,grad,16875937280
4,2005.157,grad,16899121664
4,2006.99,grad,16905478656
4,2008.258,grad,16951620096
4,2009.543,grad,17175097856
4,2010.801,grad,17019908608
4,2013.492,grad,17097568768
4,2016.355,grad,17104912896
4,2017.639,grad,17114350080
4,2019.079,grad,17114350080
4,2020.432,grad,17152214528
4,2022.275,grad,17143891456
4,2023.563,grad,17190032896
4,2024.821,grad,17297118720
4,2026.084,grad,17297118720
4,2028.342,grad,17335981568
4,2031.136,grad,17343325696
4,2032.425,grad,17352762880
4,2034.003,grad,17352762880
4,2035.261,grad,17390627328
4,2036.93,grad,17382304256
4,2038.197,grad,17443125760
4,2040.283,grad,17496734208
4,2042.631,grad,17574394368
4,2045.488,grad,17581738496
4,2046.737,grad,17591175680
4,2048.141,grad,17591175680
4,2049.401,grad,17614360064
4,2051.039,grad,17620717056
4,2052.302,grad,17666858496
4,2054.66,grad,17735147008
4,2057.05,grad,17812807168
4,2059.877,grad,17820151296
4,2061.138,grad,17829588480
4,2062.496,grad,17829588480
4,2063.752,grad,17867452928
4,2065.418,grad,17866469888
4,2066.675,grad,17919951360
4,2068.789,grad,17973559808
4,2071.106,grad,18051219968
4,2074.093,grad,18058564096
4,2075.353,grad,18068001280
4,2076.715,grad,18068001280
4,2077.986,grad,18105865728
4,2079.554,grad,18097542656
4,2080.844,grad,18143684096
4,2082.935,grad,18211972608
4,2085.443,grad,18289632768
4,2088.351,grad,18296976896
4,2089.612,grad,18306414080
4,2091.089,grad,18306414080
4,2092.363,grad,18344278528
4,2093.966,grad,18335955456
4,2095.29,grad,18343299584
4,2096.547,grad,18527980032
4,2097.844,grad,18489182720
4,2100.116,grad,18528045568
4,2102.974,grad,18535389696
4,2104.243,grad,18544826880
4,2105.6,grad,18544826880
4,2106.855,grad,18568011264
4,2108.545,grad,18574368256
4,2109.808,grad,18620509696
4,2111.897,grad,18688798208
4,2114.2,grad,18766458368
4,2117.134,grad,18773802496
4,2118.423,grad,18783239680
4,2119.787,grad,18783239680
4,2121.042,grad,18806424064
4,2122.757,grad,18812781056
4,2124.006,grad,18873602560
4,2125.247,grad,19004805632
4,2126.566,grad,18966008320
4,2128.899,grad,19004871168
4,2131.709,grad,19012215296
4,2133.024,grad,19021652480
4,2134.595,grad,19021652480
4,2135.878,grad,19059516928
4,2137.554,grad,19051193856
4,2138.81,grad,19097335296
4,2140.059,grad,19320813056
4,2141.351,grad,19204421120
4,2143.662,grad,19243283968
4,2146.531,grad,19250628096
4,2147.832,grad,19260065280
4,2149.246,grad,19260065280
4,2150.519,grad,19283249664
4,2152.232,grad,19289606656
4,2153.538,grad,19335748096
4,2154.785,grad,19442833920
4,2156.071,grad,19404036608
4,2158.504,grad,19481696768
4,2161.329,grad,19489040896
4,2162.638,grad,19498478080
4,2164.04,grad,19498478080
4,2165.323,grad,19521662464
4,2166.984,grad,19528019456
4,2168.236,grad,19574160896
4,2169.512,grad,19797638656
4,2170.817,grad,19681246720
4,2173.108,grad,19720109568
4,2176.07,grad,19727453696
4,2177.321,grad,19736890880
4,2178.751,grad,19736890880
4,2180.008,grad,19760075264
4,2181.725,grad,19766432256
4,2182.98,grad,19812573696
4,2184.222,grad,20036051456
4,2185.479,grad,19919659520
4,2186.736,grad,19965862400
4,2188.104,grad,19958522368
4,2190.962,grad,19965866496
4,2192.254,grad,19975303680
4,2193.692,grad,19975303680
4,2195.001,grad,19991148032
4,2196.822,grad,20004845056
4,2198.071,grad,20050986496
4,2199.32,grad,20196869632
4,2200.586,grad,20158072320
4,2201.849,grad,20204275200
4,2203.252,grad,20196935168
4,2206.278,grad,20204393984
4,2207.601,grad,20213716480
4,2209.05,grad,20213716480
4,2210.318,grad,20236900864
4,2212.035,grad,20243257856
4,2213.293,grad,20289399296
4,2214.552,grad,20512877056
4,2215.955,grad,20396485120
4,2217.226,grad,20442688000
4,2218.618,grad,20435347968
4,2221.466,grad,20442692096
4,2222.788,grad,20452129280
4,2224.225,grad,20452129280
4,2225.499,grad,20475313664
4,2227.286,grad,20481670656
4,2228.571,grad,20527812096
4,2229.855,grad,20634897920
4,2231.113,grad,20634897920
4,2233.493,grad,20673760768
4,2237.363,grad,20681104896
4,2238.782,grad,20690542080
4,2240.263,grad,20690542080
4,2241.537,grad,20713726464
4,2243.252,grad,20720083456
4,2244.519,grad,20727427584
4,2245.763,grad,20912108032
4,2247.036,grad,20834513408
4,2248.295,grad,20912173568
4,2249.723,grad,20912173568
4,2252.606,grad,20919517696
4,2253.931,grad,20928954880
4,2255.443,grad,20928954880
4,2256.716,grad,20944799232
4,2258.705,grad,20958496256
4,2259.975,grad,21004637696
4,2261.3,grad,21228115456
4,2262.604,grad,21072926208
4,2263.865,grad,21157926400
4,2265.315,grad,21150586368
4,2268.166,grad,21157930496
4,2269.81,grad,21167367680
4,2271.581,grad,21167367680
4,2273.016,grad,21183212032
4,2275.501,grad,21204249088
4,2276.94,grad,21243050496
4,2278.383,grad,21311339008
4,2280.182,grad,21311339008
4,2281.624,grad,21449816576
4,2283.376,grad,21388999168
4,2286.601,grad,21396343296
4,2288.053,grad,21405780480
4,2289.679,grad,21405780480
4,2290.96,grad,21428964864
4,2292.973,grad,21435321856
4,2294.47,grad,21481463296
4,2295.861,grad,21627346432
4,2297.443,grad,21549751808
4,2298.719,grad,21688229376
4,2300.219,grad,21627411968
4,2303.4,grad,21634870784
4,2304.745,grad,21644193280
4,2306.227,grad,21644193280
4,2307.515,grad,21667377664
4,2309.355,grad,21673734656
4,2310.627,grad,21719876096
4,2311.883,grad,21865759232
4,2313.199,grad,21826961920
4,2315.53,grad,21865824768
4,2318.525,grad,21873168896
4,2319.854,grad,21882606080
4,2321.269,grad,21882606080
4,2322.607,grad,21898450432
4,2324.579,grad,21919487488
4,2325.827,grad,21958288896
4,2327.076,grad,22065374720
4,2328.345,grad,22065374720
4,2330.638,grad,22104237568
4,2333.645,grad,22111696384
4,2334.937,grad,22121018880
4,2336.393,grad,22121018880
4,2337.668,grad,22144203264
4,2339.396,grad,22150560256
4,2340.654,grad,22197750272
4,2341.912,grad,22421228032
4,2343.277,grad,22266038784
4,2344.593,grad,22343698944
4,2346.031,grad,22351038976
4,2348.82,grad,22351043072
4,2350.071,grad,22360480256
4,2351.527,grad,22360480256
4,2352.784,grad,22383664640
4,2354.556,grad,22390021632
4,2355.822,grad,22436163072
4,2357.096,grad,22543248896
4,2358.398,grad,22543248896
4,2360.85,grad,22589455872
4,2363.918,grad,22589455872
4,2365.261,grad,22598893056
4,2366.691,grad,22598893056
4,2367.951,grad,22622077440
4,2369.689,grad,22628434432
4,2370.94,grad,22674575872
4,2372.221,grad,22820459008
4,2373.561,grad,22781661696
4,2375.69,grad,22820524544
4,2376.995,grad,23131951616
4,2378.259,grad,23754843648
4,2381.636,grad,23436048384
4,2382.935,grad,23436048896
4,2384.227,grad,23436048896
4,2385.54,grad,23436049408
4,2386.847,grad,24058904576
4,2388.371,grad,22824713728
4,2389.707,grad,22823396864
4,2391.126,grad,22777193984
4,2392.391,grad,22703138304
4,2393.637,grad,22646025728
4,2394.952,grad,22653365760
4,2396.197,grad,22646871552
4,2397.88,grad,22610056192
4,2399.451,grad,22610055680
4,2400.714,grad,22629257728
4,2402.304,grad,22605173248
4,2404.23,grad,22606780928
4,2405.553,grad,22598124032
4,2406.911,grad,22551921152
4,2408.155,grad,22547399168
4,2409.924,grad,22419147264
4,2411.174,grad,22412718592
4,2412.957,grad,22383177216
4,2414.529,grad,22383177216
4,2415.766,grad,22401986048
4,2417.522,grad,22378294784
4,2419.214,grad,22379902464
4,2420.565,grad,22371245568
4,2421.94,grad,22325042688
4,2423.19,grad,22320520704
4,2424.987,grad,22192268800
4,2426.239,grad,22184791552
4,2427.981,grad,22155250176
4,2429.564,grad,22155250176
4,2430.835,grad,22156691968
4,2432.576,grad,22150367744
4,2434.261,grad,22151975424
4,2435.563,grad,22143318528
4,2436.916,grad,22097115648
4,2438.158,grad,22092593664
4,2440.174,grad,21964341760
4,2441.472,grad,21957913088
4,2443.176,grad,21928371712
4,2444.756,grad,21928371712
4,2446.074,grad,21947246080
4,2447.579,grad,21923489280
4,2449.275,grad,21924769280
4,2450.622,grad,21916440064
4,2452.008,grad,21870237184
4,2453.262,grad,21865715200
4,2455.056,grad,21737463296
4,2456.299,grad,21745714688
4,2457.958,grad,21701493248
4,2459.494,grad,21701493248
4,2460.733,grad,21720695296
4,2462.553,grad,21696610816
4,2464.266,grad,21697694208
4,2465.571,grad,21689561600
4,2466.919,grad,21643358720
4,2468.166,grad,21638836736
4,2469.885,grad,21510584832
4,2471.166,grad,21504156160
4,2472.904,grad,21474614784
4,2474.475,grad,21474614784
4,2475.749,grad,21493489152
4,2477.166,grad,21469732352
4,2478.849,grad,21470815744
4,2480.091,grad,21462683136
4,2481.348,grad,21416480256
4,2482.604,grad,21373160960
4,2483.841,grad,21298449920
4,2485.42,grad,21291111936
4,2486.689,grad,21262597632
4,2488.114,grad,21247801856
4,2489.706,grad,21247801856
4,2490.972,grad,21267003904
4,2492.547,grad,21242919424
4,2494.366,grad,21244002816
4,2495.615,grad,21235804672
4,2496.854,grad,21189667328
4,2498.096,grad,21185145344
4,2499.862,grad,21056958976
4,2501.202,grad,21050530304
4,2502.999,grad,21020988928
4,2504.623,grad,21020988928
4,2505.94,grad,21039863296
4,2508.038,grad,21016106496
4,2509.804,grad,21017189888
4,2511.085,grad,21009057280
4,2512.504,grad,20962854400
4,2513.808,grad,20958332416
4,2515.559,grad,20830080512
4,2516.806,grad,20838331904
4,2518.466,grad,20794110464
4,2520.019,grad,20794110464
4,2521.289,grad,20812919296
4,2522.852,grad,20789228032
4,2524.55,grad,20790311424
4,2525.785,grad,20859773440
4,2527.073,grad,20735975936
4,2528.324,grad,20731453952
4,2530.072,grad,20603202048
4,2531.351,grad,20610994688
4,2532.626,grad,20598804992
4,2533.991,grad,20567232000
4,2535.242,grad,20581912064
4,2536.493,grad,20586106368
4,2537.908,grad,20562349568
4,2539.596,grad,20563432960
4,2540.837,grad,20555300352
4,2542.185,grad,20509097472
4,2543.468,grad,20465778176
4,2545.24,grad,20376389120
4,2546.493,grad,20369960448
4,2548.226,grad,20340419072
4,2549.774,grad,20340419072
4,2551.011,grad,20359227904
4,2552.797,grad,20335536640
4,2554.549,grad,20336620032
4,2555.827,grad,20328487424
4,2557.155,grad,20282284544
4,2558.397,grad,20238965248
4,2560.14,grad,20149576192
4,2561.413,grad,20143147520
4,2563.069,grad,20113606144
4,2564.66,grad,20113606144
4,2565.904,grad,20132414976
4,2567.393,grad,20108723712
4,2569.046,grad,20109807104
4,2570.285,grad,20179269120
4,2571.69,grad,20055471616
4,2572.956,grad,20050949632
4,2574.699,grad,19922763264
4,2575.938,grad,19930621440
4,2577.829,grad,19886793216
4,2579.35,grad,19886793216
4,2580.624,grad,19905667584
4,2582.102,grad,19881910784
4,2583.761,grad,19882994176
4,2585.002,grad,19874861568
4,2586.343,grad,19828658688
4,2587.579,grad,19824136704
4,2589.322,grad,19695884800
4,2590.566,grad,19689456128
4,2592.28,grad,19659914752
4,2593.858,grad,19659914752
4,2595.139,grad,19678789120
4,2596.784,grad,19655032320
4,2598.473,grad,19656115712
4,2599.712,grad,19725577728
4,2601.006,grad,19601780224
4,2602.254,grad,19558460928
4,2604.082,grad,19469006336
4,2605.341,grad,19477257728
4,2606.969,grad,19433036288
4,2608.535,grad,19433036288
4,2609.816,grad,19451976192
4,2611.192,grad,19428153856
4,2612.918,grad,19429237248
4,2614.166,grad,19498699264
4,2615.535,grad,19374901760
4,2616.777,grad,19370379776
4,2618.544,grad,19242193408
4,2619.786,grad,19250051584
4,2621.714,grad,19206223360
4,2623.243,grad,19206223360
4,2624.508,grad,19224966656
4,2626.031,grad,19201340928
4,2627.743,grad,19202424320
4,2628.981,grad,19194291712
4,2630.308,grad,19148088832
4,2631.556,grad,19143566848
4,2633.405,grad,19015314944
4,2634.684,grad,19023566336
4,2636.321,grad,18979344896
4,2637.897,grad,18979344896
4,2639.18,grad,18998219264
4,2640.884,grad,18974462464
4,2642.782,grad,18975545856
4,2644.04,grad,19006145024
4,2645.317,grad,18882413056
4,2646.566,grad,18916688384
4,2648.291,grad,18788502016
4,2649.577,grad,18782073344
4,2651.24,grad,18752531968
4,2652.872,grad,18752531968
4,2654.123,grad,18771471872
4,2655.509,grad,18747649536
4,2657.138,grad,18748732928
4,2658.397,grad,18818194944
4,2659.705,grad,18694397440
4,2660.947,grad,18689875456
4,2662.755,grad,18561623552
4,2664.258,grad,18569874944
4,2665.968,grad,18525653504
4,2667.523,grad,18525653504
4,2668.809,grad,18544527872
4,2670.215,grad,18520771072
4,2672.043,grad,18521854464
4,2673.306,grad,18552453632
4,2674.592,grad,18467518976
4,2675.834,grad,18462996992
4,2677.572,grad,18334745088
4,2678.809,grad,18342996480
4,2680.429,grad,18298775040
4,2681.931,grad,18298775040
4,2683.169,grad,18317583872
4,2684.947,grad,18293892608
4,2686.68,grad,18294976000
4,2687.919,grad,18364438016
4,2689.201,grad,18240640512
4,2690.45,grad,18197321216
4,2692.192,grad,18107932160
4,2693.452,grad,18101503488
4,2695.324,grad,18071962624
4,2696.874,grad,18071962112
4,2698.111,grad,18090770944
4,2699.62,grad,18067079680
4,2701.247,grad,18068163072
4,2702.515,grad,18060030464
4,2703.772,grad,18013827584
4,2705.022,grad,17970508288
4,2706.26,grad,17888457216
4,2707.555,grad,17888459264
4,2708.825,grad,17874625024
4,2710.443,grad,17845149184
4,2711.928,grad,17845149184
4,2713.238,grad,17864023552
4,2714.691,grad,17840266752
4,2716.32,grad,17841350144
4,2717.598,grad,17833217536
4,2718.958,grad,17787014656
4,2720.203,grad,17782492672
4,2721.971,grad,17654306304
4,2723.234,grad,17647877632
4,2725.012,grad,17618336768
4,2726.534,grad,17618336256
4,2727.78,grad,17637210624
4,2729.458,grad,17613453824
4,2731.148,grad,17614537216
4,2732.385,grad,17683999232
4,2733.746,grad,17560201728
4,2735.022,grad,17555679744
4,2736.761,grad,17427427840
4,2737.997,grad,17435679232
4,2739.654,grad,17391457792
4,2741.127,grad,17391457792
4,2742.414,grad,17410332160
4,2743.89,grad,17386575360
4,2745.595,grad,17387658752
4,2746.839,grad,17379526144
4,2748.101,grad,17333323264
4,2749.365,grad,17297344000
4,2751.246,grad,17200549376
4,2752.798,grad,17194120704
4,2754.568,grad,17164579328
4,2756.093,grad,17164579328
4,2757.346,grad,17183453696
4,2758.791,grad,17159696896
4,2760.45,grad,17160780288
4,2761.684,grad,17152647680
4,2763.03,grad,17106444800
4,2764.276,grad,17063125504
4,2766.123,grad,16973736448
4,2767.372,grad,16981987840
4,2769.017,grad,16937766912
4,2770.547,grad,16937766400
4,2771.825,grad,16956640768
4,2773.719,grad,16932883968
4,2775.414,grad,16933967360
4,2776.668,grad,17003429376
4,2777.978,grad,16879631872
4,2779.224,grad,16875109888
4,2780.99,grad,16746857984
4,2782.251,grad,16755109376
4,2783.989,grad,16710887936
4,2785.564,grad,16710887936
4,2786.837,grad,16729827840
4,2788.231,grad,16706005504
4,2789.955,grad,16707088896
4,2791.209,grad,16776550912
4,2792.576,grad,16652753408
4,2793.829,grad,16648231424
4,2795.628,grad,16519979520
4,2796.869,grad,16520497664
4,2798.756,grad,16476669440
4,2800.286,grad,16476407296
4,2801.611,grad,16495412736
4,2803.012,grad,16471524864
4,2804.26,grad,16461596160
4,2805.508,grad,16461596160
4,2806.738,grad,16461596160
4,2809.157,grad,16461595648
4,2810.421,grad,16461595648
4,2811.683,grad,16461595648
4,2812.953,grad,16461595648
4,2816.264,grad,16461595648
4,2817.523,grad,16461596160
4,2818.777,grad,16481715200
4,2820.02,grad,16504325120
4,2822.645,grad,16516645888
4,2823.912,grad,16516971520
4,2825.326,grad,16678611968
4,2826.684,grad,16678611968
4,2827.92,grad,16678611968
4,2829.277,grad,16678611968
4,2830.536,grad,16609642496
4,2831.778,grad,16389376000
4,2833.017,grad,16307881984
4,2834.259,grad,16339830784
4,2835.507,grad,16374204416
4,2836.74,grad,16409626624
4,2837.974,grad,16443017216
4,2839.209,grad,16402745344
4,2845.559,grad,16136833024
4,2851.926,grad,16136841216
4,2858.275,grad,16136841216
4,2864.629,grad,16136841216
4,2868.966,grad,16136841216
4,2870.226,grad,16144318464
4,2872.161,grad,16144447488
4,2875.106,grad,16151787520
4,2876.447,grad,16161224704
4,2877.877,grad,16161224704
4,2879.122,grad,16184409088
4,2880.892,grad,16190766080
4,2882.158,grad,16236907520
4,2883.421,grad,16382790656
4,2884.69,grad,16343993344
4,2887.226,grad,16382856192
4,2890.027,grad,16390200320
4,2891.308,grad,16399637504
4,2892.76,grad,16399637504
4,2894.047,grad,16422821888
4,2895.718,grad,16429178880
4,2896.966,grad,16475320320
4,2898.21,grad,16621203456
4,2899.584,grad,16582406144
4,2901.711,grad,16621268992
4,2904.749,grad,16628613120
4,2906.041,grad,16638050304
4,2907.497,grad,16638050304
4,2908.81,grad,16661234688
4,2910.516,grad,16667591680
4,2911.821,grad,16713733120
4,2914.034,grad,16782021632
4,2916.438,grad,16859681792
4,2919.243,grad,16867025920
4,2920.544,grad,16876463104
4,2921.906,grad,16876463104
4,2923.211,grad,16914327552
4,2924.815,grad,16906004480
4,2926.162,grad,16913348608
4,2927.468,grad,17098029056
4,2928.768,grad,17059231744
4,2931.052,grad,17098094592
4,2933.861,grad,17105438720
4,2935.127,grad,17114875904
4,2936.513,grad,17114875904
4,2937.769,grad,17138060288
4,2939.454,grad,17144417280
4,2940.713,grad,17190558720
4,2941.969,grad,17297644544
4,2943.205,grad,17297644544
4,2945.597,grad,17336507392
4,2948.668,grad,17343851520
4,2949.999,grad,17353288704
4,2951.502,grad,17353288704
4,2952.752,grad,17391153152
4,2954.459,grad,17382830080
4,2955.717,grad,17428971520
4,2956.962,grad,17652449280
4,2958.29,grad,17536057344
4,2960.645,grad,17574920192
4,2963.558,grad,17582264320
4,2964.808,grad,17591701504
4,2967.093,grad,17591701504
4,2968.401,grad,17629565952
4,2970.12,grad,17621242880
4,2971.417,grad,17667384320
4,2972.659,grad,17813267456
4,2973.895,grad,17774470144
4,2976.208,grad,17813332992
4,2979.057,grad,17820677120
4,2980.362,grad,17830114304
4,2981.876,grad,17830114304
4,2983.193,grad,17853298688
4,2984.939,grad,17859655680
4,2986.244,grad,17905797120
4,2987.518,grad,18012882944
4,2988.895,grad,17974085632
4,2991.344,grad,18051745792
4,2994.179,grad,18059089920
4,2995.448,grad,18068527104
4,2996.922,grad,18068527104
4,2998.2,grad,18106391552
4,2999.789,grad,18098068480
4,3001.074,grad,18144209920
4,3003.239,grad,18212498432
4,3005.683,grad,18290158592
4,3008.648,grad,18297502720
4,3009.915,grad,18306939904
4,3011.296,grad,18306939904
4,3012.559,grad,18344804352
4,3014.179,grad,18336481280
4,3015.516,grad,18382622720
4,3017.734,grad,18450911232
4,3019.051,grad,18528571392
4,3020.475,grad,18528571392
4,3023.259,grad,18535915520
4,3024.532,grad,18545352704
4,3025.938,grad,18545352704
4,3027.251,grad,18561197056
4,3029.118,grad,18574894080
4,3030.391,grad,18621035520
4,3031.658,grad,18728121344
4,3033.05,grad,18728121344
4,3035.245,grad,18766984192
4,3038.051,grad,18774328320
4,3039.322,grad,18783765504
4,3040.746,grad,18783765504
4,3042.018,grad,18821629952
4,3043.683,grad,18813306880
4,3044.93,grad,18859448320
4,3046.169,grad,19082926080
4,3047.543,grad,18927736832
4,3048.807,grad,19005396992
4,3050.244,grad,19005396992
4,3053.038,grad,19012741120
4,3054.322,grad,19022178304
4,3055.893,grad,19022178304
4,3057.136,grad,19045362688
4,3058.9,grad,19051719680
4,3060.15,grad,19097861120
4,3061.389,grad,19243744256
4,3062.692,grad,19204946944
4,3065.044,grad,19243809792
4,3068.032,grad,19251153920
4,3069.295,grad,19260591104
4,3070.695,grad,19260591104
4,3071.942,grad,19283775488
4,3073.62,grad,19290132480
4,3074.867,grad,19336273920
4,3076.105,grad,19559751680
4,3077.383,grad,19443359744
4,3079.672,grad,19482222592
4,3082.505,grad,19489566720
4,3083.766,grad,19499003904
4,3085.196,grad,19499003904
4,3086.454,grad,19514848256
4,3088.292,grad,19528545280
4,3089.574,grad,19574686720
4,3090.815,grad,19798164480
4,3092.081,grad,19681772544
4,3094.419,grad,19720635392
4,3097.279,grad,19727979520
4,3098.628,grad,19737416704
4,3100.03,grad,19737416704
4,3101.294,grad,19760601088
4,3103.039,grad,19766958080
4,3104.315,grad,19827779584
4,3105.573,grad,19881322496
4,3107.25,grad,19881388032
4,3108.525,grad,19959048192
4,3109.928,grad,19959048192
4,3112.711,grad,19966392320
4,3114.002,grad,19975829504
4,3115.48,grad,19975829504
4,3116.746,grad,19999013888
4,3118.447,grad,20005370880
4,3119.709,grad,20051512320
4,3121.013,grad,20158598144
4,3122.439,grad,20158598144
4,3124.6,grad,20197460992
4,3127.566,grad,20204805120
4,3128.819,grad,20214242304
4,3130.206,grad,20214242304
4,3131.461,grad,20237426688
4,3133.164,grad,20243783680
4,3134.362,grad,20251127808
4,3135.609,grad,20435808256
4,3136.91,grad,20358213632
4,3138.163,grad,20435873792
4,3139.561,grad,20435873792
4,3142.411,grad,20443217920
4,3143.73,grad,20452655104
4,3145.156,grad,20452655104
4,3146.361,grad,20468499456
4,3148.393,grad,20482196480
4,3149.638,grad,20528337920
4,3150.917,grad,20674221056
4,3152.252,grad,20596626432
4,3153.551,grad,20735104000
4,3155.078,grad,20674286592
4,3158.018,grad,20681630720
4,3159.401,grad,20691067904
4,3160.828,grad,20691067904
4,3162.071,grad,20714252288
4,3163.839,grad,20720609280
4,3165.084,grad,20766750720
4,3166.327,grad,20990228480
4,3167.707,grad,20835039232
4,3168.961,grad,20920039424
4,3170.35,grad,20912699392
4,3173.22,grad,20920043520
4,3174.535,grad,20929480704
4,3175.97,grad,20929480704
4,3177.251,grad,20952665088
4,3178.934,grad,20959022080
4,3180.279,grad,20966366208
4,3181.531,grad,21073452032
4,3182.892,grad,21073452032
4,3184.156,grad,21197249536
4,3185.594,grad,21151112192
4,3188.674,grad,21158456320
4,3190.008,grad,21167893504
4,3191.453,grad,21167893504
4,3192.733,grad,21191077888
4,3194.472,grad,21197434880
4,3195.714,grad,21243576320
4,3196.95,grad,21467054080
4,3198.256,grad,21350662144
4,3200.565,grad,21389524992
4,3203.441,grad,21396869120
4,3205.279,grad,21406306304
4,3207.612,grad,21406306304
4,3208.898,grad,21429490688
4,3210.7,grad,21435847680
4,3212.002,grad,21481989120
4,3213.253,grad,21627872256
4,3214.575,grad,21589074944
4,3216.929,grad,21627937792
4,3219.829,grad,21635281920
4,3221.12,grad,21644719104
4,3222.548,grad,21644719104
4,3223.792,grad,21667903488
4,3225.514,grad,21674260480
4,3226.76,grad,21720401920
4,3228.005,grad,21943879680
4,3229.385,grad,21788690432
4,3230.637,grad,21866350592
4,3232.027,grad,21866350592
4,3234.903,grad,21873694720
4,3236.208,grad,21883131904
4,3237.628,grad,21883131904
4,3238.92,grad,21906316288
4,3240.615,grad,21912673280
4,3241.878,grad,21958814720
4,3243.169,grad,22182292480
4,3244.491,grad,22065900544
4,3246.824,grad,22104763392
4,3249.815,grad,22112107520
4,3251.148,grad,22121544704
4,3252.576,grad,22121544704
4,3253.852,grad,22145777664
4,3255.546,grad,22152134656
4,3256.791,grad,22198276096
4,3258.045,grad,22421753856
4,3259.422,grad,22305361920
4,3261.753,grad,22344224768
4,3264.633,grad,22351568896
4,3265.941,grad,22361006080
4,3267.567,grad,22361006080
4,3268.942,grad,22376850432
4,3271.272,grad,22390547456
4,3272.545,grad,22436688896
4,3273.789,grad,22660166656
4,3275.025,grad,22504977408
4,3276.282,grad,22589977600
4,3277.687,grad,22582637568
4,3280.531,grad,22589981696
4,3281.823,grad,22599418880
4,3283.245,grad,22599418880
4,3284.504,grad,22622603264
4,3286.201,grad,22628960256
4,3287.453,grad,22675101696
4,3288.723,grad,22820984832
4,3290.065,grad,22743390208
4,3291.386,grad,22821050368
4,3292.667,grad,22828394496
4,3293.933,grad,23755340288
4,3295.174,grad,23755369472
4,3298.289,grad,23748001280
4,3299.565,grad,23436574720
4,3300.804,grad,23436574720
4,3302.041,grad,23436574720
4,3303.67,grad,23436576256
4,3305.327,grad,22824748032
4,3306.661,grad,22824807424
4,3307.913,grad,22778604544
4,3309.171,grad,22742625280
4,3310.429,grad,22691965952
4,3311.849,grad,22653170688
4,3313.092,grad,22624656384
4,3314.357,grad,22609860608
4,3315.905,grad,22609860608
4,3317.138,grad,22629062656
4,3318.994,grad,22604978176
4,3320.76,grad,22606585856
4,3322.01,grad,22597928960
4,3323.397,grad,22551726080
4,3324.642,grad,22547204096
4,3326.427,grad,22418952192
4,3327.7,grad,22412523520
4,3329.435,grad,22382982144
4,3330.945,grad,22382982144
4,3332.179,grad,22401790976
4,3333.749,grad,22378099712
4,3335.424,grad,22379707392
4,3336.657,grad,22371050496
4,3338.075,grad,22324847616
4,3339.355,grad,22281528320
4,3340.6,grad,22192071680
4,3341.88,grad,22199413760
4,3343.122,grad,22170899456
4,3344.36,grad,22155055104
4,3345.869,grad,22155055104
4,3347.166,grad,22174978048
4,3348.709,grad,22150172672
4,3350.387,grad,22151780352
4,3351.625,grad,22143123456
4,3352.955,grad,22096920576
4,3354.195,grad,22092398592
4,3355.978,grad,21964146688
4,3357.22,grad,21972398080
4,3358.993,grad,21928177152
4,3360.531,grad,21928176640
4,3361.775,grad,21944298496
4,3363.525,grad,21923294208
4,3365.184,grad,21924377600
4,3366.444,grad,21916244992
4,3367.834,grad,21870042112
4,3369.106,grad,21865520128
4,3370.922,grad,21737268224
4,3372.164,grad,21745519616
4,3373.824,grad,21701298176
4,3375.327,grad,21701298176
4,3376.59,grad,21719517184
4,3378.313,grad,21696415744
4,3379.998,grad,21697499136
4,3381.252,grad,21766961152
4,3382.86,grad,21643163648
4,3384.128,grad,21599844352
4,3385.923,grad,21510389760
4,3387.165,grad,21518641152
4,3388.86,grad,21474419712
4,3390.414,grad,21474419712
4,3391.705,grad,21493294080
4,3393.107,grad,21469537280
4,3394.799,grad,21470620672
4,3396.036,grad,21540082688
4,3397.352,grad,21416285184
4,3398.594,grad,21341508608
4,3400.479,grad,21283511296
4,3401.733,grad,21291762688
4,3403.396,grad,21247541248
4,3405.327,grad,21247541248
4,3406.582,grad,21265956864
4,3408.419,grad,21242658816
4,3410.107,grad,21243742208
4,3411.355,grad,21235609600
4,3412.703,grad,21189406720
4,3413.951,grad,21184884736
4,3415.765,grad,21056632832
4,3417.007,grad,21064884224
4,3418.677,grad,21020663296
4,3420.271,grad,21020662784
4,3421.587,grad,21039537152
4,3422.985,grad,21015780352
4,3424.677,grad,21016863744
4,3425.918,grad,21086325760
4,3427.218,grad,20962528256
4,3428.478,grad,20919208960
4,3430.602,grad,20829754368
4,3431.879,grad,20823325696
4,3433.576,grad,20793784320
4,3435.069,grad,20793784320
4,3436.346,grad,20812658688
4,3437.775,grad,20788901888
4,3439.521,grad,20789985280
4,3440.781,grad,20781852672
4,3442.12,grad,20735649792
4,3443.359,grad,20731127808
4,3445.074,grad,20602875904
4,3446.315,grad,20611127296
4,3447.992,grad,20566905856
4,3449.631,grad,20566905856
4,3450.936,grad,20585780224
4,3452.612,grad,20562023424
4,3454.293,grad,20563106816
4,3455.602,grad,20554974208
4,3456.949,grad,20508771328
4,3458.194,grad,20504249344
4,3459.998,grad,20375997440
4,3461.253,grad,20384183296
4,3462.935,grad,20340027392
4,3464.451,grad,20340027392
4,3465.749,grad,20358901760
4,3467.143,grad,20335144960
4,3468.916,grad,20336228352
4,3470.17,grad,20328030208
4,3471.479,grad,20281892864
4,3472.731,grad,20277370880
4,3474.464,grad,20149118976
4,3475.702,grad,20149112832
4,3476.951,grad,20144648192
4,3478.227,grad,20113149440
4,3479.684,grad,20113148928
4,3480.977,grad,20132088832
4,3482.453,grad,20108266496
4,3484.191,grad,20109349888
4,3485.57,grad,20101217280
4,3486.951,grad,20055014400
4,3488.208,grad,20050492416
4,3490.082,grad,19922240512
4,3491.369,grad,19930491904
4,3493.009,grad,19886270464
4,3494.587,grad,19886270464
4,3495.861,grad,19905144832
4,3497.542,grad,19881388032
4,3499.236,grad,19882471424
4,3500.628,grad,19951933440
4,3502.022,grad,19828135936
4,3503.306,grad,19823613952
4,3505.527,grad,19695362048
4,3506.783,grad,19703613440
4,3508.519,grad,19659392000
4,3510.066,grad,19659392000
4,3511.356,grad,19678200832
4,3513.008,grad,19654509568
4,3514.748,grad,19655592960
4,3515.993,grad,19647460352
4,3517.358,grad,19601257472
4,3518.604,grad,19519140864
4,3520.543,grad,19468549120
4,3521.807,grad,19476407296
4,3523.058,grad,19432579072
4,3524.305,grad,19433627648
4,3525.576,grad,19462004736
4,3527.06,grad,19427205120
4,3528.303,grad,19435036672
4,3529.941,grad,19428780032
4,3531.202,grad,19420647424
4,3532.619,grad,19374444544
4,3533.874,grad,19369922560
4,3535.619,grad,19241670656
4,3536.88,grad,19249922048
4,3538.564,grad,19205700608
4,3540.113,grad,19205700608
4,3541.465,grad,19224574976
4,3543.143,grad,19200818176
4,3544.916,grad,19201901568
4,3546.169,grad,19271363584
4,3547.586,grad,19147566080
4,3548.838,grad,19143044096
4,3550.76,grad,19014857728
4,3552.031,grad,19023109120
4,3553.741,grad,18978888192
4,3555.382,grad,18978887680
4,3556.665,grad,18997696512
4,3558.195,grad,18974005248
4,3560.069,grad,18975088640
4,3561.346,grad,18966890496
4,3562.655,grad,18920753152
4,3563.909,grad,18877433856
4,3565.719,grad,18787979264
4,3566.963,grad,18795837440
4,3568.205,grad,18752009216
4,3569.452,grad,18752009216
4,3570.707,grad,18781369344
4,3572.19,grad,18746635264
4,3573.457,grad,18754466816
4,3575.008,grad,18748210176
4,3576.249,grad,18817672192
4,3577.648,grad,18693874688
4,3578.902,grad,18650555392
4,3580.731,grad,18561100800
4,3582.003,grad,18569352192
4,3583.706,grad,18525130752
4,3585.238,grad,18525130752
4,3586.489,grad,18543939584
4,3588.249,grad,18520248320
4,3589.992,grad,18521331712
4,3591.294,grad,18513199104
4,3592.581,grad,18466996224
4,3593.831,grad,18431016960
4,3595.075,grad,18334222336
4,3596.308,grad,18334220288
4,3597.555,grad,18313048064
4,3598.791,grad,18298252288
4,3600.314,grad,18298252288
4,3601.602,grad,18317061120
4,3603.245,grad,18293369856
4,3604.989,grad,18294453248
4,3606.276,grad,18286320640
4,3607.557,grad,18240117760
4,3608.886,grad,18196798464
4,3610.14,grad,18114747392
4,3611.536,grad,18114749440
4,3612.817,grad,18100915200
4,3614.45,grad,18071439872
4,3616.056,grad,18071439360
4,3617.358,grad,18090248192
4,3618.895,grad,18066556928
4,3620.663,grad,18068557824
4,3621.954,grad,18059507712
4,3623.368,grad,18013304832
4,3624.689,grad,17931188224
4,3625.974,grad,17880530944
4,3627.221,grad,17887870976
4,3628.481,grad,17859356672
4,3629.72,grad,17844560896
4,3631.272,grad,17844560896
4,3632.557,grad,17863369728
4,3634.294,grad,17839678464
4,3635.998,grad,17840761856
4,3637.241,grad,17832629248
4,3638.666,grad,17786426368
4,3639.915,grad,17743107072
4,3641.813,grad,17653718016
4,3643.091,grad,17661969408
4,3644.791,grad,17617747968
4,3646.327,grad,17617747968
4,3647.598,grad,17636491264
4,3649.211,grad,17612865536
4,3650.978,grad,17613948928
4,3652.258,grad,17605816320
4,3653.603,grad,17559613440
4,3654.884,grad,17516294144
4,3656.148,grad,17426837504
4,3657.53,grad,17434179584
4,3658.831,grad,17420345344
4,3660.504,grad,17390869504
4,3662.179,grad,17390869504
4,3663.519,grad,17409743872
4,3665.06,grad,17385987072
4,3666.783,grad,17387070464
4,3668.064,grad,17378937856
4,3669.456,grad,17332734976
4,3670.762,grad,17328212992
4,3672.016,grad,17200026624
4,3673.346,grad,17185344512
4,3674.611,grad,17178852352
4,3675.894,grad,17164056576
4,3677.459,grad,17164056576
4,3678.71,grad,17182930944
4,3680.462,grad,17159174144
4,3682.27,grad,17160257536
4,3683.625,grad,17152124928
4,3685.018,grad,17105922048
4,3686.276,grad,17062602752
4,3688.163,grad,16973148160
4,3689.417,grad,16966719488
4,3691.184,grad,16937178624
4,3692.796,grad,16937178112
4,3694.083,grad,16956052480
4,3695.62,grad,16932295680
4,3697.308,grad,16933379072
4,3698.654,grad,16925246464
4,3700.025,grad,16879043584
4,3701.271,grad,16874521600
4,3703.184,grad,16746335232
4,3704.447,grad,16754127872
4,3705.708,grad,16744035328
4,3706.988,grad,16710365184
4,3708.235,grad,16725045248
4,3709.554,grad,16729305088
4,3711.007,grad,16705482752
4,3712.858,grad,16706566144
4,3714.144,grad,16698433536
4,3715.534,grad,16652230656
4,3716.783,grad,16608911360
4,3718.587,grad,16519456768
4,3719.84,grad,16505688064
4,3721.588,grad,16476146688
4,3723.175,grad,16475884544
4,3724.451,grad,16494758912
4,3726.231,grad,16471002112
4,3727.506,grad,16461073408
4,3728.744,grad,16461073408
4,3729.983,grad,16461073408
4,3732.705,grad,16461072896
4,3733.973,grad,16461072896
4,3735.242,grad,16461072896
4,3736.514,grad,16461072896
4,3739.789,grad,16461072896
4,3741.034,grad,16461072896
4,3742.306,grad,16479226368
4,3743.586,grad,16500853248
4,3744.839,grad,16516123136
4,3746.947,grad,16516123136
4,3748.29,grad,16516448768
4,3750.414,grad,16678089216
4,3751.743,grad,16678089216
4,3753.509,grad,16678089216
4,3754.775,grad,16622555136
4,3756.018,grad,16506490368
4,3757.329,grad,16325152256
4,3758.611,grad,16311291392
4,3759.889,grad,16343502336
4,3761.136,grad,16376663552
4,3762.405,grad,16407334400
4,3763.665,grad,16440233472
4,3764.899,grad,16425717248
4,3766.184,grad,16297790976
4,3771.846,grad,16136310272
4,3778.233,grad,16136318464
4,3784.609,grad,16136318464
4,3790.992,grad,16136318464
4,3795.68,grad,16136318464
4,3796.961,grad,16143795712
4,3799.053,grad,16151264768
4,3801.968,grad,16151264768
4,3803.401,grad,16160701952
4,3805.301,grad,16160701952
4,3806.599,grad,16176546304
4,3808.518,grad,16190243328
4,3809.78,grad,16236384768
4,3811.059,grad,16382267904
4,3812.794,grad,16304673280
4,3814.063,grad,16443150848
4,3815.663,grad,16382333440
4,3818.461,grad,16389677568
4,3819.711,grad,16399114752
4,3821.107,grad,16399114752
4,3822.364,grad,16422299136
4,3824.075,grad,16428656128
4,3825.354,grad,16474797568
4,3826.622,grad,16698275328
4,3827.949,grad,16581883392
4,3830.315,grad,16620746240
4,3833.352,grad,16628090368
4,3834.633,grad,16637527552
4,3836.106,grad,16637527552
4,3837.412,grad,16660711936
4,3839.305,grad,16667068928
4,3840.585,grad,16713210368
4,3841.848,grad,16936688128
4,3843.194,grad,16820296192
4,3845.533,grad,16859159040
4,3848.419,grad,16866503168
4,3849.752,grad,16875940352
4,3851.2,grad,16875940352
4,3852.489,grad,16899124736
4,3854.267,grad,16905481728
4,3855.601,grad,16912825856
4,3856.864,grad,17175100928
4,3858.103,grad,17058708992
4,3860.375,grad,17097571840
4,3863.227,grad,17104915968
4,3864.51,grad,17114353152
4,3865.941,grad,17114353152
4,3867.224,grad,17152217600
4,3868.89,grad,17143894528
4,3870.14,grad,17190035968
4,3872.22,grad,17258324480
4,3873.503,grad,17343324672
4,3874.904,grad,17335984640
4,3877.828,grad,17343328768
4,3879.079,grad,17352765952
4,3880.424,grad,17352765952
4,3881.676,grad,17390630400
4,3883.282,grad,17382307328
4,3884.561,grad,17428448768
4,3885.817,grad,17651926528
4,3887.058,grad,17535534592
4,3889.268,grad,17574397440
4,3892.083,grad,17581741568
4,3893.358,grad,17591178752
4,3894.932,grad,17591178752
4,3896.196,grad,17629043200
4,3897.865,grad,17620720128
4,3899.119,grad,17666861568
4,3901.237,grad,17735150080
4,3903.619,grad,17812810240
4,3906.49,grad,17820154368
4,3907.769,grad,17829591552
4,3909.1,grad,17829591552
4,3910.35,grad,17867456000
4,3911.941,grad,17859132928
4,3913.223,grad,17905274368
4,3914.504,grad,17973562880
4,3915.787,grad,17973562880
4,3918.162,grad,18058563072
4,3921.077,grad,18058567168
4,3922.344,grad,18068004352
4,3923.807,grad,18068004352
4,3925.087,grad,18091188736
4,3926.805,grad,18097545728
4,3928.069,grad,18143687168
4,3929.342,grad,18289570304
4,3930.616,grad,18250772992
4,3932.854,grad,18289635840
4,3936.796,grad,18296979968
4,3938.095,grad,18306417152
4,3939.598,grad,18306417152
4,3940.86,grad,18344281600
4,3942.595,grad,18335958528
4,3943.912,grad,18382099968
4,3945.169,grad,18527983104
4,3946.416,grad,18489185792
4,3948.837,grad,18528048640
4,3951.607,grad,18535392768
4,3952.872,grad,18544829952
4,3954.171,grad,18544829952
4,3955.491,grad,18560674304
4,3957.224,grad,18574371328
4,3958.482,grad,18620512768
4,3959.753,grad,18727598592
4,3961.106,grad,18727598592
4,3963.187,grad,18766461440
4,3965.986,grad,18773805568
4,3967.272,grad,18783242752
4,3968.615,grad,18783242752
4,3969.868,grad,18821107200
4,3971.472,grad,18812784128
4,3972.771,grad,18873605632
4,3974.987,grad,18927214080
4,3977.35,grad,19004874240
4,3980.137,grad,19012218368
4,3981.387,grad,19021655552
4,3982.714,grad,19021655552
4,3983.995,grad,19059520000
4,3985.617,grad,19051196928
4,3986.92,grad,19097338368
4,3989.135,grad,19165626880
4,3991.51,grad,19250627072
4,3994.399,grad,19250631168
4,3995.675,grad,19260068352
4,3996.998,grad,19260068352
4,3998.246,grad,19297932800
4,3999.904,grad,19289609728
4,4001.151,grad,19335751168
4,4003.23,grad,19404039680
4,4005.688,grad,19481699840
4,4008.528,grad,19489043968
4,4009.806,grad,19498481152
4,4011.122,grad,19498481152
4,4012.42,grad,19514325504
4,4014.127,grad,19528022528
4,4015.388,grad,19574163968
4,4017.519,grad,19642452480
4,4019.877,grad,19720112640
4,4022.782,grad,19727456768
4,4024.035,grad,19736893952
4,4025.57,grad,19736893952
4,4026.832,grad,19774758400
4,4028.493,grad,19766435328
4,4029.792,grad,19812576768
4,4032.032,grad,19880865280
4,4034.426,grad,19958525440
4,4037.186,grad,19965869568
4,4038.465,grad,19975306752
4,4039.8,grad,19975306752
4,4041.05,grad,20013171200
4,4042.636,grad,20004848128
4,4043.91,grad,20050989568
4,4046.199,grad,20119278080
4,4048.598,grad,20196938240
4,4051.577,grad,20204282368
4,4052.845,grad,20213719552
4,4054.33,grad,20213719552
4,4055.629,grad,20251584000
4,4057.317,grad,20243260928
4,4058.572,grad,20289402368
4,4060.7,grad,20357690880
4,4063.017,grad,20435351040
4,4065.883,grad,20442695168
4,4067.144,grad,20452132352
4,4068.536,grad,20452132352
4,4069.789,grad,20475316736
4,4071.434,grad,20481673728
4,4072.677,grad,20527815168
4,4074.831,grad,20596103680
4,4077.183,grad,20673763840
4,4079.947,grad,20681107968
4,4081.223,grad,20690545152
4,4082.608,grad,20690545152
4,4083.879,grad,20728409600
4,4085.52,grad,20720086528
4,4086.783,grad,20766227968
4,4089.058,grad,20834516480
4,4091.343,grad,20912176640
4,4094.097,grad,20919520768
4,4095.374,grad,20928957952
4,4096.862,grad,20928957952
4,4098.128,grad,20966822400
4,4099.717,grad,20958499328
4,4100.971,grad,21004640768
4,4103.07,grad,21072929280
4,4105.561,grad,21150589440
4,4108.662,grad,21157933568
4,4109.921,grad,21167370752
4,4111.329,grad,21167370752
4,4112.582,grad,21190555136
4,4114.253,grad,21196912128
4,4115.573,grad,21243053568
4,4117.714,grad,21311342080
4,4120.122,grad,21389002240
4,4122.884,grad,21396346368
4,4124.169,grad,21405783552
4,4125.55,grad,21405783552
4,4126.817,grad,21421627904
4,4128.568,grad,21435324928
4,4129.876,grad,21481466368
4,4132.012,grad,21549754880
4,4134.409,grad,21634759168
4,4137.129,grad,21634759168
4,4138.397,grad,21644196352
4,4139.769,grad,21644196352
4,4141.016,grad,21682060800
4,4142.553,grad,21673737728
4,4143.824,grad,21719879168
4,4146.059,grad,21788167680
4,4148.352,grad,21865827840
4,4151.157,grad,21873171968
4,4152.365,grad,21882609152
4,4153.779,grad,21882609152
4,4155.036,grad,21920473600
4,4156.613,grad,21912150528
4,4157.878,grad,21958291968
4,4159.125,grad,22181769728
4,4160.43,grad,22065377792
4,4162.82,grad,22104240640
4,4166.571,grad,22111584768
4,4167.92,grad,22121021952
4,4169.352,grad,22121021952
4,4170.604,grad,22144206336
4,4172.311,grad,22150563328
4,4173.564,grad,22197753344
4,4174.812,grad,22421231104
4,4176.137,grad,22304839168
4,4178.738,grad,22343702016
4,4181.612,grad,22351046144
4,4182.934,grad,22360483328
4,4184.354,grad,22360483328
4,4185.619,grad,22376327680
4,4187.593,grad,22390024704
4,4188.848,grad,22436166144
4,4190.094,grad,22582049280
4,4191.357,grad,22504454656
4,4192.611,grad,22628252160
4,4194.116,grad,22582114816
4,4196.934,grad,22589458944
4,4198.31,grad,22598896128
4,4199.762,grad,22598896128
4,4201.029,grad,22622080512
4,4202.797,grad,22628437504
4,4204.061,grad,22674578944
4,4205.324,grad,22898056704
4,4206.741,grad,22742867456
4,4208.037,grad,22820527616
4,4209.292,grad,22827871744
4,4210.565,grad,23754817536
4,4211.845,grad,23754850816
4,4214.667,grad,23747478528
4,4215.931,grad,23436051968
4,4217.189,grad,23436051968
4,4218.445,grad,23436051968
4,4219.989,grad,23436053504
4,4221.691,grad,22824716800
4,4222.935,grad,22823399936
4,4224.304,grad,22777197056
4,4225.571,grad,22734598656
4,4227.611,grad,22646028800
4,4228.867,grad,22639600128
4,4230.597,grad,22610058752
4,4232.104,grad,22610058752
4,4233.369,grad,22628998656
4,4235.011,grad,22605176320
4,4236.78,grad,22606784000
4,4238.03,grad,22675721728
4,4239.324,grad,22551924224
4,4240.576,grad,22547402240
4,4242.3,grad,22419150336
4,4243.549,grad,22412721664
4,4245.264,grad,22383180288
4,4246.894,grad,22383180288
4,4248.242,grad,22402054656
4,4249.738,grad,22378297856
4,4251.375,grad,22379905536
4,4252.61,grad,22448843264
4,4254.13,grad,22325045760
4,4255.398,grad,22320523776
4,4257.197,grad,22192271872
4,4258.461,grad,22184794624
4,4260.098,grad,22155253248
4,4261.635,grad,22155253248
4,4262.936,grad,22174127616
4,4264.37,grad,22150370816
4,4266.017,grad,22151978496
4,4267.272,grad,22143321600
4,4268.685,grad,22097118720
4,4269.941,grad,22092596736
4,4271.682,grad,21964344832
4,4272.928,grad,21972596224
4,4274.54,grad,21928374784
4,4276.032,grad,21928374784
4,4277.286,grad,21946593792
4,4279.033,grad,21923492352
4,4280.729,grad,21924772352
4,4282.026,grad,21994037760
4,4283.384,grad,21870240256
4,4284.644,grad,21865718272
4,4286.357,grad,21737466368
4,4287.681,grad,21731037696
4,4289.385,grad,21701496320
4,4290.877,grad,21701496320
4,4292.132,grad,21720436224
4,4293.522,grad,21696613888
4,4295.142,grad,21697697280
4,4296.405,grad,21767159296
4,4298.029,grad,21643361792
4,4299.293,grad,21638839808
4,4301.046,grad,21510587904
4,4302.306,grad,21504093696
4,4303.897,grad,21474617856
4,4305.445,grad,21474617856
4,4306.718,grad,21493492224
4,4308.163,grad,21469735424
4,4309.834,grad,21470818816
4,4311.069,grad,21540280832
4,4312.409,grad,21416483328
4,4313.651,grad,21489555968
4,4315.315,grad,21283774976
4,4316.564,grad,21277346304
4,4318.295,grad,21247804928
4,4319.878,grad,21247804928
4,4321.132,grad,21266089472
4,4322.79,grad,21242922496
4,4324.485,grad,21244005888
4,4325.725,grad,21235873280
4,4327.103,grad,21189670400
4,4328.364,grad,21146351104
4,4330.123,grad,21056962048
4,4331.363,grad,21065213440
4,4332.942,grad,21020992000
4,4334.45,grad,21020992000
4,4335.698,grad,21039931904
4,4337.108,grad,21016109568
4,4338.811,grad,21017192960
4,4340.06,grad,21086654976
4,4341.368,grad,20962857472
4,4342.61,grad,20958335488
4,4344.6,grad,20830083584
4,4345.904,grad,20823654912
4,4347.184,grad,20833083904
4,4348.452,grad,20794114048
4,4349.844,grad,20794113536
4,4351.086,grad,20813053440
4,4352.476,grad,20789231104
4,4354.1,grad,20790314496
4,4355.376,grad,20859710976
4,4356.696,grad,20735979008
4,4357.955,grad,20731457024
4,4359.77,grad,20603205120
4,4361.01,grad,20611390976
4,4362.635,grad,20567235072
4,4364.133,grad,20567235072
4,4365.387,grad,20586109440
4,4367.017,grad,20562352640
4,4368.77,grad,20563436032
4,4370.045,grad,20632898048
4,4371.33,grad,20509100544
4,4372.59,grad,20465781248
4,4374.359,grad,20376392192
4,4375.6,grad,20369963520
4,4377.354,grad,20340422144
4,4378.924,grad,20340422144
4,4380.19,grad,20359296512
4,4381.651,grad,20335539712
4,4383.277,grad,20336623104
4,4384.614,grad,20328490496
4,4385.962,grad,20282287616
4,4387.207,grad,20277765632
4,4389.026,grad,20149579264
4,4390.285,grad,20157437440
4,4391.535,grad,20113609728
4,4392.795,grad,20114657792
4,4394.1,grad,20143493632
4,4395.441,grad,20108235264
4,4396.688,grad,20116066816
4,4398.249,grad,20109810176
4,4399.548,grad,20101677568
4,4400.897,grad,20055474688
4,4402.142,grad,20050952704
4,4403.86,grad,19922766336
4,4405.099,grad,19931017728
4,4406.78,grad,19886796288
4,4408.372,grad,19886796288
4,4409.623,grad,19905605120
4,4411.388,grad,19881913856
4,4413.176,grad,19882997248
4,4414.455,grad,19874864640
4,4415.842,grad,19828661760
4,4417.103,grad,19824139776
4,4418.941,grad,19695887872
4,4420.187,grad,19704139264
4,4421.878,grad,19659917824
4,4423.466,grad,19659917824
4,4424.753,grad,19678792192
4,4426.169,grad,19655035392
4,4427.909,grad,19656118784
4,4429.161,grad,19647986176
4,4430.548,grad,19601783296
4,4431.793,grad,19597261312
4,4433.519,grad,19469009408
4,4434.765,grad,19469003264
4,4436.017,grad,19467291136
4,4437.281,grad,19433039872
4,4438.813,grad,19433039360
4,4440.109,grad,19451913728
4,4441.554,grad,19428156928
4,4443.205,grad,19429240320
4,4444.514,grad,19421107712
4,4445.871,grad,19374904832
4,4447.121,grad,19370382848
4,4448.974,grad,19242196480
4,4450.222,grad,19235767808
4,4451.954,grad,19206226432
4,4453.524,grad,19206226432
4,4454.819,grad,19225100800
4,4456.482,grad,19201344000
4,4458.188,grad,19202427392
4,4459.499,grad,19194294784
4,4460.895,grad,19148091904
4,4462.136,grad,19143569920
4,4463.865,grad,19015318016
4,4465.102,grad,19008889344
4,4466.826,grad,18979347968
4,4468.446,grad,18979347968
4,4469.757,grad,18998222336
4,4471.147,grad,18974465536
4,4472.965,grad,18975548928
4,4474.239,grad,18967416320
4,4475.499,grad,18921213440
4,4476.74,grad,18877894144
4,4477.982,grad,18795843072
4,4479.402,grad,18795845120
4,4480.668,grad,18789350912
4,4482.231,grad,18752535040
4,4483.838,grad,18752535040
4,4485.089,grad,18771343872
4,4486.632,grad,18747652608
4,4488.321,grad,18748736000
4,4489.66,grad,18740603392
4,4491.016,grad,18694400512
4,4492.255,grad,18651081216
4,4494.117,grad,18561626624
4,4495.363,grad,18555197952
4,4497.048,grad,18525656576
4,4498.636,grad,18525656576
4,4499.9,grad,18544399872
4,4501.722,grad,18520774144
4,4503.469,grad,18521857536
4,4504.724,grad,18525980160
4,4506.146,grad,18467522048
4,4507.387,grad,18431542784
4,4508.657,grad,18373543424
4,4509.948,grad,18342088192
4,4511.193,grad,18335593984
4,4512.833,grad,18298778112
4,4514.384,grad,18298778112
4,4515.69,grad,18317652480
4,4517.157,grad,18293895680
4,4519.084,grad,18294979072
4,4520.362,grad,18286780928
4,4521.606,grad,18240643584
4,4522.861,grad,18236121600
4,4524.718,grad,18107935232
4,4525.983,grad,18115793408
4,4527.236,grad,18079306240
4,4528.512,grad,18071965184
4,4529.783,grad,18071965184
4,4531.093,grad,18090839552
4,4532.532,grad,18067082752
4,4534.208,grad,18068166144
4,4535.547,grad,18060033536
4,4536.935,grad,18013830656
4,4538.195,grad,17970511360
4,4539.523,grad,17881122304
4,4540.774,grad,17888462336
4,4542.019,grad,17859948032
4,4543.284,grad,17845152768
4,4544.853,grad,17845152256
4,4546.149,grad,17864026624
4,4547.844,grad,17840269824
4,4549.686,grad,17841353216
4,4551.0,grad,17833220608
4,4552.285,grad,17787017728
4,4553.564,grad,17743698432
4,4554.808,grad,17668987392
4,4556.131,grad,17661649408
4,4557.374,grad,17633135104
4,4558.626,grad,17618339328
4,4560.284,grad,17618339328
4,4561.552,grad,17637082624
4,4563.117,grad,17613456896
4,4564.804,grad,17614540288
4,4566.043,grad,17606407680
4,4567.41,grad,17560204800
4,4568.66,grad,17516885504
4,4570.563,grad,17427430912
4,4571.809,grad,17435289088
4,4573.055,grad,17398801920
4,4574.292,grad,17391460864
4,4575.544,grad,17406140928
4,4576.789,grad,17410335232
4,4578.244,grad,17386578432
4,4580.012,grad,17387661824
4,4581.26,grad,17379529216
4,4582.668,grad,17333326336
4,4583.95,grad,17290007040
4,4585.799,grad,17200552448
4,4587.043,grad,17194123776
4,4588.792,grad,17164582400
4,4590.398,grad,17164582400
4,4591.65,grad,17183391232
4,4593.413,grad,17159699968
4,4595.079,grad,17160783360
4,4596.318,grad,17152650752
4,4597.57,grad,17106447872
4,4598.816,grad,17063128576
4,4600.065,grad,16981077504
4,4601.523,grad,16981079552
4,4602.828,grad,16952565248
4,4604.097,grad,16937769984
4,4605.391,grad,16937769472
4,4606.753,grad,16968178176
4,4608.06,grad,16932395520
4,4609.381,grad,16940227072
4,4611.035,grad,16933970432
4,4612.277,grad,16925837824
4,4613.543,grad,16879634944
4,4614.788,grad,16836315648
4,4616.034,grad,16746861056
4,4617.351,grad,16754201088
4,4618.62,grad,16740366848
4,4620.26,grad,16710891008
4,4621.862,grad,16710891008
4,4623.151,grad,16729830912
4,4624.591,grad,16706008576
4,4626.25,grad,16707091968
4,4627.57,grad,16698959360
4,4628.957,grad,16652756480
4,4630.214,grad,16570639872
4,4632.117,grad,16519982592
4,4633.365,grad,16506213888
4,4635.026,grad,16476672512
4,4636.603,grad,16476410368
4,4637.879,grad,16495350272
4,4639.576,grad,16471527936
4,4640.852,grad,16461599232
4,4642.086,grad,16461599232
4,4643.312,grad,16461599232
4,4645.951,grad,16461598720
4,4647.35,grad,16461598720
4,4648.836,grad,16461598720
4,4653.026,grad,16461598720
4,4654.368,grad,16461599232
4,4655.679,grad,16481718272
4,4656.975,grad,16501903360
4,4658.239,grad,16516648960
4,4660.093,grad,16516648960
4,4661.37,grad,16516659200
4,4662.792,grad,16678615040
4,4664.06,grad,16678615040
4,4665.376,grad,16678615040
4,4666.623,grad,16678615040
4,4668.09,grad,16623080448
4,4669.354,grad,16426931200
4,4670.619,grad,16299004928
4,4671.868,grad,16331445248
4,4673.111,grad,16364344320
4,4674.365,grad,16398554112
4,4675.612,grad,16432698368
4,4676.862,grad,16449016832
4,4678.111,grad,16325612544
4,4684.488,grad,16136836096
4,4690.891,grad,16136844288
4,4697.254,grad,16136844288
4,4703.626,grad,16136844288
4,4708.059,grad,16136844288
4,4709.328,grad,16144321536
4,4711.354,grad,16144450560
4,4714.315,grad,16151790592
4,4715.658,grad,16161227776
4,4717.103,grad,16161227776
4,4718.354,grad,16184412160
4,4720.075,grad,16190769152
4,4721.345,grad,16236910592
4,4722.588,grad,16382793728
4,4723.951,grad,16343996416
4,4726.056,grad,16382859264
4,4729.155,grad,16390203392
4,4730.468,grad,16399640576
4,4731.942,grad,16399640576
4,4733.218,grad,16437505024
4,4734.836,grad,16429181952
4,4736.082,grad,16490003456
4,4738.217,grad,16543611904
4,4740.553,grad,16621272064
4,4743.403,grad,16628616192
4,4744.672,grad,16638053376
4,4746.069,grad,16638053376
4,4747.393,grad,16653897728
4,4749.166,grad,16667594752
4,4750.489,grad,16713736192
4,4751.757,grad,16859619328
4,4753.122,grad,16820822016
4,4755.229,grad,16859684864
4,4758.117,grad,16867028992
4,4759.388,grad,16876466176
4,4760.854,grad,16876466176
4,4762.108,grad,16899650560
4,4763.817,grad,16913347584
4,4765.064,grad,16952148992
4,4767.186,grad,17020437504
4,4768.442,grad,17158915072
4,4769.986,grad,17098097664
4,4772.792,grad,17105441792
4,4774.051,grad,17114878976
4,4775.416,grad,17114878976
4,4776.687,grad,17152743424
4,4778.33,grad,17144420352
4,4779.621,grad,17205241856
4,4781.752,grad,17258850304
4,4784.109,grad,17336510464
4,4787.124,grad,17343854592
4,4788.386,grad,17353291776
4,4789.785,grad,17353291776
4,4791.048,grad,17391156224
4,4792.693,grad,17382833152
4,4793.941,grad,17443654656
4,4796.022,grad,17497263104
4,4798.413,grad,17574923264
4,4801.186,grad,17582267392
4,4802.474,grad,17591704576
4,4803.845,grad,17591704576
4,4805.123,grad,17614888960
4,4806.979,grad,17621245952
4,4808.249,grad,17682067456
4,4810.354,grad,17735675904
4,4812.729,grad,17813336064
4,4815.531,grad,17820680192
4,4816.785,grad,17830117376
4,4818.137,grad,17830117376
4,4819.387,grad,17867981824
4,4820.98,grad,17859658752
4,4822.277,grad,17905800192
4,4824.407,grad,17974088704
4,4826.951,grad,18051748864
4,4829.726,grad,18059092992
4,4831.027,grad,18068530176
4,4832.438,grad,18068530176
4,4833.689,grad,18106394624
4,4835.188,grad,18098071552
4,4836.489,grad,18144212992
4,4838.592,grad,18212501504
4,4840.925,grad,18290161664
4,4843.7,grad,18297505792
4,4845.132,grad,18306942976
4,4846.525,grad,18306942976
4,4847.811,grad,18344807424
4,4849.39,grad,18336484352
4,4850.704,grad,18397305856
4,4852.851,grad,18450914304
4,4855.224,grad,18528574464
4,4858.138,grad,18535918592
4,4859.425,grad,18545355776
4,4860.813,grad,18545355776
4,4862.131,grad,18583220224
4,4863.665,grad,18574897152
4,4864.991,grad,18582241280
4,4866.243,grad,18766921728
4,4867.49,grad,18728124416
4,4869.772,grad,18774327296
4,4872.544,grad,18774331392
4,4873.811,grad,18783768576
4,4875.168,grad,18783768576
4,4876.45,grad,18821633024
4,4878.014,grad,18813309952
4,4879.273,grad,18874131456
4,4881.351,grad,18927739904
4,4884.704,grad,19012740096
4,4887.637,grad,19012744192
4,4888.924,grad,19022181376
4,4890.369,grad,19022181376
4,4891.628,grad,19045365760
4,4893.294,grad,19051722752
4,4894.555,grad,19097864192
4,4895.803,grad,19243747328
4,4897.055,grad,19204950016
4,4899.31,grad,19243812864
4,4902.183,grad,19251271680
4,4903.564,grad,19260594176
4,4905.05,grad,19260594176
4,4906.314,grad,19298458624
4,4907.905,grad,19290135552
4,4909.158,grad,19336276992
4,4910.405,grad,19482160128
4,4911.779,grad,19443362816
4,4913.899,grad,19482225664
4,4916.64,grad,19489569792
4,4917.893,grad,19499006976
4,4919.248,grad,19499006976
4,4920.532,grad,19522191360
4,4922.434,grad,19528548352
4,4923.7,grad,19574689792
4,4924.942,grad,19720572928
4,4926.294,grad,19681775616
4,4928.453,grad,19720638464
4,4931.266,grad,19727982592
4,4932.543,grad,19737419776
4,4933.88,grad,19737419776
4,4935.147,grad,19775284224
4,4936.676,grad,19766961152
4,4937.917,grad,19813102592
4,4939.159,grad,19958985728
4,4940.507,grad,19920188416
4,4942.87,grad,19959051264
4,4945.676,grad,19966395392
4,4946.919,grad,19975832576
4,4948.302,grad,19975832576
4,4949.553,grad,20013697024
4,4951.165,grad,20005373952
4,4952.444,grad,20051515392
4,4953.7,grad,20274993152
4,4954.964,grad,20158601216
4,4957.184,grad,20197464064
4,4960.111,grad,20204808192
4,4961.61,grad,20214245376
4,4963.007,grad,20214245376
4,4964.257,grad,20237429760
4,4965.903,grad,20243786752
4,4967.184,grad,20289928192
4,4968.435,grad,20435811328
4,4969.723,grad,20397014016
4,4971.978,grad,20435876864
4,4974.807,grad,20443220992
4,4976.056,grad,20452658176
4,4977.436,grad,20452658176
4,4978.712,grad,20475842560
4,4980.528,grad,20482199552
4,4981.791,grad,20528340992
4,4983.998,grad,20596629504
4,4986.391,grad,20674289664
4,4989.24,grad,20681633792
4,4990.501,grad,20691070976
4,4991.887,grad,20691070976
4,4993.17,grad,20728935424
4,4994.803,grad,20720612352
4,4996.048,grad,20781433856
4,4998.157,grad,20835042304
4,4999.359,grad,20912702464
4,5000.932,grad,20912702464
4,5003.747,grad,20920046592
4,5005.087,grad,20929483776
4,5006.503,grad,20929483776
4,5007.757,grad,20967348224
4,5009.351,grad,20959025152
4,5010.628,grad,21005166592
4,5012.802,grad,21073455104
4,5015.176,grad,21151115264
4,5017.941,grad,21158459392
4,5019.465,grad,21167896576
4,5020.924,grad,21167896576
4,5022.212,grad,21205761024
4,5023.857,grad,21197437952
4,5025.135,grad,21243579392
4,5026.394,grad,21311867904
4,5027.739,grad,21350665216
4,5029.979,grad,21389528064
4,5032.796,grad,21396872192
4,5034.099,grad,21406309376
4,5035.5,grad,21406309376
4,5036.771,grad,21444173824
4,5038.512,grad,21435850752
4,5039.781,grad,21481992192
4,5041.054,grad,21589078016
4,5042.314,grad,21589078016
4,5044.582,grad,21627940864
4,5047.403,grad,21635284992
4,5048.666,grad,21644722176
4,5050.12,grad,21644722176
4,5051.486,grad,21682586624
4,5053.174,grad,21681603584
4,5054.468,grad,21735085056
4,5056.593,grad,21788693504
4,5059.19,grad,21866353664
4,5062.036,grad,21873697792
4,5063.318,grad,21883134976
4,5064.715,grad,21883134976
4,5066.005,grad,21920999424
4,5067.769,grad,21912676352
4,5069.124,grad,21958817792
4,5070.396,grad,22182295552
4,5071.658,grad,22065903616
4,5073.962,grad,22104766464
4,5076.844,grad,22112110592
4,5078.24,grad,22121547776
4,5079.716,grad,22121547776
4,5080.988,grad,22160460800
4,5082.692,grad,22152137728
4,5083.992,grad,22212959232
4,5086.185,grad,22266567680
4,5088.628,grad,22344227840
4,5091.671,grad,22351571968
4,5093.07,grad,22361009152
4,5094.556,grad,22361009152
4,5095.832,grad,22384193536
4,5097.797,grad,22390550528
4,5099.075,grad,22436691968
4,5100.332,grad,22582575104
4,5101.627,grad,22504980480
4,5102.9,grad,22643458048
4,5104.423,grad,22582640640
4,5107.426,grad,22589984768
4,5108.793,grad,22599421952
4,5110.286,grad,22599421952
4,5111.584,grad,22615266304
4,5113.463,grad,22628963328
4,5114.738,grad,22675104768
4,5116.018,grad,22820987904
4,5117.305,grad,22743393280
4,5118.621,grad,22821053440
4,5120.67,grad,22821053440
4,5121.979,grad,23132480512
4,5123.241,grad,23755368448
4,5124.518,grad,23748012544
4,5126.549,grad,23748004352
4,5127.812,grad,23436577792
4,5129.058,grad,23436577792
4,5130.298,grad,23436577792
4,5131.672,grad,23436579328
4,5133.342,grad,22824751104
4,5134.596,grad,22821500928
4,5135.866,grad,22778607616
4,5137.128,grad,22742628352
4,5138.471,grad,22684628992
4,5139.778,grad,22653173760
4,5141.06,grad,22638946304
4,5143.194,grad,22609863680
4,5144.842,grad,22609863680
4,5146.134,grad,22628738048
4,5147.596,grad,22604981248
4,5148.874,grad,22602394624
4,5150.193,grad,22606588928
4,5151.515,grad,22551729152
4,5152.766,grad,22590526464
4,5154.034,grad,22472102912
4,5155.588,grad,22418955264
4,5156.838,grad,22412526592
4,5158.645,grad,22382985728
4,5160.183,grad,22382985216
4,5161.44,grad,22401794048
4,5162.951,grad,22378102784
4,5164.729,grad,22379710464
4,5165.965,grad,22448648192
4,5167.259,grad,22324850688
4,5168.543,grad,22320328704
4,5170.342,grad,22192076800
4,5171.862,grad,22185648128
4,5173.617,grad,22155058176
4,5175.191,grad,22155058176
4,5176.442,grad,22174915584
4,5177.925,grad,22150175744
4,5179.628,grad,22151783424
4,5180.864,grad,22220721152
4,5182.158,grad,22096923648
4,5183.411,grad,22092401664
4,5185.192,grad,21964149760
4,5186.453,grad,21957721088
4,5188.161,grad,21928180224
4,5189.753,grad,21928179712
4,5191.008,grad,21946988544
4,5192.784,grad,21923297280
4,5194.569,grad,21924380672
4,5195.861,grad,21916248064
4,5197.216,grad,21870045184
4,5198.476,grad,21826725888
4,5200.229,grad,21737271296
4,5201.496,grad,21730842624
4,5203.219,grad,21701301248
4,5205.408,grad,21701301248
4,5206.695,grad,21720175616
4,5208.13,grad,21696418816
4,5209.879,grad,21697502208
4,5211.138,grad,21766964224
4,5212.475,grad,21643166720
4,5213.722,grad,21638644736
4,5215.54,grad,21510392832
4,5217.023,grad,21503964160
4,5218.775,grad,21474422784
4,5220.296,grad,21474422784
4,5221.555,grad,21493231616
4,5223.024,grad,21469540352
4,5224.781,grad,21470623744
4,5226.027,grad,21462491136
4,5227.411,grad,21416288256
4,5228.672,grad,21411766272
4,5230.462,grad,21283514368
4,5231.772,grad,21291700224
4,5233.479,grad,21247544320
4,5235.071,grad,21247544320
4,5236.403,grad,21266418688
4,5238.039,grad,21242661888
4,5239.803,grad,21243745280
4,5241.06,grad,21235612672
4,5242.44,grad,21189409792
4,5243.711,grad,21184887808
4,5245.585,grad,21056635904
4,5246.869,grad,21050207232
4,5248.579,grad,21020665856
4,5250.218,grad,21020665856
4,5251.527,grad,21039474688
4,5253.047,grad,21015783424
4,5254.754,grad,21016866816
4,5256.036,grad,21008734208
4,5257.434,grad,20962531328
4,5258.709,grad,20919212032
4,5260.52,grad,20829757440
4,5262.088,grad,20838008832
4,5263.845,grad,20793787392
4,5265.468,grad,20793787392
4,5266.793,grad,20812661760
4,5268.225,grad,20788904960
4,5270.061,grad,20789988352
4,5271.374,grad,20781855744
4,5272.657,grad,20735652864
4,5273.922,grad,20692333568
4,5275.181,grad,20610216960
4,5276.621,grad,20610219008
4,5277.884,grad,20589044736
4,5279.557,grad,20566908928
4,5281.158,grad,20566908928
4,5282.36,grad,20586110976
4,5284.219,grad,20562026496
4,5286.016,grad,20563109888
4,5287.281,grad,20632571904
4,5288.678,grad,20508774400
4,5289.953,grad,20504252416
4,5291.906,grad,20376000512
4,5293.186,grad,20369571840
4,5294.939,grad,20340030976
4,5296.546,grad,20340030464
4,5297.788,grad,20358839296
4,5299.373,grad,20335148032
4,5301.05,grad,20336231424
4,5302.306,grad,20328098816
4,5303.57,grad,20281895936
4,5304.844,grad,20245523456
4,5306.106,grad,20202204160
4,5307.597,grad,20149122048
4,5309.157,grad,20142693376
4,5310.959,grad,20113152000
4,5312.56,grad,20113152000
4,5313.88,grad,20132026368
4,5315.297,grad,20108269568
4,5317.065,grad,20109352960
4,5318.325,grad,20101220352
4,5319.756,grad,20055017472
4,5321.011,grad,20050495488
4,5322.865,grad,19922243584
4,5324.109,grad,19915814912
4,5325.908,grad,19886274048
4,5327.49,grad,19886273536
4,5328.728,grad,19905082368
4,5330.481,grad,19881391104
4,5332.19,grad,19882474496
4,5333.505,grad,19874341888
4,5334.86,grad,19828139008
4,5336.13,grad,19746022400
4,5338.036,grad,19695365120
4,5339.282,grad,19688936448
4,5341.031,grad,19659395072
4,5342.631,grad,19659395072
4,5343.928,grad,19678269440
4,5345.386,grad,19654512640
4,5347.174,grad,19655596032
4,5348.506,grad,19647463424
4,5349.745,grad,19601260544
4,5351.021,grad,19557941248
4,5352.353,grad,19475890176
4,5353.64,grad,19475892224
4,5354.922,grad,19462123520
4,5356.733,grad,19432582144
4,5358.289,grad,19432582144
4,5359.546,grad,19451784192
4,5361.115,grad,19427699712
4,5362.847,grad,19428783104
4,5364.114,grad,19420650496
4,5365.531,grad,19374447616
4,5366.795,grad,19299671040
4,5368.046,grad,19241673728
4,5369.315,grad,19241671680
4,5370.586,grad,19220499456
4,5371.863,grad,19205703680
4,5373.416,grad,19205703680
4,5374.663,grad,19224446976
4,5376.589,grad,19200821248
4,5378.321,grad,19201904640
4,5379.653,grad,19193772032
4,5381.014,grad,19147569152
4,5382.275,grad,19104249856
4,5384.105,grad,19014860800
4,5385.388,grad,19008432128
4,5387.164,grad,18978891264
4,5388.748,grad,18978890752
4,5389.991,grad,18997699584
4,5391.486,grad,18974008320
4,5393.174,grad,18975091712
4,5394.421,grad,18964534272
4,5395.721,grad,18920756224
4,5396.96,grad,18892116992
4,5398.204,grad,18834117632
4,5399.785,grad,18795322368
4,5401.068,grad,18796233728
4,5402.796,grad,18752012288
4,5404.453,grad,18752012288
4,5405.743,grad,18753454080
4,5407.591,grad,18747129856
4,5409.313,grad,18748213248
4,5410.642,grad,18740080640
4,5412.017,grad,18693877760
4,5413.283,grad,18689355776
4,5415.06,grad,18561103872
4,5416.362,grad,18554675200
4,5418.179,grad,18525133824
4,5419.788,grad,18525133824
4,5421.027,grad,18543942656
4,5422.779,grad,18520251392
4,5424.521,grad,18521334784
4,5425.76,grad,18513202176
4,5427.145,grad,18466999296
4,5428.359,grad,18399562752
4,5430.246,grad,18334225408
4,5431.558,grad,18327796736
4,5433.266,grad,18298255360
4,5434.853,grad,18298255360
4,5436.091,grad,18317064192
4,5437.698,grad,18293372928
4,5439.4,grad,18294456320
4,5440.639,grad,18286323712
4,5441.982,grad,18240120832
4,5443.25,grad,18196801536
4,5445.138,grad,18107412480
4,5446.385,grad,18115270656
4,5447.632,grad,18106030080
4,5448.927,grad,18071442432
4,5450.211,grad,18071442432
4,5451.469,grad,18090251264
4,5453.015,grad,18066560000
4,5454.717,grad,18068560896
4,5455.956,grad,18059510784
4,5457.366,grad,18013307904
4,5458.626,grad,18008785920
4,5460.568,grad,17887874048
4,5461.889,grad,17888785408
4,5463.685,grad,17844564480
4,5465.243,grad,17844563968
4,5466.502,grad,17863766016
4,5468.359,grad,17839681536
4,5470.122,grad,17840764928
4,5471.404,grad,17832632320
4,5472.77,grad,17786429440
4,5474.029,grad,17743110144
4,5475.863,grad,17653721088
4,5477.103,grad,17647292416
4,5478.951,grad,17617751040
4,5480.517,grad,17617751040
4,5481.816,grad,17636625408
4,5483.268,grad,17612868608
4,5485.01,grad,17613952000
4,5486.253,grad,17605819392
4,5487.522,grad,17559616512
4,5488.78,grad,17516297216
4,5490.021,grad,17434180608
4,5491.344,grad,17434182656
4,5492.61,grad,17420348416
4,5494.252,grad,17390872576
4,5495.83,grad,17390872576
4,5497.068,grad,17409746944
4,5498.688,grad,17385990144
4,5500.419,grad,17387073536
4,5501.782,grad,17378940928
4,5503.211,grad,17332738048
4,5504.518,grad,17257961472
4,5505.8,grad,17207367680
4,5507.235,grad,17207369728
4,5508.52,grad,17186195456
4,5509.952,grad,17164059648
4,5511.55,grad,17164059648
4,5512.864,grad,17182999552
4,5514.568,grad,17159177216
4,5516.267,grad,17160260608
4,5517.616,grad,17152128000
4,5518.897,grad,17105925120
4,5520.191,grad,17069945856
4,5521.458,grad,16980489216
4,5522.772,grad,16980491264
4,5524.019,grad,16951976960
4,5525.275,grad,16937181184
4,5526.838,grad,16937181184
4,5528.078,grad,16956055552
4,5529.69,grad,16932298752
4,5531.377,grad,16933382144
4,5532.616,grad,16925249536
4,5533.968,grad,16879046656
4,5535.228,grad,16835727360
4,5537.056,grad,16746338304
4,5538.305,grad,16754130944
4,5539.589,grad,16741941248
4,5540.912,grad,16710368256
4,5542.187,grad,16739728384
4,5543.44,grad,16729308160
4,5544.883,grad,16705485824
4,5546.561,grad,16706569216
4,5547.808,grad,16698436608
4,5549.245,grad,16652233728
4,5550.573,grad,16647711744
4,5552.426,grad,16519459840
4,5553.686,grad,16505691136
4,5555.381,grad,16476149760
4,5556.922,grad,16475887616
4,5558.287,grad,16494827520
4,5560.075,grad,16471005184
4,5561.361,grad,16461076480
4,5562.607,grad,16461076480
4,5563.849,grad,16461076480
4,5567.241,grad,16461075968
4,5568.812,grad,16461075968
4,5570.107,grad,16461075968
4,5574.032,grad,16461075968
4,5575.304,grad,16461076480
4,5576.571,grad,16479753728
4,5577.811,grad,16500397568
4,5579.066,grad,16516126208
4,5580.844,grad,16516126208
4,5582.141,grad,16516451840
4,5584.186,grad,16678092288
4,5585.713,grad,16678092288
4,5586.984,grad,16678092288
4,5588.225,grad,16632348672
4,5589.497,grad,16527137280
4,5590.762,grad,16320371200
4,5592.005,grad,16316832256
4,5593.262,grad,16349501952
4,5594.522,grad,16382433792
4,5595.784,grad,16414054912
4,5597.022,grad,16447478272
4,5598.258,grad,16395442688
4,5604.528,grad,16136313344
4,5610.915,grad,16136321536
4,5617.287,grad,16136321536
4,5623.68,grad,16136321536
4,5628.73,grad,16136321536
4,5630.083,grad,16143798784
4,5632.172,grad,16143927808
4,5635.207,grad,16151267840
4,5636.69,grad,16160705024
4,5638.136,grad,16160705024
4,5639.397,grad,16176549376
4,5641.314,grad,16190246400
4,5642.62,grad,16236387840
4,5643.878,grad,16459865600
4,5645.129,grad,16343473664
4,5646.406,grad,16389676544
4,5648.114,grad,16382336512
4,5651.122,grad,16389680640
4,5652.462,grad,16399117824
4,5653.86,grad,16399117824
4,5655.153,grad,16422302208
4,5656.932,grad,16428659200
4,5658.238,grad,16474800640
4,5659.507,grad,16620683776
4,5660.831,grad,16581886464
4,5663.071,grad,16620749312
4,5666.014,grad,16628093440
4,5667.303,grad,16637530624
4,5668.755,grad,16637530624
4,5670.004,grad,16653374976
4,5671.938,grad,16667072000
4,5673.204,grad,16713213440
4,5674.47,grad,16859096576
4,5675.762,grad,16820299264
4,5678.143,grad,16859162112
4,5680.996,grad,16866506240
4,5682.312,grad,16875943424
4,5683.715,grad,16875943424
4,5684.997,grad,16899127808
4,5686.757,grad,16905484800
4,5688.012,grad,16951626240
4,5689.269,grad,17019914752
4,5690.69,grad,17058712064
4,5692.934,grad,17097574912
4,5695.79,grad,17104919040
4,5697.052,grad,17114356224
4,5698.525,grad,17114356224
4,5699.862,grad,17137540608
4,5701.662,grad,17151237632
4,5702.971,grad,17204719104
4,5705.067,grad,17258327552
4,5706.367,grad,17335987712
4,5707.836,grad,17335987712
4,5710.894,grad,17343331840
4,5712.192,grad,17352769024
4,5713.613,grad,17352769024
4,5714.881,grad,17390633472
4,5716.607,grad,17382310400
4,5717.885,grad,17428451840
4,5719.163,grad,17651929600
4,5720.448,grad,17496740352
4,5722.776,grad,17574400512
4,5725.632,grad,17581744640
4,5726.989,grad,17591181824
4,5728.533,grad,17591181824
4,5729.84,grad,17629046272
4,5731.695,grad,17620723200
4,5732.999,grad,17666864640
4,5735.209,grad,17735153152
4,5737.648,grad,17812813312
4,5740.508,grad,17820157440
4,5741.782,grad,17829594624
4,5743.22,grad,17829594624
4,5744.5,grad,17867459072
4,5746.061,grad,17859136000
4,5747.362,grad,17866480128
4,5748.622,grad,18128755200
4,5749.873,grad,18012363264
4,5752.482,grad,18051226112
4,5755.383,grad,18058570240
4,5756.683,grad,18068007424
4,5758.148,grad,18068007424
4,5759.43,grad,18091191808
4,5761.093,grad,18097548800
4,5762.36,grad,18143690240
4,5764.553,grad,18211978752
4,5767.046,grad,18296978944
4,5769.916,grad,18296983040
4,5771.496,grad,18306420224
4,5772.895,grad,18306420224
4,5774.193,grad,18344284672
4,5775.767,grad,18335961600
4,5777.029,grad,18382103040
4,5778.299,grad,18605580800
4,5779.628,grad,18489188864
4,5781.895,grad,18528051712
4,5784.773,grad,18535395840
4,5786.047,grad,18544833024
4,5787.59,grad,18544833024
4,5788.856,grad,18582697472
4,5790.549,grad,18574374400
4,5791.85,grad,18581718528
4,5793.108,grad,18843993600
4,5794.373,grad,18727601664
4,5796.664,grad,18766464512
4,5799.53,grad,18773808640
4,5800.79,grad,18783245824
4,5802.176,grad,18783245824
4,5803.458,grad,18806430208
4,5805.114,grad,18812787200
4,5806.385,grad,18858928640
4,5807.639,grad,19082406400
4,5808.899,grad,18966014464
4,5811.51,grad,19004877312
4,5814.353,grad,19012221440
4,5815.612,grad,19021658624
4,5816.953,grad,19021658624
4,5818.202,grad,19044843008
4,5819.977,grad,19051200000
4,5821.268,grad,19097341440
4,5822.529,grad,19320819200
4,5823.833,grad,19204427264
4,5826.121,grad,19243290112
4,5829.003,grad,19250634240
4,5830.463,grad,19260071424
4,5831.852,grad,19260071424
4,5833.105,grad,19283255808
4,5834.85,grad,19296952832
4,5836.103,grad,19350434304
4,5838.241,grad,19404042752
4,5840.653,grad,19489042944
4,5843.534,grad,19489047040
4,5844.798,grad,19498484224
4,5846.159,grad,19498484224
4,5847.359,grad,19521668608
4,5850.238,grad,19528025600
4,5851.524,grad,19588847104
4,5853.63,grad,19642455552
4,5855.92,grad,19720115712
4,5858.818,grad,19727459840
4,5860.094,grad,19736897024
4,5861.463,grad,19736897024
4,5862.736,grad,19760081408
4,5864.456,grad,19766438400
4,5865.724,grad,19827259904
4,5867.852,grad,19880868352
4,5870.364,grad,19958528512
4,5873.144,grad,19965872640
4,5874.406,grad,19975309824
4,5875.825,grad,19975309824
4,5877.1,grad,20013174272
4,5878.762,grad,20004851200
4,5880.034,grad,20050992640
4,5882.188,grad,20119281152
4,5884.598,grad,20196941312
4,5887.475,grad,20204285440
4,5888.938,grad,20213722624
4,5890.417,grad,20213722624
4,5891.698,grad,20251587072
4,5893.256,grad,20243264000
4,5894.525,grad,20289405440
4,5896.669,grad,20357693952
4,5899.122,grad,20435354112
4,5901.932,grad,20442698240
4,5903.2,grad,20452135424
4,5904.668,grad,20452135424
4,5905.975,grad,20489999872
4,5907.556,grad,20481676800
4,5908.986,grad,20489020928
4,5910.269,grad,20673701376
4,5911.587,grad,20634904064
4,5913.879,grad,20673766912
4,5916.718,grad,20681111040
4,5917.98,grad,20690548224
4,5919.462,grad,20690548224
4,5920.763,grad,20728412672
4,5922.506,grad,20720089600
4,5923.836,grad,20766231040
4,5925.116,grad,20912114176
4,5926.521,grad,20873316864
4,5928.863,grad,20912179712
4,5931.776,grad,20919523840
4,5933.063,grad,20928961024
4,5934.53,grad,20928961024
4,5935.842,grad,20966825472
4,5937.459,grad,20958502400
4,5938.709,grad,20965846528
4,5939.979,grad,21228121600
4,5941.289,grad,21111729664
4,5943.613,grad,21150592512
4,5946.449,grad,21157936640
4,5947.834,grad,21167373824
4,5949.273,grad,21167373824
4,5950.54,grad,21190558208
4,5952.196,grad,21196915200
4,5953.452,grad,21243056640
4,5954.698,grad,21388939776
4,5956.072,grad,21350142464
4,5958.185,grad,21396345344
4,5961.148,grad,21396349440
4,5962.358,grad,21405786624
4,5963.769,grad,21405786624
4,5965.065,grad,21428971008
4,5967.011,grad,21435328000
4,5968.288,grad,21496149504
4,5970.555,grad,21549757952
4,5972.901,grad,21627418112
4,5975.754,grad,21634762240
4,5977.056,grad,21644199424
4,5978.35,grad,21644199424
4,5979.598,grad,21667383808
4,5981.246,grad,21673740800
4,5982.56,grad,21719882240
4,5984.705,grad,21788170752
4,5985.975,grad,21926648320
4,5987.521,grad,21865830912
4,5990.344,grad,21873175040
4,5991.616,grad,21882612224
4,5993.052,grad,21882612224
4,5994.304,grad,21920476672
4,5995.914,grad,21912153600
4,5997.182,grad,21958295040
4,5999.37,grad,22026583552
4,6001.707,grad,22104243712
4,6004.754,grad,22111587840
4,6006.084,grad,22121025024
4,6007.577,grad,22121025024
4,6008.891,grad,22158889472
4,6010.553,grad,22150566400
4,6011.815,grad,22197756416
4,6013.08,grad,22343639552
4,6014.426,grad,22304842240
4,6016.616,grad,22343705088
4,6019.461,grad,22351049216
4,6020.723,grad,22360486400
4,6022.126,grad,22360486400
4,6023.381,grad,22376330752
4,6025.186,grad,22390027776
4,6026.472,grad,22436169216
4,6027.712,grad,22582052352
4,6028.986,grad,22504457728
4,6030.25,grad,22635595264
4,6031.768,grad,22582117888
4,6034.739,grad,22589462016
4,6036.076,grad,22598899200
4,6037.596,grad,22598899200
4,6038.847,grad,22622083584
4,6040.621,grad,22628440576
4,6041.884,grad,22674582016
4,6043.125,grad,22820465152
4,6044.597,grad,22742870528
4,6045.851,grad,22881348096
4,6047.187,grad,22827874816
4,6048.432,grad,23754820608
4,6049.675,grad,23754862080
4,6052.686,grad,23747481600
4,6053.955,grad,23436055040
4,6055.199,grad,23436055040
4,6056.455,grad,23436055040
4,6057.994,grad,23436056576
4,6059.762,grad,22824719872
4,6061.004,grad,22823403008
4,6062.388,grad,22777200128
4,6063.633,grad,22773399040
4,6065.567,grad,22646031872
4,6066.809,grad,22654217728
4,6068.47,grad,22610061824
4,6069.952,grad,22610061824
4,6071.189,grad,22629001728
4,6072.972,grad,22605179392
4,6074.709,grad,22606787072
4,6075.948,grad,22598130176
4,6077.3,grad,22551927296
4,6078.565,grad,22547405312
4,6080.39,grad,22419153408
4,6081.625,grad,22412724736
4,6083.331,grad,22383183872
4,6084.894,grad,22383183360
4,6086.236,grad,22402057728
4,6087.709,grad,22378300928
4,6089.424,grad,22379908608
4,6090.661,grad,22371251712
4,6092.784,grad,22325048832
4,6094.059,grad,22289069568
4,6095.971,grad,22192274944
4,6097.211,grad,22199477760
4,6098.924,grad,22155256832
4,6100.435,grad,22155256320
4,6101.713,grad,22174130688
4,6103.162,grad,22150373888
4,6104.942,grad,22151981568
4,6106.202,grad,22143324672
4,6107.45,grad,22097121792
4,6108.687,grad,22061142528
4,6110.614,grad,21964347904
4,6111.876,grad,21957460480
4,6113.738,grad,21928377856
4,6115.234,grad,21928377856
4,6116.488,grad,21929885184
4,6118.229,grad,21923495424
4,6119.916,grad,21924775424
4,6121.148,grad,21994040832
4,6122.447,grad,21870243328
4,6123.683,grad,21865721344
4,6125.403,grad,21737469440
4,6126.641,grad,21745720832
4,6128.32,grad,21701499904
4,6129.856,grad,21701499392
4,6131.094,grad,21720308224
4,6132.631,grad,21696616960
4,6134.271,grad,21697700352
4,6135.534,grad,21689567744
4,6136.919,grad,21643364864
4,6138.159,grad,21638842880
4,6140.15,grad,21510590976
4,6141.393,grad,21504162304
4,6143.026,grad,21474620928
4,6144.62,grad,21474620928
4,6145.928,grad,21493495296
4,6147.312,grad,21469738496
4,6148.989,grad,21470821888
4,6150.244,grad,21462689280
4,6151.661,grad,21416486400
4,6152.906,grad,21373167104
4,6154.725,grad,21283778048
4,6155.966,grad,21277349376
4,6157.661,grad,21247808000
4,6159.191,grad,21247808000
4,6160.519,grad,21266682368
4,6162.149,grad,21242925568
4,6163.891,grad,21244008960
4,6165.128,grad,21235876352
4,6166.47,grad,21189673472
4,6167.709,grad,21185151488
4,6169.44,grad,21056965120
4,6170.68,grad,21065216512
4,6172.323,grad,21020995584
4,6173.81,grad,21020995072
4,6175.129,grad,21039869440
4,6176.593,grad,21016112640
4,6178.24,grad,21017196032
4,6179.528,grad,21009063424
4,6180.876,grad,20962860544
4,6182.115,grad,20958338560
4,6183.9,grad,20830086656
4,6185.159,grad,20837944832
4,6186.478,grad,20808912384
4,6188.324,grad,20794116608
4,6189.933,grad,20794116608
4,6191.224,grad,20812925440
4,6192.75,grad,20789234176
4,6194.468,grad,20790317568
4,6195.706,grad,20782184960
4,6197.035,grad,20735982080
4,6198.276,grad,20731460096
4,6200.038,grad,20603208192
4,6201.278,grad,20611459584
4,6202.98,grad,20567238656
4,6204.528,grad,20567238144
4,6205.819,grad,20586112512
4,6207.476,grad,20562355712
4,6209.155,grad,20563439104
4,6210.392,grad,20555306496
4,6211.723,grad,20509103616
4,6212.984,grad,20504581632
4,6214.71,grad,20376395264
4,6215.948,grad,20384646656
4,6217.575,grad,20340425216
4,6219.088,grad,20340425216
4,6220.356,grad,20359299584
4,6221.781,grad,20335542784
4,6223.467,grad,20336626176
4,6224.717,grad,20328493568
4,6226.049,grad,20282290688
4,6227.285,grad,20277768704
4,6229.042,grad,20149582336
4,6230.289,grad,20157440512
4,6231.552,grad,20113612288
4,6232.824,grad,20114660864
4,6234.137,grad,20143496704
4,6235.472,grad,20108238336
4,6236.73,grad,20116069888
4,6238.246,grad,20109813248
4,6239.543,grad,20101680640
4,6240.894,grad,20055477760
4,6242.134,grad,20050955776
4,6243.856,grad,19922769408
4,6245.096,grad,19916340736
4,6246.802,grad,19886799360
4,6248.328,grad,19886799360
4,6249.574,grad,19905608192
4,6251.381,grad,19881916928
4,6253.063,grad,19883000320
4,6254.35,grad,19952462336
4,6255.808,grad,19828664832
4,6257.129,grad,19824142848
4,6259.077,grad,19695890944
4,6260.362,grad,19704142336
4,6262.042,grad,19659920896
4,6263.666,grad,19659920896
4,6264.916,grad,19678729728
4,6266.507,grad,19655038464
4,6268.173,grad,19656121856
4,6269.423,grad,19645564416
4,6270.684,grad,19601786368
4,6271.936,grad,19565807104
4,6273.171,grad,19515147776
4,6274.557,grad,19476352512
4,6275.824,grad,19469858304
4,6277.397,grad,19433042432
4,6278.919,grad,19433042432
4,6280.159,grad,19451851264
4,6281.658,grad,19428160000
4,6283.305,grad,19429243392
4,6284.655,grad,19421110784
4,6286.01,grad,19374907904
4,6287.249,grad,19370385920
4,6289.029,grad,19242199552
4,6290.293,grad,19250450944
4,6291.983,grad,19206229504
4,6293.524,grad,19206229504
4,6294.82,grad,19225103872
4,6296.502,grad,19201347072
4,6298.377,grad,19202430464
4,6299.671,grad,19194232320
4,6300.939,grad,19148094976
4,6302.184,grad,19143572992
4,6304.044,grad,19015321088
4,6305.306,grad,19023572480
4,6306.999,grad,18979351040
4,6308.596,grad,18979351040
4,6309.886,grad,18998225408
4,6311.284,grad,18974468608
4,6313.028,grad,18975552000
4,6314.293,grad,18967419392
4,6315.561,grad,18921216512
4,6316.806,grad,18885237248
4,6318.041,grad,18788508160
4,6319.298,grad,18795848192
4,6320.569,grad,18782013952
4,6322.162,grad,18752538624
4,6323.677,grad,18752538112
4,6324.981,grad,18771412480
4,6326.394,grad,18747655680
4,6328.363,grad,18748739072
4,6329.677,grad,18740606464
4,6331.057,grad,18694403584
4,6332.297,grad,18651084288
4,6334.15,grad,18561629696
4,6335.413,grad,18555201024
4,6337.111,grad,18525659648
4,6338.655,grad,18525659648
4,6339.948,grad,18544534016
4,6341.635,grad,18520777216
4,6343.32,grad,18521860608
4,6344.644,grad,18513728000
4,6345.998,grad,18467525120
4,6347.238,grad,18463003136
4,6349.014,grad,18334751232
4,6350.288,grad,18328322560
4,6352.031,grad,18298781184
4,6353.581,grad,18298781184
4,6354.872,grad,18317655552
4,6356.274,grad,18293898752
4,6357.988,grad,18294982144
4,6359.242,grad,18286849536
4,6360.639,grad,18240646656
4,6361.883,grad,18236124672
4,6363.778,grad,18107938304
4,6365.509,grad,18101509632
4,6367.278,grad,18071968768
4,6368.826,grad,18071968256
4,6370.07,grad,18090777088
4,6371.582,grad,18067085824
4,6373.229,grad,18068169216
4,6374.526,grad,18060036608
4,6375.794,grad,18013833728
4,6377.042,grad,17970514432
4,6378.288,grad,17888463360
4,6379.674,grad,17888465408
4,6380.912,grad,17859951104
4,6382.261,grad,17845155840
4,6383.753,grad,17845155328
4,6385.097,grad,17864029696
4,6386.829,grad,17840272896
4,6388.561,grad,17841356288
4,6389.814,grad,17833223680
4,6391.164,grad,17787020800
4,6392.416,grad,17743701504
4,6394.247,grad,17654312448
4,6395.551,grad,17647883776
4,6397.259,grad,17618342400
4,6398.854,grad,17618342400
4,6400.098,grad,17637151232
4,6401.596,grad,17613459968
4,6403.251,grad,17614543360
4,6404.58,grad,17606410752
4,6405.97,grad,17560207872
4,6407.213,grad,17516888576
4,6409.05,grad,17427433984
4,6410.298,grad,17435292160
4,6411.565,grad,17398804992
4,6412.841,grad,17391463936
4,6414.095,grad,17420889600
4,6415.524,grad,17386089984
4,6416.768,grad,17393921536
4,6418.441,grad,17387664896
4,6419.676,grad,17379466752
4,6420.93,grad,17333329408
4,6422.168,grad,17328807424
4,6423.896,grad,17200555520
4,6425.133,grad,17208806912
4,6426.768,grad,17164585472
4,6428.294,grad,17164585472
4,6429.533,grad,17183394304
4,6431.225,grad,17159703040
4,6432.948,grad,17160786432
4,6434.186,grad,17152653824
4,6435.623,grad,17106450944
4,6436.864,grad,17063131648
4,6438.67,grad,16973742592
4,6439.908,grad,16981993984
4,6441.56,grad,16937772544
4,6443.059,grad,16937772544
4,6444.298,grad,16956646912
4,6445.775,grad,16932890112
4,6447.432,grad,16933973504
4,6448.696,grad,16925840896
4,6450.042,grad,16879638016
4,6451.286,grad,16797521408
4,6453.191,grad,16746864128
4,6454.447,grad,16754656768
4,6455.723,grad,16727787008
4,6456.986,grad,16710894080
4,6458.258,grad,16740319744
4,6459.777,grad,16705520128
4,6461.046,grad,16713384448
4,6462.553,grad,16707095040
4,6463.799,grad,16698962432
4,6465.164,grad,16652759552
4,6466.372,grad,16648237568
4,6468.162,grad,16519985664
4,6469.407,grad,16506216960
4,6471.068,grad,16476675584
4,6472.626,grad,16476413440
4,6473.897,grad,16495353344
4,6475.587,grad,16471531008
4,6476.854,grad,16461602304
4,6478.087,grad,16461602304
4,6479.317,grad,16461602304
4,6482.069,grad,16461601792
4,6484.459,grad,16461601792
4,6485.743,grad,16461601792
4,6489.229,grad,16461601792
4,6490.519,grad,16461601792
4,6491.763,grad,16481197056
4,6493.015,grad,16502889472
4,6494.274,grad,16516652032
4,6495.944,grad,16516652032
4,6497.261,grad,16516977664
4,6498.7,grad,16678618112
4,6499.97,grad,16678618112
4,6501.384,grad,16678618112
4,6502.639,grad,16678618624
4,6504.009,grad,16610631680
4,6505.357,grad,16402882560
4,6506.706,grad,16302120960
4,6507.981,grad,16332136448
4,6509.229,grad,16362676224
4,6510.474,grad,16396394496
4,6511.713,grad,16428834816
4,6512.993,grad,16460324864
4,6514.249,grad,16348946432
4,6520.312,grad,16136839168
4,6526.685,grad,16136843264
4,6533.024,grad,16136843264
4,6539.35,grad,16136843264
4,6544.169,grad,16136843264
4,6545.435,grad,16140650496
4,6547.447,grad,16140779520
4,6550.46,grad,16144449536
4,6551.889,grad,16149168128
4,6553.483,grad,16149168128
4,6554.751,grad,16157090816
4,6556.78,grad,16163972096
4,6558.139,grad,16187010048
4,6559.424,grad,16259984384
4,6560.728,grad,16240585728
4,6562.194,grad,16240585728
4,6564.387,grad,16260017152
4,6567.207,grad,16263689216
4,6568.493,grad,16268407808
4,6570.0,grad,16268407808
4,6571.258,grad,16280000512
4,6573.05,grad,16283179008
4,6574.318,grad,16306249728
4,6575.573,grad,16379191296
4,6576.871,grad,16359792640
4,6579.167,grad,16379224064
4,6581.986,grad,16382896128
4,6583.409,grad,16387614720
4,6584.93,grad,16387614720
4,6586.192,grad,16407596032
4,6587.86,grad,16403434496
4,6589.126,grad,16426505216
4,6590.392,grad,16499446784
4,6591.747,grad,16480048128
4,6593.958,grad,16499479552
4,6596.947,grad,16503151616
4,6598.213,grad,16508918784
4,6599.652,grad,16508918784
4,6600.933,grad,16520511488
4,6602.566,grad,16522641408
4,6603.838,grad,16546760704
4,6605.101,grad,16619702272
4,6606.581,grad,16580904960
4,6608.993,grad,16619735040
4,6611.893,grad,16623407104
4,6613.253,grad,16629174272
4,6614.726,grad,16629174272
4,6615.983,grad,16640766976
4,6617.714,grad,16643945472
4,6618.969,grad,16668064768
4,6620.221,grad,16741006336
4,6621.565,grad,16722656256
4,6623.871,grad,16741039104
4,6626.987,grad,16744711168
4,6628.257,grad,16749429760
4,6629.745,grad,16749429760
4,6631.002,grad,16761022464
4,6632.763,grad,16764200960
4,6634.023,grad,16787271680
4,6635.272,grad,16899010560
4,6636.579,grad,16821415936
4,6637.839,grad,16890654720
4,6639.302,grad,16860246016
4,6642.189,grad,16863918080
4,6643.467,grad,16869685248
4,6645.029,grad,16869685248
4,6646.29,grad,16877607936
4,6648.246,grad,16883407872
4,6649.558,grad,16907527168
4,6650.813,grad,17019266048
4,6652.056,grad,16961070080
4,6654.544,grad,16980501504
4,6657.539,grad,16984173568
4,6658.817,grad,16988892160
4,6660.216,grad,16988892160
4,6661.51,grad,17001533440
4,6663.218,grad,17004711936
4,6664.504,grad,17008384000
4,6665.759,grad,17100724224
4,6667.156,grad,17061926912
4,6668.433,grad,17104427008
4,6669.818,grad,17100756992
4,6672.711,grad,17104429056
4,6673.974,grad,17110196224
4,6675.403,grad,17110196224
4,6676.664,grad,17121788928
4,6678.351,grad,17123918848
4,6679.602,grad,17148038144
4,6680.856,grad,17220979712
4,6682.329,grad,17201581056
4,6684.567,grad,17221012480
4,6687.626,grad,17224684544
4,6688.942,grad,17230451712
4,6690.322,grad,17230451712
4,6691.587,grad,17242044416
4,6693.324,grad,17248892928
4,6694.608,grad,17248894976
4,6695.905,grad,17341235200
4,6697.199,grad,17302437888
4,6699.625,grad,17341267968
4,6702.551,grad,17344940032
4,6703.836,grad,17349658624
4,6705.301,grad,17349658624
4,6706.629,grad,17357581312
4,6708.449,grad,17364429824
4,6709.778,grad,17388549120
4,6712.0,grad,17422693376
4,6714.482,grad,17461523456
4,6717.411,grad,17465195520
4,6718.674,grad,17470962688
4,6720.055,grad,17470962688
4,6721.326,grad,17483603968
4,6723.047,grad,17485733888
4,6724.3,grad,17509853184
4,6725.608,grad,17621592064
4,6727.024,grad,17543997440
4,6729.472,grad,17582827520
4,6732.392,grad,17587548160
4,6733.655,grad,17592266752
4,6735.138,grad,17592266752
4,6736.418,grad,17603859456
4,6738.199,grad,17610707968
4,6739.468,grad,17637448704
4,6741.614,grad,17664252928
4,6744.018,grad,17703083008
4,6747.05,grad,17706755072
4,6748.313,grad,17712522240
4,6749.77,grad,17712522240
4,6751.061,grad,17724114944
4,6752.791,grad,17726244864
4,6754.048,grad,17751412736
4,6755.298,grad,17863151616
4,6756.58,grad,17804955648
4,6758.937,grad,17828057088
4,6761.809,grad,17828059136
4,6763.07,grad,17832777728
4,6764.497,grad,17832777728
4,6765.759,grad,17840700416
4,6767.666,grad,17847548928
4,6768.934,grad,17870619648
4,6771.076,grad,17905812480
4,6773.454,grad,17944642560
4,6776.319,grad,17948314624
4,6777.6,grad,17953033216
4,6779.0,grad,17953033216
4,6780.257,grad,17971965952
4,6781.892,grad,17967804416
4,6783.145,grad,17999263744
4,6785.471,grad,18026067968
4,6787.867,grad,18068568064
4,6790.704,grad,18068570112
4,6791.959,grad,18073288704
4,6793.44,grad,18073288704
4,6794.727,grad,18092221440
4,6796.385,grad,18089108480
4,6797.636,grad,18118470656
4,6799.787,grad,18145274880
4,6802.099,grad,18184104960
4,6806.096,grad,18188940288
4,6807.394,grad,18193544192
4,6808.85,grad,18193544192
4,6810.109,grad,18212476928
4,6811.758,grad,18208315392
4,6813.016,grad,18231386112
4,6815.254,grad,18265530368
4,6817.661,grad,18308030464
4,6820.46,grad,18308032512
4,6821.723,grad,18312751104
4,6823.115,grad,18312751104
4,6824.399,grad,18320673792
4,6826.227,grad,18328570880
4,6827.539,grad,18351641600
4,6829.681,grad,18385785856
4,6832.111,grad,18424615936
4,6834.964,grad,18429336576
4,6836.222,grad,18434055168
4,6837.627,grad,18434055168
4,6838.886,grad,18452987904
4,6840.478,grad,18448826368
4,6841.728,grad,18471897088
4,6843.004,grad,18544838656
4,6844.385,grad,18506041344
4,6846.903,grad,18544871424
4,6849.758,grad,18548543488
4,6851.018,grad,18554310656
4,6852.587,grad,18554310656
4,6853.856,grad,18573243392
4,6855.524,grad,18568033280
4,6856.788,grad,18592152576
4,6858.927,grad,18626296832
4,6860.193,grad,18668796928
4,6861.573,grad,18665126912
4,6864.631,grad,18668798976
4,6865.955,grad,18673517568
4,6867.461,grad,18673517568
4,6868.742,grad,18685110272
4,6870.441,grad,18688288768
4,6871.713,grad,18711359488
4,6872.961,grad,18784301056
4,6874.205,grad,18764902400
4,6876.52,grad,18784333824
4,6879.381,grad,18788005888
4,6880.643,grad,18792724480
4,6882.031,grad,18792724480
4,6883.328,grad,18801695744
4,6885.132,grad,18808544256
4,6886.389,grad,18812216320
4,6887.666,grad,18943353856
4,6888.975,grad,18885157888
4,6891.211,grad,18904589312
4,6894.056,grad,18908261376
4,6895.31,grad,18914028544
4,6896.763,grad,18914028544
4,6898.011,grad,18925621248
4,6899.72,grad,18927751168
4,6900.999,grad,18951870464
4,6903.332,grad,18986014720
4,6905.768,grad,19024844800
4,6908.665,grad,19028516864
4,6909.933,grad,19034284032
4,6911.401,grad,19034284032
4,6912.664,grad,19045876736
4,6914.351,grad,19049055232
4,6915.637,grad,19073174528
4,6916.89,grad,19146116096
4,6918.206,grad,19127766016
4,6920.47,grad,19146148864
4,6923.572,grad,19149820928
4,6924.839,grad,19154539520
4,6926.253,grad,19154539520
4,6927.579,grad,19166132224
4,6929.187,grad,19169310720
4,6930.489,grad,19192381440
4,6931.751,grad,19245924352
4,6932.993,grad,19245924352
4,6935.174,grad,19265355776
4,6938.111,grad,19269027840
4,6939.377,grad,19274795008
4,6940.755,grad,19274795008
4,6942.061,grad,19282717696
4,6943.842,grad,19288517632
4,6945.097,grad,19312636928
4,6946.348,grad,19385578496
4,6947.598,grad,19366179840
4,6949.954,grad,19389283328
4,6952.867,grad,19389283328
4,6954.226,grad,19394001920
4,6955.709,grad,19394001920
4,6956.968,grad,19406643200
4,6958.763,grad,19409821696
4,6960.02,grad,19432892416
4,6961.27,grad,19544631296
4,6962.697,grad,19467036672
4,6963.955,grad,19536275456
4,6965.279,grad,19509538816
4,6966.6,grad,19974058496
4,6967.88,grad,19974069248
4,6970.833,grad,19814675968
4,6972.093,grad,19814676480
4,6973.343,grad,19814676480
4,6974.576,grad,19814676480
4,6976.06,grad,19814678016
4,6977.846,grad,19510582272
4,6979.148,grad,19507301376
4,6980.459,grad,19484199936
4,6981.713,grad,19462540288
4,6983.0,grad,19448220672
4,6984.584,grad,19421484032
4,6985.832,grad,19418235904
4,6987.287,grad,19398778880
4,6988.873,grad,19398778880
4,6990.181,grad,19409264640
4,6991.915,grad,19396583424
4,6993.621,grad,19398715392
4,6994.887,grad,19431610368
4,6996.191,grad,19369711616
4,6997.448,grad,19348051968
4,6999.256,grad,19303325696
4,7000.531,grad,19300110336
4,7002.092,grad,19284290560
4,7003.612,grad,19285339136
4,7004.851,grad,19294743552
4,7006.375,grad,19283143680
4,7008.158,grad,19285275648
4,7009.466,grad,19278357504
4,7010.924,grad,19255288832
4,7012.189,grad,19253093376
4,7013.95,grad,19189853184
4,7015.211,grad,19193977856
4,7016.794,grad,19171866624
4,7018.309,grad,19171866624
4,7019.563,grad,19181467648
4,7021.095,grad,19169671168
4,7022.755,grad,19171803136
4,7023.988,grad,19205582848
4,7025.28,grad,19143684096
4,7026.528,grad,19142307840
4,7028.326,grad,19079067648
4,7029.619,grad,19075852288
4,7031.193,grad,19058983936
4,7032.752,grad,19060032512
4,7033.984,grad,19068093440
4,7035.729,grad,19057837056
4,7037.374,grad,19059969024
4,7038.636,grad,19053902848
4,7040.037,grad,19030801408
4,7041.274,grad,19029425152
4,7043.027,grad,18966184960
4,7044.283,grad,18970309632
4,7045.864,grad,18947149824
4,7047.381,grad,18948198400
4,7048.61,grad,18957602816
4,7050.181,grad,18946002944
4,7051.913,grad,18948134912
4,7053.148,grad,18942068736
4,7055.255,grad,18918967296
4,7056.554,grad,18917591040
4,7058.5,grad,18854350848
4,7059.851,grad,18851135488
4,7061.493,grad,18835315712
4,7063.044,grad,18835315712
4,7064.287,grad,18844720128
4,7065.882,grad,18833120256
4,7067.571,grad,18835252224
4,7068.806,grad,18830234624
4,7070.209,grad,18807133184
4,7071.532,grad,18766074880
4,7073.404,grad,18740747264
4,7074.706,grad,18737531904
4,7076.372,grad,18722761216
4,7077.924,grad,18722760704
4,7079.202,grad,18731935744
4,7081.092,grad,18720565248
4,7082.904,grad,18722697216
4,7084.165,grad,18716762112
4,7085.479,grad,18693693440
4,7086.776,grad,18691432448
4,7088.573,grad,18628192256
4,7089.874,grad,18624976896
4,7091.533,grad,18609157120
4,7093.042,grad,18609157120
4,7094.377,grad,18618594304
4,7095.856,grad,18606961664
4,7097.62,grad,18609093632
4,7098.863,grad,18603191296
4,7100.238,grad,18580089856
4,7101.481,grad,18539031552
4,7103.596,grad,18513703936
4,7104.876,grad,18510488576
4,7106.593,grad,18495717888
4,7108.096,grad,18495717376
4,7109.346,grad,18505121792
4,7110.887,grad,18492473344
4,7112.691,grad,18494605312
4,7114.026,grad,18488702976
4,7115.434,grad,18465601536
4,7116.689,grad,18463340544
4,7118.449,grad,18398167040
4,7119.719,grad,18394951680
4,7121.385,grad,18380180480
4,7122.948,grad,18380180480
4,7124.181,grad,18389584896
4,7126.017,grad,18377985024
4,7127.755,grad,18380116992
4,7128.995,grad,18374214656
4,7130.42,grad,18351113216
4,7131.662,grad,18329453568
4,7133.479,grad,18284760064
4,7134.751,grad,18281544704
4,7136.385,grad,18266773504
4,7137.905,grad,18266773504
4,7139.139,grad,18276177920
4,7140.715,grad,18263529472
4,7142.396,grad,18266710016
4,7143.661,grad,18260807680
4,7145.021,grad,18236657664
4,7146.258,grad,18234396672
4,7148.047,grad,18171320320
4,7149.292,grad,18174199808
4,7150.541,grad,18152286208
4,7151.781,grad,18152285184
4,7153.023,grad,18168013824
4,7154.255,grad,18154382336
4,7155.691,grad,18150089728
4,7157.354,grad,18152221696
4,7158.665,grad,18146319360
4,7160.036,grad,18123217920
4,7161.278,grad,18120956928
4,7163.102,grad,18056832000
4,7164.345,grad,18052568064
4,7165.976,grad,18037797376
4,7167.517,grad,18037796864
4,7168.756,grad,18047201280
4,7170.555,grad,18035601408
4,7172.226,grad,18037733376
4,7173.535,grad,18031831040
4,7174.877,grad,18008729600
4,7176.115,grad,17987069952
4,7177.914,grad,17941295104
4,7179.148,grad,17939128320
4,7180.825,grad,17924357632
4,7182.409,grad,17924357120
4,7183.648,grad,17933728768
4,7185.188,grad,17922161664
4,7186.906,grad,17924293632
4,7188.138,grad,17917342720
4,7189.517,grad,17894241280
4,7190.761,grad,17853215744
4,7192.684,grad,17827888128
4,7194.217,grad,17822575616
4,7195.899,grad,17807771648
4,7197.459,grad,17807771648
4,7198.702,grad,17817143296
4,7200.233,grad,17805576192
4,7201.98,grad,17807708160
4,7203.216,grad,17801805824
4,7204.485,grad,17778704384
4,7205.731,grad,17757044736
4,7206.984,grad,17712349184
4,7208.286,grad,17716021248
4,7209.544,grad,17709103104
4,7210.865,grad,17694397440
4,7212.439,grad,17694364672
4,7213.691,grad,17703769088
4,7215.481,grad,17691120640
4,7217.146,grad,17693285376
4,7218.419,grad,17686334464
4,7219.784,grad,17663200256
4,7221.101,grad,17630563328
4,7222.375,grad,17596847104
4,7223.648,grad,17600517120
4,7224.904,grad,17586226176
4,7226.146,grad,17577779712
4,7227.563,grad,17577779200
4,7228.839,grad,17587216384
4,7230.346,grad,17575583744
4,7232.092,grad,17577715712
4,7233.427,grad,17571813376
4,7234.797,grad,17548711936
4,7236.039,grad,17527052288
4,7237.866,grad,17482326016
4,7239.103,grad,17485205504
4,7240.946,grad,17463290880
4,7242.53,grad,17463290880
4,7243.775,grad,17472695296
4,7245.266,grad,17461095424
4,7246.969,grad,17463227392
4,7248.207,grad,17457325056
4,7249.469,grad,17434223616
4,7250.706,grad,17412563968
4,7251.94,grad,17387234304
4,7253.368,grad,17371507712
4,7254.606,grad,17357249536
4,7255.876,grad,17348803072
4,7257.327,grad,17348802560
4,7258.626,grad,17358403584
4,7260.433,grad,17346607104
4,7262.162,grad,17349787648
4,7263.479,grad,17342836736
4,7264.845,grad,17319735296
4,7266.092,grad,17298075648
4,7267.903,grad,17253349376
4,7269.182,grad,17250134016
4,7270.827,grad,17235362816
4,7272.426,grad,17234314240
4,7273.667,grad,17243718656
4,7275.174,grad,17232118784
4,7276.876,grad,17235299328
4,7278.114,grad,17228348416
4,7279.485,grad,17205246976
4,7280.726,grad,17183587328
4,7282.601,grad,17138861056
4,7283.844,grad,17142789120
4,7285.732,grad,17119826432
4,7287.224,grad,17119825920
4,7288.47,grad,17129230336
4,7289.994,grad,17117630464
4,7291.712,grad,17119762432
4,7292.996,grad,17113860096
4,7294.375,grad,17090758656
4,7295.633,grad,17069099008
4,7297.425,grad,17024372736
4,7298.691,grad,17020108800
4,7300.307,grad,17005338112
4,7301.889,grad,17005337600
4,7303.13,grad,17014938624
4,7304.943,grad,17003142144
4,7306.716,grad,17005274112
4,7307.98,grad,16999371776
4,7309.339,grad,16976270336
4,7310.578,grad,16935212032
4,7311.816,grad,16909884416
4,7313.068,grad,16913554432
4,7314.363,grad,16899296256
4,7315.639,grad,16891898368
4,7317.029,grad,16891897856
4,7318.271,grad,16901302272
4,7319.846,grad,16889702400
4,7321.517,grad,16891834368
4,7322.819,grad,16884883456
4,7324.172,grad,16861782016
4,7325.424,grad,16828063744
4,7327.293,grad,16795396096
4,7328.545,grad,16806402048
4,7329.803,grad,16800593920
4,7331.171,grad,16776360960
4,7332.444,grad,16776360960
4,7333.704,grad,16785732608
4,7335.237,grad,16774165504
4,7336.95,grad,16776297472
4,7338.191,grad,16770395136
4,7339.442,grad,16747293696
4,7340.679,grad,16725634048
4,7341.911,grad,16688311296
4,7343.24,grad,16684577792
4,7344.495,grad,16677725184
4,7345.811,grad,16661938176
4,7347.344,grad,16661872640
4,7348.6,grad,16671244288
4,7350.487,grad,16659677184
4,7352.251,grad,16661809152
4,7353.564,grad,16655906816
4,7354.924,grad,16632805376
4,7356.17,grad,16630544384
4,7357.99,grad,16566517760
4,7359.258,grad,16563302400
4,7360.9,grad,16547482624
4,7362.541,grad,16547482624
4,7363.887,grad,16556919808
4,7365.347,grad,16545287168
4,7367.051,grad,16547419136
4,7368.329,grad,16541516800
4,7369.603,grad,16518415360
4,7370.852,grad,16496755712
4,7372.088,grad,16455697408
4,7373.475,grad,16455699456
4,7374.743,grad,16448781312
4,7376.21,grad,16434042880
4,7377.819,grad,16434042880
4,7379.121,grad,16443480064
4,7380.641,grad,16431847424
4,7382.316,grad,16433979392
4,7383.637,grad,16428077056
4,7385.018,grad,16404975616
4,7386.263,grad,16402714624
4,7388.018,grad,16338589696
4,7389.293,grad,16331704320
4,7390.934,grad,16316933120
4,7392.493,grad,16316670976
4,7393.737,grad,16326075392
4,7395.488,grad,16314475520
4,7396.752,grad,16309265408
4,7397.987,grad,16309265408
4,7399.217,grad,16309265408
4,7400.661,grad,16309264896
4,7402.588,grad,16309264896
4,7403.919,grad,16309264896
4,7405.468,grad,16309264896
4,7409.527,grad,16309264896
4,7410.871,grad,16309264896
4,7412.113,grad,16319324672
4,7413.357,grad,16330400256
4,7414.636,grad,16336790016
4,7416.248,grad,16336790016
4,7417.502,grad,16336797184
4,7418.872,grad,16498516480
4,7420.135,grad,16498516480
4,7421.437,grad,16498516480
4,7422.698,grad,16498516480
4,7424.062,grad,16470747136
4,7425.312,grad,16366970368
4,7426.571,grad,16299533824
4,7427.845,grad,16332432896
4,7429.08,grad,16363562496
4,7430.318,grad,16396035584
4,7431.561,grad,16427263488
4,7432.859,grad,16460097024
4,7434.095,grad,16339215872
4,7435.522,grad,16136317952
4,7436.772,grad,16155049472
4,7438.026,grad,16183885312
4,7439.264,grad,16212491776
4,7440.52,grad,16241131008
4,7441.763,grad,16269737472
4,7442.997,grad,16298802688
4,7444.249,grad,16168451584
4,7445.503,grad,16133946368
4,7446.765,grad,16013949952
4,7448.035,noise,15973610496
4,7449.305,noise,15973610496
4,7450.547,noise,15973610496
4,7451.787,noise,15975052288
4,7453.022,noise,15975281664
4,7454.249,noise,15975281664
4,7455.489,noise,15976952832
4,7456.739,noise,15976723456
4,7457.995,noise,15979443200
4,7459.257,noise,15978198016
4,7460.515,noise,15978656768
4,7461.761,noise,15979115520
4,7463.002,noise,15979377664
4,7464.23,noise,15980590080
4,7465.469,noise,15981114368
4,7466.701,noise,15981343744
4,7467.927,noise,15982556160
4,7469.159,noise,15982785536
4,7470.385,noise,15982785536
4,7471.613,noise,15984227328
4,7472.864,noise,15984489472
4,7474.102,noise,15984948224
4,7475.345,noise,15985439744
4,7476.569,noise,15985439744
4,7477.802,noise,15986652160
4,7479.035,noise,15987110912
4,7480.262,noise,15987110912
4,7481.501,noise,15988552704
4,7482.738,noise,15988552704
4,7483.988,noise,15989765120
4,7485.221,noise,15990027264
4,7486.463,noise,15990486016
4,7487.694,noise,15990944768
4,7488.922,noise,15991206912
4,7490.145,noise,15992419328
4,7491.377,noise,15992648704
4,7492.62,noise,15992878080
4,7493.868,noise,15994090496
4,7495.097,noise,15994319872
4,7496.324,noise,15994319872
4,7497.616,noise,15995761664
4,7498.95,noise,15996023808
4,7500.222,noise,15996482560
4,7501.467,noise,15996974080
4,7502.696,noise,15996974080
4,7503.924,noise,15998186496
4,7505.154,noise,15998645248
4,7506.38,noise,15998645248
4,7507.607,noise,15999857664
4,7508.843,noise,16000087040
4,7510.068,noise,16001299456
4,7511.295,noise,16001561600
4,7512.532,noise,16002020352
4,7513.776,noise,16002479104
4,7515.029,noise,16002741248
4,7516.263,noise,16003953664
4,7517.499,noise,16004183040
4,7518.733,noise,16004412416
4,7519.959,noise,16005624832
4,7521.18,noise,16005854208
4,7522.356,noise,16005854208
4,7523.579,noise,16007066624
4,7524.814,noise,16007558144
4,7526.04,noise,16008016896
4,7527.265,noise,16008508416
4,7528.5,noise,16008508416
4,7529.733,noise,16009720832
4,7530.96,noise,16010179584
4,7532.182,noise,16010179584
4,7533.357,noise,16011392000
4,7534.585,noise,16011621376
4,7535.815,noise,16012833792
4,7537.042,noise,16013095936
4,7538.271,noise,16013554688
4,7539.511,noise,16014013440
4,7540.742,noise,16014275584
4,7541.962,noise,16015488000
4,7543.184,noise,16015717376
4,7544.419,noise,16015946752
4,7545.647,noise,16017159168
4,7546.879,noise,16017388544
4,7548.098,noise,16017388544
4,7549.321,noise,16018830336
4,7550.558,noise,16019092480
4,7551.798,noise,16019551232
4,7553.025,noise,16020042752
4,7554.248,noise,16020042752
4,7555.479,noise,16021255168
4,7556.719,noise,16021713920
4,7557.983,noise,16021713920
4,7559.219,noise,16023155712
4,7560.466,noise,16023155712
4,7561.747,noise,16024368128
4,7562.979,noise,16024630272
4,7564.206,noise,16025089024
4,7565.446,noise,16025547776
4,7566.677,noise,16025809920
4,7567.9,noise,16027022336
4,7569.12,noise,16027251712
4,7570.352,noise,16027481088
4,7571.575,noise,16028693504
4,7572.804,noise,16028922880
4,7574.025,noise,16028922880
4,7575.244,noise,16030823424
4,7576.478,noise,16030626816
4,7577.706,noise,16031085568
4,7578.94,noise,16031577088
4,7580.164,noise,16031577088
4,7581.386,noise,16032789504
4,7582.607,noise,16033248256
4,7583.836,noise,16033248256
4,7585.057,noise,16034690048
4,7586.283,noise,16034690048
4,7587.513,noise,16035902464
4,7588.747,noise,16036164608
4,7589.976,noise,16036623360
4,7591.206,noise,16037082112
4,7592.443,noise,16037344256
4,7593.669,noise,16038556672
4,7594.89,noise,16038786048
4,7596.114,noise,16039015424
4,7597.342,noise,16040227840
4,7598.562,noise,16040457216
4,7599.792,noise,16040457216
4,7601.014,noise,16041899008
4,7602.239,noise,16042161152
4,7603.475,noise,16042619904
4,7604.712,noise,16043111424
4,7605.95,noise,16043111424
4,7607.179,noise,16044323840
4,7608.419,noise,16044782592
4,7609.655,noise,16044782592
4,7610.877,noise,16046584832
4,7612.102,noise,16046584832
4,7613.326,noise,16047797248
4,7614.566,noise,16048059392
4,7615.821,noise,16048518144
4,7617.049,noise,16048976896
4,7618.278,noise,16049239040
4,7619.511,noise,16050451456
4,7620.741,noise,16050680832
4,7621.967,noise,16050910208
4,7623.188,noise,16052122624
4,7624.42,noise,16052352000
4,7625.658,noise,16052352000
4,7626.881,noise,16053793792
4,7628.11,noise,16054055936
4,7629.345,noise,16054514688
4,7630.602,noise,16055006208
4,7631.873,noise,16055006208
4,7633.092,noise,16056218624
4,7634.319,noise,16056677376
4,7635.552,noise,16056677376
4,7636.781,noise,16057889792
4,7638.01,noise,16058119168
4,7639.244,noise,16059331584
4,7640.483,noise,16059593728
4,7641.707,noise,16060052480
4,7642.931,noise,16060511232
4,7644.166,noise,16060773376
4,7645.397,noise,16061985792
4,7646.617,noise,16062215168
4,7647.848,noise,16062444544
4,7649.069,noise,16063656960
4,7650.296,noise,16063886336
4,7651.527,noise,16063886336
4,7652.754,noise,16065655808
4,7653.985,noise,16065917952
4,7655.218,noise,16066376704
4,7656.469,noise,16066868224
4,7657.754,noise,16066868224
4,7659.002,noise,16068080640
4,7660.234,noise,16068539392
4,7661.468,noise,16068539392
4,7662.701,noise,16069981184
4,7663.932,noise,16069981184
4,7665.153,noise,16071193600
4,7666.378,noise,16071455744
4,7667.617,noise,16071914496
4,7668.854,noise,16072373248
4,7670.083,noise,16072635392
4,7671.33,noise,16072635392
4,7672.613,noise,16074077184
4,7673.868,noise,16074306560
4,7675.099,noise,16075518976
4,7676.33,noise,16075748352
4,7677.564,noise,16075748352
4,7678.789,noise,16077190144
4,7680.015,noise,16077452288
4,7681.247,noise,16077911040
4,7682.446,noise,16078402560
4,7683.671,noise,16078402560
4,7684.895,noise,16079614976
4,7686.12,noise,16080073728
4,7687.353,noise,16080073728
4,7688.578,noise,16081515520
4,7689.804,noise,16081515520
4,7691.024,noise,16082727936
4,7692.252,noise,16082990080
4,7693.483,noise,16083448832
4,7694.709,noise,16083907584
4,7695.938,noise,16084169728
4,7697.159,noise,16085382144
4,7698.378,noise,16085971968
4,7699.602,noise,16086201344
4,7700.823,noise,16087413760
4,7702.046,noise,16087643136
4,7703.275,noise,16087643136
4,7704.508,noise,16089084928
4,7705.743,noise,16089347072
4,7706.983,noise,16089805824
4,7708.211,noise,16090297344
4,7709.453,noise,16090297344
4,7710.679,noise,16091509760
4,7711.906,noise,16091968512
4,7713.126,noise,16091968512
4,7714.371,noise,16093180928
4,7715.619,noise,16093410304
4,7716.842,noise,16094622720
4,7718.065,noise,16094884864
4,7719.298,noise,16095343616
4,7720.538,noise,16095802368
4,7721.767,noise,16096064512
4,7723.013,noise,16097276928
4,7724.347,noise,16097506304
4,7725.635,noise,16097735680
4,7726.871,noise,16098948096
4,7728.1,noise,16099177472
4,7729.33,noise,16099177472
4,7730.561,noise,16100619264
4,7731.794,noise,16100881408
4,7733.022,noise,16101340160
4,7734.25,noise,16101831680
4,7735.483,noise,16101831680
4,7736.708,noise,16103044096
4,7737.934,noise,16103502848
4,7739.154,noise,16103502848
4,7740.377,noise,16104944640
4,7741.607,noise,16104944640
4,7742.832,noise,16106157056
4,7744.059,noise,16106419200
4,7745.283,noise,16106877952
4,7746.53,noise,16107336704
4,7747.765,noise,16107598848
4,7748.996,noise,16108811264
4,7750.233,noise,16109040640
4,7751.492,noise,16109270016
4,7752.718,noise,16110482432
4,7753.943,noise,16110711808
4,7755.162,noise,16110711808
4,7756.382,noise,16112153600
4,7757.617,noise,16112415744
4,7758.878,noise,16112874496
4,7760.108,noise,16113366016
4,7761.345,noise,16113366016
4,7762.573,noise,16114578432
4,7763.813,noise,16115037184
4,7765.043,noise,16115037184
4,7766.273,noise,16116249600
4,7767.511,noise,16116478976
4,7768.739,noise,16117691392
4,7769.962,noise,16117953536
4,7771.183,noise,16118412288
4,7772.356,noise,16118871040
4,7773.581,noise,16119133184
4,7774.813,noise,16120345600
4,7776.039,noise,16120574976
4,7777.261,noise,16120804352
4,7778.493,noise,16122016768
4,7779.717,noise,16122246144
4,7780.937,noise,16122246144
4,7782.157,noise,16123687936
4,7783.383,noise,16123950080
4,7784.609,noise,16124408832
4,7785.859,noise,16124900352
4,7787.088,noise,16124900352
4,7788.315,noise,16126112768
4,7789.551,noise,16126571520
4,7790.782,noise,16126571520
4,7792.006,noise,16128013312
4,7793.236,noise,16128013312
4,7794.477,noise,16129225728
4,7795.702,noise,16129618944
4,7796.925,noise,16130077696
4,7798.149,noise,16130765824
4,7799.383,noise,16130798592
4,7800.619,noise,16132011008
4,7801.859,noise,16132240384
4,7803.1,noise,16132469760
4,7804.328,noise,16133682176
4,7805.592,noise,16133911552
4,7806.844,noise,16133911552
4,7808.108,noise,16135353344
4,7809.679,noise,16135615488
4,7810.919,noise,16136074240
4,7812.149,noise,16135877632
4,7813.381,noise,16020009984
4,7814.665,optimizer,15974691840
4,7815.976,optimizer,15978405888
4,7817.224,optimizer,15976928256
4,7818.468,optimizer,15979595776
4,7819.704,optimizer,15979800064
4,7820.933,optimizer,15980533248
4,7822.16,optimizer,15981006336
4,7823.392,optimizer,15982073856
4,7824.642,optimizer,15982848000
4,7825.877,optimizer,15985350144
4,7827.104,optimizer,15986884096
4,7828.345,optimizer,15986179584
4,7829.584,optimizer,15987355648
4,7830.823,optimizer,15987192320
4,7832.056,optimizer,15989709312
4,7833.371,optimizer,15990333952
4,7834.604,optimizer,15993079296
4,7835.836,optimizer,15992036864
4,7837.062,optimizer,15992919040
4,7838.287,optimizer,15993450496
4,7839.538,optimizer,15994550272
4,7840.778,optimizer,15995465216
4,7842.005,optimizer,15997751808
4,7843.23,optimizer,15999284736
4,7844.47,optimizer,15998614016
4,7845.729,optimizer,15999527424
4,7846.969,optimizer,15999851520
4,7848.217,optimizer,16002107904
4,7849.457,optimizer,16002659328
4,7850.69,optimizer,16005404160
4,7851.945,optimizer,16004274688
4,7853.212,optimizer,16005417472
4,7854.473,optimizer,16005676544
4,7855.709,optimizer,16006744064
4,7856.955,optimizer,16007518208
4,7858.21,optimizer,16010020864
4,7859.465,optimizer,16011684864
4,7860.707,optimizer,16011209728
4,7861.942,optimizer,16011927552
4,7863.197,optimizer,16011996160
4,7864.439,optimizer,16014536704
4,7865.677,optimizer,16015059456
4,7866.906,optimizer,16016668160
4,7868.132,optimizer,16016707072
4,7869.365,optimizer,16017617920
4,7870.588,optimizer,16018093056
4,7871.824,optimizer,16020642816
4,7873.054,optimizer,16021194240
4,7874.279,optimizer,16022802944
4,7875.517,optimizer,16022841856
4,7876.769,optimizer,16023767040
4,7877.996,optimizer,16024228864
4,7879.255,optimizer,16027975680
4,7880.501,optimizer,16027329024
4,7881.741,optimizer,16029844480
4,7883.0,optimizer,16029173248
4,7884.249,optimizer,16029873664
4,7885.491,optimizer,16030362624
4,7886.72,optimizer,16032912896
4,7887.95,optimizer,16033464320
4,7889.18,optimizer,16037322752
4,7890.421,optimizer,16035482624
4,7891.679,optimizer,16036598272
4,7892.907,optimizer,16036662784
4,7894.155,optimizer,16039194112
4,7895.383,optimizer,16041924608
4,7896.612,optimizer,16042503168
4,7897.863,optimizer,16041590272
4,7899.093,optimizer,16042531840
4,7900.321,optimizer,16042800640
4,7901.561,optimizer,16044560384
4,7902.815,optimizer,16047119360
4,7904.053,optimizer,16047641088
4,7905.285,optimizer,16048378880
4,7906.532,optimizer,16048653824
4,7907.821,optimizer,16048736768
4,7909.056,optimizer,16050723840
4,7910.293,optimizer,16052242432
4,7911.55,optimizer,16053810176
4,7912.788,optimizer,16054300672
4,7914.016,optimizer,16055016960
4,7915.252,optimizer,16056235008
4,7916.511,optimizer,16056844800
4,7917.749,optimizer,16061031424
4,7918.976,optimizer,16060077568
4,7920.227,optimizer,16061023744
4,7921.468,optimizer,16061299712
4,7922.696,optimizer,16064817664
4,7923.921,optimizer,16064398848
4,7925.15,optimizer,16065932288
4,7926.375,optimizer,16066015232
4,7927.609,optimizer,16066972672
4,7928.852,optimizer,16067432960
4,7930.081,optimizer,16070011904
4,7931.309,optimizer,16071822848
4,7932.551,optimizer,16074491392
4,7933.79,optimizer,16072408064
4,7935.02,optimizer,16073079808
4,7936.25,optimizer,16073568768
4,7937.493,optimizer,16077086720
4,7938.748,optimizer,16076819456
4,7939.978,optimizer,16078202880
4,7941.201,optimizer,16078317568
4,7942.607,optimizer,16079199744
4,7943.863,optimizer,16079702528
4,7945.09,optimizer,16080830976
4,7946.316,optimizer,16081744384
4,7947.554,optimizer,16084335616
4,7948.804,optimizer,16084750336
4,7950.076,optimizer,16085235200
4,7951.423,optimizer,16085954048
4,7952.705,optimizer,16087096320
4,7953.952,optimizer,16087782400
4,7955.184,optimizer,16090527232
4,7956.428,optimizer,16090846720
4,7957.738,optimizer,16090930176
4,7959.055,optimizer,16091615232
4,7960.347,optimizer,16092104192
4,7961.594,optimizer,16094411264
4,7962.839,optimizer,16094145024
4,7964.098,optimizer,16095677440
4,7965.365,optimizer,16096980992
4,7966.606,optimizer,16097489920
4,7967.862,optimizer,16097993728
4,7969.11,optimizer,16098274304
4,7970.348,optimizer,16100804096
4,7971.575,optimizer,16102322688
4,7972.831,optimizer,16105525760
4,7974.079,optimizer,16103185408
4,7975.305,optimizer,16103912448
4,7976.564,optimizer,16104373248
4,7977.799,optimizer,16107892224
4,7979.026,optimizer,16107472896
4,7980.253,optimizer,16109081600
4,7981.493,optimizer,16109417984
4,7982.742,optimizer,16109905920
4,7983.975,optimizer,16110852608
4,7985.237,optimizer,16111689728
4,7986.497,optimizer,16112451584
4,7987.73,optimizer,16113984512
4,7988.955,optimizer,16115553280
4,7990.183,optimizer,16116041728
4,7991.415,optimizer,16116759040
4,7992.64,optimizer,16119114240
4,7993.868,optimizer,16120025088
4,7995.113,optimizer,16121408000
4,7996.345,optimizer,16121490432
4,7997.571,optimizer,16122405888
4,7998.803,optimizer,16122908672
4,8000.04,optimizer,16126656512
4,8001.27,optimizer,16126010368
4,8002.506,optimizer,16130949632
4,8003.742,optimizer,16127870464
4,8004.97,optimizer,16128555008
4,8006.207,optimizer,16129078272
4,8007.47,optimizer,16131838464
4,8008.718,optimizer,16133356544
4,8009.948,optimizer,16135034880
4,8011.175,optimizer,16134561280
4,8012.402,optimizer,16135065600
4,8013.625,optimizer,16137604608
4,8014.887,optimizer,16137121280
4,8016.157,optimizer,16138654208
4,8017.396,optimizer,16140221440
4,8018.622,optimizer,16140710400
4,8019.857,optimizer,16141443584
4,8021.085,optimizer,16142495232
4,8022.343,optimizer,16143255552
4,8023.57,optimizer,16146076672
4,8024.802,optimizer,16146357248
4,8026.031,optimizer,16147075072
4,8027.285,optimizer,16147564544
4,8028.524,optimizer,16147450880
4,8029.781,optimizer,16147450880
4,8031.007,optimizer,16147450880
4,8032.236,optimizer,16147909632
4,8033.485,optimizer,16147909120
4,8034.709,optimizer,16147450880
4,8035.932,optimizer,16152300032
4,8037.155,optimizer,16147450880
4,8038.381,optimizer,16148367872
4,8039.633,optimizer,16148367872
4,8040.906,optimizer,16147450368
4,8042.153,optimizer,16147909120
4,8043.382,optimizer,16147450880
4,8044.609,optimizer,16147909632
4,8045.838,optimizer,16147450368
4,8047.062,optimizer,16149875200
4,8048.309,optimizer,16147450368
4,8049.544,optimizer,16147909632
4,8050.784,optimizer,16152300032
4,8052.036,optimizer,16147515904
4,8053.271,optimizer,16147450368
4,8054.519,optimizer,16147450880
4,8055.756,optimizer,16149875200
4,8057.024,optimizer,16149875200
4,8058.313,optimizer,16147909120
4,8059.564,optimizer,16149876224
4,8060.798,optimizer,16147909632
4,8062.026,optimizer,16147909120
4,8063.249,optimizer,16148367872
4,8064.507,optimizer,16147909120
4,8065.74,optimizer,16149876736
4,8066.989,optimizer,16147450368
4,8068.252,optimizer,16147451392
4,8069.502,optimizer,16158986240
4,8070.743,optimizer,16174977024
4,8071.976,optimizer,16187821568
4,8073.204,optimizer,16199618560
4,8074.444,optimizer,16215478272
4,8075.677,optimizer,16227733504
4,8076.905,optimizer,16239955968
4,8078.161,optimizer,16254636032
4,8079.357,optimizer,16268333056
4,8080.589,optimizer,16282029568
4,8081.827,optimizer,16296709632
4,8083.075,optimizer,16306570752
4,8084.305,optimizer,16171238912
4,8085.563,optimizer,16155608064
4,8086.802,optimizer,16184345600
4,8088.032,optimizer,16215376896
4,8089.259,optimizer,16246735872
4,8090.499,optimizer,16278815744
4,8091.732,optimizer,16307913728
4,8092.96,optimizer,16190407680
4,8094.211,optimizer,16158884864
4,8095.47,optimizer,16189686784
4,8096.696,optimizer,16216851456
4,8097.924,optimizer,16247129088
4,8099.161,optimizer,16276194304
4,8100.393,optimizer,16306471936
4,8101.622,optimizer,16201909248
4,8102.884,optimizer,16059991040
4,8104.118,optimizer,15983041024
4,8105.368,optimizer,15978979840
4,8106.621,optimizer,15975136256
4,8107.897,optimizer,15974953984
4,8109.158,optimizer,15974953984
4,8110.401,optimizer,15974953984
4,8111.631,optimizer,15974953984
