step,t_ms,phase,alloc_bytes
3,6.338,grad,15977306624
3,12.789,grad,15977314816
3,19.212,grad,15977314816
3,25.606,grad,15977314816
3,30.36,grad,15977314816
3,31.708,grad,15984857600
3,33.962,grad,15984986624
3,36.928,grad,15992326656
3,38.386,grad,16001763840
3,39.889,grad,16001763840
3,41.189,grad,16024948224
3,42.969,grad,16031305216
3,44.279,grad,16077446656
3,45.566,grad,16184532480
3,46.83,grad,16184532480
3,49.322,grad,16223395328
3,52.368,grad,16230854144
3,53.66,grad,16240176640
3,55.19,grad,16240176640
3,56.482,grad,16278041088
3,58.173,grad,16269718016
3,59.441,grad,16315859456
3,60.691,grad,16461742592
3,62.058,grad,16422945280
3,64.281,grad,16461808128
3,67.007,grad,16469152256
3,68.315,grad,16478589440
3,69.818,grad,16478589440
3,71.119,grad,16494433792
3,72.962,grad,16508130816
3,74.246,grad,16554272256
3,76.413,grad,16622560768
3,78.791,grad,16700220928
3,81.54,grad,16707565056
3,82.799,grad,16717002240
3,84.192,grad,16717002240
3,85.453,grad,16754866688
3,87.045,grad,16746543616
3,88.373,grad,16792685056
3,89.648,grad,16899770880
3,91.06,grad,16899770880
3,93.38,grad,16938633728
3,96.136,grad,16945977856
3,97.433,grad,16955415040
3,98.794,grad,16955415040
3,100.07,grad,16978599424
3,101.85,grad,16984956416
3,103.149,grad,17031097856
3,104.45,grad,17138183680
3,105.72,grad,17138183680
3,107.964,grad,17177046528
3,110.753,grad,17184390656
3,112.043,grad,17193827840
3,113.59,grad,17193827840
3,114.894,grad,17231692288
3,116.575,grad,17223369216
3,117.868,grad,17284190720
3,119.93,grad,17337799168
3,122.273,grad,17415459328
3,125.03,grad,17422803456
3,126.326,grad,17432240640
3,127.694,grad,17432240640
3,128.956,grad,17470105088
3,130.641,grad,17461782016
3,131.908,grad,17522603520
3,134.025,grad,17576211968
3,135.31,grad,17714689536
3,136.839,grad,17653872128
3,139.502,grad,17661216256
3,140.763,grad,17670653440
3,142.167,grad,17670653440
3,143.42,grad,17708517888
3,144.995,grad,17700194816
3,146.284,grad,17746336256
3,147.544,grad,17892219392
3,148.899,grad,17853422080
3,151.152,grad,17899624960
3,153.941,grad,17899629056
3,155.478,grad,17909066240
3,156.986,grad,17909066240
3,158.324,grad,17946930688
3,159.991,grad,17945947648
3,161.365,grad,17984749056
3,163.541,grad,18053037568
3,165.948,grad,18130697728
3,168.751,grad,18138041856
3,170.061,grad,18147479040
3,171.53,grad,18147479040
3,172.799,grad,18185343488
3,174.479,grad,18177020416
3,175.742,grad,18237841920
3,178.095,grad,18291450368
3,180.488,grad,18376450560
3,183.316,grad,18376569344
3,184.653,grad,18385891840
3,185.952,grad,18385891840
3,187.318,grad,18409076224
3,189.07,grad,18422773248
3,190.399,grad,18476254720
3,192.622,grad,18529863168
3,195.051,grad,18614863360
3,198.801,grad,18614982144
3,200.098,grad,18624304640
3,201.479,grad,18624304640
3,202.791,grad,18647489024
3,204.495,grad,18653846016
3,205.792,grad,18699987456
3,207.05,grad,18845870592
3,208.348,grad,18807073280
3,210.628,grad,18845936128
3,213.449,grad,18853280256
3,214.711,grad,18862717440
3,216.068,grad,18862717440
3,217.36,grad,18885901824
3,219.027,grad,18892258816
3,220.38,grad,18899602944
3,221.641,grad,19161878016
3,222.942,grad,19045486080
3,225.204,grad,19084348928
3,227.947,grad,19091693056
3,229.243,grad,19101130240
3,230.737,grad,19101130240
3,232.008,grad,19124314624
3,233.702,grad,19130671616
3,235.01,grad,19176813056
3,236.303,grad,19283898880
3,237.619,grad,19283898880
3,239.885,grad,19322761728
3,242.86,grad,19330105856
3,244.215,grad,19339543040
3,245.63,grad,19339543040
3,246.924,grad,19362727424
3,248.693,grad,19369084416
3,249.965,grad,19415225856
3,251.237,grad,19638703616
3,252.59,grad,19522311680
3,254.925,grad,19561174528
3,257.859,grad,19568518656
3,259.22,grad,19577955840
3,260.835,grad,19577955840
3,262.129,grad,19601140224
3,263.924,grad,19607497216
3,265.266,grad,19653638656
3,266.546,grad,19799521792
3,267.947,grad,19760724480
3,270.156,grad,19799587328
3,272.969,grad,19806931456
3,274.288,grad,19816368640
3,275.708,grad,19816368640
3,276.977,grad,19839553024
3,278.729,grad,19845910016
3,280.03,grad,19892051456
3,281.337,grad,19999137280
3,282.936,grad,19999137280
3,285.109,grad,20038000128
3,287.955,grad,20045344256
3,289.323,grad,20054781440
3,290.715,grad,20054781440
3,292.01,grad,20077965824
3,293.766,grad,20084322816
3,295.041,grad,20130464256
3,296.31,grad,20353942016
3,297.634,grad,20237550080
3,299.995,grad,20276412928
3,302.937,grad,20283757056
3,304.349,grad,20293194240
3,305.773,grad,20293194240
3,307.104,grad,20316378624
3,308.927,grad,20322735616
3,310.227,grad,20368877056
3,311.511,grad,20592354816
3,312.84,grad,20475962880
3,315.223,grad,20514825728
3,318.054,grad,20522169856
3,319.46,grad,20531607040
3,320.866,grad,20531607040
3,322.128,grad,20554791424
3,323.921,grad,20561148416
3,325.297,grad,20568492544
3,326.571,grad,20753172992
3,327.858,grad,20714375680
3,329.156,grad,20753238528
3,330.612,grad,20753238528
3,333.509,grad,20760697344
3,334.851,grad,20770019840
3,336.268,grad,20770019840
3,337.572,grad,20793204224
3,339.309,grad,20799561216
3,340.595,grad,20845702656
3,342.787,grad,20913991168
3,345.291,grad,20991651328
3,348.275,grad,20998995456
3,349.618,grad,21008432640
3,351.011,grad,21008432640
3,352.323,grad,21031617024
3,354.022,grad,21037974016
3,355.32,grad,21084115456
3,356.605,grad,21229998592
3,357.911,grad,21191201280
3,360.265,grad,21230064128
3,362.985,grad,21237408256
3,364.32,grad,21246845440
3,365.915,grad,21246845440
3,367.231,grad,21270029824
3,368.892,grad,21276386816
3,370.156,grad,21322528256
3,371.453,grad,21546006016
3,372.778,grad,21429614080
3,375.112,grad,21468476928
3,377.859,grad,21475821056
3,379.126,grad,21485258240
3,380.567,grad,21485258240
3,381.847,grad,21508442624
3,383.569,grad,21514799616
3,384.83,grad,21575621120
3,386.156,grad,21668026880
3,387.747,grad,21668026880
3,390.073,grad,21706889728
3,392.928,grad,21714233856
3,394.239,grad,21723671040
3,395.742,grad,21723671040
3,397.007,grad,21746855424
3,398.702,grad,21753212416
3,399.965,grad,21799353856
3,401.275,grad,21945236992
3,402.563,grad,21906439680
3,405.035,grad,21945302528
3,408.104,grad,21952646656
3,409.475,grad,21962083840
3,410.976,grad,21962083840
3,412.296,grad,21985268224
3,414.027,grad,21991625216
3,415.3,grad,22037766656
3,416.586,grad,22184698368
3,417.932,grad,22145901056
3,420.323,grad,22184763904
3,423.189,grad,22192108032
3,424.605,grad,22201545216
3,426.035,grad,22201545216
3,427.336,grad,22224729600
3,429.142,grad,22238426624
3,430.447,grad,22238430720
3,431.748,grad,22345516544
3,433.205,grad,22345516544
3,434.495,grad,22483994112
3,435.877,grad,22423176704
3,438.747,grad,22430520832
3,440.036,grad,22439958016
3,441.52,grad,22439958016
3,442.826,grad,22463142400
3,444.666,grad,22469499392
3,445.952,grad,22515640832
3,447.246,grad,22739118592
3,448.527,grad,22622726656
3,450.706,grad,22668929536
3,452.696,grad,22668933632
3,454.184,grad,23595813888
3,455.449,grad,23595832320
3,457.786,grad,23588474880
3,459.053,grad,23277048320
3,460.342,grad,23277048320
3,461.599,grad,23277048320
3,463.185,grad,23277049856
3,465.179,grad,22665713152
3,466.565,grad,22664396288
3,468.127,grad,22618193408
3,469.455,grad,22536076800
3,470.773,grad,22485419520
3,472.141,grad,22492759552
3,473.461,grad,22464310784
3,474.919,grad,22449449472
3,476.623,grad,22449515008
3,477.941,grad,22468323840
3,479.65,grad,22444632576
3,481.778,grad,22446174720
3,483.111,grad,22437517824
3,484.447,grad,22391314944
3,485.762,grad,22347995648
3,487.106,grad,22265944576
3,488.623,grad,22265881088
3,489.938,grad,22237366784
3,491.403,grad,22222636544
3,493.137,grad,22222571008
3,494.542,grad,22241445376
3,496.077,grad,22217688576
3,497.953,grad,22219296256
3,499.269,grad,22210639360
3,500.668,grad,22164436480
3,501.913,grad,22158865920
3,503.775,grad,22030614016
3,505.077,grad,22024185344
3,506.873,grad,21994710016
3,508.749,grad,21994643968
3,510.03,grad,22013387264
3,511.646,grad,21989761536
3,513.387,grad,21991369216
3,514.647,grad,21982712320
3,516.025,grad,21936509440
3,517.305,grad,21931987456
3,519.17,grad,21803735552
3,520.428,grad,21797306880
3,522.208,grad,21767831040
3,523.748,grad,21767765504
3,525.012,grad,21786574336
3,526.547,grad,21762883072
3,528.512,grad,21763966464
3,529.798,grad,21755899392
3,531.23,grad,21709696512
3,532.474,grad,21666377216
3,534.281,grad,21577184768
3,535.546,grad,21585436160
3,537.236,grad,21541149184
3,538.744,grad,21541214720
3,540.042,grad,21560089088
3,541.466,grad,21536332288
3,543.296,grad,21537350144
3,544.566,grad,21529152000
3,545.838,grad,21483014656
3,547.099,grad,21479377408
3,548.838,grad,21351125504
3,550.099,grad,21344696832
3,551.782,grad,21315155456
3,553.6,grad,21315220992
3,554.919,grad,21334095360
3,556.411,grad,21310338560
3,558.105,grad,21311553024
3,559.364,grad,21303289344
3,560.729,grad,21257086464
3,561.976,grad,21213767168
3,563.75,grad,21124312576
3,565.016,grad,21117883904
3,566.761,grad,21088276992
3,568.362,grad,21088276992
3,569.623,grad,21107216896
3,571.013,grad,21083394560
3,572.941,grad,21084477952
3,574.232,grad,21076345344
3,575.598,grad,21030142464
3,576.877,grad,21025620480
3,578.621,grad,20897499648
3,579.878,grad,20905751040
3,581.519,grad,20861529600
3,583.041,grad,20861529600
3,584.338,grad,20880403968
3,585.762,grad,20856647168
3,587.468,grad,20857730560
3,588.728,grad,20849597952
3,590.104,grad,20803395072
3,591.357,grad,20798873088
3,593.149,grad,20670621184
3,594.396,grad,20664192512
3,595.653,grad,20674539008
3,597.092,grad,20634651648
3,598.552,grad,20634651136
3,599.913,grad,20653525504
3,601.373,grad,20629768704
3,603.064,grad,20630852096
3,604.395,grad,20622719488
3,605.816,grad,20576516608
3,607.088,grad,20533197312
3,608.908,grad,20443742720
3,610.183,grad,20437314048
3,611.882,grad,20407772672
3,613.424,grad,20407772672
3,614.706,grad,20426647040
3,616.152,grad,20402890240
3,618.056,grad,20403973632
3,619.342,grad,20395841024
3,620.729,grad,20349638144
3,621.977,grad,20306318848
3,623.815,grad,20216929792
3,625.068,grad,20210501120
3,626.807,grad,20180959744
3,628.363,grad,20180959744
3,629.671,grad,20199834112
3,631.1,grad,20176077312
3,632.794,grad,20177160704
3,634.041,grad,20169028096
3,635.444,grad,20122825216
3,636.709,grad,20118303232
3,638.537,grad,19990051328
3,639.784,grad,19983622656
3,641.508,grad,19954081280
3,643.298,grad,19954081280
3,644.607,grad,19972955648
3,646.053,grad,19949198848
3,647.769,grad,19950282240
3,649.069,grad,19942149632
3,650.446,grad,19895946752
3,651.703,grad,19852627456
3,653.505,grad,19763238400
3,654.75,grad,19771489792
3,656.409,grad,19727268352
3,657.95,grad,19727268352
3,659.249,grad,19746142720
3,660.644,grad,19722385920
3,662.572,grad,19723469312
3,663.866,grad,19792931328
3,665.199,grad,19669133824
3,666.46,grad,19664611840
3,668.248,grad,19536359936
3,669.491,grad,19529931264
3,671.237,grad,19500389888
3,672.757,grad,19500389888
3,674.006,grad,19519133184
3,675.552,grad,19495507456
3,677.29,grad,19496590848
3,678.539,grad,19488458240
3,679.883,grad,19442255360
3,681.167,grad,19437733376
3,682.936,grad,19309481472
3,684.189,grad,19303052800
3,685.895,grad,19273511936
3,687.718,grad,19273511424
3,688.99,grad,19292254720
3,690.573,grad,19268628992
3,692.279,grad,19269712384
3,693.531,grad,19261579776
3,694.87,grad,19215376896
3,696.134,grad,19210854912
3,697.876,grad,19082603008
3,699.126,grad,19076174336
3,700.801,grad,19046632960
3,702.345,grad,19046632960
3,703.66,grad,19065507328
3,705.059,grad,19041750528
3,706.988,grad,19042833920
3,708.333,grad,19034701312
3,709.694,grad,18988498432
3,710.944,grad,18983976448
3,712.742,grad,18855724544
3,713.992,grad,18849295872
3,715.694,grad,18819754496
3,717.346,grad,18819754496
3,718.668,grad,18838628864
3,720.095,grad,18814872064
3,721.802,grad,18815955456
3,723.113,grad,18807822848
3,724.358,grad,18761619968
3,725.609,grad,18718300672
3,726.874,grad,18643524096
3,728.263,grad,18636186112
3,729.515,grad,18607671808
3,730.788,grad,18593793536
3,732.052,grad,18593793536
3,733.426,grad,18622760448
3,734.848,grad,18587502080
3,736.112,grad,18595333632
3,737.723,grad,18590060032
3,739.033,grad,18580944384
3,740.432,grad,18534741504
3,741.686,grad,18491422208
3,743.523,grad,18401967616
3,744.77,grad,18395538944
3,746.528,grad,18365997568
3,748.151,grad,18365997568
3,749.417,grad,18384740864
3,750.974,grad,18361115136
3,752.714,grad,18362198528
3,753.988,grad,18366321152
3,755.737,grad,18307863040
3,757.008,grad,18271883776
3,758.288,grad,18221289984
3,759.682,grad,18182494720
3,760.938,grad,18153980416
3,762.191,grad,18139184640
3,763.716,grad,18139184640
3,764.956,grad,18158124544
3,766.391,grad,18134302208
3,768.065,grad,18135385600
3,769.331,grad,18127252992
3,770.685,grad,18081443328
3,771.94,grad,18076528128
3,773.709,grad,17948341760
3,774.96,grad,17941913088
3,776.67,grad,17912371712
3,778.462,grad,17912371712
3,779.724,grad,17931180544
3,781.29,grad,17907489280
3,782.951,grad,17908572672
3,784.22,grad,17900440064
3,785.582,grad,17854237184
3,786.834,grad,17849715200
3,788.592,grad,17721528832
3,789.845,grad,17729780224
3,791.518,grad,17685559296
3,793.066,grad,17685558784
3,794.372,grad,17704433152
3,795.779,grad,17680676352
3,797.509,grad,17681759744
3,798.781,grad,17685882368
3,800.171,grad,17627424256
3,801.42,grad,17591444992
3,802.67,grad,17540851200
3,804.092,grad,17502055936
3,805.345,grad,17473541632
3,806.588,grad,17458745856
3,808.15,grad,17458745856
3,809.465,grad,17477620224
3,810.899,grad,17453863424
3,812.585,grad,17454946816
3,813.85,grad,17446814208
3,815.231,grad,17400611328
3,816.482,grad,17357292032
3,818.308,grad,17267837440
3,819.567,grad,17261408768
3,821.284,grad,17231867392
3,823.103,grad,17231867392
3,824.413,grad,17250741760
3,825.825,grad,17226984960
3,827.635,grad,17228068352
3,828.898,grad,17219870208
3,830.165,grad,17173732864
3,831.414,grad,17169210880
3,833.195,grad,17040958976
3,834.452,grad,17034530304
3,836.149,grad,17004988928
3,837.668,grad,17004988928
3,838.951,grad,17023928832
3,840.388,grad,17000106496
3,842.487,grad,17001189888
3,843.778,grad,17031789056
3,845.039,grad,16946854400
3,846.298,grad,16942332416
3,848.158,grad,16814080512
3,849.424,grad,16807651840
3,851.28,grad,16778110464
3,852.806,grad,16778110464
3,854.125,grad,16797050368
3,855.539,grad,16773228032
3,857.261,grad,16774311424
3,858.553,grad,16766178816
3,859.929,grad,16719975936
3,861.187,grad,16676656640
3,862.979,grad,16587202048
3,864.26,grad,16580773376
3,865.953,grad,16551232000
3,867.74,grad,16551232000
3,869.131,grad,16570171904
3,870.586,grad,16546349568
3,872.304,grad,16547432960
3,873.59,grad,16539300352
3,874.961,grad,16493097472
3,876.229,grad,16449843712
3,878.093,grad,16360389120
3,879.462,grad,16346620416
3,881.207,grad,16317079040
3,882.774,grad,16316816896
3,884.03,grad,16335822336
3,885.468,grad,16311934464
3,886.759,grad,16302005760
3,888.061,grad,16302005760
3,889.385,grad,16302005760
3,892.216,grad,16302005248
3,893.526,grad,16302005248
3,894.88,grad,16302005248
3,896.217,grad,16302005248
3,900.101,grad,16302005248
3,901.453,grad,16302005760
3,903.809,grad,16302005248
3,905.124,grad,16302072832
3,906.498,grad,16302008832
3,907.775,grad,16302466048
3,909.076,grad,16302006784
3,910.406,grad,16302465536
3,911.723,grad,16302007296
3,913.017,grad,16302006784
3,914.314,grad,16302072832
3,915.621,grad,16302465536
3,916.865,grad,16302466048
3,918.107,grad,16302007296
3,919.348,grad,16302465536
3,920.587,grad,16302007296
3,921.822,grad,16302009344
3,923.074,grad,16302006784
3,924.43,grad,16302465536
3,925.715,grad,16302007296
3,926.979,grad,16302468096
3,928.266,grad,16302008832
3,929.547,grad,16302465536
3,930.797,grad,16302072320
3,932.078,grad,16302007296
3,933.442,grad,16302009344
3,934.724,grad,16302466048
3,936.015,grad,16302072320
3,937.316,grad,16302009344
3,938.602,grad,16302531072
3,939.856,grad,16302007296
3,941.127,grad,16302009344
3,942.468,grad,16302008832
3,943.739,grad,16302465536
3,944.999,grad,16302531072
3,946.295,grad,16302007296
3,947.556,grad,16302072320
3,948.806,grad,16302007296
3,950.092,grad,16302008832
3,951.403,grad,16302006784
3,952.651,grad,16302466048
3,953.93,grad,16302006784
3,955.211,grad,16302076416
3,956.596,grad,16307024896
3,957.916,grad,16307843584
3,959.249,grad,16313775104
3,960.529,grad,16316659712
3,961.815,grad,16321377280
3,963.11,grad,16324325888
3,964.371,grad,16329044480
3,965.635,grad,16334551040
3,966.875,grad,16338579968
3,968.141,grad,16345560576
3,969.462,grad,16347427840
3,970.727,grad,16355062272
3,972.045,grad,16356962816
3,973.411,grad,16360403968
3,974.698,grad,16362960384
3,975.971,grad,16366563840
3,977.269,grad,16370169344
3,978.636,grad,16373248512
3,979.993,grad,16377509376
3,981.308,grad,16379376640
3,982.571,grad,16384029184
3,983.826,grad,16385930752
3,985.13,grad,16389763584
3,986.39,grad,16393369600
3,987.632,grad,16396448256
3,988.871,grad,16399364608
3,990.172,grad,16402215424
3,991.427,grad,16406476800
3,992.668,grad,16408343040
3,993.912,grad,16412996096
3,995.173,grad,16414898176
3,996.477,grad,16418731008
3,997.79,grad,16422336000
3,999.045,grad,16425185792
3,1000.354,grad,16429675008
3,1001.6,grad,16431542784
3,1002.843,grad,16436195840
3,1004.131,grad,16438097408
3,1005.435,grad,16441930752
3,1006.732,grad,16445536256
3,1008.007,grad,16448614912
3,1009.39,grad,16452876288
3,1010.682,grad,16454808064
3,1011.938,grad,16458969600
3,1013.238,grad,16461297152
3,1014.522,grad,16465129984
3,1015.786,grad,16468735488
3,1017.062,grad,16471815168
3,1018.352,grad,16475943424
3,1019.631,grad,16477581824
3,1020.925,grad,16477403136
3,1022.216,grad,16477438464
3,1023.544,grad,16477474816
3,1024.837,grad,16477511680
3,1026.267,grad,16477533696
3,1027.609,grad,16477570048
3,1028.924,grad,16390352896
3,1030.321,grad,16208392192
3,1031.65,grad,16152850432
3,1032.987,grad,16152695296
3,1038.564,grad,16152682496
3,1044.993,grad,16152690688
3,1051.452,grad,16152690688
3,1057.834,grad,16152690688
3,1062.934,grad,16152690688
3,1064.306,grad,16160233472
3,1066.391,grad,16160362496
3,1069.413,grad,16167702528
3,1070.828,grad,16177139712
3,1072.258,grad,16177139712
3,1073.534,grad,16200324096
3,1075.33,grad,16206681088
3,1076.601,grad,16252822528
3,1077.872,grad,16359908352
3,1079.194,grad,16359908352
3,1081.505,grad,16398771200
3,1084.58,grad,16406115328
3,1085.851,grad,16415552512
3,1087.232,grad,16415552512
3,1088.529,grad,16438736896
3,1090.275,grad,16445093888
3,1091.583,grad,16491235328
3,1092.87,grad,16637118464
3,1094.114,grad,16598321152
3,1096.328,grad,16637184000
3,1099.195,grad,16644528128
3,1100.457,grad,16653965312
3,1101.825,grad,16653965312
3,1103.187,grad,16669809664
3,1105.02,grad,16683506688
3,1106.345,grad,16744328192
3,1108.528,grad,16797936640
3,1109.79,grad,16882936832
3,1111.231,grad,16875596800
3,1113.929,grad,16882940928
3,1115.258,grad,16892378112
3,1116.602,grad,16892378112
3,1117.895,grad,16930242560
3,1119.671,grad,16921919488
3,1120.959,grad,16968060928
3,1123.239,grad,17036349440
3,1124.53,grad,17189507072
3,1126.11,grad,17114009600
3,1128.909,grad,17121353728
3,1130.294,grad,17130790912
3,1131.723,grad,17130790912
3,1133.028,grad,17153975296
3,1134.691,grad,17160332288
3,1135.951,grad,17206473728
3,1137.212,grad,17313559552
3,1138.493,grad,17313559552
3,1140.938,grad,17352422400
3,1143.95,grad,17360094208
3,1145.272,grad,17369531392
3,1146.677,grad,17369531392
3,1147.981,grad,17392715776
3,1149.702,grad,17399072768
3,1150.987,grad,17445541888
3,1152.269,grad,17552627712
3,1153.645,grad,17552627712
3,1155.77,grad,17591818240
3,1158.601,grad,17599162368
3,1159.981,grad,17608599552
3,1161.421,grad,17608599552
3,1162.755,grad,17631783936
3,1164.454,grad,17638140928
3,1165.78,grad,17645485056
3,1167.039,grad,17907760128
3,1168.354,grad,17791368192
3,1170.707,grad,17830231040
3,1173.463,grad,17837575168
3,1174.737,grad,17847012352
3,1176.118,grad,17847012352
3,1177.387,grad,17884876800
3,1179.02,grad,17876881408
3,1180.304,grad,17922695168
3,1181.56,grad,18030436352
3,1182.934,grad,18030436352
3,1185.1,grad,18076639232
3,1188.059,grad,18076643328
3,1189.377,grad,18086080512
3,1190.834,grad,18086080512
3,1192.105,grad,18109592576
3,1193.803,grad,18115949568
3,1195.123,grad,18161763328
3,1196.424,grad,18332025856
3,1198.963,grad,18230379520
3,1200.288,grad,18315707392
3,1201.791,grad,18308039680
3,1204.59,grad,18315711488
3,1205.93,grad,18325148672
3,1207.744,grad,18325148672
3,1209.119,grad,18340993024
3,1211.153,grad,18354690048
3,1212.419,grad,18400831488
3,1213.697,grad,18546714624
3,1215.048,grad,18507917312
3,1217.246,grad,18546780160
3,1219.072,grad,18554124288
3,1221.813,grad,18554124288
3,1223.322,grad,18563561472
3,1224.799,grad,18563561472
3,1226.121,grad,18579405824
3,1227.99,grad,18593102848
3,1229.285,grad,18639244288
3,1230.557,grad,18746330112
3,1231.988,grad,18707532800
3,1233.3,grad,18846010368
3,1234.919,grad,18785192960
3,1237.614,grad,18792537088
3,1239.108,grad,18801974272
3,1240.703,grad,18801974272
3,1242.003,grad,18817818624
3,1244.253,grad,18831515648
3,1245.559,grad,18877657088
3,1247.723,grad,18945945600
3,1250.028,grad,19023605760
3,1253.024,grad,19030949888
3,1254.354,grad,19040387072
3,1255.733,grad,19040387072
3,1256.993,grad,19078251520
3,1258.6,grad,19069928448
3,1259.913,grad,19116069888
3,1261.194,grad,19339547648
3,1262.446,grad,19223155712
3,1264.735,grad,19262018560
3,1267.387,grad,19269362688
3,1268.68,grad,19278799872
3,1270.058,grad,19278799872
3,1271.422,grad,19294644224
3,1273.308,grad,19308341248
3,1274.569,grad,19354482688
3,1275.815,grad,19422771200
3,1277.153,grad,19461568512
3,1279.22,grad,19500431360
3,1281.933,grad,19507775488
3,1283.217,grad,19517212672
3,1284.551,grad,19517212672
3,1285.804,grad,19555077120
3,1287.365,grad,19546754048
3,1288.622,grad,19607575552
3,1290.685,grad,19661184000
3,1294.22,grad,19738844160
3,1297.049,grad,19746302976
3,1298.377,grad,19755625472
3,1299.716,grad,19755625472
3,1301.001,grad,19778809856
3,1302.789,grad,19785166848
3,1304.104,grad,19831308288
3,1306.305,grad,19899596800
3,1308.698,grad,19977256960
3,1311.716,grad,19984715776
3,1313.025,grad,19994038272
3,1314.39,grad,19994038272
3,1315.677,grad,20031902720
3,1317.302,grad,20023579648
3,1318.595,grad,20084401152
3,1320.654,grad,20138009600
3,1323.099,grad,20215669760
3,1325.869,grad,20223013888
3,1327.149,grad,20232451072
3,1328.521,grad,20232451072
3,1329.8,grad,20248295424
3,1331.56,grad,20261992448
3,1332.853,grad,20308133888
3,1334.979,grad,20376422400
3,1337.282,grad,20454082560
3,1340.006,grad,20461426688
3,1341.291,grad,20470863872
3,1342.643,grad,20470863872
3,1343.91,grad,20508728320
3,1345.418,grad,20500405248
3,1346.682,grad,20561226752
3,1348.727,grad,20614835200
3,1351.196,grad,20692495360
3,1353.92,grad,20699839488
3,1355.209,grad,20709276672
3,1356.513,grad,20709276672
3,1357.77,grad,20747141120
3,1359.299,grad,20738818048
3,1360.582,grad,20799639552
3,1362.668,grad,20853248000
3,1364.924,grad,20930908160
3,1367.834,grad,20938366976
3,1369.122,grad,20947689472
3,1370.424,grad,20947689472
3,1371.746,grad,20985553920
3,1373.419,grad,20977230848
3,1374.708,grad,21023372288
3,1376.803,grad,21091660800
3,1379.122,grad,21169320960
3,1381.81,grad,21176665088
3,1383.106,grad,21186102272
3,1384.496,grad,21186102272
3,1385.803,grad,21201946624
3,1387.623,grad,21215643648
3,1388.923,grad,21276465152
3,1390.955,grad,21330073600
3,1393.404,grad,21407733760
3,1396.113,grad,21415077888
3,1397.415,grad,21424515072
3,1398.705,grad,21424515072
3,1399.978,grad,21462379520
3,1401.502,grad,21454056448
3,1402.83,grad,21500197888
3,1404.964,grad,21568486400
3,1407.576,grad,21646146560
3,1410.267,grad,21653490688
3,1411.568,grad,21662927872
3,1412.942,grad,21662927872
3,1414.238,grad,21686112256
3,1415.901,grad,21699809280
3,1417.236,grad,21753290752
3,1419.292,grad,21806899200
3,1421.584,grad,21891899392
3,1424.518,grad,21891903488
3,1425.813,grad,21901340672
3,1427.138,grad,21901340672
3,1428.417,grad,21939205120
3,1430.025,grad,21938222080
3,1431.326,grad,21991703552
3,1433.417,grad,22045312000
3,1435.74,grad,22130312192
3,1438.335,grad,22130316288
3,1439.603,grad,22139753472
3,1440.856,grad,22139753472
3,1442.102,grad,22162937856
3,1443.853,grad,22169294848
3,1445.102,grad,22230116352
3,1447.059,grad,22283724800
3,1449.341,grad,22361384960
3,1452.051,grad,22368729088
3,1453.362,grad,22378166272
3,1454.721,grad,22378166272
3,1456.0,grad,22416030720
3,1457.599,grad,22415047680
3,1458.874,grad,22468529152
3,1460.97,grad,22522137600
3,1463.388,grad,22599797760
3,1466.049,grad,22607256576
3,1468.481,grad,22616579072
3,1469.76,grad,22654443520
3,1471.341,grad,22646120448
3,1472.625,grad,22692261888
3,1473.918,grad,22838145024
3,1475.264,grad,22799347712
3,1477.077,grad,22838210560
3,1478.389,grad,23149572096
3,1479.853,grad,23772460032
3,1481.131,grad,23772453376
3,1483.545,grad,23765095936
3,1484.865,grad,23453669376
3,1486.118,grad,23453669376
3,1487.36,grad,23453669376
3,1489.184,grad,23453670912
3,1491.197,grad,22842334208
3,1492.532,grad,22853272576
3,1494.191,grad,22794814464
3,1495.51,grad,22773580800
3,1496.834,grad,22708175872
3,1498.187,grad,22662040576
3,1499.504,grad,22655677440
3,1501.524,grad,22626071040
3,1503.213,grad,22626136064
3,1504.521,grad,22644944896
3,1506.21,grad,22621253632
3,1508.544,grad,22622795776
3,1509.868,grad,22614138880
3,1511.277,grad,22568001536
3,1512.593,grad,22563479552
3,1514.617,grad,22435227648
3,1515.935,grad,22428798976
3,1517.852,grad,22399192576
3,1519.564,grad,22413937664
3,1520.953,grad,22418131968
3,1522.559,grad,22394375168
3,1524.43,grad,22395917312
3,1525.752,grad,22387260416
3,1527.295,grad,22341057536
3,1528.616,grad,22259268608
3,1529.943,grad,22209332224
3,1531.282,grad,22216672256
3,1532.596,grad,22188157952
3,1534.044,grad,22173427712
3,1536.68,grad,22173362176
3,1538.079,grad,22192236544
3,1539.659,grad,22168479744
3,1541.66,grad,22170087424
3,1542.974,grad,22162315264
3,1544.411,grad,22116177920
3,1545.723,grad,22111655936
3,1547.721,grad,21983404032
3,1549.033,grad,21976975360
3,1550.915,grad,21947500032
3,1552.578,grad,21947433984
3,1553.992,grad,21966308352
3,1555.578,grad,21942551552
3,1557.791,grad,21944159232
3,1559.114,grad,21935502336
3,1560.509,grad,21889364992
3,1561.822,grad,21807248384
3,1563.128,grad,21756591104
3,1564.558,grad,21763931136
3,1565.872,grad,21735416832
3,1567.312,grad,21720555520
3,1569.108,grad,21735301120
3,1570.503,grad,21739495424
3,1572.05,grad,21715738624
3,1573.859,grad,21716756480
3,1575.171,grad,21708623872
3,1576.478,grad,21662420992
3,1577.787,grad,21619363840
3,1579.115,grad,21537312768
3,1580.583,grad,21537249280
3,1581.893,grad,21508734976
3,1583.33,grad,21494004736
3,1585.24,grad,21493939200
3,1586.55,grad,21512682496
3,1588.297,grad,21489056768
3,1590.07,grad,21490140160
3,1591.446,grad,21482892288
3,1592.996,grad,21436689408
3,1594.359,grad,21354572800
3,1595.687,grad,21303915520
3,1597.009,grad,21311255552
3,1598.374,grad,21282741248
3,1599.817,grad,21268011008
3,1601.496,grad,21267945472
3,1602.809,grad,21286754304
3,1604.497,grad,21263063040
3,1606.727,grad,21264146432
3,1608.05,grad,21255948288
3,1609.49,grad,21209810944
3,1610.81,grad,21127694336
3,1612.127,grad,21077037056
3,1613.505,grad,21084377088
3,1614.813,grad,21055928320
3,1616.24,grad,21041067008
3,1617.881,grad,21041067008
3,1619.139,grad,21059875840
3,1620.792,grad,21036184576
3,1622.774,grad,21037267968
3,1624.096,grad,21067867136
3,1625.415,grad,20982932480
3,1626.732,grad,20978476032
3,1628.754,grad,20850224128
3,1630.065,grad,20858409984
3,1631.406,grad,20838421504
3,1632.972,grad,20814254592
3,1634.548,grad,20814188544
3,1635.87,grad,20832997376
3,1637.561,grad,20809306112
3,1639.61,grad,20810389504
3,1640.929,grad,20802191360
3,1642.368,grad,20756054016
3,1643.687,grad,20673937408
3,1645.79,grad,20623280128
3,1647.113,grad,20631531520
3,1648.94,grad,20587376128
3,1650.606,grad,20587310080
3,1651.928,grad,20606118912
3,1653.611,grad,20582427648
3,1655.804,grad,20583511040
3,1657.117,grad,20575312896
3,1658.519,grad,20529175552
3,1659.839,grad,20485921792
3,1661.757,grad,20396467200
3,1663.072,grad,20404653056
3,1664.899,grad,20360497664
3,1666.529,grad,20360431616
3,1667.942,grad,20379305984
3,1669.546,grad,20355549184
3,1671.367,grad,20356632576
3,1672.686,grad,20346140672
3,1674.152,grad,20302362624
3,1675.473,grad,20273723392
3,1676.808,grad,20208384000
3,1678.134,grad,20176928768
3,1679.457,grad,20163094528
3,1681.226,grad,20133553152
3,1683.133,grad,20133618688
3,1684.523,grad,20152493056
3,1686.047,grad,20128736256
3,1687.837,grad,20129754112
3,1689.142,grad,20121687040
3,1690.482,grad,20075484160
3,1691.788,grad,20032164864
3,1693.117,grad,19950048256
3,1694.578,grad,19950050304
3,1695.894,grad,19921536000
3,1697.303,grad,19906674688
3,1698.997,grad,19921354752
3,1700.406,grad,19925549056
3,1702.014,grad,19901792256
3,1704.218,grad,19902875648
3,1705.537,grad,19894677504
3,1706.925,grad,19848540160
3,1708.291,grad,19766423552
3,1709.621,grad,19715766272
3,1710.946,grad,19723171840
3,1712.302,grad,19694657536
3,1713.676,grad,19679861760
3,1715.39,grad,19679861760
3,1716.773,grad,19698736128
3,1718.335,grad,19674979328
3,1720.241,grad,19676062720
3,1721.545,grad,19667864576
3,1722.948,grad,19621661696
3,1724.309,grad,19617139712
3,1726.329,grad,19488887808
3,1727.647,grad,19482524672
3,1729.564,grad,19452983808
3,1731.503,grad,19467663360
3,1732.901,grad,19471857664
3,1734.452,grad,19448100864
3,1736.241,grad,19449184256
3,1737.548,grad,19440986112
3,1739.055,grad,19394783232
3,1740.397,grad,19312666624
3,1741.725,grad,19262140416
3,1743.044,grad,19269480448
3,1744.391,grad,19240966144
3,1745.774,grad,19226170368
3,1747.472,grad,19240850432
3,1748.808,grad,19244979200
3,1750.463,grad,19221287936
3,1752.644,grad,19222371328
3,1753.965,grad,19214173184
3,1755.421,grad,19168035840
3,1756.752,grad,19085919232
3,1758.073,grad,19035261952
3,1759.397,grad,19042599936
3,1760.706,grad,19014087680
3,1762.137,grad,18999291904
3,1763.825,grad,19013971968
3,1765.179,grad,19018166272
3,1766.713,grad,18994409472
3,1768.68,grad,18995492864
3,1769.988,grad,18987294720
3,1771.416,grad,18941157376
3,1772.729,grad,18859040768
3,1774.052,grad,18808383488
3,1775.388,grad,18815723520
3,1776.703,grad,18787209216
3,1778.096,grad,18772413440
3,1780.037,grad,18772413440
3,1781.382,grad,18791287808
3,1783.055,grad,18767531008
3,1784.868,grad,18768614400
3,1786.218,grad,18760481792
3,1787.558,grad,18714278912
3,1788.883,grad,18685639680
3,1790.209,grad,18627705856
3,1791.752,grad,18588910592
3,1793.064,grad,18560396288
3,1794.54,grad,18545600512
3,1796.23,grad,18545600512
3,1797.539,grad,18564409344
3,1799.249,grad,18540390400
3,1801.298,grad,18541801472
3,1802.64,grad,18533668864
3,1803.986,grad,18487138304
3,1805.326,grad,18458499072
3,1806.65,grad,18392832000
3,1808.023,grad,18361376768
3,1809.394,grad,18347542528
3,1811.132,grad,18318066688
3,1812.802,grad,18318066688
3,1814.181,grad,18337006592
3,1815.705,grad,18313184256
3,1817.663,grad,18314267648
3,1818.973,grad,18306462720
3,1820.406,grad,18260325376
3,1821.718,grad,18178208768
3,1823.04,grad,18127223808
3,1824.377,grad,18127221760
3,1825.69,grad,18106049536
3,1827.097,grad,18090926080
3,1828.408,grad,18098266112
3,1829.728,grad,18120876032
3,1831.241,grad,18085552128
3,1832.551,grad,18093383680
3,1834.305,grad,18087127040
3,1835.615,grad,18078994432
3,1837.13,grad,18032791552
3,1838.445,grad,18028269568
3,1840.453,grad,17900017664
3,1841.769,grad,17908269056
3,1843.609,grad,17864048128
3,1845.303,grad,17864047616
3,1846.609,grad,17882921984
3,1848.307,grad,17859165184
3,1850.047,grad,17860248576
3,1851.38,grad,17864043520
3,1853.046,grad,17805585408
3,1854.39,grad,17776946176
3,1855.721,grad,17711672320
3,1857.053,grad,17680217088
3,1858.402,grad,17666382848
3,1860.153,grad,17636907008
3,1861.772,grad,17636907008
3,1863.175,grad,17655846912
3,1864.756,grad,17631696896
3,1866.688,grad,17632780288
3,1867.997,grad,17624582144
3,1869.441,grad,17578444800
3,1870.762,grad,17573922816
3,1872.077,grad,17445736448
3,1873.413,grad,17453076480
3,1874.723,grad,17424562176
3,1876.16,grad,17409766400
3,1878.058,grad,17409766400
3,1879.403,grad,17428640768
3,1881.067,grad,17404883968
3,1883.034,grad,17405967360
3,1884.391,grad,17397769216
3,1885.769,grad,17351631872
3,1887.105,grad,17347109888
3,1888.425,grad,17218923520
3,1889.757,grad,17211581440
3,1891.07,grad,17197749248
3,1892.496,grad,17182953472
3,1894.158,grad,17182953472
3,1895.465,grad,17201827840
3,1897.095,grad,17178071040
3,1898.859,grad,17179154432
3,1900.171,grad,17182818304
3,1901.917,grad,17124818944
3,1903.248,grad,17081499648
3,1904.591,grad,17038180352
3,1906.107,grad,16999385088
3,1907.417,grad,16970870784
3,1908.771,grad,16956075520
3,1910.41,grad,16956075008
3,1911.748,grad,16974949376
3,1913.334,grad,16951192576
3,1915.104,grad,16952275968
3,1916.44,grad,16944143360
3,1917.913,grad,16897940480
3,1919.247,grad,16893418496
3,1921.248,grad,16765232128
3,1922.559,grad,16758803456
3,1924.427,grad,16729262080
3,1926.364,grad,16729262080
3,1927.714,grad,16748136448
3,1929.315,grad,16724379648
3,1931.099,grad,16725463040
3,1932.403,grad,16717330432
3,1933.894,grad,16671127552
3,1935.213,grad,16666605568
3,1937.207,grad,16538419200
3,1938.523,grad,16524650496
3,1940.406,grad,16495109632
3,1942.075,grad,16494846976
3,1943.438,grad,16513721344
3,1944.972,grad,16489964544
3,1946.298,grad,16480035840
3,1947.565,grad,16480035840
3,1948.808,grad,16480035840
3,1950.315,grad,16480035328
3,1952.118,grad,16480035328
3,1953.426,grad,16480035328
3,1954.999,grad,16480035328
3,1956.304,grad,16480035328
3,1959.513,grad,16480035328
3,1960.79,grad,16480035328
3,1963.03,grad,16480035328
3,1964.316,grad,16480102912
3,1965.598,grad,16480039424
3,1966.888,grad,16480495616
3,1968.142,grad,16480037376
3,1969.431,grad,16480038912
3,1970.689,grad,16480038912
3,1971.937,grad,16480496128
3,1973.209,grad,16480495616
3,1974.457,grad,16480037376
3,1975.761,grad,16480496128
3,1977.049,grad,16480036864
3,1978.319,grad,16480037376
3,1979.56,grad,16480038912
3,1980.797,grad,16480954368
3,1982.053,grad,16480102912
3,1983.367,grad,16480038912
3,1984.614,grad,16480102912
3,1985.906,grad,16480036864
3,1987.15,grad,16480037376
3,1988.436,grad,16480038912
3,1989.697,grad,16480495616
3,1991.007,grad,16480102400
3,1992.296,grad,16480038912
3,1993.595,grad,16480102400
3,1994.887,grad,16480495616
3,1996.137,grad,16480497664
3,1997.395,grad,16480036864
3,1998.633,grad,16480496128
3,1999.965,grad,16480037376
3,2001.276,grad,16480039424
3,2002.539,grad,16480102912
3,2003.809,grad,16480496128
3,2005.161,grad,16480102400
3,2006.494,grad,16480037376
3,2007.79,grad,16480495616
3,2009.13,grad,16480102400
3,2010.46,grad,16480038912
3,2011.732,grad,16480561152
3,2012.981,grad,16480037376
3,2014.273,grad,16480105984
3,2015.56,grad,16486365184
3,2016.853,grad,16489248768
3,2018.17,grad,16494295040
3,2019.449,grad,16497867264
3,2020.78,grad,16502880256
3,2022.116,grad,16505797632
3,2023.437,grad,16508876800
3,2024.701,grad,16513007104
3,2025.988,grad,16514873856
3,2027.285,grad,16519298048
3,2028.603,grad,16520346112
3,2029.907,grad,16525097472
3,2031.235,grad,16527718400
3,2032.582,grad,16531978240
3,2033.867,grad,16535124480
3,2035.183,grad,16538204672
3,2036.441,grad,16542104576
3,2037.698,grad,16543971840
3,2039.011,grad,16548198400
3,2040.353,grad,16550754816
3,2041.709,grad,16554358784
3,2043.026,grad,16557964288
3,2044.328,grad,16561272832
3,2045.594,grad,16565173248
3,2046.891,grad,16567040512
3,2048.144,grad,16570940928
3,2049.464,grad,16572446720
3,2050.709,grad,16577329152
3,2051.957,grad,16579721728
3,2053.25,grad,16583325696
3,2054.507,grad,16586931712
3,2055.759,grad,16590010880
3,2057.097,grad,16594140672
3,2058.457,grad,16595646464
3,2059.72,grad,16600201216
3,2060.98,grad,16602561536
3,2062.257,grad,16606165504
3,2063.581,grad,16610196480
3,2064.831,grad,16613276160
3,2066.143,grad,16618093056
3,2067.499,grad,16618912256
3,2068.807,grad,16623499264
3,2070.122,grad,16626284544
3,2071.411,grad,16630347776
3,2072.805,grad,16633493504
3,2074.162,grad,16636573696
3,2075.496,grad,16641161216
3,2076.756,grad,16643128832
3,2078.002,grad,16646568448
3,2079.288,grad,16647680512
3,2080.54,grad,16647718912
3,2081.791,grad,16647755776
3,2083.056,grad,16647792128
3,2084.367,grad,16647830016
3,2085.939,grad,16647867392
3,2087.22,grad,16571790848
3,2088.498,grad,16379278848
3,2089.757,grad,16330618368
3,2091.006,grad,16364271104
3,2092.29,grad,16395630080
3,2093.554,grad,16429544960
3,2094.817,grad,16464442880
3,2096.113,grad,16433870336
3,2097.424,grad,16309974528
3,2098.724,grad,16185488896
3,2099.987,grad,16139336192
3,2106.359,grad,16139249152
3,2112.767,grad,16139257344
3,2119.16,grad,16139257344
3,2125.53,grad,16139257344
3,2130.168,grad,16139257344
3,2131.505,grad,16146734592
3,2133.664,grad,16146863616
3,2136.53,grad,16154203648
3,2137.869,grad,16163640832
3,2139.319,grad,16163640832
3,2140.639,grad,16186825216
3,2142.476,grad,16200522240
3,2143.769,grad,16239323648
3,2145.932,grad,16307612160
3,2148.891,grad,16385272320
3,2151.68,grad,16392731136
3,2153.003,grad,16402053632
3,2154.442,grad,16402053632
3,2155.746,grad,16425238016
3,2157.385,grad,16431595008
3,2158.659,grad,16477736448
3,2159.941,grad,16623619584
3,2161.321,grad,16584822272
3,2163.521,grad,16623685120
3,2166.239,grad,16631029248
3,2167.505,grad,16640466432
3,2168.849,grad,16640466432
3,2170.217,grad,16656310784
3,2172.05,grad,16670007808
3,2173.366,grad,16730829312
3,2175.52,grad,16784437760
3,2177.869,grad,16862097920
3,2180.643,grad,16869556736
3,2181.975,grad,16878879232
3,2183.355,grad,16878879232
3,2184.669,grad,16902063616
3,2186.366,grad,16908420608
3,2187.638,grad,16969242112
3,2189.88,grad,17022850560
3,2191.156,grad,17161328128
3,2192.678,grad,17100510720
3,2195.404,grad,17107854848
3,2196.686,grad,17117292032
3,2197.992,grad,17117292032
3,2199.311,grad,17155156480
3,2200.954,grad,17146833408
3,2202.277,grad,17207654912
3,2204.314,grad,17261263360
3,2206.746,grad,17346263552
3,2209.695,grad,17346382336
3,2210.983,grad,17355704832
3,2212.293,grad,17355704832
3,2213.572,grad,17393569280
3,2215.272,grad,17392586240
3,2216.523,grad,17446067712
3,2218.554,grad,17499676160
3,2220.934,grad,17584676352
3,2223.619,grad,17584680448
3,2224.892,grad,17594117632
3,2226.303,grad,17594117632
3,2227.575,grad,17631982080
3,2229.107,grad,17623659008
3,2230.43,grad,17631003136
3,2231.706,grad,17776886272
3,2233.103,grad,17776886272
3,2235.203,grad,17815749120
3,2237.994,grad,17823093248
3,2239.321,grad,17832530432
3,2240.66,grad,17832530432
3,2241.939,grad,17855714816
3,2243.571,grad,17862071808
3,2244.843,grad,17922893312
3,2246.98,grad,18015299072
3,2249.408,grad,18054161920
3,2252.44,grad,18061620736
3,2253.722,grad,18070943232
3,2255.047,grad,18070943232
3,2256.418,grad,18108807680
3,2258.064,grad,18100484608
3,2259.359,grad,18161306112
3,2261.49,grad,18214914560
3,2263.807,grad,18292574720
3,2266.543,grad,18299918848
3,2267.799,grad,18309356032
3,2269.319,grad,18309356032
3,2270.598,grad,18347220480
3,2272.222,grad,18338897408
3,2273.5,grad,18385038848
3,2275.623,grad,18453327360
3,2278.009,grad,18538327552
3,2280.674,grad,18538331648
3,2281.952,grad,18547768832
3,2283.331,grad,18547768832
3,2284.625,grad,18585633280
3,2286.268,grad,18577310208
3,2287.523,grad,18638131712
3,2289.77,grad,18691740160
3,2292.176,grad,18776740352
3,2294.885,grad,18776744448
3,2296.148,grad,18786181632
3,2297.523,grad,18786181632
3,2298.815,grad,18824046080
3,2300.35,grad,18815723008
3,2301.674,grad,18861864448
3,2302.995,grad,19007747584
3,2304.383,grad,18968950272
3,2306.478,grad,19007813120
3,2309.446,grad,19015271936
3,2310.733,grad,19024594432
3,2312.072,grad,19024594432
3,2313.411,grad,19062458880
3,2314.98,grad,19054135808
3,2316.302,grad,19100277248
3,2317.608,grad,19246160384
3,2318.883,grad,19207363072
3,2321.19,grad,19253565952
3,2323.973,grad,19253570048
3,2325.303,grad,19263007232
3,2326.691,grad,19263007232
3,2328.112,grad,19278851584
3,2329.891,grad,19292548608
3,2331.113,grad,19338690048
3,2332.384,grad,19562167808
3,2333.703,grad,19445775872
3,2335.982,grad,19491978752
3,2338.773,grad,19491982848
3,2340.036,grad,19501420032
3,2341.369,grad,19501420032
3,2342.628,grad,19524604416
3,2344.302,grad,19530961408
3,2345.563,grad,19577102848
3,2347.757,grad,19645391360
3,2349.202,grad,19730391552
3,2350.547,grad,19723051520
3,2353.4,grad,19730395648
3,2354.683,grad,19739832832
3,2356.064,grad,19739832832
3,2357.401,grad,19777697280
3,2359.012,grad,19769374208
3,2360.308,grad,19815515648
3,2362.41,grad,19883804160
3,2364.885,grad,19961464320
3,2367.804,grad,19968808448
3,2369.124,grad,19978245632
3,2370.58,grad,19978245632
3,2371.891,grad,20016110080
3,2373.537,grad,20007787008
3,2374.807,grad,20053928448
3,2376.927,grad,20122216960
3,2379.299,grad,20199877120
3,2382.044,grad,20207221248
3,2383.334,grad,20216658432
3,2384.737,grad,20216658432
3,2386.041,grad,20225047552
3,2387.314,grad,20269268480
3,2388.8,grad,20246199808
3,2390.053,grad,20307021312
3,2392.16,grad,20360629760
3,2393.478,grad,20445629952
3,2394.888,grad,20438289920
3,2397.647,grad,20445634048
3,2398.928,grad,20455071232
3,2400.327,grad,20455071232
3,2401.595,grad,20492935680
3,2403.272,grad,20491952640
3,2404.56,grad,20545434112
3,2406.638,grad,20599042560
3,2409.293,grad,20684042752
3,2411.972,grad,20684046848
3,2413.28,grad,20693484032
3,2414.669,grad,20693484032
3,2415.982,grad,20731348480
3,2417.604,grad,20723025408
3,2418.898,grad,20769166848
3,2420.197,grad,20876252672
3,2421.579,grad,20876252672
3,2423.703,grad,20915115520
3,2426.66,grad,20922574336
3,2427.95,grad,20931896832
3,2429.355,grad,20931896832
3,2430.626,grad,20955081216
3,2432.324,grad,20961438208
3,2433.601,grad,21022259712
3,2435.658,grad,21075868160
3,2437.965,grad,21153528320
3,2440.793,grad,21160872448
3,2442.092,grad,21170309632
3,2443.409,grad,21170309632
3,2444.73,grad,21186153984
3,2446.434,grad,21199851008
3,2447.682,grad,21260672512
3,2448.967,grad,21391875584
3,2450.386,grad,21353078272
3,2452.441,grad,21391941120
3,2455.199,grad,21399285248
3,2456.477,grad,21408722432
3,2457.759,grad,21408722432
3,2459.007,grad,21446586880
3,2460.724,grad,21438263808
3,2461.992,grad,21499085312
3,2464.067,grad,21552693760
3,2466.618,grad,21630353920
3,2469.448,grad,21637812736
3,2470.718,grad,21647135232
3,2472.035,grad,21647135232
3,2473.336,grad,21684999680
3,2474.92,grad,21676676608
3,2476.207,grad,21722818048
3,2478.272,grad,21791106560
3,2480.753,grad,21868766720
3,2483.59,grad,21876110848
3,2484.842,grad,21885548032
3,2486.198,grad,21885548032
3,2487.462,grad,21923412480
3,2489.107,grad,21915089408
3,2490.425,grad,21961230848
3,2492.565,grad,22068316672
3,2494.845,grad,22114519552
3,2497.541,grad,22114523648
3,2498.804,grad,22123960832
3,2500.238,grad,22123960832
3,2501.498,grad,22139805184
3,2503.212,grad,22154550784
3,2504.481,grad,22214323712
3,2506.656,grad,22306729472
3,2508.9,grad,22345592320
3,2511.74,grad,22353985024
3,2513.03,grad,22363422208
3,2514.291,grad,22363422208
3,2515.553,grad,22401286656
3,2517.108,grad,22392963584
3,2518.352,grad,22453785088
3,2520.703,grad,22507393536
3,2522.995,grad,22585053696
3,2525.73,grad,22592397824
3,2526.997,grad,22601835008
3,2528.322,grad,22601835008
3,2529.574,grad,22639699456
3,2531.226,grad,22631376384
3,2532.498,grad,22677517824
3,2534.568,grad,22745806336
3,2536.67,grad,22823466496
3,2537.923,grad,23757756416
3,2539.183,grad,23757785600
3,2540.449,grad,23750425600
3,2542.4,grad,23750417408
3,2543.643,grad,23438990848
3,2544.877,grad,23438990848
3,2546.136,grad,23438990848
3,2548.012,grad,23438992384
3,2549.676,grad,22827655680
3,2550.926,grad,22826338816
3,2552.324,grad,22780135936
3,2553.616,grad,22775613952
3,2555.419,grad,22654702080
3,2556.684,grad,22640867840
3,2558.293,grad,22611392000
3,2559.846,grad,22611392000
3,2561.135,grad,22630200832
3,2562.837,grad,22606509568
3,2565.015,grad,22608117248
3,2566.382,grad,22599394816
3,2567.785,grad,22553257472
3,2569.114,grad,22548735488
3,2571.076,grad,22420483584
3,2572.424,grad,22414054912
3,2574.287,grad,22384513536
3,2575.979,grad,22384513536
3,2577.395,grad,22403387904
3,2578.971,grad,22378582528
3,2580.924,grad,22380190208
3,2582.271,grad,22371467776
3,2583.663,grad,22325330432
3,2584.984,grad,22282011136
3,2586.383,grad,22192556544
3,2587.737,grad,22199896576
3,2589.051,grad,22171382272
3,2590.718,grad,22157635072
3,2592.403,grad,22156586496
3,2593.729,grad,22175395328
3,2595.388,grad,22151704064
3,2597.184,grad,22153311744
3,2598.493,grad,22144654848
3,2599.978,grad,22098451968
3,2601.322,grad,22093929984
3,2603.342,grad,21965678080
3,2604.652,grad,21959249408
3,2606.505,grad,21929708032
3,2608.132,grad,21929708032
3,2609.458,grad,21948516864
3,2611.102,grad,21924825600
3,2613.136,grad,21925908992
3,2614.45,grad,21917776384
3,2615.929,grad,21871573504
3,2617.281,grad,21828254208
3,2619.273,grad,21738799616
3,2620.583,grad,21747051008
3,2622.425,grad,21702830080
3,2624.051,grad,21702829568
3,2625.418,grad,21721638400
3,2627.059,grad,21697947136
3,2628.861,grad,21699030528
3,2630.173,grad,21690897920
3,2631.658,grad,21644695040
3,2632.979,grad,21601375744
3,2634.939,grad,21511986688
3,2636.292,grad,21505558016
3,2638.135,grad,21476016640
3,2640.453,grad,21476016640
3,2641.837,grad,21494891008
3,2643.393,grad,21471134208
3,2645.321,grad,21472217600
3,2646.624,grad,21464019456
3,2647.981,grad,21417882112
3,2649.341,grad,21413360128
3,2651.358,grad,21285108224
3,2652.669,grad,21278679552
3,2654.536,grad,21249138176
3,2656.181,grad,21249138176
3,2657.583,grad,21268012544
3,2659.121,grad,21244255744
3,2661.113,grad,21245339136
3,2662.424,grad,21237206528
3,2663.734,grad,21191003648
3,2665.047,grad,21147684352
3,2666.401,grad,21065567744
3,2667.933,grad,21065569792
3,2669.296,grad,21051735552
3,2670.829,grad,21022259712
3,2672.494,grad,21022259712
3,2673.817,grad,21041068544
3,2675.451,grad,21017377280
3,2677.371,grad,21018460672
3,2678.674,grad,21087857152
3,2680.124,grad,20964125184
3,2681.438,grad,20959603200
3,2683.431,grad,20831416832
3,2684.744,grad,20839668224
3,2686.541,grad,20795446784
3,2688.446,grad,20795446784
3,2689.819,grad,20814321152
3,2691.354,grad,20790564352
3,2693.123,grad,20791647744
3,2694.431,grad,20783515136
3,2695.927,grad,20737312256
3,2697.264,grad,20732790272
3,2699.25,grad,20604538368
3,2700.556,grad,20598109696
3,2702.4,grad,20568568320
3,2704.034,grad,20568568320
3,2705.379,grad,20587377152
3,2707.012,grad,20563685888
3,2709.235,grad,20564769280
3,2710.554,grad,20556571136
3,2711.939,grad,20510433792
3,2713.302,grad,20428382720
3,2714.637,grad,20377725440
3,2715.972,grad,20370383360
3,2717.336,grad,20356551168
3,2718.702,grad,20341755392
3,2720.447,grad,20356435456
3,2721.785,grad,20359974400
3,2723.305,grad,20336856576
3,2724.63,grad,20344245760
3,2726.404,grad,20337956352
3,2727.72,grad,20329758208
3,2729.14,grad,20283620864
3,2730.472,grad,20279098880
3,2732.607,grad,20150846976
3,2733.947,grad,20143959552
3,2736.25,grad,20114877440
3,2737.91,grad,20114876928
3,2739.261,grad,20133685760
3,2740.959,grad,20109994496
3,2742.789,grad,20111077888
3,2744.15,grad,20102945280
3,2745.504,grad,20056742400
3,2746.823,grad,20013423104
3,2748.16,grad,19931372032
3,2749.699,grad,19931374080
3,2751.02,grad,19902859776
3,2752.458,grad,19888064000
3,2754.192,grad,19888064000
3,2755.505,grad,19906872832
3,2757.199,grad,19883181568
3,2759.279,grad,19884264960
3,2760.642,grad,19876132352
3,2761.978,grad,19829929472
3,2763.329,grad,19801290240
3,2764.671,grad,19736016384
3,2766.009,grad,19704561152
3,2767.38,grad,19690726912
3,2769.2,grad,19661251072
3,2770.849,grad,19661251072
3,2772.253,grad,19680125440
3,2773.816,grad,19656368640
3,2775.616,grad,19657452032
3,2776.93,grad,19649319424
3,2778.274,grad,19603116544
3,2779.586,grad,19559797248
3,2780.933,grad,19477746176
3,2782.461,grad,19477748224
3,2783.789,grad,19449233920
3,2785.259,grad,19434438144
3,2787.175,grad,19434438144
3,2788.501,grad,19453640192
3,2790.275,grad,19429555712
3,2792.053,grad,19430639104
3,2793.479,grad,19422506496
3,2794.807,grad,19376303616
3,2796.123,grad,19332984320
3,2797.467,grad,19289665024
3,2798.905,grad,19250869760
3,2800.256,grad,19237035520
3,2802.198,grad,19207559680
3,2803.957,grad,19222239744
3,2805.345,grad,19226368512
3,2807.034,grad,19202677248
3,2809.375,grad,19203760640
3,2810.707,grad,19195562496
3,2812.196,grad,19149425152
3,2813.52,grad,19074648576
3,2814.853,grad,19016651264
3,2816.237,grad,19023991296
3,2817.556,grad,18995476992
3,2819.034,grad,18980681216
3,2820.763,grad,18980681216
3,2822.2,grad,18999555584
3,2823.78,grad,18975798784
3,2825.622,grad,18976882176
3,2827.004,grad,18968749568
3,2828.375,grad,18922546688
3,2829.704,grad,18893907456
3,2831.031,grad,18828633600
3,2832.459,grad,18797178368
3,2833.784,grad,18783344128
3,2835.836,grad,18753868800
3,2837.509,grad,18753868288
3,2838.818,grad,18772677120
3,2840.485,grad,18748985856
3,2842.311,grad,18750069248
3,2843.654,grad,18741936640
3,2844.985,grad,18695733760
3,2846.326,grad,18667094528
3,2847.658,grad,18601755136
3,2849.031,grad,18570299904
3,2850.373,grad,18556465664
3,2852.181,grad,18526989824
3,2853.889,grad,18541669888
3,2855.299,grad,18545864192
3,2856.855,grad,18522107392
3,2859.033,grad,18523190784
3,2860.43,grad,18592652800
3,2861.976,grad,18468855296
3,2863.339,grad,18394078720
3,2864.668,grad,18336144896
3,2866.111,grad,18343486976
3,2867.434,grad,18314972672
3,2868.867,grad,18300176896
3,2870.512,grad,18300176896
3,2871.822,grad,18318985728
3,2873.502,grad,18295294464
3,2875.319,grad,18296377856
3,2876.664,grad,18288245248
3,2878.01,grad,18242042368
3,2879.353,grad,18198723072
3,2880.708,grad,18155796992
3,2882.289,grad,18117001728
3,2883.604,grad,18088487424
3,2885.053,grad,18073691648
3,2887.029,grad,18088371712
3,2888.478,grad,18092631552
3,2890.028,grad,18068809216
3,2891.835,grad,18069892608
3,2893.199,grad,18061760000
3,2894.54,grad,18015557120
3,2895.867,grad,17972237824
3,2897.223,grad,17890121216
3,2898.753,grad,17890123264
3,2900.07,grad,17861608960
3,2901.496,grad,17846813184
3,2903.177,grad,17846813184
3,2904.492,grad,17865622016
3,2906.166,grad,17841930752
3,2908.214,grad,17843014144
3,2909.576,grad,17834881536
3,2910.909,grad,17788678656
3,2912.236,grad,17745359360
3,2913.587,grad,17702105600
3,2915.138,grad,17663310336
3,2916.457,grad,17634796032
3,2917.877,grad,17620000256
3,2919.566,grad,17634680320
3,2920.971,grad,17638874624
3,2922.569,grad,17615117824
3,2924.435,grad,17616201216
3,2925.773,grad,17608068608
3,2927.099,grad,17561865728
3,2928.416,grad,17525886464
3,2929.725,grad,17467952640
3,2931.061,grad,17436497408
3,2932.4,grad,17422663168
3,2934.669,grad,17393187840
3,2936.413,grad,17407867392
3,2937.846,grad,17412061696
3,2939.416,grad,17388304896
3,2941.227,grad,17389388288
3,2942.569,grad,17381255680
3,2944.141,grad,17335052800
3,2945.467,grad,17267616256
3,2946.786,grad,17202342400
3,2948.195,grad,17209684480
3,2949.517,grad,17195850240
3,2951.068,grad,17166374400
3,2952.731,grad,17166374400
3,2954.05,grad,17185576448
3,2955.769,grad,17161491968
3,2958.029,grad,17162575360
3,2959.411,grad,17154442752
3,2960.861,grad,17108239872
3,2962.14,grad,17087006208
3,2963.467,grad,17028941312
3,2964.863,grad,16982806016
3,2966.173,grad,16983717376
3,2967.983,grad,16939495936
3,2969.739,grad,16954176000
3,2971.152,grad,16958435840
3,2972.755,grad,16934613504
3,2974.708,grad,16935696896
3,2976.023,grad,16927498752
3,2977.44,grad,16881361408
3,2978.764,grad,16876839424
3,2980.752,grad,16748587520
3,2982.064,grad,16742158848
3,2983.92,grad,16712617472
3,2985.847,grad,16712617472
3,2987.214,grad,16731557376
3,2988.778,grad,16707735040
3,2990.705,grad,16708818432
3,2992.017,grad,16700685824
3,2993.351,grad,16654482944
3,2994.665,grad,16625843712
3,2996.002,grad,16560569856
3,2997.368,grad,16529114624
3,2998.678,grad,16507940352
3,3000.455,grad,16478464512
3,3002.127,grad,16478202368
3,3003.523,grad,16497142272
3,3005.104,grad,16473319936
3,3006.391,grad,16463391232
3,3007.662,grad,16463391232
3,3008.92,grad,16463391232
3,3011.644,grad,16463390720
3,3012.969,grad,16463390720
3,3014.266,grad,16463390720
3,3015.524,grad,16463390720
3,3019.02,grad,16463390720
3,3020.307,grad,16463390720
3,3022.575,grad,16463390720
3,3023.828,grad,16463851008
3,3025.154,grad,16463392256
3,3026.414,grad,16463851520
3,3027.712,grad,16463392256
3,3029.017,grad,16463392768
3,3030.316,grad,16463394816
3,3031.677,grad,16463851008
3,3033.005,grad,16463458304
3,3034.33,grad,16463392256
3,3035.601,grad,16464309760
3,3036.851,grad,16463392768
3,3038.096,grad,16463392768
3,3039.36,grad,16463394304
3,3040.626,grad,16463851520
3,3041.896,grad,16463457792
3,3043.14,grad,16463394816
3,3044.468,grad,16463851008
3,3045.753,grad,16463392768
3,3047.001,grad,16463853568
3,3048.281,grad,16463392256
3,3049.557,grad,16463851008
3,3050.851,grad,16463392256
3,3052.153,grad,16463394304
3,3053.411,grad,16463394304
3,3054.69,grad,16463851008
3,3055.939,grad,16463457792
3,3057.232,grad,16463394816
3,3058.534,grad,16463851520
3,3059.931,grad,16463392256
3,3061.28,grad,16463394304
3,3062.559,grad,16463392768
3,3063.832,grad,16463851520
3,3065.075,grad,16463458304
3,3066.377,grad,16463392256
3,3067.629,grad,16463394816
3,3068.894,grad,16463851520
3,3070.139,grad,16463851520
3,3071.38,grad,16463392256
3,3072.614,grad,16463916544
3,3073.858,grad,16465067520
3,3075.224,grad,16469130752
3,3076.564,grad,16472768000
3,3077.866,grad,16476405760
3,3079.133,grad,16482435584
3,3080.411,grad,16483483136
3,3081.698,grad,16489905664
3,3082.969,grad,16492854784
3,3084.301,grad,16497966592
3,3085.627,grad,16503472640
3,3086.907,grad,16507502080
3,3088.153,grad,16514483200
3,3089.415,grad,16516349952
3,3090.664,grad,16523427328
3,3091.933,grad,16526771200
3,3093.268,grad,16530604032
3,3094.545,grad,16532996096
3,3095.806,grad,16537059328
3,3097.064,grad,16541416960
3,3098.376,grad,16543285248
3,3099.639,grad,16548003328
3,3100.918,grad,16549904896
3,3102.191,grad,16553737728
3,3103.448,grad,16557408768
3,3104.686,grad,16560259072
3,3105.92,grad,16563404800
3,3107.166,grad,16566484480
3,3108.432,grad,16571203072
3,3109.716,grad,16573170688
3,3110.99,grad,16576773632
3,3112.305,grad,16579395072
3,3113.575,grad,16584408576
3,3114.841,grad,16587326464
3,3116.078,grad,16590405632
3,3117.359,grad,16594993664
3,3118.626,grad,16596041728
3,3119.894,grad,16600629248
3,3121.283,grad,16603184640
3,3122.566,grad,16606920192
3,3123.839,grad,16610755072
3,3125.176,grad,16613604864
3,3126.428,grad,16617734656
3,3127.691,grad,16619241472
3,3129.009,grad,16623992320
3,3130.292,grad,16626613760
3,3131.564,grad,16630677504
3,3132.823,grad,16633823744
3,3134.097,grad,16636674048
3,3135.36,grad,16640803328
3,3136.603,grad,16642670592
3,3137.865,grad,16642266624
3,3139.102,grad,16642301952
3,3140.372,grad,16642339328
3,3141.613,grad,16642364416
3,3142.87,grad,16642401792
3,3144.111,grad,16642436096
3,3145.356,grad,16524999680
3,3146.602,grad,16341826560
3,3147.846,grad,16331275264
3,3149.097,grad,16364076032
3,3150.363,grad,16397925376
3,3151.606,grad,16428170240
3,3152.873,grad,16462085120
3,3154.116,grad,16456055808
3,3155.401,grad,16345332736
3,3156.665,grad,16227040256
3,3157.924,grad,16139279360
3,3159.187,grad,16139129856
3,3165.281,grad,16139119616
3,3171.689,grad,16139127808
3,3178.101,grad,16139127808
3,3184.487,grad,16139127808
3,3189.494,grad,16139127808
3,3190.792,grad,16146605056
3,3192.92,grad,16146734080
3,3195.921,grad,16154139648
3,3197.341,grad,16163576832
3,3198.766,grad,16163576832
3,3200.038,grad,16186761216
3,3201.855,grad,16193118208
3,3203.13,grad,16239259648
3,3204.406,grad,16385142784
3,3205.7,grad,16307548160
3,3206.965,grad,16446025728
3,3208.558,grad,16392548352
3,3211.343,grad,16392667136
3,3212.644,grad,16401989632
3,3213.927,grad,16401989632
3,3215.208,grad,16425174016
3,3216.973,grad,16431531008
3,3218.247,grad,16492352512
3,3220.307,grad,16545960960
3,3222.671,grad,16623621120
3,3225.668,grad,16630965248
3,3226.94,grad,16640402432
3,3228.34,grad,16640402432
3,3229.638,grad,16663586816
3,3231.3,grad,16669943808
3,3232.552,grad,16716085248
3,3234.708,grad,16784373760
3,3235.965,grad,16862033920
3,3237.424,grad,16862033920
3,3240.111,grad,16869378048
3,3241.396,grad,16878815232
3,3242.745,grad,16878815232
3,3244.006,grad,16916679680
3,3245.803,grad,16908356608
3,3247.576,grad,16923040768
3,3248.849,grad,17022786560
3,3250.23,grad,17022786560
3,3252.561,grad,17100446720
3,3255.346,grad,17107790848
3,3256.6,grad,17117228032
3,3257.977,grad,17117228032
3,3259.27,grad,17155092480
3,3260.84,grad,17146769408
3,3262.144,grad,17192910848
3,3264.255,grad,17261199360
3,3265.509,grad,17346199552
3,3266.948,grad,17338859520
3,3269.834,grad,17346203648
3,3271.102,grad,17355640832
3,3272.41,grad,17355640832
3,3273.656,grad,17393505280
3,3275.268,grad,17385182208
3,3276.514,grad,17431323648
3,3277.753,grad,17577206784
3,3279.099,grad,17538409472
3,3281.267,grad,17577272320
3,3284.012,grad,17584616448
3,3285.431,grad,17594053632
3,3287.064,grad,17594053632
3,3288.366,grad,17617238016
3,3289.993,grad,17623595008
3,3291.282,grad,17669736448
3,3293.362,grad,17738024960
3,3295.78,grad,17815685120
3,3298.535,grad,17823029248
3,3299.81,grad,17832466432
3,3301.096,grad,17832466432
3,3302.413,grad,17870330880
3,3303.929,grad,17862007808
3,3305.19,grad,17908149248
3,3306.448,grad,18131627008
3,3307.78,grad,17976437760
3,3310.172,grad,18054097920
3,3312.893,grad,18061442048
3,3314.227,grad,18070879232
3,3315.663,grad,18070879232
3,3316.949,grad,18094063616
3,3318.676,grad,18100420608
3,3319.954,grad,18161242112
3,3322.105,grad,18253647872
3,3324.424,grad,18292510720
3,3327.294,grad,18299854848
3,3328.546,grad,18309292032
3,3329.849,grad,18309292032
3,3331.096,grad,18347156480
3,3332.638,grad,18338833408
3,3333.883,grad,18399654912
3,3335.931,grad,18453263360
3,3338.23,grad,18530923520
3,3340.877,grad,18538267648
3,3342.128,grad,18547704832
3,3343.445,grad,18547704832
3,3344.689,grad,18563549184
3,3346.451,grad,18577246208
3,3347.699,grad,18623387648
3,3349.789,grad,18691676160
3,3352.101,grad,18769336320
3,3354.769,grad,18776680448
3,3356.037,grad,18786117632
3,3357.368,grad,18786117632
3,3358.626,grad,18823982080
3,3360.136,grad,18815659008
3,3361.386,grad,18876480512
3,3363.654,grad,18930088960
3,3365.917,grad,19007749120
3,3368.614,grad,19015093248
3,3369.923,grad,19024530432
3,3371.245,grad,19024530432
3,3372.505,grad,19062394880
3,3373.997,grad,19054071808
3,3375.275,grad,19114893312
3,3377.308,grad,19168501760
3,3379.692,grad,19246161920
3,3382.524,grad,19253506048
3,3383.774,grad,19262943232
3,3385.047,grad,19262943232
3,3386.332,grad,19300807680
3,3387.871,grad,19292484608
3,3389.149,grad,19338626048
3,3390.399,grad,19484509184
3,3391.716,grad,19445711872
3,3393.745,grad,19484574720
3,3396.401,grad,19491918848
3,3397.664,grad,19501356032
3,3398.98,grad,19501356032
3,3400.27,grad,19517200384
3,3402.03,grad,19530897408
3,3403.32,grad,19591718912
3,3405.362,grad,19645327360
3,3407.756,grad,19730327552
3,3410.43,grad,19730331648
3,3411.702,grad,19739768832
3,3412.994,grad,19739768832
3,3414.284,grad,19777633280
3,3415.838,grad,19769310208
3,3417.126,grad,19830131712
3,3419.378,grad,19883740160
3,3421.719,grad,19961400320
3,3424.487,grad,19968744448
3,3425.76,grad,19978181632
3,3427.151,grad,19978181632
3,3428.411,grad,20016046080
3,3430.052,grad,20007723008
3,3431.35,grad,20068544512
3,3433.401,grad,20122152960
3,3435.709,grad,20199813120
3,3438.56,grad,20207157248
3,3439.822,grad,20216594432
3,3441.138,grad,20216594432
3,3442.39,grad,20239778816
3,3443.969,grad,20246135808
3,3445.264,grad,20292277248
3,3447.414,grad,20360565760
3,3449.703,grad,20438225920
3,3452.445,grad,20445684736
3,3454.753,grad,20455007232
3,3456.038,grad,20470851584
3,3457.796,grad,20484548608
3,3459.059,grad,20530690048
3,3461.169,grad,20598978560
3,3463.514,grad,20676638720
3,3466.19,grad,20683982848
3,3467.467,grad,20693420032
3,3468.768,grad,20693420032
3,3470.11,grad,20731350016
3,3471.679,grad,20722961408
3,3472.961,grad,20783782912
3,3475.948,grad,20837391360
3,3478.347,grad,20915051520
3,3481.03,grad,20922510336
3,3482.417,grad,20931832832
3,3483.713,grad,20931832832
3,3484.971,grad,20969697280
3,3486.535,grad,20961374208
3,3487.803,grad,21022195712
3,3489.842,grad,21075804160
3,3492.166,grad,21153464320
3,3495.072,grad,21160808448
3,3496.387,grad,21170245632
3,3497.73,grad,21170245632
3,3499.01,grad,21208110080
3,3500.684,grad,21199787008
3,3501.985,grad,21260608512
3,3504.021,grad,21314216960
3,3506.41,grad,21391877120
3,3509.141,grad,21399221248
3,3510.419,grad,21408658432
3,3511.736,grad,21408658432
3,3512.984,grad,21424502784
3,3514.737,grad,21438199808
3,3516.009,grad,21499021312
3,3518.063,grad,21552629760
3,3520.361,grad,21630289920
3,3523.061,grad,21637634048
3,3524.354,grad,21647071232
3,3525.668,grad,21647071232
3,3526.942,grad,21684935680
3,3528.558,grad,21676612608
3,3529.821,grad,21737434112
3,3532.02,grad,21791042560
3,3534.311,grad,21868702720
3,3536.963,grad,21876046848
3,3538.243,grad,21885484032
3,3539.545,grad,21885484032
3,3540.795,grad,21923348480
3,3542.303,grad,21915025408
3,3543.544,grad,21975846912
3,3545.546,grad,22029455360
3,3547.81,grad,22107115520
3,3550.663,grad,22114459648
3,3551.935,grad,22123896832
3,3553.253,grad,22123896832
3,3554.552,grad,22161761280
3,3556.166,grad,22153438208
3,3557.415,grad,22214259712
3,3559.433,grad,22267868160
3,3561.788,grad,22345528320
3,3564.456,grad,22352872448
3,3565.774,grad,22362309632
3,3567.115,grad,22362309632
3,3568.446,grad,22378153984
3,3570.215,grad,22391851008
3,3571.492,grad,22452672512
3,3573.576,grad,22506280960
3,3575.901,grad,22583941120
3,3578.543,grad,22591285248
3,3579.79,grad,22600722432
3,3581.057,grad,22600722432
3,3582.372,grad,22638586880
3,3583.843,grad,22630263808
3,3585.094,grad,22676405248
3,3587.288,grad,22744693760
3,3589.432,grad,22822353920
3,3590.678,grad,23756643840
3,3591.965,grad,23756661760
3,3594.627,grad,23749304832
3,3595.888,grad,23437878272
3,3597.122,grad,23437878272
3,3598.357,grad,23437878272
3,3599.991,grad,23437879808
3,3601.738,grad,22826543104
3,3603.045,grad,22825226240
3,3604.413,grad,22779023360
3,3605.721,grad,22735704064
3,3607.045,grad,22660927488
3,3608.565,grad,22653589504
3,3609.881,grad,22625075200
3,3611.343,grad,22610279424
3,3613.02,grad,22610279424
3,3614.384,grad,22629088256
3,3616.337,grad,22605396992
3,3618.134,grad,22607004672
3,3619.45,grad,22598347776
3,3620.942,grad,22552144896
3,3622.301,grad,22547622912
3,3624.294,grad,22419371008
3,3625.613,grad,22427622400
3,3627.461,grad,22383400960
3,3629.184,grad,22383400960
3,3630.5,grad,22402209792
3,3632.156,grad,22378518528
3,3633.937,grad,22380126208
3,3635.27,grad,22371469312
3,3636.769,grad,22325266432
3,3638.107,grad,22281947136
3,3640.069,grad,22192492544
3,3641.67,grad,22186063872
3,3643.613,grad,22156523008
3,3645.285,grad,22156522496
3,3646.593,grad,22175331328
3,3648.315,grad,22151640064
3,3650.111,grad,22153247744
3,3651.484,grad,22144590848
3,3652.803,grad,22098387968
3,3654.117,grad,22055068672
3,3655.454,grad,22011749376
3,3656.979,grad,21972954112
3,3658.313,grad,21944439808
3,3659.738,grad,21929644032
3,3661.439,grad,21929644032
3,3662.743,grad,21948452864
3,3664.667,grad,21924761600
3,3666.621,grad,21926369280
3,3667.93,grad,21917646848
3,3669.355,grad,21871509504
3,3670.669,grad,21866987520
3,3672.657,grad,21738735616
3,3673.969,grad,21732306944
3,3675.869,grad,21702766080
3,3677.492,grad,21702765568
3,3678.799,grad,21721574400
3,3680.458,grad,21697883136
3,3682.276,grad,21700015104
3,3683.624,grad,21690833920
3,3684.954,grad,21644631040
3,3686.284,grad,21601311744
3,3687.632,grad,21557992448
3,3689.239,grad,21519197184
3,3690.552,grad,21505362944
3,3692.391,grad,21475887616
3,3694.061,grad,21475887104
3,3695.407,grad,21494630400
3,3697.123,grad,21471004672
3,3698.938,grad,21472088064
3,3700.337,grad,21464217600
3,3701.704,grad,21418014720
3,3703.02,grad,21374695424
3,3704.383,grad,21331376128
3,3705.909,grad,21292580864
3,3707.245,grad,21264066560
3,3708.708,grad,21249270784
3,3710.396,grad,21249270784
3,3711.708,grad,21268079616
3,3713.634,grad,21244388352
3,3715.611,grad,21245471744
3,3716.915,grad,21237273600
3,3718.34,grad,21191136256
3,3719.653,grad,21186614272
3,3721.651,grad,21058362368
3,3722.963,grad,21051933696
3,3724.826,grad,21022392320
3,3726.459,grad,21022392320
3,3727.851,grad,21041266688
3,3729.392,grad,21017509888
3,3731.183,grad,21018593280
3,3732.486,grad,21014917120
3,3734.376,grad,20964257792
3,3735.683,grad,20921004032
3,3737.004,grad,20838887424
3,3738.863,grad,20838889472
3,3740.181,grad,20817715200
3,3741.825,grad,20795579392
3,3743.457,grad,20795579392
3,3744.78,grad,20814388224
3,3746.416,grad,20790696960
3,3748.368,grad,20791780352
3,3749.669,grad,20783582208
3,3751.054,grad,20737444864
3,3752.397,grad,20732922880
3,3754.412,grad,20604736512
3,3755.717,grad,20598307840
3,3757.57,grad,20568766464
3,3759.205,grad,20568766464
3,3760.512,grad,20587575296
3,3762.411,grad,20563884032
3,3764.189,grad,20564967424
3,3765.499,grad,20556834816
3,3766.986,grad,20510631936
3,3768.329,grad,20428515328
3,3769.644,grad,20377858048
3,3770.962,grad,20370515968
3,3772.299,grad,20356683776
3,3773.686,grad,20341888000
3,3775.376,grad,20341888000
3,3776.762,grad,20360762368
3,3778.343,grad,20337005568
3,3780.26,grad,20339006464
3,3781.558,grad,20329890816
3,3782.94,grad,20283753472
3,3784.286,grad,20279231488
3,3785.609,grad,20197114880
3,3787.301,grad,20150979584
3,3788.848,grad,20144550912
3,3790.684,grad,20115009536
3,3792.602,grad,20115009536
3,3793.91,grad,20133818368
3,3795.61,grad,20110127104
3,3797.38,grad,20111210496
3,3798.668,grad,20103077888
3,3800.072,grad,20056875008
3,3801.354,grad,20013555712
3,3803.153,grad,19924101120
3,3804.414,grad,19932352512
3,3806.116,grad,19888131584
3,3807.62,grad,19888131072
3,3808.913,grad,19907070976
3,3810.546,grad,19883248640
3,3812.258,grad,19884332032
3,3813.519,grad,19953794048
3,3814.812,grad,19829996544
3,3816.069,grad,19825474560
3,3817.803,grad,19697222656
3,3819.074,grad,19690728448
3,3820.649,grad,19661252608
3,3822.228,grad,19661252608
3,3823.507,grad,19680126976
3,3824.95,grad,19656370176
3,3826.639,grad,19657453568
3,3827.912,grad,19726915584
3,3829.226,grad,19603118080
3,3830.477,grad,19598596096
3,3832.192,grad,19470409728
3,3833.438,grad,19478267904
3,3835.331,grad,19434439680
3,3836.844,grad,19434439680
3,3838.124,grad,19453314048
3,3839.51,grad,19429557248
3,3841.153,grad,19430640640
3,3842.391,grad,19500102656
3,3843.677,grad,19376305152
3,3844.941,grad,19371783168
3,3846.697,grad,19243531264
3,3847.962,grad,19251717120
3,3849.639,grad,19207561216
3,3851.199,grad,19207561216
3,3852.476,grad,19226435584
3,3854.117,grad,19202678784
3,3855.811,grad,19204745216
3,3857.073,grad,19273224192
3,3858.41,grad,19149426688
3,3859.66,grad,19144904704
3,3861.404,grad,19016652800
3,3862.659,grad,19024904192
3,3864.323,grad,18980682752
3,3865.833,grad,18980682752
3,3867.093,grad,18999622656
3,3868.497,grad,18975800320
3,3870.149,grad,18976883712
3,3871.417,grad,19046345728
3,3872.708,grad,18922548224
3,3873.965,grad,18918026240
3,3875.728,grad,18789839872
3,3876.991,grad,18782952448
3,3878.818,grad,18753869824
3,3880.328,grad,18753869824
3,3881.599,grad,18772744192
3,3882.983,grad,18748987392
3,3884.762,grad,18750070784
3,3886.096,grad,18780669952
3,3887.399,grad,18656937984
3,3888.682,grad,18768807936
3,3890.459,grad,18562961408
3,3891.728,grad,18571147264
3,3893.478,grad,18526991872
3,3895.015,grad,18526991360
3,3896.345,grad,18545865728
3,3898.004,grad,18522108928
3,3899.696,grad,18523192320
3,3900.949,grad,18592654336
3,3902.313,grad,18468856832
3,3903.629,grad,18425537536
3,3905.557,grad,18336148480
3,3906.84,grad,18329654272
3,3908.57,grad,18300178432
3,3910.099,grad,18300178432
3,3911.422,grad,18319052800
3,3912.855,grad,18295296000
3,3914.548,grad,18296379392
3,3915.804,grad,18288246784
3,3917.185,grad,18242043904
3,3918.44,grad,18237521920
3,3920.171,grad,18109270016
3,3921.688,grad,18102841344
3,3923.459,grad,18073299968
3,3924.97,grad,18073299968
3,3926.274,grad,18092174336
3,3927.743,grad,18068417536
3,3929.449,grad,18070418432
3,3930.697,grad,18138962944
3,3931.989,grad,18015165440
3,3933.274,grad,17971846144
3,3935.041,grad,17882391552
3,3936.348,grad,17890642944
3,3938.0,grad,17846421504
3,3939.565,grad,17846421504
3,3940.844,grad,17865295872
3,3942.518,grad,17841539072
3,3944.218,grad,17842622464
3,3945.479,grad,17912084480
3,3946.785,grad,17788286976
3,3948.05,grad,17783764992
3,3949.847,grad,17655513088
3,3951.11,grad,17663764480
3,3952.759,grad,17619543040
3,3954.297,grad,17619543040
3,3955.591,grad,17638417408
3,3956.992,grad,17614660608
3,3958.689,grad,17615744000
3,3959.943,grad,17685206016
3,3961.298,grad,17561408512
3,3962.572,grad,17518089216
3,3964.378,grad,17428634624
3,3965.634,grad,17436492800
3,3966.894,grad,17392665088
3,3968.149,grad,17392664576
3,3969.412,grad,17422090240
3,3970.853,grad,17387290624
3,3972.112,grad,17395122176
3,3973.686,grad,17388865536
3,3974.941,grad,17380732928
3,3976.343,grad,17334530048
3,3977.629,grad,17330008064
3,3979.391,grad,17201821696
3,3980.664,grad,17210073088
3,3982.359,grad,17165851648
3,3983.901,grad,17165851648
3,3985.195,grad,17184791552
3,3986.859,grad,17160969216
3,3988.567,grad,17162052608
3,3989.813,grad,17231514624
3,3991.207,grad,17068919808
3,3992.522,grad,17103195136
3,3994.351,grad,16974943232
3,3995.614,grad,16968514560
3,3997.298,grad,16938973184
3,3998.82,grad,16938973184
3,4000.1,grad,16941070336
3,4001.503,grad,16934090752
3,4003.144,grad,16935174144
3,4004.403,grad,17004636160
3,4005.683,grad,16880838656
3,4006.976,grad,16954304512
3,4008.753,grad,16748130304
3,4010.115,grad,16755922944
3,4011.384,grad,16736393216
3,4012.651,grad,16712160256
3,4013.933,grad,16741520384
3,4015.398,grad,16706786304
3,4016.677,grad,16714650624
3,4018.193,grad,16708361216
3,4019.443,grad,16777823232
3,4020.73,grad,16654025728
3,4021.993,grad,16649503744
3,4023.881,grad,16521317376
3,4025.135,grad,16522228736
3,4026.759,grad,16478007296
3,4028.369,grad,16477745152
3,4029.629,grad,16496750592
3,4031.278,grad,16472797184
3,4032.559,grad,16462868480
3,4033.803,grad,16462868480
3,4035.042,grad,16462868480
3,4037.593,grad,16462867968
3,4038.887,grad,16462867968
3,4040.153,grad,16462867968
3,4041.408,grad,16462867968
3,4044.704,grad,16462867968
3,4045.956,grad,16462868480
3,4048.212,grad,16462867968
3,4049.517,grad,16462935552
3,4050.807,grad,16462871552
3,4052.074,grad,16462935040
3,4053.379,grad,16463328256
3,4054.622,grad,16463328256
3,4055.859,grad,16462871552
3,4057.122,grad,16462935040
3,4058.414,grad,16463328256
3,4059.659,grad,16462935040
3,4060.93,grad,16462872064
3,4062.194,grad,16463328768
3,4063.436,grad,16462870016
3,4064.673,grad,16463328256
3,4065.912,grad,16462870016
3,4067.19,grad,16463328256
3,4068.464,grad,16462870016
3,4069.709,grad,16463330304
3,4070.991,grad,16462869504
3,4072.272,grad,16463328256
3,4073.561,grad,16462869504
3,4074.805,grad,16462872064
3,4076.102,grad,16462869504
3,4077.359,grad,16463328256
3,4078.615,grad,16462870016
3,4079.854,grad,16462872064
3,4081.094,grad,16462870016
3,4082.33,grad,16463787008
3,4083.569,grad,16462870016
3,4084.829,grad,16462871552
3,4086.065,grad,16462870016
3,4087.382,grad,16463328256
3,4088.685,grad,16462870016
3,4089.934,grad,16463330304
3,4091.215,grad,16462869504
3,4092.454,grad,16463328256
3,4093.687,grad,16463328256
3,4094.945,grad,16462871552
3,4096.188,grad,16463328256
3,4097.462,grad,16464545280
3,4098.708,grad,16469066752
3,4099.985,grad,16474638336
3,4101.225,grad,16476570624
3,4102.496,grad,16482403328
3,4103.731,grad,16485516800
3,4105.036,grad,16490923008
3,4106.291,grad,16495576064
3,4107.548,grad,16499607040
3,4108.795,grad,16507110400
3,4110.038,grad,16509962240
3,4111.289,grad,16515761664
3,4112.528,grad,16520382976
3,4113.764,grad,16523462144
3,4115.026,grad,16528280064
3,4116.277,grad,16529097728
3,4117.574,grad,16533849088
3,4118.826,grad,16536471040
3,4120.094,grad,16540828672
3,4121.327,grad,16544958976
3,4122.624,grad,16546464768
3,4123.895,grad,16551282176
3,4125.177,grad,16553903104
3,4126.432,grad,16558425088
3,4127.79,grad,16562456576
3,4129.113,grad,16563930112
3,4130.489,grad,16568550400
3,4131.73,grad,16571106304
3,4132.978,grad,16574842368
3,4134.228,grad,16578447872
3,4135.476,grad,16581527040
3,4136.712,grad,16586343424
3,4137.96,grad,16589326336
3,4139.243,grad,16592929792
3,4140.538,grad,16596764672
3,4141.784,grad,16599843840
3,4143.096,grad,16604660736
3,4144.368,grad,16606627840
3,4145.655,grad,16610460672
3,4146.913,grad,16614197760
3,4148.184,grad,16617276416
3,4149.458,grad,16621406720
3,4150.745,grad,16622913024
3,4152.0,grad,16627500544
3,4153.258,grad,16630056448
3,4154.5,grad,16634349056
3,4155.752,grad,16637625344
3,4157.011,grad,16640705536
3,4158.302,grad,16640301056
3,4159.582,grad,16640339456
3,4160.84,grad,16640377344
3,4162.099,grad,16640404480
3,4163.34,grad,16640441344
3,4164.639,grad,16640475648
3,4165.878,grad,16449307136
3,4167.129,grad,16316727808
3,4168.378,grad,16345825792
3,4169.629,grad,16380002816
3,4170.884,grad,16414114304
3,4172.099,grad,16445342208
3,4173.362,grad,16478765568
3,4174.605,grad,16368861696
3,4175.866,grad,16241754624
3,4177.114,grad,16139545600
3,4183.459,grad,16139383296
3,4189.825,grad,16139391488
3,4196.202,grad,16139391488
3,4202.57,grad,16139391488
3,4207.338,grad,16139391488
3,4208.615,grad,16146868736
3,4210.617,grad,16146997760
3,4213.479,grad,16154337792
3,4214.833,grad,16163840512
3,4216.227,grad,16163840512
3,4217.494,grad,16187024896
3,4219.253,grad,16193316352
3,4220.553,grad,16239523328
3,4221.923,grad,16307746304
3,4224.186,grad,16307811840
3,4225.468,grad,16346609152
3,4226.735,grad,16392812032
3,4228.865,grad,16385472000
3,4232.397,grad,16392816128
3,4233.814,grad,16402253312
3,4235.277,grad,16402253312
3,4236.577,grad,16425437696
3,4238.214,grad,16431794688
3,4239.483,grad,16477936128
3,4240.739,grad,16623819264
3,4242.092,grad,16585021952
3,4244.248,grad,16623884800
3,4247.107,grad,16631228928
3,4248.415,grad,16640666112
3,4249.818,grad,16640666112
3,4251.097,grad,16663850496
3,4252.724,grad,16670207488
3,4253.99,grad,16716348928
3,4255.29,grad,16862232064
3,4256.627,grad,16823434752
3,4258.66,grad,16862297600
3,4261.363,grad,16869641728
3,4262.648,grad,16879078912
3,4263.993,grad,16879078912
3,4265.262,grad,16916943360
3,4266.826,grad,16908620288
3,4268.164,grad,16915964416
3,4269.429,grad,17178239488
3,4270.713,grad,17061847552
3,4272.993,grad,17100710400
3,4275.694,grad,17108054528
3,4276.958,grad,17117491712
3,4278.33,grad,17117491712
3,4279.604,grad,17155356160
3,4281.159,grad,17147033088
3,4282.414,grad,17207854592
3,4284.496,grad,17261463040
3,4286.837,grad,17339123200
3,4290.471,grad,17346467328
3,4291.778,grad,17355904512
3,4293.22,grad,17355904512
3,4294.512,grad,17393768960
3,4296.154,grad,17385445888
3,4297.458,grad,17446267392
3,4299.565,grad,17499875840
3,4301.916,grad,17577536000
3,4304.575,grad,17584880128
3,4305.84,grad,17594317312
3,4307.365,grad,17594317312
3,4308.669,grad,17632181760
3,4310.337,grad,17623858688
3,4311.636,grad,17684680192
3,4313.642,grad,17738288640
3,4315.947,grad,17815948800
3,4318.649,grad,17823292928
3,4319.922,grad,17832730112
3,4321.247,grad,17832730112
3,4322.556,grad,17870594560
3,4324.159,grad,17862271488
3,4325.439,grad,17923092992
3,4327.72,grad,17976701440
3,4330.039,grad,18054361600
3,4332.747,grad,18061705728
3,4334.008,grad,18071142912
3,4335.402,grad,18071142912
3,4336.688,grad,18109007360
3,4338.251,grad,18100684288
3,4339.517,grad,18161505792
3,4341.568,grad,18215114240
3,4343.865,grad,18292774400
3,4346.768,grad,18300118528
3,4348.07,grad,18309555712
3,4349.409,grad,18309555712
3,4350.671,grad,18347420160
3,4352.243,grad,18339097088
3,4353.552,grad,18385238528
3,4355.657,grad,18453527040
3,4357.999,grad,18531187200
3,4360.699,grad,18538531328
3,4361.971,grad,18547968512
3,4363.349,grad,18547968512
3,4364.62,grad,18563812864
3,4366.366,grad,18577509888
3,4367.651,grad,18638331392
3,4369.786,grad,18691939840
3,4372.114,grad,18769600000
3,4374.944,grad,18776944128
3,4376.226,grad,18786381312
3,4377.557,grad,18786381312
3,4378.816,grad,18824245760
3,4380.475,grad,18815922688
3,4381.735,grad,18876744192
3,4383.986,grad,18930352640
3,4386.356,grad,19008012800
3,4389.068,grad,19015356928
3,4390.351,grad,19024794112
3,4391.677,grad,19024794112
3,4392.946,grad,19047978496
3,4394.592,grad,19054335488
3,4395.846,grad,19100476928
3,4397.973,grad,19168765440
3,4400.32,grad,19246425600
3,4403.241,grad,19253769728
3,4404.52,grad,19263206912
3,4405.864,grad,19263206912
3,4407.118,grad,19301071360
3,4408.676,grad,19292748288
3,4409.976,grad,19338889728
3,4412.109,grad,19407178240
3,4414.457,grad,19484838400
3,4417.177,grad,19492182528
3,4418.45,grad,19501619712
3,4419.751,grad,19501619712
3,4421.044,grad,19517464064
3,4422.874,grad,19531161088
3,4424.131,grad,19577302528
3,4425.403,grad,19723185664
3,4426.739,grad,19684388352
3,4428.832,grad,19723251200
3,4431.552,grad,19730595328
3,4432.819,grad,19740032512
3,4434.164,grad,19740032512
3,4435.419,grad,19777896960
3,4437.021,grad,19769573888
3,4438.3,grad,19830395392
3,4440.547,grad,19884003840
3,4442.905,grad,19969004032
3,4445.576,grad,19969008128
3,4446.834,grad,19978445312
3,4448.11,grad,19978445312
3,4449.391,grad,20016309760
3,4451.021,grad,20015326720
3,4452.3,grad,20068808192
3,4454.368,grad,20122416640
3,4456.664,grad,20200076800
3,4459.563,grad,20207420928
3,4460.841,grad,20216858112
3,4462.278,grad,20216858112
3,4463.557,grad,20254722560
3,4465.171,grad,20253739520
3,4466.462,grad,20307220992
3,4468.503,grad,20360829440
3,4470.845,grad,20438489600
3,4473.633,grad,20445833728
3,4474.891,grad,20455270912
3,4476.212,grad,20455270912
3,4477.481,grad,20471115264
3,4479.212,grad,20484812288
3,4480.469,grad,20545633792
3,4482.585,grad,20599242240
3,4484.894,grad,20676902400
3,4487.581,grad,20684246528
3,4488.845,grad,20693683712
3,4490.18,grad,20693683712
3,4491.435,grad,20731548160
3,4492.987,grad,20723225088
3,4494.299,grad,20769366528
3,4496.573,grad,20837655040
3,4498.953,grad,20922655232
3,4501.605,grad,20922659328
3,4502.867,grad,20932096512
3,4504.184,grad,20932096512
3,4505.441,grad,20969960960
3,4506.977,grad,20961637888
3,4508.256,grad,21007779328
3,4510.364,grad,21076067840
3,4512.701,grad,21153728000
3,4516.388,grad,21161072128
3,4517.662,grad,21170509312
3,4518.973,grad,21170509312
3,4520.294,grad,21208373760
3,4521.806,grad,21200050688
3,4523.105,grad,21260872192
3,4525.234,grad,21314480640
3,4527.609,grad,21399480832
3,4530.359,grad,21399484928
3,4531.659,grad,21408922112
3,4533.013,grad,21408922112
3,4534.295,grad,21424766464
3,4535.999,grad,21438463488
3,4537.271,grad,21484604928
3,4539.396,grad,21552893440
3,4541.659,grad,21630553600
3,4544.366,grad,21637897728
3,4545.649,grad,21647334912
3,4546.958,grad,21647334912
3,4548.259,grad,21685199360
3,4549.803,grad,21676876288
3,4551.07,grad,21737697792
3,4553.293,grad,21791306240
3,4555.582,grad,21868966400
3,4558.319,grad,21876310528
3,4559.62,grad,21885747712
3,4560.925,grad,21885747712
3,4562.199,grad,21923612160
3,4563.701,grad,21915289088
3,4564.95,grad,21976110592
3,4567.025,grad,22029719040
3,4569.375,grad,22107379200
3,4572.212,grad,22114723328
3,4573.478,grad,22124160512
3,4574.776,grad,22124160512
3,4576.042,grad,22163073536
3,4577.773,grad,22154750464
3,4579.066,grad,22214523392
3,4581.056,grad,22268131840
3,4583.403,grad,22345792000
3,4586.019,grad,22354184704
3,4587.304,grad,22363621888
3,4588.635,grad,22363621888
3,4589.883,grad,22379466240
3,4591.665,grad,22393163264
3,4592.93,grad,22453984768
3,4595.025,grad,22546390528
3,4597.351,grad,22585253376
3,4600.031,grad,22592597504
3,4601.297,grad,22602034688
3,4602.626,grad,22602034688
3,4603.875,grad,22639899136
3,4605.517,grad,22631576064
3,4606.805,grad,22677717504
3,4608.1,grad,22823600640
3,4609.352,grad,22746006016
3,4611.437,grad,22823666176
3,4612.698,grad,23757947392
3,4613.959,grad,23757990400
3,4616.937,grad,23439190016
3,4618.221,grad,23439190528
3,4619.456,grad,23439190528
3,4620.734,grad,23439190528
3,4622.317,grad,23439192064
3,4624.052,grad,22827855360
3,4625.317,grad,22824113664
3,4626.631,grad,22780335616
3,4627.914,grad,22744356352
3,4629.839,grad,22647561728
3,4631.211,grad,22641133056
3,4632.952,grad,22611591680
3,4634.5,grad,22611591680
3,4635.746,grad,22630400512
3,4637.523,grad,22606709248
3,4639.227,grad,22608316928
3,4640.475,grad,22677254656
3,4641.759,grad,22553457152
3,4643.034,grad,22548935168
3,4644.784,grad,22420683264
3,4646.134,grad,22414254592
3,4647.914,grad,22384713728
3,4649.479,grad,22384713216
3,4650.758,grad,22403653120
3,4652.232,grad,22378782208
3,4654.072,grad,22380389888
3,4655.338,grad,22369308160
3,4656.679,grad,22325530112
3,4657.939,grad,22282210816
3,4659.199,grad,22239940096
3,4660.527,grad,22192756224
3,4661.81,grad,22186327552
3,4663.606,grad,22157834752
3,4665.252,grad,22156786176
3,4666.551,grad,22175660544
3,4668.023,grad,22151903744
3,4669.734,grad,22153511424
3,4670.977,grad,22144854528
3,4672.268,grad,22098651648
3,4673.603,grad,22062672384
3,4674.927,grad,22019353088
3,4676.273,grad,21973217792
3,4677.529,grad,21959383552
3,4679.144,grad,21929907712
3,4680.645,grad,21929907712
3,4681.901,grad,21948716544
3,4683.72,grad,21925025280
3,4685.501,grad,21926305280
3,4686.791,grad,21917976064
3,4688.243,grad,21871773184
3,4689.493,grad,21828453888
3,4691.305,grad,21738999296
3,4692.615,grad,21732570624
3,4694.379,grad,21703029248
3,4696.013,grad,21703029248
3,4697.265,grad,21721838080
3,4698.807,grad,21698146816
3,4700.657,grad,21699230208
3,4701.962,grad,21691032064
3,4703.368,grad,21644894720
3,4704.628,grad,21601575424
3,4706.545,grad,21512186368
3,4707.798,grad,21519979008
3,4709.045,grad,21508837888
3,4710.349,grad,21476216320
3,4711.635,grad,21490896384
3,4712.958,grad,21495090688
3,4714.416,grad,21471333888
3,4716.192,grad,21472417280
3,4717.449,grad,21464284672
3,4718.721,grad,21418081792
3,4719.97,grad,21382102528
3,4721.271,grad,21285307904
3,4722.536,grad,21285305856
3,4723.796,grad,21264133632
3,4725.071,grad,21249337856
3,4726.718,grad,21249337856
3,4728.303,grad,21268081152
3,4730.385,grad,21244455424
3,4732.205,grad,21245538816
3,4733.488,grad,21237340672
3,4734.8,grad,21191203328
3,4736.06,grad,21109086720
3,4737.969,grad,21058429440
3,4739.297,grad,21052000768
3,4741.03,grad,21022459392
3,4742.575,grad,21022459392
3,4743.834,grad,21041268224
3,4745.388,grad,21017576960
3,4747.102,grad,21018660352
3,4748.424,grad,21010527744
3,4749.812,grad,20964324864
3,4751.119,grad,20889548288
3,4752.385,grad,20831616512
3,4753.668,grad,20838956544
3,4754.945,grad,20832462336
3,4756.629,grad,20795646976
3,4758.238,grad,20795646464
3,4759.499,grad,20814848512
3,4761.092,grad,20790764032
3,4762.767,grad,20791847424
3,4764.037,grad,20783714816
3,4765.32,grad,20737511936
3,4766.586,grad,20708872704
3,4767.828,grad,20612076032
3,4769.24,grad,20612078080
3,4770.491,grad,20583563776
3,4771.848,grad,20568768512
3,4773.28,grad,20568768000
3,4774.531,grad,20587970048
3,4776.738,grad,20563885568
3,4778.447,grad,20564968960
3,4779.727,grad,20556836352
3,4781.124,grad,20510633472
3,4782.383,grad,20506177024
3,4784.278,grad,20377925120
3,4785.581,grad,20371496448
3,4787.388,grad,20341955072
3,4788.951,grad,20341955072
3,4790.202,grad,20360698368
3,4791.74,grad,20337072640
3,4793.515,grad,20338156032
3,4794.878,grad,20330023424
3,4796.167,grad,20283820544
3,4797.411,grad,20240501248
3,4798.648,grad,20158384640
3,4800.043,grad,20158386688
3,4801.318,grad,20144552448
3,4803.025,grad,20115077120
3,4804.635,grad,20115076608
3,4805.881,grad,20133885440
3,4807.493,grad,20110194176
3,4809.238,grad,20111277568
3,4810.566,grad,20103144960
3,4811.92,grad,20056942080
3,4813.212,grad,20013622784
3,4815.08,grad,19924233728
3,4816.411,grad,19917805056
3,4818.185,grad,19888263680
3,4819.706,grad,19888263680
3,4820.949,grad,19907072512
3,4822.716,grad,19883381248
3,4824.507,grad,19884464640
3,4825.818,grad,19876332032
3,4827.253,grad,19830129152
3,4828.524,grad,19825607168
3,4830.412,grad,19697420800
3,4831.655,grad,19705672192
3,4833.35,grad,19661450752
3,4834.884,grad,19661450752
3,4836.212,grad,19680325120
3,4837.657,grad,19656568320
3,4839.362,grad,19657651712
3,4840.636,grad,19649519104
3,4842.008,grad,19603316224
3,4843.29,grad,19559996928
3,4845.075,grad,19470607872
3,4846.386,grad,19478400512
3,4847.641,grad,19466268160
3,4849.051,grad,19434637824
3,4850.404,grad,19434637824
3,4851.66,grad,19453839872
3,4853.248,grad,19429755392
3,4855.036,grad,19430838784
3,4856.297,grad,19420281344
3,4857.572,grad,19376503296
3,4858.817,grad,19340524032
3,4860.067,grad,19289864704
3,4861.543,grad,19251069440
3,4862.814,grad,19222555136
3,4864.119,grad,19207759872
3,4865.659,grad,19207759360
3,4866.929,grad,19226961408
3,4868.749,grad,19202876928
3,4870.503,grad,19203960320
3,4871.763,grad,19193402880
3,4873.079,grad,19149624832
3,4874.364,grad,19106305536
3,4875.647,grad,19031528960
3,4877.059,grad,19024190976
3,4878.316,grad,18995676672
3,4879.594,grad,18980880896
3,4881.189,grad,18980880896
3,4882.429,grad,18999689728
3,4883.961,grad,18975998464
3,4885.662,grad,18977081856
3,4886.96,grad,18968949248
3,4888.401,grad,18922746368
3,4889.661,grad,18918224384
3,4891.57,grad,18790038016
3,4892.829,grad,18797830656
3,4894.114,grad,18787738112
3,4895.421,grad,18754067968
3,4896.676,grad,18754067968
3,4897.917,grad,18772811264
3,4899.465,grad,18749185536
3,4901.179,grad,18750268928
3,4902.527,grad,18742136320
3,4903.99,grad,18695933440
3,4905.339,grad,18652614144
3,4907.276,grad,18563159552
3,4908.646,grad,18556730880
3,4910.458,grad,18527189504
3,4912.055,grad,18527189504
3,4913.342,grad,18545998336
3,4915.146,grad,18522307072
3,4916.918,grad,18523390464
3,4918.262,grad,18515257856
3,4919.655,grad,18469054976
3,4920.9,grad,18425735680
3,4922.756,grad,18336346624
3,4924.053,grad,18329917952
3,4925.771,grad,18300376576
3,4927.45,grad,18300376576
3,4928.731,grad,18319119872
3,4930.438,grad,18295494144
3,4932.227,grad,18296577536
3,4933.532,grad,18288444928
3,4934.932,grad,18242242048
3,4936.198,grad,18237720064
3,4938.101,grad,18109861376
3,4939.385,grad,18117719552
3,4940.695,grad,18089735680
3,4941.977,grad,18073891328
3,4943.284,grad,18088571392
3,4944.593,grad,18092700160
3,4946.167,grad,18069008896
3,4947.904,grad,18070092288
3,4949.24,grad,18061959680
3,4950.637,grad,18015756800
3,4951.912,grad,17972437504
3,4953.8,grad,17882982912
3,4955.077,grad,17876554240
3,4956.848,grad,17847012864
3,4958.485,grad,17847012864
3,4959.796,grad,17866214912
3,4961.687,grad,17842130432
3,4963.472,grad,17843213824
3,4964.732,grad,17912675840
3,4966.098,grad,17788878336
3,4967.37,grad,17745559040
3,4968.612,grad,17656169984
3,4969.857,grad,17641487872
3,4971.126,grad,17634995712
3,4972.367,grad,17620199936
3,4973.978,grad,17620199936
3,4975.281,grad,17638943232
3,4976.912,grad,17615317504
3,4978.671,grad,17616400896
3,4979.911,grad,17608268288
3,4981.293,grad,17562065408
3,4982.533,grad,17518746112
3,4984.446,grad,17429357056
3,4985.939,grad,17422928384
3,4987.702,grad,17393387008
3,4989.352,grad,17393387008
3,4990.601,grad,17412130304
3,4992.2,grad,17388504576
3,4993.967,grad,17389587968
3,4995.311,grad,17381455360
3,4996.706,grad,17335252480
3,4997.948,grad,17267815936
3,4999.192,grad,17202544128
3,5000.492,grad,17209884160
3,5001.733,grad,17181369856
3,5002.977,grad,17166574080
3,5004.628,grad,17166574080
3,5005.927,grad,17185317376
3,5007.786,grad,17161691648
3,5009.596,grad,17162775040
3,5010.841,grad,17154642432
3,5012.216,grad,17108439552
3,5013.499,grad,17065120256
3,5014.757,grad,16975665664
3,5016.013,grad,16968323584
3,5017.275,grad,16954491392
3,5018.58,grad,16939695616
3,5020.188,grad,16939695616
3,5021.425,grad,16958438912
3,5023.252,grad,16934813184
3,5025.041,grad,16935896576
3,5026.333,grad,16927763968
3,5027.617,grad,16881561088
3,5028.878,grad,16852921856
3,5030.119,grad,16794922496
3,5031.429,grad,16756127232
3,5032.7,grad,16757038592
3,5034.452,grad,16712817152
3,5035.978,grad,16712817152
3,5037.279,grad,16731757056
3,5038.777,grad,16707934720
3,5040.537,grad,16709018112
3,5041.858,grad,16700819968
3,5043.259,grad,16654617088
3,5044.519,grad,16587180544
3,5045.773,grad,16521974272
3,5047.162,grad,16529314304
3,5048.418,grad,16508140032
3,5049.898,grad,16478664192
3,5051.561,grad,16478402048
3,5052.846,grad,16497341952
3,5054.796,grad,16473519616
3,5056.095,grad,16463590912
3,5057.339,grad,16463590912
3,5058.579,grad,16463590912
3,5059.943,grad,16463590400
3,5062.18,grad,16463590400
3,5063.606,grad,16463590400
3,5065.038,grad,16463590400
3,5069.292,grad,16463590400
3,5070.562,grad,16463590912
3,5072.773,grad,16463590400
3,5074.04,grad,16463657984
3,5075.337,grad,16463593984
3,5076.592,grad,16463591936
3,5077.83,grad,16464509440
3,5079.072,grad,16463657472
3,5080.362,grad,16463591936
3,5081.596,grad,16463593984
3,5082.828,grad,16464051200
3,5084.116,grad,16463591936
3,5085.405,grad,16463593984
3,5086.654,grad,16463592448
3,5087.939,grad,16464050688
3,5089.208,grad,16463592448
3,5090.447,grad,16463593984
3,5091.678,grad,16463592448
3,5092.974,grad,16464050688
3,5094.262,grad,16463592448
3,5095.523,grad,16463593984
3,5096.818,grad,16463591936
3,5098.06,grad,16464051200
3,5099.31,grad,16463592448
3,5100.59,grad,16464050688
3,5101.887,grad,16463593984
3,5103.131,grad,16463657984
3,5104.374,grad,16464051200
3,5105.68,grad,16463657472
3,5106.962,grad,16463593984
3,5108.223,grad,16463657472
3,5109.47,grad,16464050688
3,5110.706,grad,16463657472
3,5111.939,grad,16463594496
3,5113.191,grad,16463657984
3,5114.431,grad,16464050688
3,5115.721,grad,16463657472
3,5116.995,grad,16463594496
3,5118.249,grad,16463591936
3,5119.524,grad,16464051200
3,5120.762,grad,16465037824
3,5122.045,grad,16469330944
3,5123.376,grad,16473262592
3,5124.655,grad,16476899840
3,5125.916,grad,16482798080
3,5127.212,grad,16485912064
3,5128.604,grad,16490629632
3,5129.899,grad,16495742976
3,5131.189,grad,16499772416
3,5132.525,grad,16507439616
3,5133.803,grad,16510356992
3,5135.149,grad,16516090368
3,5136.428,grad,16521596928
3,5137.682,grad,16525691392
3,5138.938,grad,16529821184
3,5140.208,grad,16531327488
3,5141.509,grad,16535915008
3,5142.763,grad,16538471424
3,5144.037,grad,16542763520
3,5145.324,grad,16545974784
3,5146.593,grad,16549054976
3,5147.916,grad,16553282560
3,5149.215,grad,16555609600
3,5150.506,grad,16559507968
3,5151.823,grad,16563113984
3,5153.092,grad,16566193152
3,5154.401,grad,16571140608
3,5155.756,grad,16573107712
3,5157.066,grad,16576711680
3,5158.392,grad,16579332608
3,5159.634,grad,16583396352
3,5160.916,grad,16586541568
3,5162.187,grad,16589622272
3,5163.453,grad,16593979904
3,5164.698,grad,16596307456
3,5165.958,grad,16600140288
3,5167.234,grad,16603746304
3,5168.486,grad,16606825472
3,5169.786,grad,16611641856
3,5171.059,grad,16613608960
3,5172.32,grad,16617572864
3,5173.598,grad,16621178368
3,5174.84,grad,16624257536
3,5176.129,grad,16629074432
3,5177.408,grad,16631041536
3,5178.686,grad,16634874368
3,5179.934,grad,16638480384
3,5181.186,grad,16642017792
3,5182.421,grad,16641382400
3,5183.655,grad,16641419776
3,5184.901,grad,16641457664
3,5186.114,grad,16641483776
3,5187.384,grad,16641522176
3,5188.732,grad,16641558528
3,5189.977,grad,16453535744
3,5191.26,grad,16317351936
3,5192.506,grad,16345761792
3,5193.776,grad,16380266496
3,5195.037,grad,16414836736
3,5196.322,grad,16449013760
3,5197.594,grad,16479062016
3,5198.832,grad,16362801152
3,5200.099,grad,16234973184
3,5201.341,grad,16139411968
3,5202.579,grad,16139255808
3,5208.139,grad,16139253760
3,5214.521,grad,16139261952
3,5220.909,grad,16139261952
3,5227.279,grad,16139261952
3,5231.855,grad,16139261952
3,5233.123,grad,16146739200
3,5235.124,grad,16146868224
3,5237.948,grad,16154208256
3,5239.303,grad,16163645440
3,5240.698,grad,16163645440
3,5241.967,grad,16186829824
3,5243.784,grad,16193186816
3,5245.06,grad,16239328256
3,5247.222,grad,16307616768
3,5248.496,grad,16446094336
3,5250.114,grad,16392616960
3,5252.764,grad,16392621056
3,5254.045,grad,16402058240
3,5255.461,grad,16402058240
3,5256.744,grad,16439922688
3,5258.284,grad,16431599616
3,5259.541,grad,16477741056
3,5261.645,grad,16546029568
3,5263.949,grad,16623689728
3,5266.886,grad,16631033856
3,5268.188,grad,16640471040
3,5269.568,grad,16640471040
3,5270.857,grad,16678335488
3,5272.431,grad,16670012416
3,5273.694,grad,16716153856
3,5275.795,grad,16784442368
3,5278.147,grad,16862102528
3,5280.932,grad,16869446656
3,5282.236,grad,16878883840
3,5283.644,grad,16878883840
3,5284.978,grad,16902068224
3,5286.692,grad,16908425216
3,5287.993,grad,16915769344
3,5289.279,grad,17178044416
3,5290.574,grad,17061652480
3,5292.888,grad,17107855360
3,5295.591,grad,17107859456
3,5296.891,grad,17117296640
3,5298.288,grad,17117296640
3,5299.552,grad,17155161088
3,5301.196,grad,17146838016
3,5302.471,grad,17192979456
3,5304.624,grad,17261267968
3,5307.178,grad,17346272256
3,5309.925,grad,17346272256
3,5311.235,grad,17355709440
3,5312.613,grad,17355709440
3,5313.878,grad,17393573888
3,5315.449,grad,17385250816
3,5316.716,grad,17431392256
3,5318.835,grad,17538478080
3,5321.135,grad,17577340928
3,5323.84,grad,17584685056
3,5325.145,grad,17594122240
3,5327.45,grad,17594122240
3,5328.724,grad,17631986688
3,5330.36,grad,17623663616
3,5331.644,grad,17684485120
3,5333.673,grad,17738093568
3,5335.961,grad,17815753728
3,5338.671,grad,17823097856
3,5339.939,grad,17832535040
3,5341.278,grad,17832535040
3,5342.541,grad,17870399488
3,5344.148,grad,17862076416
3,5345.407,grad,17922897920
3,5347.655,grad,17976506368
3,5350.012,grad,18054166528
3,5352.765,grad,18061510656
3,5354.049,grad,18070947840
3,5355.345,grad,18070947840
3,5356.611,grad,18108812288
3,5358.265,grad,18107829248
3,5359.532,grad,18161310720
3,5361.578,grad,18214919168
3,5363.926,grad,18299919360
3,5366.769,grad,18299923456
3,5368.059,grad,18309360640
3,5369.379,grad,18309360640
3,5370.664,grad,18347225088
3,5372.255,grad,18338902016
3,5373.526,grad,18399723520
3,5375.608,grad,18453331968
3,5377.931,grad,18530992128
3,5380.629,grad,18538336256
3,5381.896,grad,18547773440
3,5383.265,grad,18547773440
3,5384.529,grad,18563617792
3,5386.33,grad,18577314816
3,5387.6,grad,18638136320
3,5389.733,grad,18730542080
3,5392.078,grad,18776744960
3,5394.854,grad,18776749056
3,5396.148,grad,18786186240
3,5397.538,grad,18786186240
3,5398.805,grad,18824050688
3,5400.438,grad,18815727616
3,5401.715,grad,18876549120
3,5403.924,grad,18930157568
3,5406.221,grad,19007817728
3,5409.008,grad,19015161856
3,5410.288,grad,19024599040
3,5411.68,grad,19024599040
3,5412.934,grad,19062463488
3,5414.466,grad,19054140416
3,5415.736,grad,19114961920
3,5417.786,grad,19168570368
3,5420.094,grad,19246230528
3,5422.931,grad,19253574656
3,5424.213,grad,19263011840
3,5425.542,grad,19263011840
3,5426.816,grad,19300876288
3,5428.424,grad,19299893248
3,5429.716,grad,19353374720
3,5431.701,grad,19406983168
3,5434.058,grad,19484643328
3,5436.722,grad,19491987456
3,5437.991,grad,19501424640
3,5439.346,grad,19501424640
3,5440.605,grad,19517268992
3,5442.329,grad,19530966016
3,5443.601,grad,19591787520
3,5445.66,grad,19645395968
3,5447.956,grad,19723056128
3,5450.647,grad,19730400256
3,5451.913,grad,19739837440
3,5453.287,grad,19739837440
3,5454.568,grad,19777701888
3,5456.155,grad,19769378816
3,5457.446,grad,19830200320
3,5459.636,grad,19883808768
3,5462.218,grad,19968808960
3,5464.882,grad,19968813056
3,5466.142,grad,19978250240
3,5467.492,grad,19978250240
3,5468.764,grad,20016114688
3,5470.472,grad,20007791616
3,5471.754,grad,20068613120
3,5473.778,grad,20122221568
3,5476.098,grad,20199881728
3,5478.89,grad,20207225856
3,5480.108,grad,20216663040
3,5481.514,grad,20216663040
3,5482.795,grad,20254527488
3,5484.317,grad,20246204416
3,5485.569,grad,20307025920
3,5487.607,grad,20360634368
3,5489.936,grad,20438294528
3,5492.579,grad,20445638656
3,5493.853,grad,20455075840
3,5495.289,grad,20455075840
3,5496.58,grad,20470920192
3,5498.467,grad,20484617216
3,5499.739,grad,20545438720
3,5501.869,grad,20599047168
3,5504.254,grad,20676707328
3,5506.936,grad,20684051456
3,5508.235,grad,20693488640
3,5509.559,grad,20693488640
3,5510.815,grad,20731353088
3,5512.468,grad,20723030016
3,5513.723,grad,20783851520
3,5515.947,grad,20837459968
3,5518.287,grad,20915120128
3,5521.007,grad,20922464256
3,5522.283,grad,20931901440
3,5523.609,grad,20931901440
3,5524.86,grad,20969765888
3,5526.549,grad,20961442816
3,5527.832,grad,21022264320
3,5529.913,grad,21075872768
3,5532.293,grad,21160872960
3,5535.162,grad,21160877056
3,5536.42,grad,21170314240
3,5537.711,grad,21170314240
3,5538.982,grad,21208178688
3,5540.571,grad,21199855616
3,5541.854,grad,21245997056
3,5543.941,grad,21314285568
3,5546.288,grad,21391945728
3,5548.965,grad,21399289856
3,5550.26,grad,21408727040
3,5551.587,grad,21408727040
3,5552.86,grad,21417116160
3,5554.127,grad,21461337088
3,5555.47,grad,21438268416
3,5556.723,grad,21499089920
3,5558.835,grad,21552698368
3,5561.179,grad,21630358528
3,5563.85,grad,21637702656
3,5565.105,grad,21647139840
3,5566.421,grad,21647139840
3,5567.702,grad,21685004288
3,5569.301,grad,21676681216
3,5570.639,grad,21722822656
3,5572.921,grad,21791111168
3,5575.347,grad,21868771328
3,5577.995,grad,21876115456
3,5579.275,grad,21885552640
3,5580.58,grad,21885552640
3,5581.841,grad,21923417088
3,5583.427,grad,21915094016
3,5584.691,grad,21975915520
3,5586.702,grad,22029523968
3,5589.019,grad,22107184128
3,5591.888,grad,22114528256
3,5593.152,grad,22123965440
3,5594.52,grad,22123965440
3,5595.771,grad,22147149824
3,5597.436,grad,22153506816
3,5598.712,grad,22199648256
3,5600.835,grad,22267936768
3,5603.285,grad,22345596928
3,5605.984,grad,22352941056
3,5607.246,grad,22362378240
3,5608.618,grad,22362378240
3,5609.929,grad,22378222592
3,5611.733,grad,22391919616
3,5613.01,grad,22452741120
3,5615.095,grad,22506349568
3,5617.408,grad,22584009728
3,5620.156,grad,22591353856
3,5621.427,grad,22600791040
3,5622.745,grad,22600791040
3,5624.006,grad,22638655488
3,5625.558,grad,22630332416
3,5626.81,grad,22691153920
3,5629.042,grad,22744762368
3,5631.19,grad,22829762560
3,5632.445,grad,23756712448
3,5633.718,grad,23756729344
3,5636.456,grad,23749373440
3,5637.712,grad,23437946880
3,5638.957,grad,23437946880
3,5640.236,grad,23437946880
3,5641.572,grad,23437948416
3,5643.36,grad,22826611712
3,5644.603,grad,22825294848
3,5645.839,grad,22779091968
3,5647.076,grad,22743112704
3,5648.324,grad,22660996096
3,5649.669,grad,22653658112
3,5650.934,grad,22625143808
3,5652.32,grad,22610348032
3,5653.94,grad,22610348032
3,5655.269,grad,22629222400
3,5656.933,grad,22605465600
3,5658.675,grad,22607073280
3,5659.935,grad,22676011008
3,5661.314,grad,22552213504
3,5662.653,grad,22508894208
3,5664.573,grad,22419439616
3,5665.834,grad,22413010944
3,5667.58,grad,22383470080
3,5669.16,grad,22383469568
3,5670.487,grad,22402343936
3,5671.902,grad,22378587136
3,5673.693,grad,22380194816
3,5674.998,grad,22369113088
3,5676.436,grad,22325335040
3,5677.857,grad,22289421312
3,5679.147,grad,22246036480
3,5680.431,grad,22192561152
3,5681.96,grad,22185673728
3,5683.28,grad,22197658624
3,5684.633,grad,22156591616
3,5686.196,grad,22156591104
3,5687.466,grad,22175399936
3,5689.046,grad,22151708672
3,5690.821,grad,22153316352
3,5692.144,grad,22144659456
3,5693.652,grad,22098456576
3,5694.96,grad,22093934592
3,5696.843,grad,21965682688
3,5698.193,grad,21959254016
3,5700.021,grad,21929712640
3,5701.63,grad,21929712640
3,5702.88,grad,21947997184
3,5704.84,grad,21924830208
3,5706.605,grad,21926437888
3,5707.899,grad,21917780992
3,5709.298,grad,21871578112
3,5710.556,grad,21828258816
3,5712.395,grad,21738804224
3,5713.711,grad,21732375552
3,5715.44,grad,21702834176
3,5716.997,grad,21702834176
3,5718.257,grad,21721643008
3,5719.752,grad,21697951744
3,5721.464,grad,21700083712
3,5722.754,grad,21690902528
3,5724.255,grad,21644699648
3,5725.513,grad,21601380352
3,5727.317,grad,21511925760
3,5728.816,grad,21505497088
3,5730.596,grad,21475956224
3,5732.116,grad,21475955712
3,5733.415,grad,21494699008
3,5734.982,grad,21471073280
3,5736.662,grad,21472156672
3,5737.902,grad,21464024064
3,5739.297,grad,21417821184
3,5740.565,grad,21374501888
3,5742.374,grad,21285309440
3,5743.674,grad,21278880768
3,5745.461,grad,21249339904
3,5746.94,grad,21249339392
3,5748.279,grad,21268213760
3,5749.923,grad,21244456960
3,5751.629,grad,21245540352
3,5752.921,grad,21237407744
3,5754.177,grad,21191204864
3,5755.43,grad,21147885568
3,5756.693,grad,21058428928
3,5758.107,grad,21065771008
3,5759.397,grad,21044596736
3,5760.895,grad,21022460928
3,5762.454,grad,21022460928
3,5763.738,grad,21041204224
3,5764.995,grad,21017562112
3,5766.252,grad,21024951296
3,5767.726,grad,21018661888
3,5768.978,grad,21010529280
3,5770.416,grad,20964326400
3,5771.663,grad,20959869952
3,5773.531,grad,20831618048
3,5775.066,grad,20825189376
3,5776.789,grad,20795648000
3,5778.41,grad,20795648000
3,5779.703,grad,20814456832
3,5781.245,grad,20790765568
3,5783.155,grad,20791848960
3,5784.437,grad,20783650816
3,5785.729,grad,20737513472
3,5786.975,grad,20732991488
3,5788.834,grad,20604805120
3,5790.096,grad,20598376448
3,5791.784,grad,20568835072
3,5793.413,grad,20568835072
3,5794.727,grad,20587578368
3,5796.578,grad,20563952640
3,5798.413,grad,20565036032
3,5799.659,grad,20556837888
3,5800.917,grad,20471903232
3,5802.168,grad,20506178560
3,5803.947,grad,20377926656
3,5805.25,grad,20371497984
3,5806.965,grad,20341956608
3,5808.519,grad,20341956608
3,5809.767,grad,20361158656
3,5811.416,grad,20337074176
3,5813.129,grad,20339075072
3,5814.452,grad,20330024960
3,5815.837,grad,20283822080
3,5817.104,grad,20279300096
3,5818.804,grad,20151048192
3,5820.056,grad,20151042048
3,5821.342,grad,20150247424
3,5822.627,grad,20115078656
3,5824.183,grad,20115078144
3,5825.474,grad,20133952512
3,5826.942,grad,20110195712
3,5828.601,grad,20111279104
3,5829.848,grad,20180741120
3,5831.22,grad,20056943616
3,5832.474,grad,20052421632
3,5834.418,grad,19924169728
3,5835.682,grad,19932421120
3,5837.378,grad,19888199680
3,5838.919,grad,19888199680
3,5840.191,grad,19906942976
3,5842.054,grad,19883317248
3,5843.793,grad,19884400640
3,5845.067,grad,19876268032
3,5846.437,grad,19830065152
3,5847.686,grad,19825543168
3,5849.531,grad,19697291264
3,5850.776,grad,19705542656
3,5852.479,grad,19661321728
3,5854.035,grad,19661321216
3,5855.36,grad,19680064512
3,5856.976,grad,19656438784
3,5858.7,grad,19657522176
3,5859.962,grad,19726984192
3,5861.328,grad,19603186688
3,5862.581,grad,19559867392
3,5864.493,grad,19470478336
3,5865.737,grad,19478336512
3,5866.999,grad,19441849344
3,5868.256,grad,19434508288
3,5869.612,grad,19463868416
3,5870.967,grad,19453382656
3,5872.509,grad,19429625856
3,5874.367,grad,19430709248
3,5875.684,grad,19422576640
3,5877.095,grad,19376373760
3,5878.376,grad,19333054464
3,5880.272,grad,19243599872
3,5881.538,grad,19237171200
3,5883.306,grad,19207629824
3,5884.944,grad,19207629824
3,5886.271,grad,19226373120
3,5888.313,grad,19202747392
3,5890.04,grad,19204813824
3,5891.408,grad,19195698176
3,5892.705,grad,19149495296
3,5893.966,grad,19120856064
3,5895.245,grad,19062856704
3,5896.544,grad,19024061440
3,5897.842,grad,19024972800
3,5899.736,grad,18980751360
3,5901.434,grad,18980751360
3,5902.796,grad,18999494656
3,5904.707,grad,18975868928
3,5906.689,grad,18976952320
3,5907.948,grad,18966394880
3,5909.429,grad,18922616832
3,5910.685,grad,18886703104
3,5911.961,grad,18843449344
3,5913.387,grad,18789908480
3,5914.648,grad,18797242368
3,5915.921,grad,18788190208
3,5917.363,grad,18753938944
3,5918.866,grad,18753938432
3,5920.216,grad,18772681728
3,5921.911,grad,18749056000
3,5923.818,grad,18750139392
3,5925.089,grad,18739581952
3,5926.395,grad,18695803904
3,5927.656,grad,18659824640
3,5928.904,grad,18623845376
3,5930.141,grad,18563030016
3,5931.422,grad,18556601344
3,5933.369,grad,18527059968
3,5935.054,grad,18527059968
3,5936.313,grad,18545344512
3,5938.543,grad,18522177536
3,5940.556,grad,18523260928
3,5941.81,grad,18515062784
3,5943.103,grad,18468925440
3,5944.358,grad,18425606144
3,5945.601,grad,18336217088
3,5946.883,grad,18343557120
3,5948.142,grad,18315042816
3,5949.44,grad,18300247040
3,5951.037,grad,18300247040
3,5952.33,grad,18318990336
3,5953.995,grad,18295364608
3,5955.839,grad,18296448000
3,5957.147,grad,18288315392
3,5958.525,grad,18242112512
3,5959.773,grad,18198793216
3,5961.631,grad,18109338624
3,5962.905,grad,18117131264
3,5964.176,grad,18108873728
3,5965.55,grad,18073368576
3,5966.806,grad,18088048640
3,5968.064,grad,18092177408
3,5969.621,grad,18068486144
3,5971.356,grad,18070487040
3,5972.644,grad,18061436928
3,5974.048,grad,18015234048
3,5975.309,grad,17979254784
3,5976.553,grad,17889798144
3,5977.885,grad,17889800192
3,5979.14,grad,17861285888
3,5980.422,grad,17846490112
3,5981.968,grad,17846490112
3,5983.301,grad,17865233408
3,5985.297,grad,17841607680
3,5987.026,grad,17842691072
3,5988.362,grad,17834558464
3,5989.753,grad,17788355584
3,5990.998,grad,17745036288
3,5992.824,grad,17655581696
3,5994.096,grad,17649153024
3,5995.896,grad,17619611648
3,5997.511,grad,17619611648
3,5998.819,grad,17638813696
3,6000.45,grad,17614729216
3,6002.195,grad,17615812608
3,6003.496,grad,17607680000
3,6004.85,grad,17561477120
3,6006.1,grad,17487093760
3,6007.34,grad,17428703232
3,6008.644,grad,17436043264
3,6009.918,grad,17429549056
3,6011.51,grad,17392733696
3,6013.047,grad,17392733184
3,6014.353,grad,17411542016
3,6016.044,grad,17387850752
3,6017.838,grad,17388934144
3,6019.19,grad,17380801536
3,6020.612,grad,17334598656
3,6021.856,grad,17330076672
3,6023.746,grad,17201890304
3,6025.075,grad,17195461632
3,6027.005,grad,17165920256
3,6028.641,grad,17165920256
3,6029.899,grad,17184270336
3,6031.908,grad,17161037824
3,6033.781,grad,17162121216
3,6035.04,grad,17153923072
3,6036.406,grad,17107785728
3,6037.671,grad,17103263744
3,6039.521,grad,16975011840
3,6040.776,grad,16983263232
3,6042.457,grad,16939041792
3,6044.036,grad,16939041792
3,6045.351,grad,16957850624
3,6047.116,grad,16934159360
3,6048.851,grad,16935242752
3,6050.106,grad,16927110144
3,6051.51,grad,16880907264
3,6052.759,grad,16837587968
3,6054.617,grad,16748198912
3,6056.136,grad,16741311488
3,6058.024,grad,16712228864
3,6059.629,grad,16712228864
3,6060.94,grad,16731168768
3,6062.445,grad,16707346432
3,6064.168,grad,16708429824
3,6065.502,grad,16700297216
3,6066.809,grad,16654094336
3,6068.07,grad,16610775040
3,6069.358,grad,16536064000
3,6070.795,grad,16528726016
3,6072.042,grad,16492871680
3,6073.345,grad,16478075904
3,6074.961,grad,16477813760
3,6076.265,grad,16496622592
3,6078.309,grad,16472931328
3,6079.591,grad,16463002624
3,6080.849,grad,16463002624
3,6082.091,grad,16463002624
3,6083.811,grad,16463002112
3,6086.013,grad,16463002112
3,6087.429,grad,16463002112
3,6088.738,grad,16463002112
3,6090.025,grad,16463002112
3,6093.467,grad,16463002112
3,6094.804,grad,16463002112
3,6097.186,grad,16463002112
3,6098.448,grad,16463527936
3,6099.701,grad,16463004160
3,6100.959,grad,16463462912
3,6102.228,grad,16463003648
3,6103.472,grad,16463004160
3,6104.718,grad,16463006208
3,6106.008,grad,16463462400
3,6107.294,grad,16463069696
3,6108.555,grad,16463006208
3,6109.836,grad,16463005696
3,6111.142,grad,16463462400
3,6112.393,grad,16463004160
3,6113.67,grad,16463005696
3,6114.952,grad,16463069696
3,6116.253,grad,16463462400
3,6117.624,grad,16463069696
3,6118.936,grad,16463069184
3,6120.35,grad,16463005696
3,6121.793,grad,16463462400
3,6123.13,grad,16463003648
3,6124.44,grad,16463005696
3,6125.696,grad,16463462912
3,6127.012,grad,16463003648
3,6128.284,grad,16463004160
3,6129.558,grad,16463006208
3,6130.878,grad,16463462400
3,6132.143,grad,16463069184
3,6133.441,grad,16463005696
3,6134.686,grad,16463527936
3,6135.969,grad,16463003648
3,6137.24,grad,16463005696
3,6138.539,grad,16463004160
3,6139.782,grad,16463921152
3,6141.036,grad,16463069696
3,6142.312,grad,16463005696
3,6143.562,grad,16463462912
3,6144.83,grad,16463004160
3,6146.109,grad,16463006208
3,6147.372,grad,16463006208
3,6148.621,grad,16463462912
3,6149.937,grad,16464220160
3,6151.208,grad,16467824640
3,6152.459,grad,16470774272
3,6153.752,grad,16475492352
3,6154.997,grad,16478441984
3,6156.267,grad,16483618816
3,6157.532,grad,16487878656
3,6158.891,grad,16491515904
3,6160.212,grad,16498627072
3,6161.517,grad,16499446272
3,6162.787,grad,16506884608
3,6164.076,grad,16510391296
3,6165.348,grad,16515665920
3,6166.611,grad,16519303168
3,6167.867,grad,16524382720
3,6169.193,grad,16527527936
3,6170.455,grad,16530608640
3,6171.759,grad,16535195648
3,6173.048,grad,16535949312
3,6174.399,grad,16540733440
3,6175.695,grad,16543290368
3,6176.999,grad,16546893824
3,6178.329,grad,16550499328
3,6179.627,grad,16553578496
3,6180.908,grad,16559182848
3,6182.197,grad,16560230400
3,6183.466,grad,16564818432
3,6184.735,grad,16567145984
3,6185.976,grad,16570978304
3,6187.253,grad,16574582784
3,6188.536,grad,16577433600
3,6189.78,grad,16581924352
3,6191.096,grad,16583430144
3,6192.507,grad,16588017664
3,6193.804,grad,16590573568
3,6195.065,grad,16593948672
3,6196.39,grad,16596570112
3,6197.671,grad,16600633344
3,6198.93,grad,16603910144
3,6200.206,grad,16606990336
3,6201.471,grad,16611578368
3,6202.713,grad,16613545472
3,6203.983,grad,16617377792
3,6205.239,grad,16619770368
3,6206.507,grad,16623833088
3,6207.814,grad,16628323328
3,6209.09,grad,16630255616
3,6210.388,grad,16634417152
3,6211.666,grad,16636973056
3,6212.94,grad,16641036288
3,6214.21,grad,16641305600
3,6215.452,grad,16641342464
3,6216.697,grad,16641379840
3,6217.97,grad,16641404928
3,6219.241,grad,16641439744
3,6220.497,grad,16641476096
3,6221.736,grad,16582184448
3,6222.994,grad,16386035200
3,6224.267,grad,16323251712
3,6225.544,grad,16357166592
3,6226.792,grad,16389017088
3,6228.064,grad,16421686784
3,6229.339,grad,16454159872
3,6230.593,grad,16466677248
3,6231.839,grad,16346320384
3,6233.114,grad,16212594176
3,6234.374,grad,16139590144
3,6240.719,grad,16139451904
3,6247.109,grad,16139460096
3,6253.471,grad,16139460096
3,6259.834,grad,16139460096
3,6265.012,grad,16139460096
3,6266.278,grad,16146937344
3,6268.353,grad,16147066368
3,6271.188,grad,16154471936
3,6272.519,grad,16163909120
3,6273.917,grad,16163909120
3,6275.206,grad,16187093504
3,6276.903,grad,16193450496
3,6278.118,grad,16239591936
3,6279.374,grad,16346677760
3,6280.742,grad,16346677760
3,6283.098,grad,16385540608
3,6285.867,grad,16392884736
3,6287.119,grad,16402321920
3,6288.476,grad,16402321920
3,6289.782,grad,16425506304
3,6291.483,grad,16431863296
3,6292.732,grad,16492684800
3,6294.857,grad,16546293248
3,6296.136,grad,16623953408
3,6297.448,grad,16623953408
3,6300.223,grad,16631297536
3,6301.513,grad,16640734720
3,6303.069,grad,16640734720
3,6304.346,grad,16678599168
3,6305.981,grad,16670276096
3,6307.28,grad,16716417536
3,6308.531,grad,16862300672
3,6309.899,grad,16823503360
3,6311.996,grad,16862366208
3,6314.718,grad,16869710336
3,6316.019,grad,16879147520
3,6317.394,grad,16879147520
3,6318.656,grad,16902331904
3,6320.3,grad,16908688896
3,6321.557,grad,16954830336
3,6322.814,grad,17100713472
3,6324.125,grad,17061916160
3,6326.556,grad,17100779008
3,6329.312,grad,17108123136
3,6330.59,grad,17117560320
3,6331.913,grad,17117560320
3,6333.175,grad,17140744704
3,6334.881,grad,17147101696
3,6336.153,grad,17193243136
3,6337.444,grad,17300328960
3,6338.803,grad,17300328960
3,6340.877,grad,17339191808
3,6343.731,grad,17346535936
3,6345.0,grad,17355973120
3,6346.353,grad,17355973120
3,6347.61,grad,17393837568
3,6349.219,grad,17385514496
3,6350.475,grad,17431655936
3,6352.596,grad,17499944448
3,6354.999,grad,17577604608
3,6357.726,grad,17584948736
3,6358.978,grad,17594385920
3,6360.304,grad,17594385920
3,6361.59,grad,17617570304
3,6363.375,grad,17623927296
3,6364.671,grad,17670068736
3,6366.912,grad,17738357248
3,6369.349,grad,17816017408
3,6372.124,grad,17823361536
3,6373.429,grad,17832798720
3,6374.796,grad,17832798720
3,6376.074,grad,17855983104
3,6377.782,grad,17862340096
3,6379.066,grad,17908481536
3,6381.215,grad,17976770048
3,6384.659,grad,18061770240
3,6387.378,grad,18061774336
3,6388.641,grad,18071211520
3,6390.011,grad,18071211520
3,6391.278,grad,18109075968
3,6392.902,grad,18100752896
3,6394.108,grad,18146894336
3,6396.294,grad,18215182848
3,6398.693,grad,18292843008
3,6401.409,grad,18300187136
3,6402.849,grad,18309624320
3,6404.219,grad,18309624320
3,6405.468,grad,18347488768
3,6407.114,grad,18339165696
3,6408.415,grad,18385307136
3,6410.568,grad,18492392960
3,6412.883,grad,18538595840
3,6415.589,grad,18538599936
3,6416.848,grad,18548037120
3,6418.269,grad,18548037120
3,6419.545,grad,18585901568
3,6421.145,grad,18577578496
3,6422.431,grad,18584922624
3,6423.686,grad,18847197696
3,6424.969,grad,18730805760
3,6427.271,grad,18769668608
3,6429.946,grad,18777012736
3,6431.233,grad,18786449920
3,6432.531,grad,18786449920
3,6433.784,grad,18824314368
3,6435.409,grad,18815991296
3,6436.662,grad,18876812800
3,6438.805,grad,18930421248
3,6441.306,grad,19008081408
3,6444.013,grad,19015425536
3,6445.28,grad,19024862720
3,6446.636,grad,19024862720
3,6447.882,grad,19048047104
3,6449.57,grad,19054404096
3,6450.832,grad,19115225600
3,6452.919,grad,19168834048
3,6455.268,grad,19246494208
3,6458.023,grad,19253838336
3,6459.4,grad,19263275520
3,6460.777,grad,19263275520
3,6462.039,grad,19301139968
3,6463.632,grad,19292816896
3,6464.913,grad,19338958336
3,6466.168,grad,19446044160
3,6467.449,grad,19446044160
3,6469.693,grad,19484907008
3,6472.423,grad,19492251136
3,6473.682,grad,19501688320
3,6475.055,grad,19501688320
3,6476.362,grad,19524872704
3,6478.059,grad,19531229696
3,6479.511,grad,19577371136
3,6480.779,grad,19723254272
3,6482.047,grad,19684456960
3,6484.326,grad,19723319808
3,6487.055,grad,19730663936
3,6488.315,grad,19740101120
3,6489.688,grad,19740101120
3,6490.97,grad,19763285504
3,6492.605,grad,19769642496
3,6493.883,grad,19815783936
3,6495.109,grad,19922869760
3,6496.496,grad,19922869760
3,6498.861,grad,19961732608
3,6501.564,grad,19969076736
3,6502.882,grad,19978513920
3,6504.258,grad,19978513920
3,6505.517,grad,20016378368
3,6507.195,grad,20008055296
3,6508.444,grad,20054196736
3,6510.588,grad,20122485248
3,6512.909,grad,20200145408
3,6515.623,grad,20207489536
3,6517.024,grad,20216926720
3,6518.433,grad,20216926720
3,6519.683,grad,20254791168
3,6521.289,grad,20246468096
3,6522.58,grad,20292609536
3,6524.713,grad,20360898048
3,6525.97,grad,20445898240
3,6527.362,grad,20438558208
3,6530.195,grad,20445902336
3,6531.454,grad,20455339520
3,6532.826,grad,20455339520
3,6534.199,grad,20478523904
3,6536.0,grad,20484880896
3,6537.274,grad,20531022336
3,6538.522,grad,20676905472
3,6539.787,grad,20638108160
3,6542.073,grad,20676971008
3,6544.805,grad,20684315136
3,6546.059,grad,20693752320
3,6547.408,grad,20693752320
3,6548.661,grad,20716936704
3,6550.386,grad,20723293696
3,6551.67,grad,20769435136
3,6552.916,grad,20915318272
3,6554.272,grad,20876520960
3,6556.518,grad,20915383808
3,6559.341,grad,20922727936
3,6560.752,grad,20932165120
3,6562.191,grad,20932165120
3,6563.478,grad,20955349504
3,6565.164,grad,20961706496
3,6566.453,grad,21007847936
3,6567.695,grad,21114933760
3,6568.955,grad,21114933760
3,6571.359,grad,21153796608
3,6574.199,grad,21161140736
3,6575.671,grad,21170577920
3,6577.051,grad,21170577920
3,6578.321,grad,21193762304
3,6580.051,grad,21200119296
3,6581.336,grad,21260940800
3,6583.529,grad,21314549248
3,6584.793,grad,21392209408
3,6586.157,grad,21392209408
3,6589.016,grad,21399553536
3,6590.282,grad,21408990720
3,6591.683,grad,21408990720
3,6592.94,grad,21432175104
3,6594.92,grad,21438532096
3,6596.232,grad,21484673536
3,6597.498,grad,21630556672
3,6598.767,grad,21591759360
3,6601.012,grad,21630622208
3,6603.779,grad,21637966336
3,6605.046,grad,21647403520
3,6606.44,grad,21647403520
3,6607.711,grad,21670587904
3,6609.487,grad,21676944896
3,6610.775,grad,21723086336
3,6612.034,grad,21868969472
3,6613.286,grad,21830172160
3,6616.556,grad,21869035008
3,6619.367,grad,21876379136
3,6620.626,grad,21885816320
3,6622.036,grad,21885816320
3,6623.349,grad,21909000704
3,6625.045,grad,21915357696
3,6626.309,grad,21976179200
3,6628.468,grad,22029787648
3,6629.757,grad,22107447808
3,6631.146,grad,22107447808
3,6633.848,grad,22114791936
3,6635.265,grad,22124229120
3,6636.63,grad,22124229120
3,6637.906,grad,22163142144
3,6639.535,grad,22154819072
3,6640.814,grad,22200960512
3,6642.096,grad,22308046336
3,6643.495,grad,22308046336
3,6645.601,grad,22346909184
3,6648.297,grad,22354253312
3,6649.589,grad,22363690496
3,6650.966,grad,22363690496
3,6652.264,grad,22401554944
3,6654.033,grad,22393231872
3,6655.346,grad,22439373312
3,6657.497,grad,22507661824
3,6659.882,grad,22585321984
3,6662.631,grad,22592666112
3,6663.895,grad,22602103296
3,6665.218,grad,22602103296
3,6666.506,grad,22625287680
3,6668.108,grad,22631644672
3,6669.361,grad,22677786112
3,6670.622,grad,22823669248
3,6671.898,grad,22784871936
3,6674.234,grad,22823734784
3,6675.539,grad,23135161856
3,6676.799,grad,23758053888
3,6679.731,grad,23750685696
3,6681.005,grad,23439259136
3,6682.292,grad,23439259136
3,6683.547,grad,23439259136
3,6684.886,grad,23439260672
3,6686.628,grad,22827923968
3,6687.925,grad,22826607104
3,6689.376,grad,22780404224
3,6690.64,grad,22705627648
3,6691.909,grad,22647630336
3,6693.26,grad,22654970368
3,6694.524,grad,22626456064
3,6695.8,grad,22611660288
3,6697.407,grad,22611660288
3,6698.722,grad,22630534656
3,6700.19,grad,22606777856
3,6701.452,grad,22604189184
3,6702.815,grad,22608385536
3,6704.109,grad,22553525760
3,6705.367,grad,22592323072
3,6706.638,grad,22473899520
3,6708.171,grad,22420751872
3,6709.443,grad,22414323200
3,6711.3,grad,22384781824
3,6712.869,grad,22384781824
3,6714.154,grad,22403983872
3,6715.763,grad,22379899392
3,6717.472,grad,22381507072
3,6718.727,grad,22450444800
3,6720.035,grad,22326647296
3,6721.31,grad,22259210752
3,6723.223,grad,22193873408
3,6724.758,grad,22187444736
3,6726.58,grad,22156854784
3,6728.128,grad,22156854784
3,6729.438,grad,22176777728
3,6730.976,grad,22151972352
3,6732.694,grad,22153580032
3,6733.945,grad,22222517760
3,6735.31,grad,22098720256
3,6736.565,grad,22055400960
3,6738.376,grad,21965946368
3,6739.652,grad,21974197760
3,6741.44,grad,21929976320
3,6742.989,grad,21929976320
3,6744.31,grad,21948850688
3,6746.012,grad,21925093888
3,6747.69,grad,21926177280
3,6748.941,grad,21918044672
3,6750.315,grad,21871841792
3,6751.585,grad,21804405248
3,6753.452,grad,21739067904
3,6754.712,grad,21747319296
3,6756.401,grad,21703097856
3,6757.937,grad,21703097856
3,6759.24,grad,21721972224
3,6760.676,grad,21698215424
3,6762.517,grad,21700347392
3,6763.775,grad,21691100672
3,6765.045,grad,21644963328
3,6766.311,grad,21640441344
3,6768.037,grad,21512189440
3,6769.585,grad,21520440832
3,6771.347,grad,21476219392
3,6772.877,grad,21476219392
3,6774.147,grad,21495093760
3,6775.567,grad,21471336960
3,6777.293,grad,21472420352
3,6778.54,grad,21464287744
3,6779.897,grad,21418084864
3,6781.109,grad,21343308288
3,6783.016,grad,21285376512
3,6784.285,grad,21293627904
3,6785.95,grad,21249406464
3,6787.482,grad,21249406464
3,6788.728,grad,21268215296
3,6790.527,grad,21251864064
3,6792.305,grad,21245607424
3,6793.571,grad,21237409280
3,6794.828,grad,21152474624
3,6796.096,grad,21186749952
3,6797.786,grad,21058498048
3,6799.039,grad,21066683904
3,6800.656,grad,21022528000
3,6802.233,grad,21022528000
3,6803.504,grad,21041402368
3,6804.911,grad,21017645568
3,6806.611,grad,21018728960
3,6807.86,grad,21088190976
3,6810.161,grad,20964393472
3,6811.431,grad,20921074176
3,6812.676,grad,20831619584
3,6813.972,grad,20838959616
3,6815.253,grad,20817785344
3,6816.785,grad,20795649536
3,6818.32,grad,20795649536
3,6819.612,grad,20814523904
3,6821.056,grad,20790767104
3,6822.768,grad,20791850496
3,6824.053,grad,20861312512
3,6825.497,grad,20737515008
3,6826.825,grad,20694195712
3,6828.718,grad,20604741120
3,6829.985,grad,20612992512
3,6831.688,grad,20568771072
3,6833.295,grad,20568771072
3,6834.555,grad,20587973120
3,6836.365,grad,20563888640
3,6838.07,grad,20565889536
3,6839.345,grad,20634434048
3,6840.632,grad,20510636544
3,6841.892,grad,20506114560
3,6843.664,grad,20377862656
3,6844.917,grad,20386114048
3,6846.529,grad,20341892608
3,6848.069,grad,20341892608
3,6849.337,grad,20360635904
3,6850.965,grad,20337010176
3,6852.686,grad,20338093568
3,6853.944,grad,20329960960
3,6855.314,grad,20283758080
3,6856.584,grad,20279236096
3,6858.399,grad,20150984192
3,6859.656,grad,20144096768
3,6861.526,grad,20115014144
3,6863.07,grad,20115014144
3,6864.349,grad,20133822976
3,6865.868,grad,20110131712
3,6867.596,grad,20111215104
3,6868.866,grad,20103082496
3,6870.252,grad,20056879616
3,6871.506,grad,20052357632
3,6873.354,grad,19924105728
3,6874.631,grad,19917677056
3,6876.402,grad,19888135680
3,6877.978,grad,19888135680
3,6879.286,grad,19906878976
3,6881.467,grad,19883253248
3,6883.266,grad,19884336640
3,6884.541,grad,19876204032
3,6885.903,grad,19830001152
3,6887.185,grad,19786681856
3,6889.056,grad,19697292800
3,6890.323,grad,19690864128
3,6892.1,grad,19661322752
3,6893.735,grad,19661322752
3,6895.009,grad,19680524800
3,6896.696,grad,19656440320
3,6898.529,grad,19657523712
3,6899.817,grad,19649391104
3,6901.228,grad,19603188224
3,6902.508,grad,19535751680
3,6903.838,grad,19470414336
3,6905.26,grad,19477754368
3,6906.579,grad,19463920128
3,6908.239,grad,19434444288
3,6909.851,grad,19434444288
3,6911.103,grad,19453187584
3,6912.772,grad,19429561856
3,6914.577,grad,19431628288
3,6915.827,grad,19422512640
3,6917.219,grad,19376309760
3,6918.48,grad,19371787776
3,6920.319,grad,19243535872
3,6921.578,grad,19251787264
3,6923.439,grad,19207565824
3,6925.049,grad,19207565824
3,6926.322,grad,19226309120
3,6928.2,grad,19202683392
3,6929.981,grad,19203766784
3,6931.245,grad,19273228800
3,6932.624,grad,19149431296
3,6933.926,grad,19144909312
3,6935.676,grad,19016722944
3,6936.929,grad,19024908800
3,6938.626,grad,18980752896
3,6940.228,grad,18980752896
3,6941.489,grad,18999496192
3,6943.114,grad,18975870464
3,6944.869,grad,18976953856
3,6946.117,grad,18968821248
3,6947.459,grad,18922618368
3,6948.716,grad,18918096384
3,6950.594,grad,18789844480
3,6951.939,grad,18782957056
3,6953.792,grad,18753874432
3,6955.451,grad,18753874432
3,6956.701,grad,18772683264
3,6958.216,grad,18748992000
3,6959.915,grad,18750075392
3,6961.185,grad,18741942784
3,6962.585,grad,18695739904
3,6963.844,grad,18652420608
3,6965.7,grad,18563031552
3,6966.962,grad,18570889728
3,6968.258,grad,18559683072
3,6969.569,grad,18527062016
3,6971.293,grad,18527061504
3,6972.582,grad,18545346048
3,6974.697,grad,18522179072
3,6976.557,grad,18523262464
3,6977.915,grad,18515129856
3,6979.202,grad,18468926976
3,6980.458,grad,18432947712
3,6981.698,grad,18374948352
3,6982.981,grad,18343493120
3,6984.283,grad,18329658880
3,6985.993,grad,18300183040
3,6987.575,grad,18300183040
3,6988.892,grad,18318926336
3,6990.63,grad,18295300608
3,6992.4,grad,18297301504
3,6993.751,grad,18288251392
3,6995.258,grad,18242048512
3,6996.566,grad,18198729216
3,6998.531,grad,18109274624
3,6999.825,grad,18117067264
3,7001.095,grad,18105926144
3,7002.45,grad,18073304576
3,7003.722,grad,18073304576
3,7004.987,grad,18092047872
3,7006.647,grad,18068422144
3,7008.404,grad,18069505536
3,7009.758,grad,18061372928
3,7011.009,grad,18015170048
3,7012.267,grad,17986530816
3,7013.533,grad,17921191424
3,7014.793,grad,17889736192
3,7016.049,grad,17875901952
3,7017.749,grad,17846426112
3,7019.394,grad,17846426112
3,7020.66,grad,17864710656
3,7022.773,grad,17848883712
3,7024.626,grad,17842627072
3,7025.906,grad,17912089088
3,7027.316,grad,17788291584
3,7028.569,grad,17721248256
3,7030.486,grad,17655517696
3,7031.807,grad,17649089024
3,7033.673,grad,17619547648
3,7035.498,grad,17619547648
3,7036.763,grad,17637832192
3,7038.601,grad,17614665216
3,7040.402,grad,17615748608
3,7041.655,grad,17605191168
3,7042.958,grad,17561413120
3,7044.221,grad,17540179456
3,7045.473,grad,17482180096
3,7047.049,grad,17436044800
3,7048.331,grad,17422210560
3,7049.903,grad,17392734720
3,7051.524,grad,17392734720
3,7052.843,grad,17411543552
3,7054.579,grad,17387852288
3,7056.5,grad,17388935680
3,7057.747,grad,17380737536
3,7059.041,grad,17334600192
3,7060.337,grad,17291280896
3,7062.219,grad,17201826304
3,7063.507,grad,17195397632
3,7065.369,grad,17165856256
3,7066.96,grad,17165856256
3,7068.268,grad,17184665088
3,7070.135,grad,17160973824
3,7071.874,grad,17162057216
3,7073.148,grad,17153924608
3,7074.405,grad,17107721728
3,7075.67,grad,17064402432
3,7076.926,grad,16989691392
3,7078.289,grad,16982353408
3,7079.539,grad,16953839104
3,7080.828,grad,16939043328
3,7082.437,grad,16939043328
3,7083.76,grad,16957852160
3,7085.457,grad,16934160896
3,7087.281,grad,16935244288
3,7088.553,grad,16927111680
3,7089.939,grad,16880908800
3,7091.221,grad,16876780032
3,7093.045,grad,16748134912
3,7094.353,grad,16755927552
3,7095.632,grad,16729057792
3,7096.901,grad,16712164864
3,7098.174,grad,16726844928
3,7099.424,grad,16731039232
3,7100.925,grad,16707282432
3,7102.697,grad,16708365824
3,7104.003,grad,16700233216
3,7105.41,grad,16654030336
3,7106.667,grad,16649508352
3,7108.603,grad,16521321984
3,7109.869,grad,16507553280
3,7111.657,grad,16478012416
3,7113.367,grad,16477749760
3,7114.693,grad,16496558592
3,7116.647,grad,16472801792
3,7117.929,grad,16462873088
3,7119.183,grad,16462873088
3,7120.424,grad,16462873088
3,7123.059,grad,16462872576
3,7124.339,grad,16462872576
3,7126.0,grad,16462872576
3,7130.177,grad,16462872576
3,7131.482,grad,16462872576
3,7133.772,grad,16462872576
3,7135.041,grad,16462939648
3,7136.326,grad,16462876672
3,7137.576,grad,16463333376
3,7138.862,grad,16462874112
3,7140.124,grad,16462876672
3,7141.387,grad,16462876160
3,7142.68,grad,16463332864
3,7143.926,grad,16462939648
3,7145.18,grad,16462876160
3,7146.436,grad,16462939648
3,7147.682,grad,16463333376
3,7148.929,grad,16463333376
3,7150.241,grad,16462874624
3,7151.505,grad,16463333376
3,7152.788,grad,16462940160
3,7154.046,grad,16462876160
3,7155.328,grad,16462939648
3,7156.612,grad,16463332864
3,7157.921,grad,16463332864
3,7159.227,grad,16462874112
3,7160.498,grad,16463333376
3,7161.798,grad,16462874112
3,7163.06,grad,16462874624
3,7164.352,grad,16462876160
3,7165.605,grad,16463791616
3,7166.896,grad,16462939648
3,7168.151,grad,16462876160
3,7169.402,grad,16462939648
3,7170.667,grad,16462874624
3,7171.931,grad,16463334912
3,7173.187,grad,16462874624
3,7174.438,grad,16463332864
3,7175.729,grad,16462874112
3,7177.01,grad,16462874624
3,7178.273,grad,16462876672
3,7179.567,grad,16463332864
3,7180.873,grad,16462874112
3,7182.144,grad,16462874112
3,7183.393,grad,16462940672
3,7184.629,grad,16465992192
3,7185.893,grad,16469300736
3,7187.109,grad,16473758720
3,7188.395,grad,16475265024
3,7189.669,grad,16481523200
3,7190.932,grad,16484636672
3,7192.313,grad,16489813504
3,7193.605,grad,16494337024
3,7194.881,grad,16498366464
3,7196.22,grad,16505805312
3,7197.593,grad,16506852864
3,7198.887,grad,16514291712
3,7200.153,grad,16517798400
3,7201.494,grad,16523270144
3,7202.784,grad,16524088832
3,7204.043,grad,16531723776
3,7205.35,grad,16534279680
3,7206.605,grad,16537884672
3,7207.885,grad,16541490176
3,7209.217,grad,16544568832
3,7210.461,grad,16548698624
3,7211.767,grad,16550204928
3,7213.031,grad,16554857984
3,7214.303,grad,16557413888
3,7215.584,grad,16561018368
3,7216.85,grad,16564689408
3,7218.111,grad,16567997952
3,7219.408,grad,16571898368
3,7220.677,grad,16573405184
3,7221.945,grad,16578123776
3,7223.268,grad,16580679168
3,7224.529,grad,16584283648
3,7225.819,grad,16588250112
3,7227.073,grad,16591099392
3,7228.38,grad,16595917312
3,7229.642,grad,16596736000
3,7230.901,grad,16601486848
3,7232.158,grad,16604108288
3,7233.415,grad,16607942144
3,7234.725,grad,16611448320
3,7236.021,grad,16614528512
3,7237.288,grad,16619116032
3,7238.555,grad,16621083136
3,7239.817,grad,16624915968
3,7241.075,grad,16628520448
3,7242.329,grad,16631371264
3,7243.642,grad,16635861504
3,7244.917,grad,16637368320
3,7246.186,grad,16641955328
3,7247.432,grad,16643066880
3,7248.704,grad,16643104256
3,7249.95,grad,16643142144
3,7251.505,grad,16643172864
3,7252.779,grad,16643210752
3,7254.061,grad,16643249664
3,7255.32,grad,16558986240
3,7256.573,grad,16351106048
3,7257.837,grad,16336262144
3,7259.096,grad,16371160064
3,7260.336,grad,16405173248
3,7261.583,grad,16439972864
3,7262.824,grad,16473428992
3,7264.106,grad,16399635456
3,7265.352,grad,16265712640
3,7266.608,grad,16139491840
3,7272.962,grad,16139322368
3,7279.365,grad,16139326464
3,7285.728,grad,16139326464
3,7292.097,grad,16139326464
3,7297.387,grad,16139326464
3,7298.742,grad,16144182272
3,7300.908,grad,16144311296
3,7303.801,grad,16147981312
3,7305.247,grad,16152699904
3,7306.701,grad,16152699904
3,7307.963,grad,16164358144
3,7309.829,grad,16167536640
3,7311.104,grad,16190541824
3,7312.358,grad,16302411776
3,7313.608,grad,16244215808
3,7314.866,grad,16294121472
3,7316.518,grad,16263647232
3,7319.326,grad,16267384832
3,7320.593,grad,16272103424
3,7322.047,grad,16272103424
3,7323.312,grad,16283728896
3,7325.017,grad,16286907392
3,7326.297,grad,16309978112
3,7327.576,grad,16363521024
3,7328.823,grad,16363521024
3,7331.209,grad,16382952448
3,7334.132,grad,16386624512
3,7335.411,grad,16391343104
3,7336.807,grad,16391343104
3,7338.063,grad,16402935808
3,7339.808,grad,16407162880
3,7341.091,grad,16437311488
3,7343.202,grad,16465164288
3,7345.649,grad,16503994368
3,7348.433,grad,16507666432
3,7349.734,grad,16512385024
3,7351.182,grad,16512385024
3,7352.438,grad,16531317760
3,7354.068,grad,16527156224
3,7355.37,grad,16530828288
3,7356.63,grad,16661965824
3,7358.075,grad,16584371200
3,7360.622,grad,16623201280
3,7363.437,grad,16626873344
3,7364.702,grad,16632640512
3,7366.146,grad,16632640512
3,7367.404,grad,16644233216
3,7369.023,grad,16646363136
3,7370.31,grad,16670482432
3,7371.57,grad,16743424000
3,7372.92,grad,16724025344
3,7375.042,grad,16743456768
3,7377.981,grad,16747128832
3,7379.255,grad,16751847424
3,7380.629,grad,16751847424
3,7381.926,grad,16764488704
3,7383.65,grad,16767667200
3,7384.904,grad,16798077952
3,7387.068,grad,16824882176
3,7389.477,grad,16863712256
3,7392.188,grad,16867384320
3,7393.519,grad,16873151488
3,7395.07,grad,16873151488
3,7396.397,grad,16884744192
3,7398.037,grad,16886874112
3,7399.316,grad,16910993408
3,7400.587,grad,17022732288
3,7401.903,grad,16964536320
3,7404.188,grad,16983967744
3,7406.928,grad,16987639808
3,7408.278,grad,16993406976
3,7409.694,grad,16993406976
3,7410.965,grad,17004999680
3,7412.698,grad,17007129600
3,7413.956,grad,17031248896
3,7415.229,grad,17142987776
3,7416.681,grad,17065393152
3,7418.01,grad,17104223232
3,7419.365,grad,17104223232
3,7422.172,grad,17107895296
3,7423.528,grad,17112613888
3,7424.931,grad,17112613888
3,7426.226,grad,17124206592
3,7427.906,grad,17127385088
3,7429.174,grad,17151504384
3,7430.43,grad,17224445952
3,7431.742,grad,17205047296
3,7434.1,grad,17224478720
3,7437.963,grad,17228150784
3,7439.299,grad,17233917952
3,7440.673,grad,17233917952
3,7441.935,grad,17246559232
3,7443.651,grad,17248689152
3,7444.958,grad,17272808448
3,7446.297,grad,17326351360
3,7447.686,grad,17326351360
3,7449.942,grad,17350503424
3,7452.653,grad,17350503424
3,7454.012,grad,17355222016
3,7455.396,grad,17355222016
3,7456.666,grad,17363144704
3,7458.619,grad,17369993216
3,7459.872,grad,17393063936
3,7461.113,grad,17466005504
3,7462.395,grad,17446606848
3,7464.758,grad,17466038272
3,7467.507,grad,17469710336
3,7468.881,grad,17475477504
3,7470.362,grad,17475477504
3,7471.653,grad,17487070208
3,7473.417,grad,17489200128
3,7474.708,grad,17514368000
3,7475.966,grad,17587309568
3,7477.249,grad,17548512256
3,7479.641,grad,17587342336
3,7482.405,grad,17591014400
3,7483.691,grad,17595732992
3,7485.042,grad,17595732992
3,7486.329,grad,17607325696
3,7488.034,grad,17614174208
3,7489.295,grad,17640914944
3,7491.413,grad,17668767744
3,7493.83,grad,17707597824
3,7496.761,grad,17711269888
3,7498.134,grad,17715988480
3,7499.519,grad,17715988480
3,7500.771,grad,17727581184
3,7502.596,grad,17730759680
3,7503.929,grad,17762219008
3,7505.199,grad,17827820544
3,7506.553,grad,17808421888
3,7508.707,grad,17827853312
3,7511.41,grad,17831525376
3,7512.717,grad,17836243968
3,7514.074,grad,17836243968
3,7515.375,grad,17844166656
3,7517.304,grad,17852063744
3,7518.611,grad,17881425920
3,7520.763,grad,17908230144
3,7523.199,grad,17947060224
3,7525.921,grad,17951780864
3,7527.209,grad,17956499456
3,7528.602,grad,17956499456
3,7529.885,grad,17968092160
3,7531.568,grad,17971270656
3,7532.826,grad,17994341376
3,7534.095,grad,18067282944
3,7535.36,grad,18047884288
3,7537.708,grad,18067315712
3,7540.42,grad,18070987776
3,7541.681,grad,18075706368
3,7543.09,grad,18075706368
3,7544.37,grad,18088347648
3,7546.002,grad,18091526144
3,7547.263,grad,18114596864
3,7548.523,grad,18187538432
3,7549.813,grad,18168139776
3,7552.096,grad,18187571200
3,7555.015,grad,18192291840
3,7556.284,grad,18197010432
3,7557.648,grad,18197010432
3,7558.933,grad,18208603136
3,7560.642,grad,18211781632
3,7561.941,grad,18234852352
3,7563.23,grad,18346591232
3,7564.478,grad,18288395264
3,7566.848,grad,18307826688
3,7569.696,grad,18311498752
3,7571.122,grad,18317265920
3,7572.538,grad,18317265920
3,7573.878,grad,18325188608
3,7575.796,grad,18330988544
3,7577.075,grad,18362447872
3,7578.364,grad,18428049408
3,7579.747,grad,18408650752
3,7581.942,grad,18428082176
3,7584.736,grad,18431754240
3,7586.074,grad,18436472832
3,7587.489,grad,18436472832
3,7588.755,grad,18448065536
3,7590.589,grad,18451244032
3,7591.85,grad,18474314752
3,7593.117,grad,18586053632
3,7594.519,grad,18508459008
3,7595.799,grad,18550959104
3,7597.135,grad,18547289088
3,7600.066,grad,18550961152
3,7601.451,grad,18555679744
3,7602.841,grad,18555679744
3,7604.112,grad,18568321024
3,7605.818,grad,18571499520
3,7607.109,grad,18594570240
3,7608.38,grad,18667511808
3,7609.642,grad,18628714496
3,7610.903,grad,18671214592
3,7612.323,grad,18667544576
3,7615.268,grad,18671216640
3,7616.664,grad,18676983808
3,7618.033,grad,18676983808
3,7619.357,grad,18688576512
3,7621.001,grad,18690706432
3,7622.255,grad,18714825728
3,7623.503,grad,18826564608
3,7624.828,grad,18768368640
3,7627.14,grad,18787800064
3,7629.907,grad,18791472128
3,7631.244,grad,18797239296
3,7632.627,grad,18797239296
3,7633.939,grad,18805161984
3,7635.759,grad,18812010496
3,7637.023,grad,18836129792
3,7638.311,grad,18947868672
3,7639.637,grad,18890721280
3,7641.957,grad,18909104128
3,7644.715,grad,18912776192
3,7645.999,grad,18917494784
3,7647.387,grad,18917494784
3,7648.638,grad,18929087488
3,7650.393,grad,18932265984
3,7651.659,grad,18955336704
3,7652.923,grad,19008879616
3,7654.265,grad,18989480960
3,7655.558,grad,19028311040
3,7656.863,grad,19028311040
3,7659.694,grad,19031983104
3,7661.039,grad,19037750272
3,7662.445,grad,19037750272
3,7663.703,grad,19049342976
3,7665.542,grad,19051472896
3,7666.837,grad,19075592192
3,7668.095,grad,19148533760
3,7669.371,grad,19129135104
3,7671.757,grad,19148566528
3,7675.56,grad,19152238592
3,7676.865,grad,19156957184
3,7678.327,grad,19156957184
3,7679.627,grad,19169598464
3,7681.314,grad,19172776960
3,7682.564,grad,19195847680
3,7683.807,grad,19307586560
3,7685.143,grad,19249390592
3,7687.442,grad,19268822016
3,7690.231,grad,19272494080
3,7691.498,grad,19278261248
3,7692.876,grad,19278261248
3,7694.209,grad,19286183936
3,7696.044,grad,19291983872
3,7697.324,grad,19323443200
3,7698.566,grad,19389044736
3,7699.907,grad,19369646080
3,7702.061,grad,19389077504
3,7704.829,grad,19392749568
3,7706.123,grad,19398516736
3,7707.509,grad,19398516736
3,7708.767,grad,19410109440
3,7710.565,grad,19412239360
3,7711.862,grad,19436358656
3,7713.128,grad,19548097536
3,7714.54,grad,19470502912
3,7715.821,grad,19508284416
3,7717.182,grad,19513005056
3,7718.442,grad,19976476160
3,7719.713,grad,19976488960
3,7722.696,grad,19972807168
3,7723.971,grad,19817094144
3,7725.242,grad,19817094144
3,7726.503,grad,19817094144
3,7728.189,grad,19817095680
3,7729.883,grad,19512999936
3,7731.151,grad,19508539392
3,7732.608,grad,19485569024
3,7733.86,grad,19467579392
3,7735.126,grad,19443298304
3,7736.4,grad,19423901696
3,7737.658,grad,19416786944
3,7739.587,grad,19402245632
3,7741.148,grad,19403293696
3,7742.473,grad,19412665344
3,7744.39,grad,19401098240
3,7746.104,grad,19403230208
3,7747.445,grad,19395230720
3,7748.695,grad,19372129280
3,7749.94,grad,19350535168
3,7751.234,grad,19314424832
3,7752.634,grad,19309708288
3,7753.897,grad,19295450112
3,7755.183,grad,19287003648
3,7756.601,grad,19288051712
3,7757.894,grad,19297652736
3,7759.572,grad,19285856256
3,7761.269,grad,19287988224
3,7762.59,grad,19281922048
3,7763.95,grad,19258820608
3,7765.209,grad,19258492928
3,7766.961,grad,19194204160
3,7768.585,grad,19190988800
3,7770.256,grad,19175169024
3,7771.815,grad,19176217600
3,7773.076,grad,19185818624
3,7774.687,grad,19174022144
3,7776.365,grad,19176154112
3,7777.658,grad,19170087936
3,7778.902,grad,19146986496
3,7780.104,grad,19129881600
3,7781.344,grad,19106485248
3,7782.77,grad,19086040064
3,7784.021,grad,19071781888
3,7785.269,grad,19063335424
3,7786.655,grad,19064383488
3,7787.92,grad,19073984512
3,7790.358,grad,19062188032
3,7792.025,grad,19064320000
3,7793.38,grad,19058253824
3,7794.755,grad,19035152384
3,7796.015,grad,19034824704
3,7797.807,grad,18970535936
3,7799.176,grad,18967320576
3,7800.933,grad,18952549376
3,7802.532,grad,18953597952
3,7803.803,grad,18962740224
3,7805.58,grad,18951402496
3,7807.362,grad,18953534464
3,7808.631,grad,18945371136
3,7809.975,grad,18924366848
3,7811.237,grad,18907261952
3,7812.488,grad,18883931136
3,7814.018,grad,18863485952
3,7815.297,grad,18855519232
3,7816.87,grad,18839732736
3,7818.461,grad,18840780800
3,7819.714,grad,18849923072
3,7821.424,grad,18838585344
3,7823.168,grad,18840717312
3,7824.471,grad,18834782208
3,7825.873,grad,18811680768
3,7827.137,grad,18790021120
3,7829.015,grad,18745294848
3,7830.336,grad,18741030912
3,7831.996,grad,18727308288
3,7833.625,grad,18727308288
3,7834.884,grad,18736450560
3,7836.864,grad,18725112832
3,7838.615,grad,18727244800
3,7839.932,grad,18720293888
3,7841.327,grad,18697192448
3,7842.583,grad,18695980032
3,7844.513,grad,18631855104
3,7845.784,grad,18627591168
3,7847.435,grad,18611771392
3,7849.051,grad,18612819968
3,7850.323,grad,18620880896
3,7852.144,grad,18610624512
3,7853.983,grad,18612756480
3,7855.269,grad,18604593152
3,7856.548,grad,18582704128
3,7857.8,grad,18564714496
3,7859.062,grad,18536763392
3,7860.315,grad,18516318208
3,7861.879,grad,18513102848
3,7863.607,grad,18498331648
3,7865.242,grad,18498331648
3,7866.493,grad,18507932672
3,7868.149,grad,18496136192
3,7869.981,grad,18498268160
3,7871.341,grad,18491317248
3,7872.714,grad,18468215808
3,7873.975,grad,18467003392
3,7875.237,grad,18402878464
3,7876.523,grad,18407597056
3,7877.786,grad,18393338880
3,7879.117,grad,18384892416
3,7880.679,grad,18384891904
3,7881.998,grad,18394263552
3,7883.935,grad,18382696448
3,7885.75,grad,18384828416
3,7887.045,grad,18377877504
3,7888.305,grad,18354776064
3,7889.575,grad,18336786432
3,7890.822,grad,18308868096
3,7892.066,grad,18292092928
3,7893.329,grad,18285207552
3,7895.059,grad,18270436864
3,7896.624,grad,18271484928
3,7897.922,grad,18280856576
3,7899.662,grad,18268240896
3,7901.553,grad,18271421440
3,7902.818,grad,18262209536
3,7904.205,grad,18240320512
3,7905.476,grad,18222330880
3,7906.719,grad,18197001216
3,7908.144,grad,18177604608
3,7909.448,grad,18170719232
3,7911.187,grad,18155948032
3,7912.739,grad,18155948032
3,7914.056,grad,18165352448
3,7915.692,grad,18153752576
3,7917.517,grad,18155884544
3,7918.839,grad,18148933632
3,7920.191,grad,18125832192
3,7921.506,grad,18107842560
3,7922.79,grad,18082545664
3,7924.071,grad,18063149056
3,7925.365,grad,18056263680
3,7927.11,grad,18041492992
3,7928.692,grad,18042541056
3,7929.981,grad,18051912704
3,7931.936,grad,18039297024
3,7933.748,grad,18042477568
3,7935.02,grad,18034478080
3,7936.29,grad,18011376640
3,7937.532,grad,17989716992
3,7938.776,grad,17949707264
3,7940.106,grad,17949709312
3,7941.365,grad,17941742592
3,7942.66,grad,17927004160
3,7944.186,grad,17928052736
3,7945.464,grad,17937653760
3,7947.14,grad,17925857280
3,7948.858,grad,17926940672
3,7950.123,grad,17921038336
3,7951.567,grad,17897936896
3,7952.82,grad,17895675904
3,7954.728,grad,17831550976
3,7956.618,grad,17827287040
3,7958.286,grad,17812515840
3,7959.83,grad,17813564416
3,7961.105,grad,17822936064
3,7962.701,grad,17811368960
3,7964.488,grad,17813500928
3,7965.742,grad,17806517248
3,7967.006,grad,17783448576
3,7968.261,grad,17781187584
3,7970.049,grad,17716014080
3,7971.344,grad,17713847296
3,7972.982,grad,17699076608
3,7974.543,grad,17699076096
3,7975.808,grad,17708447744
3,7977.759,grad,17696880640
3,7979.473,grad,17699012608
3,7980.734,grad,17692061696
3,7982.146,grad,17668960256
3,7983.394,grad,17666699264
3,7985.202,grad,17602574336
3,7986.48,grad,17597294592
3,7988.152,grad,17582523392
3,7989.705,grad,17582523392
3,7991.036,grad,17592124416
3,7992.751,grad,17580327936
3,7994.564,grad,17582459904
3,7995.848,grad,17576524800
3,7997.131,grad,17553423360
3,7998.432,grad,17531763712
3,7999.762,grad,17490770944
3,8001.267,grad,17490740224
3,8002.579,grad,17483854848
3,8004.175,grad,17469116416
3,8005.901,grad,17469083648
3,8007.195,grad,17478193152
3,8009.043,grad,17465839616
3,8010.881,grad,17468004352
3,8012.192,grad,17459841024
3,8013.535,grad,17437919232
3,8014.792,grad,17427302400
3,8016.055,grad,17394599936
3,8017.329,grad,17371533312
3,8018.63,grad,17367302144
3,8020.397,grad,17352531456
3,8022.076,grad,17352530944
3,8023.365,grad,17360591872
3,8025.494,grad,17350335488
3,8027.339,grad,17352467456
3,8028.591,grad,17345319936
3,8029.873,grad,17323430912
3,8031.145,grad,17312814080
3,8032.397,grad,17280111616
3,8033.666,grad,17257044992
3,8034.925,grad,17260121088
3,8036.63,grad,17238010368
3,8038.228,grad,17238009856
3,8039.473,grad,17247152128
3,8041.204,grad,17235814400
3,8043.029,grad,17237946368
3,8044.349,grad,17232044032
3,8045.74,grad,17208942592
3,8047.007,grad,17206681600
3,8048.271,grad,17142556672
3,8049.603,grad,17146226688
3,8050.881,grad,17138259968
3,8052.528,grad,17123521536
3,8054.156,grad,17123521536
3,8055.434,grad,17132893184
3,8057.016,grad,17121326080
3,8058.848,grad,17123458048
3,8060.15,grad,17116507136
3,8061.59,grad,17093405696
3,8062.861,grad,17071746048
3,8064.748,grad,17027019776
3,8066.014,grad,17023804416
3,8067.724,grad,17009033216
3,8069.395,grad,17009033216
3,8070.706,grad,17018404864
3,8072.675,grad,17006837760
3,8074.477,grad,17008969728
3,8075.758,grad,17003067392
3,8077.161,grad,16979965952
3,8078.414,grad,16938907648
3,8080.32,grad,16913580032
3,8081.647,grad,16910364672
3,8083.347,grad,16894545408
3,8084.936,grad,16894544896
3,8086.247,grad,16903916544
3,8087.93,grad,16892349440
3,8089.724,grad,16894481408
3,8091.015,grad,16887530496
3,8092.333,grad,16864429056
3,8093.593,grad,16850109440
3,8094.836,grad,16821142528
3,8096.294,grad,16802794496
3,8097.579,grad,16794827776
3,8099.159,grad,16780089344
3,8100.693,grad,16780089344
3,8102.027,grad,16789460992
3,8103.704,grad,16777893888
3,8105.499,grad,16780025856
3,8106.789,grad,16774123520
3,8108.065,grad,16751022080
3,8109.329,grad,16733032448
3,8110.569,grad,16707735552
3,8111.81,grad,16688338944
3,8113.091,grad,16685090816
3,8114.643,grad,16666682368
3,8116.246,grad,16666682368
3,8117.583,grad,16676054016
3,8119.575,grad,16664486912
3,8121.302,grad,16666618880
3,8122.677,grad,16660716544
3,8124.099,grad,16637615104
3,8125.35,grad,16599178240
3,8126.63,grad,16569426944
3,8127.882,grad,16573096960
3,8129.14,grad,16566178816
3,8130.564,grad,16551440384
3,8132.234,grad,16551440384
3,8133.497,grad,16560582656
3,8135.373,grad,16549244928
3,8137.182,grad,16551376896
3,8138.491,grad,16545474560
3,8139.768,grad,16522373120
3,8141.009,grad,16504383488
3,8142.259,grad,16482756608
3,8143.532,grad,16459689984
3,8145.072,grad,16452804608
3,8146.834,grad,16438000640
3,8148.474,grad,16438000640
3,8149.787,grad,16447372288
3,8151.566,grad,16435739648
3,8153.5,grad,16437937152
3,8154.799,grad,16431969280
3,8156.122,grad,16408867840
3,8157.371,grad,16394548224
3,8158.654,grad,16346117120
3,8160.092,grad,16346119168
3,8161.343,grad,16328190976
3,8162.621,grad,16320792576
3,8164.227,grad,16320530432
3,8165.468,grad,16329672704
3,8167.478,grad,16318334976
3,8168.757,grad,16313124864
3,8170.001,grad,16313124864
3,8171.246,grad,16313124864
3,8172.938,grad,16313124352
3,8174.902,grad,16313124352
3,8176.176,grad,16313124352
3,8177.503,grad,16313124352
3,8178.778,grad,16313124352
3,8182.269,grad,16313124352
3,8183.565,grad,16313124864
3,8185.865,grad,16313124352
3,8187.129,grad,16313159168
3,8188.401,grad,16313126400
3,8189.651,grad,16313355264
3,8190.917,grad,16313126400
3,8192.164,grad,16313126912
3,8193.443,grad,16313127424
3,8194.733,grad,16313355264
3,8195.991,grad,16313125888
3,8197.282,grad,16313125888
3,8198.589,grad,16313127424
3,8199.859,grad,16313355264
3,8201.1,grad,16313388032
3,8202.333,grad,16313126912
3,8203.628,grad,16313158656
3,8204.919,grad,16313355776
3,8206.191,grad,16313355264
3,8207.478,grad,16313126912
3,8208.745,grad,16313158656
3,8210.017,grad,16313355776
3,8211.266,grad,16313355776
3,8212.555,grad,16313126912
3,8213.855,grad,16313159168
3,8215.13,grad,16313355264
3,8216.392,grad,16313388032
3,8217.673,grad,16313125888
3,8218.948,grad,16313355776
3,8220.209,grad,16313125888
3,8221.444,grad,16313356288
3,8222.688,grad,16313125888
3,8223.987,grad,16313355264
3,8225.293,grad,16313125888
3,8226.541,grad,16313356288
3,8227.823,grad,16313126400
3,8229.094,grad,16313355776
3,8230.34,grad,16313126400
3,8231.596,grad,16313126400
3,8232.857,grad,16313159168
3,8234.127,grad,16313126400
3,8235.375,grad,16313160704
3,8236.688,grad,16317783040
3,8237.971,grad,16320372224
3,8239.241,grad,16323780096
3,8240.531,grad,16326401024
3,8241.823,grad,16330267648
3,8243.153,grad,16333642752
3,8244.418,grad,16336264192
3,8245.685,grad,16340721664
3,8246.928,grad,16342162432
3,8248.191,grad,16346782720
3,8249.498,grad,16349208064
3,8250.751,grad,16352812032
3,8251.996,grad,16355204608
3,8253.258,grad,16358808576
3,8254.532,grad,16361266688
3,8255.786,grad,16365100032
3,8257.029,grad,16368475648
3,8258.286,grad,16371325952
3,8259.584,grad,16376011776
3,8260.849,grad,16376994816
3,8262.113,grad,16381615616
3,8263.35,grad,16383975424
3,8264.6,grad,16387578880
3,8265.88,grad,16390200320
3,8267.14,grad,16394034176
3,8268.436,grad,16397409280
3,8269.68,grad,16400260096
3,8270.977,grad,16404389376
3,8272.225,grad,16406027776
3,8273.481,grad,16410614784
3,8274.74,grad,16412810240
3,8276.045,grad,16416414720
3,8277.34,grad,16419167232
3,8278.607,grad,16423001088
3,8279.878,grad,16426376704
3,8281.131,grad,16428998144
3,8282.363,grad,16433356800
3,8283.602,grad,16434830336
3,8284.839,grad,16439417856
3,8286.137,grad,16441908736
3,8287.372,grad,16445742080
3,8288.65,grad,16448134144
3,8289.886,grad,16451968000
3,8291.193,grad,16455343104
3,8292.455,grad,16457964544
3,8293.716,grad,16462781952
3,8294.962,grad,16463797760
3,8296.237,grad,16469302784
3,8297.539,grad,16471890944
3,8298.797,grad,16475495936
3,8300.047,grad,16476223488
3,8301.325,grad,16476259840
3,8302.58,grad,16476296704
3,8303.819,grad,16476323328
3,8305.103,grad,16476359680
3,8306.391,grad,16476396544
3,8307.632,grad,16435091968
3,8308.876,grad,16322861568
3,8310.129,grad,16318437888
3,8311.378,grad,16356547072
3,8312.61,grad,16391215616
3,8313.843,grad,16425982464
3,8315.107,grad,16460618240
3,8316.368,grad,16379648512
3,8317.63,grad,16256113152
3,8318.902,grad,16142453248
3,8320.244,grad,16142292480
3,8321.579,grad,16142275072
3,8322.88,grad,16152420864
3,8324.153,grad,16181649920
3,8325.41,grad,16211403264
3,8326.697,grad,16242303488
3,8327.957,grad,16275104256
3,8329.199,grad,16304693760
3,8330.439,grad,16186335744
3,8331.786,grad,16140230656
3,8333.104,grad,16049823744
3,8334.556,noise,15974619136
3,8335.873,noise,15974619136
3,8337.119,noise,15974619136
3,8338.356,noise,15975831552
3,8339.593,noise,15976290304
3,8340.828,noise,15976290304
3,8342.069,noise,15978027008
3,8343.326,noise,15977797632
3,8344.564,noise,15980222464
3,8345.799,noise,15979501568
3,8347.043,noise,15979960320
3,8348.289,noise,15980419072
3,8349.522,noise,15980681216
3,8350.754,noise,15981893632
3,8351.993,noise,15982417920
3,8353.249,noise,15982647296
3,8354.502,noise,15983859712
3,8355.742,noise,15985104896
3,8356.981,noise,15985104896
3,8358.219,noise,15987562496
3,8359.453,noise,15988054016
3,8360.688,noise,15988512768
3,8361.942,noise,15988774912
3,8363.193,noise,15988774912
3,8364.43,noise,15989987328
3,8365.669,noise,15990446080
3,8366.924,noise,15990446080
3,8368.172,noise,15991887872
3,8369.43,noise,15991887872
3,8370.689,noise,15993100288
3,8371.942,noise,15993591808
3,8373.19,noise,15994050560
3,8374.432,noise,15994542080
3,8375.662,noise,15994542080
3,8376.942,noise,15995983872
3,8378.248,noise,15996213248
3,8379.484,noise,15996213248
3,8380.72,noise,15997655040
3,8381.959,noise,15997655040
3,8383.204,noise,15998867456
3,8384.439,noise,15999358976
3,8385.672,noise,16000047104
3,8386.923,noise,16000309248
3,8388.171,noise,16000309248
3,8389.426,noise,16001751040
3,8390.664,noise,16001980416
3,8391.916,noise,16001980416
3,8393.141,noise,16003422208
3,8394.395,noise,16003422208
3,8395.633,noise,16004634624
3,8396.897,noise,16005126144
3,8398.152,noise,16005584896
3,8399.404,noise,16006076416
3,8400.634,noise,16006076416
3,8401.874,noise,16007518208
3,8403.099,noise,16007747584
3,8404.335,noise,16007747584
3,8405.58,noise,16009189376
3,8406.827,noise,16009189376
3,8408.076,noise,16010532864
3,8409.345,noise,16011024384
3,8410.603,noise,16011712512
3,8411.854,noise,16011974656
3,8413.093,noise,16011974656
3,8414.341,noise,16013416448
3,8415.591,noise,16013645824
3,8416.829,noise,16013645824
3,8418.095,noise,16015906816
3,8419.336,noise,16015906816
3,8420.566,noise,16017119232
3,8421.804,noise,16017610752
3,8423.061,noise,16018069504
3,8424.322,noise,16018561024
3,8425.566,noise,16018561024
3,8426.814,noise,16020002816
3,8428.074,noise,16020232192
3,8429.333,noise,16020232192
3,8430.565,noise,16021772288
3,8431.797,noise,16021772288
3,8433.048,noise,16022984704
3,8434.308,noise,16023476224
3,8435.55,noise,16024164352
3,8436.789,noise,16024426496
3,8438.042,noise,16024426496
3,8439.302,noise,16026097664
3,8440.557,noise,16026097664
3,8441.817,noise,16026097664
3,8443.075,noise,16027539456
3,8444.327,noise,16027539456
3,8445.569,noise,16029014016
3,8446.814,noise,16029505536
3,8448.068,noise,16030193664
3,8449.333,noise,16030455808
3,8450.565,noise,16030455808
3,8451.795,noise,16032126976
3,8453.053,noise,16032126976
3,8454.304,noise,16032126976
3,8455.548,noise,16033568768
3,8456.781,noise,16033568768
3,8458.025,noise,16034781184
3,8459.278,noise,16035272704
3,8460.511,noise,16035731456
3,8461.748,noise,16036222976
3,8463.006,noise,16036222976
3,8464.276,noise,16037435392
3,8465.523,noise,16037894144
3,8466.758,noise,16037894144
3,8468.034,noise,16039335936
3,8469.29,noise,16039335936
3,8470.527,noise,16040548352
3,8471.757,noise,16041039872
3,8473.03,noise,16041728000
3,8474.29,noise,16041990144
3,8475.531,noise,16041990144
3,8476.784,noise,16043890688
3,8478.039,noise,16043661312
3,8479.294,noise,16043661312
3,8480.527,noise,16045103104
3,8481.753,noise,16045103104
3,8482.981,noise,16046315520
3,8484.261,noise,16046807040
3,8485.509,noise,16047265792
3,8486.74,noise,16047757312
3,8487.97,noise,16047757312
3,8489.234,noise,16049428480
3,8490.473,noise,16049657856
3,8491.703,noise,16049657856
3,8492.937,noise,16051099648
3,8494.201,noise,16051099648
3,8495.447,noise,16052312064
3,8496.687,noise,16052803584
3,8497.942,noise,16053491712
3,8499.233,noise,16053753856
3,8500.475,noise,16053753856
3,8501.706,noise,16055425024
3,8502.944,noise,16055425024
3,8504.223,noise,16055425024
3,8505.484,noise,16056866816
3,8506.735,noise,16056866816
3,8507.975,noise,16058079232
3,8509.251,noise,16058570752
3,8510.493,noise,16059029504
3,8511.728,noise,16059521024
3,8512.958,noise,16059521024
3,8514.224,noise,16060962816
3,8515.501,noise,16061192192
3,8516.742,noise,16061192192
3,8518.024,noise,16062633984
3,8519.299,noise,16062633984
3,8520.536,noise,16063846400
3,8521.775,noise,16064337920
3,8523.055,noise,16065026048
3,8524.34,noise,16065288192
3,8525.595,noise,16065288192
3,8526.842,noise,16066729984
3,8528.095,noise,16066959360
3,8529.347,noise,16068171776
3,8530.577,noise,16068401152
3,8531.801,noise,16068401152
3,8533.034,noise,16069842944
3,8534.304,noise,16070105088
3,8535.573,noise,16070563840
3,8536.811,noise,16071055360
3,8538.052,noise,16071055360
3,8539.318,noise,16072267776
3,8540.551,noise,16072726528
3,8541.776,noise,16072726528
3,8543.006,noise,16074397696
3,8544.271,noise,16074168320
3,8545.521,noise,16077805568
3,8546.766,noise,16075642880
3,8548.009,noise,16076101632
3,8549.256,noise,16076560384
3,8550.5,noise,16076822528
3,8551.727,noise,16078034944
3,8552.954,noise,16078264320
3,8554.199,noise,16078493696
3,8555.445,noise,16079706112
3,8556.687,noise,16079935488
3,8557.925,noise,16079935488
3,8559.118,noise,16081836032
3,8560.364,noise,16081639424
3,8561.61,noise,16082098176
3,8562.847,noise,16082589696
3,8564.1,noise,16082589696
3,8565.36,noise,16083867648
3,8566.611,noise,16084326400
3,8567.839,noise,16084326400
3,8569.076,noise,16085768192
3,8570.339,noise,16085768192
3,8571.572,noise,16086980608
3,8572.804,noise,16087242752
3,8574.046,noise,16087701504
3,8575.316,noise,16088160256
3,8576.571,noise,16088422400
3,8577.811,noise,16089634816
3,8579.048,noise,16089864192
3,8580.315,noise,16090093568
3,8581.546,noise,16091305984
3,8582.776,noise,16091535360
3,8584.012,noise,16091535360
3,8585.285,noise,16092977152
3,8586.536,noise,16093468672
3,8587.77,noise,16093927424
3,8589.009,noise,16094189568
3,8590.272,noise,16094189568
3,8591.5,noise,16096679936
3,8592.732,noise,16096909312
3,8593.964,noise,16096909312
3,8595.235,noise,16098351104
3,8596.474,noise,16098351104
3,8597.715,noise,16099563520
3,8598.968,noise,16100055040
3,8600.26,noise,16100513792
3,8601.503,noise,16101005312
3,8602.729,noise,16101005312
3,8603.952,noise,16102217728
3,8605.257,noise,16102676480
3,8606.563,noise,16102676480
3,8607.827,noise,16104118272
3,8609.121,noise,16104118272
3,8610.392,noise,16105330688
3,8611.645,noise,16105822208
3,8612.877,noise,16106280960
3,8614.111,noise,16106772480
3,8615.353,noise,16106772480
3,8616.61,noise,16107984896
3,8617.866,noise,16108443648
3,8619.101,noise,16108443648
3,8620.336,noise,16109885440
3,8621.597,noise,16109885440
3,8622.841,noise,16112310272
3,8624.094,noise,16111360000
3,8625.349,noise,16111818752
3,8626.617,noise,16112277504
3,8627.857,noise,16112539648
3,8629.096,noise,16113752064
3,8630.373,noise,16113981440
3,8631.684,noise,16114210816
3,8632.948,noise,16115423232
3,8634.224,noise,16115652608
3,8635.466,noise,16115652608
3,8636.722,noise,16117094400
3,8637.964,noise,16117585920
3,8639.211,noise,16118044672
3,8640.449,noise,16118306816
3,8641.692,noise,16118306816
3,8642.92,noise,16119748608
3,8644.105,noise,16119977984
3,8645.335,noise,16119977984
3,8646.582,noise,16121419776
3,8647.811,noise,16121419776
3,8649.042,noise,16122632192
3,8650.291,noise,16123123712
3,8651.56,noise,16123811840
3,8652.792,noise,16124073984
3,8654.02,noise,16124073984
3,8655.264,noise,16125515776
3,8656.538,noise,16125745152
3,8657.779,noise,16125745152
3,8659.013,noise,16127186944
3,8660.256,noise,16127186944
3,8661.507,noise,16128399360
3,8662.743,noise,16128890880
3,8663.969,noise,16129349632
3,8665.214,noise,16129841152
3,8666.455,noise,16129841152
3,8667.692,noise,16131282944
3,8668.927,noise,16131512320
3,8670.168,noise,16131512320
3,8671.44,noise,16132954112
3,8672.681,noise,16132954112
3,8673.947,noise,16134166528
3,8675.266,noise,16134658048
3,8676.659,noise,16135116800
3,8677.95,noise,16135608320
3,8679.229,noise,16135608320
3,8680.47,noise,16136820736
3,8681.712,noise,16137279488
3,8682.946,noise,16137279488
3,8684.206,noise,16138721280
3,8685.451,noise,16138721280
3,8686.722,noise,16139933696
3,8687.971,noise,16140195840
3,8689.254,noise,16140654592
3,8690.503,noise,16141113344
3,8692.179,noise,16097925120
3,8693.452,noise,15995230208
3,8694.767,optimizer,15979010048
3,8696.054,optimizer,15981821952
3,8697.332,optimizer,15982409728
3,8698.588,optimizer,15983905280
3,8699.827,optimizer,15984184832
3,8701.106,optimizer,15984902144
3,8702.365,optimizer,15985390592
3,8703.632,optimizer,15986534400
3,8704.895,optimizer,15987480576
3,8706.114,optimizer,15988783616
3,8707.368,optimizer,15990578176
3,8708.611,optimizer,15990840832
3,8709.853,optimizer,15991558144
3,8711.095,optimizer,15992700928
3,8712.344,optimizer,15993614336
3,8713.596,optimizer,15996206592
3,8714.909,optimizer,15996487168
3,8716.247,optimizer,15997662720
3,8717.492,optimizer,15997708800
3,8718.75,optimizer,16000015360
3,8719.983,optimizer,16000959488
3,8721.229,optimizer,16002407936
3,8722.462,optimizer,16002752000
3,8723.714,optimizer,16003420672
3,8725.021,optimizer,16004136960
3,8726.273,optimizer,16006459392
3,8727.515,optimizer,16007085568
3,8728.747,optimizer,16011097600
3,8729.975,optimizer,16009000960
3,8731.213,optimizer,16009914368
3,8732.45,optimizer,16010209280
3,8733.717,optimizer,16011971584
3,8734.984,optimizer,16014530560
3,8736.24,optimizer,16015052288
3,8737.483,optimizer,16015589376
3,8738.721,optimizer,16016064512
3,8739.968,optimizer,16017511424
3,8741.209,optimizer,16018121216
3,8742.435,optimizer,16021093376
3,8743.669,optimizer,16021223936
3,8744.913,optimizer,16021940224
3,8746.1,optimizer,16022444032
3,8747.351,optimizer,16027174912
3,8748.586,optimizer,16025544704
3,8749.814,optimizer,16028060672
3,8751.039,optimizer,16027390976
3,8752.293,optimizer,16028320256
3,8753.615,optimizer,16028839936
3,8754.901,optimizer,16031130112
3,8756.142,optimizer,16032663552
3,8757.469,optimizer,16034424832
3,8758.757,optimizer,16033540096
3,8759.995,optimizer,16034683392
3,8761.243,optimizer,16034748416
3,8762.499,optimizer,16036281344
3,8763.735,optimizer,16039026688
3,8765.014,optimizer,16040574976
3,8766.273,optimizer,16040329216
3,8767.525,optimizer,16040618496
3,8768.758,optimizer,16041898496
3,8769.989,optimizer,16042688512
3,8771.232,optimizer,16045472256
3,8772.483,optimizer,16045826048
3,8773.748,optimizer,16046330368
3,8775.011,optimizer,16047033856
3,8776.269,optimizer,16048176640
3,8777.512,optimizer,16049090048
3,8778.746,optimizer,16051682304
3,8780.033,optimizer,16051962880
3,8781.321,optimizer,16052679680
3,8782.582,optimizer,16053196800
3,8783.828,optimizer,16055490560
3,8785.098,optimizer,16056434688
3,8786.348,optimizer,16057883648
3,8787.593,optimizer,16057998336
3,8788.856,optimizer,16058908672
3,8790.106,optimizer,16059383808
3,8791.346,optimizer,16061962240
3,8792.589,optimizer,16062485504
3,8793.828,optimizer,16067425280
3,8795.121,optimizer,16064344576
3,8796.372,optimizer,16065258496
3,8797.622,optimizer,16065553408
3,8798.858,optimizer,16067086848
3,8800.091,optimizer,16069897728
3,8801.32,optimizer,16071445504
3,8802.574,optimizer,16071200256
3,8803.806,optimizer,16071474688
3,8805.053,optimizer,16071557632
3,8806.3,optimizer,16073516544
3,8807.557,optimizer,16076047872
3,8808.793,optimizer,16076597248
3,8810.062,optimizer,16077121024
3,8811.403,optimizer,16077837824
3,8812.7,optimizer,16080148992
3,8814.02,optimizer,16079665152
3,8815.298,optimizer,16082543104
3,8816.547,optimizer,16083124224
3,8817.788,optimizer,16083386368
3,8819.038,optimizer,16083874816
3,8820.354,optimizer,16085169664
3,8821.612,optimizer,16086374912
3,8822.882,optimizer,16088461312
3,8824.133,optimizer,16090209792
3,8825.398,optimizer,16089520128
3,8826.65,optimizer,16090010112
3,8827.91,optimizer,16090124800
3,8829.147,optimizer,16092080128
3,8830.388,optimizer,16094943232
3,8831.635,optimizer,16095557632
3,8832.894,optimizer,16095787520
3,8834.149,optimizer,16096733696
3,8835.411,optimizer,16097648128
3,8836.663,optimizer,16098561024
3,8837.933,optimizer,16101228544
3,8839.187,optimizer,16101434880
3,8840.451,optimizer,16102380032
3,8841.719,optimizer,16102655488
3,8842.992,optimizer,16104961024
3,8844.253,optimizer,16105830400
3,8845.583,optimizer,16107289088
3,8846.821,optimizer,16107731456
3,8848.054,optimizer,16108417536
3,8849.307,optimizer,16108921344
3,8850.559,optimizer,16113651712
3,8851.791,optimizer,16112022016
3,8853.041,optimizer,16114843136
3,8854.388,optimizer,16113866752
3,8855.675,optimizer,16114567680
3,8856.91,optimizer,16115513856
3,8858.177,optimizer,16117362176
3,8859.49,optimizer,16118155264
3,8860.742,optimizer,16119839744
3,8862.003,optimizer,16119969792
3,8863.264,optimizer,16120456704
3,8864.565,optimizer,16121175552
3,8865.83,optimizer,16122317824
3,8867.07,optimizer,16123231744
3,8868.322,optimizer,16125898752
3,8869.562,optimizer,16126104064
3,8870.791,optimizer,16126836224
3,8872.021,optimizer,16127538688
3,8873.26,optimizer,16128375808
3,8874.51,optimizer,16129137664
3,8875.764,optimizer,16131883520
3,8877.003,optimizer,16132432384
3,8878.254,optimizer,16132740096
3,8879.497,optimizer,16133216256
3,8880.726,optimizer,16133330944
3,8881.951,optimizer,16135258112
3,8883.187,optimizer,16137787392
3,8884.427,optimizer,16139551232
3,8885.692,optimizer,16138889216
3,8886.926,optimizer,16139350528
3,8888.166,optimizer,16140721152
3,8889.414,optimizer,16141635584
3,8890.672,optimizer,16144228864
3,8891.932,optimizer,16144441856
3,8893.174,optimizer,16145367040
3,8894.414,optimizer,16146056704
3,8895.671,optimizer,16148378624
3,8896.932,optimizer,16149912064
3,8898.197,optimizer,16151674880
3,8899.436,optimizer,16151018496
3,8900.67,optimizer,16151717888
3,8901.966,optimizer,16151833600
3,8903.296,optimizer,16152292864
3,8904.627,optimizer,16151834112
3,8905.911,optimizer,16152751616
3,8907.203,optimizer,16152292864
3,8908.494,optimizer,16151834624
3,8909.769,optimizer,16151834624
3,8911.034,optimizer,16151899648
3,8912.303,optimizer,16151834112
3,8913.548,optimizer,16152292864
3,8914.79,optimizer,16151834624
3,8916.04,optimizer,16152293376
3,8917.301,optimizer,16151834112
3,8918.553,optimizer,16156683776
3,8919.806,optimizer,16152293376
3,8921.037,optimizer,16154258944
3,8922.281,optimizer,16151834112
3,8923.539,optimizer,16152751616
3,8924.796,optimizer,16152751616
3,8926.051,optimizer,16152751616
3,8927.303,optimizer,16152292864
3,8928.565,optimizer,16151834112
3,8929.798,optimizer,16151834624
3,8931.046,optimizer,16151834112
3,8932.295,optimizer,16154259968
3,8933.567,optimizer,16152292864
3,8934.805,optimizer,16152292864
3,8936.059,optimizer,16154258944
3,8937.31,optimizer,16151834624
3,8938.552,optimizer,16152293376
3,8939.788,optimizer,16152293376
3,8941.049,optimizer,16152293376
3,8942.306,optimizer,16157111296
3,8943.541,optimizer,16172151808
3,8944.779,optimizer,16186307584
3,8946.027,optimizer,16202461696
3,8947.279,optimizer,16214225920
3,8948.519,optimizer,16226972672
3,8949.752,optimizer,16243258368
3,8951.005,optimizer,16257446912
3,8952.251,optimizer,16272356352
3,8953.511,optimizer,16286708736
3,8954.774,optimizer,16301617664
3,8956.056,optimizer,16313871872
3,8957.315,optimizer,16202689024
3,8958.589,optimizer,16153077760
3,8959.825,optimizer,16181946368
3,8961.056,optimizer,16212420608
3,8962.314,optimizer,16243550208
3,8963.552,optimizer,16274647040
3,8964.793,optimizer,16306759680
3,8966.051,optimizer,16219662336
3,8967.324,optimizer,16156944384
3,8968.587,optimizer,16187713536
3,8969.815,optimizer,16219695104
3,8971.061,optimizer,16249448448
3,8972.297,optimizer,16280217600
3,8973.532,optimizer,16312166400
3,8974.765,optimizer,16196560896
3,8976.041,optimizer,16069847040
3,8977.297,optimizer,15988347392
3,8978.544,optimizer,15984626176
3,8979.782,optimizer,15980841472
3,8981.418,optimizer,15979173888
3,8982.651,optimizer,15979173888
3,8983.879,optimizer,15979173888
3,8985.115,optimizer,15979173888
4,6.338,grad,15977306624
4,12.789,grad,15977314816
4,19.212,grad,15977314816
4,25.606,grad,15977314816
4,30.36,grad,15977314816
4,31.708,grad,15984857600
4,33.962,grad,15984986624
4,36.928,grad,15992326656
4,38.386,grad,16001763840
4,39.889,grad,16001763840
4,41.189,grad,16024948224
4,42.969,grad,16031305216
4,44.279,grad,16077446656
4,45.566,grad,16184532480
4,46.83,grad,16184532480
4,49.322,grad,16223395328
4,52.368,grad,16230854144
4,53.66,grad,16240176640
4,55.19,grad,16240176640
4,56.482,grad,16278041088
4,58.173,grad,16269718016
4,59.441,grad,16315859456
4,60.691,grad,16461742592
4,62.058,grad,16422945280
4,64.281,grad,16461808128
4,67.007,grad,16469152256
4,68.315,grad,16478589440
4,69.818,grad,16478589440
4,71.119,grad,16494433792
4,72.962,grad,16508130816
4,74.246,grad,16554272256
4,76.413,grad,16622560768
4,78.791,grad,16700220928
4,81.54,grad,16707565056
4,82.799,grad,16717002240
4,84.192,grad,16717002240
4,85.453,grad,16754866688
4,87.045,grad,16746543616
4,88.373,grad,16792685056
4,89.648,grad,16899770880
4,91.06,grad,16899770880
4,93.38,grad,16938633728
4,96.136,grad,16945977856
4,97.433,grad,16955415040
4,98.794,grad,16955415040
4,100.07,grad,16978599424
4,101.85,grad,16984956416
4,103.149,grad,17031097856
4,104.45,grad,17138183680
4,105.72,grad,17138183680
4,107.964,grad,17177046528
4,110.753,grad,17184390656
4,112.043,grad,17193827840
4,113.59,grad,17193827840
4,114.894,grad,17231692288
4,116.575,grad,17223369216
4,117.868,grad,17284190720
4,119.93,grad,17337799168
4,122.273,grad,17415459328
4,125.03,grad,17422803456
4,126.326,grad,17432240640
4,127.694,grad,17432240640
4,128.956,grad,17470105088
4,130.641,grad,17461782016
4,131.908,grad,17522603520
4,134.025,grad,17576211968
4,135.31,grad,17714689536
4,136.839,grad,17653872128
4,139.502,grad,17661216256
4,140.763,grad,17670653440
4,142.167,grad,17670653440
4,143.42,grad,17708517888
4,144.995,grad,17700194816
4,146.284,grad,17746336256
4,147.544,grad,17892219392
4,148.899,grad,17853422080
4,151.152,grad,17899624960
4,153.941,grad,17899629056
4,155.478,grad,17909066240
4,156.986,grad,17909066240
4,158.324,grad,17946930688
4,159.991,grad,17945947648
4,161.365,grad,17984749056
4,163.541,grad,18053037568
4,165.948,grad,18130697728
4,168.751,grad,18138041856
4,170.061,grad,18147479040
4,171.53,grad,18147479040
4,172.799,grad,18185343488
4,174.479,grad,18177020416
4,175.742,grad,18237841920
4,178.095,grad,18291450368
4,180.488,grad,18376450560
4,183.316,grad,18376569344
4,184.653,grad,18385891840
4,185.952,grad,18385891840
4,187.318,grad,18409076224
4,189.07,grad,18422773248
4,190.399,grad,18476254720
4,192.622,grad,18529863168
4,195.051,grad,18614863360
4,198.801,grad,18614982144
4,200.098,grad,18624304640
4,201.479,grad,18624304640
4,202.791,grad,18647489024
4,204.495,grad,18653846016
4,205.792,grad,18699987456
4,207.05,grad,18845870592
4,208.348,grad,18807073280
4,210.628,grad,18845936128
4,213.449,grad,18853280256
4,214.711,grad,18862717440
4,216.068,grad,18862717440
4,217.36,grad,18885901824
4,219.027,grad,18892258816
4,220.38,grad,18899602944
4,221.641,grad,19161878016
4,222.942,grad,19045486080
4,225.204,grad,19084348928
4,227.947,grad,19091693056
4,229.243,grad,19101130240
4,230.737,grad,19101130240
4,232.008,grad,19124314624
4,233.702,grad,19130671616
4,235.01,grad,19176813056
4,236.303,grad,19283898880
4,237.619,grad,19283898880
4,239.885,grad,19322761728
4,242.86,grad,19330105856
4,244.215,grad,19339543040
4,245.63,grad,19339543040
4,246.924,grad,19362727424
4,248.693,grad,19369084416
4,249.965,grad,19415225856
4,251.237,grad,19638703616
4,252.59,grad,19522311680
4,254.925,grad,19561174528
4,257.859,grad,19568518656
4,259.22,grad,19577955840
4,260.835,grad,19577955840
4,262.129,grad,19601140224
4,263.924,grad,19607497216
4,265.266,grad,19653638656
4,266.546,grad,19799521792
4,267.947,grad,19760724480
4,270.156,grad,19799587328
4,272.969,grad,19806931456
4,274.288,grad,19816368640
4,275.708,grad,19816368640
4,276.977,grad,19839553024
4,278.729,grad,19845910016
4,280.03,grad,19892051456
4,281.337,grad,19999137280
4,282.936,grad,19999137280
4,285.109,grad,20038000128
4,287.955,grad,20045344256
4,289.323,grad,20054781440
4,290.715,grad,20054781440
4,292.01,grad,20077965824
4,293.766,grad,20084322816
4,295.041,grad,20130464256
4,296.31,grad,20353942016
4,297.634,grad,20237550080
4,299.995,grad,20276412928
4,302.937,grad,20283757056
4,304.349,grad,20293194240
4,305.773,grad,20293194240
4,307.104,grad,20316378624
4,308.927,grad,20322735616
4,310.227,grad,20368877056
4,311.511,grad,20592354816
4,312.84,grad,20475962880
4,315.223,grad,20514825728
4,318.054,grad,20522169856
4,319.46,grad,20531607040
4,320.866,grad,20531607040
4,322.128,grad,20554791424
4,323.921,grad,20561148416
4,325.297,grad,20568492544
4,326.571,grad,20753172992
4,327.858,grad,20714375680
4,329.156,grad,20753238528
4,330.612,grad,20753238528
4,333.509,grad,20760697344
4,334.851,grad,20770019840
4,336.268,grad,20770019840
4,337.572,grad,20793204224
4,339.309,grad,20799561216
4,340.595,grad,20845702656
4,342.787,grad,20913991168
4,345.291,grad,20991651328
4,348.275,grad,20998995456
4,349.618,grad,21008432640
4,351.011,grad,21008432640
4,352.323,grad,21031617024
4,354.022,grad,21037974016
4,355.32,grad,21084115456
4,356.605,grad,21229998592
4,357.911,grad,21191201280
4,360.265,grad,21230064128
4,362.985,grad,21237408256
4,364.32,grad,21246845440
4,365.915,grad,21246845440
4,367.231,grad,21270029824
4,368.892,grad,21276386816
4,370.156,grad,21322528256
4,371.453,grad,21546006016
4,372.778,grad,21429614080
4,375.112,grad,21468476928
4,377.859,grad,21475821056
4,379.126,grad,21485258240
4,380.567,grad,21485258240
4,381.847,grad,21508442624
4,383.569,grad,21514799616
4,384.83,grad,21575621120
4,386.156,grad,21668026880
4,387.747,grad,21668026880
4,390.073,grad,21706889728
4,392.928,grad,21714233856
4,394.239,grad,21723671040
4,395.742,grad,21723671040
4,397.007,grad,21746855424
4,398.702,grad,21753212416
4,399.965,grad,21799353856
4,401.275,grad,21945236992
4,402.563,grad,21906439680
4,405.035,grad,21945302528
4,408.104,grad,21952646656
4,409.475,grad,21962083840
4,410.976,grad,21962083840
4,412.296,grad,21985268224
4,414.027,grad,21991625216
4,415.3,grad,22037766656
4,416.586,grad,22184698368
4,417.932,grad,22145901056
4,420.323,grad,22184763904
4,423.189,grad,22192108032
4,424.605,grad,22201545216
4,426.035,grad,22201545216
4,427.336,grad,22224729600
4,429.142,grad,22238426624
4,430.447,grad,22238430720
4,431.748,grad,22345516544
4,433.205,grad,22345516544
4,434.495,grad,22483994112
4,435.877,grad,22423176704
4,438.747,grad,22430520832
4,440.036,grad,22439958016
4,441.52,grad,22439958016
4,442.826,grad,22463142400
4,444.666,grad,22469499392
4,445.952,grad,22515640832
4,447.246,grad,22739118592
4,448.527,grad,22622726656
4,450.706,grad,22668929536
4,452.696,grad,22668933632
4,454.184,grad,23595813888
4,455.449,grad,23595832320
4,457.786,grad,23588474880
4,459.053,grad,23277048320
4,460.342,grad,23277048320
4,461.599,grad,23277048320
4,463.185,grad,23277049856
4,465.179,grad,22665713152
4,466.565,grad,22664396288
4,468.127,grad,22618193408
4,469.455,grad,22536076800
4,470.773,grad,22485419520
4,472.141,grad,22492759552
4,473.461,grad,22464310784
4,474.919,grad,22449449472
4,476.623,grad,22449515008
4,477.941,grad,22468323840
4,479.65,grad,22444632576
4,481.778,grad,22446174720
4,483.111,grad,22437517824
4,484.447,grad,22391314944
4,485.762,grad,22347995648
4,487.106,grad,22265944576
4,488.623,grad,22265881088
4,489.938,grad,22237366784
4,491.403,grad,22222636544
4,493.137,grad,22222571008
4,494.542,grad,22241445376
4,496.077,grad,22217688576
4,497.953,grad,22219296256
4,499.269,grad,22210639360
4,500.668,grad,22164436480
4,501.913,grad,22158865920
4,503.775,grad,22030614016
4,505.077,grad,22024185344
4,506.873,grad,21994710016
4,508.749,grad,21994643968
4,510.03,grad,22013387264
4,511.646,grad,21989761536
4,513.387,grad,21991369216
4,514.647,grad,21982712320
4,516.025,grad,21936509440
4,517.305,grad,21931987456
4,519.17,grad,21803735552
4,520.428,grad,21797306880
4,522.208,grad,21767831040
4,523.748,grad,21767765504
4,525.012,grad,21786574336
4,526.547,grad,21762883072
4,528.512,grad,21763966464
4,529.798,grad,21755899392
4,531.23,grad,21709696512
4,532.474,grad,21666377216
4,534.281,grad,21577184768
4,535.546,grad,21585436160
4,537.236,grad,21541149184
4,538.744,grad,21541214720
4,540.042,grad,21560089088
4,541.466,grad,21536332288
4,543.296,grad,21537350144
4,544.566,grad,21529152000
4,545.838,grad,21483014656
4,547.099,grad,21479377408
4,548.838,grad,21351125504
4,550.099,grad,21344696832
4,551.782,grad,21315155456
4,553.6,grad,21315220992
4,554.919,grad,21334095360
4,556.411,grad,21310338560
4,558.105,grad,21311553024
4,559.364,grad,21303289344
4,560.729,grad,21257086464
4,561.976,grad,21213767168
4,563.75,grad,21124312576
4,565.016,grad,21117883904
4,566.761,grad,21088276992
4,568.362,grad,21088276992
4,569.623,grad,21107216896
4,571.013,grad,21083394560
4,572.941,grad,21084477952
4,574.232,grad,21076345344
4,575.598,grad,21030142464
4,576.877,grad,21025620480
4,578.621,grad,20897499648
4,579.878,grad,20905751040
4,581.519,grad,20861529600
4,583.041,grad,20861529600
4,584.338,grad,20880403968
4,585.762,grad,20856647168
4,587.468,grad,20857730560
4,588.728,grad,20849597952
4,590.104,grad,20803395072
4,591.357,grad,20798873088
4,593.149,grad,20670621184
4,594.396,grad,20664192512
4,595.653,grad,20674539008
4,597.092,grad,20634651648
4,598.552,grad,20634651136
4,599.913,grad,20653525504
4,601.373,grad,20629768704
4,603.064,grad,20630852096
4,604.395,grad,20622719488
4,605.816,grad,20576516608
4,607.088,grad,20533197312
4,608.908,grad,20443742720
4,610.183,grad,20437314048
4,611.882,grad,20407772672
4,613.424,grad,20407772672
4,614.706,grad,20426647040
4,616.152,grad,20402890240
4,618.056,grad,20403973632
4,619.342,grad,20395841024
4,620.729,grad,20349638144
4,621.977,grad,20306318848
4,623.815,grad,20216929792
4,625.068,grad,20210501120
4,626.807,grad,20180959744
4,628.363,grad,20180959744
4,629.671,grad,20199834112
4,631.1,grad,20176077312
4,632.794,grad,20177160704
4,634.041,grad,20169028096
4,635.444,grad,20122825216
4,636.709,grad,20118303232
4,638.537,grad,19990051328
4,639.784,grad,19983622656
4,641.508,grad,19954081280
4,643.298,grad,19954081280
4,644.607,grad,19972955648
4,646.053,grad,19949198848
4,647.769,grad,19950282240
4,649.069,grad,19942149632
4,650.446,grad,19895946752
4,651.703,grad,19852627456
4,653.505,grad,19763238400
4,654.75,grad,19771489792
4,656.409,grad,19727268352
4,657.95,grad,19727268352
4,659.249,grad,19746142720
4,660.644,grad,19722385920
4,662.572,grad,19723469312
4,663.866,grad,19792931328
4,665.199,grad,19669133824
4,666.46,grad,19664611840
4,668.248,grad,19536359936
4,669.491,grad,19529931264
4,671.237,grad,19500389888
4,672.757,grad,19500389888
4,674.006,grad,19519133184
4,675.552,grad,19495507456
4,677.29,grad,19496590848
4,678.539,grad,19488458240
4,679.883,grad,19442255360
4,681.167,grad,19437733376
4,682.936,grad,19309481472
4,684.189,grad,19303052800
4,685.895,grad,19273511936
4,687.718,grad,19273511424
4,688.99,grad,19292254720
4,690.573,grad,19268628992
4,692.279,grad,19269712384
4,693.531,grad,19261579776
4,694.87,grad,19215376896
4,696.134,grad,19210854912
4,697.876,grad,19082603008
4,699.126,grad,19076174336
4,700.801,grad,19046632960
4,702.345,grad,19046632960
4,703.66,grad,19065507328
4,705.059,grad,19041750528
4,706.988,grad,19042833920
4,708.333,grad,19034701312
4,709.694,grad,18988498432
4,710.944,grad,18983976448
4,712.742,grad,18855724544
4,713.992,grad,18849295872
4,715.694,grad,18819754496
4,717.346,grad,18819754496
4,718.668,grad,18838628864
4,720.095,grad,18814872064
4,721.802,grad,18815955456
4,723.113,grad,18807822848
4,724.358,grad,18761619968
4,725.609,grad,18718300672
4,726.874,grad,18643524096
4,728.263,grad,18636186112
4,729.515,grad,18607671808
4,730.788,grad,18593793536
4,732.052,grad,18593793536
4,733.426,grad,18622760448
4,734.848,grad,18587502080
4,736.112,grad,18595333632
4,737.723,grad,18590060032
4,739.033,grad,18580944384
4,740.432,grad,18534741504
4,741.686,grad,18491422208
4,743.523,grad,18401967616
4,744.77,grad,18395538944
4,746.528,grad,18365997568
4,748.151,grad,18365997568
4,749.417,grad,18384740864
4,750.974,grad,18361115136
4,752.714,grad,18362198528
4,753.988,grad,18366321152
4,755.737,grad,18307863040
4,757.008,grad,18271883776
4,758.288,grad,18221289984
4,759.682,grad,18182494720
4,760.938,grad,18153980416
4,762.191,grad,18139184640
4,763.716,grad,18139184640
4,764.956,grad,18158124544
4,766.391,grad,18134302208
4,768.065,grad,18135385600
4,769.331,grad,18127252992
4,770.685,grad,18081443328
4,771.94,grad,18076528128
4,773.709,grad,17948341760
4,774.96,grad,17941913088
4,776.67,grad,17912371712
4,778.462,grad,17912371712
4,779.724,grad,17931180544
4,781.29,grad,17907489280
4,782.951,grad,17908572672
4,784.22,grad,17900440064
4,785.582,grad,17854237184
4,786.834,grad,17849715200
4,788.592,grad,17721528832
4,789.845,grad,17729780224
4,791.518,grad,17685559296
4,793.066,grad,17685558784
4,794.372,grad,17704433152
4,795.779,grad,17680676352
4,797.509,grad,17681759744
4,798.781,grad,17685882368
4,800.171,grad,17627424256
4,801.42,grad,17591444992
4,802.67,grad,17540851200
4,804.092,grad,17502055936
4,805.345,grad,17473541632
4,806.588,grad,17458745856
4,808.15,grad,17458745856
4,809.465,grad,17477620224
4,810.899,grad,17453863424
4,812.585,grad,17454946816
4,813.85,grad,17446814208
4,815.231,grad,17400611328
4,816.482,grad,17357292032
4,818.308,grad,17267837440
4,819.567,grad,17261408768
4,821.284,grad,17231867392
4,823.103,grad,17231867392
4,824.413,grad,17250741760
4,825.825,grad,17226984960
4,827.635,grad,17228068352
4,828.898,grad,17219870208
4,830.165,grad,17173732864
4,831.414,grad,17169210880
4,833.195,grad,17040958976
4,834.452,grad,17034530304
4,836.149,grad,17004988928
4,837.668,grad,17004988928
4,838.951,grad,17023928832
4,840.388,grad,17000106496
4,842.487,grad,17001189888
4,843.778,grad,17031789056
4,845.039,grad,16946854400
4,846.298,grad,16942332416
4,848.158,grad,16814080512
4,849.424,grad,16807651840
4,851.28,grad,16778110464
4,852.806,grad,16778110464
4,854.125,grad,16797050368
4,855.539,grad,16773228032
4,857.261,grad,16774311424
4,858.553,grad,16766178816
4,859.929,grad,16719975936
4,861.187,grad,16676656640
4,862.979,grad,16587202048
4,864.26,grad,16580773376
4,865.953,grad,16551232000
4,867.74,grad,16551232000
4,869.131,grad,16570171904
4,870.586,grad,16546349568
4,872.304,grad,16547432960
4,873.59,grad,16539300352
4,874.961,grad,16493097472
4,876.229,grad,16449843712
4,878.093,grad,16360389120
4,879.462,grad,16346620416
4,881.207,grad,16317079040
4,882.774,grad,16316816896
4,884.03,grad,16335822336
4,885.468,grad,16311934464
4,886.759,grad,16302005760
4,888.061,grad,16302005760
4,889.385,grad,16302005760
4,892.216,grad,16302005248
4,893.526,grad,16302005248
4,894.88,grad,16302005248
4,896.217,grad,16302005248
4,900.101,grad,16302005248
4,901.453,grad,16302005760
4,903.809,grad,16302005248
4,905.124,grad,16302072832
4,906.498,grad,16302008832
4,907.775,grad,16302466048
4,909.076,grad,16302006784
4,910.406,grad,16302465536
4,911.723,grad,16302007296
4,913.017,grad,16302006784
4,914.314,grad,16302072832
4,915.621,grad,16302465536
4,916.865,grad,16302466048
4,918.107,grad,16302007296
4,919.348,grad,16302465536
4,920.587,grad,16302007296
4,921.822,grad,16302009344
4,923.074,grad,16302006784
4,924.43,grad,16302465536
4,925.715,grad,16302007296
4,926.979,grad,16302468096
4,928.266,grad,16302008832
4,929.547,grad,16302465536
4,930.797,grad,16302072320
4,932.078,grad,16302007296
4,933.442,grad,16302009344
4,934.724,grad,16302466048
4,936.015,grad,16302072320
4,937.316,grad,16302009344
4,938.602,grad,16302531072
4,939.856,grad,16302007296
4,941.127,grad,16302009344
4,942.468,grad,16302008832
4,943.739,grad,16302465536
4,944.999,grad,16302531072
4,946.295,grad,16302007296
4,947.556,grad,16302072320
4,948.806,grad,16302007296
4,950.092,grad,16302008832
4,951.403,grad,16302006784
4,952.651,grad,16302466048
4,953.93,grad,16302006784
4,955.211,grad,16302076416
4,956.596,grad,16307024896
4,957.916,grad,16307843584
4,959.249,grad,16313775104
4,960.529,grad,16316659712
4,961.815,grad,16321377280
4,963.11,grad,16324325888
4,964.371,grad,16329044480
4,965.635,grad,16334551040
4,966.875,grad,16338579968
4,968.141,grad,16345560576
4,969.462,grad,16347427840
4,970.727,grad,16355062272
4,972.045,grad,16356962816
4,973.411,grad,16360403968
4,974.698,grad,16362960384
4,975.971,grad,16366563840
4,977.269,grad,16370169344
4,978.636,grad,16373248512
4,979.993,grad,16377509376
4,981.308,grad,16379376640
4,982.571,grad,16384029184
4,983.826,grad,16385930752
4,985.13,grad,16389763584
4,986.39,grad,16393369600
4,987.632,grad,16396448256
4,988.871,grad,16399364608
4,990.172,grad,16402215424
4,991.427,grad,16406476800
4,992.668,grad,16408343040
4,993.912,grad,16412996096
4,995.173,grad,16414898176
4,996.477,grad,16418731008
4,997.79,grad,16422336000
4,999.045,grad,16425185792
4,1000.354,grad,16429675008
4,1001.6,grad,16431542784
4,1002.843,grad,16436195840
4,1004.131,grad,16438097408
4,1005.435,grad,16441930752
4,1006.732,grad,16445536256
4,1008.007,grad,16448614912
4,1009.39,grad,16452876288
4,1010.682,grad,16454808064
4,1011.938,grad,16458969600
4,1013.238,grad,16461297152
4,1014.522,grad,16465129984
4,1015.786,grad,16468735488
4,1017.062,grad,16471815168
4,1018.352,grad,16475943424
4,1019.631,grad,16477581824
4,1020.925,grad,16477403136
4,1022.216,grad,16477438464
4,1023.544,grad,16477474816
4,1024.837,grad,16477511680
4,1026.267,grad,16477533696
4,1027.609,grad,16477570048
4,1028.924,grad,16390352896
4,1030.321,grad,16208392192
4,1031.65,grad,16152850432
4,1032.987,grad,16152695296
4,1038.564,grad,16152682496
4,1044.993,grad,16152690688
4,1051.452,grad,16152690688
4,1057.834,grad,16152690688
4,1062.934,grad,16152690688
4,1064.306,grad,16160233472
4,1066.391,grad,16160362496
4,1069.413,grad,16167702528
4,1070.828,grad,16177139712
4,1072.258,grad,16177139712
4,1073.534,grad,16200324096
4,1075.33,grad,16206681088
4,1076.601,grad,16252822528
4,1077.872,grad,16359908352
4,1079.194,grad,16359908352
4,1081.505,grad,16398771200
4,1084.58,grad,16406115328
4,1085.851,grad,16415552512
4,1087.232,grad,16415552512
4,1088.529,grad,16438736896
4,1090.275,grad,16445093888
4,1091.583,grad,16491235328
4,1092.87,grad,16637118464
4,1094.114,grad,16598321152
4,1096.328,grad,16637184000
4,1099.195,grad,16644528128
4,1100.457,grad,16653965312
4,1101.825,grad,16653965312
4,1103.187,grad,16669809664
4,1105.02,grad,16683506688
4,1106.345,grad,16744328192
4,1108.528,grad,16797936640
4,1109.79,grad,16882936832
4,1111.231,grad,16875596800
4,1113.929,grad,16882940928
4,1115.258,grad,16892378112
4,1116.602,grad,16892378112
4,1117.895,grad,16930242560
4,1119.671,grad,16921919488
4,1120.959,grad,16968060928
4,1123.239,grad,17036349440
4,1124.53,grad,17189507072
4,1126.11,grad,17114009600
4,1128.909,grad,17121353728
4,1130.294,grad,17130790912
4,1131.723,grad,17130790912
4,1133.028,grad,17153975296
4,1134.691,grad,17160332288
4,1135.951,grad,17206473728
4,1137.212,grad,17313559552
4,1138.493,grad,17313559552
4,1140.938,grad,17352422400
4,1143.95,grad,17360094208
4,1145.272,grad,17369531392
4,1146.677,grad,17369531392
4,1147.981,grad,17392715776
4,1149.702,grad,17399072768
4,1150.987,grad,17445541888
4,1152.269,grad,17552627712
4,1153.645,grad,17552627712
4,1155.77,grad,17591818240
4,1158.601,grad,17599162368
4,1159.981,grad,17608599552
4,1161.421,grad,17608599552
4,1162.755,grad,17631783936
4,1164.454,grad,17638140928
4,1165.78,grad,17645485056
4,1167.039,grad,17907760128
4,1168.354,grad,17791368192
4,1170.707,grad,17830231040
4,1173.463,grad,17837575168
4,1174.737,grad,17847012352
4,1176.118,grad,17847012352
4,1177.387,grad,17884876800
4,1179.02,grad,17876881408
4,1180.304,grad,17922695168
4,1181.56,grad,18030436352
4,1182.934,grad,18030436352
4,1185.1,grad,18076639232
4,1188.059,grad,18076643328
4,1189.377,grad,18086080512
4,1190.834,grad,18086080512
4,1192.105,grad,18109592576
4,1193.803,grad,18115949568
4,1195.123,grad,18161763328
4,1196.424,grad,18332025856
4,1198.963,grad,18230379520
4,1200.288,grad,18315707392
4,1201.791,grad,18308039680
4,1204.59,grad,18315711488
4,1205.93,grad,18325148672
4,1207.744,grad,18325148672
4,1209.119,grad,18340993024
4,1211.153,grad,18354690048
4,1212.419,grad,18400831488
4,1213.697,grad,18546714624
4,1215.048,grad,18507917312
4,1217.246,grad,18546780160
4,1219.072,grad,18554124288
4,1221.813,grad,18554124288
4,1223.322,grad,18563561472
4,1224.799,grad,18563561472
4,1226.121,grad,18579405824
4,1227.99,grad,18593102848
4,1229.285,grad,18639244288
4,1230.557,grad,18746330112
4,1231.988,grad,18707532800
4,1233.3,grad,18846010368
4,1234.919,grad,18785192960
4,1237.614,grad,18792537088
4,1239.108,grad,18801974272
4,1240.703,grad,18801974272
4,1242.003,grad,18817818624
4,1244.253,grad,18831515648
4,1245.559,grad,18877657088
4,1247.723,grad,18945945600
4,1250.028,grad,19023605760
4,1253.024,grad,19030949888
4,1254.354,grad,19040387072
4,1255.733,grad,19040387072
4,1256.993,grad,19078251520
4,1258.6,grad,19069928448
4,1259.913,grad,19116069888
4,1261.194,grad,19339547648
4,1262.446,grad,19223155712
4,1264.735,grad,19262018560
4,1267.387,grad,19269362688
4,1268.68,grad,19278799872
4,1270.058,grad,19278799872
4,1271.422,grad,19294644224
4,1273.308,grad,19308341248
4,1274.569,grad,19354482688
4,1275.815,grad,19422771200
4,1277.153,grad,19461568512
4,1279.22,grad,19500431360
4,1281.933,grad,19507775488
4,1283.217,grad,19517212672
4,1284.551,grad,19517212672
4,1285.804,grad,19555077120
4,1287.365,grad,19546754048
4,1288.622,grad,19607575552
4,1290.685,grad,19661184000
4,1294.22,grad,19738844160
4,1297.049,grad,19746302976
4,1298.377,grad,19755625472
4,1299.716,grad,19755625472
4,1301.001,grad,19778809856
4,1302.789,grad,19785166848
4,1304.104,grad,19831308288
4,1306.305,grad,19899596800
4,1308.698,grad,19977256960
4,1311.716,grad,19984715776
4,1313.025,grad,19994038272
4,1314.39,grad,19994038272
4,1315.677,grad,20031902720
4,1317.302,grad,20023579648
4,1318.595,grad,20084401152
4,1320.654,grad,20138009600
4,1323.099,grad,20215669760
4,1325.869,grad,20223013888
4,1327.149,grad,20232451072
4,1328.521,grad,20232451072
4,1329.8,grad,20248295424
4,1331.56,grad,20261992448
4,1332.853,grad,20308133888
4,1334.979,grad,20376422400
4,1337.282,grad,20454082560
4,1340.006,grad,20461426688
4,1341.291,grad,20470863872
4,1342.643,grad,20470863872
4,1343.91,grad,20508728320
4,1345.418,grad,20500405248
4,1346.682,grad,20561226752
4,1348.727,grad,20614835200
4,1351.196,grad,20692495360
4,1353.92,grad,20699839488
4,1355.209,grad,20709276672
4,1356.513,grad,20709276672
4,1357.77,grad,20747141120
4,1359.299,grad,20738818048
4,1360.582,grad,20799639552
4,1362.668,grad,20853248000
4,1364.924,grad,20930908160
4,1367.834,grad,20938366976
4,1369.122,grad,20947689472
4,1370.424,grad,20947689472
4,1371.746,grad,20985553920
4,1373.419,grad,20977230848
4,1374.708,grad,21023372288
4,1376.803,grad,21091660800
4,1379.122,grad,21169320960
4,1381.81,grad,21176665088
4,1383.106,grad,21186102272
4,1384.496,grad,21186102272
4,1385.803,grad,21201946624
4,1387.623,grad,21215643648
4,1388.923,grad,21276465152
4,1390.955,grad,21330073600
4,1393.404,grad,21407733760
4,1396.113,grad,21415077888
4,1397.415,grad,21424515072
4,1398.705,grad,21424515072
4,1399.978,grad,21462379520
4,1401.502,grad,21454056448
4,1402.83,grad,21500197888
4,1404.964,grad,21568486400
4,1407.576,grad,21646146560
4,1410.267,grad,21653490688
4,1411.568,grad,21662927872
4,1412.942,grad,21662927872
4,1414.238,grad,21686112256
4,1415.901,grad,21699809280
4,1417.236,grad,21753290752
4,1419.292,grad,21806899200
4,1421.584,grad,21891899392
4,1424.518,grad,21891903488
4,1425.813,grad,21901340672
4,1427.138,grad,21901340672
4,1428.417,grad,21939205120
4,1430.025,grad,21938222080
4,1431.326,grad,21991703552
4,1433.417,grad,22045312000
4,1435.74,grad,22130312192
4,1438.335,grad,22130316288
4,1439.603,grad,22139753472
4,1440.856,grad,22139753472
4,1442.102,grad,22162937856
4,1443.853,grad,22169294848
4,1445.102,grad,22230116352
4,1447.059,grad,22283724800
4,1449.341,grad,22361384960
4,1452.051,grad,22368729088
4,1453.362,grad,22378166272
4,1454.721,grad,22378166272
4,1456.0,grad,22416030720
4,1457.599,grad,22415047680
4,1458.874,grad,22468529152
4,1460.97,grad,22522137600
4,1463.388,grad,22599797760
4,1466.049,grad,22607256576
4,1468.481,grad,22616579072
4,1469.76,grad,22654443520
4,1471.341,grad,22646120448
4,1472.625,grad,22692261888
4,1473.918,grad,22838145024
4,1475.264,grad,22799347712
4,1477.077,grad,22838210560
4,1478.389,grad,23149572096
4,1479.853,grad,23772460032
4,1481.131,grad,23772453376
4,1483.545,grad,23765095936
4,1484.865,grad,23453669376
4,1486.118,grad,23453669376
4,1487.36,grad,23453669376
4,1489.184,grad,23453670912
4,1491.197,grad,22842334208
4,1492.532,grad,22853272576
4,1494.191,grad,22794814464
4,1495.51,grad,22773580800
4,1496.834,grad,22708175872
4,1498.187,grad,22662040576
4,1499.504,grad,22655677440
4,1501.524,grad,22626071040
4,1503.213,grad,22626136064
4,1504.521,grad,22644944896
4,1506.21,grad,22621253632
4,1508.544,grad,22622795776
4,1509.868,grad,22614138880
4,1511.277,grad,22568001536
4,1512.593,grad,22563479552
4,1514.617,grad,22435227648
4,1515.935,grad,22428798976
4,1517.852,grad,22399192576
4,1519.564,grad,22413937664
4,1520.953,grad,22418131968
4,1522.559,grad,22394375168
4,1524.43,grad,22395917312
4,1525.752,grad,22387260416
4,1527.295,grad,22341057536
4,1528.616,grad,22259268608
4,1529.943,grad,22209332224
4,1531.282,grad,22216672256
4,1532.596,grad,22188157952
4,1534.044,grad,22173427712
4,1536.68,grad,22173362176
4,1538.079,grad,22192236544
4,1539.659,grad,22168479744
4,1541.66,grad,22170087424
4,1542.974,grad,22162315264
4,1544.411,grad,22116177920
4,1545.723,grad,22111655936
4,1547.721,grad,21983404032
4,1549.033,grad,21976975360
4,1550.915,grad,21947500032
4,1552.578,grad,21947433984
4,1553.992,grad,21966308352
4,1555.578,grad,21942551552
4,1557.791,grad,21944159232
4,1559.114,grad,21935502336
4,1560.509,grad,21889364992
4,1561.822,grad,21807248384
4,1563.128,grad,21756591104
4,1564.558,grad,21763931136
4,1565.872,grad,21735416832
4,1567.312,grad,21720555520
4,1569.108,grad,21735301120
4,1570.503,grad,21739495424
4,1572.05,grad,21715738624
4,1573.859,grad,21716756480
4,1575.171,grad,21708623872
4,1576.478,grad,21662420992
4,1577.787,grad,21619363840
4,1579.115,grad,21537312768
4,1580.583,grad,21537249280
4,1581.893,grad,21508734976
4,1583.33,grad,21494004736
4,1585.24,grad,21493939200
4,1586.55,grad,21512682496
4,1588.297,grad,21489056768
4,1590.07,grad,21490140160
4,1591.446,grad,21482892288
4,1592.996,grad,21436689408
4,1594.359,grad,21354572800
4,1595.687,grad,21303915520
4,1597.009,grad,21311255552
4,1598.374,grad,21282741248
4,1599.817,grad,21268011008
4,1601.496,grad,21267945472
4,1602.809,grad,21286754304
4,1604.497,grad,21263063040
4,1606.727,grad,21264146432
4,1608.05,grad,21255948288
4,1609.49,grad,21209810944
4,1610.81,grad,21127694336
4,1612.127,grad,21077037056
4,1613.505,grad,21084377088
4,1614.813,grad,21055928320
4,1616.24,grad,21041067008
4,1617.881,grad,21041067008
4,1619.139,grad,21059875840
4,1620.792,grad,21036184576
4,1622.774,grad,21037267968
4,1624.096,grad,21067867136
4,1625.415,grad,20982932480
4,1626.732,grad,20978476032
4,1628.754,grad,20850224128
4,1630.065,grad,20858409984
4,1631.406,grad,20838421504
4,1632.972,grad,20814254592
4,1634.548,grad,20814188544
4,1635.87,grad,20832997376
4,1637.561,grad,20809306112
4,1639.61,grad,20810389504
4,1640.929,grad,20802191360
4,1642.368,grad,20756054016
4,1643.687,grad,20673937408
4,1645.79,grad,20623280128
4,1647.113,grad,20631531520
4,1648.94,grad,20587376128
4,1650.606,grad,20587310080
4,1651.928,grad,20606118912
4,1653.611,grad,20582427648
4,1655.804,grad,20583511040
4,1657.117,grad,20575312896
4,1658.519,grad,20529175552
4,1659.839,grad,20485921792
4,1661.757,grad,20396467200
4,1663.072,grad,20404653056
4,1664.899,grad,20360497664
4,1666.529,grad,20360431616
4,1667.942,grad,20379305984
4,1669.546,grad,20355549184
4,1671.367,grad,20356632576
4,1672.686,grad,20346140672
4,1674.152,grad,20302362624
4,1675.473,grad,20273723392
4,1676.808,grad,20208384000
4,1678.134,grad,20176928768
4,1679.457,grad,20163094528
4,1681.226,grad,20133553152
4,1683.133,grad,20133618688
4,1684.523,grad,20152493056
4,1686.047,grad,20128736256
4,1687.837,grad,20129754112
4,1689.142,grad,20121687040
4,1690.482,grad,20075484160
4,1691.788,grad,20032164864
4,1693.117,grad,19950048256
4,1694.578,grad,19950050304
4,1695.894,grad,19921536000
4,1697.303,grad,19906674688
4,1698.997,grad,19921354752
4,1700.406,grad,19925549056
4,1702.014,grad,19901792256
4,1704.218,grad,19902875648
4,1705.537,grad,19894677504
4,1706.925,grad,19848540160
4,1708.291,grad,19766423552
4,1709.621,grad,19715766272
4,1710.946,grad,19723171840
4,1712.302,grad,19694657536
4,1713.676,grad,19679861760
4,1715.39,grad,19679861760
4,1716.773,grad,19698736128
4,1718.335,grad,19674979328
4,1720.241,grad,19676062720
4,1721.545,grad,19667864576
4,1722.948,grad,19621661696
4,1724.309,grad,19617139712
4,1726.329,grad,19488887808
4,1727.647,grad,19482524672
4,1729.564,grad,19452983808
4,1731.503,grad,19467663360
4,1732.901,grad,19471857664
4,1734.452,grad,19448100864
4,1736.241,grad,19449184256
4,1737.548,grad,19440986112
4,1739.055,grad,19394783232
4,1740.397,grad,19312666624
4,1741.725,grad,19262140416
4,1743.044,grad,19269480448
4,1744.391,grad,19240966144
4,1745.774,grad,19226170368
4,1747.472,grad,19240850432
4,1748.808,grad,19244979200
4,1750.463,grad,19221287936
4,1752.644,grad,19222371328
4,1753.965,grad,19214173184
4,1755.421,grad,19168035840
4,1756.752,grad,19085919232
4,1758.073,grad,19035261952
4,1759.397,grad,19042599936
4,1760.706,grad,19014087680
4,1762.137,grad,18999291904
4,1763.825,grad,19013971968
4,1765.179,grad,19018166272
4,1766.713,grad,18994409472
4,1768.68,grad,18995492864
4,1769.988,grad,18987294720
4,1771.416,grad,18941157376
4,1772.729,grad,18859040768
4,1774.052,grad,18808383488
4,1775.388,grad,18815723520
4,1776.703,grad,18787209216
4,1778.096,grad,18772413440
4,1780.037,grad,18772413440
4,1781.382,grad,18791287808
4,1783.055,grad,18767531008
4,1784.868,grad,18768614400
4,1786.218,grad,18760481792
4,1787.558,grad,18714278912
4,1788.883,grad,18685639680
4,1790.209,grad,18627705856
4,1791.752,grad,18588910592
4,1793.064,grad,18560396288
4,1794.54,grad,18545600512
4,1796.23,grad,18545600512
4,1797.539,grad,18564409344
4,1799.249,grad,18540390400
4,1801.298,grad,18541801472
4,1802.64,grad,18533668864
4,1803.986,grad,18487138304
4,1805.326,grad,18458499072
4,1806.65,grad,18392832000
4,1808.023,grad,18361376768
4,1809.394,grad,18347542528
4,1811.132,grad,18318066688
4,1812.802,grad,18318066688
4,1814.181,grad,18337006592
4,1815.705,grad,18313184256
4,1817.663,grad,18314267648
4,1818.973,grad,18306462720
4,1820.406,grad,18260325376
4,1821.718,grad,18178208768
4,1823.04,grad,18127223808
4,1824.377,grad,18127221760
4,1825.69,grad,18106049536
4,1827.097,grad,18090926080
4,1828.408,grad,18098266112
4,1829.728,grad,18120876032
4,1831.241,grad,18085552128
4,1832.551,grad,18093383680
4,1834.305,grad,18087127040
4,1835.615,grad,18078994432
4,1837.13,grad,18032791552
4,1838.445,grad,18028269568
4,1840.453,grad,17900017664
4,1841.769,grad,17908269056
4,1843.609,grad,17864048128
4,1845.303,grad,17864047616
4,1846.609,grad,17882921984
4,1848.307,grad,17859165184
4,1850.047,grad,17860248576
4,1851.38,grad,17864043520
4,1853.046,grad,17805585408
4,1854.39,grad,17776946176
4,1855.721,grad,17711672320
4,1857.053,grad,17680217088
4,1858.402,grad,17666382848
4,1860.153,grad,17636907008
4,1861.772,grad,17636907008
4,1863.175,grad,17655846912
4,1864.756,grad,17631696896
4,1866.688,grad,17632780288
4,1867.997,grad,17624582144
4,1869.441,grad,17578444800
4,1870.762,grad,17573922816
4,1872.077,grad,17445736448
4,1873.413,grad,17453076480
4,1874.723,grad,17424562176
4,1876.16,grad,17409766400
4,1878.058,grad,17409766400
4,1879.403,grad,17428640768
4,1881.067,grad,17404883968
4,1883.034,grad,17405967360
4,1884.391,grad,17397769216
4,1885.769,grad,17351631872
4,1887.105,grad,17347109888
4,1888.425,grad,17218923520
4,1889.757,grad,17211581440
4,1891.07,grad,17197749248
4,1892.496,grad,17182953472
4,1894.158,grad,17182953472
4,1895.465,grad,17201827840
4,1897.095,grad,17178071040
4,1898.859,grad,17179154432
4,1900.171,grad,17182818304
4,1901.917,grad,17124818944
4,1903.248,grad,17081499648
4,1904.591,grad,17038180352
4,1906.107,grad,16999385088
4,1907.417,grad,16970870784
4,1908.771,grad,16956075520
4,1910.41,grad,16956075008
4,1911.748,grad,16974949376
4,1913.334,grad,16951192576
4,1915.104,grad,16952275968
4,1916.44,grad,16944143360
4,1917.913,grad,16897940480
4,1919.247,grad,16893418496
4,1921.248,grad,16765232128
4,1922.559,grad,16758803456
4,1924.427,grad,16729262080
4,1926.364,grad,16729262080
4,1927.714,grad,16748136448
4,1929.315,grad,16724379648
4,1931.099,grad,16725463040
4,1932.403,grad,16717330432
4,1933.894,grad,16671127552
4,1935.213,grad,16666605568
4,1937.207,grad,16538419200
4,1938.523,grad,16524650496
4,1940.406,grad,16495109632
4,1942.075,grad,16494846976
4,1943.438,grad,16513721344
4,1944.972,grad,16489964544
4,1946.298,grad,16480035840
4,1947.565,grad,16480035840
4,1948.808,grad,16480035840
4,1950.315,grad,16480035328
4,1952.118,grad,16480035328
4,1953.426,grad,16480035328
4,1954.999,grad,16480035328
4,1956.304,grad,16480035328
4,1959.513,grad,16480035328
4,1960.79,grad,16480035328
4,1963.03,grad,16480035328
4,1964.316,grad,16480102912
4,1965.598,grad,16480039424
4,1966.888,grad,16480495616
4,1968.142,grad,16480037376
4,1969.431,grad,16480038912
4,1970.689,grad,16480038912
4,1971.937,grad,16480496128
4,1973.209,grad,16480495616
4,1974.457,grad,16480037376
4,1975.761,grad,16480496128
4,1977.049,grad,16480036864
4,1978.319,grad,16480037376
4,1979.56,grad,16480038912
4,1980.797,grad,16480954368
4,1982.053,grad,16480102912
4,1983.367,grad,16480038912
4,1984.614,grad,16480102912
4,1985.906,grad,16480036864
4,1987.15,grad,16480037376
4,1988.436,grad,16480038912
4,1989.697,grad,16480495616
4,1991.007,grad,16480102400
4,1992.296,grad,16480038912
4,1993.595,grad,16480102400
4,1994.887,grad,16480495616
4,1996.137,grad,16480497664
4,1997.395,grad,16480036864
4,1998.633,grad,16480496128
4,1999.965,grad,16480037376
4,2001.276,grad,16480039424
4,2002.539,grad,16480102912
4,2003.809,grad,16480496128
4,2005.161,grad,16480102400
4,2006.494,grad,16480037376
4,2007.79,grad,16480495616
4,2009.13,grad,16480102400
4,2010.46,grad,16480038912
4,2011.732,grad,16480561152
4,2012.981,grad,16480037376
4,2014.273,grad,16480105984
4,2015.56,grad,16486365184
4,2016.853,grad,16489248768
4,2018.17,grad,16494295040
4,2019.449,grad,16497867264
4,2020.78,grad,16502880256
4,2022.116,grad,16505797632
4,2023.437,grad,16508876800
4,2024.701,grad,16513007104
4,2025.988,grad,16514873856
4,2027.285,grad,16519298048
4,2028.603,grad,16520346112
4,2029.907,grad,16525097472
4,2031.235,grad,16527718400
4,2032.582,grad,16531978240
4,2033.867,grad,16535124480
4,2035.183,grad,16538204672
4,2036.441,grad,16542104576
4,2037.698,grad,16543971840
4,2039.011,grad,16548198400
4,2040.353,grad,16550754816
4,2041.709,grad,16554358784
4,2043.026,grad,16557964288
4,2044.328,grad,16561272832
4,2045.594,grad,16565173248
4,2046.891,grad,16567040512
4,2048.144,grad,16570940928
4,2049.464,grad,16572446720
4,2050.709,grad,16577329152
4,2051.957,grad,16579721728
4,2053.25,grad,16583325696
4,2054.507,grad,16586931712
4,2055.759,grad,16590010880
4,2057.097,grad,16594140672
4,2058.457,grad,16595646464
4,2059.72,grad,16600201216
4,2060.98,grad,16602561536
4,2062.257,grad,16606165504
4,2063.581,grad,16610196480
4,2064.831,grad,16613276160
4,2066.143,grad,16618093056
4,2067.499,grad,16618912256
4,2068.807,grad,16623499264
4,2070.122,grad,16626284544
4,2071.411,grad,16630347776
4,2072.805,grad,16633493504
4,2074.162,grad,16636573696
4,2075.496,grad,16641161216
4,2076.756,grad,16643128832
4,2078.002,grad,16646568448
4,2079.288,grad,16647680512
4,2080.54,grad,16647718912
4,2081.791,grad,16647755776
4,2083.056,grad,16647792128
4,2084.367,grad,16647830016
4,2085.939,grad,16647867392
4,2087.22,grad,16571790848
4,2088.498,grad,16379278848
4,2089.757,grad,16330618368
4,2091.006,grad,16364271104
4,2092.29,grad,16395630080
4,2093.554,grad,16429544960
4,2094.817,grad,16464442880
4,2096.113,grad,16433870336
4,2097.424,grad,16309974528
4,2098.724,grad,16185488896
4,2099.987,grad,16139336192
4,2106.359,grad,16139249152
4,2112.767,grad,16139257344
4,2119.16,grad,16139257344
4,2125.53,grad,16139257344
4,2130.168,grad,16139257344
4,2131.505,grad,16146734592
4,2133.664,grad,16146863616
4,2136.53,grad,16154203648
4,2137.869,grad,16163640832
4,2139.319,grad,16163640832
4,2140.639,grad,16186825216
4,2142.476,grad,16200522240
4,2143.769,grad,16239323648
4,2145.932,grad,16307612160
4,2148.891,grad,16385272320
4,2151.68,grad,16392731136
4,2153.003,grad,16402053632
4,2154.442,grad,16402053632
4,2155.746,grad,16425238016
4,2157.385,grad,16431595008
4,2158.659,grad,16477736448
4,2159.941,grad,16623619584
4,2161.321,grad,16584822272
4,2163.521,grad,16623685120
4,2166.239,grad,16631029248
4,2167.505,grad,16640466432
4,2168.849,grad,16640466432
4,2170.217,grad,16656310784
4,2172.05,grad,16670007808
4,2173.366,grad,16730829312
4,2175.52,grad,16784437760
4,2177.869,grad,16862097920
4,2180.643,grad,16869556736
4,2181.975,grad,16878879232
4,2183.355,grad,16878879232
4,2184.669,grad,16902063616
4,2186.366,grad,16908420608
4,2187.638,grad,16969242112
4,2189.88,grad,17022850560
4,2191.156,grad,17161328128
4,2192.678,grad,17100510720
4,2195.404,grad,17107854848
4,2196.686,grad,17117292032
4,2197.992,grad,17117292032
4,2199.311,grad,17155156480
4,2200.954,grad,17146833408
4,2202.277,grad,17207654912
4,2204.314,grad,17261263360
4,2206.746,grad,17346263552
4,2209.695,grad,17346382336
4,2210.983,grad,17355704832
4,2212.293,grad,17355704832
4,2213.572,grad,17393569280
4,2215.272,grad,17392586240
4,2216.523,grad,17446067712
4,2218.554,grad,17499676160
4,2220.934,grad,17584676352
4,2223.619,grad,17584680448
4,2224.892,grad,17594117632
4,2226.303,grad,17594117632
4,2227.575,grad,17631982080
4,2229.107,grad,17623659008
4,2230.43,grad,17631003136
4,2231.706,grad,17776886272
4,2233.103,grad,17776886272
4,2235.203,grad,17815749120
4,2237.994,grad,17823093248
4,2239.321,grad,17832530432
4,2240.66,grad,17832530432
4,2241.939,grad,17855714816
4,2243.571,grad,17862071808
4,2244.843,grad,17922893312
4,2246.98,grad,18015299072
4,2249.408,grad,18054161920
4,2252.44,grad,18061620736
4,2253.722,grad,18070943232
4,2255.047,grad,18070943232
4,2256.418,grad,18108807680
4,2258.064,grad,18100484608
4,2259.359,grad,18161306112
4,2261.49,grad,18214914560
4,2263.807,grad,18292574720
4,2266.543,grad,18299918848
4,2267.799,grad,18309356032
4,2269.319,grad,18309356032
4,2270.598,grad,18347220480
4,2272.222,grad,18338897408
4,2273.5,grad,18385038848
4,2275.623,grad,18453327360
4,2278.009,grad,18538327552
4,2280.674,grad,18538331648
4,2281.952,grad,18547768832
4,2283.331,grad,18547768832
4,2284.625,grad,18585633280
4,2286.268,grad,18577310208
4,2287.523,grad,18638131712
4,2289.77,grad,18691740160
4,2292.176,grad,18776740352
4,2294.885,grad,18776744448
4,2296.148,grad,18786181632
4,2297.523,grad,18786181632
4,2298.815,grad,18824046080
4,2300.35,grad,18815723008
4,2301.674,grad,18861864448
4,2302.995,grad,19007747584
4,2304.383,grad,18968950272
4,2306.478,grad,19007813120
4,2309.446,grad,19015271936
4,2310.733,grad,19024594432
4,2312.072,grad,19024594432
4,2313.411,grad,19062458880
4,2314.98,grad,19054135808
4,2316.302,grad,19100277248
4,2317.608,grad,19246160384
4,2318.883,grad,19207363072
4,2321.19,grad,19253565952
4,2323.973,grad,19253570048
4,2325.303,grad,19263007232
4,2326.691,grad,19263007232
4,2328.112,grad,19278851584
4,2329.891,grad,19292548608
4,2331.113,grad,19338690048
4,2332.384,grad,19562167808
4,2333.703,grad,19445775872
4,2335.982,grad,19491978752
4,2338.773,grad,19491982848
4,2340.036,grad,19501420032
4,2341.369,grad,19501420032
4,2342.628,grad,19524604416
4,2344.302,grad,19530961408
4,2345.563,grad,19577102848
4,2347.757,grad,19645391360
4,2349.202,grad,19730391552
4,2350.547,grad,19723051520
4,2353.4,grad,19730395648
4,2354.683,grad,19739832832
4,2356.064,grad,19739832832
4,2357.401,grad,19777697280
4,2359.012,grad,19769374208
4,2360.308,grad,19815515648
4,2362.41,grad,19883804160
4,2364.885,grad,19961464320
4,2367.804,grad,19968808448
4,2369.124,grad,19978245632
4,2370.58,grad,19978245632
4,2371.891,grad,20016110080
4,2373.537,grad,20007787008
4,2374.807,grad,20053928448
4,2376.927,grad,20122216960
4,2379.299,grad,20199877120
4,2382.044,grad,20207221248
4,2383.334,grad,20216658432
4,2384.737,grad,20216658432
4,2386.041,grad,20225047552
4,2387.314,grad,20269268480
4,2388.8,grad,20246199808
4,2390.053,grad,20307021312
4,2392.16,grad,20360629760
4,2393.478,grad,20445629952
4,2394.888,grad,20438289920
4,2397.647,grad,20445634048
4,2398.928,grad,20455071232
4,2400.327,grad,20455071232
4,2401.595,grad,20492935680
4,2403.272,grad,20491952640
4,2404.56,grad,20545434112
4,2406.638,grad,20599042560
4,2409.293,grad,20684042752
4,2411.972,grad,20684046848
4,2413.28,grad,20693484032
4,2414.669,grad,20693484032
4,2415.982,grad,20731348480
4,2417.604,grad,20723025408
4,2418.898,grad,20769166848
4,2420.197,grad,20876252672
4,2421.579,grad,20876252672
4,2423.703,grad,20915115520
4,2426.66,grad,20922574336
4,2427.95,grad,20931896832
4,2429.355,grad,20931896832
4,2430.626,grad,20955081216
4,2432.324,grad,20961438208
4,2433.601,grad,21022259712
4,2435.658,grad,21075868160
4,2437.965,grad,21153528320
4,2440.793,grad,21160872448
4,2442.092,grad,21170309632
4,2443.409,grad,21170309632
4,2444.73,grad,21186153984
4,2446.434,grad,21199851008
4,2447.682,grad,21260672512
4,2448.967,grad,21391875584
4,2450.386,grad,21353078272
4,2452.441,grad,21391941120
4,2455.199,grad,21399285248
4,2456.477,grad,21408722432
4,2457.759,grad,21408722432
4,2459.007,grad,21446586880
4,2460.724,grad,21438263808
4,2461.992,grad,21499085312
4,2464.067,grad,21552693760
4,2466.618,grad,21630353920
4,2469.448,grad,21637812736
4,2470.718,grad,21647135232
4,2472.035,grad,21647135232
4,2473.336,grad,21684999680
4,2474.92,grad,21676676608
4,2476.207,grad,21722818048
4,2478.272,grad,21791106560
4,2480.753,grad,21868766720
4,2483.59,grad,21876110848
4,2484.842,grad,21885548032
4,2486.198,grad,21885548032
4,2487.462,grad,21923412480
4,2489.107,grad,21915089408
4,2490.425,grad,21961230848
4,2492.565,grad,22068316672
4,2494.845,grad,22114519552
4,2497.541,grad,22114523648
4,2498.804,grad,22123960832
4,2500.238,grad,22123960832
4,2501.498,grad,22139805184
4,2503.212,grad,22154550784
4,2504.481,grad,22214323712
4,2506.656,grad,22306729472
4,2508.9,grad,22345592320
4,2511.74,grad,22353985024
4,2513.03,grad,22363422208
4,2514.291,grad,22363422208
4,2515.553,grad,22401286656
4,2517.108,grad,22392963584
4,2518.352,grad,22453785088
4,2520.703,grad,22507393536
4,2522.995,grad,22585053696
4,2525.73,grad,22592397824
4,2526.997,grad,22601835008
4,2528.322,grad,22601835008
4,2529.574,grad,22639699456
4,2531.226,grad,22631376384
4,2532.498,grad,22677517824
4,2534.568,grad,22745806336
4,2536.67,grad,22823466496
4,2537.923,grad,23757756416
4,2539.183,grad,23757785600
4,2540.449,grad,23750425600
4,2542.4,grad,23750417408
4,2543.643,grad,23438990848
4,2544.877,grad,23438990848
4,2546.136,grad,23438990848
4,2548.012,grad,23438992384
4,2549.676,grad,22827655680
4,2550.926,grad,22826338816
4,2552.324,grad,22780135936
4,2553.616,grad,22775613952
4,2555.419,grad,22654702080
4,2556.684,grad,22640867840
4,2558.293,grad,22611392000
4,2559.846,grad,22611392000
4,2561.135,grad,22630200832
4,2562.837,grad,22606509568
4,2565.015,grad,22608117248
4,2566.382,grad,22599394816
4,2567.785,grad,22553257472
4,2569.114,grad,22548735488
4,2571.076,grad,22420483584
4,2572.424,grad,22414054912
4,2574.287,grad,22384513536
4,2575.979,grad,22384513536
4,2577.395,grad,22403387904
4,2578.971,grad,22378582528
4,2580.924,grad,22380190208
4,2582.271,grad,22371467776
4,2583.663,grad,22325330432
4,2584.984,grad,22282011136
4,2586.383,grad,22192556544
4,2587.737,grad,22199896576
4,2589.051,grad,22171382272
4,2590.718,grad,22157635072
4,2592.403,grad,22156586496
4,2593.729,grad,22175395328
4,2595.388,grad,22151704064
4,2597.184,grad,22153311744
4,2598.493,grad,22144654848
4,2599.978,grad,22098451968
4,2601.322,grad,22093929984
4,2603.342,grad,21965678080
4,2604.652,grad,21959249408
4,2606.505,grad,21929708032
4,2608.132,grad,21929708032
4,2609.458,grad,21948516864
4,2611.102,grad,21924825600
4,2613.136,grad,21925908992
4,2614.45,grad,21917776384
4,2615.929,grad,21871573504
4,2617.281,grad,21828254208
4,2619.273,grad,21738799616
4,2620.583,grad,21747051008
4,2622.425,grad,21702830080
4,2624.051,grad,21702829568
4,2625.418,grad,21721638400
4,2627.059,grad,21697947136
4,2628.861,grad,21699030528
4,2630.173,grad,21690897920
4,2631.658,grad,21644695040
4,2632.979,grad,21601375744
4,2634.939,grad,21511986688
4,2636.292,grad,21505558016
4,2638.135,grad,21476016640
4,2640.453,grad,21476016640
4,2641.837,grad,21494891008
4,2643.393,grad,21471134208
4,2645.321,grad,21472217600
4,2646.624,grad,21464019456
4,2647.981,grad,21417882112
4,2649.341,grad,21413360128
4,2651.358,grad,21285108224
4,2652.669,grad,21278679552
4,2654.536,grad,21249138176
4,2656.181,grad,21249138176
4,2657.583,grad,21268012544
4,2659.121,grad,21244255744
4,2661.113,grad,21245339136
4,2662.424,grad,21237206528
4,2663.734,grad,21191003648
4,2665.047,grad,21147684352
4,2666.401,grad,21065567744
4,2667.933,grad,21065569792
4,2669.296,grad,21051735552
4,2670.829,grad,21022259712
4,2672.494,grad,21022259712
4,2673.817,grad,21041068544
4,2675.451,grad,21017377280
4,2677.371,grad,21018460672
4,2678.674,grad,21087857152
4,2680.124,grad,20964125184
4,2681.438,grad,20959603200
4,2683.431,grad,20831416832
4,2684.744,grad,20839668224
4,2686.541,grad,20795446784
4,2688.446,grad,20795446784
4,2689.819,grad,20814321152
4,2691.354,grad,20790564352
4,2693.123,grad,20791647744
4,2694.431,grad,20783515136
4,2695.927,grad,20737312256
4,2697.264,grad,20732790272
4,2699.25,grad,20604538368
4,2700.556,grad,20598109696
4,2702.4,grad,20568568320
4,2704.034,grad,20568568320
4,2705.379,grad,20587377152
4,2707.012,grad,20563685888
4,2709.235,grad,20564769280
4,2710.554,grad,20556571136
4,2711.939,grad,20510433792
4,2713.302,grad,20428382720
4,2714.637,grad,20377725440
4,2715.972,grad,20370383360
4,2717.336,grad,20356551168
4,2718.702,grad,20341755392
4,2720.447,grad,20356435456
4,2721.785,grad,20359974400
4,2723.305,grad,20336856576
4,2724.63,grad,20344245760
4,2726.404,grad,20337956352
4,2727.72,grad,20329758208
4,2729.14,grad,20283620864
4,2730.472,grad,20279098880
4,2732.607,grad,20150846976
4,2733.947,grad,20143959552
4,2736.25,grad,20114877440
4,2737.91,grad,20114876928
4,2739.261,grad,20133685760
4,2740.959,grad,20109994496
4,2742.789,grad,20111077888
4,2744.15,grad,20102945280
4,2745.504,grad,20056742400
4,2746.823,grad,20013423104
4,2748.16,grad,19931372032
4,2749.699,grad,19931374080
4,2751.02,grad,19902859776
4,2752.458,grad,19888064000
4,2754.192,grad,19888064000
4,2755.505,grad,19906872832
4,2757.199,grad,19883181568
4,2759.279,grad,19884264960
4,2760.642,grad,19876132352
4,2761.978,grad,19829929472
4,2763.329,grad,19801290240
4,2764.671,grad,19736016384
4,2766.009,grad,19704561152
4,2767.38,grad,19690726912
4,2769.2,grad,19661251072
4,2770.849,grad,19661251072
4,2772.253,grad,19680125440
4,2773.816,grad,19656368640
4,2775.616,grad,19657452032
4,2776.93,grad,19649319424
4,2778.274,grad,19603116544
4,2779.586,grad,19559797248
4,2780.933,grad,19477746176
4,2782.461,grad,19477748224
4,2783.789,grad,19449233920
4,2785.259,grad,19434438144
4,2787.175,grad,19434438144
4,2788.501,grad,19453640192
4,2790.275,grad,19429555712
4,2792.053,grad,19430639104
4,2793.479,grad,19422506496
4,2794.807,grad,19376303616
4,2796.123,grad,19332984320
4,2797.467,grad,19289665024
4,2798.905,grad,19250869760
4,2800.256,grad,19237035520
4,2802.198,grad,19207559680
4,2803.957,grad,19222239744
4,2805.345,grad,19226368512
4,2807.034,grad,19202677248
4,2809.375,grad,19203760640
4,2810.707,grad,19195562496
4,2812.196,grad,19149425152
4,2813.52,grad,19074648576
4,2814.853,grad,19016651264
4,2816.237,grad,19023991296
4,2817.556,grad,18995476992
4,2819.034,grad,18980681216
4,2820.763,grad,18980681216
4,2822.2,grad,18999555584
4,2823.78,grad,18975798784
4,2825.622,grad,18976882176
4,2827.004,grad,18968749568
4,2828.375,grad,18922546688
4,2829.704,grad,18893907456
4,2831.031,grad,18828633600
4,2832.459,grad,18797178368
4,2833.784,grad,18783344128
4,2835.836,grad,18753868800
4,2837.509,grad,18753868288
4,2838.818,grad,18772677120
4,2840.485,grad,18748985856
4,2842.311,grad,18750069248
4,2843.654,grad,18741936640
4,2844.985,grad,18695733760
4,2846.326,grad,18667094528
4,2847.658,grad,18601755136
4,2849.031,grad,18570299904
4,2850.373,grad,18556465664
4,2852.181,grad,18526989824
4,2853.889,grad,18541669888
4,2855.299,grad,18545864192
4,2856.855,grad,18522107392
4,2859.033,grad,18523190784
4,2860.43,grad,18592652800
4,2861.976,grad,18468855296
4,2863.339,grad,18394078720
4,2864.668,grad,18336144896
4,2866.111,grad,18343486976
4,2867.434,grad,18314972672
4,2868.867,grad,18300176896
4,2870.512,grad,18300176896
4,2871.822,grad,18318985728
4,2873.502,grad,18295294464
4,2875.319,grad,18296377856
4,2876.664,grad,18288245248
4,2878.01,grad,18242042368
4,2879.353,grad,18198723072
4,2880.708,grad,18155796992
4,2882.289,grad,18117001728
4,2883.604,grad,18088487424
4,2885.053,grad,18073691648
4,2887.029,grad,18088371712
4,2888.478,grad,18092631552
4,2890.028,grad,18068809216
4,2891.835,grad,18069892608
4,2893.199,grad,18061760000
4,2894.54,grad,18015557120
4,2895.867,grad,17972237824
4,2897.223,grad,17890121216
4,2898.753,grad,17890123264
4,2900.07,grad,17861608960
4,2901.496,grad,17846813184
4,2903.177,grad,17846813184
4,2904.492,grad,17865622016
4,2906.166,grad,17841930752
4,2908.214,grad,17843014144
4,2909.576,grad,17834881536
4,2910.909,grad,17788678656
4,2912.236,grad,17745359360
4,2913.587,grad,17702105600
4,2915.138,grad,17663310336
4,2916.457,grad,17634796032
4,2917.877,grad,17620000256
4,2919.566,grad,17634680320
4,2920.971,grad,17638874624
4,2922.569,grad,17615117824
4,2924.435,grad,17616201216
4,2925.773,grad,17608068608
4,2927.099,grad,17561865728
4,2928.416,grad,17525886464
4,2929.725,grad,17467952640
4,2931.061,grad,17436497408
4,2932.4,grad,17422663168
4,2934.669,grad,17393187840
4,2936.413,grad,17407867392
4,2937.846,grad,17412061696
4,2939.416,grad,17388304896
4,2941.227,grad,17389388288
4,2942.569,grad,17381255680
4,2944.141,grad,17335052800
4,2945.467,grad,17267616256
4,2946.786,grad,17202342400
4,2948.195,grad,17209684480
4,2949.517,grad,17195850240
4,2951.068,grad,17166374400
4,2952.731,grad,17166374400
4,2954.05,grad,17185576448
4,2955.769,grad,17161491968
4,2958.029,grad,17162575360
4,2959.411,grad,17154442752
4,2960.861,grad,17108239872
4,2962.14,grad,17087006208
4,2963.467,grad,17028941312
4,2964.863,grad,16982806016
4,2966.173,grad,16983717376
4,2967.983,grad,16939495936
4,2969.739,grad,16954176000
4,2971.152,grad,16958435840
4,2972.755,grad,16934613504
4,2974.708,grad,16935696896
4,2976.023,grad,16927498752
4,2977.44,grad,16881361408
4,2978.764,grad,16876839424
4,2980.752,grad,16748587520
4,2982.064,grad,16742158848
4,2983.92,grad,16712617472
4,2985.847,grad,16712617472
4,2987.214,grad,16731557376
4,2988.778,grad,16707735040
4,2990.705,grad,16708818432
4,2992.017,grad,16700685824
4,2993.351,grad,16654482944
4,2994.665,grad,16625843712
4,2996.002,grad,16560569856
4,2997.368,grad,16529114624
4,2998.678,grad,16507940352
4,3000.455,grad,16478464512
4,3002.127,grad,16478202368
4,3003.523,grad,16497142272
4,3005.104,grad,16473319936
4,3006.391,grad,16463391232
4,3007.662,grad,16463391232
4,3008.92,grad,16463391232
4,3011.644,grad,16463390720
4,3012.969,grad,16463390720
4,3014.266,grad,16463390720
4,3015.524,grad,16463390720
4,3019.02,grad,16463390720
4,3020.307,grad,16463390720
4,3022.575,grad,16463390720
4,3023.828,grad,16463851008
4,3025.154,grad,16463392256
4,3026.414,grad,16463851520
4,3027.712,grad,16463392256
4,3029.017,grad,16463392768
4,3030.316,grad,16463394816
4,3031.677,grad,16463851008
4,3033.005,grad,16463458304
4,3034.33,grad,16463392256
4,3035.601,grad,16464309760
4,3036.851,grad,16463392768
4,3038.096,grad,16463392768
4,3039.36,grad,16463394304
4,3040.626,grad,16463851520
4,3041.896,grad,16463457792
4,3043.14,grad,16463394816
4,3044.468,grad,16463851008
4,3045.753,grad,16463392768
4,3047.001,grad,16463853568
4,3048.281,grad,16463392256
4,3049.557,grad,16463851008
4,3050.851,grad,16463392256
4,3052.153,grad,16463394304
4,3053.411,grad,16463394304
4,3054.69,grad,16463851008
4,3055.939,grad,16463457792
4,3057.232,grad,16463394816
4,3058.534,grad,16463851520
4,3059.931,grad,16463392256
4,3061.28,grad,16463394304
4,3062.559,grad,16463392768
4,3063.832,grad,16463851520
4,3065.075,grad,16463458304
4,3066.377,grad,16463392256
4,3067.629,grad,16463394816
4,3068.894,grad,16463851520
4,3070.139,grad,16463851520
4,3071.38,grad,16463392256
4,3072.614,grad,16463916544
4,3073.858,grad,16465067520
4,3075.224,grad,16469130752
4,3076.564,grad,16472768000
4,3077.866,grad,16476405760
4,3079.133,grad,16482435584
4,3080.411,grad,16483483136
4,3081.698,grad,16489905664
4,3082.969,grad,16492854784
4,3084.301,grad,16497966592
4,3085.627,grad,16503472640
4,3086.907,grad,16507502080
4,3088.153,grad,16514483200
4,3089.415,grad,16516349952
4,3090.664,grad,16523427328
4,3091.933,grad,16526771200
4,3093.268,grad,16530604032
4,3094.545,grad,16532996096
4,3095.806,grad,16537059328
4,3097.064,grad,16541416960
4,3098.376,grad,16543285248
4,3099.639,grad,16548003328
4,3100.918,grad,16549904896
4,3102.191,grad,16553737728
4,3103.448,grad,16557408768
4,3104.686,grad,16560259072
4,3105.92,grad,16563404800
4,3107.166,grad,16566484480
4,3108.432,grad,16571203072
4,3109.716,grad,16573170688
4,3110.99,grad,16576773632
4,3112.305,grad,16579395072
4,3113.575,grad,16584408576
4,3114.841,grad,16587326464
4,3116.078,grad,16590405632
4,3117.359,grad,16594993664
4,3118.626,grad,16596041728
4,3119.894,grad,16600629248
4,3121.283,grad,16603184640
4,3122.566,grad,16606920192
4,3123.839,grad,16610755072
4,3125.176,grad,16613604864
4,3126.428,grad,16617734656
4,3127.691,grad,16619241472
4,3129.009,grad,16623992320
4,3130.292,grad,16626613760
4,3131.564,grad,16630677504
4,3132.823,grad,16633823744
4,3134.097,grad,16636674048
4,3135.36,grad,16640803328
4,3136.603,grad,16642670592
4,3137.865,grad,16642266624
4,3139.102,grad,16642301952
4,3140.372,grad,16642339328
4,3141.613,grad,16642364416
4,3142.87,grad,16642401792
4,3144.111,grad,16642436096
4,3145.356,grad,16524999680
4,3146.602,grad,16341826560
4,3147.846,grad,16331275264
4,3149.097,grad,16364076032
4,3150.363,grad,16397925376
4,3151.606,grad,16428170240
4,3152.873,grad,16462085120
4,3154.116,grad,16456055808
4,3155.401,grad,16345332736
4,3156.665,grad,16227040256
4,3157.924,grad,16139279360
4,3159.187,grad,16139129856
4,3165.281,grad,16139119616
4,3171.689,grad,16139127808
4,3178.101,grad,16139127808
4,3184.487,grad,16139127808
4,3189.494,grad,16139127808
4,3190.792,grad,16146605056
4,3192.92,grad,16146734080
4,3195.921,grad,16154139648
4,3197.341,grad,16163576832
4,3198.766,grad,16163576832
4,3200.038,grad,16186761216
4,3201.855,grad,16193118208
4,3203.13,grad,16239259648
4,3204.406,grad,16385142784
4,3205.7,grad,16307548160
4,3206.965,grad,16446025728
4,3208.558,grad,16392548352
4,3211.343,grad,16392667136
4,3212.644,grad,16401989632
4,3213.927,grad,16401989632
4,3215.208,grad,16425174016
4,3216.973,grad,16431531008
4,3218.247,grad,16492352512
4,3220.307,grad,16545960960
4,3222.671,grad,16623621120
4,3225.668,grad,16630965248
4,3226.94,grad,16640402432
4,3228.34,grad,16640402432
4,3229.638,grad,16663586816
4,3231.3,grad,16669943808
4,3232.552,grad,16716085248
4,3234.708,grad,16784373760
4,3235.965,grad,16862033920
4,3237.424,grad,16862033920
4,3240.111,grad,16869378048
4,3241.396,grad,16878815232
4,3242.745,grad,16878815232
4,3244.006,grad,16916679680
4,3245.803,grad,16908356608
4,3247.576,grad,16923040768
4,3248.849,grad,17022786560
4,3250.23,grad,17022786560
4,3252.561,grad,17100446720
4,3255.346,grad,17107790848
4,3256.6,grad,17117228032
4,3257.977,grad,17117228032
4,3259.27,grad,17155092480
4,3260.84,grad,17146769408
4,3262.144,grad,17192910848
4,3264.255,grad,17261199360
4,3265.509,grad,17346199552
4,3266.948,grad,17338859520
4,3269.834,grad,17346203648
4,3271.102,grad,17355640832
4,3272.41,grad,17355640832
4,3273.656,grad,17393505280
4,3275.268,grad,17385182208
4,3276.514,grad,17431323648
4,3277.753,grad,17577206784
4,3279.099,grad,17538409472
4,3281.267,grad,17577272320
4,3284.012,grad,17584616448
4,3285.431,grad,17594053632
4,3287.064,grad,17594053632
4,3288.366,grad,17617238016
4,3289.993,grad,17623595008
4,3291.282,grad,17669736448
4,3293.362,grad,17738024960
4,3295.78,grad,17815685120
4,3298.535,grad,17823029248
4,3299.81,grad,17832466432
4,3301.096,grad,17832466432
4,3302.413,grad,17870330880
4,3303.929,grad,17862007808
4,3305.19,grad,17908149248
4,3306.448,grad,18131627008
4,3307.78,grad,17976437760
4,3310.172,grad,18054097920
4,3312.893,grad,18061442048
4,3314.227,grad,18070879232
4,3315.663,grad,18070879232
4,3316.949,grad,18094063616
4,3318.676,grad,18100420608
4,3319.954,grad,18161242112
4,3322.105,grad,18253647872
4,3324.424,grad,18292510720
4,3327.294,grad,18299854848
4,3328.546,grad,18309292032
4,3329.849,grad,18309292032
4,3331.096,grad,18347156480
4,3332.638,grad,18338833408
4,3333.883,grad,18399654912
4,3335.931,grad,18453263360
4,3338.23,grad,18530923520
4,3340.877,grad,18538267648
4,3342.128,grad,18547704832
4,3343.445,grad,18547704832
4,3344.689,grad,18563549184
4,3346.451,grad,18577246208
4,3347.699,grad,18623387648
4,3349.789,grad,18691676160
4,3352.101,grad,18769336320
4,3354.769,grad,18776680448
4,3356.037,grad,18786117632
4,3357.368,grad,18786117632
4,3358.626,grad,18823982080
4,3360.136,grad,18815659008
4,3361.386,grad,18876480512
4,3363.654,grad,18930088960
4,3365.917,grad,19007749120
4,3368.614,grad,19015093248
4,3369.923,grad,19024530432
4,3371.245,grad,19024530432
4,3372.505,grad,19062394880
4,3373.997,grad,19054071808
4,3375.275,grad,19114893312
4,3377.308,grad,19168501760
4,3379.692,grad,19246161920
4,3382.524,grad,19253506048
4,3383.774,grad,19262943232
4,3385.047,grad,19262943232
4,3386.332,grad,19300807680
4,3387.871,grad,19292484608
4,3389.149,grad,19338626048
4,3390.399,grad,19484509184
4,3391.716,grad,19445711872
4,3393.745,grad,19484574720
4,3396.401,grad,19491918848
4,3397.664,grad,19501356032
4,3398.98,grad,19501356032
4,3400.27,grad,19517200384
4,3402.03,grad,19530897408
4,3403.32,grad,19591718912
4,3405.362,grad,19645327360
4,3407.756,grad,19730327552
4,3410.43,grad,19730331648
4,3411.702,grad,19739768832
4,3412.994,grad,19739768832
4,3414.284,grad,19777633280
4,3415.838,grad,19769310208
4,3417.126,grad,19830131712
4,3419.378,grad,19883740160
4,3421.719,grad,19961400320
4,3424.487,grad,19968744448
4,3425.76,grad,19978181632
4,3427.151,grad,19978181632
4,3428.411,grad,20016046080
4,3430.052,grad,20007723008
4,3431.35,grad,20068544512
4,3433.401,grad,20122152960
4,3435.709,grad,20199813120
4,3438.56,grad,20207157248
4,3439.822,grad,20216594432
4,3441.138,grad,20216594432
4,3442.39,grad,20239778816
4,3443.969,grad,20246135808
4,3445.264,grad,20292277248
4,3447.414,grad,20360565760
4,3449.703,grad,20438225920
4,3452.445,grad,20445684736
4,3454.753,grad,20455007232
4,3456.038,grad,20470851584
4,3457.796,grad,20484548608
4,3459.059,grad,20530690048
4,3461.169,grad,20598978560
4,3463.514,grad,20676638720
4,3466.19,grad,20683982848
4,3467.467,grad,20693420032
4,3468.768,grad,20693420032
4,3470.11,grad,20731350016
4,3471.679,grad,20722961408
4,3472.961,grad,20783782912
4,3475.948,grad,20837391360
4,3478.347,grad,20915051520
4,3481.03,grad,20922510336
4,3482.417,grad,20931832832
4,3483.713,grad,20931832832
4,3484.971,grad,20969697280
4,3486.535,grad,20961374208
4,3487.803,grad,21022195712
4,3489.842,grad,21075804160
4,3492.166,grad,21153464320
4,3495.072,grad,21160808448
4,3496.387,grad,21170245632
4,3497.73,grad,21170245632
4,3499.01,grad,21208110080
4,3500.684,grad,21199787008
4,3501.985,grad,21260608512
4,3504.021,grad,21314216960
4,3506.41,grad,21391877120
4,3509.141,grad,21399221248
4,3510.419,grad,21408658432
4,3511.736,grad,21408658432
4,3512.984,grad,21424502784
4,3514.737,grad,21438199808
4,3516.009,grad,21499021312
4,3518.063,grad,21552629760
4,3520.361,grad,21630289920
4,3523.061,grad,21637634048
4,3524.354,grad,21647071232
4,3525.668,grad,21647071232
4,3526.942,grad,21684935680
4,3528.558,grad,21676612608
4,3529.821,grad,21737434112
4,3532.02,grad,21791042560
4,3534.311,grad,21868702720
4,3536.963,grad,21876046848
4,3538.243,grad,21885484032
4,3539.545,grad,21885484032
4,3540.795,grad,21923348480
4,3542.303,grad,21915025408
4,3543.544,grad,21975846912
4,3545.546,grad,22029455360
4,3547.81,grad,22107115520
4,3550.663,grad,22114459648
4,3551.935,grad,22123896832
4,3553.253,grad,22123896832
4,3554.552,grad,22161761280
4,3556.166,grad,22153438208
4,3557.415,grad,22214259712
4,3559.433,grad,22267868160
4,3561.788,grad,22345528320
4,3564.456,grad,22352872448
4,3565.774,grad,22362309632
4,3567.115,grad,22362309632
4,3568.446,grad,22378153984
4,3570.215,grad,22391851008
4,3571.492,grad,22452672512
4,3573.576,grad,22506280960
4,3575.901,grad,22583941120
4,3578.543,grad,22591285248
4,3579.79,grad,22600722432
4,3581.057,grad,22600722432
4,3582.372,grad,22638586880
4,3583.843,grad,22630263808
4,3585.094,grad,22676405248
4,3587.288,grad,22744693760
4,3589.432,grad,22822353920
4,3590.678,grad,23756643840
4,3591.965,grad,23756661760
4,3594.627,grad,23749304832
4,3595.888,grad,23437878272
4,3597.122,grad,23437878272
4,3598.357,grad,23437878272
4,3599.991,grad,23437879808
4,3601.738,grad,22826543104
4,3603.045,grad,22825226240
4,3604.413,grad,22779023360
4,3605.721,grad,22735704064
4,3607.045,grad,22660927488
4,3608.565,grad,22653589504
4,3609.881,grad,22625075200
4,3611.343,grad,22610279424
4,3613.02,grad,22610279424
4,3614.384,grad,22629088256
4,3616.337,grad,22605396992
4,3618.134,grad,22607004672
4,3619.45,grad,22598347776
4,3620.942,grad,22552144896
4,3622.301,grad,22547622912
4,3624.294,grad,22419371008
4,3625.613,grad,22427622400
4,3627.461,grad,22383400960
4,3629.184,grad,22383400960
4,3630.5,grad,22402209792
4,3632.156,grad,22378518528
4,3633.937,grad,22380126208
4,3635.27,grad,22371469312
4,3636.769,grad,22325266432
4,3638.107,grad,22281947136
4,3640.069,grad,22192492544
4,3641.67,grad,22186063872
4,3643.613,grad,22156523008
4,3645.285,grad,22156522496
4,3646.593,grad,22175331328
4,3648.315,grad,22151640064
4,3650.111,grad,22153247744
4,3651.484,grad,22144590848
4,3652.803,grad,22098387968
4,3654.117,grad,22055068672
4,3655.454,grad,22011749376
4,3656.979,grad,21972954112
4,3658.313,grad,21944439808
4,3659.738,grad,21929644032
4,3661.439,grad,21929644032
4,3662.743,grad,21948452864
4,3664.667,grad,21924761600
4,3666.621,grad,21926369280
4,3667.93,grad,21917646848
4,3669.355,grad,21871509504
4,3670.669,grad,21866987520
4,3672.657,grad,21738735616
4,3673.969,grad,21732306944
4,3675.869,grad,21702766080
4,3677.492,grad,21702765568
4,3678.799,grad,21721574400
4,3680.458,grad,21697883136
4,3682.276,grad,21700015104
4,3683.624,grad,21690833920
4,3684.954,grad,21644631040
4,3686.284,grad,21601311744
4,3687.632,grad,21557992448
4,3689.239,grad,21519197184
4,3690.552,grad,21505362944
4,3692.391,grad,21475887616
4,3694.061,grad,21475887104
4,3695.407,grad,21494630400
4,3697.123,grad,21471004672
4,3698.938,grad,21472088064
4,3700.337,grad,21464217600
4,3701.704,grad,21418014720
4,3703.02,grad,21374695424
4,3704.383,grad,21331376128
4,3705.909,grad,21292580864
4,3707.245,grad,21264066560
4,3708.708,grad,21249270784
4,3710.396,grad,21249270784
4,3711.708,grad,21268079616
4,3713.634,grad,21244388352
4,3715.611,grad,21245471744
4,3716.915,grad,21237273600
4,3718.34,grad,21191136256
4,3719.653,grad,21186614272
4,3721.651,grad,21058362368
4,3722.963,grad,21051933696
4,3724.826,grad,21022392320
4,3726.459,grad,21022392320
4,3727.851,grad,21041266688
4,3729.392,grad,21017509888
4,3731.183,grad,21018593280
4,3732.486,grad,21014917120
4,3734.376,grad,20964257792
4,3735.683,grad,20921004032
4,3737.004,grad,20838887424
4,3738.863,grad,20838889472
4,3740.181,grad,20817715200
4,3741.825,grad,20795579392
4,3743.457,grad,20795579392
4,3744.78,grad,20814388224
4,3746.416,grad,20790696960
4,3748.368,grad,20791780352
4,3749.669,grad,20783582208
4,3751.054,grad,20737444864
4,3752.397,grad,20732922880
4,3754.412,grad,20604736512
4,3755.717,grad,20598307840
4,3757.57,grad,20568766464
4,3759.205,grad,20568766464
4,3760.512,grad,20587575296
4,3762.411,grad,20563884032
4,3764.189,grad,20564967424
4,3765.499,grad,20556834816
4,3766.986,grad,20510631936
4,3768.329,grad,20428515328
4,3769.644,grad,20377858048
4,3770.962,grad,20370515968
4,3772.299,grad,20356683776
4,3773.686,grad,20341888000
4,3775.376,grad,20341888000
4,3776.762,grad,20360762368
4,3778.343,grad,20337005568
4,3780.26,grad,20339006464
4,3781.558,grad,20329890816
4,3782.94,grad,20283753472
4,3784.286,grad,20279231488
4,3785.609,grad,20197114880
4,3787.301,grad,20150979584
4,3788.848,grad,20144550912
4,3790.684,grad,20115009536
4,3792.602,grad,20115009536
4,3793.91,grad,20133818368
4,3795.61,grad,20110127104
4,3797.38,grad,20111210496
4,3798.668,grad,20103077888
4,3800.072,grad,20056875008
4,3801.354,grad,20013555712
4,3803.153,grad,19924101120
4,3804.414,grad,19932352512
4,3806.116,grad,19888131584
4,3807.62,grad,19888131072
4,3808.913,grad,19907070976
4,3810.546,grad,19883248640
4,3812.258,grad,19884332032
4,3813.519,grad,19953794048
4,3814.812,grad,19829996544
4,3816.069,grad,19825474560
4,3817.803,grad,19697222656
4,3819.074,grad,19690728448
4,3820.649,grad,19661252608
4,3822.228,grad,19661252608
4,3823.507,grad,19680126976
4,3824.95,grad,19656370176
4,3826.639,grad,19657453568
4,3827.912,grad,19726915584
4,3829.226,grad,19603118080
4,3830.477,grad,19598596096
4,3832.192,grad,19470409728
4,3833.438,grad,19478267904
4,3835.331,grad,19434439680
4,3836.844,grad,19434439680
4,3838.124,grad,19453314048
4,3839.51,grad,19429557248
4,3841.153,grad,19430640640
4,3842.391,grad,19500102656
4,3843.677,grad,19376305152
4,3844.941,grad,19371783168
4,3846.697,grad,19243531264
4,3847.962,grad,19251717120
4,3849.639,grad,19207561216
4,3851.199,grad,19207561216
4,3852.476,grad,19226435584
4,3854.117,grad,19202678784
4,3855.811,grad,19204745216
4,3857.073,grad,19273224192
4,3858.41,grad,19149426688
4,3859.66,grad,19144904704
4,3861.404,grad,19016652800
4,3862.659,grad,19024904192
4,3864.323,grad,18980682752
4,3865.833,grad,18980682752
4,3867.093,grad,18999622656
4,3868.497,grad,18975800320
4,3870.149,grad,18976883712
4,3871.417,grad,19046345728
4,3872.708,grad,18922548224
4,3873.965,grad,18918026240
4,3875.728,grad,18789839872
4,3876.991,grad,18782952448
4,3878.818,grad,18753869824
4,3880.328,grad,18753869824
4,3881.599,grad,18772744192
4,3882.983,grad,18748987392
4,3884.762,grad,18750070784
4,3886.096,grad,18780669952
4,3887.399,grad,18656937984
4,3888.682,grad,18768807936
4,3890.459,grad,18562961408
4,3891.728,grad,18571147264
4,3893.478,grad,18526991872
4,3895.015,grad,18526991360
4,3896.345,grad,18545865728
4,3898.004,grad,18522108928
4,3899.696,grad,18523192320
4,3900.949,grad,18592654336
4,3902.313,grad,18468856832
4,3903.629,grad,18425537536
4,3905.557,grad,18336148480
4,3906.84,grad,18329654272
4,3908.57,grad,18300178432
4,3910.099,grad,18300178432
4,3911.422,grad,18319052800
4,3912.855,grad,18295296000
4,3914.548,grad,18296379392
4,3915.804,grad,18288246784
4,3917.185,grad,18242043904
4,3918.44,grad,18237521920
4,3920.171,grad,18109270016
4,3921.688,grad,18102841344
4,3923.459,grad,18073299968
4,3924.97,grad,18073299968
4,3926.274,grad,18092174336
4,3927.743,grad,18068417536
4,3929.449,grad,18070418432
4,3930.697,grad,18138962944
4,3931.989,grad,18015165440
4,3933.274,grad,17971846144
4,3935.041,grad,17882391552
4,3936.348,grad,17890642944
4,3938.0,grad,17846421504
4,3939.565,grad,17846421504
4,3940.844,grad,17865295872
4,3942.518,grad,17841539072
4,3944.218,grad,17842622464
4,3945.479,grad,17912084480
4,3946.785,grad,17788286976
4,3948.05,grad,17783764992
4,3949.847,grad,17655513088
4,3951.11,grad,17663764480
4,3952.759,grad,17619543040
4,3954.297,grad,17619543040
4,3955.591,grad,17638417408
4,3956.992,grad,17614660608
4,3958.689,grad,17615744000
4,3959.943,grad,17685206016
4,3961.298,grad,17561408512
4,3962.572,grad,17518089216
4,3964.378,grad,17428634624
4,3965.634,grad,17436492800
4,3966.894,grad,17392665088
4,3968.149,grad,17392664576
4,3969.412,grad,17422090240
4,3970.853,grad,17387290624
4,3972.112,grad,17395122176
4,3973.686,grad,17388865536
4,3974.941,grad,17380732928
4,3976.343,grad,17334530048
4,3977.629,grad,17330008064
4,3979.391,grad,17201821696
4,3980.664,grad,17210073088
4,3982.359,grad,17165851648
4,3983.901,grad,17165851648
4,3985.195,grad,17184791552
4,3986.859,grad,17160969216
4,3988.567,grad,17162052608
4,3989.813,grad,17231514624
4,3991.207,grad,17068919808
4,3992.522,grad,17103195136
4,3994.351,grad,16974943232
4,3995.614,grad,16968514560
4,3997.298,grad,16938973184
4,3998.82,grad,16938973184
4,4000.1,grad,16941070336
4,4001.503,grad,16934090752
4,4003.144,grad,16935174144
4,4004.403,grad,17004636160
4,4005.683,grad,16880838656
4,4006.976,grad,16954304512
4,4008.753,grad,16748130304
4,4010.115,grad,16755922944
4,4011.384,grad,16736393216
4,4012.651,grad,16712160256
4,4013.933,grad,16741520384
4,4015.398,grad,16706786304
4,4016.677,grad,16714650624
4,4018.193,grad,16708361216
4,4019.443,grad,16777823232
4,4020.73,grad,16654025728
4,4021.993,grad,16649503744
4,4023.881,grad,16521317376
4,4025.135,grad,16522228736
4,4026.759,grad,16478007296
4,4028.369,grad,16477745152
4,4029.629,grad,16496750592
4,4031.278,grad,16472797184
4,4032.559,grad,16462868480
4,4033.803,grad,16462868480
4,4035.042,grad,16462868480
4,4037.593,grad,16462867968
4,4038.887,grad,16462867968
4,4040.153,grad,16462867968
4,4041.408,grad,16462867968
4,4044.704,grad,16462867968
4,4045.956,grad,16462868480
4,4048.212,grad,16462867968
4,4049.517,grad,16462935552
4,4050.807,grad,16462871552
4,4052.074,grad,16462935040
4,4053.379,grad,16463328256
4,4054.622,grad,16463328256
4,4055.859,grad,16462871552
4,4057.122,grad,16462935040
4,4058.414,grad,16463328256
4,4059.659,grad,16462935040
4,4060.93,grad,16462872064
4,4062.194,grad,16463328768
4,4063.436,grad,16462870016
4,4064.673,grad,16463328256
4,4065.912,grad,16462870016
4,4067.19,grad,16463328256
4,4068.464,grad,16462870016
4,4069.709,grad,16463330304
4,4070.991,grad,16462869504
4,4072.272,grad,16463328256
4,4073.561,grad,16462869504
4,4074.805,grad,16462872064
4,4076.102,grad,16462869504
4,4077.359,grad,16463328256
4,4078.615,grad,16462870016
4,4079.854,grad,16462872064
4,4081.094,grad,16462870016
4,4082.33,grad,16463787008
4,4083.569,grad,16462870016
4,4084.829,grad,16462871552
4,4086.065,grad,16462870016
4,4087.382,grad,16463328256
4,4088.685,grad,16462870016
4,4089.934,grad,16463330304
4,4091.215,grad,16462869504
4,4092.454,grad,16463328256
4,4093.687,grad,16463328256
4,4094.945,grad,16462871552
4,4096.188,grad,16463328256
4,4097.462,grad,16464545280
4,4098.708,grad,16469066752
4,4099.985,grad,16474638336
4,4101.225,grad,16476570624
4,4102.496,grad,16482403328
4,4103.731,grad,16485516800
4,4105.036,grad,16490923008
4,4106.291,grad,16495576064
4,4107.548,grad,16499607040
4,4108.795,grad,16507110400
4,4110.038,grad,16509962240
4,4111.289,grad,16515761664
4,4112.528,grad,16520382976
4,4113.764,grad,16523462144
4,4115.026,grad,16528280064
4,4116.277,grad,16529097728
4,4117.574,grad,16533849088
4,4118.826,grad,16536471040
4,4120.094,grad,16540828672
4,4121.327,grad,16544958976
4,4122.624,grad,16546464768
4,4123.895,grad,16551282176
4,4125.177,grad,16553903104
4,4126.432,grad,16558425088
4,4127.79,grad,16562456576
4,4129.113,grad,16563930112
4,4130.489,grad,16568550400
4,4131.73,grad,16571106304
4,4132.978,grad,16574842368
4,4134.228,grad,16578447872
4,4135.476,grad,16581527040
4,4136.712,grad,16586343424
4,4137.96,grad,16589326336
4,4139.243,grad,16592929792
4,4140.538,grad,16596764672
4,4141.784,grad,16599843840
4,4143.096,grad,16604660736
4,4144.368,grad,16606627840
4,4145.655,grad,16610460672
4,4146.913,grad,16614197760
4,4148.184,grad,16617276416
4,4149.458,grad,16621406720
4,4150.745,grad,16622913024
4,4152.0,grad,16627500544
4,4153.258,grad,16630056448
4,4154.5,grad,16634349056
4,4155.752,grad,16637625344
4,4157.011,grad,16640705536
4,4158.302,grad,16640301056
4,4159.582,grad,16640339456
4,4160.84,grad,16640377344
4,4162.099,grad,16640404480
4,4163.34,grad,16640441344
4,4164.639,grad,16640475648
4,4165.878,grad,16449307136
4,4167.129,grad,16316727808
4,4168.378,grad,16345825792
4,4169.629,grad,16380002816
4,4170.884,grad,16414114304
4,4172.099,grad,16445342208
4,4173.362,grad,16478765568
4,4174.605,grad,16368861696
4,4175.866,grad,16241754624
4,4177.114,grad,16139545600
4,4183.459,grad,16139383296
4,4189.825,grad,16139391488
4,4196.202,grad,16139391488
4,4202.57,grad,16139391488
4,4207.338,grad,16139391488
4,4208.615,grad,16146868736
4,4210.617,grad,16146997760
4,4213.479,grad,16154337792
4,4214.833,grad,16163840512
4,4216.227,grad,16163840512
4,4217.494,grad,16187024896
4,4219.253,grad,16193316352
4,4220.553,grad,16239523328
4,4221.923,grad,16307746304
4,4224.186,grad,16307811840
4,4225.468,grad,16346609152
4,4226.735,grad,16392812032
4,4228.865,grad,16385472000
4,4232.397,grad,16392816128
4,4233.814,grad,16402253312
4,4235.277,grad,16402253312
4,4236.577,grad,16425437696
4,4238.214,grad,16431794688
4,4239.483,grad,16477936128
4,4240.739,grad,16623819264
4,4242.092,grad,16585021952
4,4244.248,grad,16623884800
4,4247.107,grad,16631228928
4,4248.415,grad,16640666112
4,4249.818,grad,16640666112
4,4251.097,grad,16663850496
4,4252.724,grad,16670207488
4,4253.99,grad,16716348928
4,4255.29,grad,16862232064
4,4256.627,grad,16823434752
4,4258.66,grad,16862297600
4,4261.363,grad,16869641728
4,4262.648,grad,16879078912
4,4263.993,grad,16879078912
4,4265.262,grad,16916943360
4,4266.826,grad,16908620288
4,4268.164,grad,16915964416
4,4269.429,grad,17178239488
4,4270.713,grad,17061847552
4,4272.993,grad,17100710400
4,4275.694,grad,17108054528
4,4276.958,grad,17117491712
4,4278.33,grad,17117491712
4,4279.604,grad,17155356160
4,4281.159,grad,17147033088
4,4282.414,grad,17207854592
4,4284.496,grad,17261463040
4,4286.837,grad,17339123200
4,4290.471,grad,17346467328
4,4291.778,grad,17355904512
4,4293.22,grad,17355904512
4,4294.512,grad,17393768960
4,4296.154,grad,17385445888
4,4297.458,grad,17446267392
4,4299.565,grad,17499875840
4,4301.916,grad,17577536000
4,4304.575,grad,17584880128
4,4305.84,grad,17594317312
4,4307.365,grad,17594317312
4,4308.669,grad,17632181760
4,4310.337,grad,17623858688
4,4311.636,grad,17684680192
4,4313.642,grad,17738288640
4,4315.947,grad,17815948800
4,4318.649,grad,17823292928
4,4319.922,grad,17832730112
4,4321.247,grad,17832730112
4,4322.556,grad,17870594560
4,4324.159,grad,17862271488
4,4325.439,grad,17923092992
4,4327.72,grad,17976701440
4,4330.039,grad,18054361600
4,4332.747,grad,18061705728
4,4334.008,grad,18071142912
4,4335.402,grad,18071142912
4,4336.688,grad,18109007360
4,4338.251,grad,18100684288
4,4339.517,grad,18161505792
4,4341.568,grad,18215114240
4,4343.865,grad,18292774400
4,4346.768,grad,18300118528
4,4348.07,grad,18309555712
4,4349.409,grad,18309555712
4,4350.671,grad,18347420160
4,4352.243,grad,18339097088
4,4353.552,grad,18385238528
4,4355.657,grad,18453527040
4,4357.999,grad,18531187200
4,4360.699,grad,18538531328
4,4361.971,grad,18547968512
4,4363.349,grad,18547968512
4,4364.62,grad,18563812864
4,4366.366,grad,18577509888
4,4367.651,grad,18638331392
4,4369.786,grad,18691939840
4,4372.114,grad,18769600000
4,4374.944,grad,18776944128
4,4376.226,grad,18786381312
4,4377.557,grad,18786381312
4,4378.816,grad,18824245760
4,4380.475,grad,18815922688
4,4381.735,grad,18876744192
4,4383.986,grad,18930352640
4,4386.356,grad,19008012800
4,4389.068,grad,19015356928
4,4390.351,grad,19024794112
4,4391.677,grad,19024794112
4,4392.946,grad,19047978496
4,4394.592,grad,19054335488
4,4395.846,grad,19100476928
4,4397.973,grad,19168765440
4,4400.32,grad,19246425600
4,4403.241,grad,19253769728
4,4404.52,grad,19263206912
4,4405.864,grad,19263206912
4,4407.118,grad,19301071360
4,4408.676,grad,19292748288
4,4409.976,grad,19338889728
4,4412.109,grad,19407178240
4,4414.457,grad,19484838400
4,4417.177,grad,19492182528
4,4418.45,grad,19501619712
4,4419.751,grad,19501619712
4,4421.044,grad,19517464064
4,4422.874,grad,19531161088
4,4424.131,grad,19577302528
4,4425.403,grad,19723185664
4,4426.739,grad,19684388352
4,4428.832,grad,19723251200
4,4431.552,grad,19730595328
4,4432.819,grad,19740032512
4,4434.164,grad,19740032512
4,4435.419,grad,19777896960
4,4437.021,grad,19769573888
4,4438.3,grad,19830395392
4,4440.547,grad,19884003840
4,4442.905,grad,19969004032
4,4445.576,grad,19969008128
4,4446.834,grad,19978445312
4,4448.11,grad,19978445312
4,4449.391,grad,20016309760
4,4451.021,grad,20015326720
4,4452.3,grad,20068808192
4,4454.368,grad,20122416640
4,4456.664,grad,20200076800
4,4459.563,grad,20207420928
4,4460.841,grad,20216858112
4,4462.278,grad,20216858112
4,4463.557,grad,20254722560
4,4465.171,grad,20253739520
4,4466.462,grad,20307220992
4,4468.503,grad,20360829440
4,4470.845,grad,20438489600
4,4473.633,grad,20445833728
4,4474.891,grad,20455270912
4,4476.212,grad,20455270912
4,4477.481,grad,20471115264
4,4479.212,grad,20484812288
4,4480.469,grad,20545633792
4,4482.585,grad,20599242240
4,4484.894,grad,20676902400
4,4487.581,grad,20684246528
4,4488.845,grad,20693683712
4,4490.18,grad,20693683712
4,4491.435,grad,20731548160
4,4492.987,grad,20723225088
4,4494.299,grad,20769366528
4,4496.573,grad,20837655040
4,4498.953,grad,20922655232
4,4501.605,grad,20922659328
4,4502.867,grad,20932096512
4,4504.184,grad,20932096512
4,4505.441,grad,20969960960
4,4506.977,grad,20961637888
4,4508.256,grad,21007779328
4,4510.364,grad,21076067840
4,4512.701,grad,21153728000
4,4516.388,grad,21161072128
4,4517.662,grad,21170509312
4,4518.973,grad,21170509312
4,4520.294,grad,21208373760
4,4521.806,grad,21200050688
4,4523.105,grad,21260872192
4,4525.234,grad,21314480640
4,4527.609,grad,21399480832
4,4530.359,grad,21399484928
4,4531.659,grad,21408922112
4,4533.013,grad,21408922112
4,4534.295,grad,21424766464
4,4535.999,grad,21438463488
4,4537.271,grad,21484604928
4,4539.396,grad,21552893440
4,4541.659,grad,21630553600
4,4544.366,grad,21637897728
4,4545.649,grad,21647334912
4,4546.958,grad,21647334912
4,4548.259,grad,21685199360
4,4549.803,grad,21676876288
4,4551.07,grad,21737697792
4,4553.293,grad,21791306240
4,4555.582,grad,21868966400
4,4558.319,grad,21876310528
4,4559.62,grad,21885747712
4,4560.925,grad,21885747712
4,4562.199,grad,21923612160
4,4563.701,grad,21915289088
4,4564.95,grad,21976110592
4,4567.025,grad,22029719040
4,4569.375,grad,22107379200
4,4572.212,grad,22114723328
4,4573.478,grad,22124160512
4,4574.776,grad,22124160512
4,4576.042,grad,22163073536
4,4577.773,grad,22154750464
4,4579.066,grad,22214523392
4,4581.056,grad,22268131840
4,4583.403,grad,22345792000
4,4586.019,grad,22354184704
4,4587.304,grad,22363621888
4,4588.635,grad,22363621888
4,4589.883,grad,22379466240
4,4591.665,grad,22393163264
4,4592.93,grad,22453984768
4,4595.025,grad,22546390528
4,4597.351,grad,22585253376
4,4600.031,grad,22592597504
4,4601.297,grad,22602034688
4,4602.626,grad,22602034688
4,4603.875,grad,22639899136
4,4605.517,grad,22631576064
4,4606.805,grad,22677717504
4,4608.1,grad,22823600640
4,4609.352,grad,22746006016
4,4611.437,grad,22823666176
4,4612.698,grad,23757947392
4,4613.959,grad,23757990400
4,4616.937,grad,23439190016
4,4618.221,grad,23439190528
4,4619.456,grad,23439190528
4,4620.734,grad,23439190528
4,4622.317,grad,23439192064
4,4624.052,grad,22827855360
4,4625.317,grad,22824113664
4,4626.631,grad,22780335616
4,4627.914,grad,22744356352
4,4629.839,grad,22647561728
4,4631.211,grad,22641133056
4,4632.952,grad,22611591680
4,4634.5,grad,22611591680
4,4635.746,grad,22630400512
4,4637.523,grad,22606709248
4,4639.227,grad,22608316928
4,4640.475,grad,22677254656
4,4641.759,grad,22553457152
4,4643.034,grad,22548935168
4,4644.784,grad,22420683264
4,4646.134,grad,22414254592
4,4647.914,grad,22384713728
4,4649.479,grad,22384713216
4,4650.758,grad,22403653120
4,4652.232,grad,22378782208
4,4654.072,grad,22380389888
4,4655.338,grad,22369308160
4,4656.679,grad,22325530112
4,4657.939,grad,22282210816
4,4659.199,grad,22239940096
4,4660.527,grad,22192756224
4,4661.81,grad,22186327552
4,4663.606,grad,22157834752
4,4665.252,grad,22156786176
4,4666.551,grad,22175660544
4,4668.023,grad,22151903744
4,4669.734,grad,22153511424
4,4670.977,grad,22144854528
4,4672.268,grad,22098651648
4,4673.603,grad,22062672384
4,4674.927,grad,22019353088
4,4676.273,grad,21973217792
4,4677.529,grad,21959383552
4,4679.144,grad,21929907712
4,4680.645,grad,21929907712
4,4681.901,grad,21948716544
4,4683.72,grad,21925025280
4,4685.501,grad,21926305280
4,4686.791,grad,21917976064
4,4688.243,grad,21871773184
4,4689.493,grad,21828453888
4,4691.305,grad,21738999296
4,4692.615,grad,21732570624
4,4694.379,grad,21703029248
4,4696.013,grad,21703029248
4,4697.265,grad,21721838080
4,4698.807,grad,21698146816
4,4700.657,grad,21699230208
4,4701.962,grad,21691032064
4,4703.368,grad,21644894720
4,4704.628,grad,21601575424
4,4706.545,grad,21512186368
4,4707.798,grad,21519979008
4,4709.045,grad,21508837888
4,4710.349,grad,21476216320
4,4711.635,grad,21490896384
4,4712.958,grad,21495090688
4,4714.416,grad,21471333888
4,4716.192,grad,21472417280
4,4717.449,grad,21464284672
4,4718.721,grad,21418081792
4,4719.97,grad,21382102528
4,4721.271,grad,21285307904
4,4722.536,grad,21285305856
4,4723.796,grad,21264133632
4,4725.071,grad,21249337856
4,4726.718,grad,21249337856
4,4728.303,grad,21268081152
4,4730.385,grad,21244455424
4,4732.205,grad,21245538816
4,4733.488,grad,21237340672
4,4734.8,grad,21191203328
4,4736.06,grad,21109086720
4,4737.969,grad,21058429440
4,4739.297,grad,21052000768
4,4741.03,grad,21022459392
4,4742.575,grad,21022459392
4,4743.834,grad,21041268224
4,4745.388,grad,21017576960
4,4747.102,grad,21018660352
4,4748.424,grad,21010527744
4,4749.812,grad,20964324864
4,4751.119,grad,20889548288
4,4752.385,grad,20831616512
4,4753.668,grad,20838956544
4,4754.945,grad,20832462336
4,4756.629,grad,20795646976
4,4758.238,grad,20795646464
4,4759.499,grad,20814848512
4,4761.092,grad,20790764032
4,4762.767,grad,20791847424
4,4764.037,grad,20783714816
4,4765.32,grad,20737511936
4,4766.586,grad,20708872704
4,4767.828,grad,20612076032
4,4769.24,grad,20612078080
4,4770.491,grad,20583563776
4,4771.848,grad,20568768512
4,4773.28,grad,20568768000
4,4774.531,grad,20587970048
4,4776.738,grad,20563885568
4,4778.447,grad,20564968960
4,4779.727,grad,20556836352
4,4781.124,grad,20510633472
4,4782.383,grad,20506177024
4,4784.278,grad,20377925120
4,4785.581,grad,20371496448
4,4787.388,grad,20341955072
4,4788.951,grad,20341955072
4,4790.202,grad,20360698368
4,4791.74,grad,20337072640
4,4793.515,grad,20338156032
4,4794.878,grad,20330023424
4,4796.167,grad,20283820544
4,4797.411,grad,20240501248
4,4798.648,grad,20158384640
4,4800.043,grad,20158386688
4,4801.318,grad,20144552448
4,4803.025,grad,20115077120
4,4804.635,grad,20115076608
4,4805.881,grad,20133885440
4,4807.493,grad,20110194176
4,4809.238,grad,20111277568
4,4810.566,grad,20103144960
4,4811.92,grad,20056942080
4,4813.212,grad,20013622784
4,4815.08,grad,19924233728
4,4816.411,grad,19917805056
4,4818.185,grad,19888263680
4,4819.706,grad,19888263680
4,4820.949,grad,19907072512
4,4822.716,grad,19883381248
4,4824.507,grad,19884464640
4,4825.818,grad,19876332032
4,4827.253,grad,19830129152
4,4828.524,grad,19825607168
4,4830.412,grad,19697420800
4,4831.655,grad,19705672192
4,4833.35,grad,19661450752
4,4834.884,grad,19661450752
4,4836.212,grad,19680325120
4,4837.657,grad,19656568320
4,4839.362,grad,19657651712
4,4840.636,grad,19649519104
4,4842.008,grad,19603316224
4,4843.29,grad,19559996928
4,4845.075,grad,19470607872
4,4846.386,grad,19478400512
4,4847.641,grad,19466268160
4,4849.051,grad,19434637824
4,4850.404,grad,19434637824
4,4851.66,grad,19453839872
4,4853.248,grad,19429755392
4,4855.036,grad,19430838784
4,4856.297,grad,19420281344
4,4857.572,grad,19376503296
4,4858.817,grad,19340524032
4,4860.067,grad,19289864704
4,4861.543,grad,19251069440
4,4862.814,grad,19222555136
4,4864.119,grad,19207759872
4,4865.659,grad,19207759360
4,4866.929,grad,19226961408
4,4868.749,grad,19202876928
4,4870.503,grad,19203960320
4,4871.763,grad,19193402880
4,4873.079,grad,19149624832
4,4874.364,grad,19106305536
4,4875.647,grad,19031528960
4,4877.059,grad,19024190976
4,4878.316,grad,18995676672
4,4879.594,grad,18980880896
4,4881.189,grad,18980880896
4,4882.429,grad,18999689728
4,4883.961,grad,18975998464
4,4885.662,grad,18977081856
4,4886.96,grad,18968949248
4,4888.401,grad,18922746368
4,4889.661,grad,18918224384
4,4891.57,grad,18790038016
4,4892.829,grad,18797830656
4,4894.114,grad,18787738112
4,4895.421,grad,18754067968
4,4896.676,grad,18754067968
4,4897.917,grad,18772811264
4,4899.465,grad,18749185536
4,4901.179,grad,18750268928
4,4902.527,grad,18742136320
4,4903.99,grad,18695933440
4,4905.339,grad,18652614144
4,4907.276,grad,18563159552
4,4908.646,grad,18556730880
4,4910.458,grad,18527189504
4,4912.055,grad,18527189504
4,4913.342,grad,18545998336
4,4915.146,grad,18522307072
4,4916.918,grad,18523390464
4,4918.262,grad,18515257856
4,4919.655,grad,18469054976
4,4920.9,grad,18425735680
4,4922.756,grad,18336346624
4,4924.053,grad,18329917952
4,4925.771,grad,18300376576
4,4927.45,grad,18300376576
4,4928.731,grad,18319119872
4,4930.438,grad,18295494144
4,4932.227,grad,18296577536
4,4933.532,grad,18288444928
4,4934.932,grad,18242242048
4,4936.198,grad,18237720064
4,4938.101,grad,18109861376
4,4939.385,grad,18117719552
4,4940.695,grad,18089735680
4,4941.977,grad,18073891328
4,4943.284,grad,18088571392
4,4944.593,grad,18092700160
4,4946.167,grad,18069008896
4,4947.904,grad,18070092288
4,4949.24,grad,18061959680
4,4950.637,grad,18015756800
4,4951.912,grad,17972437504
4,4953.8,grad,17882982912
4,4955.077,grad,17876554240
4,4956.848,grad,17847012864
4,4958.485,grad,17847012864
4,4959.796,grad,17866214912
4,4961.687,grad,17842130432
4,4963.472,grad,17843213824
4,4964.732,grad,17912675840
4,4966.098,grad,17788878336
4,4967.37,grad,17745559040
4,4968.612,grad,17656169984
4,4969.857,grad,17641487872
4,4971.126,grad,17634995712
4,4972.367,grad,17620199936
4,4973.978,grad,17620199936
4,4975.281,grad,17638943232
4,4976.912,grad,17615317504
4,4978.671,grad,17616400896
4,4979.911,grad,17608268288
4,4981.293,grad,17562065408
4,4982.533,grad,17518746112
4,4984.446,grad,17429357056
4,4985.939,grad,17422928384
4,4987.702,grad,17393387008
4,4989.352,grad,17393387008
4,4990.601,grad,17412130304
4,4992.2,grad,17388504576
4,4993.967,grad,17389587968
4,4995.311,grad,17381455360
4,4996.706,grad,17335252480
4,4997.948,grad,17267815936
4,4999.192,grad,17202544128
4,5000.492,grad,17209884160
4,5001.733,grad,17181369856
4,5002.977,grad,17166574080
4,5004.628,grad,17166574080
4,5005.927,grad,17185317376
4,5007.786,grad,17161691648
4,5009.596,grad,17162775040
4,5010.841,grad,17154642432
4,5012.216,grad,17108439552
4,5013.499,grad,17065120256
4,5014.757,grad,16975665664
4,5016.013,grad,16968323584
4,5017.275,grad,16954491392
4,5018.58,grad,16939695616
4,5020.188,grad,16939695616
4,5021.425,grad,16958438912
4,5023.252,grad,16934813184
4,5025.041,grad,16935896576
4,5026.333,grad,16927763968
4,5027.617,grad,16881561088
4,5028.878,grad,16852921856
4,5030.119,grad,16794922496
4,5031.429,grad,16756127232
4,5032.7,grad,16757038592
4,5034.452,grad,16712817152
4,5035.978,grad,16712817152
4,5037.279,grad,16731757056
4,5038.777,grad,16707934720
4,5040.537,grad,16709018112
4,5041.858,grad,16700819968
4,5043.259,grad,16654617088
4,5044.519,grad,16587180544
4,5045.773,grad,16521974272
4,5047.162,grad,16529314304
4,5048.418,grad,16508140032
4,5049.898,grad,16478664192
4,5051.561,grad,16478402048
4,5052.846,grad,16497341952
4,5054.796,grad,16473519616
4,5056.095,grad,16463590912
4,5057.339,grad,16463590912
4,5058.579,grad,16463590912
4,5059.943,grad,16463590400
4,5062.18,grad,16463590400
4,5063.606,grad,16463590400
4,5065.038,grad,16463590400
4,5069.292,grad,16463590400
4,5070.562,grad,16463590912
4,5072.773,grad,16463590400
4,5074.04,grad,16463657984
4,5075.337,grad,16463593984
4,5076.592,grad,16463591936
4,5077.83,grad,16464509440
4,5079.072,grad,16463657472
4,5080.362,grad,16463591936
4,5081.596,grad,16463593984
4,5082.828,grad,16464051200
4,5084.116,grad,16463591936
4,5085.405,grad,16463593984
4,5086.654,grad,16463592448
4,5087.939,grad,16464050688
4,5089.208,grad,16463592448
4,5090.447,grad,16463593984
4,5091.678,grad,16463592448
4,5092.974,grad,16464050688
4,5094.262,grad,16463592448
4,5095.523,grad,16463593984
4,5096.818,grad,16463591936
4,5098.06,grad,16464051200
4,5099.31,grad,16463592448
4,5100.59,grad,16464050688
4,5101.887,grad,16463593984
4,5103.131,grad,16463657984
4,5104.374,grad,16464051200
4,5105.68,grad,16463657472
4,5106.962,grad,16463593984
4,5108.223,grad,16463657472
4,5109.47,grad,16464050688
4,5110.706,grad,16463657472
4,5111.939,grad,16463594496
4,5113.191,grad,16463657984
4,5114.431,grad,16464050688
4,5115.721,grad,16463657472
4,5116.995,grad,16463594496
4,5118.249,grad,16463591936
4,5119.524,grad,16464051200
4,5120.762,grad,16465037824
4,5122.045,grad,16469330944
4,5123.376,grad,16473262592
4,5124.655,grad,16476899840
4,5125.916,grad,16482798080
4,5127.212,grad,16485912064
4,5128.604,grad,16490629632
4,5129.899,grad,16495742976
4,5131.189,grad,16499772416
4,5132.525,grad,16507439616
4,5133.803,grad,16510356992
4,5135.149,grad,16516090368
4,5136.428,grad,16521596928
4,5137.682,grad,16525691392
4,5138.938,grad,16529821184
4,5140.208,grad,16531327488
4,5141.509,grad,16535915008
4,5142.763,grad,16538471424
4,5144.037,grad,16542763520
4,5145.324,grad,16545974784
4,5146.593,grad,16549054976
4,5147.916,grad,16553282560
4,5149.215,grad,16555609600
4,5150.506,grad,16559507968
4,5151.823,grad,16563113984
4,5153.092,grad,16566193152
4,5154.401,grad,16571140608
4,5155.756,grad,16573107712
4,5157.066,grad,16576711680
4,5158.392,grad,16579332608
4,5159.634,grad,16583396352
4,5160.916,grad,16586541568
4,5162.187,grad,16589622272
4,5163.453,grad,16593979904
4,5164.698,grad,16596307456
4,5165.958,grad,16600140288
4,5167.234,grad,16603746304
4,5168.486,grad,16606825472
4,5169.786,grad,16611641856
4,5171.059,grad,16613608960
4,5172.32,grad,16617572864
4,5173.598,grad,16621178368
4,5174.84,grad,16624257536
4,5176.129,grad,16629074432
4,5177.408,grad,16631041536
4,5178.686,grad,16634874368
4,5179.934,grad,16638480384
4,5181.186,grad,16642017792
4,5182.421,grad,16641382400
4,5183.655,grad,16641419776
4,5184.901,grad,16641457664
4,5186.114,grad,16641483776
4,5187.384,grad,16641522176
4,5188.732,grad,16641558528
4,5189.977,grad,16453535744
4,5191.26,grad,16317351936
4,5192.506,grad,16345761792
4,5193.776,grad,16380266496
4,5195.037,grad,16414836736
4,5196.322,grad,16449013760
4,5197.594,grad,16479062016
4,5198.832,grad,16362801152
4,5200.099,grad,16234973184
4,5201.341,grad,16139411968
4,5202.579,grad,16139255808
4,5208.139,grad,16139253760
4,5214.521,grad,16139261952
4,5220.909,grad,16139261952
4,5227.279,grad,16139261952
4,5231.855,grad,16139261952
4,5233.123,grad,16146739200
4,5235.124,grad,16146868224
4,5237.948,grad,16154208256
4,5239.303,grad,16163645440
4,5240.698,grad,16163645440
4,5241.967,grad,16186829824
4,5243.784,grad,16193186816
4,5245.06,grad,16239328256
4,5247.222,grad,16307616768
4,5248.496,grad,16446094336
4,5250.114,grad,16392616960
4,5252.764,grad,16392621056
4,5254.045,grad,16402058240
4,5255.461,grad,16402058240
4,5256.744,grad,16439922688
4,5258.284,grad,16431599616
4,5259.541,grad,16477741056
4,5261.645,grad,16546029568
4,5263.949,grad,16623689728
4,5266.886,grad,16631033856
4,5268.188,grad,16640471040
4,5269.568,grad,16640471040
4,5270.857,grad,16678335488
4,5272.431,grad,16670012416
4,5273.694,grad,16716153856
4,5275.795,grad,16784442368
4,5278.147,grad,16862102528
4,5280.932,grad,16869446656
4,5282.236,grad,16878883840
4,5283.644,grad,16878883840
4,5284.978,grad,16902068224
4,5286.692,grad,16908425216
4,5287.993,grad,16915769344
4,5289.279,grad,17178044416
4,5290.574,grad,17061652480
4,5292.888,grad,17107855360
4,5295.591,grad,17107859456
4,5296.891,grad,17117296640
4,5298.288,grad,17117296640
4,5299.552,grad,17155161088
4,5301.196,grad,17146838016
4,5302.471,grad,17192979456
4,5304.624,grad,17261267968
4,5307.178,grad,17346272256
4,5309.925,grad,17346272256
4,5311.235,grad,17355709440
4,5312.613,grad,17355709440
4,5313.878,grad,17393573888
4,5315.449,grad,17385250816
4,5316.716,grad,17431392256
4,5318.835,grad,17538478080
4,5321.135,grad,17577340928
4,5323.84,grad,17584685056
4,5325.145,grad,17594122240
4,5327.45,grad,17594122240
4,5328.724,grad,17631986688
4,5330.36,grad,17623663616
4,5331.644,grad,17684485120
4,5333.673,grad,17738093568
4,5335.961,grad,17815753728
4,5338.671,grad,17823097856
4,5339.939,grad,17832535040
4,5341.278,grad,17832535040
4,5342.541,grad,17870399488
4,5344.148,grad,17862076416
4,5345.407,grad,17922897920
4,5347.655,grad,17976506368
4,5350.012,grad,18054166528
4,5352.765,grad,18061510656
4,5354.049,grad,18070947840
4,5355.345,grad,18070947840
4,5356.611,grad,18108812288
4,5358.265,grad,18107829248
4,5359.532,grad,18161310720
4,5361.578,grad,18214919168
4,5363.926,grad,18299919360
4,5366.769,grad,18299923456
4,5368.059,grad,18309360640
4,5369.379,grad,18309360640
4,5370.664,grad,18347225088
4,5372.255,grad,18338902016
4,5373.526,grad,18399723520
4,5375.608,grad,18453331968
4,5377.931,grad,18530992128
4,5380.629,grad,18538336256
4,5381.896,grad,18547773440
4,5383.265,grad,18547773440
4,5384.529,grad,18563617792
4,5386.33,grad,18577314816
4,5387.6,grad,18638136320
4,5389.733,grad,18730542080
4,5392.078,grad,18776744960
4,5394.854,grad,18776749056
4,5396.148,grad,18786186240
4,5397.538,grad,18786186240
4,5398.805,grad,18824050688
4,5400.438,grad,18815727616
4,5401.715,grad,18876549120
4,5403.924,grad,18930157568
4,5406.221,grad,19007817728
4,5409.008,grad,19015161856
4,5410.288,grad,19024599040
4,5411.68,grad,19024599040
4,5412.934,grad,19062463488
4,5414.466,grad,19054140416
4,5415.736,grad,19114961920
4,5417.786,grad,19168570368
4,5420.094,grad,19246230528
4,5422.931,grad,19253574656
4,5424.213,grad,19263011840
4,5425.542,grad,19263011840
4,5426.816,grad,19300876288
4,5428.424,grad,19299893248
4,5429.716,grad,19353374720
4,5431.701,grad,19406983168
4,5434.058,grad,19484643328
4,5436.722,grad,19491987456
4,5437.991,grad,19501424640
4,5439.346,grad,19501424640
4,5440.605,grad,19517268992
4,5442.329,grad,19530966016
4,5443.601,grad,19591787520
4,5445.66,grad,19645395968
4,5447.956,grad,19723056128
4,5450.647,grad,19730400256
4,5451.913,grad,19739837440
4,5453.287,grad,19739837440
4,5454.568,grad,19777701888
4,5456.155,grad,19769378816
4,5457.446,grad,19830200320
4,5459.636,grad,19883808768
4,5462.218,grad,19968808960
4,5464.882,grad,19968813056
4,5466.142,grad,19978250240
4,5467.492,grad,19978250240
4,5468.764,grad,20016114688
4,5470.472,grad,20007791616
4,5471.754,grad,20068613120
4,5473.778,grad,20122221568
4,5476.098,grad,20199881728
4,5478.89,grad,20207225856
4,5480.108,grad,20216663040
4,5481.514,grad,20216663040
4,5482.795,grad,20254527488
4,5484.317,grad,20246204416
4,5485.569,grad,20307025920
4,5487.607,grad,20360634368
4,5489.936,grad,20438294528
4,5492.579,grad,20445638656
4,5493.853,grad,20455075840
4,5495.289,grad,20455075840
4,5496.58,grad,20470920192
4,5498.467,grad,20484617216
4,5499.739,grad,20545438720
4,5501.869,grad,20599047168
4,5504.254,grad,20676707328
4,5506.936,grad,20684051456
4,5508.235,grad,20693488640
4,5509.559,grad,20693488640
4,5510.815,grad,20731353088
4,5512.468,grad,20723030016
4,5513.723,grad,20783851520
4,5515.947,grad,20837459968
4,5518.287,grad,20915120128
4,5521.007,grad,20922464256
4,5522.283,grad,20931901440
4,5523.609,grad,20931901440
4,5524.86,grad,20969765888
4,5526.549,grad,20961442816
4,5527.832,grad,21022264320
4,5529.913,grad,21075872768
4,5532.293,grad,21160872960
4,5535.162,grad,21160877056
4,5536.42,grad,21170314240
4,5537.711,grad,21170314240
4,5538.982,grad,21208178688
4,5540.571,grad,21199855616
4,5541.854,grad,21245997056
4,5543.941,grad,21314285568
4,5546.288,grad,21391945728
4,5548.965,grad,21399289856
4,5550.26,grad,21408727040
4,5551.587,grad,21408727040
4,5552.86,grad,21417116160
4,5554.127,grad,21461337088
4,5555.47,grad,21438268416
4,5556.723,grad,21499089920
4,5558.835,grad,21552698368
4,5561.179,grad,21630358528
4,5563.85,grad,21637702656
4,5565.105,grad,21647139840
4,5566.421,grad,21647139840
4,5567.702,grad,21685004288
4,5569.301,grad,21676681216
4,5570.639,grad,21722822656
4,5572.921,grad,21791111168
4,5575.347,grad,21868771328
4,5577.995,grad,21876115456
4,5579.275,grad,21885552640
4,5580.58,grad,21885552640
4,5581.841,grad,21923417088
4,5583.427,grad,21915094016
4,5584.691,grad,21975915520
4,5586.702,grad,22029523968
4,5589.019,grad,22107184128
4,5591.888,grad,22114528256
4,5593.152,grad,22123965440
4,5594.52,grad,22123965440
4,5595.771,grad,22147149824
4,5597.436,grad,22153506816
4,5598.712,grad,22199648256
4,5600.835,grad,22267936768
4,5603.285,grad,22345596928
4,5605.984,grad,22352941056
4,5607.246,grad,22362378240
4,5608.618,grad,22362378240
4,5609.929,grad,22378222592
4,5611.733,grad,22391919616
4,5613.01,grad,22452741120
4,5615.095,grad,22506349568
4,5617.408,grad,22584009728
4,5620.156,grad,22591353856
4,5621.427,grad,22600791040
4,5622.745,grad,22600791040
4,5624.006,grad,22638655488
4,5625.558,grad,22630332416
4,5626.81,grad,22691153920
4,5629.042,grad,22744762368
4,5631.19,grad,22829762560
4,5632.445,grad,23756712448
4,5633.718,grad,23756729344
4,5636.456,grad,23749373440
4,5637.712,grad,23437946880
4,5638.957,grad,23437946880
4,5640.236,grad,23437946880
4,5641.572,grad,23437948416
4,5643.36,grad,22826611712
4,5644.603,grad,22825294848
4,5645.839,grad,22779091968
4,5647.076,grad,22743112704
4,5648.324,grad,22660996096
4,5649.669,grad,22653658112
4,5650.934,grad,22625143808
4,5652.32,grad,22610348032
4,5653.94,grad,22610348032
4,5655.269,grad,22629222400
4,5656.933,grad,22605465600
4,5658.675,grad,22607073280
4,5659.935,grad,22676011008
4,5661.314,grad,22552213504
4,5662.653,grad,22508894208
4,5664.573,grad,22419439616
4,5665.834,grad,22413010944
4,5667.58,grad,22383470080
4,5669.16,grad,22383469568
4,5670.487,grad,22402343936
4,5671.902,grad,22378587136
4,5673.693,grad,22380194816
4,5674.998,grad,22369113088
4,5676.436,grad,22325335040
4,5677.857,grad,22289421312
4,5679.147,grad,22246036480
4,5680.431,grad,22192561152
4,5681.96,grad,22185673728
4,5683.28,grad,22197658624
4,5684.633,grad,22156591616
4,5686.196,grad,22156591104
4,5687.466,grad,22175399936
4,5689.046,grad,22151708672
4,5690.821,grad,22153316352
4,5692.144,grad,22144659456
4,5693.652,grad,22098456576
4,5694.96,grad,22093934592
4,5696.843,grad,21965682688
4,5698.193,grad,21959254016
4,5700.021,grad,21929712640
4,5701.63,grad,21929712640
4,5702.88,grad,21947997184
4,5704.84,grad,21924830208
4,5706.605,grad,21926437888
4,5707.899,grad,21917780992
4,5709.298,grad,21871578112
4,5710.556,grad,21828258816
4,5712.395,grad,21738804224
4,5713.711,grad,21732375552
4,5715.44,grad,21702834176
4,5716.997,grad,21702834176
4,5718.257,grad,21721643008
4,5719.752,grad,21697951744
4,5721.464,grad,21700083712
4,5722.754,grad,21690902528
4,5724.255,grad,21644699648
4,5725.513,grad,21601380352
4,5727.317,grad,21511925760
4,5728.816,grad,21505497088
4,5730.596,grad,21475956224
4,5732.116,grad,21475955712
4,5733.415,grad,21494699008
4,5734.982,grad,21471073280
4,5736.662,grad,21472156672
4,5737.902,grad,21464024064
4,5739.297,grad,21417821184
4,5740.565,grad,21374501888
4,5742.374,grad,21285309440
4,5743.674,grad,21278880768
4,5745.461,grad,21249339904
4,5746.94,grad,21249339392
4,5748.279,grad,21268213760
4,5749.923,grad,21244456960
4,5751.629,grad,21245540352
4,5752.921,grad,21237407744
4,5754.177,grad,21191204864
4,5755.43,grad,21147885568
4,5756.693,grad,21058428928
4,5758.107,grad,21065771008
4,5759.397,grad,21044596736
4,5760.895,grad,21022460928
4,5762.454,grad,21022460928
4,5763.738,grad,21041204224
4,5764.995,grad,21017562112
4,5766.252,grad,21024951296
4,5767.726,grad,21018661888
4,5768.978,grad,21010529280
4,5770.416,grad,20964326400
4,5771.663,grad,20959869952
4,5773.531,grad,20831618048
4,5775.066,grad,20825189376
4,5776.789,grad,20795648000
4,5778.41,grad,20795648000
4,5779.703,grad,20814456832
4,5781.245,grad,20790765568
4,5783.155,grad,20791848960
4,5784.437,grad,20783650816
4,5785.729,grad,20737513472
4,5786.975,grad,20732991488
4,5788.834,grad,20604805120
4,5790.096,grad,20598376448
4,5791.784,grad,20568835072
4,5793.413,grad,20568835072
4,5794.727,grad,20587578368
4,5796.578,grad,20563952640
4,5798.413,grad,20565036032
4,5799.659,grad,20556837888
4,5800.917,grad,20471903232
4,5802.168,grad,20506178560
4,5803.947,grad,20377926656
4,5805.25,grad,20371497984
4,5806.965,grad,20341956608
4,5808.519,grad,20341956608
4,5809.767,grad,20361158656
4,5811.416,grad,20337074176
4,5813.129,grad,20339075072
4,5814.452,grad,20330024960
4,5815.837,grad,20283822080
4,5817.104,grad,20279300096
4,5818.804,grad,20151048192
4,5820.056,grad,20151042048
4,5821.342,grad,20150247424
4,5822.627,grad,20115078656
4,5824.183,grad,20115078144
4,5825.474,grad,20133952512
4,5826.942,grad,20110195712
4,5828.601,grad,20111279104
4,5829.848,grad,20180741120
4,5831.22,grad,20056943616
4,5832.474,grad,20052421632
4,5834.418,grad,19924169728
4,5835.682,grad,19932421120
4,5837.378,grad,19888199680
4,5838.919,grad,19888199680
4,5840.191,grad,19906942976
4,5842.054,grad,19883317248
4,5843.793,grad,19884400640
4,5845.067,grad,19876268032
4,5846.437,grad,19830065152
4,5847.686,grad,19825543168
4,5849.531,grad,19697291264
4,5850.776,grad,19705542656
4,5852.479,grad,19661321728
4,5854.035,grad,19661321216
4,5855.36,grad,19680064512
4,5856.976,grad,19656438784
4,5858.7,grad,19657522176
4,5859.962,grad,19726984192
4,5861.328,grad,19603186688
4,5862.581,grad,19559867392
4,5864.493,grad,19470478336
4,5865.737,grad,19478336512
4,5866.999,grad,19441849344
4,5868.256,grad,19434508288
4,5869.612,grad,19463868416
4,5870.967,grad,19453382656
4,5872.509,grad,19429625856
4,5874.367,grad,19430709248
4,5875.684,grad,19422576640
4,5877.095,grad,19376373760
4,5878.376,grad,19333054464
4,5880.272,grad,19243599872
4,5881.538,grad,19237171200
4,5883.306,grad,19207629824
4,5884.944,grad,19207629824
4,5886.271,grad,19226373120
4,5888.313,grad,19202747392
4,5890.04,grad,19204813824
4,5891.408,grad,19195698176
4,5892.705,grad,19149495296
4,5893.966,grad,19120856064
4,5895.245,grad,19062856704
4,5896.544,grad,19024061440
4,5897.842,grad,19024972800
4,5899.736,grad,18980751360
4,5901.434,grad,18980751360
4,5902.796,grad,18999494656
4,5904.707,grad,18975868928
4,5906.689,grad,18976952320
4,5907.948,grad,18966394880
4,5909.429,grad,18922616832
4,5910.685,grad,18886703104
4,5911.961,grad,18843449344
4,5913.387,grad,18789908480
4,5914.648,grad,18797242368
4,5915.921,grad,18788190208
4,5917.363,grad,18753938944
4,5918.866,grad,18753938432
4,5920.216,grad,18772681728
4,5921.911,grad,18749056000
4,5923.818,grad,18750139392
4,5925.089,grad,18739581952
4,5926.395,grad,18695803904
4,5927.656,grad,18659824640
4,5928.904,grad,18623845376
4,5930.141,grad,18563030016
4,5931.422,grad,18556601344
4,5933.369,grad,18527059968
4,5935.054,grad,18527059968
4,5936.313,grad,18545344512
4,5938.543,grad,18522177536
4,5940.556,grad,18523260928
4,5941.81,grad,18515062784
4,5943.103,grad,18468925440
4,5944.358,grad,18425606144
4,5945.601,grad,18336217088
4,5946.883,grad,18343557120
4,5948.142,grad,18315042816
4,5949.44,grad,18300247040
4,5951.037,grad,18300247040
4,5952.33,grad,18318990336
4,5953.995,grad,18295364608
4,5955.839,grad,18296448000
4,5957.147,grad,18288315392
4,5958.525,grad,18242112512
4,5959.773,grad,18198793216
4,5961.631,grad,18109338624
4,5962.905,grad,18117131264
4,5964.176,grad,18108873728
4,5965.55,grad,18073368576
4,5966.806,grad,18088048640
4,5968.064,grad,18092177408
4,5969.621,grad,18068486144
4,5971.356,grad,18070487040
4,5972.644,grad,18061436928
4,5974.048,grad,18015234048
4,5975.309,grad,17979254784
4,5976.553,grad,17889798144
4,5977.885,grad,17889800192
4,5979.14,grad,17861285888
4,5980.422,grad,17846490112
4,5981.968,grad,17846490112
4,5983.301,grad,17865233408
4,5985.297,grad,17841607680
4,5987.026,grad,17842691072
4,5988.362,grad,17834558464
4,5989.753,grad,17788355584
4,5990.998,grad,17745036288
4,5992.824,grad,17655581696
4,5994.096,grad,17649153024
4,5995.896,grad,17619611648
4,5997.511,grad,17619611648
4,5998.819,grad,17638813696
4,6000.45,grad,17614729216
4,6002.195,grad,17615812608
4,6003.496,grad,17607680000
4,6004.85,grad,17561477120
4,6006.1,grad,17487093760
4,6007.34,grad,17428703232
4,6008.644,grad,17436043264
4,6009.918,grad,17429549056
4,6011.51,grad,17392733696
4,6013.047,grad,17392733184
4,6014.353,grad,17411542016
4,6016.044,grad,17387850752
4,6017.838,grad,17388934144
4,6019.19,grad,17380801536
4,6020.612,grad,17334598656
4,6021.856,grad,17330076672
4,6023.746,grad,17201890304
4,6025.075,grad,17195461632
4,6027.005,grad,17165920256
4,6028.641,grad,17165920256
4,6029.899,grad,17184270336
4,6031.908,grad,17161037824
4,6033.781,grad,17162121216
4,6035.04,grad,17153923072
4,6036.406,grad,17107785728
4,6037.671,grad,17103263744
4,6039.521,grad,16975011840
4,6040.776,grad,16983263232
4,6042.457,grad,16939041792
4,6044.036,grad,16939041792
4,6045.351,grad,16957850624
4,6047.116,grad,16934159360
4,6048.851,grad,16935242752
4,6050.106,grad,16927110144
4,6051.51,grad,16880907264
4,6052.759,grad,16837587968
4,6054.617,grad,16748198912
4,6056.136,grad,16741311488
4,6058.024,grad,16712228864
4,6059.629,grad,16712228864
4,6060.94,grad,16731168768
4,6062.445,grad,16707346432
4,6064.168,grad,16708429824
4,6065.502,grad,16700297216
4,6066.809,grad,16654094336
4,6068.07,grad,16610775040
4,6069.358,grad,16536064000
4,6070.795,grad,16528726016
4,6072.042,grad,16492871680
4,6073.345,grad,16478075904
4,6074.961,grad,16477813760
4,6076.265,grad,16496622592
4,6078.309,grad,16472931328
4,6079.591,grad,16463002624
4,6080.849,grad,16463002624
4,6082.091,grad,16463002624
4,6083.811,grad,16463002112
4,6086.013,grad,16463002112
4,6087.429,grad,16463002112
4,6088.738,grad,16463002112
4,6090.025,grad,16463002112
4,6093.467,grad,16463002112
4,6094.804,grad,16463002112
4,6097.186,grad,16463002112
4,6098.448,grad,16463527936
4,6099.701,grad,16463004160
4,6100.959,grad,16463462912
4,6102.228,grad,16463003648
4,6103.472,grad,16463004160
4,6104.718,grad,16463006208
4,6106.008,grad,16463462400
4,6107.294,grad,16463069696
4,6108.555,grad,16463006208
4,6109.836,grad,16463005696
4,6111.142,grad,16463462400
4,6112.393,grad,16463004160
4,6113.67,grad,16463005696
4,6114.952,grad,16463069696
4,6116.253,grad,16463462400
4,6117.624,grad,16463069696
4,6118.936,grad,16463069184
4,6120.35,grad,16463005696
4,6121.793,grad,16463462400
4,6123.13,grad,16463003648
4,6124.44,grad,16463005696
4,6125.696,grad,16463462912
4,6127.012,grad,16463003648
4,6128.284,grad,16463004160
4,6129.558,grad,16463006208
4,6130.878,grad,16463462400
4,6132.143,grad,16463069184
4,6133.441,grad,16463005696
4,6134.686,grad,16463527936
4,6135.969,grad,16463003648
4,6137.24,grad,16463005696
4,6138.539,grad,16463004160
4,6139.782,grad,16463921152
4,6141.036,grad,16463069696
4,6142.312,grad,16463005696
4,6143.562,grad,16463462912
4,6144.83,grad,16463004160
4,6146.109,grad,16463006208
4,6147.372,grad,16463006208
4,6148.621,grad,16463462912
4,6149.937,grad,16464220160
4,6151.208,grad,16467824640
4,6152.459,grad,16470774272
4,6153.752,grad,16475492352
4,6154.997,grad,16478441984
4,6156.267,grad,16483618816
4,6157.532,grad,16487878656
4,6158.891,grad,16491515904
4,6160.212,grad,16498627072
4,6161.517,grad,16499446272
4,6162.787,grad,16506884608
4,6164.076,grad,16510391296
4,6165.348,grad,16515665920
4,6166.611,grad,16519303168
4,6167.867,grad,16524382720
4,6169.193,grad,16527527936
4,6170.455,grad,16530608640
4,6171.759,grad,16535195648
4,6173.048,grad,16535949312
4,6174.399,grad,16540733440
4,6175.695,grad,16543290368
4,6176.999,grad,16546893824
4,6178.329,grad,16550499328
4,6179.627,grad,16553578496
4,6180.908,grad,16559182848
4,6182.197,grad,16560230400
4,6183.466,grad,16564818432
4,6184.735,grad,16567145984
4,6185.976,grad,16570978304
4,6187.253,grad,16574582784
4,6188.536,grad,16577433600
4,6189.78,grad,16581924352
4,6191.096,grad,16583430144
4,6192.507,grad,16588017664
4,6193.804,grad,16590573568
4,6195.065,grad,16593948672
4,6196.39,grad,16596570112
4,6197.671,grad,16600633344
4,6198.93,grad,16603910144
4,6200.206,grad,16606990336
4,6201.471,grad,16611578368
4,6202.713,grad,16613545472
4,6203.983,grad,16617377792
4,6205.239,grad,16619770368
4,6206.507,grad,16623833088
4,6207.814,grad,16628323328
4,6209.09,grad,16630255616
4,6210.388,grad,16634417152
4,6211.666,grad,16636973056
4,6212.94,grad,16641036288
4,6214.21,grad,16641305600
4,6215.452,grad,16641342464
4,6216.697,grad,16641379840
4,6217.97,grad,16641404928
4,6219.241,grad,16641439744
4,6220.497,grad,16641476096
4,6221.736,grad,16582184448
4,6222.994,grad,16386035200
4,6224.267,grad,16323251712
4,6225.544,grad,16357166592
4,6226.792,grad,16389017088
4,6228.064,grad,16421686784
4,6229.339,grad,16454159872
4,6230.593,grad,16466677248
4,6231.839,grad,16346320384
4,6233.114,grad,16212594176
4,6234.374,grad,16139590144
4,6240.719,grad,16139451904
4,6247.109,grad,16139460096
4,6253.471,grad,16139460096
4,6259.834,grad,16139460096
4,6265.012,grad,16139460096
4,6266.278,grad,16146937344
4,6268.353,grad,16147066368
4,6271.188,grad,16154471936
4,6272.519,grad,16163909120
4,6273.917,grad,16163909120
4,6275.206,grad,16187093504
4,6276.903,grad,16193450496
4,6278.118,grad,16239591936
4,6279.374,grad,16346677760
4,6280.742,grad,16346677760
4,6283.098,grad,16385540608
4,6285.867,grad,16392884736
4,6287.119,grad,16402321920
4,6288.476,grad,16402321920
4,6289.782,grad,16425506304
4,6291.483,grad,16431863296
4,6292.732,grad,16492684800
4,6294.857,grad,16546293248
4,6296.136,grad,16623953408
4,6297.448,grad,16623953408
4,6300.223,grad,16631297536
4,6301.513,grad,16640734720
4,6303.069,grad,16640734720
4,6304.346,grad,16678599168
4,6305.981,grad,16670276096
4,6307.28,grad,16716417536
4,6308.531,grad,16862300672
4,6309.899,grad,16823503360
4,6311.996,grad,16862366208
4,6314.718,grad,16869710336
4,6316.019,grad,16879147520
4,6317.394,grad,16879147520
4,6318.656,grad,16902331904
4,6320.3,grad,16908688896
4,6321.557,grad,16954830336
4,6322.814,grad,17100713472
4,6324.125,grad,17061916160
4,6326.556,grad,17100779008
4,6329.312,grad,17108123136
4,6330.59,grad,17117560320
4,6331.913,grad,17117560320
4,6333.175,grad,17140744704
4,6334.881,grad,17147101696
4,6336.153,grad,17193243136
4,6337.444,grad,17300328960
4,6338.803,grad,17300328960
4,6340.877,grad,17339191808
4,6343.731,grad,17346535936
4,6345.0,grad,17355973120
4,6346.353,grad,17355973120
4,6347.61,grad,17393837568
4,6349.219,grad,17385514496
4,6350.475,grad,17431655936
4,6352.596,grad,17499944448
4,6354.999,grad,17577604608
4,6357.726,grad,17584948736
4,6358.978,grad,17594385920
4,6360.304,grad,17594385920
4,6361.59,grad,17617570304
4,6363.375,grad,17623927296
4,6364.671,grad,17670068736
4,6366.912,grad,17738357248
4,6369.349,grad,17816017408
4,6372.124,grad,17823361536
4,6373.429,grad,17832798720
4,6374.796,grad,17832798720
4,6376.074,grad,17855983104
4,6377.782,grad,17862340096
4,6379.066,grad,17908481536
4,6381.215,grad,17976770048
4,6384.659,grad,18061770240
4,6387.378,grad,18061774336
4,6388.641,grad,18071211520
4,6390.011,grad,18071211520
4,6391.278,grad,18109075968
4,6392.902,grad,18100752896
4,6394.108,grad,18146894336
4,6396.294,grad,18215182848
4,6398.693,grad,18292843008
4,6401.409,grad,18300187136
4,6402.849,grad,18309624320
4,6404.219,grad,18309624320
4,6405.468,grad,18347488768
4,6407.114,grad,18339165696
4,6408.415,grad,18385307136
4,6410.568,grad,18492392960
4,6412.883,grad,18538595840
4,6415.589,grad,18538599936
4,6416.848,grad,18548037120
4,6418.269,grad,18548037120
4,6419.545,grad,18585901568
4,6421.145,grad,18577578496
4,6422.431,grad,18584922624
4,6423.686,grad,18847197696
4,6424.969,grad,18730805760
4,6427.271,grad,18769668608
4,6429.946,grad,18777012736
4,6431.233,grad,18786449920
4,6432.531,grad,18786449920
4,6433.784,grad,18824314368
4,6435.409,grad,18815991296
4,6436.662,grad,18876812800
4,6438.805,grad,18930421248
4,6441.306,grad,19008081408
4,6444.013,grad,19015425536
4,6445.28,grad,19024862720
4,6446.636,grad,19024862720
4,6447.882,grad,19048047104
4,6449.57,grad,19054404096
4,6450.832,grad,19115225600
4,6452.919,grad,19168834048
4,6455.268,grad,19246494208
4,6458.023,grad,19253838336
4,6459.4,grad,19263275520
4,6460.777,grad,19263275520
4,6462.039,grad,19301139968
4,6463.632,grad,19292816896
4,6464.913,grad,19338958336
4,6466.168,grad,19446044160
4,6467.449,grad,19446044160
4,6469.693,grad,19484907008
4,6472.423,grad,19492251136
4,6473.682,grad,19501688320
4,6475.055,grad,19501688320
4,6476.362,grad,19524872704
4,6478.059,grad,19531229696
4,6479.511,grad,19577371136
4,6480.779,grad,19723254272
4,6482.047,grad,19684456960
4,6484.326,grad,19723319808
4,6487.055,grad,19730663936
4,6488.315,grad,19740101120
4,6489.688,grad,19740101120
4,6490.97,grad,19763285504
4,6492.605,grad,19769642496
4,6493.883,grad,19815783936
4,6495.109,grad,19922869760
4,6496.496,grad,19922869760
4,6498.861,grad,19961732608
4,6501.564,grad,19969076736
4,6502.882,grad,19978513920
4,6504.258,grad,19978513920
4,6505.517,grad,20016378368
4,6507.195,grad,20008055296
4,6508.444,grad,20054196736
4,6510.588,grad,20122485248
4,6512.909,grad,20200145408
4,6515.623,grad,20207489536
4,6517.024,grad,20216926720
4,6518.433,grad,20216926720
4,6519.683,grad,20254791168
4,6521.289,grad,20246468096
4,6522.58,grad,20292609536
4,6524.713,grad,20360898048
4,6525.97,grad,20445898240
4,6527.362,grad,20438558208
4,6530.195,grad,20445902336
4,6531.454,grad,20455339520
4,6532.826,grad,20455339520
4,6534.199,grad,20478523904
4,6536.0,grad,20484880896
4,6537.274,grad,20531022336
4,6538.522,grad,20676905472
4,6539.787,grad,20638108160
4,6542.073,grad,20676971008
4,6544.805,grad,20684315136
4,6546.059,grad,20693752320
4,6547.408,grad,20693752320
4,6548.661,grad,20716936704
4,6550.386,grad,20723293696
4,6551.67,grad,20769435136
4,6552.916,grad,20915318272
4,6554.272,grad,20876520960
4,6556.518,grad,20915383808
4,6559.341,grad,20922727936
4,6560.752,grad,20932165120
4,6562.191,grad,20932165120
4,6563.478,grad,20955349504
4,6565.164,grad,20961706496
4,6566.453,grad,21007847936
4,6567.695,grad,21114933760
4,6568.955,grad,21114933760
4,6571.359,grad,21153796608
4,6574.199,grad,21161140736
4,6575.671,grad,21170577920
4,6577.051,grad,21170577920
4,6578.321,grad,21193762304
4,6580.051,grad,21200119296
4,6581.336,grad,21260940800
4,6583.529,grad,21314549248
4,6584.793,grad,21392209408
4,6586.157,grad,21392209408
4,6589.016,grad,21399553536
4,6590.282,grad,21408990720
4,6591.683,grad,21408990720
4,6592.94,grad,21432175104
4,6594.92,grad,21438532096
4,6596.232,grad,21484673536
4,6597.498,grad,21630556672
4,6598.767,grad,21591759360
4,6601.012,grad,21630622208
4,6603.779,grad,21637966336
4,6605.046,grad,21647403520
4,6606.44,grad,21647403520
4,6607.711,grad,21670587904
4,6609.487,grad,21676944896
4,6610.775,grad,21723086336
4,6612.034,grad,21868969472
4,6613.286,grad,21830172160
4,6616.556,grad,21869035008
4,6619.367,grad,21876379136
4,6620.626,grad,21885816320
4,6622.036,grad,21885816320
4,6623.349,grad,21909000704
4,6625.045,grad,21915357696
4,6626.309,grad,21976179200
4,6628.468,grad,22029787648
4,6629.757,grad,22107447808
4,6631.146,grad,22107447808
4,6633.848,grad,22114791936
4,6635.265,grad,22124229120
4,6636.63,grad,22124229120
4,6637.906,grad,22163142144
4,6639.535,grad,22154819072
4,6640.814,grad,22200960512
4,6642.096,grad,22308046336
4,6643.495,grad,22308046336
4,6645.601,grad,22346909184
4,6648.297,grad,22354253312
4,6649.589,grad,22363690496
4,6650.966,grad,22363690496
4,6652.264,grad,22401554944
4,6654.033,grad,22393231872
4,6655.346,grad,22439373312
4,6657.497,grad,22507661824
4,6659.882,grad,22585321984
4,6662.631,grad,22592666112
4,6663.895,grad,22602103296
4,6665.218,grad,22602103296
4,6666.506,grad,22625287680
4,6668.108,grad,22631644672
4,6669.361,grad,22677786112
4,6670.622,grad,22823669248
4,6671.898,grad,22784871936
4,6674.234,grad,22823734784
4,6675.539,grad,23135161856
4,6676.799,grad,23758053888
4,6679.731,grad,23750685696
4,6681.005,grad,23439259136
4,6682.292,grad,23439259136
4,6683.547,grad,23439259136
4,6684.886,grad,23439260672
4,6686.628,grad,22827923968
4,6687.925,grad,22826607104
4,6689.376,grad,22780404224
4,6690.64,grad,22705627648
4,6691.909,grad,22647630336
4,6693.26,grad,22654970368
4,6694.524,grad,22626456064
4,6695.8,grad,22611660288
4,6697.407,grad,22611660288
4,6698.722,grad,22630534656
4,6700.19,grad,22606777856
4,6701.452,grad,22604189184
4,6702.815,grad,22608385536
4,6704.109,grad,22553525760
4,6705.367,grad,22592323072
4,6706.638,grad,22473899520
4,6708.171,grad,22420751872
4,6709.443,grad,22414323200
4,6711.3,grad,22384781824
4,6712.869,grad,22384781824
4,6714.154,grad,22403983872
4,6715.763,grad,22379899392
4,6717.472,grad,22381507072
4,6718.727,grad,22450444800
4,6720.035,grad,22326647296
4,6721.31,grad,22259210752
4,6723.223,grad,22193873408
4,6724.758,grad,22187444736
4,6726.58,grad,22156854784
4,6728.128,grad,22156854784
4,6729.438,grad,22176777728
4,6730.976,grad,22151972352
4,6732.694,grad,22153580032
4,6733.945,grad,22222517760
4,6735.31,grad,22098720256
4,6736.565,grad,22055400960
4,6738.376,grad,21965946368
4,6739.652,grad,21974197760
4,6741.44,grad,21929976320
4,6742.989,grad,21929976320
4,6744.31,grad,21948850688
4,6746.012,grad,21925093888
4,6747.69,grad,21926177280
4,6748.941,grad,21918044672
4,6750.315,grad,21871841792
4,6751.585,grad,21804405248
4,6753.452,grad,21739067904
4,6754.712,grad,21747319296
4,6756.401,grad,21703097856
4,6757.937,grad,21703097856
4,6759.24,grad,21721972224
4,6760.676,grad,21698215424
4,6762.517,grad,21700347392
4,6763.775,grad,21691100672
4,6765.045,grad,21644963328
4,6766.311,grad,21640441344
4,6768.037,grad,21512189440
4,6769.585,grad,21520440832
4,6771.347,grad,21476219392
4,6772.877,grad,21476219392
4,6774.147,grad,21495093760
4,6775.567,grad,21471336960
4,6777.293,grad,21472420352
4,6778.54,grad,21464287744
4,6779.897,grad,21418084864
4,6781.109,grad,21343308288
4,6783.016,grad,21285376512
4,6784.285,grad,21293627904
4,6785.95,grad,21249406464
4,6787.482,grad,21249406464
4,6788.728,grad,21268215296
4,6790.527,grad,21251864064
4,6792.305,grad,21245607424
4,6793.571,grad,21237409280
4,6794.828,grad,21152474624
4,6796.096,grad,21186749952
4,6797.786,grad,21058498048
4,6799.039,grad,21066683904
4,6800.656,grad,21022528000
4,6802.233,grad,21022528000
4,6803.504,grad,21041402368
4,6804.911,grad,21017645568
4,6806.611,grad,21018728960
4,6807.86,grad,21088190976
4,6810.161,grad,20964393472
4,6811.431,grad,20921074176
4,6812.676,grad,20831619584
4,6813.972,grad,20838959616
4,6815.253,grad,20817785344
4,6816.785,grad,20795649536
4,6818.32,grad,20795649536
4,6819.612,grad,20814523904
4,6821.056,grad,20790767104
4,6822.768,grad,20791850496
4,6824.053,grad,20861312512
4,6825.497,grad,20737515008
4,6826.825,grad,20694195712
4,6828.718,grad,20604741120
4,6829.985,grad,20612992512
4,6831.688,grad,20568771072
4,6833.295,grad,20568771072
4,6834.555,grad,20587973120
4,6836.365,grad,20563888640
4,6838.07,grad,20565889536
4,6839.345,grad,20634434048
4,6840.632,grad,20510636544
4,6841.892,grad,20506114560
4,6843.664,grad,20377862656
4,6844.917,grad,20386114048
4,6846.529,grad,20341892608
4,6848.069,grad,20341892608
4,6849.337,grad,20360635904
4,6850.965,grad,20337010176
4,6852.686,grad,20338093568
4,6853.944,grad,20329960960
4,6855.314,grad,20283758080
4,6856.584,grad,20279236096
4,6858.399,grad,20150984192
4,6859.656,grad,20144096768
4,6861.526,grad,20115014144
4,6863.07,grad,20115014144
4,6864.349,grad,20133822976
4,6865.868,grad,20110131712
4,6867.596,grad,20111215104
4,6868.866,grad,20103082496
4,6870.252,grad,20056879616
4,6871.506,grad,20052357632
4,6873.354,grad,19924105728
4,6874.631,grad,19917677056
4,6876.402,grad,19888135680
4,6877.978,grad,19888135680
4,6879.286,grad,19906878976
4,6881.467,grad,19883253248
4,6883.266,grad,19884336640
4,6884.541,grad,19876204032
4,6885.903,grad,19830001152
4,6887.185,grad,19786681856
4,6889.056,grad,19697292800
4,6890.323,grad,19690864128
4,6892.1,grad,19661322752
4,6893.735,grad,19661322752
4,6895.009,grad,19680524800
4,6896.696,grad,19656440320
4,6898.529,grad,19657523712
4,6899.817,grad,19649391104
4,6901.228,grad,19603188224
4,6902.508,grad,19535751680
4,6903.838,grad,19470414336
4,6905.26,grad,19477754368
4,6906.579,grad,19463920128
4,6908.239,grad,19434444288
4,6909.851,grad,19434444288
4,6911.103,grad,19453187584
4,6912.772,grad,19429561856
4,6914.577,grad,19431628288
4,6915.827,grad,19422512640
4,6917.219,grad,19376309760
4,6918.48,grad,19371787776
4,6920.319,grad,19243535872
4,6921.578,grad,19251787264
4,6923.439,grad,19207565824
4,6925.049,grad,19207565824
4,6926.322,grad,19226309120
4,6928.2,grad,19202683392
4,6929.981,grad,19203766784
4,6931.245,grad,19273228800
4,6932.624,grad,19149431296
4,6933.926,grad,19144909312
4,6935.676,grad,19016722944
4,6936.929,grad,19024908800
4,6938.626,grad,18980752896
4,6940.228,grad,18980752896
4,6941.489,grad,18999496192
4,6943.114,grad,18975870464
4,6944.869,grad,18976953856
4,6946.117,grad,18968821248
4,6947.459,grad,18922618368
4,6948.716,grad,18918096384
4,6950.594,grad,18789844480
4,6951.939,grad,18782957056
4,6953.792,grad,18753874432
4,6955.451,grad,18753874432
4,6956.701,grad,18772683264
4,6958.216,grad,18748992000
4,6959.915,grad,18750075392
4,6961.185,grad,18741942784
4,6962.585,grad,18695739904
4,6963.844,grad,18652420608
4,6965.7,grad,18563031552
4,6966.962,grad,18570889728
4,6968.258,grad,18559683072
4,6969.569,grad,18527062016
4,6971.293,grad,18527061504
4,6972.582,grad,18545346048
4,6974.697,grad,18522179072
4,6976.557,grad,18523262464
4,6977.915,grad,18515129856
4,6979.202,grad,18468926976
4,6980.458,grad,18432947712
4,6981.698,grad,18374948352
4,6982.981,grad,18343493120
4,6984.283,grad,18329658880
4,6985.993,grad,18300183040
4,6987.575,grad,18300183040
4,6988.892,grad,18318926336
4,6990.63,grad,18295300608
4,6992.4,grad,18297301504
4,6993.751,grad,18288251392
4,6995.258,grad,18242048512
4,6996.566,grad,18198729216
4,6998.531,grad,18109274624
4,6999.825,grad,18117067264
4,7001.095,grad,18105926144
4,7002.45,grad,18073304576
4,7003.722,grad,18073304576
4,7004.987,grad,18092047872
4,7006.647,grad,18068422144
4,7008.404,grad,18069505536
4,7009.758,grad,18061372928
4,7011.009,grad,18015170048
4,7012.267,grad,17986530816
4,7013.533,grad,17921191424
4,7014.793,grad,17889736192
4,7016.049,grad,17875901952
4,7017.749,grad,17846426112
4,7019.394,grad,17846426112
4,7020.66,grad,17864710656
4,7022.773,grad,17848883712
4,7024.626,grad,17842627072
4,7025.906,grad,17912089088
4,7027.316,grad,17788291584
4,7028.569,grad,17721248256
4,7030.486,grad,17655517696
4,7031.807,grad,17649089024
4,7033.673,grad,17619547648
4,7035.498,grad,17619547648
4,7036.763,grad,17637832192
4,7038.601,grad,17614665216
4,7040.402,grad,17615748608
4,7041.655,grad,17605191168
4,7042.958,grad,17561413120
4,7044.221,grad,17540179456
4,7045.473,grad,17482180096
4,7047.049,grad,17436044800
4,7048.331,grad,17422210560
4,7049.903,grad,17392734720
4,7051.524,grad,17392734720
4,7052.843,grad,17411543552
4,7054.579,grad,17387852288
4,7056.5,grad,17388935680
4,7057.747,grad,17380737536
4,7059.041,grad,17334600192
4,7060.337,grad,17291280896
4,7062.219,grad,17201826304
4,7063.507,grad,17195397632
4,7065.369,grad,17165856256
4,7066.96,grad,17165856256
4,7068.268,grad,17184665088
4,7070.135,grad,17160973824
4,7071.874,grad,17162057216
4,7073.148,grad,17153924608
4,7074.405,grad,17107721728
4,7075.67,grad,17064402432
4,7076.926,grad,16989691392
4,7078.289,grad,16982353408
4,7079.539,grad,16953839104
4,7080.828,grad,16939043328
4,7082.437,grad,16939043328
4,7083.76,grad,16957852160
4,7085.457,grad,16934160896
4,7087.281,grad,16935244288
4,7088.553,grad,16927111680
4,7089.939,grad,16880908800
4,7091.221,grad,16876780032
4,7093.045,grad,16748134912
4,7094.353,grad,16755927552
4,7095.632,grad,16729057792
4,7096.901,grad,16712164864
4,7098.174,grad,16726844928
4,7099.424,grad,16731039232
4,7100.925,grad,16707282432
4,7102.697,grad,16708365824
4,7104.003,grad,16700233216
4,7105.41,grad,16654030336
4,7106.667,grad,16649508352
4,7108.603,grad,16521321984
4,7109.869,grad,16507553280
4,7111.657,grad,16478012416
4,7113.367,grad,16477749760
4,7114.693,grad,16496558592
4,7116.647,grad,16472801792
4,7117.929,grad,16462873088
4,7119.183,grad,16462873088
4,7120.424,grad,16462873088
4,7123.059,grad,16462872576
4,7124.339,grad,16462872576
4,7126.0,grad,16462872576
4,7130.177,grad,16462872576
4,7131.482,grad,16462872576
4,7133.772,grad,16462872576
4,7135.041,grad,16462939648
4,7136.326,grad,16462876672
4,7137.576,grad,16463333376
4,7138.862,grad,16462874112
4,7140.124,grad,16462876672
4,7141.387,grad,16462876160
4,7142.68,grad,16463332864
4,7143.926,grad,16462939648
4,7145.18,grad,16462876160
4,7146.436,grad,16462939648
4,7147.682,grad,16463333376
4,7148.929,grad,16463333376
4,7150.241,grad,16462874624
4,7151.505,grad,16463333376
4,7152.788,grad,16462940160
4,7154.046,grad,16462876160
4,7155.328,grad,16462939648
4,7156.612,grad,16463332864
4,7157.921,grad,16463332864
4,7159.227,grad,16462874112
4,7160.498,grad,16463333376
4,7161.798,grad,16462874112
4,7163.06,grad,16462874624
4,7164.352,grad,16462876160
4,7165.605,grad,16463791616
4,7166.896,grad,16462939648
4,7168.151,grad,16462876160
4,7169.402,grad,16462939648
4,7170.667,grad,16462874624
4,7171.931,grad,16463334912
4,7173.187,grad,16462874624
4,7174.438,grad,16463332864
4,7175.729,grad,16462874112
4,7177.01,grad,16462874624
4,7178.273,grad,16462876672
4,7179.567,grad,16463332864
4,7180.873,grad,16462874112
4,7182.144,grad,16462874112
4,7183.393,grad,16462940672
4,7184.629,grad,16465992192
4,7185.893,grad,16469300736
4,7187.109,grad,16473758720
4,7188.395,grad,16475265024
4,7189.669,grad,16481523200
4,7190.932,grad,16484636672
4,7192.313,grad,16489813504
4,7193.605,grad,16494337024
4,7194.881,grad,16498366464
4,7196.22,grad,16505805312
4,7197.593,grad,16506852864
4,7198.887,grad,16514291712
4,7200.153,grad,16517798400
4,7201.494,grad,16523270144
4,7202.784,grad,16524088832
4,7204.043,grad,16531723776
4,7205.35,grad,16534279680
4,7206.605,grad,16537884672
4,7207.885,grad,16541490176
4,7209.217,grad,16544568832
4,7210.461,grad,16548698624
4,7211.767,grad,16550204928
4,7213.031,grad,16554857984
4,7214.303,grad,16557413888
4,7215.584,grad,16561018368
4,7216.85,grad,16564689408
4,7218.111,grad,16567997952
4,7219.408,grad,16571898368
4,7220.677,grad,16573405184
4,7221.945,grad,16578123776
4,7223.268,grad,16580679168
4,7224.529,grad,16584283648
4,7225.819,grad,16588250112
4,7227.073,grad,16591099392
4,7228.38,grad,16595917312
4,7229.642,grad,16596736000
4,7230.901,grad,16601486848
4,7232.158,grad,16604108288
4,7233.415,grad,16607942144
4,7234.725,grad,16611448320
4,7236.021,grad,16614528512
4,7237.288,grad,16619116032
4,7238.555,grad,16621083136
4,7239.817,grad,16624915968
4,7241.075,grad,16628520448
4,7242.329,grad,16631371264
4,7243.642,grad,16635861504
4,7244.917,grad,16637368320
4,7246.186,grad,16641955328
4,7247.432,grad,16643066880
4,7248.704,grad,16643104256
4,7249.95,grad,16643142144
4,7251.505,grad,16643172864
4,7252.779,grad,16643210752
4,7254.061,grad,16643249664
4,7255.32,grad,16558986240
4,7256.573,grad,16351106048
4,7257.837,grad,16336262144
4,7259.096,grad,16371160064
4,7260.336,grad,16405173248
4,7261.583,grad,16439972864
4,7262.824,grad,16473428992
4,7264.106,grad,16399635456
4,7265.352,grad,16265712640
4,7266.608,grad,16139491840
4,7272.962,grad,16139322368
4,7279.365,grad,16139326464
4,7285.728,grad,16139326464
4,7292.097,grad,16139326464
4,7297.387,grad,16139326464
4,7298.742,grad,16144182272
4,7300.908,grad,16144311296
4,7303.801,grad,16147981312
4,7305.247,grad,16152699904
4,7306.701,grad,16152699904
4,7307.963,grad,16164358144
4,7309.829,grad,16167536640
4,7311.104,grad,16190541824
4,7312.358,grad,16302411776
4,7313.608,grad,16244215808
4,7314.866,grad,16294121472
4,7316.518,grad,16263647232
4,7319.326,grad,16267384832
4,7320.593,grad,16272103424
4,7322.047,grad,16272103424
4,7323.312,grad,16283728896
4,7325.017,grad,16286907392
4,7326.297,grad,16309978112
4,7327.576,grad,16363521024
4,7328.823,grad,16363521024
4,7331.209,grad,16382952448
4,7334.132,grad,16386624512
4,7335.411,grad,16391343104
4,7336.807,grad,16391343104
4,7338.063,grad,16402935808
4,7339.808,grad,16407162880
4,7341.091,grad,16437311488
4,7343.202,grad,16465164288
4,7345.649,grad,16503994368
4,7348.433,grad,16507666432
4,7349.734,grad,16512385024
4,7351.182,grad,16512385024
4,7352.438,grad,16531317760
4,7354.068,grad,16527156224
4,7355.37,grad,16530828288
4,7356.63,grad,16661965824
4,7358.075,grad,16584371200
4,7360.622,grad,16623201280
4,7363.437,grad,16626873344
4,7364.702,grad,16632640512
4,7366.146,grad,16632640512
4,7367.404,grad,16644233216
4,7369.023,grad,16646363136
4,7370.31,grad,16670482432
4,7371.57,grad,16743424000
4,7372.92,grad,16724025344
4,7375.042,grad,16743456768
4,7377.981,grad,16747128832
4,7379.255,grad,16751847424
4,7380.629,grad,16751847424
4,7381.926,grad,16764488704
4,7383.65,grad,16767667200
4,7384.904,grad,16798077952
4,7387.068,grad,16824882176
4,7389.477,grad,16863712256
4,7392.188,grad,16867384320
4,7393.519,grad,16873151488
4,7395.07,grad,16873151488
4,7396.397,grad,16884744192
4,7398.037,grad,16886874112
4,7399.316,grad,16910993408
4,7400.587,grad,17022732288
4,7401.903,grad,16964536320
4,7404.188,grad,16983967744
4,7406.928,grad,16987639808
4,7408.278,grad,16993406976
4,7409.694,grad,16993406976
4,7410.965,grad,17004999680
4,7412.698,grad,17007129600
4,7413.956,grad,17031248896
4,7415.229,grad,17142987776
4,7416.681,grad,17065393152
4,7418.01,grad,17104223232
4,7419.365,grad,17104223232
4,7422.172,grad,17107895296
4,7423.528,grad,17112613888
4,7424.931,grad,17112613888
4,7426.226,grad,17124206592
4,7427.906,grad,17127385088
4,7429.174,grad,17151504384
4,7430.43,grad,17224445952
4,7431.742,grad,17205047296
4,7434.1,grad,17224478720
4,7437.963,grad,17228150784
4,7439.299,grad,17233917952
4,7440.673,grad,17233917952
4,7441.935,grad,17246559232
4,7443.651,grad,17248689152
4,7444.958,grad,17272808448
4,7446.297,grad,17326351360
4,7447.686,grad,17326351360
4,7449.942,grad,17350503424
4,7452.653,grad,17350503424
4,7454.012,grad,17355222016
4,7455.396,grad,17355222016
4,7456.666,grad,17363144704
4,7458.619,grad,17369993216
4,7459.872,grad,17393063936
4,7461.113,grad,17466005504
4,7462.395,grad,17446606848
4,7464.758,grad,17466038272
4,7467.507,grad,17469710336
4,7468.881,grad,17475477504
4,7470.362,grad,17475477504
4,7471.653,grad,17487070208
4,7473.417,grad,17489200128
4,7474.708,grad,17514368000
4,7475.966,grad,17587309568
4,7477.249,grad,17548512256
4,7479.641,grad,17587342336
4,7482.405,grad,17591014400
4,7483.691,grad,17595732992
4,7485.042,grad,17595732992
4,7486.329,grad,17607325696
4,7488.034,grad,17614174208
4,7489.295,grad,17640914944
4,7491.413,grad,17668767744
4,7493.83,grad,17707597824
4,7496.761,grad,17711269888
4,7498.134,grad,17715988480
4,7499.519,grad,17715988480
4,7500.771,grad,17727581184
4,7502.596,grad,17730759680
4,7503.929,grad,17762219008
4,7505.199,grad,17827820544
4,7506.553,grad,17808421888
4,7508.707,grad,17827853312
4,7511.41,grad,17831525376
4,7512.717,grad,17836243968
4,7514.074,grad,17836243968
4,7515.375,grad,17844166656
4,7517.304,grad,17852063744
4,7518.611,grad,17881425920
4,7520.763,grad,17908230144
4,7523.199,grad,17947060224
4,7525.921,grad,17951780864
4,7527.209,grad,17956499456
4,7528.602,grad,17956499456
4,7529.885,grad,17968092160
4,7531.568,grad,17971270656
4,7532.826,grad,17994341376
4,7534.095,grad,18067282944
4,7535.36,grad,18047884288
4,7537.708,grad,18067315712
4,7540.42,grad,18070987776
4,7541.681,grad,18075706368
4,7543.09,grad,18075706368
4,7544.37,grad,18088347648
4,7546.002,grad,18091526144
4,7547.263,grad,18114596864
4,7548.523,grad,18187538432
4,7549.813,grad,18168139776
4,7552.096,grad,18187571200
4,7555.015,grad,18192291840
4,7556.284,grad,18197010432
4,7557.648,grad,18197010432
4,7558.933,grad,18208603136
4,7560.642,grad,18211781632
4,7561.941,grad,18234852352
4,7563.23,grad,18346591232
4,7564.478,grad,18288395264
4,7566.848,grad,18307826688
4,7569.696,grad,18311498752
4,7571.122,grad,18317265920
4,7572.538,grad,18317265920
4,7573.878,grad,18325188608
4,7575.796,grad,18330988544
4,7577.075,grad,18362447872
4,7578.364,grad,18428049408
4,7579.747,grad,18408650752
4,7581.942,grad,18428082176
4,7584.736,grad,18431754240
4,7586.074,grad,18436472832
4,7587.489,grad,18436472832
4,7588.755,grad,18448065536
4,7590.589,grad,18451244032
4,7591.85,grad,18474314752
4,7593.117,grad,18586053632
4,7594.519,grad,18508459008
4,7595.799,grad,18550959104
4,7597.135,grad,18547289088
4,7600.066,grad,18550961152
4,7601.451,grad,18555679744
4,7602.841,grad,18555679744
4,7604.112,grad,18568321024
4,7605.818,grad,18571499520
4,7607.109,grad,18594570240
4,7608.38,grad,18667511808
4,7609.642,grad,18628714496
4,7610.903,grad,18671214592
4,7612.323,grad,18667544576
4,7615.268,grad,18671216640
4,7616.664,grad,18676983808
4,7618.033,grad,18676983808
4,7619.357,grad,18688576512
4,7621.001,grad,18690706432
4,7622.255,grad,18714825728
4,7623.503,grad,18826564608
4,7624.828,grad,18768368640
4,7627.14,grad,18787800064
4,7629.907,grad,18791472128
4,7631.244,grad,18797239296
4,7632.627,grad,18797239296
4,7633.939,grad,18805161984
4,7635.759,grad,18812010496
4,7637.023,grad,18836129792
4,7638.311,grad,18947868672
4,7639.637,grad,18890721280
4,7641.957,grad,18909104128
4,7644.715,grad,18912776192
4,7645.999,grad,18917494784
4,7647.387,grad,18917494784
4,7648.638,grad,18929087488
4,7650.393,grad,18932265984
4,7651.659,grad,18955336704
4,7652.923,grad,19008879616
4,7654.265,grad,18989480960
4,7655.558,grad,19028311040
4,7656.863,grad,19028311040
4,7659.694,grad,19031983104
4,7661.039,grad,19037750272
4,7662.445,grad,19037750272
4,7663.703,grad,19049342976
4,7665.542,grad,19051472896
4,7666.837,grad,19075592192
4,7668.095,grad,19148533760
4,7669.371,grad,19129135104
4,7671.757,grad,19148566528
4,7675.56,grad,19152238592
4,7676.865,grad,19156957184
4,7678.327,grad,19156957184
4,7679.627,grad,19169598464
4,7681.314,grad,19172776960
4,7682.564,grad,19195847680
4,7683.807,grad,19307586560
4,7685.143,grad,19249390592
4,7687.442,grad,19268822016
4,7690.231,grad,19272494080
4,7691.498,grad,19278261248
4,7692.876,grad,19278261248
4,7694.209,grad,19286183936
4,7696.044,grad,19291983872
4,7697.324,grad,19323443200
4,7698.566,grad,19389044736
4,7699.907,grad,19369646080
4,7702.061,grad,19389077504
4,7704.829,grad,19392749568
4,7706.123,grad,19398516736
4,7707.509,grad,19398516736
4,7708.767,grad,19410109440
4,7710.565,grad,19412239360
4,7711.862,grad,19436358656
4,7713.128,grad,19548097536
4,7714.54,grad,19470502912
4,7715.821,grad,19508284416
4,7717.182,grad,19513005056
4,7718.442,grad,19976476160
4,7719.713,grad,19976488960
4,7722.696,grad,19972807168
4,7723.971,grad,19817094144
4,7725.242,grad,19817094144
4,7726.503,grad,19817094144
4,7728.189,grad,19817095680
4,7729.883,grad,19512999936
4,7731.151,grad,19508539392
4,7732.608,grad,19485569024
4,7733.86,grad,19467579392
4,7735.126,grad,19443298304
4,7736.4,grad,19423901696
4,7737.658,grad,19416786944
4,7739.587,grad,19402245632
4,7741.148,grad,19403293696
4,7742.473,grad,19412665344
4,7744.39,grad,19401098240
4,7746.104,grad,19403230208
4,7747.445,grad,19395230720
4,7748.695,grad,19372129280
4,7749.94,grad,19350535168
4,7751.234,grad,19314424832
4,7752.634,grad,19309708288
4,7753.897,grad,19295450112
4,7755.183,grad,19287003648
4,7756.601,grad,19288051712
4,7757.894,grad,19297652736
4,7759.572,grad,19285856256
4,7761.269,grad,19287988224
4,7762.59,grad,19281922048
4,7763.95,grad,19258820608
4,7765.209,grad,19258492928
4,7766.961,grad,19194204160
4,7768.585,grad,19190988800
4,7770.256,grad,19175169024
4,7771.815,grad,19176217600
4,7773.076,grad,19185818624
4,7774.687,grad,19174022144
4,7776.365,grad,19176154112
4,7777.658,grad,19170087936
4,7778.902,grad,19146986496
4,7780.104,grad,19129881600
4,7781.344,grad,19106485248
4,7782.77,grad,19086040064
4,7784.021,grad,19071781888
4,7785.269,grad,19063335424
4,7786.655,grad,19064383488
4,7787.92,grad,19073984512
4,7790.358,grad,19062188032
4,7792.025,grad,19064320000
4,7793.38,grad,19058253824
4,7794.755,grad,19035152384
4,7796.015,grad,19034824704
4,7797.807,grad,18970535936
4,7799.176,grad,18967320576
4,7800.933,grad,18952549376
4,7802.532,grad,18953597952
4,7803.803,grad,18962740224
4,7805.58,grad,18951402496
4,7807.362,grad,18953534464
4,7808.631,grad,18945371136
4,7809.975,grad,18924366848
4,7811.237,grad,18907261952
4,7812.488,grad,18883931136
4,7814.018,grad,18863485952
4,7815.297,grad,18855519232
4,7816.87,grad,18839732736
4,7818.461,grad,18840780800
4,7819.714,grad,18849923072
4,7821.424,grad,18838585344
4,7823.168,grad,18840717312
4,7824.471,grad,18834782208
4,7825.873,grad,18811680768
4,7827.137,grad,18790021120
4,7829.015,grad,18745294848
4,7830.336,grad,18741030912
4,7831.996,grad,18727308288
4,7833.625,grad,18727308288
4,7834.884,grad,18736450560
4,7836.864,grad,18725112832
4,7838.615,grad,18727244800
4,7839.932,grad,18720293888
4,7841.327,grad,18697192448
4,7842.583,grad,18695980032
4,7844.513,grad,18631855104
4,7845.784,grad,18627591168
4,7847.435,grad,18611771392
4,7849.051,grad,18612819968
4,7850.323,grad,18620880896
4,7852.144,grad,18610624512
4,7853.983,grad,18612756480
4,7855.269,grad,18604593152
4,7856.548,grad,18582704128
4,7857.8,grad,18564714496
4,7859.062,grad,18536763392
4,7860.315,grad,18516318208
4,7861.879,grad,18513102848
4,7863.607,grad,18498331648
4,7865.242,grad,18498331648
4,7866.493,grad,18507932672
4,7868.149,grad,18496136192
4,7869.981,grad,18498268160
4,7871.341,grad,18491317248
4,7872.714,grad,18468215808
4,7873.975,grad,18467003392
4,7875.237,grad,18402878464
4,7876.523,grad,18407597056
4,7877.786,grad,18393338880
4,7879.117,grad,18384892416
4,7880.679,grad,18384891904
4,7881.998,grad,18394263552
4,7883.935,grad,18382696448
4,7885.75,grad,18384828416
4,7887.045,grad,18377877504
4,7888.305,grad,18354776064
4,7889.575,grad,18336786432
4,7890.822,grad,18308868096
4,7892.066,grad,18292092928
4,7893.329,grad,18285207552
4,7895.059,grad,18270436864
4,7896.624,grad,18271484928
4,7897.922,grad,18280856576
4,7899.662,grad,18268240896
4,7901.553,grad,18271421440
4,7902.818,grad,18262209536
4,7904.205,grad,18240320512
4,7905.476,grad,18222330880
4,7906.719,grad,18197001216
4,7908.144,grad,18177604608
4,7909.448,grad,18170719232
4,7911.187,grad,18155948032
4,7912.739,grad,18155948032
4,7914.056,grad,18165352448
4,7915.692,grad,18153752576
4,7917.517,grad,18155884544
4,7918.839,grad,18148933632
4,7920.191,grad,18125832192
4,7921.506,grad,18107842560
4,7922.79,grad,18082545664
4,7924.071,grad,18063149056
4,7925.365,grad,18056263680
4,7927.11,grad,18041492992
4,7928.692,grad,18042541056
4,7929.981,grad,18051912704
4,7931.936,grad,18039297024
4,7933.748,grad,18042477568
4,7935.02,grad,18034478080
4,7936.29,grad,18011376640
4,7937.532,grad,17989716992
4,7938.776,grad,17949707264
4,7940.106,grad,17949709312
4,7941.365,grad,17941742592
4,7942.66,grad,17927004160
4,7944.186,grad,17928052736
4,7945.464,grad,17937653760
4,7947.14,grad,17925857280
4,7948.858,grad,17926940672
4,7950.123,grad,17921038336
4,7951.567,grad,17897936896
4,7952.82,grad,17895675904
4,7954.728,grad,17831550976
4,7956.618,grad,17827287040
4,7958.286,grad,17812515840
4,7959.83,grad,17813564416
4,7961.105,grad,17822936064
4,7962.701,grad,17811368960
4,7964.488,grad,17813500928
4,7965.742,grad,17806517248
4,7967.006,grad,17783448576
4,7968.261,grad,17781187584
4,7970.049,grad,17716014080
4,7971.344,grad,17713847296
4,7972.982,grad,17699076608
4,7974.543,grad,17699076096
4,7975.808,grad,17708447744
4,7977.759,grad,17696880640
4,7979.473,grad,17699012608
4,7980.734,grad,17692061696
4,7982.146,grad,17668960256
4,7983.394,grad,17666699264
4,7985.202,grad,17602574336
4,7986.48,grad,17597294592
4,7988.152,grad,17582523392
4,7989.705,grad,17582523392
4,7991.036,grad,17592124416
4,7992.751,grad,17580327936
4,7994.564,grad,17582459904
4,7995.848,grad,17576524800
4,7997.131,grad,17553423360
4,7998.432,grad,17531763712
4,7999.762,grad,17490770944
4,8001.267,grad,17490740224
4,8002.579,grad,17483854848
4,8004.175,grad,17469116416
4,8005.901,grad,17469083648
4,8007.195,grad,17478193152
4,8009.043,grad,17465839616
4,8010.881,grad,17468004352
4,8012.192,grad,17459841024
4,8013.535,grad,17437919232
4,8014.792,grad,17427302400
4,8016.055,grad,17394599936
4,8017.329,grad,17371533312
4,8018.63,grad,17367302144
4,8020.397,grad,17352531456
4,8022.076,grad,17352530944
4,8023.365,grad,17360591872
4,8025.494,grad,17350335488
4,8027.339,grad,17352467456
4,8028.591,grad,17345319936
4,8029.873,grad,17323430912
4,8031.145,grad,17312814080
4,8032.397,grad,17280111616
4,8033.666,grad,17257044992
4,8034.925,grad,17260121088
4,8036.63,grad,17238010368
4,8038.228,grad,17238009856
4,8039.473,grad,17247152128
4,8041.204,grad,17235814400
4,8043.029,grad,17237946368
4,8044.349,grad,17232044032
4,8045.74,grad,17208942592
4,8047.007,grad,17206681600
4,8048.271,grad,17142556672
4,8049.603,grad,17146226688
4,8050.881,grad,17138259968
4,8052.528,grad,17123521536
4,8054.156,grad,17123521536
4,8055.434,grad,17132893184
4,8057.016,grad,17121326080
4,8058.848,grad,17123458048
4,8060.15,grad,17116507136
4,8061.59,grad,17093405696
4,8062.861,grad,17071746048
4,8064.748,grad,17027019776
4,8066.014,grad,17023804416
4,8067.724,grad,17009033216
4,8069.395,grad,17009033216
4,8070.706,grad,17018404864
4,8072.675,grad,17006837760
4,8074.477,grad,17008969728
4,8075.758,grad,17003067392
4,8077.161,grad,16979965952
4,8078.414,grad,16938907648
4,8080.32,grad,16913580032
4,8081.647,grad,16910364672
4,8083.347,grad,16894545408
4,8084.936,grad,16894544896
4,8086.247,grad,16903916544
4,8087.93,grad,16892349440
4,8089.724,grad,16894481408
4,8091.015,grad,16887530496
4,8092.333,grad,16864429056
4,8093.593,grad,16850109440
4,8094.836,grad,16821142528
4,8096.294,grad,16802794496
4,8097.579,grad,16794827776
4,8099.159,grad,16780089344
4,8100.693,grad,16780089344
4,8102.027,grad,16789460992
4,8103.704,grad,16777893888
4,8105.499,grad,16780025856
4,8106.789,grad,16774123520
4,8108.065,grad,16751022080
4,8109.329,grad,16733032448
4,8110.569,grad,16707735552
4,8111.81,grad,16688338944
4,8113.091,grad,16685090816
4,8114.643,grad,16666682368
4,8116.246,grad,16666682368
4,8117.583,grad,16676054016
4,8119.575,grad,16664486912
4,8121.302,grad,16666618880
4,8122.677,grad,16660716544
4,8124.099,grad,16637615104
4,8125.35,grad,16599178240
4,8126.63,grad,16569426944
4,8127.882,grad,16573096960
4,8129.14,grad,16566178816
4,8130.564,grad,16551440384
4,8132.234,grad,16551440384
4,8133.497,grad,16560582656
4,8135.373,grad,16549244928
4,8137.182,grad,16551376896
4,8138.491,grad,16545474560
4,8139.768,grad,16522373120
4,8141.009,grad,16504383488
4,8142.259,grad,16482756608
4,8143.532,grad,16459689984
4,8145.072,grad,16452804608
4,8146.834,grad,16438000640
4,8148.474,grad,16438000640
4,8149.787,grad,16447372288
4,8151.566,grad,16435739648
4,8153.5,grad,16437937152
4,8154.799,grad,16431969280
4,8156.122,grad,16408867840
4,8157.371,grad,16394548224
4,8158.654,grad,16346117120
4,8160.092,grad,16346119168
4,8161.343,grad,16328190976
4,8162.621,grad,16320792576
4,8164.227,grad,16320530432
4,8165.468,grad,16329672704
4,8167.478,grad,16318334976
4,8168.757,grad,16313124864
4,8170.001,grad,16313124864
4,8171.246,grad,16313124864
4,8172.938,grad,16313124352
4,8174.902,grad,16313124352
4,8176.176,grad,16313124352
4,8177.503,grad,16313124352
4,8178.778,grad,16313124352
4,8182.269,grad,16313124352
4,8183.565,grad,16313124864
4,8185.865,grad,16313124352
4,8187.129,grad,16313159168
4,8188.401,grad,16313126400
4,8189.651,grad,16313355264
4,8190.917,grad,16313126400
4,8192.164,grad,16313126912
4,8193.443,grad,16313127424
4,8194.733,grad,16313355264
4,8195.991,grad,16313125888
4,8197.282,grad,16313125888
4,8198.589,grad,16313127424
4,8199.859,grad,16313355264
4,8201.1,grad,16313388032
4,8202.333,grad,16313126912
4,8203.628,grad,16313158656
4,8204.919,grad,16313355776
4,8206.191,grad,16313355264
4,8207.478,grad,16313126912
4,8208.745,grad,16313158656
4,8210.017,grad,16313355776
4,8211.266,grad,16313355776
4,8212.555,grad,16313126912
4,8213.855,grad,16313159168
4,8215.13,grad,16313355264
4,8216.392,grad,16313388032
4,8217.673,grad,16313125888
4,8218.948,grad,16313355776
4,8220.209,grad,16313125888
4,8221.444,grad,16313356288
4,8222.688,grad,16313125888
4,8223.987,grad,16313355264
4,8225.293,grad,16313125888
4,8226.541,grad,16313356288
4,8227.823,grad,16313126400
4,8229.094,grad,16313355776
4,8230.34,grad,16313126400
4,8231.596,grad,16313126400
4,8232.857,grad,16313159168
4,8234.127,grad,16313126400
4,8235.375,grad,16313160704
4,8236.688,grad,16317783040
4,8237.971,grad,16320372224
4,8239.241,grad,16323780096
4,8240.531,grad,16326401024
4,8241.823,grad,16330267648
4,8243.153,grad,16333642752
4,8244.418,grad,16336264192
4,8245.685,grad,16340721664
4,8246.928,grad,16342162432
4,8248.191,grad,16346782720
4,8249.498,grad,16349208064
4,8250.751,grad,16352812032
4,8251.996,grad,16355204608
4,8253.258,grad,16358808576
4,8254.532,grad,16361266688
4,8255.786,grad,16365100032
4,8257.029,grad,16368475648
4,8258.286,grad,16371325952
4,8259.584,grad,16376011776
4,8260.849,grad,16376994816
4,8262.113,grad,16381615616
4,8263.35,grad,16383975424
4,8264.6,grad,16387578880
4,8265.88,grad,16390200320
4,8267.14,grad,16394034176
4,8268.436,grad,16397409280
4,8269.68,grad,16400260096
4,8270.977,grad,16404389376
4,8272.225,grad,16406027776
4,8273.481,grad,16410614784
4,8274.74,grad,16412810240
4,8276.045,grad,16416414720
4,8277.34,grad,16419167232
4,8278.607,grad,16423001088
4,8279.878,grad,16426376704
4,8281.131,grad,16428998144
4,8282.363,grad,16433356800
4,8283.602,grad,16434830336
4,8284.839,grad,16439417856
4,8286.137,grad,16441908736
4,8287.372,grad,16445742080
4,8288.65,grad,16448134144
4,8289.886,grad,16451968000
4,8291.193,grad,16455343104
4,8292.455,grad,16457964544
4,8293.716,grad,16462781952
4,8294.962,grad,16463797760
4,8296.237,grad,16469302784
4,8297.539,grad,16471890944
4,8298.797,grad,16475495936
4,8300.047,grad,16476223488
4,8301.325,grad,16476259840
4,8302.58,grad,16476296704
4,8303.819,grad,16476323328
4,8305.103,grad,16476359680
4,8306.391,grad,16476396544
4,8307.632,grad,16435091968
4,8308.876,grad,16322861568
4,8310.129,grad,16318437888
4,8311.378,grad,16356547072
4,8312.61,grad,16391215616
4,8313.843,grad,16425982464
4,8315.107,grad,16460618240
4,8316.368,grad,16379648512
4,8317.63,grad,16256113152
4,8318.902,grad,16142453248
4,8320.244,grad,16142292480
4,8321.579,grad,16142275072
4,8322.88,grad,16152420864
4,8324.153,grad,16181649920
4,8325.41,grad,16211403264
4,8326.697,grad,16242303488
4,8327.957,grad,16275104256
4,8329.199,grad,16304693760
4,8330.439,grad,16186335744
4,8331.786,grad,16140230656
4,8333.104,grad,16049823744
4,8334.556,noise,15974619136
4,8335.873,noise,15974619136
4,8337.119,noise,15974619136
4,8338.356,noise,15975831552
4,8339.593,noise,15976290304
4,8340.828,noise,15976290304
4,8342.069,noise,15978027008
4,8343.326,noise,15977797632
4,8344.564,noise,15980222464
4,8345.799,noise,15979501568
4,8347.043,noise,15979960320
4,8348.289,noise,15980419072
4,8349.522,noise,15980681216
4,8350.754,noise,15981893632
4,8351.993,noise,15982417920
4,8353.249,noise,15982647296
4,8354.502,noise,15983859712
4,8355.742,noise,15985104896
4,8356.981,noise,15985104896
4,8358.219,noise,15987562496
4,8359.453,noise,15988054016
4,8360.688,noise,15988512768
4,8361.942,noise,15988774912
4,8363.193,noise,15988774912
4,8364.43,noise,15989987328
4,8365.669,noise,15990446080
4,8366.924,noise,15990446080
4,8368.172,noise,15991887872
4,8369.43,noise,15991887872
4,8370.689,noise,15993100288
4,8371.942,noise,15993591808
4,8373.19,noise,15994050560
4,8374.432,noise,15994542080
4,8375.662,noise,15994542080
4,8376.942,noise,15995983872
4,8378.248,noise,15996213248
4,8379.484,noise,15996213248
4,8380.72,noise,15997655040
4,8381.959,noise,15997655040
4,8383.204,noise,15998867456
4,8384.439,noise,15999358976
4,8385.672,noise,16000047104
4,8386.923,noise,16000309248
4,8388.171,noise,16000309248
4,8389.426,noise,16001751040
4,8390.664,noise,16001980416
4,8391.916,noise,16001980416
4,8393.141,noise,16003422208
4,8394.395,noise,16003422208
4,8395.633,noise,16004634624
4,8396.897,noise,16005126144
4,8398.152,noise,16005584896
4,8399.404,noise,16006076416
4,8400.634,noise,16006076416
4,8401.874,noise,16007518208
4,8403.099,noise,16007747584
4,8404.335,noise,16007747584
4,8405.58,noise,16009189376
4,8406.827,noise,16009189376
4,8408.076,noise,16010532864
4,8409.345,noise,16011024384
4,8410.603,noise,16011712512
4,8411.854,noise,16011974656
4,8413.093,noise,16011974656
4,8414.341,noise,16013416448
4,8415.591,noise,16013645824
4,8416.829,noise,16013645824
4,8418.095,noise,16015906816
4,8419.336,noise,16015906816
4,8420.566,noise,16017119232
4,8421.804,noise,16017610752
4,8423.061,noise,16018069504
4,8424.322,noise,16018561024
4,8425.566,noise,16018561024
4,8426.814,noise,16020002816
4,8428.074,noise,16020232192
4,8429.333,noise,16020232192
4,8430.565,noise,16021772288
4,8431.797,noise,16021772288
4,8433.048,noise,16022984704
4,8434.308,noise,16023476224
4,8435.55,noise,16024164352
4,8436.789,noise,16024426496
4,8438.042,noise,16024426496
4,8439.302,noise,16026097664
4,8440.557,noise,16026097664
4,8441.817,noise,16026097664
4,8443.075,noise,16027539456
4,8444.327,noise,16027539456
4,8445.569,noise,16029014016
4,8446.814,noise,16029505536
4,8448.068,noise,16030193664
4,8449.333,noise,16030455808
4,8450.565,noise,16030455808
4,8451.795,noise,16032126976
4,8453.053,noise,16032126976
4,8454.304,noise,16032126976
4,8455.548,noise,16033568768
4,8456.781,noise,16033568768
4,8458.025,noise,16034781184
4,8459.278,noise,16035272704
4,8460.511,noise,16035731456
4,8461.748,noise,16036222976
4,8463.006,noise,16036222976
4,8464.276,noise,16037435392
4,8465.523,noise,16037894144
4,8466.758,noise,16037894144
4,8468.034,noise,16039335936
4,8469.29,noise,16039335936
4,8470.527,noise,16040548352
4,8471.757,noise,16041039872
4,8473.03,noise,16041728000
4,8474.29,noise,16041990144
4,8475.531,noise,16041990144
4,8476.784,noise,16043890688
4,8478.039,noise,16043661312
4,8479.294,noise,16043661312
4,8480.527,noise,16045103104
4,8481.753,noise,16045103104
4,8482.981,noise,16046315520
4,8484.261,noise,16046807040
4,8485.509,noise,16047265792
4,8486.74,noise,16047757312
4,8487.97,noise,16047757312
4,8489.234,noise,16049428480
4,8490.473,noise,16049657856
4,8491.703,noise,16049657856
4,8492.937,noise,16051099648
4,8494.201,noise,16051099648
4,8495.447,noise,16052312064
4,8496.687,noise,16052803584
4,8497.942,noise,16053491712
4,8499.233,noise,16053753856
4,8500.475,noise,16053753856
4,8501.706,noise,16055425024
4,8502.944,noise,16055425024
4,8504.223,noise,16055425024
4,8505.484,noise,16056866816
4,8506.735,noise,16056866816
4,8507.975,noise,16058079232
4,8509.251,noise,16058570752
4,8510.493,noise,16059029504
4,8511.728,noise,16059521024
4,8512.958,noise,16059521024
4,8514.224,noise,16060962816
4,8515.501,noise,16061192192
4,8516.742,noise,16061192192
4,8518.024,noise,16062633984
4,8519.299,noise,16062633984
4,8520.536,noise,16063846400
4,8521.775,noise,16064337920
4,8523.055,noise,16065026048
4,8524.34,noise,16065288192
4,8525.595,noise,16065288192
4,8526.842,noise,16066729984
4,8528.095,noise,16066959360
4,8529.347,noise,16068171776
4,8530.577,noise,16068401152
4,8531.801,noise,16068401152
4,8533.034,noise,16069842944
4,8534.304,noise,16070105088
4,8535.573,noise,16070563840
4,8536.811,noise,16071055360
4,8538.052,noise,16071055360
4,8539.318,noise,16072267776
4,8540.551,noise,16072726528
4,8541.776,noise,16072726528
4,8543.006,noise,16074397696
4,8544.271,noise,16074168320
4,8545.521,noise,16077805568
4,8546.766,noise,16075642880
4,8548.009,noise,16076101632
4,8549.256,noise,16076560384
4,8550.5,noise,16076822528
4,8551.727,noise,16078034944
4,8552.954,noise,16078264320
4,8554.199,noise,16078493696
4,8555.445,noise,16079706112
4,8556.687,noise,16079935488
4,8557.925,noise,16079935488
4,8559.118,noise,16081836032
4,8560.364,noise,16081639424
4,8561.61,noise,16082098176
4,8562.847,noise,16082589696
4,8564.1,noise,16082589696
4,8565.36,noise,16083867648
4,8566.611,noise,16084326400
4,8567.839,noise,16084326400
4,8569.076,noise,16085768192
4,8570.339,noise,16085768192
4,8571.572,noise,16086980608
4,8572.804,noise,16087242752
4,8574.046,noise,16087701504
4,8575.316,noise,16088160256
4,8576.571,noise,16088422400
4,8577.811,noise,16089634816
4,8579.048,noise,16089864192
4,8580.315,noise,16090093568
4,8581.546,noise,16091305984
4,8582.776,noise,16091535360
4,8584.012,noise,16091535360
4,8585.285,noise,16092977152
4,8586.536,noise,16093468672
4,8587.77,noise,16093927424
4,8589.009,noise,16094189568
4,8590.272,noise,16094189568
4,8591.5,noise,16096679936
4,8592.732,noise,16096909312
4,8593.964,noise,16096909312
4,8595.235,noise,16098351104
4,8596.474,noise,16098351104
4,8597.715,noise,16099563520
4,8598.968,noise,16100055040
4,8600.26,noise,16100513792
4,8601.503,noise,16101005312
4,8602.729,noise,16101005312
4,8603.952,noise,16102217728
4,8605.257,noise,16102676480
4,8606.563,noise,16102676480
4,8607.827,noise,16104118272
4,8609.121,noise,16104118272
4,8610.392,noise,16105330688
4,8611.645,noise,16105822208
4,8612.877,noise,16106280960
4,8614.111,noise,16106772480
4,8615.353,noise,16106772480
4,8616.61,noise,16107984896
4,8617.866,noise,16108443648
4,8619.101,noise,16108443648
4,8620.336,noise,16109885440
4,8621.597,noise,16109885440
4,8622.841,noise,16112310272
4,8624.094,noise,16111360000
4,8625.349,noise,16111818752
4,8626.617,noise,16112277504
4,8627.857,noise,16112539648
4,8629.096,noise,16113752064
4,8630.373,noise,16113981440
4,8631.684,noise,16114210816
4,8632.948,noise,16115423232
4,8634.224,noise,16115652608
4,8635.466,noise,16115652608
4,8636.722,noise,16117094400
4,8637.964,noise,16117585920
4,8639.211,noise,16118044672
4,8640.449,noise,16118306816
4,8641.692,noise,16118306816
4,8642.92,noise,16119748608
4,8644.105,noise,16119977984
4,8645.335,noise,16119977984
4,8646.582,noise,16121419776
4,8647.811,noise,16121419776
4,8649.042,noise,16122632192
4,8650.291,noise,16123123712
4,8651.56,noise,16123811840
4,8652.792,noise,16124073984
4,8654.02,noise,16124073984
4,8655.264,noise,16125515776
4,8656.538,noise,16125745152
4,8657.779,noise,16125745152
4,8659.013,noise,16127186944
4,8660.256,noise,16127186944
4,8661.507,noise,16128399360
4,8662.743,noise,16128890880
4,8663.969,noise,16129349632
4,8665.214,noise,16129841152
4,8666.455,noise,16129841152
4,8667.692,noise,16131282944
4,8668.927,noise,16131512320
4,8670.168,noise,16131512320
4,8671.44,noise,16132954112
4,8672.681,noise,16132954112
4,8673.947,noise,16134166528
4,8675.266,noise,16134658048
4,8676.659,noise,16135116800
4,8677.95,noise,16135608320
4,8679.229,noise,16135608320
4,8680.47,noise,16136820736
4,8681.712,noise,16137279488
4,8682.946,noise,16137279488
4,8684.206,noise,16138721280
4,8685.451,noise,16138721280
4,8686.722,noise,16139933696
4,8687.971,noise,16140195840
4,8689.254,noise,16140654592
4,8690.503,noise,16141113344
4,8692.179,noise,16097925120
4,8693.452,noise,15995230208
4,8694.767,optimizer,15979010048
4,8696.054,optimizer,15981821952
4,8697.332,optimizer,15982409728
4,8698.588,optimizer,15983905280
4,8699.827,optimizer,15984184832
4,8701.106,optimizer,15984902144
4,8702.365,optimizer,15985390592
4,8703.632,optimizer,15986534400
4,8704.895,optimizer,15987480576
4,8706.114,optimizer,15988783616
4,8707.368,optimizer,15990578176
4,8708.611,optimizer,15990840832
4,8709.853,optimizer,15991558144
4,8711.095,optimizer,15992700928
4,8712.344,optimizer,15993614336
4,8713.596,optimizer,15996206592
4,8714.909,optimizer,15996487168
4,8716.247,optimizer,15997662720
4,8717.492,optimizer,15997708800
4,8718.75,optimizer,16000015360
4,8719.983,optimizer,16000959488
4,8721.229,optimizer,16002407936
4,8722.462,optimizer,16002752000
4,8723.714,optimizer,16003420672
4,8725.021,optimizer,16004136960
4,8726.273,optimizer,16006459392
4,8727.515,optimizer,16007085568
4,8728.747,optimizer,16011097600
4,8729.975,optimizer,16009000960
4,8731.213,optimizer,16009914368
4,8732.45,optimizer,16010209280
4,8733.717,optimizer,16011971584
4,8734.984,optimizer,16014530560
4,8736.24,optimizer,16015052288
4,8737.483,optimizer,16015589376
4,8738.721,optimizer,16016064512
4,8739.968,optimizer,16017511424
4,8741.209,optimizer,16018121216
4,8742.435,optimizer,16021093376
4,8743.669,optimizer,16021223936
4,8744.913,optimizer,16021940224
4,8746.1,optimizer,16022444032
4,8747.351,optimizer,16027174912
4,8748.586,optimizer,16025544704
4,8749.814,optimizer,16028060672
4,8751.039,optimizer,16027390976
4,8752.293,optimizer,16028320256
4,8753.615,optimizer,16028839936
4,8754.901,optimizer,16031130112
4,8756.142,optimizer,16032663552
4,8757.469,optimizer,16034424832
4,8758.757,optimizer,16033540096
4,8759.995,optimizer,16034683392
4,8761.243,optimizer,16034748416
4,8762.499,optimizer,16036281344
4,8763.735,optimizer,16039026688
4,8765.014,optimizer,16040574976
4,8766.273,optimizer,16040329216
4,8767.525,optimizer,16040618496
4,8768.758,optimizer,16041898496
4,8769.989,optimizer,16042688512
4,8771.232,optimizer,16045472256
4,8772.483,optimizer,16045826048
4,8773.748,optimizer,16046330368
4,8775.011,optimizer,16047033856
4,8776.269,optimizer,16048176640
4,8777.512,optimizer,16049090048
4,8778.746,optimizer,16051682304
4,8780.033,optimizer,16051962880
4,8781.321,optimizer,16052679680
4,8782.582,optimizer,16053196800
4,8783.828,optimizer,16055490560
4,8785.098,optimizer,16056434688
4,8786.348,optimizer,16057883648
4,8787.593,optimizer,16057998336
4,8788.856,optimizer,16058908672
4,8790.106,optimizer,16059383808
4,8791.346,optimizer,16061962240
4,8792.589,optimizer,16062485504
4,8793.828,optimizer,16067425280
4,8795.121,optimizer,16064344576
4,8796.372,optimizer,16065258496
4,8797.622,optimizer,16065553408
4,8798.858,optimizer,16067086848
4,8800.091,optimizer,16069897728
4,8801.32,optimizer,16071445504
4,8802.574,optimizer,16071200256
4,8803.806,optimizer,16071474688
4,8805.053,optimizer,16071557632
4,8806.3,optimizer,16073516544
4,8807.557,optimizer,16076047872
4,8808.793,optimizer,16076597248
4,8810.062,optimizer,16077121024
4,8811.403,optimizer,16077837824
4,8812.7,optimizer,16080148992
4,8814.02,optimizer,16079665152
4,8815.298,optimizer,16082543104
4,8816.547,optimizer,16083124224
4,8817.788,optimizer,16083386368
4,8819.038,optimizer,16083874816
4,8820.354,optimizer,16085169664
4,8821.612,optimizer,16086374912
4,8822.882,optimizer,16088461312
4,8824.133,optimizer,16090209792
4,8825.398,optimizer,16089520128
4,8826.65,optimizer,16090010112
4,8827.91,optimizer,16090124800
4,8829.147,optimizer,16092080128
4,8830.388,optimizer,16094943232
4,8831.635,optimizer,16095557632
4,8832.894,optimizer,16095787520
4,8834.149,optimizer,16096733696
4,8835.411,optimizer,16097648128
4,8836.663,optimizer,16098561024
4,8837.933,optimizer,16101228544
4,8839.187,optimizer,16101434880
4,8840.451,optimizer,16102380032
4,8841.719,optimizer,16102655488
4,8842.992,optimizer,16104961024
4,8844.253,optimizer,16105830400
4,8845.583,optimizer,16107289088
4,8846.821,optimizer,16107731456
4,8848.054,optimizer,16108417536
4,8849.307,optimizer,16108921344
4,8850.559,optimizer,16113651712
4,8851.791,optimizer,16112022016
4,8853.041,optimizer,16114843136
4,8854.388,optimizer,16113866752
4,8855.675,optimizer,16114567680
4,8856.91,optimizer,16115513856
4,8858.177,optimizer,16117362176
4,8859.49,optimizer,16118155264
4,8860.742,optimizer,16119839744
4,8862.003,optimizer,16119969792
4,8863.264,optimizer,16120456704
4,8864.565,optimizer,16121175552
4,8865.83,optimizer,16122317824
4,8867.07,optimizer,16123231744
4,8868.322,optimizer,16125898752
4,8869.562,optimizer,16126104064
4,8870.791,optimizer,16126836224
4,8872.021,optimizer,16127538688
4,8873.26,optimizer,16128375808
4,8874.51,optimizer,16129137664
4,8875.764,optimizer,16131883520
4,8877.003,optimizer,16132432384
4,8878.254,optimizer,16132740096
4,8879.497,optimizer,16133216256
4,8880.726,optimizer,16133330944
4,8881.951,optimizer,16135258112
4,8883.187,optimizer,16137787392
4,8884.427,optimizer,16139551232
4,8885.692,optimizer,16138889216
4,8886.926,optimizer,16139350528
4,8888.166,optimizer,16140721152
4,8889.414,optimizer,16141635584
4,8890.672,optimizer,16144228864
4,8891.932,optimizer,16144441856
4,8893.174,optimizer,16145367040
4,8894.414,optimizer,16146056704
4,8895.671,optimizer,16148378624
4,8896.932,optimizer,16149912064
4,8898.197,optimizer,16151674880
4,8899.436,optimizer,16151018496
4,8900.67,optimizer,16151717888
4,8901.966,optimizer,16151833600
4,8903.296,optimizer,16152292864
4,8904.627,optimizer,16151834112
4,8905.911,optimizer,16152751616
4,8907.203,optimizer,16152292864
4,8908.494,optimizer,16151834624
4,8909.769,optimizer,16151834624
4,8911.034,optimizer,16151899648
4,8912.303,optimizer,16151834112
4,8913.548,optimizer,16152292864
4,8914.79,optimizer,16151834624
4,8916.04,optimizer,16152293376
4,8917.301,optimizer,16151834112
4,8918.553,optimizer,16156683776
4,8919.806,optimizer,16152293376
4,8921.037,optimizer,16154258944
4,8922.281,optimizer,16151834112
4,8923.539,optimizer,16152751616
4,8924.796,optimizer,16152751616
4,8926.051,optimizer,16152751616
4,8927.303,optimizer,16152292864
4,8928.565,optimizer,16151834112
4,8929.798,optimizer,16151834624
4,8931.046,optimizer,16151834112
4,8932.295,optimizer,16154259968
4,8933.567,optimizer,16152292864
4,8934.805,optimizer,16152292864
4,8936.059,optimizer,16154258944
4,8937.31,optimizer,16151834624
4,8938.552,optimizer,16152293376
4,8939.788,optimizer,16152293376
4,8941.049,optimizer,16152293376
4,8942.306,optimizer,16157111296
4,8943.541,optimizer,16172151808
4,8944.779,optimizer,16186307584
4,8946.027,optimizer,16202461696
4,8947.279,optimizer,16214225920
4,8948.519,optimizer,16226972672
4,8949.752,optimizer,16243258368
4,8951.005,optimizer,16257446912
4,8952.251,optimizer,16272356352
4,8953.511,optimizer,16286708736
4,8954.774,optimizer,16301617664
4,8956.056,optimizer,16313871872
4,8957.315,optimizer,16202689024
4,8958.589,optimizer,16153077760
4,8959.825,optimizer,16181946368
4,8961.056,optimizer,16212420608
4,8962.314,optimizer,16243550208
4,8963.552,optimizer,16274647040
4,8964.793,optimizer,16306759680
4,8966.051,optimizer,16219662336
4,8967.324,optimizer,16156944384
4,8968.587,optimizer,16187713536
4,8969.815,optimizer,16219695104
4,8971.061,optimizer,16249448448
4,8972.297,optimizer,16280217600
4,8973.532,optimizer,16312166400
4,8974.765,optimizer,16196560896
4,8976.041,optimizer,16069847040
4,8977.297,optimizer,15988347392
4,8978.544,optimizer,15984626176
4,8979.782,optimizer,15980841472
4,8981.418,optimizer,15979173888
4,8982.651,optimizer,15979173888
4,8983.879,optimizer,15979173888
4,8985.115,optimizer,15979173888
