step,t_ms,phase,alloc_bytes
3,1.614,grad,15995787264
3,6.329,grad,15995787264
3,12.75,grad,15995795456
3,19.159,grad,15995795456
3,25.555,grad,15995795456
3,29.642,grad,15995795456
3,30.909,grad,16003272704
3,32.726,grad,16003401728
3,35.547,grad,16010856448
3,36.856,grad,16020178944
3,38.15,grad,16020178944
3,39.43,grad,16043363328
3,41.02,grad,16049720320
3,42.333,grad,16110541824
3,44.399,grad,16164150272
3,45.661,grad,16250035200
3,47.144,grad,16241810432
3,49.698,grad,16250153984
3,51.928,grad,16259476480
3,53.241,grad,16282660864
3,54.917,grad,16289017856
3,56.254,grad,16335159296
3,58.431,grad,16403447808
3,60.618,grad,16481107968
3,63.257,grad,16488566784
3,64.548,grad,16497889280
3,66.069,grad,16505229312
3,67.385,grad,16535753728
3,68.967,grad,16534770688
3,70.273,grad,16588317696
3,72.268,grad,16641860608
3,73.55,grad,16719520768
3,74.925,grad,16726864896
3,77.476,grad,16726864896
3,78.769,grad,16736302080
3,80.144,grad,16744691200
3,81.399,grad,16774232064
3,82.677,grad,16765843456
3,83.923,grad,16826730496
3,85.841,grad,16919070720
3,87.187,grad,17018750976
3,88.516,grad,16957933568
3,89.815,grad,16965277696
3,91.273,grad,16965277696
3,92.532,grad,16974714880
3,93.883,grad,16983104000
3,95.157,grad,17012644864
3,96.439,grad,17004256256
3,97.694,grad,17065143296
3,99.633,grad,17118686208
3,101.811,grad,17196346368
3,104.356,grad,17203690496
3,105.705,grad,17213127680
3,106.983,grad,17220467712
3,108.236,grad,17250992128
3,109.593,grad,17242669056
3,110.845,grad,17303556096
3,112.759,grad,17357099008
3,114.971,grad,17434759168
3,117.486,grad,17442103296
3,118.77,grad,17451540480
3,120.101,grad,17459929600
3,121.365,grad,17504150528
3,122.663,grad,17481081856
3,123.924,grad,17541968896
3,125.972,grad,17595511808
3,128.177,grad,17673171968
3,130.648,grad,17680516096
3,131.9,grad,17689953280
3,133.204,grad,17698342400
3,134.457,grad,17727883264
3,135.797,grad,17719494656
3,137.081,grad,17780381696
3,138.981,grad,17833924608
3,141.163,grad,17911584768
3,144.798,grad,17918928896
3,146.104,grad,17928366080
3,147.445,grad,17936755200
3,148.698,grad,17980976128
3,149.962,grad,17957907456
3,151.232,grad,18096389120
3,153.097,grad,18072337408
3,155.286,grad,18149997568
3,157.792,grad,18157341696
3,159.973,grad,18166778880
3,161.249,grad,18204643328
3,162.682,grad,18196320256
3,164.013,grad,18242461696
3,166.141,grad,18310750208
3,168.328,grad,18388410368
3,170.936,grad,18395754496
3,172.245,grad,18405191680
3,173.58,grad,18413580800
3,174.827,grad,18457801728
3,176.11,grad,18434733056
3,177.384,grad,18495620096
3,179.258,grad,18549163008
3,180.518,grad,18687640576
3,181.787,grad,18626823168
3,183.087,grad,18634167296
3,184.703,grad,18634167296
3,185.962,grad,18643604480
3,187.342,grad,18651993600
3,188.66,grad,18696214528
3,190.035,grad,18680485888
3,191.296,grad,18734032896
3,193.17,grad,18787575808
3,194.416,grad,18872576000
3,195.659,grad,18872580096
3,198.135,grad,18872580096
3,199.441,grad,18882017280
3,200.779,grad,18882017280
3,202.075,grad,18919881728
3,203.48,grad,18911558656
3,204.726,grad,18972445696
3,206.642,grad,19025988608
3,208.77,grad,19103648768
3,211.349,grad,19110992896
3,212.633,grad,19120430080
3,213.989,grad,19128819200
3,215.257,grad,19173040128
3,216.552,grad,19149971456
3,217.816,grad,19210858496
3,219.771,grad,19264401408
3,221.043,grad,19402878976
3,222.367,grad,19342061568
3,224.92,grad,19349405696
3,226.19,grad,19358842880
3,227.522,grad,19367232000
3,228.774,grad,19411452928
3,230.067,grad,19388384256
3,231.312,grad,19449271296
3,233.171,grad,19502814208
3,234.437,grad,19580474368
3,236.47,grad,19587818496
3,238.166,grad,19587818496
3,239.601,grad,19597255680
3,241.014,grad,19605644800
3,242.267,grad,19649865728
3,243.506,grad,19626797056
3,244.749,grad,19765278720
3,246.541,grad,19741227008
3,248.714,grad,19818887168
3,251.224,grad,19826231296
3,252.474,grad,19835668480
3,253.803,grad,19844057600
3,255.055,grad,19888278528
3,256.317,grad,19865209856
3,257.559,grad,19911351296
3,259.613,grad,19979639808
3,261.749,grad,20057299968
3,264.295,grad,20064644096
3,265.569,grad,20074081280
3,266.904,grad,20082470400
3,268.155,grad,20126691328
3,269.419,grad,20103622656
3,270.677,grad,20242104320
3,272.511,grad,20218052608
3,273.776,grad,20295712768
3,275.099,grad,20303056896
3,277.621,grad,20303056896
3,278.908,grad,20312494080
3,280.232,grad,20320883200
3,281.482,grad,20365104128
3,282.724,grad,20342035456
3,284.006,grad,20402922496
3,285.851,grad,20456465408
3,288.027,grad,20534125568
3,290.527,grad,20541469696
3,292.913,grad,20550906880
3,294.182,grad,20574091264
3,295.628,grad,20580448256
3,296.875,grad,20641335296
3,298.708,grad,20694878208
3,300.93,grad,20772538368
3,303.445,grad,20779882496
3,304.705,grad,20789319680
3,306.032,grad,20797708800
3,307.294,grad,20841929728
3,308.572,grad,20826201088
3,309.836,grad,20957342720
3,311.596,grad,20933291008
3,312.843,grad,21086448640
3,314.137,grad,21010951168
3,316.699,grad,21018295296
3,317.975,grad,21027732480
3,319.294,grad,21036121600
3,320.542,grad,21080342528
3,321.809,grad,21064613888
3,323.068,grad,21195755520
3,324.798,grad,21171703808
3,326.073,grad,21256704000
3,327.375,grad,21249363968
3,330.065,grad,21256708096
3,331.335,grad,21266145280
3,332.662,grad,21274534400
3,333.912,grad,21318755328
3,335.169,grad,21295686656
3,336.412,grad,21356573696
3,338.235,grad,21410116608
3,340.427,grad,21487776768
3,341.699,grad,21495120896
3,343.126,grad,21495120896
3,345.258,grad,21504558080
3,346.544,grad,21542422528
3,347.936,grad,21534099456
3,349.192,grad,21580240896
3,351.233,grad,21648529408
3,353.395,grad,21726189568
3,355.953,grad,21733533696
3,358.092,grad,21744019456
3,359.384,grad,21781883904
3,360.768,grad,21772512256
3,362.029,grad,21834447872
3,363.872,grad,21887990784
3,366.051,grad,21965650944
3,368.012,grad,21972995072
3,369.614,grad,21972995072
3,371.761,grad,21982432256
3,373.038,grad,22020296704
3,374.536,grad,22019313664
3,375.782,grad,22150455296
3,377.544,grad,22126403584
3,379.772,grad,22204063744
3,382.32,grad,22211407872
3,383.597,grad,22220845056
3,384.884,grad,22220845056
3,386.152,grad,22258709504
3,387.629,grad,22250386432
3,388.873,grad,22388868096
3,390.608,grad,22364816384
3,392.757,grad,22442476544
3,395.261,grad,22449820672
3,397.423,grad,22459257856
3,398.683,grad,22497122304
3,400.047,grad,22488799232
3,401.303,grad,22549686272
3,403.176,grad,22603229184
3,404.423,grad,22741706752
3,406.023,grad,22688233472
3,407.334,grad,23615179264
3,408.606,grad,23615193600
3,410.645,grad,23607840256
3,411.892,grad,23296413696
3,413.138,grad,23296413696
3,414.369,grad,23296413696
3,415.598,grad,23296413696
3,417.314,grad,23296404992
3,418.688,grad,22684652544
3,420.071,grad,22761421824
3,421.46,grad,22637624320
3,422.712,grad,22633167872
3,424.53,grad,22505374720
3,425.773,grad,22513626112
3,427.445,grad,22469404672
3,429.033,grad,22469404672
3,430.309,grad,22488279040
3,432.023,grad,22464522240
3,433.764,grad,22465703936
3,435.013,grad,22458030080
3,436.352,grad,22411827200
3,437.601,grad,22485620736
3,439.347,grad,22280495104
3,440.591,grad,22288680960
3,442.254,grad,22244525056
3,443.782,grad,22244525056
3,445.056,grad,22263333888
3,446.538,grad,22239642624
3,448.202,grad,22240824320
3,449.445,grad,22233379840
3,450.789,grad,22187176960
3,452.043,grad,22183441408
3,453.716,grad,22055189504
3,454.972,grad,22062982144
3,456.217,grad,22019220480
3,457.483,grad,22020268032
3,458.813,grad,22049103872
3,460.298,grad,22013845504
3,461.632,grad,22021677056
3,463.285,grad,22015518720
3,464.537,grad,22003814400
3,465.85,grad,21960036352
3,467.107,grad,21925105664
3,469.006,grad,21827262464
3,470.247,grad,21820833792
3,471.922,grad,21792340992
3,473.436,grad,21791292416
3,474.681,grad,21810035712
3,476.505,grad,21786409984
3,478.253,grad,21788017664
3,479.521,grad,21779360768
3,480.901,grad,21733157888
3,482.173,grad,21806230528
3,483.852,grad,21600384000
3,485.156,grad,21593955328
3,486.864,grad,21564414464
3,488.379,grad,21564413952
3,489.718,grad,21583616000
3,491.346,grad,21559531520
3,493.027,grad,21561139200
3,494.297,grad,21630076928
3,495.666,grad,21506279424
3,496.963,grad,21501757440
3,498.69,grad,21373505536
3,499.952,grad,21381298176
3,501.202,grad,21361768448
3,502.44,grad,21337535488
3,503.683,grad,21366961152
3,504.919,grad,21339501568
3,506.335,grad,21332653056
3,508.018,grad,21333736448
3,509.263,grad,21403198464
3,510.588,grad,21279400960
3,511.847,grad,21274878976
3,514.029,grad,21146627072
3,515.318,grad,21140198400
3,517.119,grad,21110657024
3,518.691,grad,21110657024
3,519.996,grad,21129531392
3,521.679,grad,21105774592
3,523.39,grad,21106857984
3,524.632,grad,21176320000
3,525.996,grad,21052522496
3,527.242,grad,21048000512
3,528.958,grad,20919748608
3,530.205,grad,20928000000
3,531.91,grad,20883778560
3,533.452,grad,20883778560
3,534.747,grad,20902718464
3,536.207,grad,20878896128
3,537.881,grad,20879979520
3,539.12,grad,20871846912
3,540.44,grad,20825644032
3,541.701,grad,20821122048
3,543.467,grad,20692870144
3,544.71,grad,20686048256
3,545.984,grad,20673793024
3,547.268,grad,20656900096
3,548.52,grad,20686325760
3,549.966,grad,20651526144
3,551.212,grad,20659357696
3,552.791,grad,20653101056
3,554.048,grad,20722563072
3,555.411,grad,20598765568
3,556.692,grad,20594243584
3,558.46,grad,20465991680
3,559.733,grad,20459497472
3,561.339,grad,20430021632
3,562.914,grad,20430021632
3,564.254,grad,20449223680
3,566.187,grad,20425139200
3,567.922,grad,20426222592
3,569.189,grad,20495684608
3,570.536,grad,20371887104
3,571.815,grad,20328567808
3,573.646,grad,20239113216
3,574.923,grad,20247364608
3,576.633,grad,20203143168
3,578.279,grad,20203143168
3,579.586,grad,20222017536
3,581.022,grad,20198260736
3,582.739,grad,20199344128
3,583.994,grad,20191342592
3,585.336,grad,20145139712
3,586.61,grad,20101820416
3,588.392,grad,20012365824
3,589.626,grad,20005543936
3,591.51,grad,19976395776
3,593.089,grad,19976395776
3,594.377,grad,19995270144
3,595.803,grad,19971513344
3,597.532,grad,19972596736
3,598.812,grad,19964398592
3,600.155,grad,19918261248
3,601.425,grad,19913739264
3,603.215,grad,19785487360
3,604.471,grad,19793738752
3,606.143,grad,19749517312
3,607.718,grad,19749517312
3,609.01,grad,19768391680
3,610.635,grad,19744634880
3,612.495,grad,19746570240
3,613.812,grad,19737520128
3,615.187,grad,19691382784
3,616.485,grad,19764455424
3,618.376,grad,19558608896
3,619.671,grad,19566860288
3,621.311,grad,19522638848
3,622.874,grad,19522638848
3,624.164,grad,19541513216
3,625.573,grad,19517756416
3,627.399,grad,19518839808
3,628.688,grad,19510707200
3,629.942,grad,19464569856
3,631.189,grad,19460047872
3,632.95,grad,19331795968
3,634.193,grad,19339129856
3,635.444,grad,19319534592
3,636.888,grad,19295825920
3,638.2,grad,19325186048
3,639.716,grad,19290451968
3,641.029,grad,19298283520
3,642.663,grad,19292026880
3,643.97,grad,19283894272
3,645.415,grad,19237691392
3,646.706,grad,19194372096
3,648.565,grad,19104983040
3,649.808,grad,19113234432
3,651.467,grad,19069012992
3,653.096,grad,19069012992
3,654.366,grad,19087887360
3,656.039,grad,19064130560
3,657.739,grad,19065213952
3,659.014,grad,19057081344
3,660.39,grad,19010878464
3,661.629,grad,19006356480
3,663.465,grad,18878104576
3,664.74,grad,18871675904
3,666.452,grad,18842134528
3,668.019,grad,18842134528
3,669.256,grad,18860943360
3,670.725,grad,18837252096
3,672.415,grad,18839252992
3,673.657,grad,18830202880
3,675.05,grad,18784000000
3,676.29,grad,18779478016
3,678.014,grad,18651226112
3,679.255,grad,18659018752
3,680.501,grad,18615256576
3,681.732,grad,18615256064
3,682.984,grad,18644616192
3,684.257,grad,18634130432
3,685.662,grad,18610373632
3,687.314,grad,18611457024
3,688.576,grad,18603324416
3,689.949,grad,18557121536
3,691.192,grad,18630194176
3,692.902,grad,18424347648
3,694.187,grad,18432599040
3,695.925,grad,18388377600
3,697.471,grad,18388377600
3,698.711,grad,18407186432
3,700.471,grad,18383495168
3,702.137,grad,18384578560
3,703.415,grad,18453975040
3,704.849,grad,18330243072
3,706.178,grad,18325721088
3,707.972,grad,18197469184
3,709.298,grad,18191040512
3,710.995,grad,18161499136
3,712.561,grad,18161499136
3,713.942,grad,18180373504
3,715.414,grad,18156616704
3,717.113,grad,18157700096
3,718.395,grad,18149567488
3,719.768,grad,18103364608
3,721.052,grad,18098842624
3,722.824,grad,17970656256
3,724.097,grad,17978514432
3,725.342,grad,17942141952
3,726.6,grad,17934686208
3,727.869,grad,17964111872
3,729.322,grad,17929312256
3,730.56,grad,17937143808
3,732.149,grad,17930887168
3,733.387,grad,17922754560
3,734.768,grad,17876551680
3,736.045,grad,17872029696
3,737.775,grad,17743777792
3,739.031,grad,17737349120
3,740.766,grad,17707808256
3,742.266,grad,17707807744
3,743.528,grad,17726747648
3,745.245,grad,17702925312
3,746.937,grad,17704008704
3,748.219,grad,17773405184
3,749.588,grad,17649673216
3,750.879,grad,17606386688
3,752.692,grad,17516932096
3,753.99,grad,17525183488
3,755.723,grad,17480962048
3,757.314,grad,17480962048
3,758.581,grad,17499901952
3,760.042,grad,17476079616
3,761.669,grad,17477163008
3,762.907,grad,17469030400
3,764.385,grad,17422827520
3,765.625,grad,17379573760
3,767.424,grad,17290119168
3,768.684,grad,17297977344
3,769.922,grad,17254149120
3,771.166,grad,17254149120
3,772.42,grad,17283574784
3,773.849,grad,17248775168
3,775.105,grad,17256606720
3,776.689,grad,17250350080
3,777.923,grad,17242217472
3,779.274,grad,17196014592
3,780.518,grad,17152760832
3,782.329,grad,17063306240
3,783.569,grad,17071557632
3,785.198,grad,17027336192
3,786.78,grad,17027336192
3,788.062,grad,17046210560
3,789.688,grad,17022453760
3,791.457,grad,17023537152
3,792.697,grad,17015404544
3,794.034,grad,16969201664
3,795.326,grad,16964679680
3,797.241,grad,16836493312
3,798.527,grad,16844744704
3,800.211,grad,16800523264
3,801.856,grad,16800523264
3,803.2,grad,16819463168
3,804.681,grad,16795640832
3,806.481,grad,16796724224
3,807.8,grad,16866120704
3,809.187,grad,16742388736
3,810.484,grad,16737866752
3,812.374,grad,16609614848
3,813.681,grad,16617473024
3,815.65,grad,16573645312
3,817.291,grad,16573644800
3,818.597,grad,16592453632
3,820.194,grad,16575217664
3,821.906,grad,16568961024
3,823.229,grad,16560828416
3,824.612,grad,16514625536
3,825.869,grad,16471306240
3,827.769,grad,16381917184
3,829.053,grad,16368148480
3,830.728,grad,16338607104
3,832.391,grad,16338344960
3,833.715,grad,16357219328
3,835.492,grad,16333462528
3,836.776,grad,16323533824
3,838.031,grad,16323533824
3,839.621,grad,16323533312
3,841.585,grad,16323533312
3,843.012,grad,16323533312
3,844.288,grad,16323533312
3,847.971,grad,16323533312
3,853.083,grad,16323533312
3,859.443,grad,16323541504
3,866.027,grad,16323541504
3,872.417,grad,16323541504
3,876.726,grad,16323541504
3,878.014,grad,16331018752
3,879.684,grad,16331147776
3,880.958,grad,16338487808
3,882.619,grad,16338487808
3,883.915,grad,16347924992
3,885.201,grad,16347924992
3,886.444,grad,16371109376
3,888.007,grad,16377466368
3,889.276,grad,16438287872
3,891.28,grad,16491896320
3,892.529,grad,16569556480
3,893.806,grad,16569556480
3,895.141,grad,16576900608
3,896.852,grad,16576900608
3,898.174,grad,16586337792
3,899.602,grad,16594726912
3,900.938,grad,16625152512
3,902.27,grad,16616763904
3,903.554,grad,16676700672
3,905.673,grad,16730309120
3,906.926,grad,16807969280
3,908.226,grad,16816198144
3,910.67,grad,16816198144
3,911.948,grad,16825635328
3,913.236,grad,16832975360
3,914.577,grad,16841479680
3,916.262,grad,16855176704
3,917.573,grad,16915998208
3,919.61,grad,16969606656
3,920.875,grad,17054606848
3,922.127,grad,17054610944
3,924.627,grad,17054610944
3,926.011,grad,17064048128
3,927.349,grad,17064048128
3,928.689,grad,17087232512
3,930.285,grad,17093589504
3,931.575,grad,17154476544
3,933.679,grad,17208019456
3,934.961,grad,17346497024
3,936.364,grad,17285679616
3,939.037,grad,17293138432
3,940.336,grad,17302460928
3,941.654,grad,17310850048
3,942.943,grad,17340325376
3,944.428,grad,17332002304
3,945.739,grad,17392889344
3,947.712,grad,17446432256
3,949.074,grad,17524092416
3,950.402,grad,17531436544
3,953.065,grad,17531436544
3,954.326,grad,17540873728
3,955.575,grad,17540873728
3,956.883,grad,17578738176
3,958.32,grad,17570415104
3,959.606,grad,17631302144
3,961.611,grad,17684845056
3,963.876,grad,17769845248
3,966.603,grad,17769964032
3,967.894,grad,17779286528
3,969.178,grad,17779286528
3,970.466,grad,17817150976
3,971.928,grad,17808827904
3,973.212,grad,17816172032
3,974.466,grad,18000852480
3,975.703,grad,17962055168
3,977.877,grad,18000918016
3,980.423,grad,18008262144
3,981.706,grad,18017699328
3,982.993,grad,18025039360
3,984.243,grad,18040883712
3,985.705,grad,18047240704
3,986.96,grad,18108062208
3,988.97,grad,18161670656
3,990.227,grad,18246670848
3,991.646,grad,18246674944
3,994.231,grad,18246674944
3,995.51,grad,18256112128
3,996.772,grad,18263452160
3,998.05,grad,18293976576
3,999.45,grad,18285653504
3,1000.694,grad,18346540544
3,1002.629,grad,18400083456
3,1004.783,grad,18477743616
3,1007.425,grad,18485202432
3,1009.762,grad,18494524928
3,1011.049,grad,18517709312
3,1012.613,grad,18524066304
3,1013.913,grad,18584953344
3,1016.006,grad,18677293568
3,1017.303,grad,18723496448
3,1018.633,grad,18723500544
3,1021.066,grad,18723500544
3,1022.355,grad,18732937728
3,1023.754,grad,18741326848
3,1025.036,grad,18770867712
3,1026.434,grad,18762479104
3,1027.73,grad,18823300608
3,1029.947,grad,18876909056
3,1031.241,grad,19030066688
3,1032.607,grad,18954569216
3,1035.39,grad,18961913344
3,1036.711,grad,18971350528
3,1038.042,grad,18971350528
3,1039.324,grad,18994534912
3,1040.867,grad,19000891904
3,1042.123,grad,19061713408
3,1044.078,grad,19115321856
3,1045.419,grad,19200322048
3,1046.707,grad,19192982016
3,1050.234,grad,19200326144
3,1051.611,grad,19209763328
3,1052.872,grad,19209763328
3,1054.12,grad,19232947712
3,1055.841,grad,19246644736
3,1057.155,grad,19300191744
3,1059.156,grad,19353734656
3,1060.44,grad,19438734848
3,1061.746,grad,19438738944
3,1064.203,grad,19438738944
3,1065.535,grad,19448176128
3,1066.854,grad,19455516160
3,1068.137,grad,19486040576
3,1069.764,grad,19477717504
3,1071.091,grad,19538604544
3,1073.076,grad,19592147456
3,1074.37,grad,19730625024
3,1075.701,grad,19669807616
3,1077.024,grad,19677151744
3,1078.459,grad,19677151744
3,1079.758,grad,19686588928
3,1081.127,grad,19694978048
3,1082.381,grad,19724518912
3,1083.698,grad,19716130304
3,1084.952,grad,19776951808
3,1086.937,grad,19830560256
3,1088.219,grad,19915560448
3,1089.517,grad,19908220416
3,1092.198,grad,19915564544
3,1093.452,grad,19925001728
3,1094.698,grad,19933390848
3,1095.951,grad,19962866176
3,1097.591,grad,19954543104
3,1098.876,grad,20015430144
3,1100.768,grad,20068973056
3,1102.04,grad,20207450624
3,1103.424,grad,20153977344
3,1105.958,grad,20153977344
3,1107.345,grad,20163414528
3,1108.629,grad,20163414528
3,1109.889,grad,20201278976
3,1111.345,grad,20192955904
3,1112.591,grad,20253842944
3,1114.54,grad,20307385856
3,1116.83,grad,20385046016
3,1119.377,grad,20392390144
3,1120.634,grad,20401827328
3,1121.979,grad,20410216448
3,1123.234,grad,20454437376
3,1124.513,grad,20431368704
3,1125.772,grad,20477510144
3,1127.827,grad,20545798656
3,1130.127,grad,20623458816
3,1132.644,grad,20630802944
3,1133.892,grad,20640240128
3,1135.215,grad,20648629248
3,1136.57,grad,20707530240
3,1137.945,grad,20677121536
3,1139.259,grad,20730668544
3,1141.142,grad,20784211456
3,1142.396,grad,20922689024
3,1143.781,grad,20869211648
3,1146.427,grad,20869215744
3,1148.59,grad,20878652928
3,1149.919,grad,20916517376
3,1151.295,grad,20908194304
3,1152.557,grad,20969081344
3,1154.525,grad,21022624256
3,1155.815,grad,21107624448
3,1157.224,grad,21107628544
3,1159.633,grad,21107628544
3,1160.924,grad,21117065728
3,1162.239,grad,21117065728
3,1163.498,grad,21154930176
3,1164.933,grad,21146607104
3,1166.182,grad,21207428608
3,1168.129,grad,21261037056
3,1169.373,grad,21338697216
3,1170.66,grad,21346041344
3,1173.045,grad,21346041344
3,1174.304,grad,21355478528
3,1175.633,grad,21363867648
3,1176.897,grad,21408088576
3,1178.244,grad,21399699968
3,1179.587,grad,21445906944
3,1181.666,grad,21499449856
3,1182.885,grad,21637927424
3,1184.196,grad,21584454144
3,1186.633,grad,21584454144
3,1187.881,grad,21593891328
3,1189.214,grad,21602280448
3,1190.458,grad,21646501376
3,1191.737,grad,21623432704
3,1192.988,grad,21684319744
3,1194.911,grad,21737862656
3,1196.165,grad,21822862848
3,1197.488,grad,21822866944
3,1200.117,grad,21822866944
3,1201.383,grad,21832304128
3,1202.728,grad,21840693248
3,1203.993,grad,21884914176
3,1205.29,grad,21861845504
3,1206.564,grad,21922732544
3,1208.453,grad,21976275456
3,1210.637,grad,22053935616
3,1213.205,grad,22061279744
3,1214.509,grad,22070716928
3,1215.778,grad,22079105536
3,1217.058,grad,22086561280
3,1218.657,grad,22100258304
3,1219.912,grad,22161145344
3,1221.784,grad,22214688256
3,1223.978,grad,22292348416
3,1226.546,grad,22299692544
3,1227.795,grad,22309129728
3,1229.125,grad,22317518848
3,1230.369,grad,22361739776
3,1231.639,grad,22338671104
3,1232.88,grad,22399558144
3,1234.874,grad,22453101056
3,1237.109,grad,22530761216
3,1239.69,grad,22538105344
3,1241.001,grad,22547542528
3,1242.332,grad,22555931648
3,1243.584,grad,22600152576
3,1244.884,grad,22584423936
3,1246.136,grad,22637970944
3,1248.05,grad,22691513856
3,1250.266,grad,22769174016
3,1252.975,grad,22776518144
3,1254.235,grad,22785955328
3,1255.562,grad,22794344448
3,1256.807,grad,22823885312
3,1258.111,grad,22815496704
3,1259.385,grad,22876383744
3,1261.312,grad,22929926656
3,1263.303,grad,23007586816
3,1264.576,grad,23941876736
3,1265.83,grad,23941893632
3,1268.574,grad,23934537728
3,1269.818,grad,23623111168
3,1271.097,grad,23623111168
3,1272.414,grad,23623111168
3,1273.893,grad,23623112704
3,1275.56,grad,23011776000
3,1276.831,grad,23010459136
3,1278.097,grad,22964256256
3,1279.444,grad,22964256256
3,1280.726,grad,22959734272
3,1282.479,grad,22831482368
3,1283.782,grad,22825053696
3,1285.494,grad,22795512320
3,1287.034,grad,22795512320
3,1288.276,grad,22814321152
3,1289.756,grad,22790629888
3,1291.433,grad,22792237568
3,1292.672,grad,22861175296
3,1294.037,grad,22737377792
3,1295.291,grad,22810450432
3,1297.029,grad,22604603904
3,1298.268,grad,22598175232
3,1299.952,grad,22568633856
3,1301.688,grad,22568633856
3,1302.968,grad,22587508224
3,1304.441,grad,22563751424
3,1306.247,grad,22564834816
3,1307.541,grad,22595433984
3,1308.789,grad,22510499328
3,1310.041,grad,22506042880
3,1311.767,grad,22377790976
3,1313.11,grad,22371296768
3,1314.766,grad,22341820928
3,1316.314,grad,22341820928
3,1317.598,grad,22360695296
3,1319.08,grad,22336938496
3,1320.694,grad,22338021888
3,1321.969,grad,22407877120
3,1323.521,grad,22284079616
3,1324.822,grad,22240760320
3,1326.673,grad,22151698944
3,1327.958,grad,22145270272
3,1329.679,grad,22115728896
3,1331.27,grad,22115728896
3,1332.587,grad,22134603264
3,1334.063,grad,22110846464
3,1335.727,grad,22111929856
3,1337.012,grad,22103797248
3,1338.35,grad,22057594368
3,1339.617,grad,22014668288
3,1341.397,grad,21925213696
3,1342.673,grad,21918719488
3,1344.29,grad,21889243648
3,1345.846,grad,21889243648
3,1347.127,grad,21905365504
3,1348.845,grad,21884361216
3,1350.558,grad,21885444608
3,1351.792,grad,21955299840
3,1353.127,grad,21831502336
3,1354.404,grad,21826980352
3,1356.304,grad,21699121664
3,1357.624,grad,21707373056
3,1359.339,grad,21663151616
3,1360.922,grad,21663151616
3,1362.212,grad,21682025984
3,1363.664,grad,21658269184
3,1365.47,grad,21659352576
3,1366.7,grad,21728814592
3,1368.016,grad,21605017088
3,1369.272,grad,21600888320
3,1371.433,grad,21479976448
3,1372.75,grad,21480822272
3,1374.402,grad,21436666368
3,1376.026,grad,21436666368
3,1377.343,grad,21455540736
3,1378.759,grad,21431783936
3,1380.46,grad,21432867328
3,1381.695,grad,21502722560
3,1383.0,grad,21378925056
3,1384.235,grad,21374403072
3,1386.018,grad,21246544384
3,1387.277,grad,21254795776
3,1388.919,grad,21210574336
3,1390.441,grad,21210574336
3,1391.715,grad,21229448704
3,1393.362,grad,21205691904
3,1395.105,grad,21206775296
3,1396.358,grad,21198642688
3,1397.73,grad,21152439808
3,1399.015,grad,21147917824
3,1400.765,grad,21019665920
3,1402.053,grad,21027917312
3,1403.717,grad,20983695872
3,1405.362,grad,20983695872
3,1406.674,grad,21002570240
3,1408.097,grad,20978813440
3,1409.772,grad,20979896832
3,1411.085,grad,20971764224
3,1412.424,grad,20925561344
3,1413.684,grad,20998633984
3,1415.417,grad,20792852992
3,1416.686,grad,20800711168
3,1417.88,grad,20756882944
3,1419.154,grad,20757931520
3,1420.597,grad,20786767360
3,1422.03,grad,20751508992
3,1423.275,grad,20759340544
3,1424.841,grad,20753083904
3,1426.125,grad,20744951296
3,1427.511,grad,20698748416
3,1428.78,grad,20771821056
3,1430.456,grad,20565974528
3,1431.791,grad,20559545856
3,1433.446,grad,20530004480
3,1434.996,grad,20530004480
3,1436.233,grad,20548747776
3,1437.985,grad,20525122048
3,1439.697,grad,20526205440
3,1441.056,grad,20518072832
3,1442.438,grad,20471869952
3,1443.701,grad,20544942592
3,1445.463,grad,20346501632
3,1446.724,grad,20332667392
3,1448.383,grad,20303191552
3,1449.958,grad,20303191552
3,1451.293,grad,20322065920
3,1452.73,grad,20298309120
3,1454.371,grad,20299392512
3,1455.61,grad,20368854528
3,1456.984,grad,20245057024
3,1458.268,grad,20240535040
3,1460.018,grad,20112348672
3,1461.261,grad,20120206848
3,1462.507,grad,20076378624
3,1463.749,grad,20076378624
3,1465.036,grad,20076378624
3,1466.392,grad,20095252992
3,1467.83,grad,20071496192
3,1469.494,grad,20072579584
3,1470.748,grad,20142041600
3,1472.166,grad,20018244096
3,1473.441,grad,20013722112
3,1475.181,grad,19885470208
3,1476.463,grad,19878976000
3,1478.079,grad,19849500160
3,1479.579,grad,19849500160
3,1480.82,grad,19868374528
3,1482.503,grad,19844617728
3,1484.191,grad,19845701120
3,1485.46,grad,19837502976
3,1486.868,grad,19791365632
3,1488.157,grad,19748046336
3,1489.955,grad,19658657280
3,1491.237,grad,19666908672
3,1492.96,grad,19622687232
3,1494.485,grad,19622687232
3,1495.786,grad,19641561600
3,1497.356,grad,19617804800
3,1499.134,grad,19618888192
3,1500.458,grad,19688350208
3,1501.821,grad,19564552704
3,1503.114,grad,19560030720
3,1504.361,grad,19431844352
3,1505.891,grad,19439184384
3,1507.205,grad,19410670080
3,1508.573,grad,19395874816
3,1510.026,grad,19395874304
3,1511.332,grad,19414748672
3,1512.816,grad,19390991872
3,1514.469,grad,19392075264
3,1515.752,grad,19461537280
3,1517.158,grad,19337739776
3,1518.405,grad,19333217792
3,1520.218,grad,19205031424
3,1521.51,grad,19198537216
3,1523.196,grad,19169061376
3,1524.742,grad,19169061376
3,1526.071,grad,19187935744
3,1527.836,grad,19164178944
3,1529.538,grad,19165262336
3,1530.796,grad,19234724352
3,1532.131,grad,19110926848
3,1533.375,grad,19106404864
3,1535.181,grad,18978218496
3,1536.449,grad,18971789824
3,1538.209,grad,18942248960
3,1539.714,grad,18942248448
3,1541.03,grad,18961122816
3,1542.453,grad,18937366016
3,1544.207,grad,18938449408
3,1545.469,grad,19007911424
3,1546.821,grad,18884113920
3,1548.073,grad,18840794624
3,1549.839,grad,18751405568
3,1551.12,grad,18758739456
3,1552.369,grad,18747008512
3,1553.704,grad,18715435520
3,1554.963,grad,18730115584
3,1556.223,grad,18734375424
3,1557.661,grad,18710553088
3,1559.387,grad,18711636480
3,1560.658,grad,18781098496
3,1561.98,grad,18657300992
3,1563.23,grad,18589864448
3,1564.468,grad,18524527104
3,1565.751,grad,18531867136
3,1567.015,grad,18503352832
3,1568.275,grad,18488557568
3,1569.801,grad,18488557056
3,1571.12,grad,18507431424
3,1572.836,grad,18483674624
3,1574.696,grad,18484758016
3,1575.985,grad,18554220032
3,1577.351,grad,18430422528
3,1578.616,grad,18387103232
3,1580.396,grad,18297714176
3,1581.648,grad,18305965568
3,1583.281,grad,18261744128
3,1584.887,grad,18261744128
3,1586.212,grad,18280618496
3,1587.673,grad,18256861696
3,1589.368,grad,18257945088
3,1590.611,grad,18327407104
3,1591.939,grad,18203609600
3,1593.204,grad,18199087616
3,1594.984,grad,18070901248
3,1596.257,grad,18078759424
3,1597.532,grad,18034931200
3,1598.887,grad,18035979776
3,1600.176,grad,18064356864
3,1601.618,grad,18029557248
3,1602.895,grad,18037388800
3,1604.587,grad,18031132160
3,1605.885,grad,18022934016
3,1607.176,grad,17976796672
3,1608.44,grad,17933477376
3,1610.291,grad,17844088320
3,1611.61,grad,17852274176
3,1613.316,grad,17808118272
3,1614.913,grad,17808118272
3,1616.202,grad,17826927104
3,1618.034,grad,17803235840
3,1619.745,grad,17804319232
3,1621.004,grad,17796186624
3,1622.379,grad,17749983744
3,1623.637,grad,17745461760
3,1625.411,grad,17617275392
3,1626.676,grad,17625526784
3,1628.358,grad,17581305344
3,1629.987,grad,17581305344
3,1631.269,grad,17600245248
3,1632.693,grad,17576422912
3,1634.354,grad,17577506304
3,1635.65,grad,17569373696
3,1637.017,grad,17523170816
3,1638.274,grad,17518648832
3,1640.145,grad,17390462464
3,1641.397,grad,17383640576
3,1643.337,grad,17354492928
3,1644.912,grad,17354492416
3,1646.225,grad,17373366784
3,1647.684,grad,17349609984
3,1649.369,grad,17350693376
3,1650.613,grad,17342560768
3,1652.006,grad,17296357888
3,1653.275,grad,17291835904
3,1655.044,grad,17163649536
3,1656.298,grad,17157220864
3,1658.019,grad,17127679488
3,1659.555,grad,17127679488
3,1660.807,grad,17146488320
3,1662.558,grad,17122797056
3,1664.527,grad,17123880448
3,1665.829,grad,17114797568
3,1667.137,grad,17068660224
3,1668.421,grad,16986543616
3,1670.271,grad,16936836608
3,1671.518,grad,16930407936
3,1673.234,grad,16900866560
3,1674.757,grad,16900866560
3,1676.02,grad,16920068608
3,1677.582,grad,16895984128
3,1679.317,grad,16897067520
3,1680.555,grad,16888934912
3,1681.947,grad,16842732032
3,1683.224,grad,16838210048
3,1685.1,grad,16710023680
3,1686.467,grad,16710476288
3,1687.749,grad,16690946560
3,1689.023,grad,16666713600
3,1690.293,grad,16695811584
3,1691.586,grad,16685325824
3,1693.109,grad,16661569024
3,1694.367,grad,16651640320
3,1695.61,grad,16651640320
3,1697.03,grad,16651639808
3,1699.04,grad,16651639808
3,1700.402,grad,16651639808
3,1701.712,grad,16651639808
3,1705.834,grad,16651639808
3,1710.497,grad,16651639808
3,1716.885,grad,16651648000
3,1723.27,grad,16651648000
3,1729.664,grad,16651648000
3,1733.968,grad,16651648000
3,1735.268,grad,16659125248
3,1737.123,grad,16666594304
3,1739.762,grad,16666594304
3,1741.151,grad,16676031488
3,1742.482,grad,16676031488
3,1743.793,grad,16699215872
3,1745.515,grad,16705572864
3,1746.788,grad,16766459904
3,1748.731,grad,16820002816
3,1750.004,grad,16905003008
3,1751.91,grad,16905003008
3,1754.54,grad,16905007104
3,1755.816,grad,16914444288
3,1757.129,grad,16914444288
3,1758.384,grad,16937628672
3,1759.903,grad,16943985664
3,1761.195,grad,17004807168
3,1763.203,grad,17058415616
3,1764.462,grad,17136075776
3,1765.75,grad,17143419904
3,1768.156,grad,17143419904
3,1769.417,grad,17152857088
3,1770.668,grad,17161245696
3,1771.957,grad,17168701440
3,1773.637,grad,17182398464
3,1774.919,grad,17243219968
3,1777.029,grad,17296828416
3,1778.289,grad,17427965952
3,1779.569,grad,17381828608
3,1782.217,grad,17381832704
3,1783.474,grad,17391269888
3,1784.816,grad,17399659008
3,1786.094,grad,17443879936
3,1787.389,grad,17420811264
3,1788.639,grad,17481698304
3,1790.547,grad,17535241216
3,1791.812,grad,17673718784
3,1793.235,grad,17612901376
3,1795.828,grad,17620245504
3,1797.124,grad,17629682688
3,1798.552,grad,17638071808
3,1799.873,grad,17682292736
3,1801.19,grad,17659224064
3,1802.503,grad,17720045568
3,1804.592,grad,17812451328
3,1805.904,grad,17858654208
3,1807.258,grad,17858658304
3,1809.952,grad,17858658304
3,1811.269,grad,17868095488
3,1812.575,grad,17868095488
3,1813.885,grad,17891279872
3,1815.531,grad,17897636864
3,1816.847,grad,17958523904
3,1818.933,grad,18012066816
3,1820.282,grad,18097067008
3,1821.645,grad,18097071104
3,1824.136,grad,18097071104
3,1825.534,grad,18106508288
3,1826.896,grad,18106508288
3,1828.181,grad,18129692672
3,1829.742,grad,18136049664
3,1831.051,grad,18143393792
3,1832.311,grad,18328074240
3,1833.627,grad,18289276928
3,1834.889,grad,18328139776
3,1836.229,grad,18335483904
3,1838.728,grad,18335483904
3,1840.005,grad,18344921088
3,1841.387,grad,18353310208
3,1842.673,grad,18382851072
3,1844.063,grad,18374462464
3,1845.335,grad,18435349504
3,1847.347,grad,18488892416
3,1849.598,grad,18573892608
3,1852.452,grad,18573896704
3,1853.778,grad,18583333888
3,1855.056,grad,18583333888
3,1856.388,grad,18606518272
3,1858.087,grad,18612875264
3,1859.376,grad,18673762304
3,1861.357,grad,18727305216
3,1862.651,grad,18858442752
3,1863.935,grad,18812305408
3,1866.489,grad,18812309504
3,1867.758,grad,18821746688
3,1869.111,grad,18821746688
3,1870.451,grad,18859611136
3,1872.064,grad,18851288064
3,1873.358,grad,18912109568
3,1875.457,grad,18965718016
3,1876.781,grad,19043378176
3,1878.219,grad,19050722304
3,1880.69,grad,19050836992
3,1882.013,grad,19060159488
3,1883.327,grad,19068548096
3,1884.634,grad,19098023936
3,1886.154,grad,19089700864
3,1887.438,grad,19150587904
3,1889.587,grad,19242928128
3,1890.911,grad,19289131008
3,1892.226,grad,19281790976
3,1894.789,grad,19289135104
3,1896.061,grad,19298572288
3,1897.355,grad,19306961408
3,1898.638,grad,19336436736
3,1900.144,grad,19328113664
3,1901.462,grad,19389000704
3,1903.47,grad,19442543616
3,1904.763,grad,19527543808
3,1906.051,grad,19527547904
3,1908.78,grad,19527547904
3,1910.063,grad,19536985088
3,1911.429,grad,19545374208
3,1912.724,grad,19574915072
3,1914.193,grad,19566526464
3,1915.464,grad,19627413504
3,1917.472,grad,19680956416
3,1919.683,grad,19758616576
3,1922.394,grad,19766075392
3,1923.723,grad,19775397888
3,1925.146,grad,19783787008
3,1926.451,grad,19798582272
3,1928.075,grad,19804939264
3,1929.332,grad,19865760768
3,1931.349,grad,19919369216
3,1932.613,grad,20072526848
3,1933.941,grad,20004369408
3,1936.605,grad,20004373504
3,1937.907,grad,20013810688
3,1939.188,grad,20013810688
3,1940.443,grad,20036995072
3,1942.0,grad,20043352064
3,1943.295,grad,20104173568
3,1945.564,grad,20196579328
3,1947.821,grad,20235442176
3,1950.516,grad,20242900992
3,1951.817,grad,20252223488
3,1953.135,grad,20259563520
3,1954.391,grad,20290087936
3,1955.951,grad,20289104896
3,1957.237,grad,20342651904
3,1959.187,grad,20396194816
3,1961.472,grad,20473854976
3,1964.274,grad,20481199104
3,1965.565,grad,20490636288
3,1966.84,grad,20497976320
3,1968.124,grad,20528500736
3,1969.534,grad,20520177664
3,1970.781,grad,20581064704
3,1972.803,grad,20634607616
3,1974.081,grad,20719607808
3,1975.35,grad,20719611904
3,1977.8,grad,20719611904
3,1979.083,grad,20729049088
3,1980.334,grad,20737437696
3,1981.644,grad,20737438208
3,1982.981,grad,20766979072
3,1984.416,grad,20758590464
3,1985.716,grad,20819477504
3,1987.706,grad,20873020416
3,1988.992,grad,21004157952
3,1990.252,grad,20950680576
3,1992.938,grad,20958024704
3,1994.224,grad,20967461888
3,1995.503,grad,20967461888
3,1996.812,grad,20990646272
3,1998.489,grad,20997003264
3,1999.761,grad,21057890304
3,2001.795,grad,21111433216
3,2003.284,grad,21249910784
3,2004.683,grad,21189093376
3,2007.379,grad,21196552192
3,2008.703,grad,21205874688
3,2010.056,grad,21205874688
3,2011.345,grad,21229059072
3,2013.107,grad,21235416064
3,2014.412,grad,21296237568
3,2015.669,grad,21427440640
3,2016.912,grad,21388643328
3,2019.118,grad,21427506176
3,2021.921,grad,21434850304
3,2023.218,grad,21444287488
3,2024.512,grad,21444287488
3,2025.762,grad,21467471872
3,2027.368,grad,21473828864
3,2028.642,grad,21534650368
3,2029.892,grad,21743448064
3,2031.176,grad,21627056128
3,2032.443,grad,21726736384
3,2033.785,grad,21665918976
3,2035.202,grad,21673263104
3,2036.723,grad,21673263104
3,2037.988,grad,21682700288
3,2039.283,grad,21682700288
3,2040.531,grad,21698544640
3,2042.296,grad,21712241664
3,2043.545,grad,21773063168
3,2044.852,grad,21865468928
3,2046.298,grad,21865468928
3,2048.414,grad,21904331776
3,2051.097,grad,21911675904
3,2052.39,grad,21921113088
3,2053.715,grad,21921113088
3,2055.0,grad,21944297472
3,2056.755,grad,21957994496
3,2058.077,grad,22011541504
3,2060.155,grad,22065084416
3,2061.601,grad,22196221952
3,2062.916,grad,22142744576
3,2065.596,grad,22150088704
3,2066.874,grad,22159525888
3,2068.136,grad,22159525888
3,2069.46,grad,22182710272
3,2071.1,grad,22189067264
3,2072.429,grad,22249954304
3,2073.706,grad,22381091840
3,2075.148,grad,22342294528
3,2077.272,grad,22381157376
3,2080.063,grad,22388501504
3,2081.337,grad,22397938688
3,2082.652,grad,22397938688
3,2083.909,grad,22413783040
3,2085.662,grad,22427480064
3,2086.915,grad,22488301568
3,2088.994,grad,22541910016
3,2090.25,grad,22680387584
3,2091.584,grad,22626914304
3,2094.164,grad,22626914304
3,2095.429,grad,22636810240
3,2096.725,grad,22636810240
3,2098.068,grad,22652654592
3,2099.84,grad,22665892864
3,2101.121,grad,22727238656
3,2103.145,grad,22780781568
3,2104.405,grad,22933939200
3,2105.727,grad,22858441728
3,2108.349,grad,22865785856
3,2109.626,grad,22875223040
3,2110.937,grad,22875223040
3,2112.224,grad,22898407424
3,2113.829,grad,22904764416
3,2115.158,grad,22965585920
3,2117.485,grad,23019194368
3,2118.824,grad,23150331904
3,2120.144,grad,23096854528
3,2122.768,grad,23104198656
3,2124.131,grad,23113635840
3,2125.957,grad,23113635840
3,2127.289,grad,23122024448
3,2128.717,grad,23166245888
3,2130.109,grad,23157861376
3,2131.404,grad,23281658880
3,2133.541,grad,23257607168
3,2134.82,grad,23410764800
3,2136.113,grad,23342611456
3,2137.928,grad,24269557248
3,2139.213,grad,24269570560
3,2142.094,grad,24262218240
3,2143.388,grad,23950791680
3,2144.669,grad,23950791680
3,2145.888,grad,23950791680
3,2147.447,grad,23950793216
3,2149.266,grad,23339456512
3,2150.528,grad,23338401792
3,2151.852,grad,23292264448
3,2153.127,grad,23288070144
3,2154.918,grad,23159818240
3,2156.18,grad,23153389568
3,2157.926,grad,23123848192
3,2159.479,grad,23123848192
3,2160.772,grad,23142788096
3,2162.196,grad,23118965760
3,2163.932,grad,23120573440
3,2165.248,grad,23124171776
3,2166.622,grad,23065713664
3,2167.891,grad,23029734400
3,2169.147,grad,22940670976
3,2170.552,grad,22940673024
3,2171.839,grad,22912158720
3,2173.126,grad,22897362944
3,2174.654,grad,22897362944
3,2175.922,grad,22916171776
3,2177.41,grad,22892480512
3,2179.116,grad,22893563904
3,2180.384,grad,22962567168
3,2181.708,grad,22838769664
3,2182.991,grad,22912235520
3,2184.667,grad,22706388992
3,2185.897,grad,22699960320
3,2187.768,grad,22670418944
3,2189.349,grad,22670418944
3,2190.624,grad,22689358848
3,2192.058,grad,22665536512
3,2193.729,grad,22667537408
3,2194.998,grad,22736081920
3,2196.313,grad,22612284416
3,2197.582,grad,22685357056
3,2199.313,grad,22479510528
3,2200.567,grad,22473016320
3,2202.117,grad,22443540992
3,2203.599,grad,22443540480
3,2204.872,grad,22462414848
3,2206.276,grad,22438658048
3,2208.165,grad,22439741440
3,2209.452,grad,22509203456
3,2210.784,grad,22385405952
3,2212.085,grad,22380883968
3,2213.819,grad,22252697600
3,2215.088,grad,22260948992
3,2216.734,grad,22216727552
3,2218.254,grad,22216727552
3,2219.523,grad,22235601920
3,2220.914,grad,22211845120
3,2222.556,grad,22212928512
3,2223.822,grad,22282390528
3,2225.146,grad,22158593024
3,2226.393,grad,22154071040
3,2228.115,grad,22025884672
3,2229.398,grad,22019390464
3,2230.929,grad,21989914624
3,2232.185,grad,21989914624
3,2233.449,grad,22019340288
3,2234.872,grad,21984540672
3,2236.135,grad,21992372224
3,2237.673,grad,21986115584
3,2238.912,grad,21977982976
3,2240.239,grad,21931780096
3,2241.488,grad,21927258112
3,2243.306,grad,21799006208
3,2244.579,grad,21792512000
3,2246.205,grad,21763036160
3,2247.731,grad,21763036160
3,2249.027,grad,21781910528
3,2250.409,grad,21758153728
3,2252.135,grad,21759237120
3,2253.394,grad,21763425280
3,2254.702,grad,21704901632
3,2255.955,grad,21668922368
3,2257.196,grad,21618263040
3,2258.566,grad,21579467776
3,2259.833,grad,21555672064
3,2261.179,grad,21536158208
3,2262.634,grad,21536157696
3,2263.884,grad,21555359744
3,2265.436,grad,21531275264
3,2267.138,grad,21532358656
3,2268.408,grad,21601820672
3,2269.694,grad,21478023168
3,2270.963,grad,21473501184
3,2272.837,grad,21345314816
3,2274.095,grad,21353566208
3,2275.711,grad,21309344768
3,2277.466,grad,21309344768
3,2278.752,grad,21328219136
3,2280.209,grad,21304462336
3,2281.869,grad,21305545728
3,2283.14,grad,21297413120
3,2284.493,grad,21251210240
3,2285.742,grad,21246688256
3,2287.449,grad,21118436352
3,2288.704,grad,21126622208
3,2290.332,grad,21082466304
3,2291.838,grad,21082466304
3,2293.122,grad,21101275136
3,2294.652,grad,21077583872
3,2296.331,grad,21078667264
3,2297.57,grad,21082855424
3,2298.875,grad,21024331776
3,2300.133,grad,20995692544
3,2301.377,grad,20898895872
3,2302.718,grad,20898897920
3,2303.998,grad,20870383616
3,2305.331,grad,20855588352
3,2306.702,grad,20855587840
3,2307.896,grad,20874396672
3,2309.398,grad,20850705408
3,2311.081,grad,20851788800
3,2312.336,grad,20843656192
3,2313.73,grad,20797453312
3,2314.99,grad,20792931328
3,2316.683,grad,20664744960
3,2317.928,grad,20672996352
3,2319.537,grad,20628774912
3,2321.321,grad,20628774912
3,2322.674,grad,20647649280
3,2324.113,grad,20623892480
3,2325.784,grad,20624975872
3,2327.041,grad,20616843264
3,2328.371,grad,20570640384
3,2329.661,grad,20643713024
3,2331.344,grad,20437866496
3,2332.628,grad,20431437824
3,2334.359,grad,20401896448
3,2335.919,grad,20401896448
3,2337.171,grad,20420770816
3,2338.566,grad,20397014016
3,2340.444,grad,20398097408
3,2341.721,grad,20467559424
3,2343.119,grad,20343761920
3,2344.406,grad,20339239936
3,2346.241,grad,20218393600
3,2347.509,grad,20204559360
3,2349.076,grad,20175083520
3,2350.553,grad,20175083520
3,2351.818,grad,20193957888
3,2353.284,grad,20170201088
3,2354.956,grad,20171284480
3,2356.219,grad,20240746496
3,2357.529,grad,20116948992
3,2358.811,grad,20190021632
3,2360.517,grad,19984240640
3,2361.769,grad,19992492032
3,2363.417,grad,19948270592
3,2365.253,grad,19948270592
3,2366.508,grad,19967144960
3,2367.95,grad,19943388160
3,2369.608,grad,19944471552
3,2370.841,grad,20013933568
3,2372.148,grad,19890136064
3,2373.415,grad,19846816768
3,2375.274,grad,19757427712
3,2376.545,grad,19765679104
3,2378.238,grad,19721458176
3,2379.755,grad,19721457664
3,2381.056,grad,19740332032
3,2382.455,grad,19716575232
3,2384.529,grad,19717658624
3,2385.836,grad,19709460480
3,2387.131,grad,19663323136
3,2388.397,grad,19658801152
3,2390.108,grad,19530614784
3,2391.346,grad,19538866176
3,2393.005,grad,19494644736
3,2394.56,grad,19494644736
3,2395.894,grad,19513519104
3,2397.382,grad,19489762304
3,2399.115,grad,19490845696
3,2400.375,grad,19560307712
3,2401.696,grad,19436510208
3,2403.024,grad,19509582848
3,2404.82,grad,19303801856
3,2406.126,grad,19297373184
3,2407.785,grad,19267831808
3,2409.586,grad,19267831808
3,2410.914,grad,19286706176
3,2412.342,grad,19262949376
3,2414.046,grad,19264032768
3,2415.311,grad,19333494784
3,2416.633,grad,19209697280
3,2417.897,grad,19205175296
3,2419.599,grad,19076988928
3,2420.897,grad,19085240320
3,2422.622,grad,19041018880
3,2424.208,grad,19041018880
3,2425.482,grad,19059893248
3,2426.886,grad,19036136448
3,2428.746,grad,19037219840
3,2430.033,grad,19029087232
3,2431.401,grad,18982884352
3,2432.642,grad,18978362368
3,2434.404,grad,18850176000
3,2435.646,grad,18858427392
3,2437.263,grad,18814205952
3,2438.818,grad,18814205952
3,2440.147,grad,18818400256
3,2441.664,grad,18809323520
3,2443.485,grad,18810406912
3,2444.758,grad,18879868928
3,2446.098,grad,18756071424
3,2447.366,grad,18712752128
3,2449.182,grad,18623363072
3,2450.434,grad,18631548928
3,2452.091,grad,18587393024
3,2453.927,grad,18587393024
3,2455.256,grad,18606267392
3,2456.766,grad,18582510592
3,2458.481,grad,18583593984
3,2459.761,grad,18653056000
3,2461.119,grad,18529258496
3,2462.367,grad,18524736512
3,2464.133,grad,18396550144
3,2465.414,grad,18390121472
3,2467.118,grad,18360580096
3,2468.623,grad,18360580096
3,2469.919,grad,18379454464
3,2471.322,grad,18355697664
3,2473.277,grad,18356781056
3,2474.618,grad,18348648448
3,2476.027,grad,18302445568
3,2477.294,grad,18297923584
3,2479.191,grad,18169737216
3,2480.462,grad,18163308544
3,2482.199,grad,18133767680
3,2483.738,grad,18133767168
3,2484.99,grad,18152510464
3,2486.581,grad,18128884736
3,2488.285,grad,18129968128
3,2489.523,grad,18121835520
3,2490.882,grad,18075632640
3,2492.128,grad,18032313344
3,2493.925,grad,17942924288
3,2495.218,grad,17936495616
3,2496.952,grad,17906954240
3,2499.025,grad,17906954240
3,2500.324,grad,17925828608
3,2501.744,grad,17902071808
3,2503.41,grad,17903155200
3,2504.647,grad,17895022592
3,2506.028,grad,17848819712
3,2507.265,grad,17844297728
3,2509.004,grad,17716111360
3,2510.248,grad,17724362752
3,2511.936,grad,17680141312
3,2513.466,grad,17680141312
3,2514.707,grad,17698950144
3,2516.221,grad,17675258880
3,2517.901,grad,17676342272
3,2519.145,grad,17680464896
3,2520.491,grad,17622006784
3,2521.729,grad,17586027520
3,2522.971,grad,17535433728
3,2524.341,grad,17496638464
3,2525.583,grad,17468124160
3,2526.814,grad,17453328896
3,2528.313,grad,17453328384
3,2529.605,grad,17472268288
3,2531.039,grad,17448445952
3,2532.693,grad,17449529344
3,2533.944,grad,17518991360
3,2535.296,grad,17395193856
3,2536.535,grad,17390671872
3,2538.245,grad,17262485504
3,2539.485,grad,17270736896
3,2541.164,grad,17226515968
3,2542.96,grad,17226515456
3,2544.274,grad,17245389824
3,2545.765,grad,17221633024
3,2547.512,grad,17222716416
3,2548.763,grad,17214583808
3,2550.141,grad,17168380928
3,2551.386,grad,17163858944
3,2553.156,grad,17035672576
3,2554.395,grad,17021903872
3,2556.281,grad,16992363008
3,2557.78,grad,16992100352
3,2559.106,grad,17010974720
3,2560.594,grad,16987217920
3,2561.844,grad,16977289216
3,2563.093,grad,16977289216
3,2564.32,grad,16977289216
3,2566.823,grad,16977288704
3,2568.25,grad,16977288704
3,2569.795,grad,16977288704
3,2573.956,grad,16977288704
3,2578.638,grad,16977288704
3,2585.047,grad,16977296896
3,2591.436,grad,16977296896
3,2597.82,grad,16977296896
3,2602.632,grad,16977296896
3,2604.141,grad,16984774144
3,2606.09,grad,16984903168
3,2608.813,grad,16992243200
3,2610.171,grad,17001680384
3,2611.461,grad,17001680384
3,2612.737,grad,17017524736
3,2614.512,grad,17031221760
3,2615.784,grad,17092108800
3,2617.726,grad,17145651712
3,2619.022,grad,17230651904
3,2620.418,grad,17223311872
3,2623.026,grad,17230656000
3,2624.301,grad,17240093184
3,2625.571,grad,17247433216
3,2626.839,grad,17277957632
3,2628.248,grad,17269634560
3,2629.502,grad,17330521600
3,2631.425,grad,17384064512
3,2632.685,grad,17461724672
3,2633.966,grad,17469068800
3,2636.375,grad,17469068800
3,2637.638,grad,17478505984
3,2638.95,grad,17478505984
3,2640.259,grad,17516370432
3,2641.832,grad,17508047360
3,2643.13,grad,17568868864
3,2645.141,grad,17622477312
3,2647.349,grad,17700137472
3,2649.94,grad,17707481600
3,2651.212,grad,17716918784
3,2652.567,grad,17725307904
3,2653.83,grad,17769528832
3,2655.133,grad,17746460160
3,2656.399,grad,17807281664
3,2658.366,grad,17860890112
3,2660.781,grad,17938550272
3,2663.418,grad,17945894400
3,2664.69,grad,17955331584
3,2665.985,grad,17963720704
3,2667.252,grad,17993196032
3,2668.62,grad,17984872960
3,2669.899,grad,18031014400
3,2671.172,grad,18138100224
3,2672.466,grad,18138100224
3,2673.726,grad,18252460544
3,2675.045,grad,18176963072
3,2676.37,grad,18184307200
3,2678.263,grad,18184307200
3,2679.539,grad,18193744384
3,2680.797,grad,18201084416
3,2682.094,grad,18231608832
3,2683.539,grad,18223285760
3,2684.806,grad,18284172800
3,2686.717,grad,18337715712
3,2688.008,grad,18422715904
3,2689.258,grad,18422720000
3,2691.654,grad,18422720000
3,2692.922,grad,18432157184
3,2694.173,grad,18439497216
3,2695.429,grad,18470021632
3,2697.824,grad,18461698560
3,2699.102,grad,18522585600
3,2701.1,grad,18576128512
3,2703.299,grad,18653788672
3,2705.81,grad,18661132800
3,2707.093,grad,18670569984
3,2708.446,grad,18678959104
3,2709.721,grad,18708499968
3,2711.073,grad,18700111360
3,2712.353,grad,18760998400
3,2714.297,grad,18814541312
3,2716.678,grad,18892201472
3,2719.29,grad,18899545600
3,2720.564,grad,18908982784
3,2721.976,grad,18917371904
3,2723.252,grad,18961592832
3,2724.501,grad,18938524160
3,2725.782,grad,18999411200
3,2727.644,grad,19052954112
3,2728.914,grad,19130614272
3,2730.218,grad,19137958400
3,2732.617,grad,19137958400
3,2733.887,grad,19147395584
3,2735.207,grad,19147395584
3,2736.474,grad,19170579968
3,2738.004,grad,19176936960
3,2739.252,grad,19237824000
3,2741.223,grad,19291366912
3,2743.421,grad,19369027072
3,2745.962,grad,19376371200
3,2747.245,grad,19385808384
3,2748.559,grad,19394197504
3,2749.817,grad,19423738368
3,2751.093,grad,19415349760
3,2752.359,grad,19476236800
3,2754.509,grad,19529779712
3,2756.711,grad,19607439872
3,2759.27,grad,19614784000
3,2760.551,grad,19624221184
3,2761.822,grad,19632609792
3,2763.132,grad,19662085632
3,2764.533,grad,19653762560
3,2765.781,grad,19714649600
3,2767.699,grad,19768192512
3,2768.975,grad,19906670080
3,2770.289,grad,19853196800
3,2772.843,grad,19853196800
3,2774.117,grad,19862633984
3,2775.364,grad,19869974016
3,2776.612,grad,19900498432
3,2778.075,grad,19892175360
3,2779.325,grad,19953062400
3,2781.275,grad,20006605312
3,2782.528,grad,20091605504
3,2784.696,grad,20091609600
3,2786.391,grad,20091609600
3,2787.646,grad,20101046784
3,2789.135,grad,20101046784
3,2790.412,grad,20124231168
3,2791.91,grad,20130588160
3,2793.18,grad,20191475200
3,2795.121,grad,20245018112
3,2796.368,grad,20322678272
3,2797.614,grad,20330022400
3,2800.121,grad,20330022400
3,2801.383,grad,20339459584
3,2802.64,grad,20347848192
3,2803.953,grad,20377324032
3,2805.468,grad,20369000960
3,2806.751,grad,20429888000
3,2808.921,grad,20483430912
3,2810.219,grad,20568431104
3,2811.487,grad,20568435200
3,2813.977,grad,20568435200
3,2815.246,grad,20577872384
3,2816.515,grad,20587112960
3,2817.802,grad,20601908736
3,2819.422,grad,20608265728
3,2820.714,grad,20669087232
3,2822.803,grad,20722695680
3,2824.104,grad,20807695872
3,2825.592,grad,20807699968
3,2828.027,grad,20807699968
3,2829.312,grad,20817137152
3,2830.602,grad,20825526272
3,2831.933,grad,20855001600
3,2833.493,grad,20846678528
3,2834.778,grad,20907565568
3,2836.84,grad,20961108480
3,2838.172,grad,21092246016
3,2839.513,grad,21046112768
3,2842.338,grad,21046112768
3,2843.681,grad,21055549952
3,2845.229,grad,21055549952
3,2846.529,grad,21078734336
3,2848.197,grad,21085091328
3,2849.521,grad,21145912832
3,2850.82,grad,21238318592
3,2852.318,grad,21238318592
3,2854.336,grad,21277181440
3,2856.962,grad,21284525568
3,2858.249,grad,21293962752
3,2859.548,grad,21293962752
3,2860.812,grad,21317147136
3,2862.419,grad,21323504128
3,2863.681,grad,21384325632
3,2864.893,grad,21515528704
3,2866.18,grad,21476731392
3,2867.456,grad,21522934272
3,2868.713,grad,21522938368
3,2871.21,grad,21522938368
3,2872.467,grad,21532375552
3,2873.737,grad,21532375552
3,2875.064,grad,21555559936
3,2876.673,grad,21561916928
3,2877.899,grad,21622803968
3,2879.906,grad,21676346880
3,2881.189,grad,21814824448
3,2882.501,grad,21761351168
3,2885.245,grad,21761465856
3,2886.55,grad,21770788352
3,2887.877,grad,21778128384
3,2889.189,grad,21808652800
3,2890.801,grad,21800329728
3,2892.126,grad,21861151232
3,2894.345,grad,21914759680
3,2895.635,grad,22038557184
3,2896.914,grad,21999759872
3,2899.524,grad,21999763968
3,2900.981,grad,22009201152
3,2902.316,grad,22009201152
3,2903.598,grad,22032385536
3,2905.224,grad,22038742528
3,2906.495,grad,22099564032
3,2908.6,grad,22153172480
3,2909.925,grad,22291650048
3,2911.205,grad,22230832640
3,2913.934,grad,22238176768
3,2915.233,grad,22247613952
3,2916.5,grad,22247613952
3,2917.778,grad,22270798336
3,2919.363,grad,22277155328
3,2920.748,grad,22291839488
3,2922.055,grad,22415636992
3,2923.967,grad,22391585280
3,2925.266,grad,22544742912
3,2926.589,grad,22469245440
3,2929.247,grad,22476589568
3,2930.514,grad,22486026752
3,2931.792,grad,22486026752
3,2933.092,grad,22509211136
3,2934.654,grad,22515568128
3,2935.922,grad,22576389632
3,2938.005,grad,22629998080
3,2939.269,grad,22753795584
3,2940.594,grad,22707658240
3,2943.295,grad,22715002368
3,2944.557,grad,22724439552
3,2945.851,grad,22724439552
3,2947.118,grad,22747623936
3,2948.598,grad,22753980928
3,2949.873,grad,22814802432
3,2951.951,grad,22868410880
3,2953.218,grad,23006888448
3,2954.55,grad,22953415168
3,2957.008,grad,22953415168
3,2958.415,grad,22962852352
3,2959.682,grad,22962852352
3,2960.974,grad,22986036736
3,2962.589,grad,22992393728
3,2963.846,grad,23053280768
3,2965.856,grad,23106823680
3,2967.127,grad,23245301248
3,2968.446,grad,23191827968
3,2970.869,grad,23191827968
3,2972.16,grad,23201265152
3,2973.482,grad,23201265152
3,2974.837,grad,23239129600
3,2976.496,grad,23230806528
3,2977.818,grad,23291628032
3,2979.93,grad,23345236480
3,2981.208,grad,23430236672
3,2982.527,grad,23430240768
3,2984.969,grad,23430240768
3,2986.288,grad,23439677952
3,2987.58,grad,23439677952
3,2988.841,grad,23477542400
3,2990.324,grad,23469219328
3,2991.59,grad,23530106368
3,2993.664,grad,23583649280
3,2994.919,grad,23668649472
3,2996.19,grad,23668653568
3,2997.947,grad,24595599360
3,2999.221,grad,24595617792
3,3001.414,grad,24588260352
3,3002.691,grad,24276833792
3,3003.948,grad,24276833792
3,3005.188,grad,24276833792
3,3006.57,grad,24276835328
3,3008.282,grad,23665498624
3,3009.568,grad,23664181760
3,3011.0,grad,23617978880
3,3012.267,grad,23543202304
3,3013.51,grad,23485204992
3,3014.804,grad,23492545024
3,3016.073,grad,23464030720
3,3017.362,grad,23449234944
3,3018.951,grad,23449234944
3,3020.332,grad,23468109312
3,3021.802,grad,23444352512
3,3023.117,grad,23445435904
3,3024.383,grad,23445435904
3,3026.283,grad,23391100416
3,3027.544,grad,23355121152
3,3029.508,grad,23258326528
3,3030.763,grad,23251832320
3,3032.383,grad,23222356480
3,3034.068,grad,23222356480
3,3035.367,grad,23241230848
3,3036.788,grad,23217474048
3,3038.522,grad,23218557440
3,3039.772,grad,23288019456
3,3041.091,grad,23164221952
3,3042.354,grad,23159765504
3,3044.15,grad,23031513600
3,3045.648,grad,23025084928
3,3047.358,grad,22995543552
3,3048.919,grad,22995543552
3,3050.205,grad,23014352384
3,3051.722,grad,22990661120
3,3053.434,grad,22991744512
3,3054.77,grad,22983611904
3,3056.162,grad,22937409024
3,3057.429,grad,22894089728
3,3059.236,grad,22804700672
3,3060.48,grad,22812952064
3,3062.152,grad,22768730624
3,3063.755,grad,22768730624
3,3065.032,grad,22787473920
3,3066.836,grad,22763848192
3,3068.58,grad,22764931584
3,3069.837,grad,22756798976
3,3071.218,grad,22710596096
3,3072.485,grad,22667276800
3,3074.307,grad,22577822208
3,3075.548,grad,22586073600
3,3077.209,grad,22541852160
3,3078.764,grad,22541852160
3,3080.061,grad,22560726528
3,3081.464,grad,22536969728
3,3083.289,grad,22538053120
3,3084.545,grad,22529854976
3,3085.808,grad,22483717632
3,3087.071,grad,22479195648
3,3088.807,grad,22351009280
3,3090.316,grad,22344580608
3,3092.044,grad,22315039232
3,3093.563,grad,22315039232
3,3094.809,grad,22333848064
3,3096.337,grad,22310156800
3,3098.022,grad,22311240192
3,3099.286,grad,22303107584
3,3100.683,grad,22256904704
3,3101.951,grad,22252382720
3,3103.704,grad,22124196352
3,3105.015,grad,22117767680
3,3106.701,grad,22088226816
3,3108.22,grad,22088226304
3,3109.525,grad,22107100672
3,3111.185,grad,22083343872
3,3112.946,grad,22084427264
3,3114.207,grad,22076294656
3,3115.456,grad,22030091776
3,3116.713,grad,21994112512
3,3117.987,grad,21897317888
3,3119.244,grad,21904655872
3,3120.512,grad,21876143616
3,3121.894,grad,21861348352
3,3123.365,grad,21861347840
3,3124.668,grad,21880091136
3,3126.256,grad,21856465408
3,3127.964,grad,21857548800
3,3129.219,grad,21849481728
3,3130.574,grad,21803278848
3,3131.819,grad,21798756864
3,3133.573,grad,21670504960
3,3135.172,grad,21664076288
3,3136.918,grad,21634534912
3,3138.444,grad,21634534912
3,3139.737,grad,21653409280
3,3141.171,grad,21629652480
3,3142.806,grad,21630735872
3,3144.079,grad,21622603264
3,3145.472,grad,21576400384
3,3146.722,grad,21494283776
3,3148.576,grad,21443692032
3,3149.83,grad,21451943424
3,3151.463,grad,21407721984
3,3153.007,grad,21407721984
3,3154.312,grad,21426596352
3,3156.05,grad,21402839552
3,3157.748,grad,21403922944
3,3159.043,grad,21395790336
3,3160.391,grad,21349587456
3,3161.662,grad,21345065472
3,3163.422,grad,21216879104
3,3164.775,grad,21210450432
3,3166.535,grad,21180909568
3,3168.052,grad,21180909056
3,3169.351,grad,21199783424
3,3170.783,grad,21176026624
3,3172.441,grad,21177110016
3,3173.684,grad,21246572032
3,3175.065,grad,21122774528
3,3176.307,grad,21118252544
3,3178.121,grad,20990066176
3,3179.933,grad,20983637504
3,3181.664,grad,20954096640
3,3183.178,grad,20954096128
3,3184.451,grad,20972970496
3,3186.008,grad,20949213696
3,3187.642,grad,20950297088
3,3188.929,grad,20942164480
3,3190.291,grad,20895961600
3,3191.54,grad,20891439616
3,3193.288,grad,20763253248
3,3194.557,grad,20771504640
3,3196.302,grad,20726431744
3,3197.802,grad,20726431232
3,3199.115,grad,20745305600
3,3200.771,grad,20721548800
3,3202.477,grad,20722632192
3,3203.753,grad,20792094208
3,3205.126,grad,20668296704
3,3206.399,grad,20663774720
3,3208.219,grad,20535522816
3,3209.464,grad,20543774208
3,3211.136,grad,20499553280
3,3212.665,grad,20499552768
3,3213.956,grad,20518427136
3,3215.37,grad,20494670336
3,3217.208,grad,20495753728
3,3218.476,grad,20487621120
3,3219.718,grad,20441483776
3,3221.011,grad,20436961792
3,3222.79,grad,20309103104
3,3224.124,grad,20316961280
3,3226.125,grad,20273133568
3,3227.724,grad,20273133056
3,3228.988,grad,20291941888
3,3230.525,grad,20268250624
3,3232.238,grad,20269334016
3,3233.478,grad,20338796032
3,3234.811,grad,20214998528
3,3236.093,grad,20132881920
3,3237.966,grad,20082290176
3,3239.211,grad,20075861504
3,3240.888,grad,20046320128
3,3242.425,grad,20046320128
3,3243.721,grad,20065194496
3,3245.368,grad,20041437696
3,3247.155,grad,20042521088
3,3248.406,grad,20111983104
3,3249.709,grad,19988185600
3,3250.996,grad,19983663616
3,3252.738,grad,19855411712
3,3253.989,grad,19848983040
3,3255.631,grad,19819507200
3,3257.228,grad,19819441664
3,3258.51,grad,19838316032
3,3259.965,grad,19814559232
3,3261.611,grad,19815642624
3,3262.919,grad,19807575552
3,3264.182,grad,19761372672
3,3265.434,grad,19718053376
3,3266.684,grad,19643342336
3,3268.054,grad,19635938816
3,3269.313,grad,19622104576
3,3270.871,grad,19592628736
3,3272.529,grad,19592628736
3,3273.776,grad,19611437568
3,3275.307,grad,19587746304
3,3277.059,grad,19588829696
3,3278.298,grad,19580762624
3,3279.647,grad,19534559744
3,3280.891,grad,19491240448
3,3282.669,grad,19401785856
3,3283.916,grad,19395357184
3,3285.572,grad,19365815808
3,3287.253,grad,19365815808
3,3288.516,grad,19384624640
3,3290.269,grad,19360933376
3,3292.013,grad,19362016768
3,3293.27,grad,19353884160
3,3294.611,grad,19307681280
3,3295.875,grad,19303159296
3,3297.718,grad,19174972928
3,3298.978,grad,19168544256
3,3300.646,grad,19139068416
3,3302.217,grad,19139002880
3,3303.52,grad,19157877248
3,3304.952,grad,19134120448
3,3306.639,grad,19135203840
3,3307.894,grad,19127071232
3,3309.246,grad,19080868352
3,3310.496,grad,19076346368
3,3312.281,grad,18948160000
3,3313.533,grad,18956018176
3,3315.416,grad,18912189952
3,3317.057,grad,18912189952
3,3318.35,grad,18931064320
3,3319.778,grad,18907307520
3,3321.459,grad,18908390912
3,3322.72,grad,18900258304
3,3324.109,grad,18854055424
3,3325.357,grad,18849598976
3,3327.296,grad,18721412608
3,3328.561,grad,18729598464
3,3330.227,grad,18685443072
3,3331.736,grad,18685377024
3,3333.064,grad,18704251392
3,3334.771,grad,18680494592
3,3336.505,grad,18681577984
3,3337.795,grad,18673445376
3,3339.165,grad,18627242496
3,3340.414,grad,18583988736
3,3342.208,grad,18494599680
3,3343.46,grad,18502785536
3,3345.107,grad,18458629632
3,3346.648,grad,18458564096
3,3347.999,grad,18477438464
3,3349.451,grad,18453681664
3,3351.294,grad,18454765056
3,3352.581,grad,18446632448
3,3354.05,grad,18400429568
3,3355.35,grad,18333058560
3,3357.425,grad,18267786752
3,3358.761,grad,18275513856
3,3360.042,grad,18256049664
3,3361.376,grad,18231816704
3,3362.637,grad,18231751168
3,3363.896,grad,18247873024
3,3365.852,grad,18226868736
3,3367.688,grad,18227952128
3,3369.01,grad,18219819520
3,3370.248,grad,18173616640
3,3371.488,grad,18130297344
3,3372.734,grad,18048246272
3,3373.984,grad,18048313856
3,3375.224,grad,18034414080
3,3376.955,grad,18004938240
3,3378.566,grad,18004938240
3,3379.945,grad,18023681536
3,3381.852,grad,18000055808
3,3383.59,grad,18001139200
3,3384.832,grad,17993006592
3,3386.239,grad,17946803712
3,3387.485,grad,17910824448
3,3388.735,grad,17814158848
3,3390.103,grad,17821500928
3,3391.355,grad,17792921088
3,3392.642,grad,17778190848
3,3394.28,grad,17778125312
3,3395.543,grad,17796409856
3,3397.427,grad,17773242880
3,3399.336,grad,17774326272
3,3400.599,grad,17766193664
3,3402.038,grad,17719990784
3,3403.291,grad,17637874176
3,3405.241,grad,17587282432
3,3406.809,grad,17580853760
3,3408.638,grad,17551312384
3,3410.212,grad,17551312384
3,3411.475,grad,17569531392
3,3413.378,grad,17546429952
3,3415.247,grad,17547513344
3,3416.491,grad,17539380736
3,3417.772,grad,17493177856
3,3419.067,grad,17471878656
3,3420.32,grad,17413617152
3,3422.266,grad,17360469504
3,3423.543,grad,17346242048
3,3424.792,grad,17324566016
3,3426.108,grad,17317224960
3,3427.395,grad,17316897280
3,3428.651,grad,17335181824
3,3430.722,grad,17312014848
3,3432.017,grad,17302086144
3,3433.258,grad,17302086144
3,3434.5,grad,17302086144
3,3437.2,grad,17302085632
3,3438.542,grad,17302085632
3,3439.832,grad,17302085632
3,3441.109,grad,17302085632
3,3444.372,grad,17302085632
3,3449.536,grad,17302085632
3,3456.018,grad,17302093824
3,3462.434,grad,17302093824
3,3468.796,grad,17302093824
3,3473.581,grad,17302093824
3,3474.872,grad,17309440000
3,3477.089,grad,17309700096
3,3479.704,grad,17317040128
3,3480.983,grad,17326493696
3,3482.597,grad,17326477312
3,3483.933,grad,17342387200
3,3485.607,grad,17356084224
3,3486.874,grad,17416905728
3,3488.844,grad,17470514176
3,3491.326,grad,17548174336
3,3493.837,grad,17555518464
3,3495.15,grad,17564955648
3,3496.503,grad,17573344768
3,3497.756,grad,17617565696
3,3499.038,grad,17594497024
3,3500.301,grad,17655384064
3,3502.155,grad,17708926976
3,3504.369,grad,17786587136
3,3506.926,grad,17793931264
3,3508.216,grad,17803368448
3,3509.517,grad,17803368448
3,3510.8,grad,17841232896
3,3512.267,grad,17832909824
3,3513.521,grad,17893796864
3,3515.475,grad,17947339776
3,3517.613,grad,18024999936
3,3520.164,grad,18032344064
3,3521.487,grad,18041781248
3,3522.852,grad,18050170368
3,3524.165,grad,18094391296
3,3525.48,grad,18071322624
3,3526.733,grad,18132209664
3,3528.553,grad,18185752576
3,3529.807,grad,18338910208
3,3531.085,grad,18263412736
3,3533.611,grad,18270756864
3,3534.88,grad,18280194048
3,3536.212,grad,18288583168
3,3537.479,grad,18332804096
3,3538.762,grad,18309735424
3,3540.024,grad,18370622464
3,3541.848,grad,18424165376
3,3543.104,grad,18509165568
3,3544.4,grad,18509169664
3,3546.897,grad,18509169664
3,3548.16,grad,18518606848
3,3549.463,grad,18526995968
3,3550.724,grad,18571216896
3,3552.024,grad,18548148224
3,3553.302,grad,18609035264
3,3555.143,grad,18662578176
3,3557.33,grad,18740238336
3,3559.811,grad,18747582464
3,3561.089,grad,18757019648
3,3562.408,grad,18765408768
3,3563.658,grad,18809629696
3,3565.064,grad,18786561024
3,3566.333,grad,18847448064
3,3568.235,grad,18900990976
3,3570.437,grad,18978651136
3,3573.048,grad,18985995264
3,3574.299,grad,18995432448
3,3575.648,grad,19003821568
3,3577.027,grad,19033362432
3,3578.435,grad,19024973824
3,3579.706,grad,19085860864
3,3581.683,grad,19139403776
3,3582.967,grad,19217063936
3,3584.226,grad,19217063936
3,3586.75,grad,19224408064
3,3588.023,grad,19233845248
3,3589.364,grad,19242234368
3,3590.622,grad,19286455296
3,3591.938,grad,19263386624
3,3593.201,grad,19324273664
3,3595.067,grad,19377816576
3,3597.257,grad,19455476736
3,3599.726,grad,19462820864
3,3601.088,grad,19472258048
3,3602.382,grad,19479598080
3,3603.632,grad,19510122496
3,3605.102,grad,19501799424
3,3606.411,grad,19562686464
3,3608.402,grad,19616229376
3,3609.663,grad,19701229568
3,3611.689,grad,19701233664
3,3613.365,grad,19701233664
3,3614.652,grad,19710670848
3,3615.918,grad,19719059968
3,3617.177,grad,19748600832
3,3618.482,grad,19740212224
3,3619.964,grad,19747552256
3,3621.237,grad,19878693888
3,3623.074,grad,19854642176
3,3624.353,grad,19932302336
3,3626.347,grad,19939646464
3,3627.983,grad,19939646464
3,3629.239,grad,19949083648
3,3630.578,grad,19957472768
3,3631.869,grad,20001693696
3,3633.164,grad,19978625024
3,3634.419,grad,20039512064
3,3636.328,grad,20093054976
3,3638.672,grad,20170715136
3,3641.18,grad,20178059264
3,3642.449,grad,20187889664
3,3643.782,grad,20196278784
3,3645.063,grad,20240499712
3,3646.345,grad,20217037824
3,3647.604,grad,20278318080
3,3649.472,grad,20331860992
3,3651.611,grad,20409521152
3,3654.144,grad,20416865280
3,3655.557,grad,20426302464
3,3656.828,grad,20433642496
3,3658.11,grad,20464166912
3,3659.522,grad,20455843840
3,3660.781,grad,20516730880
3,3662.663,grad,20570273792
3,3663.947,grad,20655273984
3,3665.216,grad,20655278080
3,3667.578,grad,20655278080
3,3668.841,grad,20664715264
3,3670.101,grad,20673104384
3,3671.367,grad,20702645248
3,3672.965,grad,20694256640
3,3674.261,grad,20755143680
3,3676.182,grad,20808686592
3,3677.459,grad,20893686784
3,3678.714,grad,20893690880
3,3681.072,grad,20893690880
3,3682.343,grad,20903128064
3,3683.715,grad,20911517184
3,3684.981,grad,20941058048
3,3686.288,grad,20932669440
3,3687.539,grad,20993556480
3,3689.479,grad,21047099392
3,3690.743,grad,21132099584
3,3692.071,grad,21124759552
3,3694.573,grad,21132103680
3,3695.832,grad,21141540864
3,3697.207,grad,21150781952
3,3698.47,grad,21180322816
3,3699.711,grad,21171934208
3,3701.004,grad,21232821248
3,3702.981,grad,21286364160
3,3704.314,grad,21424841728
3,3705.616,grad,21364024320
3,3708.291,grad,21371368448
3,3709.767,grad,21380805632
3,3711.048,grad,21380805632
3,3712.351,grad,21403990016
3,3713.957,grad,21410347008
3,3715.226,grad,21471168512
3,3717.298,grad,21524776960
3,3718.574,grad,21648574464
3,3719.94,grad,21609781248
3,3722.344,grad,21609781248
3,3723.643,grad,21619218432
3,3724.924,grad,21619218432
3,3726.179,grad,21642402816
3,3727.881,grad,21648759808
3,3729.153,grad,21709581312
3,3731.228,grad,21763189760
3,3732.514,grad,21848189952
3,3733.81,grad,21848194048
3,3736.242,grad,21848194048
3,3737.502,grad,21857631232
3,3738.76,grad,21864971264
3,3740.02,grad,21895495680
3,3741.591,grad,21887172608
3,3742.88,grad,21948059648
3,3744.793,grad,22001602560
3,3746.059,grad,22125400064
3,3747.466,grad,22079262720
3,3750.016,grad,22086606848
3,3751.276,grad,22096044032
3,3752.554,grad,22096044032
3,3753.839,grad,22133908480
3,3755.429,grad,22125585408
3,3756.68,grad,22186472448
3,3758.633,grad,22240015360
3,3759.89,grad,22371152896
3,3761.134,grad,22317675520
3,3763.675,grad,22325019648
3,3765.111,grad,22334456832
3,3766.378,grad,22334456832
3,3767.677,grad,22357641216
3,3769.313,grad,22363998208
3,3770.593,grad,22424885248
3,3772.564,grad,22478428160
3,3773.839,grad,22556088320
3,3775.151,grad,22563432448
3,3777.577,grad,22563432448
3,3778.849,grad,22572869632
3,3780.156,grad,22572869632
3,3781.456,grad,22596054016
3,3783.108,grad,22602411008
3,3784.433,grad,22663232512
3,3786.494,grad,22716840960
3,3787.758,grad,22840638464
3,3789.023,grad,22801845248
3,3791.494,grad,22801845248
3,3792.775,grad,22811282432
3,3794.082,grad,22818622464
3,3795.343,grad,22849146880
3,3796.825,grad,22840823808
3,3798.104,grad,22901645312
3,3800.177,grad,22955253760
3,3801.464,grad,23079051264
3,3802.842,grad,23032913920
3,3805.497,grad,23040372736
3,3806.776,grad,23049695232
3,3808.106,grad,23057035264
3,3809.375,grad,23072879616
3,3810.968,grad,23079236608
3,3812.264,grad,23140058112
3,3814.35,grad,23193666560
3,3815.605,grad,23324804096
3,3816.925,grad,23278670848
3,3819.46,grad,23278670848
3,3820.923,grad,23288108032
3,3822.184,grad,23288108032
3,3823.475,grad,23311292416
3,3825.054,grad,23317649408
3,3826.315,grad,23378470912
3,3828.371,grad,23432079360
3,3829.631,grad,23509739520
3,3830.919,grad,23517083648
3,3833.373,grad,23517083648
3,3834.636,grad,23526520832
3,3835.936,grad,23533860864
3,3837.194,grad,23564385280
3,3839.482,grad,23556062208
3,3840.76,grad,23616883712
3,3842.763,grad,23670492160
3,3844.069,grad,23794289664
3,3845.38,grad,23755496448
3,3847.759,grad,23755496448
3,3849.045,grad,23764933632
3,3850.389,grad,23773322752
3,3851.644,grad,23817543680
3,3852.939,grad,23794475008
3,3854.219,grad,23855362048
3,3856.132,grad,23908904960
3,3857.387,grad,24047382528
3,3858.677,grad,23993909248
3,3860.53,grad,24920855040
3,3861.787,grad,24920881664
3,3864.115,grad,24913516032
3,3865.4,grad,24602089472
3,3866.652,grad,24602089472
3,3867.894,grad,24602089472
3,3869.322,grad,24602091008
3,3871.171,grad,23990754304
3,3872.505,grad,23989437440
3,3873.937,grad,23943234560
3,3875.204,grad,23938712576
3,3877.104,grad,23810460672
3,3878.36,grad,23804032000
3,3880.225,grad,23774490624
3,3881.822,grad,23774490624
3,3883.093,grad,23793299456
3,3884.586,grad,23769608192
3,3885.872,grad,23767021568
3,3887.147,grad,23767021568
3,3889.015,grad,23716356096
3,3890.273,grad,23673102336
3,3891.522,grad,23590985728
3,3892.869,grad,23590987776
3,3894.135,grad,23562473472
3,3895.389,grad,23547677696
3,3896.974,grad,23547677696
3,3898.533,grad,23566486528
3,3900.153,grad,23542795264
3,3902.002,grad,23543878656
3,3903.285,grad,23536139264
3,3904.578,grad,23489936384
3,3905.84,grad,23446617088
3,3907.106,grad,23357160448
3,3908.351,grad,23364502528
3,3909.625,grad,23350668288
3,3911.356,grad,23321192960
3,3912.922,grad,23321192448
3,3914.181,grad,23339935744
3,3915.804,grad,23316310016
3,3917.53,grad,23317393408
3,3918.788,grad,23309260800
3,3920.205,grad,23263057920
3,3921.483,grad,23188281344
3,3923.413,grad,23130349568
3,3924.704,grad,23123920896
3,3926.463,grad,23094379520
3,3928.078,grad,23094379520
3,3929.4,grad,23113122816
3,3931.34,grad,23089497088
3,3933.1,grad,23090580480
3,3934.355,grad,23082447872
3,3935.747,grad,23036244992
3,3937.057,grad,23031723008
3,3938.794,grad,22903536640
3,3940.076,grad,22897107968
3,3941.967,grad,22867566592
3,3943.545,grad,22867566592
3,3944.883,grad,22886309888
3,3946.524,grad,22862684160
3,3948.332,grad,22863767552
3,3949.581,grad,22933229568
3,3950.979,grad,22809432064
3,3952.234,grad,22741995520
3,3954.393,grad,22676723712
3,3955.668,grad,22684975104
3,3957.389,grad,22640753664
3,3958.967,grad,22640753664
3,3960.244,grad,22659562496
3,3961.875,grad,22635871232
3,3963.75,grad,22636954624
3,3965.018,grad,22628822016
3,3966.452,grad,22582619136
3,3967.713,grad,22539299840
3,3969.612,grad,22449910784
3,3970.883,grad,22443482112
3,3972.756,grad,22413940736
3,3974.527,grad,22413940736
3,3975.854,grad,22432684032
3,3977.764,grad,22409058304
3,3979.472,grad,22410141696
3,3980.727,grad,22402009088
3,3982.009,grad,22355806208
3,3983.266,grad,22312486912
3,3984.531,grad,22223097856
3,3985.831,grad,22230437888
3,3987.109,grad,22201923584
3,3988.408,grad,22187127808
3,3990.021,grad,22187127808
3,3991.272,grad,22205412352
3,3993.105,grad,22182245376
3,3994.89,grad,22183328768
3,3996.176,grad,22175196160
3,3997.518,grad,22128993280
3,3998.782,grad,22085673984
3,4000.039,grad,21996217344
3,4001.29,grad,22003559424
3,4002.572,grad,22004470784
3,4004.257,grad,21960249344
3,4005.802,grad,21960249344
3,4007.136,grad,21979451392
3,4008.798,grad,21955366912
3,4010.504,grad,21956450304
3,4011.871,grad,21948317696
3,4013.164,grad,21902114816
3,4014.407,grad,21858795520
3,4015.651,grad,21784084480
3,4017.081,grad,21776746496
3,4018.347,grad,21748232192
3,4019.621,grad,21733436416
3,4021.235,grad,21733436416
3,4022.492,grad,21751655424
3,4024.534,grad,21728553984
3,4026.25,grad,21729637376
3,4027.517,grad,21799099392
3,4028.868,grad,21675301888
3,4030.123,grad,21631982592
3,4031.986,grad,21542593536
3,4033.266,grad,21536164864
3,4034.981,grad,21506623488
3,4036.535,grad,21506623488
3,4037.84,grad,21525497856
3,4039.316,grad,21501741056
3,4041.08,grad,21502824448
3,4042.359,grad,21494691840
3,4043.784,grad,21448488960
3,4045.05,grad,21443966976
3,4046.837,grad,21315780608
3,4048.11,grad,21323638784
3,4050.045,grad,21278958592
3,4051.581,grad,21278958592
3,4052.929,grad,21297832960
3,4054.381,grad,21274076160
3,4056.118,grad,21275159552
3,4057.395,grad,21344621568
3,4058.841,grad,21220824064
3,4060.12,grad,21177504768
3,4062.011,grad,21088050176
3,4063.38,grad,21081621504
3,4065.328,grad,21052080128
3,4066.979,grad,21052080128
3,4068.282,grad,21070954496
3,4070.025,grad,21047197696
3,4071.741,grad,21048281088
3,4073.054,grad,21040214016
3,4074.445,grad,20994011136
3,4075.696,grad,20950691840
3,4077.485,grad,20861630464
3,4078.751,grad,20855201792
3,4080.473,grad,20825660416
3,4082.123,grad,20825660416
3,4083.412,grad,20844469248
3,4085.007,grad,20820777984
3,4086.74,grad,20821861376
3,4088.046,grad,20813728768
3,4089.444,grad,20767525888
3,4090.696,grad,20763003904
3,4092.554,grad,20634817536
3,4093.82,grad,20642675712
3,4095.751,grad,20598847488
3,4097.334,grad,20598847488
3,4098.616,grad,20617721856
3,4100.094,grad,20593965056
3,4101.768,grad,20595048448
3,4103.095,grad,20586915840
3,4104.45,grad,20540712960
3,4105.705,grad,20536190976
3,4107.473,grad,20407939072
3,4108.739,grad,20401117184
3,4110.509,grad,20371641344
3,4112.137,grad,20371575808
3,4113.398,grad,20390384640
3,4115.403,grad,20366693376
3,4117.189,grad,20367776768
3,4118.457,grad,20437304320
3,4119.785,grad,20313506816
3,4121.05,grad,20308984832
3,4122.894,grad,20180732928
3,4124.161,grad,20174304256
3,4125.869,grad,20144828416
3,4127.399,grad,20144762880
3,4128.674,grad,20163702784
3,4130.096,grad,20139880448
3,4131.748,grad,20140963840
3,4133.085,grad,20132896768
3,4134.456,grad,20086693888
3,4135.713,grad,20082171904
3,4137.435,grad,19953920000
3,4138.691,grad,19947098112
3,4140.58,grad,19918015488
3,4142.134,grad,19917949952
3,4143.398,grad,19936758784
3,4144.937,grad,19913067520
3,4146.581,grad,19914150912
3,4147.834,grad,19983612928
3,4149.176,grad,19859815424
3,4150.433,grad,19855293440
3,4152.237,grad,19727107072
3,4153.493,grad,19735358464
3,4155.231,grad,19691137024
3,4156.874,grad,19691137024
3,4158.161,grad,19710011392
3,4159.878,grad,19686254592
3,4161.603,grad,19687337984
3,4162.875,grad,19679205376
3,4164.137,grad,19633002496
3,4165.409,grad,19589683200
3,4166.659,grad,19500294144
3,4167.947,grad,19507634176
3,4169.207,grad,19479119872
3,4170.56,grad,19464390144
3,4172.001,grad,19464324096
3,4173.249,grad,19483132928
3,4174.847,grad,19459441664
3,4176.638,grad,19460525056
3,4177.918,grad,19452392448
3,4179.32,grad,19406189568
3,4180.577,grad,19362935808
3,4182.385,grad,19273546752
3,4183.641,grad,19281339392
3,4184.91,grad,19237576704
3,4186.16,grad,19237576704
3,4187.413,grad,19266871296
3,4188.71,grad,19256385536
3,4190.296,grad,19232628736
3,4192.102,grad,19233712128
3,4193.405,grad,19225579520
3,4194.82,grad,19179376640
3,4196.103,grad,19174920192
3,4197.968,grad,19046733824
3,4199.229,grad,19054919680
3,4200.979,grad,19010698240
3,4202.521,grad,19010698240
3,4203.774,grad,19029507072
3,4205.605,grad,19005815808
3,4207.366,grad,19006899200
3,4208.631,grad,19076361216
3,4210.007,grad,18952563712
3,4211.278,grad,18948041728
3,4213.077,grad,18819855360
3,4214.363,grad,18813426688
3,4216.106,grad,18783885312
3,4217.716,grad,18783885312
3,4219.091,grad,18802759680
3,4220.586,grad,18779002880
3,4222.317,grad,18780086272
3,4223.588,grad,18771953664
3,4225.009,grad,18725750784
3,4226.284,grad,18721228800
3,4228.163,grad,18593042432
3,4229.434,grad,18600835072
3,4230.717,grad,18564528128
3,4232.059,grad,18557072384
3,4233.347,grad,18571752448
3,4234.72,grad,18575946752
3,4236.201,grad,18552189952
3,4237.954,grad,18553273344
3,4239.223,grad,18545140736
3,4240.569,grad,18498937856
3,4241.847,grad,18455618560
3,4243.123,grad,18380973056
3,4244.562,grad,18373635072
3,4245.85,grad,18345055232
3,4247.261,grad,18330324992
3,4248.896,grad,18330259456
3,4250.186,grad,18349068288
3,4252.012,grad,18325377024
3,4253.755,grad,18326460416
3,4255.069,grad,18318327808
3,4256.477,grad,18272124928
3,4257.752,grad,18267602944
3,4259.516,grad,18139416576
3,4260.778,grad,18147667968
3,4262.592,grad,18103512576
3,4264.32,grad,18103446528
3,4265.64,grad,18122320896
3,4267.176,grad,18098564096
3,4268.962,grad,18099647488
3,4270.22,grad,18091514880
3,4271.5,grad,18045312000
3,4272.753,grad,18016672768
3,4274.001,grad,17958738944
3,4275.483,grad,17920009216
3,4276.761,grad,17913449472
3,4278.306,grad,17876633600
3,4279.881,grad,17876633600
3,4281.225,grad,17895507968
3,4282.681,grad,17871751168
3,4284.417,grad,17872834560
3,4285.668,grad,17942296576
3,4286.997,grad,17818499072
3,4288.253,grad,17813977088
3,4290.092,grad,17685790720
3,4291.357,grad,17672022016
3,4293.143,grad,17642415616
3,4294.795,grad,17642152960
3,4296.116,grad,17661027328
3,4297.852,grad,17637270528
3,4299.133,grad,17627341824
3,4300.381,grad,17627341824
3,4301.627,grad,17627341824
3,4304.112,grad,17627341312
3,4305.394,grad,17627341312
3,4306.682,grad,17627341312
3,4307.979,grad,17627341312
3,4311.295,grad,17627341312
3,4315.879,grad,17627341312
3,4322.25,grad,17627349504
3,4328.647,grad,17627349504
3,4335.033,grad,17627349504
3,4339.829,grad,17627349504
3,4341.111,grad,17634826752
3,4342.885,grad,17634955776
3,4345.521,grad,17642295808
3,4346.789,grad,17651732992
3,4348.091,grad,17651732992
3,4349.353,grad,17674982912
3,4350.932,grad,17681339904
3,4352.194,grad,17742161408
3,4354.191,grad,17834567168
3,4356.609,grad,17873430016
3,4359.144,grad,17880839680
3,4360.423,grad,17890276864
3,4361.687,grad,17898665472
3,4362.958,grad,17928141312
3,4364.383,grad,17919818240
3,4365.645,grad,17980705280
3,4367.55,grad,18034248192
3,4369.763,grad,18111908352
3,4372.353,grad,18119252480
3,4373.624,grad,18128689664
3,4375.002,grad,18136029696
3,4376.281,grad,18166554112
3,4377.714,grad,18158231040
3,4378.997,grad,18219118080
3,4380.877,grad,18272660992
3,4382.144,grad,18357661184
3,4383.441,grad,18357665280
3,4385.847,grad,18357665280
3,4387.128,grad,18367102464
3,4388.458,grad,18375491584
3,4389.717,grad,18419712512
3,4390.979,grad,18396643840
3,4392.243,grad,18457530880
3,4394.166,grad,18511073792
3,4395.435,grad,18664231424
3,4396.698,grad,18588733952
3,4399.251,grad,18596078080
3,4400.511,grad,18605515264
3,4401.883,grad,18613904384
3,4403.148,grad,18643445248
3,4404.528,grad,18635056640
3,4405.779,grad,18695943680
3,4407.607,grad,18749486592
3,4408.897,grad,18834486784
3,4410.202,grad,18834490880
3,4412.809,grad,18834490880
3,4414.116,grad,18843928064
3,4415.458,grad,18852317184
3,4416.713,grad,18896538112
3,4418.011,grad,18873469440
3,4419.28,grad,18934356480
3,4421.16,grad,18987899392
3,4422.429,grad,19072899584
3,4423.692,grad,19072903680
3,4426.113,grad,19072903680
3,4427.384,grad,19082340864
3,4428.709,grad,19090729984
3,4430.006,grad,19134950912
3,4431.388,grad,19111882240
3,4432.672,grad,19172703744
3,4434.646,grad,19226312192
3,4435.915,grad,19311312384
3,4437.924,grad,19311316480
3,4439.543,grad,19311316480
3,4440.804,grad,19320753664
3,4442.077,grad,19328093696
3,4443.355,grad,19358618112
3,4444.929,grad,19350295040
3,4446.191,grad,19411182080
3,4448.082,grad,19464724992
3,4450.44,grad,19542385152
3,4453.046,grad,19549729280
3,4454.313,grad,19559166464
3,4455.614,grad,19567555584
3,4456.898,grad,19611776512
3,4458.172,grad,19588707840
3,4459.431,grad,19727189504
3,4461.233,grad,19703137792
3,4462.489,grad,19780797952
3,4463.806,grad,19788142080
3,4466.152,grad,19788142080
3,4467.527,grad,19797579264
3,4468.819,grad,19804919296
3,4470.105,grad,19835443712
3,4471.541,grad,19827120640
3,4472.805,grad,19887942144
3,4474.89,grad,19941550592
3,4476.16,grad,20019210752
3,4477.455,grad,20026554880
3,4479.813,grad,20026554880
3,4481.102,grad,20035992064
3,4482.484,grad,20044381184
3,4483.749,grad,20073922048
3,4485.054,grad,20065533440
3,4486.311,grad,20111674880
3,4488.391,grad,20179963392
3,4490.576,grad,20257623552
3,4491.886,grad,20264967680
3,4493.369,grad,20264967680
3,4494.631,grad,20274404864
3,4496.009,grad,20282793984
3,4497.265,grad,20312334848
3,4498.571,grad,20303946240
3,4499.835,grad,20364833280
3,4501.926,grad,20418376192
3,4503.203,grad,20542173696
3,4504.58,grad,20496036352
3,4507.175,grad,20503380480
3,4508.461,grad,20512817664
3,4509.813,grad,20521206784
3,4511.103,grad,20565427712
3,4512.442,grad,20549699072
3,4513.714,grad,20603246080
3,4515.588,grad,20656788992
3,4517.792,grad,20734449152
3,4520.332,grad,20741793280
3,4522.595,grad,20751230464
3,4523.886,grad,20751230464
3,4525.203,grad,20789094912
3,4526.631,grad,20780771840
3,4527.905,grad,20841658880
3,4529.789,grad,20895201792
3,4532.019,grad,20980201984
3,4534.537,grad,20980206080
3,4535.829,grad,20989643264
3,4537.221,grad,20998032384
3,4538.484,grad,21027573248
3,4539.905,grad,21019184640
3,4541.18,grad,21080071680
3,4543.141,grad,21172411904
3,4545.302,grad,21211274752
3,4547.807,grad,21218618880
3,4550.01,grad,21228056064
3,4551.28,grad,21265920512
3,4552.691,grad,21257597440
3,4553.964,grad,21318484480
3,4555.818,grad,21372027392
3,4558.175,grad,21449687552
3,4560.678,grad,21457031680
3,4561.977,grad,21466468864
3,4563.291,grad,21474857472
3,4564.553,grad,21504398848
3,4565.873,grad,21496010240
3,4567.139,grad,21556897280
3,4569.037,grad,21610440192
3,4570.311,grad,21695440384
3,4571.677,grad,21695444480
3,4574.187,grad,21695444480
3,4575.612,grad,21704881664
3,4576.954,grad,21704881664
3,4578.256,grad,21742746112
3,4579.69,grad,21734423040
3,4580.964,grad,21795310080
3,4582.833,grad,21848852992
3,4584.13,grad,21933853184
3,4585.438,grad,21933857280
3,4587.885,grad,21933857280
3,4589.175,grad,21944146432
3,4590.494,grad,21952535552
3,4591.746,grad,21996756480
3,4593.139,grad,21972835840
3,4594.41,grad,22034574848
3,4596.305,grad,22088117760
3,4598.527,grad,22173117952
3,4601.022,grad,22173122048
3,4603.176,grad,22182559232
3,4604.452,grad,22205743616
3,4606.081,grad,22219440640
3,4607.382,grad,22272987648
3,4609.295,grad,22326530560
3,4611.632,grad,22411530752
3,4614.224,grad,22411534848
3,4615.503,grad,22420972032
3,4616.811,grad,22429361152
3,4618.074,grad,22473582080
3,4619.341,grad,22457853440
3,4620.597,grad,22588995072
3,4622.402,grad,22564943360
3,4624.622,grad,22642603520
3,4627.133,grad,22649947648
3,4628.508,grad,22659384832
3,4629.842,grad,22666724864
3,4631.153,grad,22697314816
3,4632.483,grad,22688926208
3,4633.78,grad,22749813248
3,4635.704,grad,22803356160
3,4637.837,grad,22881016320
3,4639.172,grad,22888360448
3,4640.616,grad,22888360448
3,4641.892,grad,22897797632
3,4643.274,grad,22906186752
3,4644.566,grad,22950407680
3,4645.98,grad,22927339008
3,4647.26,grad,22988226048
3,4649.134,grad,23041768960
3,4651.266,grad,23119429120
3,4653.804,grad,23126773248
3,4655.151,grad,23136210432
3,4656.442,grad,23144599552
3,4657.737,grad,23188820480
3,4659.021,grad,23180431872
3,4660.285,grad,23304233472
3,4662.082,grad,23280181760
3,4664.403,grad,23357841920
3,4666.876,grad,23365186048
3,4669.026,grad,23374623232
3,4670.325,grad,23412487680
3,4671.712,grad,23404164608
3,4673.022,grad,23464986112
3,4675.153,grad,23518594560
3,4676.464,grad,23649732096
3,4677.764,grad,23596254720
3,4680.315,grad,23603598848
3,4681.766,grad,23613036032
3,4683.053,grad,23613036032
3,4684.377,grad,23636220416
3,4686.014,grad,23642577408
3,4687.291,grad,23703398912
3,4689.376,grad,23757007360
3,4690.623,grad,23842007552
3,4691.921,grad,23842011648
3,4694.473,grad,23842126336
3,4695.77,grad,23851448832
3,4697.194,grad,23859837952
3,4698.511,grad,23904058880
3,4700.058,grad,23888330240
3,4701.348,grad,23941877248
3,4703.253,grad,23995420160
3,4704.511,grad,24148577792
3,4705.829,grad,24073080320
3,4708.37,grad,24080424448
3,4709.642,grad,24089861632
3,4710.953,grad,24098250240
3,4712.282,grad,24127726080
3,4713.873,grad,24126743040
3,4715.172,grad,24180290048
3,4717.277,grad,24233832960
3,4718.581,grad,24311493120
3,4719.884,grad,24318837248
3,4721.669,grad,25245783040
3,4722.923,grad,25245801984
3,4725.161,grad,25238444032
3,4726.413,grad,24927017472
3,4727.645,grad,24927017472
3,4728.896,grad,24927017472
3,4730.315,grad,24927019008
3,4732.053,grad,24315682304
3,4733.345,grad,24314430976
3,4734.732,grad,24268228096
3,4735.987,grad,24263771648
3,4737.854,grad,24135519744
3,4739.128,grad,24129091072
3,4740.885,grad,24099549696
3,4742.442,grad,24099549696
3,4743.676,grad,24118358528
3,4745.186,grad,24094667264
3,4746.905,grad,24101892608
3,4748.253,grad,24095750656
3,4749.496,grad,24126349824
3,4750.75,grad,24002617856
3,4752.014,grad,24037286400
3,4753.652,grad,23909034496
3,4754.891,grad,23902605824
3,4756.566,grad,23873064448
3,4758.179,grad,23873064448
3,4759.412,grad,23891873280
3,4760.943,grad,23868182016
3,4762.607,grad,23869265408
3,4763.949,grad,23861526016
3,4765.349,grad,23815323136
3,4766.609,grad,23810801152
3,4768.42,grad,23682942464
3,4769.922,grad,23676513792
3,4771.673,grad,23646972416
3,4773.231,grad,23646972416
3,4774.549,grad,23665846784
3,4775.976,grad,23642089984
3,4777.658,grad,23643173376
3,4778.949,grad,23635040768
3,4780.293,grad,23588837888
3,4781.538,grad,23584315904
3,4783.281,grad,23456064000
3,4784.542,grad,23464315392
3,4786.22,grad,23420093952
3,4787.774,grad,23420093952
3,4789.068,grad,23438902784
3,4790.783,grad,23415211520
3,4792.494,grad,23417212416
3,4793.754,grad,23485756928
3,4795.098,grad,23361959424
3,4796.344,grad,23318640128
3,4798.176,grad,23229185536
3,4799.433,grad,23237436928
3,4801.117,grad,23193216000
3,4802.613,grad,23193215488
3,4803.935,grad,23212089856
3,4805.343,grad,23188333056
3,4807.022,grad,23189416448
3,4808.317,grad,23181283840
3,4809.701,grad,23135080960
3,4810.983,grad,23091761664
3,4812.799,grad,23002765824
3,4814.335,grad,22995943936
3,4816.122,grad,22966403072
3,4817.645,grad,22966402560
3,4818.923,grad,22985211392
3,4820.465,grad,22961520128
3,4822.147,grad,22962603520
3,4823.404,grad,22954470912
3,4824.772,grad,22908268032
3,4826.044,grad,22903746048
3,4827.773,grad,22775494144
3,4829.087,grad,22769065472
3,4830.794,grad,22739524608
3,4832.309,grad,22739524096
3,4833.547,grad,22758332928
3,4835.289,grad,22734641664
3,4837.02,grad,22735725056
3,4838.302,grad,22727592448
3,4839.67,grad,22681389568
3,4840.932,grad,22638070272
3,4842.695,grad,22548681216
3,4844.003,grad,22542252544
3,4845.689,grad,22512711168
3,4847.236,grad,22512711168
3,4848.478,grad,22531520000
3,4850.034,grad,22507828736
3,4851.712,grad,22508912128
3,4852.994,grad,22500779520
3,4854.382,grad,22454576640
3,4855.656,grad,22450054656
3,4857.385,grad,22321802752
3,4858.637,grad,22329660928
3,4859.902,grad,22305347072
3,4861.152,grad,22285833216
3,4862.663,grad,22285832704
3,4863.912,grad,22304576000
3,4865.528,grad,22280950272
3,4867.255,grad,22282033664
3,4868.586,grad,22273049088
3,4870.057,grad,22226846208
3,4871.31,grad,22183526912
3,4873.232,grad,22094137856
3,4874.508,grad,22087709184
3,4876.32,grad,22058168320
3,4877.907,grad,22058167808
3,4879.151,grad,22076452352
3,4881.141,grad,22053285376
3,4882.793,grad,22054368768
3,4884.074,grad,22046236160
3,4885.458,grad,22000033280
3,4886.709,grad,21996363264
3,4888.43,grad,21867324928
3,4889.705,grad,21860896256
3,4891.388,grad,21831354880
3,4892.974,grad,21831354880
3,4894.224,grad,21850229248
3,4895.661,grad,21826472448
3,4897.421,grad,21827555840
3,4898.666,grad,21819423232
3,4899.969,grad,21773220352
3,4901.243,grad,21729901056
3,4902.492,grad,21640512000
3,4903.838,grad,21647852032
3,4905.138,grad,21634017792
3,4906.742,grad,21604542464
3,4908.288,grad,21604541952
3,4909.532,grad,21623350784
3,4911.037,grad,21599659520
3,4912.742,grad,21600742912
3,4913.997,grad,21592610304
3,4915.354,grad,21546407424
3,4916.607,grad,21503088128
3,4918.439,grad,21413699072
3,4919.697,grad,21407270400
3,4921.5,grad,21377729024
3,4923.058,grad,21377729024
3,4924.308,grad,21396537856
3,4926.105,grad,21372846592
3,4927.804,grad,21373929984
3,4929.134,grad,21365797376
3,4930.541,grad,21319594496
3,4931.799,grad,21315072512
3,4933.563,grad,21186886144
3,4934.823,grad,21195137536
3,4936.501,grad,21150916096
3,4938.117,grad,21150916096
3,4939.442,grad,21169790464
3,4940.899,grad,21146033664
3,4942.622,grad,21147117056
3,4943.913,grad,21138984448
3,4945.271,grad,21092781568
3,4946.526,grad,21088259584
3,4948.307,grad,20960073216
3,4949.84,grad,20953644544
3,4951.597,grad,20924103168
3,4953.199,grad,20924103168
3,4954.476,grad,20942977536
3,4955.951,grad,20919220736
3,4957.603,grad,20920304128
3,4958.866,grad,20912171520
3,4960.137,grad,20865968640
3,4961.398,grad,20829989376
3,4963.342,grad,20733260288
3,4964.6,grad,20741511680
3,4966.322,grad,20697290240
3,4967.894,grad,20697290240
3,4969.149,grad,20716164608
3,4970.936,grad,20692407808
3,4972.658,grad,20693491200
3,4973.943,grad,20685358592
3,4975.3,grad,20639155712
3,4976.567,grad,20595836416
3,4978.351,grad,20506447360
3,4979.6,grad,20500018688
3,4981.308,grad,20470477312
3,4982.833,grad,20470477312
3,4984.121,grad,20489351680
3,4985.58,grad,20465594880
3,4987.326,grad,20466678272
3,4988.598,grad,20536074752
3,4990.006,grad,20412342784
3,4991.28,grad,20407820800
3,4993.106,grad,20279634432
3,4994.601,grad,20273205760
3,4996.297,grad,20243664384
3,4997.829,grad,20243664384
3,4999.103,grad,20262538752
3,5000.596,grad,20238781952
3,5002.252,grad,20239865344
3,5003.501,grad,20309327360
3,5004.789,grad,20185529856
3,5006.082,grad,20181007872
3,5007.948,grad,20052821504
3,5009.251,grad,20061072896
3,5011.024,grad,20016851456
3,5012.601,grad,20016851456
3,5013.903,grad,20035791360
3,5015.749,grad,20011969024
3,5017.454,grad,20013052416
3,5018.716,grad,20004919808
3,5020.148,grad,19958716928
3,5021.44,grad,19876600320
3,5023.397,grad,19826008576
3,5024.661,grad,19819579904
3,5026.336,grad,19790038528
3,5027.915,grad,19790038528
3,5029.178,grad,19808912896
3,5030.637,grad,19785156096
3,5032.435,grad,19786239488
3,5033.697,grad,19778106880
3,5035.098,grad,19731904000
3,5036.351,grad,19727382016
3,5038.1,grad,19599195648
3,5039.355,grad,19607053824
3,5040.602,grad,19563226112
3,5041.851,grad,19563225600
3,5043.131,grad,19592651264
3,5044.58,grad,19557851648
3,5045.832,grad,19565683200
3,5047.398,grad,19559426560
3,5048.655,grad,19628888576
3,5049.984,grad,19505091072
3,5051.236,grad,19422974464
3,5053.116,grad,19372382720
3,5054.371,grad,19380634112
3,5056.036,grad,19336412672
3,5057.663,grad,19336412672
3,5058.922,grad,19355221504
3,5060.726,grad,19331530240
3,5062.467,grad,19332613632
3,5063.748,grad,19324481024
3,5065.132,grad,19278278144
3,5066.389,grad,19273756160
3,5068.141,grad,19145569792
3,5069.394,grad,19153821184
3,5071.172,grad,19109599744
3,5072.806,grad,19109599744
3,5074.129,grad,19128474112
3,5075.593,grad,19104717312
3,5077.443,grad,19105800704
3,5078.698,grad,19097668096
3,5079.993,grad,19051465216
3,5081.238,grad,19015485952
3,5082.473,grad,18926094848
3,5083.922,grad,18926096896
3,5085.211,grad,18919602688
3,5086.743,grad,18882786816
3,5088.327,grad,18882786816
3,5089.622,grad,18901661184
3,5091.175,grad,18877904384
3,5092.875,grad,18878987776
3,5094.149,grad,18870855168
3,5095.428,grad,18824652288
3,5096.668,grad,18796013056
3,5097.915,grad,18738079232
3,5099.19,grad,18699283968
3,5100.446,grad,18692789760
3,5102.213,grad,18655973888
3,5103.8,grad,18655973888
3,5105.081,grad,18674782720
3,5106.952,grad,18651091456
3,5108.668,grad,18652174848
3,5109.98,grad,18644042240
3,5111.375,grad,18597839360
3,5112.646,grad,18554520064
3,5114.484,grad,18465131008
3,5115.74,grad,18473382400
3,5117.402,grad,18429160960
3,5119.034,grad,18429160960
3,5120.316,grad,18448035328
3,5121.842,grad,18424278528
3,5123.61,grad,18425361920
3,5124.877,grad,18417229312
3,5126.283,grad,18371026432
3,5127.54,grad,18366504448
3,5129.328,grad,18238318080
3,5130.605,grad,18231430656
3,5132.508,grad,18202348544
3,5134.034,grad,18202348032
3,5135.342,grad,18221222400
3,5136.832,grad,18197400064
3,5138.484,grad,18198483456
3,5139.756,grad,18267945472
3,5141.196,grad,18144147968
3,5142.473,grad,18100828672
3,5144.29,grad,18011439616
3,5145.549,grad,17997605376
3,5147.304,grad,17968064000
3,5148.89,grad,17967801856
3,5150.172,grad,17986676224
3,5151.982,grad,17962919424
3,5153.261,grad,17952990720
3,5154.513,grad,17952990720
3,5155.757,grad,17952990720
3,5158.329,grad,17952990208
3,5159.75,grad,17952990208
3,5161.204,grad,17952990208
3,5165.29,grad,17952990208
3,5170.012,grad,17952990208
3,5176.383,grad,17952998400
3,5182.741,grad,17952998400
3,5189.111,grad,17952998400
3,5193.152,grad,17952998400
3,5194.427,grad,17960737792
3,5196.067,grad,17960604672
3,5198.681,grad,17967944704
3,5199.968,grad,17977381888
3,5201.245,grad,17977381888
3,5202.526,grad,18000566272
3,5204.03,grad,18006923264
3,5205.291,grad,18067810304
3,5207.195,grad,18121353216
3,5208.45,grad,18199013376
3,5210.352,grad,18199013376
3,5212.963,grad,18206357504
3,5214.226,grad,18215860224
3,5215.566,grad,18224314880
3,5216.828,grad,18253855744
3,5218.162,grad,18245401600
3,5219.445,grad,18306354176
3,5221.307,grad,18359897088
3,5223.494,grad,18437557248
3,5224.799,grad,18444901376
3,5226.268,grad,18444901376
3,5227.531,grad,18454338560
3,5228.787,grad,18462727168
3,5230.258,grad,18492203008
3,5231.653,grad,18483879936
3,5232.886,grad,18530021376
3,5234.913,grad,18598309888
3,5237.134,grad,18675970048
3,5239.692,grad,18683314176
3,5240.987,grad,18692751360
3,5242.323,grad,18701140480
3,5243.592,grad,18745361408
3,5244.852,grad,18722292736
3,5246.129,grad,18783179776
3,5247.971,grad,18836722688
3,5249.221,grad,18975200256
3,5250.537,grad,18914382848
3,5253.056,grad,18921726976
3,5254.312,grad,18931164160
3,5255.641,grad,18939553280
3,5256.906,grad,18969094144
3,5258.153,grad,18960705536
3,5259.4,grad,19021527040
3,5261.644,grad,19075135488
3,5262.933,grad,19152795648
3,5264.221,grad,19160139776
3,5266.773,grad,19160139776
3,5268.052,grad,19169576960
3,5269.313,grad,19177965568
3,5270.57,grad,19207441408
3,5271.974,grad,19199118336
3,5273.248,grad,19260005376
3,5275.18,grad,19313548288
3,5277.372,grad,19391208448
3,5279.96,grad,19398552576
3,5281.233,grad,19407989760
3,5282.564,grad,19416378880
3,5283.821,grad,19460599808
3,5285.2,grad,19437531136
3,5286.477,grad,19498418176
3,5288.414,grad,19551961088
3,5289.68,grad,19636961280
3,5290.967,grad,19636965376
3,5293.373,grad,19636965376
3,5294.639,grad,19646402560
3,5295.908,grad,19654791168
3,5297.194,grad,19684332544
3,5298.487,grad,19675943936
3,5299.752,grad,19736765440
3,5301.738,grad,19790373888
3,5303.017,grad,19875374080
3,5304.322,grad,19868034048
3,5306.807,grad,19875378176
3,5308.085,grad,19884815360
3,5309.43,grad,19893204480
3,5310.714,grad,19937425408
3,5312.058,grad,19914356736
3,5313.327,grad,19975243776
3,5315.211,grad,20028786688
3,5317.432,grad,20106446848
3,5318.733,grad,20113790976
3,5320.276,grad,20113790976
3,5321.714,grad,20123228160
3,5323.011,grad,20123228160
3,5324.278,grad,20161092608
3,5325.746,grad,20152769536
3,5327.036,grad,20213656576
3,5328.944,grad,20267199488
3,5330.192,grad,20405677056
3,5331.48,grad,20352203776
3,5333.852,grad,20352203776
3,5335.122,grad,20361640960
3,5336.478,grad,20370030080
3,5337.744,grad,20414251008
3,5339.248,grad,20398522368
3,5340.521,grad,20452069376
3,5342.454,grad,20505612288
3,5344.647,grad,20583272448
3,5347.157,grad,20590616576
3,5348.438,grad,20600053760
3,5349.793,grad,20608442880
3,5351.062,grad,20652663808
3,5352.38,grad,20629595136
3,5353.654,grad,20768076800
3,5355.471,grad,20744025088
3,5356.736,grad,20821685248
3,5358.084,grad,20829025280
3,5360.622,grad,20829029376
3,5361.884,grad,20838466560
3,5363.255,grad,20846855680
3,5364.531,grad,20891076608
3,5365.773,grad,20868007936
3,5367.034,grad,20928894976
3,5368.835,grad,20982437888
3,5370.102,grad,21106235392
3,5371.394,grad,21067442176
3,5373.809,grad,21067442176
3,5375.141,grad,21076879360
3,5376.4,grad,21076879360
3,5377.655,grad,21114743808
3,5379.119,grad,21106420736
3,5380.366,grad,21167307776
3,5382.248,grad,21221243904
3,5384.416,grad,21298904064
3,5386.896,grad,21306248192
3,5388.156,grad,21315685376
3,5389.442,grad,21324074496
3,5390.685,grad,21353615360
3,5392.27,grad,21345226752
3,5393.533,grad,21406113792
3,5395.399,grad,21498454016
3,5397.562,grad,21537316864
3,5398.826,grad,21544660992
3,5400.284,grad,21544660992
3,5401.525,grad,21554098176
3,5402.872,grad,21562487296
3,5404.129,grad,21606708224
3,5405.377,grad,21583639552
3,5406.638,grad,21722121216
3,5408.406,grad,21698069504
3,5409.661,grad,21851227136
3,5411.005,grad,21783069696
3,5413.488,grad,21783073792
3,5414.783,grad,21792510976
3,5416.118,grad,21800900096
3,5417.369,grad,21845121024
3,5418.678,grad,21829392384
3,5419.946,grad,21960534016
3,5421.795,grad,21975279616
3,5423.884,grad,22014142464
3,5427.381,grad,22021486592
3,5428.648,grad,22030923776
3,5429.987,grad,22039312896
3,5431.259,grad,22068853760
3,5432.569,grad,22060465152
3,5433.828,grad,22198946816
3,5435.582,grad,22174895104
3,5437.717,grad,22252555264
3,5440.242,grad,22259899392
3,5441.496,grad,22269336576
3,5443.034,grad,22277725696
3,5444.353,grad,22322798592
3,5445.604,grad,22299729920
3,5446.855,grad,22438211584
3,5448.597,grad,22414159872
3,5450.785,grad,22491820032
3,5453.321,grad,22499164160
3,5455.462,grad,22508601344
3,5456.741,grad,22546465792
3,5458.094,grad,22538142720
3,5459.348,grad,22599029760
3,5461.441,grad,22652572672
3,5463.604,grad,22737572864
3,5466.078,grad,22737576960
3,5468.239,grad,22747014144
3,5469.495,grad,22784878592
3,5470.876,grad,22776555520
3,5472.124,grad,22837442560
3,5473.97,grad,22890985472
3,5476.106,grad,22968645632
3,5478.749,grad,22975989760
3,5480.94,grad,22985426944
3,5482.229,grad,23023291392
3,5483.541,grad,23014968320
3,5484.822,grad,23075855360
3,5486.643,grad,23129398272
3,5488.792,grad,23214398464
3,5491.303,grad,23214402560
3,5492.558,grad,23223839744
3,5494.115,grad,23232228864
3,5495.415,grad,23276449792
3,5496.66,grad,23260721152
3,5497.93,grad,23391862784
3,5499.66,grad,23367811072
3,5501.786,grad,23445471232
3,5504.325,grad,23452815360
3,5506.465,grad,23462252544
3,5507.711,grad,23500116992
3,5509.127,grad,23491793920
3,5510.382,grad,23552680960
3,5512.534,grad,23606223872
3,5514.658,grad,23683884032
3,5517.134,grad,23691228160
3,5519.257,grad,23700665344
3,5520.51,grad,23738529792
3,5521.989,grad,23730206720
3,5523.231,grad,23791093760
3,5525.133,grad,23844636672
3,5526.387,grad,23922296832
3,5527.673,grad,23929640960
3,5530.232,grad,23929640960
3,5531.551,grad,23939078144
3,5532.822,grad,23939078144
3,5534.088,grad,23962262528
3,5535.661,grad,23968619520
3,5536.886,grad,24029441024
3,5538.149,grad,24160644096
3,5539.489,grad,24121846784
3,5541.405,grad,24160709632
3,5544.1,grad,24168053760
3,5545.374,grad,24177490944
3,5546.649,grad,24185879552
3,5547.902,grad,24194383872
3,5549.494,grad,24208080896
3,5550.756,grad,24268967936
3,5552.807,grad,24322510848
3,5554.065,grad,24460988416
3,5555.356,grad,24407511040
3,5557.87,grad,24407515136
3,5559.126,grad,24416952320
3,5560.376,grad,24416952320
3,5561.626,grad,24454816768
3,5563.242,grad,24446493696
3,5564.504,grad,24507380736
3,5566.633,grad,24560923648
3,5567.896,grad,24692061184
3,5569.428,grad,24645927936
3,5570.777,grad,25572873728
3,5572.03,grad,25572892160
3,5574.246,grad,25565534720
3,5575.496,grad,25254108160
3,5576.75,grad,25254108160
3,5577.991,grad,25254108160
3,5579.406,grad,25254109696
3,5581.127,grad,24642445312
3,5582.453,grad,24641456128
3,5583.977,grad,24595253248
3,5585.223,grad,24513136640
3,5587.13,grad,24462479360
3,5588.369,grad,24456050688
3,5590.137,grad,24426509312
3,5591.713,grad,24426509312
3,5592.979,grad,24445318144
3,5594.832,grad,24421626880
3,5596.605,grad,24422710272
3,5597.874,grad,24414970880
3,5599.238,grad,24368768000
3,5600.497,grad,24364246016
3,5602.296,grad,24236387328
3,5603.566,grad,24244638720
3,5605.38,grad,24199368704
3,5606.955,grad,24199368704
3,5608.213,grad,24218177536
3,5609.733,grad,24194486272
3,5611.445,grad,24195569664
3,5612.742,grad,24187437056
3,5613.988,grad,24141234176
3,5615.23,grad,24113643520
3,5616.48,grad,24015863808
3,5617.758,grad,24016914432
3,5619.079,grad,24002031616
3,5620.766,grad,23972555776
3,5622.359,grad,23972555776
3,5623.654,grad,23991364608
3,5625.276,grad,23967673344
3,5626.998,grad,23968756736
3,5628.249,grad,23960624128
3,5629.591,grad,23914421248
3,5630.839,grad,23909899264
3,5632.6,grad,23781712896
3,5633.849,grad,23789964288
3,5635.598,grad,23745742848
3,5637.15,grad,23745742848
3,5638.452,grad,23764617216
3,5640.124,grad,23740860416
3,5641.807,grad,23741943808
3,5643.077,grad,23733811200
3,5644.443,grad,23687608320
3,5645.683,grad,23683086336
3,5647.528,grad,23554899968
3,5648.774,grad,23563151360
3,5650.437,grad,23518930432
3,5651.954,grad,23518929920
3,5653.261,grad,23537804288
3,5654.705,grad,23514047488
3,5656.397,grad,23515130880
3,5657.65,grad,23584592896
3,5658.976,grad,23460795392
3,5660.237,grad,23417476096
3,5662.15,grad,23328021504
3,5664.144,grad,23321592832
3,5665.977,grad,23292051456
3,5667.53,grad,23292051456
3,5668.833,grad,23310925824
3,5670.271,grad,23287169024
3,5671.985,grad,23288252416
3,5673.247,grad,23357714432
3,5674.58,grad,23233916928
3,5675.823,grad,23151800320
3,5677.67,grad,23101208576
3,5678.934,grad,23094779904
3,5680.613,grad,23065239040
3,5682.123,grad,23065238528
3,5683.424,grad,23084112896
3,5685.182,grad,23060356096
3,5686.878,grad,23061439488
3,5688.133,grad,23053306880
3,5689.48,grad,23007104000
3,5690.717,grad,23002582016
3,5692.437,grad,22874395648
3,5693.682,grad,22882647040
3,5695.375,grad,22838425600
3,5696.938,grad,22838425600
3,5698.251,grad,22857299968
3,5699.663,grad,22833543168
3,5701.326,grad,22834626560
3,5702.563,grad,22904088576
3,5703.881,grad,22780291072
3,5705.119,grad,22698174464
3,5706.351,grad,22647582720
3,5708.203,grad,22647582720
3,5709.472,grad,22655440896
3,5710.739,grad,22611612672
3,5712.003,grad,22611612672
3,5713.253,grad,22640972800
3,5714.494,grad,22613644288
3,5715.976,grad,22606730240
3,5717.628,grad,22607813632
3,5718.887,grad,22599681024
3,5720.237,grad,22553478144
3,5721.489,grad,22548956160
3,5723.215,grad,22420769792
3,5724.473,grad,22429021184
3,5726.189,grad,22383947776
3,5727.755,grad,22383947776
3,5729.11,grad,22402691072
3,5730.976,grad,22379065344
3,5732.707,grad,22380148736
3,5733.988,grad,22372016128
3,5735.255,grad,22325813248
3,5736.492,grad,22282493952
3,5737.737,grad,22193102848
3,5739.051,grad,22200444928
3,5740.311,grad,22171930624
3,5741.572,grad,22157134848
3,5743.181,grad,22157134848
3,5744.476,grad,22176074752
3,5745.985,grad,22152252416
3,5747.762,grad,22153335808
3,5749.021,grad,22145203200
3,5750.262,grad,22099000320
3,5751.527,grad,22063021056
3,5753.463,grad,21966291968
3,5754.73,grad,21974150144
3,5755.999,grad,21956127744
3,5757.242,grad,21930321920
3,5758.494,grad,21945001984
3,5759.763,grad,21949196288
3,5761.174,grad,21925439488
3,5762.825,grad,21926522880
3,5764.074,grad,21918390272
3,5765.45,grad,21872187392
3,5766.698,grad,21828868096
3,5768.467,grad,21739479040
3,5769.743,grad,21733050368
3,5771.469,grad,21703509504
3,5773.067,grad,21703508992
3,5774.372,grad,21722383360
3,5776.193,grad,21698626560
3,5777.961,grad,21699709952
3,5779.215,grad,21691577344
3,5780.574,grad,21645374464
3,5781.831,grad,21602055168
3,5783.606,grad,21512666112
3,5784.851,grad,21520917504
3,5786.561,grad,21476696064
3,5788.144,grad,21491376128
3,5789.458,grad,21480890368
3,5790.929,grad,21471813632
3,5792.656,grad,21472897024
3,5793.931,grad,21464764416
3,5795.315,grad,21418561536
3,5796.558,grad,21350731776
3,5798.46,grad,21285459968
3,5799.99,grad,21279031296
3,5801.73,grad,21249489920
3,5803.338,grad,21249489920
3,5804.67,grad,21268364288
3,5806.143,grad,21244607488
3,5807.836,grad,21245690880
3,5809.101,grad,21237558272
3,5810.496,grad,21191355392
3,5811.739,grad,21186833408
3,5813.645,grad,21058647040
3,5814.968,grad,21052218368
3,5816.776,grad,21022676992
3,5818.404,grad,21022676992
3,5819.706,grad,21041551360
3,5821.435,grad,21017794560
3,5823.227,grad,21018877952
3,5824.48,grad,21010745344
3,5825.838,grad,20964542464
3,5827.097,grad,20897105920
3,5829.011,grad,20831834112
3,5830.274,grad,20840085504
3,5831.999,grad,20795864064
3,5833.529,grad,20795864064
3,5834.766,grad,20814738432
3,5836.273,grad,20790981632
3,5838.199,grad,20792065024
3,5839.464,grad,20783866880
3,5840.705,grad,20737729536
3,5841.959,grad,20694410240
3,5843.752,grad,20605021184
3,5845.0,grad,20612813824
3,5846.249,grad,20594856960
3,5847.542,grad,20569051136
3,5848.803,grad,20583731200
3,5850.054,grad,20587991040
3,5851.462,grad,20564168704
3,5853.187,grad,20565252096
3,5854.422,grad,20557119488
3,5855.8,grad,20510916608
3,5857.051,grad,20436140032
3,5858.913,grad,20378208256
3,5860.228,grad,20371779584
3,5862.039,grad,20342238208
3,5863.565,grad,20342238208
3,5864.843,grad,20361112576
3,5866.593,grad,20337355776
3,5868.443,grad,20338439168
3,5869.681,grad,20330241024
3,5870.961,grad,20284103680
3,5872.203,grad,20240784384
3,5874.078,grad,20151395328
3,5875.312,grad,20159646720
3,5877.005,grad,20115425280
3,5878.581,grad,20115425280
3,5879.872,grad,20134299648
3,5881.343,grad,20110542848
3,5883.161,grad,20111626240
3,5884.392,grad,20103493632
3,5885.779,grad,20057290752
3,5887.045,grad,19975174144
3,5888.971,grad,19924582400
3,5890.219,grad,19932440576
3,5892.129,grad,19888612352
3,5893.648,grad,19888612352
3,5894.927,grad,19907486720
3,5896.363,grad,19883729920
3,5898.142,grad,19884813312
3,5899.393,grad,19876680704
3,5900.782,grad,19830477824
3,5902.043,grad,19825955840
3,5903.828,grad,19697769472
3,5905.121,grad,19691340800
3,5906.925,grad,19661799424
3,5908.577,grad,19661799424
3,5909.877,grad,19680673792
3,5911.559,grad,19656916992
3,5913.278,grad,19658000384
3,5914.53,grad,19727462400
3,5915.867,grad,19603664896
3,5917.142,grad,19521548288
3,5919.054,grad,19470956544
3,5920.322,grad,19479207936
3,5921.996,grad,19434986496
3,5923.576,grad,19434986496
3,5924.85,grad,19453860864
3,5926.399,grad,19430104064
3,5928.254,grad,19431187456
3,5929.499,grad,19423054848
3,5930.919,grad,19376851968
3,5932.167,grad,19333532672
3,5933.967,grad,19244143616
3,5935.651,grad,19237714944
3,5937.398,grad,19208173568
3,5939.005,grad,19208173568
3,5940.289,grad,19227047936
3,5941.755,grad,19203291136
3,5943.419,grad,19204374528
3,5944.661,grad,19273836544
3,5945.989,grad,19150039040
3,5947.233,grad,19145517056
3,5949.11,grad,19017330688
3,5950.35,grad,19025582080
3,5951.999,grad,18981360640
3,5953.505,grad,18981360640
3,5954.765,grad,19000235008
3,5956.436,grad,18976478208
3,5958.23,grad,18977561600
3,5959.469,grad,19047023616
3,5960.797,grad,18923226112
3,5962.067,grad,18918704128
3,5963.773,grad,18790517760
3,5965.028,grad,18784089088
3,5966.698,grad,18754547712
3,5968.313,grad,18754547712
3,5969.551,grad,18773422080
3,5971.011,grad,18749665280
3,5972.65,grad,18750748672
3,5973.895,grad,18742550528
3,5975.195,grad,18696347648
3,5976.45,grad,18660433920
3,5977.736,grad,18563639296
3,5979.028,grad,18570979328
3,5980.311,grad,18571890688
3,5982.03,grad,18527603712
3,5983.563,grad,18527603712
3,5984.872,grad,18546478080
3,5986.366,grad,18522721280
3,5988.124,grad,18523804672
3,5989.377,grad,18593266688
3,5990.683,grad,18469469184
3,5991.945,grad,18465012736
3,5993.773,grad,18336826368
3,5995.072,grad,18322992128
3,5996.813,grad,18293450752
3,5998.45,grad,18293188608
3,5999.77,grad,18312062976
3,6001.509,grad,18288306176
3,6002.782,grad,18278377472
3,6004.083,grad,18278377472
3,6007.937,grad,18278376960
3,6009.261,grad,18278376960
3,6010.618,grad,18278376960
3,6014.616,grad,18278376960
3,6019.329,grad,18278376960
3,6025.68,grad,18278381056
3,6032.034,grad,18278381056
3,6038.433,grad,18278381056
3,6042.568,grad,18278381056
3,6043.877,grad,18282712576
3,6045.515,grad,18282317312
3,6048.241,grad,18285987328
3,6049.536,grad,18290705920
3,6050.815,grad,18290705920
3,6052.115,grad,18302298624
3,6053.756,grad,18309147136
3,6055.036,grad,18335920640
3,6057.033,grad,18362692096
3,6059.521,grad,18401522176
3,6060.813,grad,18405194240
3,6062.243,grad,18405194240
3,6063.519,grad,18409912832
3,6064.895,grad,18414107648
3,6066.155,grad,18428943872
3,6067.482,grad,18424749568
3,6068.738,grad,18455258624
3,6070.628,grad,18482030080
3,6071.898,grad,18524530176
3,6073.199,grad,18524532224
3,6075.606,grad,18524532224
3,6076.894,grad,18529250816
3,6078.271,grad,18529250816
3,6079.541,grad,18540843520
3,6081.027,grad,18544022016
3,6082.281,grad,18575383040
3,6084.157,grad,18602154496
3,6086.433,grad,18644654592
3,6088.977,grad,18644656640
3,6090.241,grad,18649375232
3,6091.586,grad,18653570048
3,6092.848,grad,18675680768
3,6094.115,grad,18664146432
3,6095.373,grad,18694589952
3,6097.362,grad,18721361408
3,6098.803,grad,18763861504
3,6100.13,grad,18763863552
3,6102.476,grad,18763863552
3,6104.667,grad,18768582144
3,6105.961,grad,18780174848
3,6107.505,grad,18783353344
3,6108.757,grad,18813796864
3,6110.674,grad,18840568320
3,6112.893,grad,18879398400
3,6116.353,grad,18883070464
3,6117.624,grad,18887789056
3,6118.943,grad,18891983360
3,6120.198,grad,18906721792
3,6121.64,grad,18902560256
3,6122.902,grad,18933003776
3,6124.773,grad,18959775232
3,6127.022,grad,18998605312
3,6129.496,grad,19002277376
3,6131.691,grad,19006995968
3,6132.977,grad,19025928704
3,6134.387,grad,19021767168
3,6135.639,grad,19044837888
3,6136.917,grad,19117779456
3,6138.163,grad,19098380800
3,6140.306,grad,19117812224
3,6142.791,grad,19121484288
3,6144.086,grad,19126202880
3,6145.428,grad,19130397696
3,6146.705,grad,19145168384
3,6148.003,grad,19140974080
3,6149.257,grad,19171417600
3,6151.156,grad,19198189056
3,6152.42,grad,19267427840
3,6153.763,grad,19237019136
3,6156.329,grad,19240691200
3,6157.623,grad,19245409792
3,6159.067,grad,19250653184
3,6160.342,grad,19266472448
3,6161.666,grad,19262278144
3,6162.925,grad,19292721664
3,6164.794,grad,19319689728
3,6166.065,grad,19358519808
3,6167.315,grad,19362191872
3,6169.687,grad,19362191872
3,6170.97,grad,19366910464
3,6172.319,grad,19366910464
3,6173.575,grad,19385843200
3,6175.007,grad,19381681664
3,6176.265,grad,19412092416
3,6178.317,grad,19438896640
3,6180.504,grad,19477726720
3,6182.969,grad,19481398784
3,6184.245,grad,19486117376
3,6185.559,grad,19490312192
3,6186.811,grad,19512422912
3,6188.123,grad,19500888576
3,6189.378,grad,19570129408
3,6191.323,grad,19558103552
3,6192.608,grad,19596933632
3,6193.872,grad,19600605696
3,6196.266,grad,19600605696
3,6197.524,grad,19605324288
3,6198.896,grad,19609519104
3,6200.162,grad,19624289792
3,6201.485,grad,19620095488
3,6202.757,grad,19650539008
3,6204.592,grad,19677310464
3,6205.856,grad,19716140544
3,6207.144,grad,19719812608
3,6209.695,grad,19719812608
3,6210.968,grad,19724531200
3,6212.287,grad,19728726016
3,6213.54,grad,19743496704
3,6214.852,grad,19739302400
3,6216.112,grad,19769745920
3,6217.985,grad,19796517376
3,6220.173,grad,19840066048
3,6222.674,grad,19840068096
3,6225.094,grad,19844786688
3,6226.365,grad,19864768000
3,6227.809,grad,19860606464
3,6229.092,grad,19891049984
3,6230.996,grad,19917821440
3,6233.239,grad,19956651520
3,6235.718,grad,19960323584
3,6238.031,grad,19965042176
3,6239.313,grad,19985023488
3,6240.713,grad,19980861952
3,6241.975,grad,20010256896
3,6244.043,grad,20038076928
3,6246.305,grad,20076907008
3,6248.875,grad,20081627648
3,6250.125,grad,20086346240
3,6251.395,grad,20090016256
3,6252.656,grad,20105278976
3,6254.052,grad,20101117440
3,6255.291,grad,20131560960
3,6257.17,grad,20158332416
3,6258.414,grad,20234911232
3,6259.725,grad,20200834560
3,6262.276,grad,20200834560
3,6263.523,grad,20205553152
3,6264.817,grad,20209747968
3,6266.065,grad,20231858688
3,6267.301,grad,20223994368
3,6268.536,grad,20250767872
3,6270.362,grad,20277539328
3,6272.569,grad,20320039424
3,6275.119,grad,20320041472
3,6276.375,grad,20324760064
3,6277.62,grad,20324760064
3,6278.921,grad,20337401344
3,6280.351,grad,20340579840
3,6281.605,grad,20371023360
3,6283.537,grad,20397794816
3,6285.678,grad,20436624896
3,6288.269,grad,20440296960
3,6289.512,grad,20445015552
3,6290.787,grad,20449210368
3,6292.046,grad,20471321088
3,6293.297,grad,20463456768
3,6294.535,grad,20529027584
3,6296.541,grad,20517001728
3,6298.674,grad,20555831808
3,6301.209,grad,20559503872
3,6303.35,grad,20564222464
3,6304.597,grad,20583155200
3,6306.003,grad,20578993664
3,6307.24,grad,20610485760
3,6309.165,grad,20637257216
3,6311.347,grad,20676087296
3,6313.975,grad,20679759360
3,6316.109,grad,20684477952
3,6317.38,grad,20703410688
3,6318.833,grad,20699249152
3,6320.112,grad,20729692672
3,6322.022,grad,20756464128
3,6323.314,grad,20798964224
3,6324.607,grad,20798966272
3,6326.983,grad,20798966272
3,6328.28,grad,20803684864
3,6330.43,grad,20803684864
3,6331.748,grad,20815277568
3,6333.226,grad,20818456064
3,6334.48,grad,20848899584
3,6336.374,grad,20875671040
3,6338.552,grad,20914501120
3,6341.121,grad,20918173184
3,6343.319,grad,20922891776
3,6344.6,grad,20941824512
3,6345.967,grad,20937662976
3,6347.267,grad,20968106496
3,6349.397,grad,20994877952
3,6351.63,grad,21033708032
3,6354.112,grad,21037380096
3,6355.385,grad,21042098688
3,6356.681,grad,21046293504
3,6357.973,grad,21068404224
3,6359.301,grad,21056869888
3,6360.558,grad,21087313408
3,6362.394,grad,21114084864
3,6363.649,grad,21156584960
3,6364.946,grad,21156587008
3,6367.445,grad,21156587008
3,6368.711,grad,21161305600
3,6370.051,grad,21165500416
3,6371.333,grad,21188659712
3,6372.586,grad,21176076800
3,6373.853,grad,21245317632
3,6375.688,grad,21233291776
3,6376.969,grad,21275791872
3,6378.298,grad,21275793920
3,6380.723,grad,21275793920
3,6382.001,grad,21281561088
3,6383.333,grad,21281561088
3,6384.581,grad,21293153792
3,6386.22,grad,21295283712
3,6387.468,grad,21326743040
3,6389.551,grad,21353547264
3,6390.834,grad,21396047360
3,6392.103,grad,21396049408
3,6394.603,grad,21396049408
3,6395.87,grad,21400768000
3,6397.129,grad,21404438016
3,6398.391,grad,21419700736
3,6399.904,grad,21415539200
3,6401.178,grad,21445982720
3,6403.219,grad,21472754176
3,6404.482,grad,21549332992
3,6405.756,grad,21515254272
3,6407.037,grad,21515256320
3,6408.462,grad,21515256320
3,6409.71,grad,21521023488
3,6411.018,grad,21521023488
3,6412.272,grad,21532616192
3,6413.854,grad,21534746112
3,6415.113,grad,21566238208
3,6417.106,grad,21593009664
3,6418.386,grad,21635509760
3,6420.113,grad,21635511808
3,6421.515,grad,22098982912
3,6422.794,grad,22095318016
3,6424.854,grad,22095313920
3,6426.144,grad,21939600896
3,6427.398,grad,21939600896
3,6428.645,grad,21939600896
3,6430.037,grad,21939602432
3,6431.789,grad,21635506688
3,6433.173,grad,21632225792
3,6434.464,grad,21609124352
3,6435.711,grad,21587464704
3,6436.958,grad,21551256064
3,6438.347,grad,21546539520
3,6439.6,grad,21532281344
3,6440.949,grad,21524883456
3,6442.352,grad,21524882944
3,6443.625,grad,21534254592
3,6445.194,grad,21522687488
3,6446.437,grad,21521149440
3,6447.688,grad,21524819456
3,6449.005,grad,21496045056
3,6450.248,grad,21515443712
3,6451.484,grad,21495455232
3,6453.133,grad,21430117888
3,6454.388,grad,21426902528
3,6456.027,grad,21412131328
3,6457.563,grad,21412131328
3,6458.824,grad,21421535744
3,6460.365,grad,21409935872
3,6462.151,grad,21412067840
3,6463.4,grad,21406460416
3,6464.794,grad,21383358976
3,6466.05,grad,21381392896
3,6468.122,grad,21317628416
3,6469.452,grad,21313364480
3,6471.133,grad,21298593280
3,6472.736,grad,21298593280
3,6474.019,grad,21308194304
3,6475.57,grad,21296397824
3,6477.274,grad,21298529792
3,6478.513,grad,21293053440
3,6479.908,grad,21269952000
3,6481.146,grad,21249766912
3,6482.402,grad,21205466624
3,6483.641,grad,21205464576
3,6484.9,grad,21193829888
3,6486.173,grad,21186432000
3,6487.559,grad,21186431488
3,6488.797,grad,21195835904
3,6490.541,grad,21184236032
3,6492.333,grad,21186368000
3,6493.585,grad,21180924416
3,6494.97,grad,21157822976
3,6496.228,grad,21156119040
3,6498.096,grad,21092551168
3,6499.356,grad,21089335808
3,6500.965,grad,21074564608
3,6502.539,grad,21074564608
3,6503.777,grad,21083969024
3,6505.311,grad,21072369152
3,6507.117,grad,21074501120
3,6508.371,grad,21069123072
3,6509.642,grad,21046054400
3,6510.892,grad,21044350464
3,6512.707,grad,20980782592
3,6514.251,grad,20977567232
3,6515.909,grad,20962796032
3,6517.433,grad,20962796032
3,6518.682,grad,20972200448
3,6520.186,grad,20960600576
3,6521.913,grad,20962732544
3,6523.17,grad,20957387264
3,6524.493,grad,20934285824
3,6525.746,grad,20913183232
3,6527.554,grad,20869014016
3,6528.798,grad,20865798656
3,6530.384,grad,20851027456
3,6531.974,grad,20851027456
3,6533.218,grad,20860399104
3,6535.314,grad,20848832000
3,6537.044,grad,20850963968
3,6538.292,grad,20845618688
3,6539.636,grad,20822517248
3,6540.909,grad,20820813312
3,6542.681,grad,20757245440
3,6543.976,grad,20754030080
3,6545.578,grad,20739259392
3,6547.096,grad,20739258880
3,6548.34,grad,20748663296
3,6549.834,grad,20737063424
3,6551.496,grad,20739195392
3,6552.785,grad,20733850112
3,6554.154,grad,20710748672
3,6555.412,grad,20689646080
3,6557.283,grad,20644428288
3,6558.527,grad,20648323584
3,6559.771,grad,20626442240
3,6561.044,grad,20626441728
3,6562.289,grad,20633781760
3,6563.522,grad,20635846144
3,6565.025,grad,20624246272
3,6566.677,grad,20626378240
3,6567.94,grad,20621032960
3,6569.287,grad,20597931520
3,6570.545,grad,20576828928
3,6572.391,grad,20532659712
3,6573.672,grad,20529444352
3,6575.289,grad,20514673664
3,6576.873,grad,20514673152
3,6578.202,grad,20524044800
3,6580.425,grad,20512477696
3,6582.254,grad,20514609664
3,6583.537,grad,20509264384
3,6584.897,grad,20486162944
3,6586.151,grad,20449331712
3,6588.053,grad,20421120512
3,6589.324,grad,20417905152
3,6590.965,grad,20402085376
3,6592.523,grad,20402085376
3,6593.774,grad,20411457024
3,6595.448,grad,20399889920
3,6597.148,grad,20402021888
3,6598.45,grad,20397004288
3,6599.83,grad,20373902848
3,6601.105,grad,20372526592
3,6602.992,grad,20309286400
3,6604.225,grad,20313214464
3,6606.092,grad,20291299840
3,6607.633,grad,20291299840
3,6608.877,grad,20300704256
3,6610.385,grad,20289104384
3,6612.123,grad,20291236352
3,6613.411,grad,20286218752
3,6614.752,grad,20263117312
3,6616.026,grad,20261741056
3,6617.794,grad,20198500864
3,6619.107,grad,20195285504
3,6620.879,grad,20180514304
3,6622.477,grad,20180514304
3,6623.764,grad,20190115328
3,6625.662,grad,20177270272
3,6627.37,grad,20180450816
3,6628.644,grad,20174384640
3,6629.992,grad,20151283200
3,6631.261,grad,20149906944
3,6633.187,grad,20086732288
3,6634.425,grad,20082468352
3,6636.057,grad,20067697152
3,6637.601,grad,20067697152
3,6638.923,grad,20078182912
3,6640.374,grad,20065501696
3,6642.217,grad,20067633664
3,6643.566,grad,20062681600
3,6644.966,grad,20039580160
3,6646.213,grad,20038269440
3,6648.101,grad,19975094784
3,6649.348,grad,19979022848
3,6651.388,grad,19956060160
3,6652.926,grad,19956059648
3,6654.215,grad,19965660672
3,6655.845,grad,19953864192
3,6657.561,grad,19955996160
3,6658.806,grad,19949995520
3,6660.151,grad,19926894080
3,6661.416,grad,19906184704
3,6663.32,grad,19862408704
3,6664.584,grad,19859193344
3,6666.286,grad,19844422144
3,6667.814,grad,19844422144
3,6669.071,grad,19854023168
3,6670.905,grad,19842226688
3,6672.662,grad,19844358656
3,6673.884,grad,19837243904
3,6675.195,grad,19816305152
3,6676.517,grad,19795595776
3,6677.827,grad,19755487744
3,6679.252,grad,19755489792
3,6680.5,grad,19741231616
3,6681.766,grad,19733833728
3,6683.267,grad,19733833216
3,6684.57,grad,19743204864
3,6686.275,grad,19731637760
3,6688.1,grad,19733769728
3,6689.405,grad,19728817664
3,6690.811,grad,19705716224
3,6692.085,grad,19704405504
3,6694.048,grad,19641230848
3,6695.3,grad,19645158912
3,6697.208,grad,19623244288
3,6698.775,grad,19623244288
3,6700.034,grad,19632648704
3,6701.565,grad,19621048832
3,6703.335,grad,19623180800
3,6704.594,grad,19618228736
3,6705.874,grad,19595127296
3,6707.119,grad,19574417920
3,6708.367,grad,19534309888
3,6709.798,grad,19534311936
3,6711.06,grad,19520053760
3,6712.297,grad,19512655872
3,6713.998,grad,19512655360
3,6715.324,grad,19522027008
3,6717.261,grad,19510459904
3,6719.085,grad,19512591872
3,6720.336,grad,19507607040
3,6721.578,grad,19484538368
3,6722.824,grad,19463697920
3,6724.727,grad,19418971648
3,6726.003,grad,19415756288
3,6727.576,grad,19398887936
3,6729.093,grad,19398887936
3,6730.416,grad,19408259584
3,6732.156,grad,19396692480
3,6734.127,grad,19398824448
3,6735.42,grad,19431916032
3,6736.841,grad,19370017280
3,6738.162,grad,19332628992
3,6739.459,grad,19303827968
3,6740.762,grad,19307497984
3,6742.049,grad,19300579840
3,6743.564,grad,19285841920
3,6745.159,grad,19285841408
3,6746.408,grad,19295213056
3,6748.11,grad,19283645952
3,6749.876,grad,19285777920
3,6751.176,grad,19278663168
3,6752.535,grad,19256774144
3,6753.806,grad,19242651136
3,6755.083,grad,19213651456
3,6756.323,grad,19194254848
3,6757.562,grad,19191006720
3,6759.121,grad,19172598272
3,6760.689,grad,19172598272
3,6761.943,grad,19182199296
3,6763.856,grad,19170402816
3,6765.603,grad,19172534784
3,6766.936,grad,19166829056
3,6768.336,grad,19143727616
3,6769.593,grad,19122067968
3,6771.49,grad,19077538304
3,6772.765,grad,19074322944
3,6774.451,grad,19059551744
3,6776.036,grad,19059551744
3,6777.307,grad,19068923392
3,6778.987,grad,19057356288
3,6780.804,grad,19059488256
3,6782.109,grad,19053585920
3,6783.379,grad,19030484480
3,6784.621,grad,19012691456
3,6785.873,grad,18983691776
3,6787.273,grad,18967965184
3,6788.621,grad,18961047040
3,6790.154,grad,18946308608
3,6791.737,grad,18946308608
3,6793.008,grad,18955713024
3,6794.549,grad,18944113152
3,6796.27,grad,18946245120
3,6797.518,grad,18940539392
3,6798.79,grad,18917437952
3,6800.042,grad,18895778304
3,6801.304,grad,18851246592
3,6802.675,grad,18854918656
3,6803.973,grad,18844330496
3,6805.352,grad,18833262080
3,6807.029,grad,18833262080
3,6808.358,grad,18842863104
3,6810.358,grad,18831066624
3,6812.4,grad,18833198592
3,6813.698,grad,18827296256
3,6815.011,grad,18804194816
3,6816.282,grad,18786205184
3,6817.526,grad,18756320768
3,6818.809,grad,18741511680
3,6820.066,grad,18733676032
3,6821.573,grad,18718937600
3,6823.15,grad,18718937600
3,6824.4,grad,18728342016
3,6826.152,grad,18716742144
3,6828.008,grad,18718874112
3,6829.337,grad,18712971776
3,6830.591,grad,18689870336
3,6831.87,grad,18668210688
3,6833.13,grad,18630855168
3,6834.431,grad,18627187200
3,6835.705,grad,18620236288
3,6837.435,grad,18605399552
3,6839.048,grad,18605399552
3,6840.297,grad,18614803968
3,6841.795,grad,18603204096
3,6843.493,grad,18605336064
3,6844.812,grad,18599433728
3,6846.075,grad,18576332288
3,6847.34,grad,18554672640
3,6848.58,grad,18517317120
3,6849.989,grad,18513649152
3,6851.231,grad,18495720960
3,6852.548,grad,18488323072
3,6854.082,grad,18488060416
3,6855.368,grad,18497432064
3,6857.505,grad,18485864960
3,6858.807,grad,18480654848
3,6860.085,grad,18480654848
3,6861.344,grad,18480654848
3,6864.359,grad,18480654336
3,6865.721,grad,18480654336
3,6867.037,grad,18480654336
3,6870.896,grad,18480654336
3,6873.557,grad,18484324352
3,6874.886,grad,18482915328
3,6876.183,grad,18484520960
3,6877.493,grad,18485438464
3,6878.75,grad,18491697152
3,6880.007,grad,18493073408
3,6881.262,grad,18496972800
3,6882.518,grad,18494121984
3,6883.778,grad,18501494784
3,6885.025,grad,18494318592
3,6886.272,grad,18492647424
3,6887.524,grad,18492024832
3,6888.757,grad,18502707200
3,6889.998,grad,18485864448
3,6891.244,grad,18484094976
3,6892.492,grad,18480621568
3,6893.735,grad,18483111936
3,6894.977,grad,18482620416
3,6896.22,grad,18477475840
3,6897.497,grad,18475313152
3,6898.749,grad,18476918784
3,6899.996,grad,18475444224
3,6901.242,grad,18475640832
3,6902.503,grad,18471217152
3,6903.763,grad,18487207936
3,6905.419,grad,18468854784
3,6907.69,grad,18468854272
3,6909.003,grad,18468855808
3,6910.266,grad,18468859392
3,6911.542,grad,18468859392
3,6912.828,grad,18468859392
3,6914.13,grad,18468858880
3,6915.425,grad,18468858880
3,6916.683,grad,18468859392
3,6917.991,grad,18468876800
3,6919.338,grad,18468873216
3,6920.748,grad,18468855808
3,6922.076,grad,18468859392
3,6923.418,grad,18468858880
3,6924.69,grad,18468856320
3,6925.98,grad,18468873216
3,6927.312,grad,18468873216
3,6928.632,grad,18468858880
3,6929.878,grad,18468856320
3,6931.123,grad,18468858880
3,6932.396,grad,18468859392
3,6933.686,grad,18468855808
3,6934.992,grad,18468873216
3,6936.254,grad,18468873728
3,6937.494,grad,18468858880
3,6938.759,grad,18468873728
3,6940.041,grad,18468858880
3,6941.287,grad,18468858880
3,6942.555,grad,18468858880
3,6943.815,grad,18468859392
3,6945.121,grad,18468858880
3,6946.395,grad,18468859392
3,6947.672,grad,18468855808
3,6948.926,grad,18468858880
3,6950.211,grad,18468859392
3,6951.542,grad,18470070784
3,6952.879,grad,18473678848
3,6954.205,grad,18476430848
3,6955.455,grad,18480657920
3,6956.723,grad,18485842944
3,6958.018,grad,18488693248
3,6959.349,grad,18492913152
3,6960.648,grad,18497140224
3,6961.918,grad,18499989504
3,6963.186,grad,18505528832
3,6964.453,grad,18508478464
3,6965.758,grad,18513196544
3,6967.07,grad,18518930944
3,6968.381,grad,18522011648
3,6969.637,grad,18526696960
3,6970.898,grad,18533422080
3,6972.146,grad,18536960512
3,6973.415,grad,18542556672
3,6974.69,grad,18547937792
3,6975.953,grad,18551731712
3,6977.24,grad,18558545920
3,6978.565,grad,18562388480
3,6979.88,grad,18565264896
3,6981.185,grad,18570082304
3,6982.434,grad,18573915648
3,6983.696,grad,18576766464
3,6984.949,grad,18581420032
3,6986.194,grad,18584074240
3,6987.429,grad,18587973632
3,6988.732,grad,18593288704
3,6990.007,grad,18595942912
3,6991.266,grad,18599671296
3,6992.502,grad,18603898368
3,6993.768,grad,18607009792
3,6995.033,grad,18612287488
3,6996.269,grad,18616587264
3,6997.541,grad,18619987968
3,6998.848,grad,18625328640
3,7000.247,grad,18629726720
3,7001.525,grad,18633291264
3,7002.767,grad,18638696960
3,7004.109,grad,18642335232
3,7005.448,grad,18646169088
3,7006.819,grad,18651543040
3,7008.138,grad,18652752384
3,7009.455,grad,18652789248
3,7010.747,grad,18652826624
3,7012.2,grad,18652860416
3,7013.493,grad,18652897792
3,7014.771,grad,18652933632
3,7016.083,grad,18015022592
3,7017.362,grad,16246533632
3,7018.648,grad,16179719168
3,7019.931,grad,16192593408
3,7021.211,grad,16223591936
3,7022.513,grad,16252460544
3,7023.787,grad,16279952896
3,7025.1,grad,16306593280
3,7026.374,grad,16334052864
3,7027.657,grad,16310492672
3,7028.929,grad,16192462336
3,7030.209,grad,16166640640
3,7031.472,grad,16069385216
3,7033.173,noise,15990511104
3,7034.518,noise,15990511104
3,7035.819,noise,15990511104
3,7037.09,noise,15992149504
3,7038.33,noise,15992378880
3,7039.6,noise,15992378880
3,7040.844,noise,15994115584
3,7042.089,noise,15994115584
3,7043.32,noise,15995655680
3,7044.551,noise,15996147200
3,7045.789,noise,15996605952
3,7047.03,noise,15997097472
3,7048.252,noise,15997097472
3,7049.485,noise,15998670336
3,7050.737,noise,15999129088
3,7052.011,noise,15999129088
3,7053.251,noise,16001684992
3,7054.491,noise,16001455616
3,7055.727,noise,16002668032
3,7056.973,noise,16003814912
3,7058.219,noise,16004273664
3,7059.453,noise,16004732416
3,7060.693,noise,16004994560
3,7061.917,noise,16006206976
3,7063.146,noise,16006436352
3,7064.38,noise,16006665728
3,7065.629,noise,16007878144
3,7066.884,noise,16008304128
3,7068.141,noise,16008304128
3,7069.451,noise,16009745920
3,7070.73,noise,16010237440
3,7072.029,noise,16010696192
3,7073.363,noise,16010958336
3,7074.644,noise,16010958336
3,7075.916,noise,16012465664
3,7077.201,noise,16012695040
3,7078.446,noise,16012695040
3,7079.715,noise,16014136832
3,7081.027,noise,16014136832
3,7082.273,noise,16015808000
3,7083.514,noise,16016299520
3,7084.748,noise,16016758272
3,7086.035,noise,16017249792
3,7087.3,noise,16017249792
3,7088.529,noise,16018462208
3,7089.766,noise,16018920960
3,7091.033,noise,16018920960
3,7092.266,noise,16020919808
3,7093.517,noise,16020919808
3,7094.787,noise,16023344640
3,7096.082,noise,16022394368
3,7097.333,noise,16022853120
3,7098.574,noise,16023311872
3,7099.807,noise,16023574016
3,7101.075,noise,16024786432
3,7102.322,noise,16025802240
3,7103.576,noise,16026031616
3,7104.805,noise,16027244032
3,7106.09,noise,16027473408
3,7107.352,noise,16027473408
3,7108.581,noise,16029701632
3,7109.815,noise,16030193152
3,7111.093,noise,16030651904
3,7112.365,noise,16030914048
3,7113.643,noise,16030914048
3,7114.92,noise,16032355840
3,7116.255,noise,16032585216
3,7117.516,noise,16033797632
3,7118.772,noise,16034813440
3,7120.051,noise,16034813440
3,7121.327,noise,16036255232
3,7122.601,noise,16036746752
3,7123.905,noise,16037434880
3,7125.181,noise,16037467648
3,7126.426,noise,16037467648
3,7127.662,noise,16039695872
3,7128.897,noise,16039925248
3,7130.135,noise,16039925248
3,7131.379,noise,16041367040
3,7132.612,noise,16041367040
3,7133.837,noise,16043398656
3,7135.09,noise,16043890176
3,7136.331,noise,16044348928
3,7137.583,noise,16044840448
3,7138.842,noise,16044840448
3,7140.085,noise,16046052864
3,7141.349,noise,16046511616
3,7142.613,noise,16046511616
3,7143.893,noise,16048936448
3,7145.146,noise,16048936448
3,7146.413,noise,16050148864
3,7147.652,noise,16050640384
3,7148.879,noise,16051099136
3,7150.114,noise,16051590656
3,7151.348,noise,16051590656
3,7152.621,noise,16052803072
3,7153.902,noise,16053261824
3,7155.172,noise,16053261824
3,7156.448,noise,16055948800
3,7157.734,noise,16055490048
3,7159.019,noise,16056702464
3,7160.296,noise,16057193984
3,7161.564,noise,16057652736
3,7162.832,noise,16058144256
3,7164.144,noise,16058144256
3,7165.439,noise,16059586048
3,7166.741,noise,16059815424
3,7168.032,noise,16059815424
3,7169.274,noise,16061257216
3,7170.502,noise,16061257216
3,7171.736,noise,16062469632
3,7172.989,noise,16062961152
3,7174.24,noise,16063419904
3,7175.506,noise,16063911424
3,7176.778,noise,16063911424
3,7178.058,noise,16065123840
3,7179.332,noise,16065582592
3,7180.591,noise,16065582592
3,7181.907,noise,16067810816
3,7183.189,noise,16067810816
3,7184.426,noise,16069023232
3,7185.686,noise,16069514752
3,7186.966,noise,16069973504
3,7188.221,noise,16070465024
3,7189.451,noise,16070465024
3,7190.68,noise,16071677440
3,7191.911,noise,16072136192
3,7193.168,noise,16072136192
3,7194.403,noise,16073577984
3,7195.646,noise,16073577984
3,7196.887,noise,16074790400
3,7198.138,noise,16075052544
3,7199.373,noise,16075511296
3,7200.604,noise,16075970048
3,7201.835,noise,16076232192
3,7203.097,noise,16077444608
3,7204.326,noise,16077673984
3,7205.577,noise,16077903360
3,7206.841,noise,16079115776
3,7208.109,noise,16079345152
3,7209.348,noise,16079345152
3,7210.605,noise,16081344000
3,7211.841,noise,16081835520
3,7213.12,noise,16082294272
3,7214.357,noise,16082556416
3,7215.599,noise,16082556416
3,7216.879,noise,16083998208
3,7218.168,noise,16084227584
3,7219.438,noise,16084227584
3,7220.693,noise,16085669376
3,7221.924,noise,16085669376
3,7223.167,noise,16086881792
3,7224.401,noise,16087373312
3,7225.627,noise,16087832064
3,7226.87,noise,16088323584
3,7228.119,noise,16088323584
3,7229.344,noise,16089536000
3,7230.582,noise,16089994752
3,7231.808,noise,16089994752
3,7233.098,noise,16091436544
3,7234.336,noise,16091436544
3,7235.56,noise,16093861376
3,7236.794,noise,16092911104
3,7238.067,noise,16093369856
3,7239.304,noise,16093828608
3,7240.534,noise,16094090752
3,7241.76,noise,16095303168
3,7243.022,noise,16095532544
3,7244.268,noise,16095761920
3,7245.494,noise,16096974336
3,7246.724,noise,16098055680
3,7247.962,noise,16098055680
3,7249.206,noise,16099497472
3,7250.438,noise,16099759616
3,7251.689,noise,16100447744
3,7252.933,noise,16100709888
3,7254.19,noise,16100709888
3,7255.419,noise,16102151680
3,7256.651,noise,16102381056
3,7257.894,noise,16102381056
3,7259.189,noise,16103822848
3,7260.417,noise,16103822848
3,7261.643,noise,16105035264
3,7262.874,noise,16105526784
3,7264.121,noise,16105985536
3,7265.355,noise,16106477056
3,7266.606,noise,16106477056
3,7267.921,noise,16107918848
3,7269.22,noise,16108148224
3,7270.472,noise,16108148224
3,7271.748,noise,16109590016
3,7273.024,noise,16109590016
3,7274.289,noise,16110802432
3,7275.528,noise,16111293952
3,7276.753,noise,16111752704
3,7277.997,noise,16112244224
3,7279.239,noise,16112244224
3,7280.492,noise,16113456640
3,7281.759,noise,16113915392
3,7283.008,noise,16113915392
3,7284.254,noise,16115815936
3,7285.491,noise,16115357184
3,7286.727,noise,16117782016
3,7287.968,noise,16116831744
3,7289.224,noise,16117290496
3,7290.459,noise,16117749248
3,7291.717,noise,16118011392
3,7292.984,noise,16119223808
3,7294.23,noise,16119682560
3,7295.476,noise,16119682560
3,7296.733,noise,16123319808
3,7298.0,noise,16121124352
3,7299.248,noise,16121124352
3,7300.476,noise,16122566144
3,7301.703,noise,16123057664
3,7302.948,noise,16123745792
3,7304.194,noise,16123778560
3,7305.421,noise,16123778560
3,7306.673,noise,16125449728
3,7307.92,noise,16125449728
3,7309.173,noise,16125449728
3,7310.406,noise,16126891520
3,7311.635,noise,16126891520
3,7312.901,noise,16128103936
3,7314.247,noise,16128595456
3,7315.508,noise,16129054208
3,7316.763,noise,16129545728
3,7318.016,noise,16129545728
3,7319.279,noise,16130758144
3,7320.52,noise,16131216896
3,7321.746,noise,16131216896
3,7322.979,noise,16132658688
3,7324.216,noise,16132658688
3,7325.466,noise,16133871104
3,7326.738,noise,16134133248
3,7328.018,noise,16134592000
3,7329.29,noise,16135050752
3,7330.564,noise,16135312896
3,7331.842,noise,16136525312
3,7333.177,noise,16136984064
3,7334.467,noise,16136984064
3,7335.733,noise,16138196480
3,7337.009,noise,16138425856
3,7338.274,noise,16138425856
3,7339.511,noise,16139867648
3,7340.774,noise,16140359168
3,7342.046,noise,16140817920
3,7343.28,noise,16141080064
3,7344.523,noise,16141080064
3,7345.777,noise,16142882304
3,7347.028,noise,16142882304
3,7348.255,noise,16142882304
3,7349.485,noise,16144324096
3,7350.724,noise,16144324096
3,7351.957,noise,16145536512
3,7353.205,noise,16146028032
3,7354.434,noise,16146716160
3,7355.675,noise,16146978304
3,7356.917,noise,16146978304
3,7358.181,noise,16148420096
3,7359.431,noise,16148649472
3,7360.707,noise,16148649472
3,7361.971,noise,16150091264
3,7363.225,noise,16150091264
3,7364.453,noise,16151303680
3,7365.705,noise,16151795200
3,7366.96,noise,16152253952
3,7368.196,noise,16152745472
3,7369.43,noise,16152745472
3,7370.68,noise,16153957888
3,7371.927,noise,16154416640
3,7373.18,noise,16154416640
3,7374.41,noise,16156087808
3,7375.669,noise,16155858432
3,7376.96,noise,16157070848
3,7378.221,noise,16157791744
3,7379.472,noise,16158479872
3,7380.741,noise,16158479872
3,7382.012,noise,16158512640
3,7383.251,noise,16159725056
3,7384.5,noise,16160183808
3,7385.774,noise,16160183808
3,7387.055,noise,16161396224
3,7388.308,noise,16161625600
3,7389.542,noise,16162838016
3,7390.788,noise,16163100160
3,7392.044,noise,16163558912
3,7393.277,noise,16164017664
3,7394.784,noise,16110835200
3,7396.122,noise,15995262464
3,7397.381,optimizer,15996475392
3,7398.663,optimizer,15997254656
3,7399.904,optimizer,15999945216
3,7401.199,optimizer,16001908736
3,7402.528,optimizer,16001663488
3,7403.856,optimizer,16001709568
3,7405.147,optimizer,16001790976
3,7406.425,optimizer,16003980288
3,7407.713,optimizer,16006937600
3,7409.001,optimizer,16007977984
3,7410.271,optimizer,16008486400
3,7411.551,optimizer,16008991232
3,7412.799,optimizer,16009138688
3,7414.047,optimizer,16011126272
3,7415.296,optimizer,16013629440
3,7416.539,optimizer,16015160832
3,7417.77,optimizer,16015450624
3,7419.012,optimizer,16015912448
3,7420.243,optimizer,16016059904
3,7421.512,optimizer,16017968128
3,7422.753,optimizer,16019501568
3,7424.01,optimizer,16021072384
3,7425.257,optimizer,16021572608
3,7426.537,optimizer,16022276096
3,7427.788,optimizer,16023418880
3,7429.036,optimizer,16024331776
3,7430.294,optimizer,16026924032
3,7431.545,optimizer,16027006976
3,7432.79,optimizer,16027922432
3,7434.033,optimizer,16028655616
3,7435.265,optimizer,16030961152
3,7436.508,optimizer,16031526912
3,7437.753,optimizer,16036467200
3,7439.015,optimizer,16033372672
3,7440.25,optimizer,16034072576
3,7441.519,optimizer,16034598400
3,7442.805,optimizer,16037355520
3,7444.083,optimizer,16038873088
3,7445.352,optimizer,16040422400
3,7446.601,optimizer,16040176128
3,7447.837,optimizer,16040451584
3,7449.081,optimizer,16040534016
3,7450.322,optimizer,16042521088
3,7451.565,optimizer,16044039680
3,7452.821,optimizer,16045573632
3,7454.061,optimizer,16046540288
3,7455.285,optimizer,16046584832
3,7456.537,optimizer,16046865920
3,7457.778,optimizer,16048397824
3,7459.02,optimizer,16050913792
3,7460.269,optimizer,16053888512
3,7461.519,optimizer,16052005888
3,7462.778,optimizer,16052705280
3,7464.029,optimizer,16053423104
3,7465.299,optimizer,16057925120
3,7466.61,optimizer,16056293888
3,7467.868,optimizer,16057826816
3,7469.132,optimizer,16058106880
3,7470.363,optimizer,16058596864
3,7471.597,optimizer,16059084288
3,7472.839,optimizer,16061624320
3,7474.094,optimizer,16061140480
3,7475.371,optimizer,16063657984
3,7476.637,optimizer,16064206848
3,7477.895,optimizer,16064944640
3,7479.154,optimizer,16065246720
3,7480.453,optimizer,16065499648
3,7481.767,optimizer,16068276224
3,7483.103,optimizer,16070592000
3,7484.404,optimizer,16072340480
3,7485.666,optimizer,16071636480
3,7486.929,optimizer,16072155136
3,7488.201,optimizer,16073436160
3,7489.457,optimizer,16074196992
3,7490.688,optimizer,16075729920
3,7491.922,optimizer,16077301248
3,7493.178,optimizer,16077786112
3,7494.412,optimizer,16078518784
3,7495.638,optimizer,16080827392
3,7496.916,optimizer,16081619968
3,7498.219,optimizer,16083154944
3,7499.46,optimizer,16083235840
3,7500.692,optimizer,16084151296
3,7502.015,optimizer,16084655616
3,7503.276,optimizer,16088402432
3,7504.511,optimizer,16087756288
3,7505.761,optimizer,16091810816
3,7507.051,optimizer,16089943552
3,7508.341,optimizer,16091086336
3,7509.578,optimizer,16091152384
3,7510.817,optimizer,16092913664
3,7512.082,optimizer,16095444480
3,7513.347,optimizer,16095994880
3,7514.579,optimizer,16096517632
3,7515.829,optimizer,16097007616
3,7517.107,optimizer,16098378240
3,7518.347,optimizer,16099064320
3,7519.602,optimizer,16101960192
3,7520.846,optimizer,16102166016
3,7522.108,optimizer,16103111680
3,7523.441,optimizer,16103387136
3,7524.713,optimizer,16105692672
3,7526.003,optimizer,16106562048
3,7527.282,optimizer,16108021248
3,7528.553,optimizer,16108332544
3,7529.835,optimizer,16109033472
3,7531.106,optimizer,16109782528
3,7532.348,optimizer,16112072192
3,7533.597,optimizer,16116029952
3,7534.826,optimizer,16115381760
3,7536.063,optimizer,16115137536
3,7537.321,optimizer,16115412480
3,7538.566,optimizer,16116739072
3,7539.791,optimizer,16117468672
3,7541.047,optimizer,16119295488
3,7542.321,optimizer,16120635392
3,7543.568,optimizer,16121352704
3,7544.818,optimizer,16121857024
3,7546.06,optimizer,16125604352
3,7547.303,optimizer,16124958208
3,7548.565,optimizer,16129897472
3,7549.81,optimizer,16126802432
3,7551.057,optimizer,16127503360
3,7552.316,optimizer,16128252416
3,7553.586,optimizer,16130542080
3,7554.836,optimizer,16132075008
3,7556.129,optimizer,16135278592
3,7557.436,optimizer,16132965888
3,7558.69,optimizer,16133637120
3,7560.013,optimizer,16134583808
3,7561.269,optimizer,16136676864
3,7562.503,optimizer,16137303040
3,7563.753,optimizer,16142167552
3,7565.011,optimizer,16139100672
3,7566.244,optimizer,16139771904
3,7567.473,optimizer,16140298752
3,7568.717,optimizer,16142813184
3,7569.979,optimizer,16144574464
3,7571.3,optimizer,16145878016
3,7572.577,optimizer,16145207296
3,7573.834,optimizer,16145907712
3,7575.11,optimizer,16146853376
3,7576.423,optimizer,16148946432
3,7577.796,optimizer,16149496320
3,7579.249,optimizer,16149740544
3,7580.735,optimizer,16152241152
3,7582.201,optimizer,16151310336
3,7583.622,optimizer,16152027136
3,7585.056,optimizer,16152515072
3,7586.449,optimizer,16153581056
3,7587.843,optimizer,16155081216
3,7589.238,optimizer,16157611520
3,7590.625,optimizer,16159144960
3,7592.038,optimizer,16158244864
3,7593.471,optimizer,16159160320
3,7594.81,optimizer,16159647232
3,7596.112,optimizer,16163166720
3,7597.365,optimizer,16162557952
3,7598.61,optimizer,16164052480
3,7599.908,optimizer,16164333056
3,7601.263,optimizer,16164820480
3,7602.738,optimizer,16165537792
3,7604.139,optimizer,16165391872
3,7605.409,optimizer,16167350784
3,7606.659,optimizer,16169866752
3,7607.89,optimizer,16171400192
3,7609.151,optimizer,16170542592
3,7610.392,optimizer,16171200512
3,7611.649,optimizer,16172146688
3,7612.901,optimizer,16172477440
3,7614.182,optimizer,16172477440
3,7615.428,optimizer,16173985792
3,7616.671,optimizer,16171560448
3,7617.906,optimizer,16172018688
3,7619.154,optimizer,16172019200
3,7620.424,optimizer,16171559936
3,7621.664,optimizer,16173984768
3,7622.879,optimizer,16171560448
3,7624.113,optimizer,16171560448
3,7625.357,optimizer,16172018688
3,7626.621,optimizer,16176409600
3,7627.855,optimizer,16171625472
3,7629.116,optimizer,16171560448
3,7630.425,optimizer,16171559936
3,7631.684,optimizer,16171559936
3,7632.884,optimizer,16173985280
3,7634.131,optimizer,16172477440
3,7635.373,optimizer,16173984768
3,7636.609,optimizer,16172018688
3,7637.839,optimizer,16171560448
3,7639.093,optimizer,16171625472
3,7640.355,optimizer,16172018688
3,7641.594,optimizer,16171559936
3,7642.827,optimizer,16171560448
3,7644.08,optimizer,16171625984
3,7645.327,optimizer,16172477440
3,7646.566,optimizer,16173985280
3,7647.795,optimizer,16172018688
3,7649.038,optimizer,16176409600
3,7650.278,optimizer,16172477440
3,7651.511,optimizer,16171560960
3,7652.735,optimizer,16182145536
3,7653.984,optimizer,16196071424
3,7655.262,optimizer,16211472896
3,7656.628,optimizer,16223694848
3,7657.896,optimizer,16237162496
3,7659.156,optimizer,16252301824
3,7660.456,optimizer,16264294912
3,7661.7,optimizer,16277533184
3,7662.889,optimizer,16292114432
3,7664.157,optimizer,16305090560
3,7665.471,optimizer,16320950784
3,7666.793,optimizer,16333894144
3,7668.075,optimizer,16221726720
3,7669.354,optimizer,16170804736
3,7670.629,optimizer,16204326400
3,7671.949,optimizer,16233883136
3,7673.211,optimizer,16266388992
3,7674.465,optimizer,16297944576
3,7675.754,optimizer,16330450432
3,7677.01,optimizer,16217073152
3,7678.255,optimizer,16182306304
3,7679.504,optimizer,16212092416
3,7680.814,optimizer,16242632192
3,7682.134,optimizer,16270026240
3,7683.403,optimizer,16300697088
3,7684.657,optimizer,16331204096
3,7685.91,optimizer,16203081216
3,7687.171,optimizer,16062408192
3,7688.429,optimizer,16002167808
3,7689.73,optimizer,15998123520
3,7691.649,optimizer,15994541568
3,7692.877,optimizer,15994541568
3,7694.118,optimizer,15994541568
3,7695.368,optimizer,15994541568
4,1.614,grad,15995787264
4,6.329,grad,15995787264
4,12.75,grad,15995795456
4,19.159,grad,15995795456
4,25.555,grad,15995795456
4,29.642,grad,15995795456
4,30.909,grad,16003272704
4,32.726,grad,16003401728
4,35.547,grad,16010856448
4,36.856,grad,16020178944
4,38.15,grad,16020178944
4,39.43,grad,16043363328
4,41.02,grad,16049720320
4,42.333,grad,16110541824
4,44.399,grad,16164150272
4,45.661,grad,16250035200
4,47.144,grad,16241810432
4,49.698,grad,16250153984
4,51.928,grad,16259476480
4,53.241,grad,16282660864
4,54.917,grad,16289017856
4,56.254,grad,16335159296
4,58.431,grad,16403447808
4,60.618,grad,16481107968
4,63.257,grad,16488566784
4,64.548,grad,16497889280
4,66.069,grad,16505229312
4,67.385,grad,16535753728
4,68.967,grad,16534770688
4,70.273,grad,16588317696
4,72.268,grad,16641860608
4,73.55,grad,16719520768
4,74.925,grad,16726864896
4,77.476,grad,16726864896
4,78.769,grad,16736302080
4,80.144,grad,16744691200
4,81.399,grad,16774232064
4,82.677,grad,16765843456
4,83.923,grad,16826730496
4,85.841,grad,16919070720
4,87.187,grad,17018750976
4,88.516,grad,16957933568
4,89.815,grad,16965277696
4,91.273,grad,16965277696
4,92.532,grad,16974714880
4,93.883,grad,16983104000
4,95.157,grad,17012644864
4,96.439,grad,17004256256
4,97.694,grad,17065143296
4,99.633,grad,17118686208
4,101.811,grad,17196346368
4,104.356,grad,17203690496
4,105.705,grad,17213127680
4,106.983,grad,17220467712
4,108.236,grad,17250992128
4,109.593,grad,17242669056
4,110.845,grad,17303556096
4,112.759,grad,17357099008
4,114.971,grad,17434759168
4,117.486,grad,17442103296
4,118.77,grad,17451540480
4,120.101,grad,17459929600
4,121.365,grad,17504150528
4,122.663,grad,17481081856
4,123.924,grad,17541968896
4,125.972,grad,17595511808
4,128.177,grad,17673171968
4,130.648,grad,17680516096
4,131.9,grad,17689953280
4,133.204,grad,17698342400
4,134.457,grad,17727883264
4,135.797,grad,17719494656
4,137.081,grad,17780381696
4,138.981,grad,17833924608
4,141.163,grad,17911584768
4,144.798,grad,17918928896
4,146.104,grad,17928366080
4,147.445,grad,17936755200
4,148.698,grad,17980976128
4,149.962,grad,17957907456
4,151.232,grad,18096389120
4,153.097,grad,18072337408
4,155.286,grad,18149997568
4,157.792,grad,18157341696
4,159.973,grad,18166778880
4,161.249,grad,18204643328
4,162.682,grad,18196320256
4,164.013,grad,18242461696
4,166.141,grad,18310750208
4,168.328,grad,18388410368
4,170.936,grad,18395754496
4,172.245,grad,18405191680
4,173.58,grad,18413580800
4,174.827,grad,18457801728
4,176.11,grad,18434733056
4,177.384,grad,18495620096
4,179.258,grad,18549163008
4,180.518,grad,18687640576
4,181.787,grad,18626823168
4,183.087,grad,18634167296
4,184.703,grad,18634167296
4,185.962,grad,18643604480
4,187.342,grad,18651993600
4,188.66,grad,18696214528
4,190.035,grad,18680485888
4,191.296,grad,18734032896
4,193.17,grad,18787575808
4,194.416,grad,18872576000
4,195.659,grad,18872580096
4,198.135,grad,18872580096
4,199.441,grad,18882017280
4,200.779,grad,18882017280
4,202.075,grad,18919881728
4,203.48,grad,18911558656
4,204.726,grad,18972445696
4,206.642,grad,19025988608
4,208.77,grad,19103648768
4,211.349,grad,19110992896
4,212.633,grad,19120430080
4,213.989,grad,19128819200
4,215.257,grad,19173040128
4,216.552,grad,19149971456
4,217.816,grad,19210858496
4,219.771,grad,19264401408
4,221.043,grad,19402878976
4,222.367,grad,19342061568
4,224.92,grad,19349405696
4,226.19,grad,19358842880
4,227.522,grad,19367232000
4,228.774,grad,19411452928
4,230.067,grad,19388384256
4,231.312,grad,19449271296
4,233.171,grad,19502814208
4,234.437,grad,19580474368
4,236.47,grad,19587818496
4,238.166,grad,19587818496
4,239.601,grad,19597255680
4,241.014,grad,19605644800
4,242.267,grad,19649865728
4,243.506,grad,19626797056
4,244.749,grad,19765278720
4,246.541,grad,19741227008
4,248.714,grad,19818887168
4,251.224,grad,19826231296
4,252.474,grad,19835668480
4,253.803,grad,19844057600
4,255.055,grad,19888278528
4,256.317,grad,19865209856
4,257.559,grad,19911351296
4,259.613,grad,19979639808
4,261.749,grad,20057299968
4,264.295,grad,20064644096
4,265.569,grad,20074081280
4,266.904,grad,20082470400
4,268.155,grad,20126691328
4,269.419,grad,20103622656
4,270.677,grad,20242104320
4,272.511,grad,20218052608
4,273.776,grad,20295712768
4,275.099,grad,20303056896
4,277.621,grad,20303056896
4,278.908,grad,20312494080
4,280.232,grad,20320883200
4,281.482,grad,20365104128
4,282.724,grad,20342035456
4,284.006,grad,20402922496
4,285.851,grad,20456465408
4,288.027,grad,20534125568
4,290.527,grad,20541469696
4,292.913,grad,20550906880
4,294.182,grad,20574091264
4,295.628,grad,20580448256
4,296.875,grad,20641335296
4,298.708,grad,20694878208
4,300.93,grad,20772538368
4,303.445,grad,20779882496
4,304.705,grad,20789319680
4,306.032,grad,20797708800
4,307.294,grad,20841929728
4,308.572,grad,20826201088
4,309.836,grad,20957342720
4,311.596,grad,20933291008
4,312.843,grad,21086448640
4,314.137,grad,21010951168
4,316.699,grad,21018295296
4,317.975,grad,21027732480
4,319.294,grad,21036121600
4,320.542,grad,21080342528
4,321.809,grad,21064613888
4,323.068,grad,21195755520
4,324.798,grad,21171703808
4,326.073,grad,21256704000
4,327.375,grad,21249363968
4,330.065,grad,21256708096
4,331.335,grad,21266145280
4,332.662,grad,21274534400
4,333.912,grad,21318755328
4,335.169,grad,21295686656
4,336.412,grad,21356573696
4,338.235,grad,21410116608
4,340.427,grad,21487776768
4,341.699,grad,21495120896
4,343.126,grad,21495120896
4,345.258,grad,21504558080
4,346.544,grad,21542422528
4,347.936,grad,21534099456
4,349.192,grad,21580240896
4,351.233,grad,21648529408
4,353.395,grad,21726189568
4,355.953,grad,21733533696
4,358.092,grad,21744019456
4,359.384,grad,21781883904
4,360.768,grad,21772512256
4,362.029,grad,21834447872
4,363.872,grad,21887990784
4,366.051,grad,21965650944
4,368.012,grad,21972995072
4,369.614,grad,21972995072
4,371.761,grad,21982432256
4,373.038,grad,22020296704
4,374.536,grad,22019313664
4,375.782,grad,22150455296
4,377.544,grad,22126403584
4,379.772,grad,22204063744
4,382.32,grad,22211407872
4,383.597,grad,22220845056
4,384.884,grad,22220845056
4,386.152,grad,22258709504
4,387.629,grad,22250386432
4,388.873,grad,22388868096
4,390.608,grad,22364816384
4,392.757,grad,22442476544
4,395.261,grad,22449820672
4,397.423,grad,22459257856
4,398.683,grad,22497122304
4,400.047,grad,22488799232
4,401.303,grad,22549686272
4,403.176,grad,22603229184
4,404.423,grad,22741706752
4,406.023,grad,22688233472
4,407.334,grad,23615179264
4,408.606,grad,23615193600
4,410.645,grad,23607840256
4,411.892,grad,23296413696
4,413.138,grad,23296413696
4,414.369,grad,23296413696
4,415.598,grad,23296413696
4,417.314,grad,23296404992
4,418.688,grad,22684652544
4,420.071,grad,22761421824
4,421.46,grad,22637624320
4,422.712,grad,22633167872
4,424.53,grad,22505374720
4,425.773,grad,22513626112
4,427.445,grad,22469404672
4,429.033,grad,22469404672
4,430.309,grad,22488279040
4,432.023,grad,22464522240
4,433.764,grad,22465703936
4,435.013,grad,22458030080
4,436.352,grad,22411827200
4,437.601,grad,22485620736
4,439.347,grad,22280495104
4,440.591,grad,22288680960
4,442.254,grad,22244525056
4,443.782,grad,22244525056
4,445.056,grad,22263333888
4,446.538,grad,22239642624
4,448.202,grad,22240824320
4,449.445,grad,22233379840
4,450.789,grad,22187176960
4,452.043,grad,22183441408
4,453.716,grad,22055189504
4,454.972,grad,22062982144
4,456.217,grad,22019220480
4,457.483,grad,22020268032
4,458.813,grad,22049103872
4,460.298,grad,22013845504
4,461.632,grad,22021677056
4,463.285,grad,22015518720
4,464.537,grad,22003814400
4,465.85,grad,21960036352
4,467.107,grad,21925105664
4,469.006,grad,21827262464
4,470.247,grad,21820833792
4,471.922,grad,21792340992
4,473.436,grad,21791292416
4,474.681,grad,21810035712
4,476.505,grad,21786409984
4,478.253,grad,21788017664
4,479.521,grad,21779360768
4,480.901,grad,21733157888
4,482.173,grad,21806230528
4,483.852,grad,21600384000
4,485.156,grad,21593955328
4,486.864,grad,21564414464
4,488.379,grad,21564413952
4,489.718,grad,21583616000
4,491.346,grad,21559531520
4,493.027,grad,21561139200
4,494.297,grad,21630076928
4,495.666,grad,21506279424
4,496.963,grad,21501757440
4,498.69,grad,21373505536
4,499.952,grad,21381298176
4,501.202,grad,21361768448
4,502.44,grad,21337535488
4,503.683,grad,21366961152
4,504.919,grad,21339501568
4,506.335,grad,21332653056
4,508.018,grad,21333736448
4,509.263,grad,21403198464
4,510.588,grad,21279400960
4,511.847,grad,21274878976
4,514.029,grad,21146627072
4,515.318,grad,21140198400
4,517.119,grad,21110657024
4,518.691,grad,21110657024
4,519.996,grad,21129531392
4,521.679,grad,21105774592
4,523.39,grad,21106857984
4,524.632,grad,21176320000
4,525.996,grad,21052522496
4,527.242,grad,21048000512
4,528.958,grad,20919748608
4,530.205,grad,20928000000
4,531.91,grad,20883778560
4,533.452,grad,20883778560
4,534.747,grad,20902718464
4,536.207,grad,20878896128
4,537.881,grad,20879979520
4,539.12,grad,20871846912
4,540.44,grad,20825644032
4,541.701,grad,20821122048
4,543.467,grad,20692870144
4,544.71,grad,20686048256
4,545.984,grad,20673793024
4,547.268,grad,20656900096
4,548.52,grad,20686325760
4,549.966,grad,20651526144
4,551.212,grad,20659357696
4,552.791,grad,20653101056
4,554.048,grad,20722563072
4,555.411,grad,20598765568
4,556.692,grad,20594243584
4,558.46,grad,20465991680
4,559.733,grad,20459497472
4,561.339,grad,20430021632
4,562.914,grad,20430021632
4,564.254,grad,20449223680
4,566.187,grad,20425139200
4,567.922,grad,20426222592
4,569.189,grad,20495684608
4,570.536,grad,20371887104
4,571.815,grad,20328567808
4,573.646,grad,20239113216
4,574.923,grad,20247364608
4,576.633,grad,20203143168
4,578.279,grad,20203143168
4,579.586,grad,20222017536
4,581.022,grad,20198260736
4,582.739,grad,20199344128
4,583.994,grad,20191342592
4,585.336,grad,20145139712
4,586.61,grad,20101820416
4,588.392,grad,20012365824
4,589.626,grad,20005543936
4,591.51,grad,19976395776
4,593.089,grad,19976395776
4,594.377,grad,19995270144
4,595.803,grad,19971513344
4,597.532,grad,19972596736
4,598.812,grad,19964398592
4,600.155,grad,19918261248
4,601.425,grad,19913739264
4,603.215,grad,19785487360
4,604.471,grad,19793738752
4,606.143,grad,19749517312
4,607.718,grad,19749517312
4,609.01,grad,19768391680
4,610.635,grad,19744634880
4,612.495,grad,19746570240
4,613.812,grad,19737520128
4,615.187,grad,19691382784
4,616.485,grad,19764455424
4,618.376,grad,19558608896
4,619.671,grad,19566860288
4,621.311,grad,19522638848
4,622.874,grad,19522638848
4,624.164,grad,19541513216
4,625.573,grad,19517756416
4,627.399,grad,19518839808
4,628.688,grad,19510707200
4,629.942,grad,19464569856
4,631.189,grad,19460047872
4,632.95,grad,19331795968
4,634.193,grad,19339129856
4,635.444,grad,19319534592
4,636.888,grad,19295825920
4,638.2,grad,19325186048
4,639.716,grad,19290451968
4,641.029,grad,19298283520
4,642.663,grad,19292026880
4,643.97,grad,19283894272
4,645.415,grad,19237691392
4,646.706,grad,19194372096
4,648.565,grad,19104983040
4,649.808,grad,19113234432
4,651.467,grad,19069012992
4,653.096,grad,19069012992
4,654.366,grad,19087887360
4,656.039,grad,19064130560
4,657.739,grad,19065213952
4,659.014,grad,19057081344
4,660.39,grad,19010878464
4,661.629,grad,19006356480
4,663.465,grad,18878104576
4,664.74,grad,18871675904
4,666.452,grad,18842134528
4,668.019,grad,18842134528
4,669.256,grad,18860943360
4,670.725,grad,18837252096
4,672.415,grad,18839252992
4,673.657,grad,18830202880
4,675.05,grad,18784000000
4,676.29,grad,18779478016
4,678.014,grad,18651226112
4,679.255,grad,18659018752
4,680.501,grad,18615256576
4,681.732,grad,18615256064
4,682.984,grad,18644616192
4,684.257,grad,18634130432
4,685.662,grad,18610373632
4,687.314,grad,18611457024
4,688.576,grad,18603324416
4,689.949,grad,18557121536
4,691.192,grad,18630194176
4,692.902,grad,18424347648
4,694.187,grad,18432599040
4,695.925,grad,18388377600
4,697.471,grad,18388377600
4,698.711,grad,18407186432
4,700.471,grad,18383495168
4,702.137,grad,18384578560
4,703.415,grad,18453975040
4,704.849,grad,18330243072
4,706.178,grad,18325721088
4,707.972,grad,18197469184
4,709.298,grad,18191040512
4,710.995,grad,18161499136
4,712.561,grad,18161499136
4,713.942,grad,18180373504
4,715.414,grad,18156616704
4,717.113,grad,18157700096
4,718.395,grad,18149567488
4,719.768,grad,18103364608
4,721.052,grad,18098842624
4,722.824,grad,17970656256
4,724.097,grad,17978514432
4,725.342,grad,17942141952
4,726.6,grad,17934686208
4,727.869,grad,17964111872
4,729.322,grad,17929312256
4,730.56,grad,17937143808
4,732.149,grad,17930887168
4,733.387,grad,17922754560
4,734.768,grad,17876551680
4,736.045,grad,17872029696
4,737.775,grad,17743777792
4,739.031,grad,17737349120
4,740.766,grad,17707808256
4,742.266,grad,17707807744
4,743.528,grad,17726747648
4,745.245,grad,17702925312
4,746.937,grad,17704008704
4,748.219,grad,17773405184
4,749.588,grad,17649673216
4,750.879,grad,17606386688
4,752.692,grad,17516932096
4,753.99,grad,17525183488
4,755.723,grad,17480962048
4,757.314,grad,17480962048
4,758.581,grad,17499901952
4,760.042,grad,17476079616
4,761.669,grad,17477163008
4,762.907,grad,17469030400
4,764.385,grad,17422827520
4,765.625,grad,17379573760
4,767.424,grad,17290119168
4,768.684,grad,17297977344
4,769.922,grad,17254149120
4,771.166,grad,17254149120
4,772.42,grad,17283574784
4,773.849,grad,17248775168
4,775.105,grad,17256606720
4,776.689,grad,17250350080
4,777.923,grad,17242217472
4,779.274,grad,17196014592
4,780.518,grad,17152760832
4,782.329,grad,17063306240
4,783.569,grad,17071557632
4,785.198,grad,17027336192
4,786.78,grad,17027336192
4,788.062,grad,17046210560
4,789.688,grad,17022453760
4,791.457,grad,17023537152
4,792.697,grad,17015404544
4,794.034,grad,16969201664
4,795.326,grad,16964679680
4,797.241,grad,16836493312
4,798.527,grad,16844744704
4,800.211,grad,16800523264
4,801.856,grad,16800523264
4,803.2,grad,16819463168
4,804.681,grad,16795640832
4,806.481,grad,16796724224
4,807.8,grad,16866120704
4,809.187,grad,16742388736
4,810.484,grad,16737866752
4,812.374,grad,16609614848
4,813.681,grad,16617473024
4,815.65,grad,16573645312
4,817.291,grad,16573644800
4,818.597,grad,16592453632
4,820.194,grad,16575217664
4,821.906,grad,16568961024
4,823.229,grad,16560828416
4,824.612,grad,16514625536
4,825.869,grad,16471306240
4,827.769,grad,16381917184
4,829.053,grad,16368148480
4,830.728,grad,16338607104
4,832.391,grad,16338344960
4,833.715,grad,16357219328
4,835.492,grad,16333462528
4,836.776,grad,16323533824
4,838.031,grad,16323533824
4,839.621,grad,16323533312
4,841.585,grad,16323533312
4,843.012,grad,16323533312
4,844.288,grad,16323533312
4,847.971,grad,16323533312
4,853.083,grad,16323533312
4,859.443,grad,16323541504
4,866.027,grad,16323541504
4,872.417,grad,16323541504
4,876.726,grad,16323541504
4,878.014,grad,16331018752
4,879.684,grad,16331147776
4,880.958,grad,16338487808
4,882.619,grad,16338487808
4,883.915,grad,16347924992
4,885.201,grad,16347924992
4,886.444,grad,16371109376
4,888.007,grad,16377466368
4,889.276,grad,16438287872
4,891.28,grad,16491896320
4,892.529,grad,16569556480
4,893.806,grad,16569556480
4,895.141,grad,16576900608
4,896.852,grad,16576900608
4,898.174,grad,16586337792
4,899.602,grad,16594726912
4,900.938,grad,16625152512
4,902.27,grad,16616763904
4,903.554,grad,16676700672
4,905.673,grad,16730309120
4,906.926,grad,16807969280
4,908.226,grad,16816198144
4,910.67,grad,16816198144
4,911.948,grad,16825635328
4,913.236,grad,16832975360
4,914.577,grad,16841479680
4,916.262,grad,16855176704
4,917.573,grad,16915998208
4,919.61,grad,16969606656
4,920.875,grad,17054606848
4,922.127,grad,17054610944
4,924.627,grad,17054610944
4,926.011,grad,17064048128
4,927.349,grad,17064048128
4,928.689,grad,17087232512
4,930.285,grad,17093589504
4,931.575,grad,17154476544
4,933.679,grad,17208019456
4,934.961,grad,17346497024
4,936.364,grad,17285679616
4,939.037,grad,17293138432
4,940.336,grad,17302460928
4,941.654,grad,17310850048
4,942.943,grad,17340325376
4,944.428,grad,17332002304
4,945.739,grad,17392889344
4,947.712,grad,17446432256
4,949.074,grad,17524092416
4,950.402,grad,17531436544
4,953.065,grad,17531436544
4,954.326,grad,17540873728
4,955.575,grad,17540873728
4,956.883,grad,17578738176
4,958.32,grad,17570415104
4,959.606,grad,17631302144
4,961.611,grad,17684845056
4,963.876,grad,17769845248
4,966.603,grad,17769964032
4,967.894,grad,17779286528
4,969.178,grad,17779286528
4,970.466,grad,17817150976
4,971.928,grad,17808827904
4,973.212,grad,17816172032
4,974.466,grad,18000852480
4,975.703,grad,17962055168
4,977.877,grad,18000918016
4,980.423,grad,18008262144
4,981.706,grad,18017699328
4,982.993,grad,18025039360
4,984.243,grad,18040883712
4,985.705,grad,18047240704
4,986.96,grad,18108062208
4,988.97,grad,18161670656
4,990.227,grad,18246670848
4,991.646,grad,18246674944
4,994.231,grad,18246674944
4,995.51,grad,18256112128
4,996.772,grad,18263452160
4,998.05,grad,18293976576
4,999.45,grad,18285653504
4,1000.694,grad,18346540544
4,1002.629,grad,18400083456
4,1004.783,grad,18477743616
4,1007.425,grad,18485202432
4,1009.762,grad,18494524928
4,1011.049,grad,18517709312
4,1012.613,grad,18524066304
4,1013.913,grad,18584953344
4,1016.006,grad,18677293568
4,1017.303,grad,18723496448
4,1018.633,grad,18723500544
4,1021.066,grad,18723500544
4,1022.355,grad,18732937728
4,1023.754,grad,18741326848
4,1025.036,grad,18770867712
4,1026.434,grad,18762479104
4,1027.73,grad,18823300608
4,1029.947,grad,18876909056
4,1031.241,grad,19030066688
4,1032.607,grad,18954569216
4,1035.39,grad,18961913344
4,1036.711,grad,18971350528
4,1038.042,grad,18971350528
4,1039.324,grad,18994534912
4,1040.867,grad,19000891904
4,1042.123,grad,19061713408
4,1044.078,grad,19115321856
4,1045.419,grad,19200322048
4,1046.707,grad,19192982016
4,1050.234,grad,19200326144
4,1051.611,grad,19209763328
4,1052.872,grad,19209763328
4,1054.12,grad,19232947712
4,1055.841,grad,19246644736
4,1057.155,grad,19300191744
4,1059.156,grad,19353734656
4,1060.44,grad,19438734848
4,1061.746,grad,19438738944
4,1064.203,grad,19438738944
4,1065.535,grad,19448176128
4,1066.854,grad,19455516160
4,1068.137,grad,19486040576
4,1069.764,grad,19477717504
4,1071.091,grad,19538604544
4,1073.076,grad,19592147456
4,1074.37,grad,19730625024
4,1075.701,grad,19669807616
4,1077.024,grad,19677151744
4,1078.459,grad,19677151744
4,1079.758,grad,19686588928
4,1081.127,grad,19694978048
4,1082.381,grad,19724518912
4,1083.698,grad,19716130304
4,1084.952,grad,19776951808
4,1086.937,grad,19830560256
4,1088.219,grad,19915560448
4,1089.517,grad,19908220416
4,1092.198,grad,19915564544
4,1093.452,grad,19925001728
4,1094.698,grad,19933390848
4,1095.951,grad,19962866176
4,1097.591,grad,19954543104
4,1098.876,grad,20015430144
4,1100.768,grad,20068973056
4,1102.04,grad,20207450624
4,1103.424,grad,20153977344
4,1105.958,grad,20153977344
4,1107.345,grad,20163414528
4,1108.629,grad,20163414528
4,1109.889,grad,20201278976
4,1111.345,grad,20192955904
4,1112.591,grad,20253842944
4,1114.54,grad,20307385856
4,1116.83,grad,20385046016
4,1119.377,grad,20392390144
4,1120.634,grad,20401827328
4,1121.979,grad,20410216448
4,1123.234,grad,20454437376
4,1124.513,grad,20431368704
4,1125.772,grad,20477510144
4,1127.827,grad,20545798656
4,1130.127,grad,20623458816
4,1132.644,grad,20630802944
4,1133.892,grad,20640240128
4,1135.215,grad,20648629248
4,1136.57,grad,20707530240
4,1137.945,grad,20677121536
4,1139.259,grad,20730668544
4,1141.142,grad,20784211456
4,1142.396,grad,20922689024
4,1143.781,grad,20869211648
4,1146.427,grad,20869215744
4,1148.59,grad,20878652928
4,1149.919,grad,20916517376
4,1151.295,grad,20908194304
4,1152.557,grad,20969081344
4,1154.525,grad,21022624256
4,1155.815,grad,21107624448
4,1157.224,grad,21107628544
4,1159.633,grad,21107628544
4,1160.924,grad,21117065728
4,1162.239,grad,21117065728
4,1163.498,grad,21154930176
4,1164.933,grad,21146607104
4,1166.182,grad,21207428608
4,1168.129,grad,21261037056
4,1169.373,grad,21338697216
4,1170.66,grad,21346041344
4,1173.045,grad,21346041344
4,1174.304,grad,21355478528
4,1175.633,grad,21363867648
4,1176.897,grad,21408088576
4,1178.244,grad,21399699968
4,1179.587,grad,21445906944
4,1181.666,grad,21499449856
4,1182.885,grad,21637927424
4,1184.196,grad,21584454144
4,1186.633,grad,21584454144
4,1187.881,grad,21593891328
4,1189.214,grad,21602280448
4,1190.458,grad,21646501376
4,1191.737,grad,21623432704
4,1192.988,grad,21684319744
4,1194.911,grad,21737862656
4,1196.165,grad,21822862848
4,1197.488,grad,21822866944
4,1200.117,grad,21822866944
4,1201.383,grad,21832304128
4,1202.728,grad,21840693248
4,1203.993,grad,21884914176
4,1205.29,grad,21861845504
4,1206.564,grad,21922732544
4,1208.453,grad,21976275456
4,1210.637,grad,22053935616
4,1213.205,grad,22061279744
4,1214.509,grad,22070716928
4,1215.778,grad,22079105536
4,1217.058,grad,22086561280
4,1218.657,grad,22100258304
4,1219.912,grad,22161145344
4,1221.784,grad,22214688256
4,1223.978,grad,22292348416
4,1226.546,grad,22299692544
4,1227.795,grad,22309129728
4,1229.125,grad,22317518848
4,1230.369,grad,22361739776
4,1231.639,grad,22338671104
4,1232.88,grad,22399558144
4,1234.874,grad,22453101056
4,1237.109,grad,22530761216
4,1239.69,grad,22538105344
4,1241.001,grad,22547542528
4,1242.332,grad,22555931648
4,1243.584,grad,22600152576
4,1244.884,grad,22584423936
4,1246.136,grad,22637970944
4,1248.05,grad,22691513856
4,1250.266,grad,22769174016
4,1252.975,grad,22776518144
4,1254.235,grad,22785955328
4,1255.562,grad,22794344448
4,1256.807,grad,22823885312
4,1258.111,grad,22815496704
4,1259.385,grad,22876383744
4,1261.312,grad,22929926656
4,1263.303,grad,23007586816
4,1264.576,grad,23941876736
4,1265.83,grad,23941893632
4,1268.574,grad,23934537728
4,1269.818,grad,23623111168
4,1271.097,grad,23623111168
4,1272.414,grad,23623111168
4,1273.893,grad,23623112704
4,1275.56,grad,23011776000
4,1276.831,grad,23010459136
4,1278.097,grad,22964256256
4,1279.444,grad,22964256256
4,1280.726,grad,22959734272
4,1282.479,grad,22831482368
4,1283.782,grad,22825053696
4,1285.494,grad,22795512320
4,1287.034,grad,22795512320
4,1288.276,grad,22814321152
4,1289.756,grad,22790629888
4,1291.433,grad,22792237568
4,1292.672,grad,22861175296
4,1294.037,grad,22737377792
4,1295.291,grad,22810450432
4,1297.029,grad,22604603904
4,1298.268,grad,22598175232
4,1299.952,grad,22568633856
4,1301.688,grad,22568633856
4,1302.968,grad,22587508224
4,1304.441,grad,22563751424
4,1306.247,grad,22564834816
4,1307.541,grad,22595433984
4,1308.789,grad,22510499328
4,1310.041,grad,22506042880
4,1311.767,grad,22377790976
4,1313.11,grad,22371296768
4,1314.766,grad,22341820928
4,1316.314,grad,22341820928
4,1317.598,grad,22360695296
4,1319.08,grad,22336938496
4,1320.694,grad,22338021888
4,1321.969,grad,22407877120
4,1323.521,grad,22284079616
4,1324.822,grad,22240760320
4,1326.673,grad,22151698944
4,1327.958,grad,22145270272
4,1329.679,grad,22115728896
4,1331.27,grad,22115728896
4,1332.587,grad,22134603264
4,1334.063,grad,22110846464
4,1335.727,grad,22111929856
4,1337.012,grad,22103797248
4,1338.35,grad,22057594368
4,1339.617,grad,22014668288
4,1341.397,grad,21925213696
4,1342.673,grad,21918719488
4,1344.29,grad,21889243648
4,1345.846,grad,21889243648
4,1347.127,grad,21905365504
4,1348.845,grad,21884361216
4,1350.558,grad,21885444608
4,1351.792,grad,21955299840
4,1353.127,grad,21831502336
4,1354.404,grad,21826980352
4,1356.304,grad,21699121664
4,1357.624,grad,21707373056
4,1359.339,grad,21663151616
4,1360.922,grad,21663151616
4,1362.212,grad,21682025984
4,1363.664,grad,21658269184
4,1365.47,grad,21659352576
4,1366.7,grad,21728814592
4,1368.016,grad,21605017088
4,1369.272,grad,21600888320
4,1371.433,grad,21479976448
4,1372.75,grad,21480822272
4,1374.402,grad,21436666368
4,1376.026,grad,21436666368
4,1377.343,grad,21455540736
4,1378.759,grad,21431783936
4,1380.46,grad,21432867328
4,1381.695,grad,21502722560
4,1383.0,grad,21378925056
4,1384.235,grad,21374403072
4,1386.018,grad,21246544384
4,1387.277,grad,21254795776
4,1388.919,grad,21210574336
4,1390.441,grad,21210574336
4,1391.715,grad,21229448704
4,1393.362,grad,21205691904
4,1395.105,grad,21206775296
4,1396.358,grad,21198642688
4,1397.73,grad,21152439808
4,1399.015,grad,21147917824
4,1400.765,grad,21019665920
4,1402.053,grad,21027917312
4,1403.717,grad,20983695872
4,1405.362,grad,20983695872
4,1406.674,grad,21002570240
4,1408.097,grad,20978813440
4,1409.772,grad,20979896832
4,1411.085,grad,20971764224
4,1412.424,grad,20925561344
4,1413.684,grad,20998633984
4,1415.417,grad,20792852992
4,1416.686,grad,20800711168
4,1417.88,grad,20756882944
4,1419.154,grad,20757931520
4,1420.597,grad,20786767360
4,1422.03,grad,20751508992
4,1423.275,grad,20759340544
4,1424.841,grad,20753083904
4,1426.125,grad,20744951296
4,1427.511,grad,20698748416
4,1428.78,grad,20771821056
4,1430.456,grad,20565974528
4,1431.791,grad,20559545856
4,1433.446,grad,20530004480
4,1434.996,grad,20530004480
4,1436.233,grad,20548747776
4,1437.985,grad,20525122048
4,1439.697,grad,20526205440
4,1441.056,grad,20518072832
4,1442.438,grad,20471869952
4,1443.701,grad,20544942592
4,1445.463,grad,20346501632
4,1446.724,grad,20332667392
4,1448.383,grad,20303191552
4,1449.958,grad,20303191552
4,1451.293,grad,20322065920
4,1452.73,grad,20298309120
4,1454.371,grad,20299392512
4,1455.61,grad,20368854528
4,1456.984,grad,20245057024
4,1458.268,grad,20240535040
4,1460.018,grad,20112348672
4,1461.261,grad,20120206848
4,1462.507,grad,20076378624
4,1463.749,grad,20076378624
4,1465.036,grad,20076378624
4,1466.392,grad,20095252992
4,1467.83,grad,20071496192
4,1469.494,grad,20072579584
4,1470.748,grad,20142041600
4,1472.166,grad,20018244096
4,1473.441,grad,20013722112
4,1475.181,grad,19885470208
4,1476.463,grad,19878976000
4,1478.079,grad,19849500160
4,1479.579,grad,19849500160
4,1480.82,grad,19868374528
4,1482.503,grad,19844617728
4,1484.191,grad,19845701120
4,1485.46,grad,19837502976
4,1486.868,grad,19791365632
4,1488.157,grad,19748046336
4,1489.955,grad,19658657280
4,1491.237,grad,19666908672
4,1492.96,grad,19622687232
4,1494.485,grad,19622687232
4,1495.786,grad,19641561600
4,1497.356,grad,19617804800
4,1499.134,grad,19618888192
4,1500.458,grad,19688350208
4,1501.821,grad,19564552704
4,1503.114,grad,19560030720
4,1504.361,grad,19431844352
4,1505.891,grad,19439184384
4,1507.205,grad,19410670080
4,1508.573,grad,19395874816
4,1510.026,grad,19395874304
4,1511.332,grad,19414748672
4,1512.816,grad,19390991872
4,1514.469,grad,19392075264
4,1515.752,grad,19461537280
4,1517.158,grad,19337739776
4,1518.405,grad,19333217792
4,1520.218,grad,19205031424
4,1521.51,grad,19198537216
4,1523.196,grad,19169061376
4,1524.742,grad,19169061376
4,1526.071,grad,19187935744
4,1527.836,grad,19164178944
4,1529.538,grad,19165262336
4,1530.796,grad,19234724352
4,1532.131,grad,19110926848
4,1533.375,grad,19106404864
4,1535.181,grad,18978218496
4,1536.449,grad,18971789824
4,1538.209,grad,18942248960
4,1539.714,grad,18942248448
4,1541.03,grad,18961122816
4,1542.453,grad,18937366016
4,1544.207,grad,18938449408
4,1545.469,grad,19007911424
4,1546.821,grad,18884113920
4,1548.073,grad,18840794624
4,1549.839,grad,18751405568
4,1551.12,grad,18758739456
4,1552.369,grad,18747008512
4,1553.704,grad,18715435520
4,1554.963,grad,18730115584
4,1556.223,grad,18734375424
4,1557.661,grad,18710553088
4,1559.387,grad,18711636480
4,1560.658,grad,18781098496
4,1561.98,grad,18657300992
4,1563.23,grad,18589864448
4,1564.468,grad,18524527104
4,1565.751,grad,18531867136
4,1567.015,grad,18503352832
4,1568.275,grad,18488557568
4,1569.801,grad,18488557056
4,1571.12,grad,18507431424
4,1572.836,grad,18483674624
4,1574.696,grad,18484758016
4,1575.985,grad,18554220032
4,1577.351,grad,18430422528
4,1578.616,grad,18387103232
4,1580.396,grad,18297714176
4,1581.648,grad,18305965568
4,1583.281,grad,18261744128
4,1584.887,grad,18261744128
4,1586.212,grad,18280618496
4,1587.673,grad,18256861696
4,1589.368,grad,18257945088
4,1590.611,grad,18327407104
4,1591.939,grad,18203609600
4,1593.204,grad,18199087616
4,1594.984,grad,18070901248
4,1596.257,grad,18078759424
4,1597.532,grad,18034931200
4,1598.887,grad,18035979776
4,1600.176,grad,18064356864
4,1601.618,grad,18029557248
4,1602.895,grad,18037388800
4,1604.587,grad,18031132160
4,1605.885,grad,18022934016
4,1607.176,grad,17976796672
4,1608.44,grad,17933477376
4,1610.291,grad,17844088320
4,1611.61,grad,17852274176
4,1613.316,grad,17808118272
4,1614.913,grad,17808118272
4,1616.202,grad,17826927104
4,1618.034,grad,17803235840
4,1619.745,grad,17804319232
4,1621.004,grad,17796186624
4,1622.379,grad,17749983744
4,1623.637,grad,17745461760
4,1625.411,grad,17617275392
4,1626.676,grad,17625526784
4,1628.358,grad,17581305344
4,1629.987,grad,17581305344
4,1631.269,grad,17600245248
4,1632.693,grad,17576422912
4,1634.354,grad,17577506304
4,1635.65,grad,17569373696
4,1637.017,grad,17523170816
4,1638.274,grad,17518648832
4,1640.145,grad,17390462464
4,1641.397,grad,17383640576
4,1643.337,grad,17354492928
4,1644.912,grad,17354492416
4,1646.225,grad,17373366784
4,1647.684,grad,17349609984
4,1649.369,grad,17350693376
4,1650.613,grad,17342560768
4,1652.006,grad,17296357888
4,1653.275,grad,17291835904
4,1655.044,grad,17163649536
4,1656.298,grad,17157220864
4,1658.019,grad,17127679488
4,1659.555,grad,17127679488
4,1660.807,grad,17146488320
4,1662.558,grad,17122797056
4,1664.527,grad,17123880448
4,1665.829,grad,17114797568
4,1667.137,grad,17068660224
4,1668.421,grad,16986543616
4,1670.271,grad,16936836608
4,1671.518,grad,16930407936
4,1673.234,grad,16900866560
4,1674.757,grad,16900866560
4,1676.02,grad,16920068608
4,1677.582,grad,16895984128
4,1679.317,grad,16897067520
4,1680.555,grad,16888934912
4,1681.947,grad,16842732032
4,1683.224,grad,16838210048
4,1685.1,grad,16710023680
4,1686.467,grad,16710476288
4,1687.749,grad,16690946560
4,1689.023,grad,16666713600
4,1690.293,grad,16695811584
4,1691.586,grad,16685325824
4,1693.109,grad,16661569024
4,1694.367,grad,16651640320
4,1695.61,grad,16651640320
4,1697.03,grad,16651639808
4,1699.04,grad,16651639808
4,1700.402,grad,16651639808
4,1701.712,grad,16651639808
4,1705.834,grad,16651639808
4,1710.497,grad,16651639808
4,1716.885,grad,16651648000
4,1723.27,grad,16651648000
4,1729.664,grad,16651648000
4,1733.968,grad,16651648000
4,1735.268,grad,16659125248
4,1737.123,grad,16666594304
4,1739.762,grad,16666594304
4,1741.151,grad,16676031488
4,1742.482,grad,16676031488
4,1743.793,grad,16699215872
4,1745.515,grad,16705572864
4,1746.788,grad,16766459904
4,1748.731,grad,16820002816
4,1750.004,grad,16905003008
4,1751.91,grad,16905003008
4,1754.54,grad,16905007104
4,1755.816,grad,16914444288
4,1757.129,grad,16914444288
4,1758.384,grad,16937628672
4,1759.903,grad,16943985664
4,1761.195,grad,17004807168
4,1763.203,grad,17058415616
4,1764.462,grad,17136075776
4,1765.75,grad,17143419904
4,1768.156,grad,17143419904
4,1769.417,grad,17152857088
4,1770.668,grad,17161245696
4,1771.957,grad,17168701440
4,1773.637,grad,17182398464
4,1774.919,grad,17243219968
4,1777.029,grad,17296828416
4,1778.289,grad,17427965952
4,1779.569,grad,17381828608
4,1782.217,grad,17381832704
4,1783.474,grad,17391269888
4,1784.816,grad,17399659008
4,1786.094,grad,17443879936
4,1787.389,grad,17420811264
4,1788.639,grad,17481698304
4,1790.547,grad,17535241216
4,1791.812,grad,17673718784
4,1793.235,grad,17612901376
4,1795.828,grad,17620245504
4,1797.124,grad,17629682688
4,1798.552,grad,17638071808
4,1799.873,grad,17682292736
4,1801.19,grad,17659224064
4,1802.503,grad,17720045568
4,1804.592,grad,17812451328
4,1805.904,grad,17858654208
4,1807.258,grad,17858658304
4,1809.952,grad,17858658304
4,1811.269,grad,17868095488
4,1812.575,grad,17868095488
4,1813.885,grad,17891279872
4,1815.531,grad,17897636864
4,1816.847,grad,17958523904
4,1818.933,grad,18012066816
4,1820.282,grad,18097067008
4,1821.645,grad,18097071104
4,1824.136,grad,18097071104
4,1825.534,grad,18106508288
4,1826.896,grad,18106508288
4,1828.181,grad,18129692672
4,1829.742,grad,18136049664
4,1831.051,grad,18143393792
4,1832.311,grad,18328074240
4,1833.627,grad,18289276928
4,1834.889,grad,18328139776
4,1836.229,grad,18335483904
4,1838.728,grad,18335483904
4,1840.005,grad,18344921088
4,1841.387,grad,18353310208
4,1842.673,grad,18382851072
4,1844.063,grad,18374462464
4,1845.335,grad,18435349504
4,1847.347,grad,18488892416
4,1849.598,grad,18573892608
4,1852.452,grad,18573896704
4,1853.778,grad,18583333888
4,1855.056,grad,18583333888
4,1856.388,grad,18606518272
4,1858.087,grad,18612875264
4,1859.376,grad,18673762304
4,1861.357,grad,18727305216
4,1862.651,grad,18858442752
4,1863.935,grad,18812305408
4,1866.489,grad,18812309504
4,1867.758,grad,18821746688
4,1869.111,grad,18821746688
4,1870.451,grad,18859611136
4,1872.064,grad,18851288064
4,1873.358,grad,18912109568
4,1875.457,grad,18965718016
4,1876.781,grad,19043378176
4,1878.219,grad,19050722304
4,1880.69,grad,19050836992
4,1882.013,grad,19060159488
4,1883.327,grad,19068548096
4,1884.634,grad,19098023936
4,1886.154,grad,19089700864
4,1887.438,grad,19150587904
4,1889.587,grad,19242928128
4,1890.911,grad,19289131008
4,1892.226,grad,19281790976
4,1894.789,grad,19289135104
4,1896.061,grad,19298572288
4,1897.355,grad,19306961408
4,1898.638,grad,19336436736
4,1900.144,grad,19328113664
4,1901.462,grad,19389000704
4,1903.47,grad,19442543616
4,1904.763,grad,19527543808
4,1906.051,grad,19527547904
4,1908.78,grad,19527547904
4,1910.063,grad,19536985088
4,1911.429,grad,19545374208
4,1912.724,grad,19574915072
4,1914.193,grad,19566526464
4,1915.464,grad,19627413504
4,1917.472,grad,19680956416
4,1919.683,grad,19758616576
4,1922.394,grad,19766075392
4,1923.723,grad,19775397888
4,1925.146,grad,19783787008
4,1926.451,grad,19798582272
4,1928.075,grad,19804939264
4,1929.332,grad,19865760768
4,1931.349,grad,19919369216
4,1932.613,grad,20072526848
4,1933.941,grad,20004369408
4,1936.605,grad,20004373504
4,1937.907,grad,20013810688
4,1939.188,grad,20013810688
4,1940.443,grad,20036995072
4,1942.0,grad,20043352064
4,1943.295,grad,20104173568
4,1945.564,grad,20196579328
4,1947.821,grad,20235442176
4,1950.516,grad,20242900992
4,1951.817,grad,20252223488
4,1953.135,grad,20259563520
4,1954.391,grad,20290087936
4,1955.951,grad,20289104896
4,1957.237,grad,20342651904
4,1959.187,grad,20396194816
4,1961.472,grad,20473854976
4,1964.274,grad,20481199104
4,1965.565,grad,20490636288
4,1966.84,grad,20497976320
4,1968.124,grad,20528500736
4,1969.534,grad,20520177664
4,1970.781,grad,20581064704
4,1972.803,grad,20634607616
4,1974.081,grad,20719607808
4,1975.35,grad,20719611904
4,1977.8,grad,20719611904
4,1979.083,grad,20729049088
4,1980.334,grad,20737437696
4,1981.644,grad,20737438208
4,1982.981,grad,20766979072
4,1984.416,grad,20758590464
4,1985.716,grad,20819477504
4,1987.706,grad,20873020416
4,1988.992,grad,21004157952
4,1990.252,grad,20950680576
4,1992.938,grad,20958024704
4,1994.224,grad,20967461888
4,1995.503,grad,20967461888
4,1996.812,grad,20990646272
4,1998.489,grad,20997003264
4,1999.761,grad,21057890304
4,2001.795,grad,21111433216
4,2003.284,grad,21249910784
4,2004.683,grad,21189093376
4,2007.379,grad,21196552192
4,2008.703,grad,21205874688
4,2010.056,grad,21205874688
4,2011.345,grad,21229059072
4,2013.107,grad,21235416064
4,2014.412,grad,21296237568
4,2015.669,grad,21427440640
4,2016.912,grad,21388643328
4,2019.118,grad,21427506176
4,2021.921,grad,21434850304
4,2023.218,grad,21444287488
4,2024.512,grad,21444287488
4,2025.762,grad,21467471872
4,2027.368,grad,21473828864
4,2028.642,grad,21534650368
4,2029.892,grad,21743448064
4,2031.176,grad,21627056128
4,2032.443,grad,21726736384
4,2033.785,grad,21665918976
4,2035.202,grad,21673263104
4,2036.723,grad,21673263104
4,2037.988,grad,21682700288
4,2039.283,grad,21682700288
4,2040.531,grad,21698544640
4,2042.296,grad,21712241664
4,2043.545,grad,21773063168
4,2044.852,grad,21865468928
4,2046.298,grad,21865468928
4,2048.414,grad,21904331776
4,2051.097,grad,21911675904
4,2052.39,grad,21921113088
4,2053.715,grad,21921113088
4,2055.0,grad,21944297472
4,2056.755,grad,21957994496
4,2058.077,grad,22011541504
4,2060.155,grad,22065084416
4,2061.601,grad,22196221952
4,2062.916,grad,22142744576
4,2065.596,grad,22150088704
4,2066.874,grad,22159525888
4,2068.136,grad,22159525888
4,2069.46,grad,22182710272
4,2071.1,grad,22189067264
4,2072.429,grad,22249954304
4,2073.706,grad,22381091840
4,2075.148,grad,22342294528
4,2077.272,grad,22381157376
4,2080.063,grad,22388501504
4,2081.337,grad,22397938688
4,2082.652,grad,22397938688
4,2083.909,grad,22413783040
4,2085.662,grad,22427480064
4,2086.915,grad,22488301568
4,2088.994,grad,22541910016
4,2090.25,grad,22680387584
4,2091.584,grad,22626914304
4,2094.164,grad,22626914304
4,2095.429,grad,22636810240
4,2096.725,grad,22636810240
4,2098.068,grad,22652654592
4,2099.84,grad,22665892864
4,2101.121,grad,22727238656
4,2103.145,grad,22780781568
4,2104.405,grad,22933939200
4,2105.727,grad,22858441728
4,2108.349,grad,22865785856
4,2109.626,grad,22875223040
4,2110.937,grad,22875223040
4,2112.224,grad,22898407424
4,2113.829,grad,22904764416
4,2115.158,grad,22965585920
4,2117.485,grad,23019194368
4,2118.824,grad,23150331904
4,2120.144,grad,23096854528
4,2122.768,grad,23104198656
4,2124.131,grad,23113635840
4,2125.957,grad,23113635840
4,2127.289,grad,23122024448
4,2128.717,grad,23166245888
4,2130.109,grad,23157861376
4,2131.404,grad,23281658880
4,2133.541,grad,23257607168
4,2134.82,grad,23410764800
4,2136.113,grad,23342611456
4,2137.928,grad,24269557248
4,2139.213,grad,24269570560
4,2142.094,grad,24262218240
4,2143.388,grad,23950791680
4,2144.669,grad,23950791680
4,2145.888,grad,23950791680
4,2147.447,grad,23950793216
4,2149.266,grad,23339456512
4,2150.528,grad,23338401792
4,2151.852,grad,23292264448
4,2153.127,grad,23288070144
4,2154.918,grad,23159818240
4,2156.18,grad,23153389568
4,2157.926,grad,23123848192
4,2159.479,grad,23123848192
4,2160.772,grad,23142788096
4,2162.196,grad,23118965760
4,2163.932,grad,23120573440
4,2165.248,grad,23124171776
4,2166.622,grad,23065713664
4,2167.891,grad,23029734400
4,2169.147,grad,22940670976
4,2170.552,grad,22940673024
4,2171.839,grad,22912158720
4,2173.126,grad,22897362944
4,2174.654,grad,22897362944
4,2175.922,grad,22916171776
4,2177.41,grad,22892480512
4,2179.116,grad,22893563904
4,2180.384,grad,22962567168
4,2181.708,grad,22838769664
4,2182.991,grad,22912235520
4,2184.667,grad,22706388992
4,2185.897,grad,22699960320
4,2187.768,grad,22670418944
4,2189.349,grad,22670418944
4,2190.624,grad,22689358848
4,2192.058,grad,22665536512
4,2193.729,grad,22667537408
4,2194.998,grad,22736081920
4,2196.313,grad,22612284416
4,2197.582,grad,22685357056
4,2199.313,grad,22479510528
4,2200.567,grad,22473016320
4,2202.117,grad,22443540992
4,2203.599,grad,22443540480
4,2204.872,grad,22462414848
4,2206.276,grad,22438658048
4,2208.165,grad,22439741440
4,2209.452,grad,22509203456
4,2210.784,grad,22385405952
4,2212.085,grad,22380883968
4,2213.819,grad,22252697600
4,2215.088,grad,22260948992
4,2216.734,grad,22216727552
4,2218.254,grad,22216727552
4,2219.523,grad,22235601920
4,2220.914,grad,22211845120
4,2222.556,grad,22212928512
4,2223.822,grad,22282390528
4,2225.146,grad,22158593024
4,2226.393,grad,22154071040
4,2228.115,grad,22025884672
4,2229.398,grad,22019390464
4,2230.929,grad,21989914624
4,2232.185,grad,21989914624
4,2233.449,grad,22019340288
4,2234.872,grad,21984540672
4,2236.135,grad,21992372224
4,2237.673,grad,21986115584
4,2238.912,grad,21977982976
4,2240.239,grad,21931780096
4,2241.488,grad,21927258112
4,2243.306,grad,21799006208
4,2244.579,grad,21792512000
4,2246.205,grad,21763036160
4,2247.731,grad,21763036160
4,2249.027,grad,21781910528
4,2250.409,grad,21758153728
4,2252.135,grad,21759237120
4,2253.394,grad,21763425280
4,2254.702,grad,21704901632
4,2255.955,grad,21668922368
4,2257.196,grad,21618263040
4,2258.566,grad,21579467776
4,2259.833,grad,21555672064
4,2261.179,grad,21536158208
4,2262.634,grad,21536157696
4,2263.884,grad,21555359744
4,2265.436,grad,21531275264
4,2267.138,grad,21532358656
4,2268.408,grad,21601820672
4,2269.694,grad,21478023168
4,2270.963,grad,21473501184
4,2272.837,grad,21345314816
4,2274.095,grad,21353566208
4,2275.711,grad,21309344768
4,2277.466,grad,21309344768
4,2278.752,grad,21328219136
4,2280.209,grad,21304462336
4,2281.869,grad,21305545728
4,2283.14,grad,21297413120
4,2284.493,grad,21251210240
4,2285.742,grad,21246688256
4,2287.449,grad,21118436352
4,2288.704,grad,21126622208
4,2290.332,grad,21082466304
4,2291.838,grad,21082466304
4,2293.122,grad,21101275136
4,2294.652,grad,21077583872
4,2296.331,grad,21078667264
4,2297.57,grad,21082855424
4,2298.875,grad,21024331776
4,2300.133,grad,20995692544
4,2301.377,grad,20898895872
4,2302.718,grad,20898897920
4,2303.998,grad,20870383616
4,2305.331,grad,20855588352
4,2306.702,grad,20855587840
4,2307.896,grad,20874396672
4,2309.398,grad,20850705408
4,2311.081,grad,20851788800
4,2312.336,grad,20843656192
4,2313.73,grad,20797453312
4,2314.99,grad,20792931328
4,2316.683,grad,20664744960
4,2317.928,grad,20672996352
4,2319.537,grad,20628774912
4,2321.321,grad,20628774912
4,2322.674,grad,20647649280
4,2324.113,grad,20623892480
4,2325.784,grad,20624975872
4,2327.041,grad,20616843264
4,2328.371,grad,20570640384
4,2329.661,grad,20643713024
4,2331.344,grad,20437866496
4,2332.628,grad,20431437824
4,2334.359,grad,20401896448
4,2335.919,grad,20401896448
4,2337.171,grad,20420770816
4,2338.566,grad,20397014016
4,2340.444,grad,20398097408
4,2341.721,grad,20467559424
4,2343.119,grad,20343761920
4,2344.406,grad,20339239936
4,2346.241,grad,20218393600
4,2347.509,grad,20204559360
4,2349.076,grad,20175083520
4,2350.553,grad,20175083520
4,2351.818,grad,20193957888
4,2353.284,grad,20170201088
4,2354.956,grad,20171284480
4,2356.219,grad,20240746496
4,2357.529,grad,20116948992
4,2358.811,grad,20190021632
4,2360.517,grad,19984240640
4,2361.769,grad,19992492032
4,2363.417,grad,19948270592
4,2365.253,grad,19948270592
4,2366.508,grad,19967144960
4,2367.95,grad,19943388160
4,2369.608,grad,19944471552
4,2370.841,grad,20013933568
4,2372.148,grad,19890136064
4,2373.415,grad,19846816768
4,2375.274,grad,19757427712
4,2376.545,grad,19765679104
4,2378.238,grad,19721458176
4,2379.755,grad,19721457664
4,2381.056,grad,19740332032
4,2382.455,grad,19716575232
4,2384.529,grad,19717658624
4,2385.836,grad,19709460480
4,2387.131,grad,19663323136
4,2388.397,grad,19658801152
4,2390.108,grad,19530614784
4,2391.346,grad,19538866176
4,2393.005,grad,19494644736
4,2394.56,grad,19494644736
4,2395.894,grad,19513519104
4,2397.382,grad,19489762304
4,2399.115,grad,19490845696
4,2400.375,grad,19560307712
4,2401.696,grad,19436510208
4,2403.024,grad,19509582848
4,2404.82,grad,19303801856
4,2406.126,grad,19297373184
4,2407.785,grad,19267831808
4,2409.586,grad,19267831808
4,2410.914,grad,19286706176
4,2412.342,grad,19262949376
4,2414.046,grad,19264032768
4,2415.311,grad,19333494784
4,2416.633,grad,19209697280
4,2417.897,grad,19205175296
4,2419.599,grad,19076988928
4,2420.897,grad,19085240320
4,2422.622,grad,19041018880
4,2424.208,grad,19041018880
4,2425.482,grad,19059893248
4,2426.886,grad,19036136448
4,2428.746,grad,19037219840
4,2430.033,grad,19029087232
4,2431.401,grad,18982884352
4,2432.642,grad,18978362368
4,2434.404,grad,18850176000
4,2435.646,grad,18858427392
4,2437.263,grad,18814205952
4,2438.818,grad,18814205952
4,2440.147,grad,18818400256
4,2441.664,grad,18809323520
4,2443.485,grad,18810406912
4,2444.758,grad,18879868928
4,2446.098,grad,18756071424
4,2447.366,grad,18712752128
4,2449.182,grad,18623363072
4,2450.434,grad,18631548928
4,2452.091,grad,18587393024
4,2453.927,grad,18587393024
4,2455.256,grad,18606267392
4,2456.766,grad,18582510592
4,2458.481,grad,18583593984
4,2459.761,grad,18653056000
4,2461.119,grad,18529258496
4,2462.367,grad,18524736512
4,2464.133,grad,18396550144
4,2465.414,grad,18390121472
4,2467.118,grad,18360580096
4,2468.623,grad,18360580096
4,2469.919,grad,18379454464
4,2471.322,grad,18355697664
4,2473.277,grad,18356781056
4,2474.618,grad,18348648448
4,2476.027,grad,18302445568
4,2477.294,grad,18297923584
4,2479.191,grad,18169737216
4,2480.462,grad,18163308544
4,2482.199,grad,18133767680
4,2483.738,grad,18133767168
4,2484.99,grad,18152510464
4,2486.581,grad,18128884736
4,2488.285,grad,18129968128
4,2489.523,grad,18121835520
4,2490.882,grad,18075632640
4,2492.128,grad,18032313344
4,2493.925,grad,17942924288
4,2495.218,grad,17936495616
4,2496.952,grad,17906954240
4,2499.025,grad,17906954240
4,2500.324,grad,17925828608
4,2501.744,grad,17902071808
4,2503.41,grad,17903155200
4,2504.647,grad,17895022592
4,2506.028,grad,17848819712
4,2507.265,grad,17844297728
4,2509.004,grad,17716111360
4,2510.248,grad,17724362752
4,2511.936,grad,17680141312
4,2513.466,grad,17680141312
4,2514.707,grad,17698950144
4,2516.221,grad,17675258880
4,2517.901,grad,17676342272
4,2519.145,grad,17680464896
4,2520.491,grad,17622006784
4,2521.729,grad,17586027520
4,2522.971,grad,17535433728
4,2524.341,grad,17496638464
4,2525.583,grad,17468124160
4,2526.814,grad,17453328896
4,2528.313,grad,17453328384
4,2529.605,grad,17472268288
4,2531.039,grad,17448445952
4,2532.693,grad,17449529344
4,2533.944,grad,17518991360
4,2535.296,grad,17395193856
4,2536.535,grad,17390671872
4,2538.245,grad,17262485504
4,2539.485,grad,17270736896
4,2541.164,grad,17226515968
4,2542.96,grad,17226515456
4,2544.274,grad,17245389824
4,2545.765,grad,17221633024
4,2547.512,grad,17222716416
4,2548.763,grad,17214583808
4,2550.141,grad,17168380928
4,2551.386,grad,17163858944
4,2553.156,grad,17035672576
4,2554.395,grad,17021903872
4,2556.281,grad,16992363008
4,2557.78,grad,16992100352
4,2559.106,grad,17010974720
4,2560.594,grad,16987217920
4,2561.844,grad,16977289216
4,2563.093,grad,16977289216
4,2564.32,grad,16977289216
4,2566.823,grad,16977288704
4,2568.25,grad,16977288704
4,2569.795,grad,16977288704
4,2573.956,grad,16977288704
4,2578.638,grad,16977288704
4,2585.047,grad,16977296896
4,2591.436,grad,16977296896
4,2597.82,grad,16977296896
4,2602.632,grad,16977296896
4,2604.141,grad,16984774144
4,2606.09,grad,16984903168
4,2608.813,grad,16992243200
4,2610.171,grad,17001680384
4,2611.461,grad,17001680384
4,2612.737,grad,17017524736
4,2614.512,grad,17031221760
4,2615.784,grad,17092108800
4,2617.726,grad,17145651712
4,2619.022,grad,17230651904
4,2620.418,grad,17223311872
4,2623.026,grad,17230656000
4,2624.301,grad,17240093184
4,2625.571,grad,17247433216
4,2626.839,grad,17277957632
4,2628.248,grad,17269634560
4,2629.502,grad,17330521600
4,2631.425,grad,17384064512
4,2632.685,grad,17461724672
4,2633.966,grad,17469068800
4,2636.375,grad,17469068800
4,2637.638,grad,17478505984
4,2638.95,grad,17478505984
4,2640.259,grad,17516370432
4,2641.832,grad,17508047360
4,2643.13,grad,17568868864
4,2645.141,grad,17622477312
4,2647.349,grad,17700137472
4,2649.94,grad,17707481600
4,2651.212,grad,17716918784
4,2652.567,grad,17725307904
4,2653.83,grad,17769528832
4,2655.133,grad,17746460160
4,2656.399,grad,17807281664
4,2658.366,grad,17860890112
4,2660.781,grad,17938550272
4,2663.418,grad,17945894400
4,2664.69,grad,17955331584
4,2665.985,grad,17963720704
4,2667.252,grad,17993196032
4,2668.62,grad,17984872960
4,2669.899,grad,18031014400
4,2671.172,grad,18138100224
4,2672.466,grad,18138100224
4,2673.726,grad,18252460544
4,2675.045,grad,18176963072
4,2676.37,grad,18184307200
4,2678.263,grad,18184307200
4,2679.539,grad,18193744384
4,2680.797,grad,18201084416
4,2682.094,grad,18231608832
4,2683.539,grad,18223285760
4,2684.806,grad,18284172800
4,2686.717,grad,18337715712
4,2688.008,grad,18422715904
4,2689.258,grad,18422720000
4,2691.654,grad,18422720000
4,2692.922,grad,18432157184
4,2694.173,grad,18439497216
4,2695.429,grad,18470021632
4,2697.824,grad,18461698560
4,2699.102,grad,18522585600
4,2701.1,grad,18576128512
4,2703.299,grad,18653788672
4,2705.81,grad,18661132800
4,2707.093,grad,18670569984
4,2708.446,grad,18678959104
4,2709.721,grad,18708499968
4,2711.073,grad,18700111360
4,2712.353,grad,18760998400
4,2714.297,grad,18814541312
4,2716.678,grad,18892201472
4,2719.29,grad,18899545600
4,2720.564,grad,18908982784
4,2721.976,grad,18917371904
4,2723.252,grad,18961592832
4,2724.501,grad,18938524160
4,2725.782,grad,18999411200
4,2727.644,grad,19052954112
4,2728.914,grad,19130614272
4,2730.218,grad,19137958400
4,2732.617,grad,19137958400
4,2733.887,grad,19147395584
4,2735.207,grad,19147395584
4,2736.474,grad,19170579968
4,2738.004,grad,19176936960
4,2739.252,grad,19237824000
4,2741.223,grad,19291366912
4,2743.421,grad,19369027072
4,2745.962,grad,19376371200
4,2747.245,grad,19385808384
4,2748.559,grad,19394197504
4,2749.817,grad,19423738368
4,2751.093,grad,19415349760
4,2752.359,grad,19476236800
4,2754.509,grad,19529779712
4,2756.711,grad,19607439872
4,2759.27,grad,19614784000
4,2760.551,grad,19624221184
4,2761.822,grad,19632609792
4,2763.132,grad,19662085632
4,2764.533,grad,19653762560
4,2765.781,grad,19714649600
4,2767.699,grad,19768192512
4,2768.975,grad,19906670080
4,2770.289,grad,19853196800
4,2772.843,grad,19853196800
4,2774.117,grad,19862633984
4,2775.364,grad,19869974016
4,2776.612,grad,19900498432
4,2778.075,grad,19892175360
4,2779.325,grad,19953062400
4,2781.275,grad,20006605312
4,2782.528,grad,20091605504
4,2784.696,grad,20091609600
4,2786.391,grad,20091609600
4,2787.646,grad,20101046784
4,2789.135,grad,20101046784
4,2790.412,grad,20124231168
4,2791.91,grad,20130588160
4,2793.18,grad,20191475200
4,2795.121,grad,20245018112
4,2796.368,grad,20322678272
4,2797.614,grad,20330022400
4,2800.121,grad,20330022400
4,2801.383,grad,20339459584
4,2802.64,grad,20347848192
4,2803.953,grad,20377324032
4,2805.468,grad,20369000960
4,2806.751,grad,20429888000
4,2808.921,grad,20483430912
4,2810.219,grad,20568431104
4,2811.487,grad,20568435200
4,2813.977,grad,20568435200
4,2815.246,grad,20577872384
4,2816.515,grad,20587112960
4,2817.802,grad,20601908736
4,2819.422,grad,20608265728
4,2820.714,grad,20669087232
4,2822.803,grad,20722695680
4,2824.104,grad,20807695872
4,2825.592,grad,20807699968
4,2828.027,grad,20807699968
4,2829.312,grad,20817137152
4,2830.602,grad,20825526272
4,2831.933,grad,20855001600
4,2833.493,grad,20846678528
4,2834.778,grad,20907565568
4,2836.84,grad,20961108480
4,2838.172,grad,21092246016
4,2839.513,grad,21046112768
4,2842.338,grad,21046112768
4,2843.681,grad,21055549952
4,2845.229,grad,21055549952
4,2846.529,grad,21078734336
4,2848.197,grad,21085091328
4,2849.521,grad,21145912832
4,2850.82,grad,21238318592
4,2852.318,grad,21238318592
4,2854.336,grad,21277181440
4,2856.962,grad,21284525568
4,2858.249,grad,21293962752
4,2859.548,grad,21293962752
4,2860.812,grad,21317147136
4,2862.419,grad,21323504128
4,2863.681,grad,21384325632
4,2864.893,grad,21515528704
4,2866.18,grad,21476731392
4,2867.456,grad,21522934272
4,2868.713,grad,21522938368
4,2871.21,grad,21522938368
4,2872.467,grad,21532375552
4,2873.737,grad,21532375552
4,2875.064,grad,21555559936
4,2876.673,grad,21561916928
4,2877.899,grad,21622803968
4,2879.906,grad,21676346880
4,2881.189,grad,21814824448
4,2882.501,grad,21761351168
4,2885.245,grad,21761465856
4,2886.55,grad,21770788352
4,2887.877,grad,21778128384
4,2889.189,grad,21808652800
4,2890.801,grad,21800329728
4,2892.126,grad,21861151232
4,2894.345,grad,21914759680
4,2895.635,grad,22038557184
4,2896.914,grad,21999759872
4,2899.524,grad,21999763968
4,2900.981,grad,22009201152
4,2902.316,grad,22009201152
4,2903.598,grad,22032385536
4,2905.224,grad,22038742528
4,2906.495,grad,22099564032
4,2908.6,grad,22153172480
4,2909.925,grad,22291650048
4,2911.205,grad,22230832640
4,2913.934,grad,22238176768
4,2915.233,grad,22247613952
4,2916.5,grad,22247613952
4,2917.778,grad,22270798336
4,2919.363,grad,22277155328
4,2920.748,grad,22291839488
4,2922.055,grad,22415636992
4,2923.967,grad,22391585280
4,2925.266,grad,22544742912
4,2926.589,grad,22469245440
4,2929.247,grad,22476589568
4,2930.514,grad,22486026752
4,2931.792,grad,22486026752
4,2933.092,grad,22509211136
4,2934.654,grad,22515568128
4,2935.922,grad,22576389632
4,2938.005,grad,22629998080
4,2939.269,grad,22753795584
4,2940.594,grad,22707658240
4,2943.295,grad,22715002368
4,2944.557,grad,22724439552
4,2945.851,grad,22724439552
4,2947.118,grad,22747623936
4,2948.598,grad,22753980928
4,2949.873,grad,22814802432
4,2951.951,grad,22868410880
4,2953.218,grad,23006888448
4,2954.55,grad,22953415168
4,2957.008,grad,22953415168
4,2958.415,grad,22962852352
4,2959.682,grad,22962852352
4,2960.974,grad,22986036736
4,2962.589,grad,22992393728
4,2963.846,grad,23053280768
4,2965.856,grad,23106823680
4,2967.127,grad,23245301248
4,2968.446,grad,23191827968
4,2970.869,grad,23191827968
4,2972.16,grad,23201265152
4,2973.482,grad,23201265152
4,2974.837,grad,23239129600
4,2976.496,grad,23230806528
4,2977.818,grad,23291628032
4,2979.93,grad,23345236480
4,2981.208,grad,23430236672
4,2982.527,grad,23430240768
4,2984.969,grad,23430240768
4,2986.288,grad,23439677952
4,2987.58,grad,23439677952
4,2988.841,grad,23477542400
4,2990.324,grad,23469219328
4,2991.59,grad,23530106368
4,2993.664,grad,23583649280
4,2994.919,grad,23668649472
4,2996.19,grad,23668653568
4,2997.947,grad,24595599360
4,2999.221,grad,24595617792
4,3001.414,grad,24588260352
4,3002.691,grad,24276833792
4,3003.948,grad,24276833792
4,3005.188,grad,24276833792
4,3006.57,grad,24276835328
4,3008.282,grad,23665498624
4,3009.568,grad,23664181760
4,3011.0,grad,23617978880
4,3012.267,grad,23543202304
4,3013.51,grad,23485204992
4,3014.804,grad,23492545024
4,3016.073,grad,23464030720
4,3017.362,grad,23449234944
4,3018.951,grad,23449234944
4,3020.332,grad,23468109312
4,3021.802,grad,23444352512
4,3023.117,grad,23445435904
4,3024.383,grad,23445435904
4,3026.283,grad,23391100416
4,3027.544,grad,23355121152
4,3029.508,grad,23258326528
4,3030.763,grad,23251832320
4,3032.383,grad,23222356480
4,3034.068,grad,23222356480
4,3035.367,grad,23241230848
4,3036.788,grad,23217474048
4,3038.522,grad,23218557440
4,3039.772,grad,23288019456
4,3041.091,grad,23164221952
4,3042.354,grad,23159765504
4,3044.15,grad,23031513600
4,3045.648,grad,23025084928
4,3047.358,grad,22995543552
4,3048.919,grad,22995543552
4,3050.205,grad,23014352384
4,3051.722,grad,22990661120
4,3053.434,grad,22991744512
4,3054.77,grad,22983611904
4,3056.162,grad,22937409024
4,3057.429,grad,22894089728
4,3059.236,grad,22804700672
4,3060.48,grad,22812952064
4,3062.152,grad,22768730624
4,3063.755,grad,22768730624
4,3065.032,grad,22787473920
4,3066.836,grad,22763848192
4,3068.58,grad,22764931584
4,3069.837,grad,22756798976
4,3071.218,grad,22710596096
4,3072.485,grad,22667276800
4,3074.307,grad,22577822208
4,3075.548,grad,22586073600
4,3077.209,grad,22541852160
4,3078.764,grad,22541852160
4,3080.061,grad,22560726528
4,3081.464,grad,22536969728
4,3083.289,grad,22538053120
4,3084.545,grad,22529854976
4,3085.808,grad,22483717632
4,3087.071,grad,22479195648
4,3088.807,grad,22351009280
4,3090.316,grad,22344580608
4,3092.044,grad,22315039232
4,3093.563,grad,22315039232
4,3094.809,grad,22333848064
4,3096.337,grad,22310156800
4,3098.022,grad,22311240192
4,3099.286,grad,22303107584
4,3100.683,grad,22256904704
4,3101.951,grad,22252382720
4,3103.704,grad,22124196352
4,3105.015,grad,22117767680
4,3106.701,grad,22088226816
4,3108.22,grad,22088226304
4,3109.525,grad,22107100672
4,3111.185,grad,22083343872
4,3112.946,grad,22084427264
4,3114.207,grad,22076294656
4,3115.456,grad,22030091776
4,3116.713,grad,21994112512
4,3117.987,grad,21897317888
4,3119.244,grad,21904655872
4,3120.512,grad,21876143616
4,3121.894,grad,21861348352
4,3123.365,grad,21861347840
4,3124.668,grad,21880091136
4,3126.256,grad,21856465408
4,3127.964,grad,21857548800
4,3129.219,grad,21849481728
4,3130.574,grad,21803278848
4,3131.819,grad,21798756864
4,3133.573,grad,21670504960
4,3135.172,grad,21664076288
4,3136.918,grad,21634534912
4,3138.444,grad,21634534912
4,3139.737,grad,21653409280
4,3141.171,grad,21629652480
4,3142.806,grad,21630735872
4,3144.079,grad,21622603264
4,3145.472,grad,21576400384
4,3146.722,grad,21494283776
4,3148.576,grad,21443692032
4,3149.83,grad,21451943424
4,3151.463,grad,21407721984
4,3153.007,grad,21407721984
4,3154.312,grad,21426596352
4,3156.05,grad,21402839552
4,3157.748,grad,21403922944
4,3159.043,grad,21395790336
4,3160.391,grad,21349587456
4,3161.662,grad,21345065472
4,3163.422,grad,21216879104
4,3164.775,grad,21210450432
4,3166.535,grad,21180909568
4,3168.052,grad,21180909056
4,3169.351,grad,21199783424
4,3170.783,grad,21176026624
4,3172.441,grad,21177110016
4,3173.684,grad,21246572032
4,3175.065,grad,21122774528
4,3176.307,grad,21118252544
4,3178.121,grad,20990066176
4,3179.933,grad,20983637504
4,3181.664,grad,20954096640
4,3183.178,grad,20954096128
4,3184.451,grad,20972970496
4,3186.008,grad,20949213696
4,3187.642,grad,20950297088
4,3188.929,grad,20942164480
4,3190.291,grad,20895961600
4,3191.54,grad,20891439616
4,3193.288,grad,20763253248
4,3194.557,grad,20771504640
4,3196.302,grad,20726431744
4,3197.802,grad,20726431232
4,3199.115,grad,20745305600
4,3200.771,grad,20721548800
4,3202.477,grad,20722632192
4,3203.753,grad,20792094208
4,3205.126,grad,20668296704
4,3206.399,grad,20663774720
4,3208.219,grad,20535522816
4,3209.464,grad,20543774208
4,3211.136,grad,20499553280
4,3212.665,grad,20499552768
4,3213.956,grad,20518427136
4,3215.37,grad,20494670336
4,3217.208,grad,20495753728
4,3218.476,grad,20487621120
4,3219.718,grad,20441483776
4,3221.011,grad,20436961792
4,3222.79,grad,20309103104
4,3224.124,grad,20316961280
4,3226.125,grad,20273133568
4,3227.724,grad,20273133056
4,3228.988,grad,20291941888
4,3230.525,grad,20268250624
4,3232.238,grad,20269334016
4,3233.478,grad,20338796032
4,3234.811,grad,20214998528
4,3236.093,grad,20132881920
4,3237.966,grad,20082290176
4,3239.211,grad,20075861504
4,3240.888,grad,20046320128
4,3242.425,grad,20046320128
4,3243.721,grad,20065194496
4,3245.368,grad,20041437696
4,3247.155,grad,20042521088
4,3248.406,grad,20111983104
4,3249.709,grad,19988185600
4,3250.996,grad,19983663616
4,3252.738,grad,19855411712
4,3253.989,grad,19848983040
4,3255.631,grad,19819507200
4,3257.228,grad,19819441664
4,3258.51,grad,19838316032
4,3259.965,grad,19814559232
4,3261.611,grad,19815642624
4,3262.919,grad,19807575552
4,3264.182,grad,19761372672
4,3265.434,grad,19718053376
4,3266.684,grad,19643342336
4,3268.054,grad,19635938816
4,3269.313,grad,19622104576
4,3270.871,grad,19592628736
4,3272.529,grad,19592628736
4,3273.776,grad,19611437568
4,3275.307,grad,19587746304
4,3277.059,grad,19588829696
4,3278.298,grad,19580762624
4,3279.647,grad,19534559744
4,3280.891,grad,19491240448
4,3282.669,grad,19401785856
4,3283.916,grad,19395357184
4,3285.572,grad,19365815808
4,3287.253,grad,19365815808
4,3288.516,grad,19384624640
4,3290.269,grad,19360933376
4,3292.013,grad,19362016768
4,3293.27,grad,19353884160
4,3294.611,grad,19307681280
4,3295.875,grad,19303159296
4,3297.718,grad,19174972928
4,3298.978,grad,19168544256
4,3300.646,grad,19139068416
4,3302.217,grad,19139002880
4,3303.52,grad,19157877248
4,3304.952,grad,19134120448
4,3306.639,grad,19135203840
4,3307.894,grad,19127071232
4,3309.246,grad,19080868352
4,3310.496,grad,19076346368
4,3312.281,grad,18948160000
4,3313.533,grad,18956018176
4,3315.416,grad,18912189952
4,3317.057,grad,18912189952
4,3318.35,grad,18931064320
4,3319.778,grad,18907307520
4,3321.459,grad,18908390912
4,3322.72,grad,18900258304
4,3324.109,grad,18854055424
4,3325.357,grad,18849598976
4,3327.296,grad,18721412608
4,3328.561,grad,18729598464
4,3330.227,grad,18685443072
4,3331.736,grad,18685377024
4,3333.064,grad,18704251392
4,3334.771,grad,18680494592
4,3336.505,grad,18681577984
4,3337.795,grad,18673445376
4,3339.165,grad,18627242496
4,3340.414,grad,18583988736
4,3342.208,grad,18494599680
4,3343.46,grad,18502785536
4,3345.107,grad,18458629632
4,3346.648,grad,18458564096
4,3347.999,grad,18477438464
4,3349.451,grad,18453681664
4,3351.294,grad,18454765056
4,3352.581,grad,18446632448
4,3354.05,grad,18400429568
4,3355.35,grad,18333058560
4,3357.425,grad,18267786752
4,3358.761,grad,18275513856
4,3360.042,grad,18256049664
4,3361.376,grad,18231816704
4,3362.637,grad,18231751168
4,3363.896,grad,18247873024
4,3365.852,grad,18226868736
4,3367.688,grad,18227952128
4,3369.01,grad,18219819520
4,3370.248,grad,18173616640
4,3371.488,grad,18130297344
4,3372.734,grad,18048246272
4,3373.984,grad,18048313856
4,3375.224,grad,18034414080
4,3376.955,grad,18004938240
4,3378.566,grad,18004938240
4,3379.945,grad,18023681536
4,3381.852,grad,18000055808
4,3383.59,grad,18001139200
4,3384.832,grad,17993006592
4,3386.239,grad,17946803712
4,3387.485,grad,17910824448
4,3388.735,grad,17814158848
4,3390.103,grad,17821500928
4,3391.355,grad,17792921088
4,3392.642,grad,17778190848
4,3394.28,grad,17778125312
4,3395.543,grad,17796409856
4,3397.427,grad,17773242880
4,3399.336,grad,17774326272
4,3400.599,grad,17766193664
4,3402.038,grad,17719990784
4,3403.291,grad,17637874176
4,3405.241,grad,17587282432
4,3406.809,grad,17580853760
4,3408.638,grad,17551312384
4,3410.212,grad,17551312384
4,3411.475,grad,17569531392
4,3413.378,grad,17546429952
4,3415.247,grad,17547513344
4,3416.491,grad,17539380736
4,3417.772,grad,17493177856
4,3419.067,grad,17471878656
4,3420.32,grad,17413617152
4,3422.266,grad,17360469504
4,3423.543,grad,17346242048
4,3424.792,grad,17324566016
4,3426.108,grad,17317224960
4,3427.395,grad,17316897280
4,3428.651,grad,17335181824
4,3430.722,grad,17312014848
4,3432.017,grad,17302086144
4,3433.258,grad,17302086144
4,3434.5,grad,17302086144
4,3437.2,grad,17302085632
4,3438.542,grad,17302085632
4,3439.832,grad,17302085632
4,3441.109,grad,17302085632
4,3444.372,grad,17302085632
4,3449.536,grad,17302085632
4,3456.018,grad,17302093824
4,3462.434,grad,17302093824
4,3468.796,grad,17302093824
4,3473.581,grad,17302093824
4,3474.872,grad,17309440000
4,3477.089,grad,17309700096
4,3479.704,grad,17317040128
4,3480.983,grad,17326493696
4,3482.597,grad,17326477312
4,3483.933,grad,17342387200
4,3485.607,grad,17356084224
4,3486.874,grad,17416905728
4,3488.844,grad,17470514176
4,3491.326,grad,17548174336
4,3493.837,grad,17555518464
4,3495.15,grad,17564955648
4,3496.503,grad,17573344768
4,3497.756,grad,17617565696
4,3499.038,grad,17594497024
4,3500.301,grad,17655384064
4,3502.155,grad,17708926976
4,3504.369,grad,17786587136
4,3506.926,grad,17793931264
4,3508.216,grad,17803368448
4,3509.517,grad,17803368448
4,3510.8,grad,17841232896
4,3512.267,grad,17832909824
4,3513.521,grad,17893796864
4,3515.475,grad,17947339776
4,3517.613,grad,18024999936
4,3520.164,grad,18032344064
4,3521.487,grad,18041781248
4,3522.852,grad,18050170368
4,3524.165,grad,18094391296
4,3525.48,grad,18071322624
4,3526.733,grad,18132209664
4,3528.553,grad,18185752576
4,3529.807,grad,18338910208
4,3531.085,grad,18263412736
4,3533.611,grad,18270756864
4,3534.88,grad,18280194048
4,3536.212,grad,18288583168
4,3537.479,grad,18332804096
4,3538.762,grad,18309735424
4,3540.024,grad,18370622464
4,3541.848,grad,18424165376
4,3543.104,grad,18509165568
4,3544.4,grad,18509169664
4,3546.897,grad,18509169664
4,3548.16,grad,18518606848
4,3549.463,grad,18526995968
4,3550.724,grad,18571216896
4,3552.024,grad,18548148224
4,3553.302,grad,18609035264
4,3555.143,grad,18662578176
4,3557.33,grad,18740238336
4,3559.811,grad,18747582464
4,3561.089,grad,18757019648
4,3562.408,grad,18765408768
4,3563.658,grad,18809629696
4,3565.064,grad,18786561024
4,3566.333,grad,18847448064
4,3568.235,grad,18900990976
4,3570.437,grad,18978651136
4,3573.048,grad,18985995264
4,3574.299,grad,18995432448
4,3575.648,grad,19003821568
4,3577.027,grad,19033362432
4,3578.435,grad,19024973824
4,3579.706,grad,19085860864
4,3581.683,grad,19139403776
4,3582.967,grad,19217063936
4,3584.226,grad,19217063936
4,3586.75,grad,19224408064
4,3588.023,grad,19233845248
4,3589.364,grad,19242234368
4,3590.622,grad,19286455296
4,3591.938,grad,19263386624
4,3593.201,grad,19324273664
4,3595.067,grad,19377816576
4,3597.257,grad,19455476736
4,3599.726,grad,19462820864
4,3601.088,grad,19472258048
4,3602.382,grad,19479598080
4,3603.632,grad,19510122496
4,3605.102,grad,19501799424
4,3606.411,grad,19562686464
4,3608.402,grad,19616229376
4,3609.663,grad,19701229568
4,3611.689,grad,19701233664
4,3613.365,grad,19701233664
4,3614.652,grad,19710670848
4,3615.918,grad,19719059968
4,3617.177,grad,19748600832
4,3618.482,grad,19740212224
4,3619.964,grad,19747552256
4,3621.237,grad,19878693888
4,3623.074,grad,19854642176
4,3624.353,grad,19932302336
4,3626.347,grad,19939646464
4,3627.983,grad,19939646464
4,3629.239,grad,19949083648
4,3630.578,grad,19957472768
4,3631.869,grad,20001693696
4,3633.164,grad,19978625024
4,3634.419,grad,20039512064
4,3636.328,grad,20093054976
4,3638.672,grad,20170715136
4,3641.18,grad,20178059264
4,3642.449,grad,20187889664
4,3643.782,grad,20196278784
4,3645.063,grad,20240499712
4,3646.345,grad,20217037824
4,3647.604,grad,20278318080
4,3649.472,grad,20331860992
4,3651.611,grad,20409521152
4,3654.144,grad,20416865280
4,3655.557,grad,20426302464
4,3656.828,grad,20433642496
4,3658.11,grad,20464166912
4,3659.522,grad,20455843840
4,3660.781,grad,20516730880
4,3662.663,grad,20570273792
4,3663.947,grad,20655273984
4,3665.216,grad,20655278080
4,3667.578,grad,20655278080
4,3668.841,grad,20664715264
4,3670.101,grad,20673104384
4,3671.367,grad,20702645248
4,3672.965,grad,20694256640
4,3674.261,grad,20755143680
4,3676.182,grad,20808686592
4,3677.459,grad,20893686784
4,3678.714,grad,20893690880
4,3681.072,grad,20893690880
4,3682.343,grad,20903128064
4,3683.715,grad,20911517184
4,3684.981,grad,20941058048
4,3686.288,grad,20932669440
4,3687.539,grad,20993556480
4,3689.479,grad,21047099392
4,3690.743,grad,21132099584
4,3692.071,grad,21124759552
4,3694.573,grad,21132103680
4,3695.832,grad,21141540864
4,3697.207,grad,21150781952
4,3698.47,grad,21180322816
4,3699.711,grad,21171934208
4,3701.004,grad,21232821248
4,3702.981,grad,21286364160
4,3704.314,grad,21424841728
4,3705.616,grad,21364024320
4,3708.291,grad,21371368448
4,3709.767,grad,21380805632
4,3711.048,grad,21380805632
4,3712.351,grad,21403990016
4,3713.957,grad,21410347008
4,3715.226,grad,21471168512
4,3717.298,grad,21524776960
4,3718.574,grad,21648574464
4,3719.94,grad,21609781248
4,3722.344,grad,21609781248
4,3723.643,grad,21619218432
4,3724.924,grad,21619218432
4,3726.179,grad,21642402816
4,3727.881,grad,21648759808
4,3729.153,grad,21709581312
4,3731.228,grad,21763189760
4,3732.514,grad,21848189952
4,3733.81,grad,21848194048
4,3736.242,grad,21848194048
4,3737.502,grad,21857631232
4,3738.76,grad,21864971264
4,3740.02,grad,21895495680
4,3741.591,grad,21887172608
4,3742.88,grad,21948059648
4,3744.793,grad,22001602560
4,3746.059,grad,22125400064
4,3747.466,grad,22079262720
4,3750.016,grad,22086606848
4,3751.276,grad,22096044032
4,3752.554,grad,22096044032
4,3753.839,grad,22133908480
4,3755.429,grad,22125585408
4,3756.68,grad,22186472448
4,3758.633,grad,22240015360
4,3759.89,grad,22371152896
4,3761.134,grad,22317675520
4,3763.675,grad,22325019648
4,3765.111,grad,22334456832
4,3766.378,grad,22334456832
4,3767.677,grad,22357641216
4,3769.313,grad,22363998208
4,3770.593,grad,22424885248
4,3772.564,grad,22478428160
4,3773.839,grad,22556088320
4,3775.151,grad,22563432448
4,3777.577,grad,22563432448
4,3778.849,grad,22572869632
4,3780.156,grad,22572869632
4,3781.456,grad,22596054016
4,3783.108,grad,22602411008
4,3784.433,grad,22663232512
4,3786.494,grad,22716840960
4,3787.758,grad,22840638464
4,3789.023,grad,22801845248
4,3791.494,grad,22801845248
4,3792.775,grad,22811282432
4,3794.082,grad,22818622464
4,3795.343,grad,22849146880
4,3796.825,grad,22840823808
4,3798.104,grad,22901645312
4,3800.177,grad,22955253760
4,3801.464,grad,23079051264
4,3802.842,grad,23032913920
4,3805.497,grad,23040372736
4,3806.776,grad,23049695232
4,3808.106,grad,23057035264
4,3809.375,grad,23072879616
4,3810.968,grad,23079236608
4,3812.264,grad,23140058112
4,3814.35,grad,23193666560
4,3815.605,grad,23324804096
4,3816.925,grad,23278670848
4,3819.46,grad,23278670848
4,3820.923,grad,23288108032
4,3822.184,grad,23288108032
4,3823.475,grad,23311292416
4,3825.054,grad,23317649408
4,3826.315,grad,23378470912
4,3828.371,grad,23432079360
4,3829.631,grad,23509739520
4,3830.919,grad,23517083648
4,3833.373,grad,23517083648
4,3834.636,grad,23526520832
4,3835.936,grad,23533860864
4,3837.194,grad,23564385280
4,3839.482,grad,23556062208
4,3840.76,grad,23616883712
4,3842.763,grad,23670492160
4,3844.069,grad,23794289664
4,3845.38,grad,23755496448
4,3847.759,grad,23755496448
4,3849.045,grad,23764933632
4,3850.389,grad,23773322752
4,3851.644,grad,23817543680
4,3852.939,grad,23794475008
4,3854.219,grad,23855362048
4,3856.132,grad,23908904960
4,3857.387,grad,24047382528
4,3858.677,grad,23993909248
4,3860.53,grad,24920855040
4,3861.787,grad,24920881664
4,3864.115,grad,24913516032
4,3865.4,grad,24602089472
4,3866.652,grad,24602089472
4,3867.894,grad,24602089472
4,3869.322,grad,24602091008
4,3871.171,grad,23990754304
4,3872.505,grad,23989437440
4,3873.937,grad,23943234560
4,3875.204,grad,23938712576
4,3877.104,grad,23810460672
4,3878.36,grad,23804032000
4,3880.225,grad,23774490624
4,3881.822,grad,23774490624
4,3883.093,grad,23793299456
4,3884.586,grad,23769608192
4,3885.872,grad,23767021568
4,3887.147,grad,23767021568
4,3889.015,grad,23716356096
4,3890.273,grad,23673102336
4,3891.522,grad,23590985728
4,3892.869,grad,23590987776
4,3894.135,grad,23562473472
4,3895.389,grad,23547677696
4,3896.974,grad,23547677696
4,3898.533,grad,23566486528
4,3900.153,grad,23542795264
4,3902.002,grad,23543878656
4,3903.285,grad,23536139264
4,3904.578,grad,23489936384
4,3905.84,grad,23446617088
4,3907.106,grad,23357160448
4,3908.351,grad,23364502528
4,3909.625,grad,23350668288
4,3911.356,grad,23321192960
4,3912.922,grad,23321192448
4,3914.181,grad,23339935744
4,3915.804,grad,23316310016
4,3917.53,grad,23317393408
4,3918.788,grad,23309260800
4,3920.205,grad,23263057920
4,3921.483,grad,23188281344
4,3923.413,grad,23130349568
4,3924.704,grad,23123920896
4,3926.463,grad,23094379520
4,3928.078,grad,23094379520
4,3929.4,grad,23113122816
4,3931.34,grad,23089497088
4,3933.1,grad,23090580480
4,3934.355,grad,23082447872
4,3935.747,grad,23036244992
4,3937.057,grad,23031723008
4,3938.794,grad,22903536640
4,3940.076,grad,22897107968
4,3941.967,grad,22867566592
4,3943.545,grad,22867566592
4,3944.883,grad,22886309888
4,3946.524,grad,22862684160
4,3948.332,grad,22863767552
4,3949.581,grad,22933229568
4,3950.979,grad,22809432064
4,3952.234,grad,22741995520
4,3954.393,grad,22676723712
4,3955.668,grad,22684975104
4,3957.389,grad,22640753664
4,3958.967,grad,22640753664
4,3960.244,grad,22659562496
4,3961.875,grad,22635871232
4,3963.75,grad,22636954624
4,3965.018,grad,22628822016
4,3966.452,grad,22582619136
4,3967.713,grad,22539299840
4,3969.612,grad,22449910784
4,3970.883,grad,22443482112
4,3972.756,grad,22413940736
4,3974.527,grad,22413940736
4,3975.854,grad,22432684032
4,3977.764,grad,22409058304
4,3979.472,grad,22410141696
4,3980.727,grad,22402009088
4,3982.009,grad,22355806208
4,3983.266,grad,22312486912
4,3984.531,grad,22223097856
4,3985.831,grad,22230437888
4,3987.109,grad,22201923584
4,3988.408,grad,22187127808
4,3990.021,grad,22187127808
4,3991.272,grad,22205412352
4,3993.105,grad,22182245376
4,3994.89,grad,22183328768
4,3996.176,grad,22175196160
4,3997.518,grad,22128993280
4,3998.782,grad,22085673984
4,4000.039,grad,21996217344
4,4001.29,grad,22003559424
4,4002.572,grad,22004470784
4,4004.257,grad,21960249344
4,4005.802,grad,21960249344
4,4007.136,grad,21979451392
4,4008.798,grad,21955366912
4,4010.504,grad,21956450304
4,4011.871,grad,21948317696
4,4013.164,grad,21902114816
4,4014.407,grad,21858795520
4,4015.651,grad,21784084480
4,4017.081,grad,21776746496
4,4018.347,grad,21748232192
4,4019.621,grad,21733436416
4,4021.235,grad,21733436416
4,4022.492,grad,21751655424
4,4024.534,grad,21728553984
4,4026.25,grad,21729637376
4,4027.517,grad,21799099392
4,4028.868,grad,21675301888
4,4030.123,grad,21631982592
4,4031.986,grad,21542593536
4,4033.266,grad,21536164864
4,4034.981,grad,21506623488
4,4036.535,grad,21506623488
4,4037.84,grad,21525497856
4,4039.316,grad,21501741056
4,4041.08,grad,21502824448
4,4042.359,grad,21494691840
4,4043.784,grad,21448488960
4,4045.05,grad,21443966976
4,4046.837,grad,21315780608
4,4048.11,grad,21323638784
4,4050.045,grad,21278958592
4,4051.581,grad,21278958592
4,4052.929,grad,21297832960
4,4054.381,grad,21274076160
4,4056.118,grad,21275159552
4,4057.395,grad,21344621568
4,4058.841,grad,21220824064
4,4060.12,grad,21177504768
4,4062.011,grad,21088050176
4,4063.38,grad,21081621504
4,4065.328,grad,21052080128
4,4066.979,grad,21052080128
4,4068.282,grad,21070954496
4,4070.025,grad,21047197696
4,4071.741,grad,21048281088
4,4073.054,grad,21040214016
4,4074.445,grad,20994011136
4,4075.696,grad,20950691840
4,4077.485,grad,20861630464
4,4078.751,grad,20855201792
4,4080.473,grad,20825660416
4,4082.123,grad,20825660416
4,4083.412,grad,20844469248
4,4085.007,grad,20820777984
4,4086.74,grad,20821861376
4,4088.046,grad,20813728768
4,4089.444,grad,20767525888
4,4090.696,grad,20763003904
4,4092.554,grad,20634817536
4,4093.82,grad,20642675712
4,4095.751,grad,20598847488
4,4097.334,grad,20598847488
4,4098.616,grad,20617721856
4,4100.094,grad,20593965056
4,4101.768,grad,20595048448
4,4103.095,grad,20586915840
4,4104.45,grad,20540712960
4,4105.705,grad,20536190976
4,4107.473,grad,20407939072
4,4108.739,grad,20401117184
4,4110.509,grad,20371641344
4,4112.137,grad,20371575808
4,4113.398,grad,20390384640
4,4115.403,grad,20366693376
4,4117.189,grad,20367776768
4,4118.457,grad,20437304320
4,4119.785,grad,20313506816
4,4121.05,grad,20308984832
4,4122.894,grad,20180732928
4,4124.161,grad,20174304256
4,4125.869,grad,20144828416
4,4127.399,grad,20144762880
4,4128.674,grad,20163702784
4,4130.096,grad,20139880448
4,4131.748,grad,20140963840
4,4133.085,grad,20132896768
4,4134.456,grad,20086693888
4,4135.713,grad,20082171904
4,4137.435,grad,19953920000
4,4138.691,grad,19947098112
4,4140.58,grad,19918015488
4,4142.134,grad,19917949952
4,4143.398,grad,19936758784
4,4144.937,grad,19913067520
4,4146.581,grad,19914150912
4,4147.834,grad,19983612928
4,4149.176,grad,19859815424
4,4150.433,grad,19855293440
4,4152.237,grad,19727107072
4,4153.493,grad,19735358464
4,4155.231,grad,19691137024
4,4156.874,grad,19691137024
4,4158.161,grad,19710011392
4,4159.878,grad,19686254592
4,4161.603,grad,19687337984
4,4162.875,grad,19679205376
4,4164.137,grad,19633002496
4,4165.409,grad,19589683200
4,4166.659,grad,19500294144
4,4167.947,grad,19507634176
4,4169.207,grad,19479119872
4,4170.56,grad,19464390144
4,4172.001,grad,19464324096
4,4173.249,grad,19483132928
4,4174.847,grad,19459441664
4,4176.638,grad,19460525056
4,4177.918,grad,19452392448
4,4179.32,grad,19406189568
4,4180.577,grad,19362935808
4,4182.385,grad,19273546752
4,4183.641,grad,19281339392
4,4184.91,grad,19237576704
4,4186.16,grad,19237576704
4,4187.413,grad,19266871296
4,4188.71,grad,19256385536
4,4190.296,grad,19232628736
4,4192.102,grad,19233712128
4,4193.405,grad,19225579520
4,4194.82,grad,19179376640
4,4196.103,grad,19174920192
4,4197.968,grad,19046733824
4,4199.229,grad,19054919680
4,4200.979,grad,19010698240
4,4202.521,grad,19010698240
4,4203.774,grad,19029507072
4,4205.605,grad,19005815808
4,4207.366,grad,19006899200
4,4208.631,grad,19076361216
4,4210.007,grad,18952563712
4,4211.278,grad,18948041728
4,4213.077,grad,18819855360
4,4214.363,grad,18813426688
4,4216.106,grad,18783885312
4,4217.716,grad,18783885312
4,4219.091,grad,18802759680
4,4220.586,grad,18779002880
4,4222.317,grad,18780086272
4,4223.588,grad,18771953664
4,4225.009,grad,18725750784
4,4226.284,grad,18721228800
4,4228.163,grad,18593042432
4,4229.434,grad,18600835072
4,4230.717,grad,18564528128
4,4232.059,grad,18557072384
4,4233.347,grad,18571752448
4,4234.72,grad,18575946752
4,4236.201,grad,18552189952
4,4237.954,grad,18553273344
4,4239.223,grad,18545140736
4,4240.569,grad,18498937856
4,4241.847,grad,18455618560
4,4243.123,grad,18380973056
4,4244.562,grad,18373635072
4,4245.85,grad,18345055232
4,4247.261,grad,18330324992
4,4248.896,grad,18330259456
4,4250.186,grad,18349068288
4,4252.012,grad,18325377024
4,4253.755,grad,18326460416
4,4255.069,grad,18318327808
4,4256.477,grad,18272124928
4,4257.752,grad,18267602944
4,4259.516,grad,18139416576
4,4260.778,grad,18147667968
4,4262.592,grad,18103512576
4,4264.32,grad,18103446528
4,4265.64,grad,18122320896
4,4267.176,grad,18098564096
4,4268.962,grad,18099647488
4,4270.22,grad,18091514880
4,4271.5,grad,18045312000
4,4272.753,grad,18016672768
4,4274.001,grad,17958738944
4,4275.483,grad,17920009216
4,4276.761,grad,17913449472
4,4278.306,grad,17876633600
4,4279.881,grad,17876633600
4,4281.225,grad,17895507968
4,4282.681,grad,17871751168
4,4284.417,grad,17872834560
4,4285.668,grad,17942296576
4,4286.997,grad,17818499072
4,4288.253,grad,17813977088
4,4290.092,grad,17685790720
4,4291.357,grad,17672022016
4,4293.143,grad,17642415616
4,4294.795,grad,17642152960
4,4296.116,grad,17661027328
4,4297.852,grad,17637270528
4,4299.133,grad,17627341824
4,4300.381,grad,17627341824
4,4301.627,grad,17627341824
4,4304.112,grad,17627341312
4,4305.394,grad,17627341312
4,4306.682,grad,17627341312
4,4307.979,grad,17627341312
4,4311.295,grad,17627341312
4,4315.879,grad,17627341312
4,4322.25,grad,17627349504
4,4328.647,grad,17627349504
4,4335.033,grad,17627349504
4,4339.829,grad,17627349504
4,4341.111,grad,17634826752
4,4342.885,grad,17634955776
4,4345.521,grad,17642295808
4,4346.789,grad,17651732992
4,4348.091,grad,17651732992
4,4349.353,grad,17674982912
4,4350.932,grad,17681339904
4,4352.194,grad,17742161408
4,4354.191,grad,17834567168
4,4356.609,grad,17873430016
4,4359.144,grad,17880839680
4,4360.423,grad,17890276864
4,4361.687,grad,17898665472
4,4362.958,grad,17928141312
4,4364.383,grad,17919818240
4,4365.645,grad,17980705280
4,4367.55,grad,18034248192
4,4369.763,grad,18111908352
4,4372.353,grad,18119252480
4,4373.624,grad,18128689664
4,4375.002,grad,18136029696
4,4376.281,grad,18166554112
4,4377.714,grad,18158231040
4,4378.997,grad,18219118080
4,4380.877,grad,18272660992
4,4382.144,grad,18357661184
4,4383.441,grad,18357665280
4,4385.847,grad,18357665280
4,4387.128,grad,18367102464
4,4388.458,grad,18375491584
4,4389.717,grad,18419712512
4,4390.979,grad,18396643840
4,4392.243,grad,18457530880
4,4394.166,grad,18511073792
4,4395.435,grad,18664231424
4,4396.698,grad,18588733952
4,4399.251,grad,18596078080
4,4400.511,grad,18605515264
4,4401.883,grad,18613904384
4,4403.148,grad,18643445248
4,4404.528,grad,18635056640
4,4405.779,grad,18695943680
4,4407.607,grad,18749486592
4,4408.897,grad,18834486784
4,4410.202,grad,18834490880
4,4412.809,grad,18834490880
4,4414.116,grad,18843928064
4,4415.458,grad,18852317184
4,4416.713,grad,18896538112
4,4418.011,grad,18873469440
4,4419.28,grad,18934356480
4,4421.16,grad,18987899392
4,4422.429,grad,19072899584
4,4423.692,grad,19072903680
4,4426.113,grad,19072903680
4,4427.384,grad,19082340864
4,4428.709,grad,19090729984
4,4430.006,grad,19134950912
4,4431.388,grad,19111882240
4,4432.672,grad,19172703744
4,4434.646,grad,19226312192
4,4435.915,grad,19311312384
4,4437.924,grad,19311316480
4,4439.543,grad,19311316480
4,4440.804,grad,19320753664
4,4442.077,grad,19328093696
4,4443.355,grad,19358618112
4,4444.929,grad,19350295040
4,4446.191,grad,19411182080
4,4448.082,grad,19464724992
4,4450.44,grad,19542385152
4,4453.046,grad,19549729280
4,4454.313,grad,19559166464
4,4455.614,grad,19567555584
4,4456.898,grad,19611776512
4,4458.172,grad,19588707840
4,4459.431,grad,19727189504
4,4461.233,grad,19703137792
4,4462.489,grad,19780797952
4,4463.806,grad,19788142080
4,4466.152,grad,19788142080
4,4467.527,grad,19797579264
4,4468.819,grad,19804919296
4,4470.105,grad,19835443712
4,4471.541,grad,19827120640
4,4472.805,grad,19887942144
4,4474.89,grad,19941550592
4,4476.16,grad,20019210752
4,4477.455,grad,20026554880
4,4479.813,grad,20026554880
4,4481.102,grad,20035992064
4,4482.484,grad,20044381184
4,4483.749,grad,20073922048
4,4485.054,grad,20065533440
4,4486.311,grad,20111674880
4,4488.391,grad,20179963392
4,4490.576,grad,20257623552
4,4491.886,grad,20264967680
4,4493.369,grad,20264967680
4,4494.631,grad,20274404864
4,4496.009,grad,20282793984
4,4497.265,grad,20312334848
4,4498.571,grad,20303946240
4,4499.835,grad,20364833280
4,4501.926,grad,20418376192
4,4503.203,grad,20542173696
4,4504.58,grad,20496036352
4,4507.175,grad,20503380480
4,4508.461,grad,20512817664
4,4509.813,grad,20521206784
4,4511.103,grad,20565427712
4,4512.442,grad,20549699072
4,4513.714,grad,20603246080
4,4515.588,grad,20656788992
4,4517.792,grad,20734449152
4,4520.332,grad,20741793280
4,4522.595,grad,20751230464
4,4523.886,grad,20751230464
4,4525.203,grad,20789094912
4,4526.631,grad,20780771840
4,4527.905,grad,20841658880
4,4529.789,grad,20895201792
4,4532.019,grad,20980201984
4,4534.537,grad,20980206080
4,4535.829,grad,20989643264
4,4537.221,grad,20998032384
4,4538.484,grad,21027573248
4,4539.905,grad,21019184640
4,4541.18,grad,21080071680
4,4543.141,grad,21172411904
4,4545.302,grad,21211274752
4,4547.807,grad,21218618880
4,4550.01,grad,21228056064
4,4551.28,grad,21265920512
4,4552.691,grad,21257597440
4,4553.964,grad,21318484480
4,4555.818,grad,21372027392
4,4558.175,grad,21449687552
4,4560.678,grad,21457031680
4,4561.977,grad,21466468864
4,4563.291,grad,21474857472
4,4564.553,grad,21504398848
4,4565.873,grad,21496010240
4,4567.139,grad,21556897280
4,4569.037,grad,21610440192
4,4570.311,grad,21695440384
4,4571.677,grad,21695444480
4,4574.187,grad,21695444480
4,4575.612,grad,21704881664
4,4576.954,grad,21704881664
4,4578.256,grad,21742746112
4,4579.69,grad,21734423040
4,4580.964,grad,21795310080
4,4582.833,grad,21848852992
4,4584.13,grad,21933853184
4,4585.438,grad,21933857280
4,4587.885,grad,21933857280
4,4589.175,grad,21944146432
4,4590.494,grad,21952535552
4,4591.746,grad,21996756480
4,4593.139,grad,21972835840
4,4594.41,grad,22034574848
4,4596.305,grad,22088117760
4,4598.527,grad,22173117952
4,4601.022,grad,22173122048
4,4603.176,grad,22182559232
4,4604.452,grad,22205743616
4,4606.081,grad,22219440640
4,4607.382,grad,22272987648
4,4609.295,grad,22326530560
4,4611.632,grad,22411530752
4,4614.224,grad,22411534848
4,4615.503,grad,22420972032
4,4616.811,grad,22429361152
4,4618.074,grad,22473582080
4,4619.341,grad,22457853440
4,4620.597,grad,22588995072
4,4622.402,grad,22564943360
4,4624.622,grad,22642603520
4,4627.133,grad,22649947648
4,4628.508,grad,22659384832
4,4629.842,grad,22666724864
4,4631.153,grad,22697314816
4,4632.483,grad,22688926208
4,4633.78,grad,22749813248
4,4635.704,grad,22803356160
4,4637.837,grad,22881016320
4,4639.172,grad,22888360448
4,4640.616,grad,22888360448
4,4641.892,grad,22897797632
4,4643.274,grad,22906186752
4,4644.566,grad,22950407680
4,4645.98,grad,22927339008
4,4647.26,grad,22988226048
4,4649.134,grad,23041768960
4,4651.266,grad,23119429120
4,4653.804,grad,23126773248
4,4655.151,grad,23136210432
4,4656.442,grad,23144599552
4,4657.737,grad,23188820480
4,4659.021,grad,23180431872
4,4660.285,grad,23304233472
4,4662.082,grad,23280181760
4,4664.403,grad,23357841920
4,4666.876,grad,23365186048
4,4669.026,grad,23374623232
4,4670.325,grad,23412487680
4,4671.712,grad,23404164608
4,4673.022,grad,23464986112
4,4675.153,grad,23518594560
4,4676.464,grad,23649732096
4,4677.764,grad,23596254720
4,4680.315,grad,23603598848
4,4681.766,grad,23613036032
4,4683.053,grad,23613036032
4,4684.377,grad,23636220416
4,4686.014,grad,23642577408
4,4687.291,grad,23703398912
4,4689.376,grad,23757007360
4,4690.623,grad,23842007552
4,4691.921,grad,23842011648
4,4694.473,grad,23842126336
4,4695.77,grad,23851448832
4,4697.194,grad,23859837952
4,4698.511,grad,23904058880
4,4700.058,grad,23888330240
4,4701.348,grad,23941877248
4,4703.253,grad,23995420160
4,4704.511,grad,24148577792
4,4705.829,grad,24073080320
4,4708.37,grad,24080424448
4,4709.642,grad,24089861632
4,4710.953,grad,24098250240
4,4712.282,grad,24127726080
4,4713.873,grad,24126743040
4,4715.172,grad,24180290048
4,4717.277,grad,24233832960
4,4718.581,grad,24311493120
4,4719.884,grad,24318837248
4,4721.669,grad,25245783040
4,4722.923,grad,25245801984
4,4725.161,grad,25238444032
4,4726.413,grad,24927017472
4,4727.645,grad,24927017472
4,4728.896,grad,24927017472
4,4730.315,grad,24927019008
4,4732.053,grad,24315682304
4,4733.345,grad,24314430976
4,4734.732,grad,24268228096
4,4735.987,grad,24263771648
4,4737.854,grad,24135519744
4,4739.128,grad,24129091072
4,4740.885,grad,24099549696
4,4742.442,grad,24099549696
4,4743.676,grad,24118358528
4,4745.186,grad,24094667264
4,4746.905,grad,24101892608
4,4748.253,grad,24095750656
4,4749.496,grad,24126349824
4,4750.75,grad,24002617856
4,4752.014,grad,24037286400
4,4753.652,grad,23909034496
4,4754.891,grad,23902605824
4,4756.566,grad,23873064448
4,4758.179,grad,23873064448
4,4759.412,grad,23891873280
4,4760.943,grad,23868182016
4,4762.607,grad,23869265408
4,4763.949,grad,23861526016
4,4765.349,grad,23815323136
4,4766.609,grad,23810801152
4,4768.42,grad,23682942464
4,4769.922,grad,23676513792
4,4771.673,grad,23646972416
4,4773.231,grad,23646972416
4,4774.549,grad,23665846784
4,4775.976,grad,23642089984
4,4777.658,grad,23643173376
4,4778.949,grad,23635040768
4,4780.293,grad,23588837888
4,4781.538,grad,23584315904
4,4783.281,grad,23456064000
4,4784.542,grad,23464315392
4,4786.22,grad,23420093952
4,4787.774,grad,23420093952
4,4789.068,grad,23438902784
4,4790.783,grad,23415211520
4,4792.494,grad,23417212416
4,4793.754,grad,23485756928
4,4795.098,grad,23361959424
4,4796.344,grad,23318640128
4,4798.176,grad,23229185536
4,4799.433,grad,23237436928
4,4801.117,grad,23193216000
4,4802.613,grad,23193215488
4,4803.935,grad,23212089856
4,4805.343,grad,23188333056
4,4807.022,grad,23189416448
4,4808.317,grad,23181283840
4,4809.701,grad,23135080960
4,4810.983,grad,23091761664
4,4812.799,grad,23002765824
4,4814.335,grad,22995943936
4,4816.122,grad,22966403072
4,4817.645,grad,22966402560
4,4818.923,grad,22985211392
4,4820.465,grad,22961520128
4,4822.147,grad,22962603520
4,4823.404,grad,22954470912
4,4824.772,grad,22908268032
4,4826.044,grad,22903746048
4,4827.773,grad,22775494144
4,4829.087,grad,22769065472
4,4830.794,grad,22739524608
4,4832.309,grad,22739524096
4,4833.547,grad,22758332928
4,4835.289,grad,22734641664
4,4837.02,grad,22735725056
4,4838.302,grad,22727592448
4,4839.67,grad,22681389568
4,4840.932,grad,22638070272
4,4842.695,grad,22548681216
4,4844.003,grad,22542252544
4,4845.689,grad,22512711168
4,4847.236,grad,22512711168
4,4848.478,grad,22531520000
4,4850.034,grad,22507828736
4,4851.712,grad,22508912128
4,4852.994,grad,22500779520
4,4854.382,grad,22454576640
4,4855.656,grad,22450054656
4,4857.385,grad,22321802752
4,4858.637,grad,22329660928
4,4859.902,grad,22305347072
4,4861.152,grad,22285833216
4,4862.663,grad,22285832704
4,4863.912,grad,22304576000
4,4865.528,grad,22280950272
4,4867.255,grad,22282033664
4,4868.586,grad,22273049088
4,4870.057,grad,22226846208
4,4871.31,grad,22183526912
4,4873.232,grad,22094137856
4,4874.508,grad,22087709184
4,4876.32,grad,22058168320
4,4877.907,grad,22058167808
4,4879.151,grad,22076452352
4,4881.141,grad,22053285376
4,4882.793,grad,22054368768
4,4884.074,grad,22046236160
4,4885.458,grad,22000033280
4,4886.709,grad,21996363264
4,4888.43,grad,21867324928
4,4889.705,grad,21860896256
4,4891.388,grad,21831354880
4,4892.974,grad,21831354880
4,4894.224,grad,21850229248
4,4895.661,grad,21826472448
4,4897.421,grad,21827555840
4,4898.666,grad,21819423232
4,4899.969,grad,21773220352
4,4901.243,grad,21729901056
4,4902.492,grad,21640512000
4,4903.838,grad,21647852032
4,4905.138,grad,21634017792
4,4906.742,grad,21604542464
4,4908.288,grad,21604541952
4,4909.532,grad,21623350784
4,4911.037,grad,21599659520
4,4912.742,grad,21600742912
4,4913.997,grad,21592610304
4,4915.354,grad,21546407424
4,4916.607,grad,21503088128
4,4918.439,grad,21413699072
4,4919.697,grad,21407270400
4,4921.5,grad,21377729024
4,4923.058,grad,21377729024
4,4924.308,grad,21396537856
4,4926.105,grad,21372846592
4,4927.804,grad,21373929984
4,4929.134,grad,21365797376
4,4930.541,grad,21319594496
4,4931.799,grad,21315072512
4,4933.563,grad,21186886144
4,4934.823,grad,21195137536
4,4936.501,grad,21150916096
4,4938.117,grad,21150916096
4,4939.442,grad,21169790464
4,4940.899,grad,21146033664
4,4942.622,grad,21147117056
4,4943.913,grad,21138984448
4,4945.271,grad,21092781568
4,4946.526,grad,21088259584
4,4948.307,grad,20960073216
4,4949.84,grad,20953644544
4,4951.597,grad,20924103168
4,4953.199,grad,20924103168
4,4954.476,grad,20942977536
4,4955.951,grad,20919220736
4,4957.603,grad,20920304128
4,4958.866,grad,20912171520
4,4960.137,grad,20865968640
4,4961.398,grad,20829989376
4,4963.342,grad,20733260288
4,4964.6,grad,20741511680
4,4966.322,grad,20697290240
4,4967.894,grad,20697290240
4,4969.149,grad,20716164608
4,4970.936,grad,20692407808
4,4972.658,grad,20693491200
4,4973.943,grad,20685358592
4,4975.3,grad,20639155712
4,4976.567,grad,20595836416
4,4978.351,grad,20506447360
4,4979.6,grad,20500018688
4,4981.308,grad,20470477312
4,4982.833,grad,20470477312
4,4984.121,grad,20489351680
4,4985.58,grad,20465594880
4,4987.326,grad,20466678272
4,4988.598,grad,20536074752
4,4990.006,grad,20412342784
4,4991.28,grad,20407820800
4,4993.106,grad,20279634432
4,4994.601,grad,20273205760
4,4996.297,grad,20243664384
4,4997.829,grad,20243664384
4,4999.103,grad,20262538752
4,5000.596,grad,20238781952
4,5002.252,grad,20239865344
4,5003.501,grad,20309327360
4,5004.789,grad,20185529856
4,5006.082,grad,20181007872
4,5007.948,grad,20052821504
4,5009.251,grad,20061072896
4,5011.024,grad,20016851456
4,5012.601,grad,20016851456
4,5013.903,grad,20035791360
4,5015.749,grad,20011969024
4,5017.454,grad,20013052416
4,5018.716,grad,20004919808
4,5020.148,grad,19958716928
4,5021.44,grad,19876600320
4,5023.397,grad,19826008576
4,5024.661,grad,19819579904
4,5026.336,grad,19790038528
4,5027.915,grad,19790038528
4,5029.178,grad,19808912896
4,5030.637,grad,19785156096
4,5032.435,grad,19786239488
4,5033.697,grad,19778106880
4,5035.098,grad,19731904000
4,5036.351,grad,19727382016
4,5038.1,grad,19599195648
4,5039.355,grad,19607053824
4,5040.602,grad,19563226112
4,5041.851,grad,19563225600
4,5043.131,grad,19592651264
4,5044.58,grad,19557851648
4,5045.832,grad,19565683200
4,5047.398,grad,19559426560
4,5048.655,grad,19628888576
4,5049.984,grad,19505091072
4,5051.236,grad,19422974464
4,5053.116,grad,19372382720
4,5054.371,grad,19380634112
4,5056.036,grad,19336412672
4,5057.663,grad,19336412672
4,5058.922,grad,19355221504
4,5060.726,grad,19331530240
4,5062.467,grad,19332613632
4,5063.748,grad,19324481024
4,5065.132,grad,19278278144
4,5066.389,grad,19273756160
4,5068.141,grad,19145569792
4,5069.394,grad,19153821184
4,5071.172,grad,19109599744
4,5072.806,grad,19109599744
4,5074.129,grad,19128474112
4,5075.593,grad,19104717312
4,5077.443,grad,19105800704
4,5078.698,grad,19097668096
4,5079.993,grad,19051465216
4,5081.238,grad,19015485952
4,5082.473,grad,18926094848
4,5083.922,grad,18926096896
4,5085.211,grad,18919602688
4,5086.743,grad,18882786816
4,5088.327,grad,18882786816
4,5089.622,grad,18901661184
4,5091.175,grad,18877904384
4,5092.875,grad,18878987776
4,5094.149,grad,18870855168
4,5095.428,grad,18824652288
4,5096.668,grad,18796013056
4,5097.915,grad,18738079232
4,5099.19,grad,18699283968
4,5100.446,grad,18692789760
4,5102.213,grad,18655973888
4,5103.8,grad,18655973888
4,5105.081,grad,18674782720
4,5106.952,grad,18651091456
4,5108.668,grad,18652174848
4,5109.98,grad,18644042240
4,5111.375,grad,18597839360
4,5112.646,grad,18554520064
4,5114.484,grad,18465131008
4,5115.74,grad,18473382400
4,5117.402,grad,18429160960
4,5119.034,grad,18429160960
4,5120.316,grad,18448035328
4,5121.842,grad,18424278528
4,5123.61,grad,18425361920
4,5124.877,grad,18417229312
4,5126.283,grad,18371026432
4,5127.54,grad,18366504448
4,5129.328,grad,18238318080
4,5130.605,grad,18231430656
4,5132.508,grad,18202348544
4,5134.034,grad,18202348032
4,5135.342,grad,18221222400
4,5136.832,grad,18197400064
4,5138.484,grad,18198483456
4,5139.756,grad,18267945472
4,5141.196,grad,18144147968
4,5142.473,grad,18100828672
4,5144.29,grad,18011439616
4,5145.549,grad,17997605376
4,5147.304,grad,17968064000
4,5148.89,grad,17967801856
4,5150.172,grad,17986676224
4,5151.982,grad,17962919424
4,5153.261,grad,17952990720
4,5154.513,grad,17952990720
4,5155.757,grad,17952990720
4,5158.329,grad,17952990208
4,5159.75,grad,17952990208
4,5161.204,grad,17952990208
4,5165.29,grad,17952990208
4,5170.012,grad,17952990208
4,5176.383,grad,17952998400
4,5182.741,grad,17952998400
4,5189.111,grad,17952998400
4,5193.152,grad,17952998400
4,5194.427,grad,17960737792
4,5196.067,grad,17960604672
4,5198.681,grad,17967944704
4,5199.968,grad,17977381888
4,5201.245,grad,17977381888
4,5202.526,grad,18000566272
4,5204.03,grad,18006923264
4,5205.291,grad,18067810304
4,5207.195,grad,18121353216
4,5208.45,grad,18199013376
4,5210.352,grad,18199013376
4,5212.963,grad,18206357504
4,5214.226,grad,18215860224
4,5215.566,grad,18224314880
4,5216.828,grad,18253855744
4,5218.162,grad,18245401600
4,5219.445,grad,18306354176
4,5221.307,grad,18359897088
4,5223.494,grad,18437557248
4,5224.799,grad,18444901376
4,5226.268,grad,18444901376
4,5227.531,grad,18454338560
4,5228.787,grad,18462727168
4,5230.258,grad,18492203008
4,5231.653,grad,18483879936
4,5232.886,grad,18530021376
4,5234.913,grad,18598309888
4,5237.134,grad,18675970048
4,5239.692,grad,18683314176
4,5240.987,grad,18692751360
4,5242.323,grad,18701140480
4,5243.592,grad,18745361408
4,5244.852,grad,18722292736
4,5246.129,grad,18783179776
4,5247.971,grad,18836722688
4,5249.221,grad,18975200256
4,5250.537,grad,18914382848
4,5253.056,grad,18921726976
4,5254.312,grad,18931164160
4,5255.641,grad,18939553280
4,5256.906,grad,18969094144
4,5258.153,grad,18960705536
4,5259.4,grad,19021527040
4,5261.644,grad,19075135488
4,5262.933,grad,19152795648
4,5264.221,grad,19160139776
4,5266.773,grad,19160139776
4,5268.052,grad,19169576960
4,5269.313,grad,19177965568
4,5270.57,grad,19207441408
4,5271.974,grad,19199118336
4,5273.248,grad,19260005376
4,5275.18,grad,19313548288
4,5277.372,grad,19391208448
4,5279.96,grad,19398552576
4,5281.233,grad,19407989760
4,5282.564,grad,19416378880
4,5283.821,grad,19460599808
4,5285.2,grad,19437531136
4,5286.477,grad,19498418176
4,5288.414,grad,19551961088
4,5289.68,grad,19636961280
4,5290.967,grad,19636965376
4,5293.373,grad,19636965376
4,5294.639,grad,19646402560
4,5295.908,grad,19654791168
4,5297.194,grad,19684332544
4,5298.487,grad,19675943936
4,5299.752,grad,19736765440
4,5301.738,grad,19790373888
4,5303.017,grad,19875374080
4,5304.322,grad,19868034048
4,5306.807,grad,19875378176
4,5308.085,grad,19884815360
4,5309.43,grad,19893204480
4,5310.714,grad,19937425408
4,5312.058,grad,19914356736
4,5313.327,grad,19975243776
4,5315.211,grad,20028786688
4,5317.432,grad,20106446848
4,5318.733,grad,20113790976
4,5320.276,grad,20113790976
4,5321.714,grad,20123228160
4,5323.011,grad,20123228160
4,5324.278,grad,20161092608
4,5325.746,grad,20152769536
4,5327.036,grad,20213656576
4,5328.944,grad,20267199488
4,5330.192,grad,20405677056
4,5331.48,grad,20352203776
4,5333.852,grad,20352203776
4,5335.122,grad,20361640960
4,5336.478,grad,20370030080
4,5337.744,grad,20414251008
4,5339.248,grad,20398522368
4,5340.521,grad,20452069376
4,5342.454,grad,20505612288
4,5344.647,grad,20583272448
4,5347.157,grad,20590616576
4,5348.438,grad,20600053760
4,5349.793,grad,20608442880
4,5351.062,grad,20652663808
4,5352.38,grad,20629595136
4,5353.654,grad,20768076800
4,5355.471,grad,20744025088
4,5356.736,grad,20821685248
4,5358.084,grad,20829025280
4,5360.622,grad,20829029376
4,5361.884,grad,20838466560
4,5363.255,grad,20846855680
4,5364.531,grad,20891076608
4,5365.773,grad,20868007936
4,5367.034,grad,20928894976
4,5368.835,grad,20982437888
4,5370.102,grad,21106235392
4,5371.394,grad,21067442176
4,5373.809,grad,21067442176
4,5375.141,grad,21076879360
4,5376.4,grad,21076879360
4,5377.655,grad,21114743808
4,5379.119,grad,21106420736
4,5380.366,grad,21167307776
4,5382.248,grad,21221243904
4,5384.416,grad,21298904064
4,5386.896,grad,21306248192
4,5388.156,grad,21315685376
4,5389.442,grad,21324074496
4,5390.685,grad,21353615360
4,5392.27,grad,21345226752
4,5393.533,grad,21406113792
4,5395.399,grad,21498454016
4,5397.562,grad,21537316864
4,5398.826,grad,21544660992
4,5400.284,grad,21544660992
4,5401.525,grad,21554098176
4,5402.872,grad,21562487296
4,5404.129,grad,21606708224
4,5405.377,grad,21583639552
4,5406.638,grad,21722121216
4,5408.406,grad,21698069504
4,5409.661,grad,21851227136
4,5411.005,grad,21783069696
4,5413.488,grad,21783073792
4,5414.783,grad,21792510976
4,5416.118,grad,21800900096
4,5417.369,grad,21845121024
4,5418.678,grad,21829392384
4,5419.946,grad,21960534016
4,5421.795,grad,21975279616
4,5423.884,grad,22014142464
4,5427.381,grad,22021486592
4,5428.648,grad,22030923776
4,5429.987,grad,22039312896
4,5431.259,grad,22068853760
4,5432.569,grad,22060465152
4,5433.828,grad,22198946816
4,5435.582,grad,22174895104
4,5437.717,grad,22252555264
4,5440.242,grad,22259899392
4,5441.496,grad,22269336576
4,5443.034,grad,22277725696
4,5444.353,grad,22322798592
4,5445.604,grad,22299729920
4,5446.855,grad,22438211584
4,5448.597,grad,22414159872
4,5450.785,grad,22491820032
4,5453.321,grad,22499164160
4,5455.462,grad,22508601344
4,5456.741,grad,22546465792
4,5458.094,grad,22538142720
4,5459.348,grad,22599029760
4,5461.441,grad,22652572672
4,5463.604,grad,22737572864
4,5466.078,grad,22737576960
4,5468.239,grad,22747014144
4,5469.495,grad,22784878592
4,5470.876,grad,22776555520
4,5472.124,grad,22837442560
4,5473.97,grad,22890985472
4,5476.106,grad,22968645632
4,5478.749,grad,22975989760
4,5480.94,grad,22985426944
4,5482.229,grad,23023291392
4,5483.541,grad,23014968320
4,5484.822,grad,23075855360
4,5486.643,grad,23129398272
4,5488.792,grad,23214398464
4,5491.303,grad,23214402560
4,5492.558,grad,23223839744
4,5494.115,grad,23232228864
4,5495.415,grad,23276449792
4,5496.66,grad,23260721152
4,5497.93,grad,23391862784
4,5499.66,grad,23367811072
4,5501.786,grad,23445471232
4,5504.325,grad,23452815360
4,5506.465,grad,23462252544
4,5507.711,grad,23500116992
4,5509.127,grad,23491793920
4,5510.382,grad,23552680960
4,5512.534,grad,23606223872
4,5514.658,grad,23683884032
4,5517.134,grad,23691228160
4,5519.257,grad,23700665344
4,5520.51,grad,23738529792
4,5521.989,grad,23730206720
4,5523.231,grad,23791093760
4,5525.133,grad,23844636672
4,5526.387,grad,23922296832
4,5527.673,grad,23929640960
4,5530.232,grad,23929640960
4,5531.551,grad,23939078144
4,5532.822,grad,23939078144
4,5534.088,grad,23962262528
4,5535.661,grad,23968619520
4,5536.886,grad,24029441024
4,5538.149,grad,24160644096
4,5539.489,grad,24121846784
4,5541.405,grad,24160709632
4,5544.1,grad,24168053760
4,5545.374,grad,24177490944
4,5546.649,grad,24185879552
4,5547.902,grad,24194383872
4,5549.494,grad,24208080896
4,5550.756,grad,24268967936
4,5552.807,grad,24322510848
4,5554.065,grad,24460988416
4,5555.356,grad,24407511040
4,5557.87,grad,24407515136
4,5559.126,grad,24416952320
4,5560.376,grad,24416952320
4,5561.626,grad,24454816768
4,5563.242,grad,24446493696
4,5564.504,grad,24507380736
4,5566.633,grad,24560923648
4,5567.896,grad,24692061184
4,5569.428,grad,24645927936
4,5570.777,grad,25572873728
4,5572.03,grad,25572892160
4,5574.246,grad,25565534720
4,5575.496,grad,25254108160
4,5576.75,grad,25254108160
4,5577.991,grad,25254108160
4,5579.406,grad,25254109696
4,5581.127,grad,24642445312
4,5582.453,grad,24641456128
4,5583.977,grad,24595253248
4,5585.223,grad,24513136640
4,5587.13,grad,24462479360
4,5588.369,grad,24456050688
4,5590.137,grad,24426509312
4,5591.713,grad,24426509312
4,5592.979,grad,24445318144
4,5594.832,grad,24421626880
4,5596.605,grad,24422710272
4,5597.874,grad,24414970880
4,5599.238,grad,24368768000
4,5600.497,grad,24364246016
4,5602.296,grad,24236387328
4,5603.566,grad,24244638720
4,5605.38,grad,24199368704
4,5606.955,grad,24199368704
4,5608.213,grad,24218177536
4,5609.733,grad,24194486272
4,5611.445,grad,24195569664
4,5612.742,grad,24187437056
4,5613.988,grad,24141234176
4,5615.23,grad,24113643520
4,5616.48,grad,24015863808
4,5617.758,grad,24016914432
4,5619.079,grad,24002031616
4,5620.766,grad,23972555776
4,5622.359,grad,23972555776
4,5623.654,grad,23991364608
4,5625.276,grad,23967673344
4,5626.998,grad,23968756736
4,5628.249,grad,23960624128
4,5629.591,grad,23914421248
4,5630.839,grad,23909899264
4,5632.6,grad,23781712896
4,5633.849,grad,23789964288
4,5635.598,grad,23745742848
4,5637.15,grad,23745742848
4,5638.452,grad,23764617216
4,5640.124,grad,23740860416
4,5641.807,grad,23741943808
4,5643.077,grad,23733811200
4,5644.443,grad,23687608320
4,5645.683,grad,23683086336
4,5647.528,grad,23554899968
4,5648.774,grad,23563151360
4,5650.437,grad,23518930432
4,5651.954,grad,23518929920
4,5653.261,grad,23537804288
4,5654.705,grad,23514047488
4,5656.397,grad,23515130880
4,5657.65,grad,23584592896
4,5658.976,grad,23460795392
4,5660.237,grad,23417476096
4,5662.15,grad,23328021504
4,5664.144,grad,23321592832
4,5665.977,grad,23292051456
4,5667.53,grad,23292051456
4,5668.833,grad,23310925824
4,5670.271,grad,23287169024
4,5671.985,grad,23288252416
4,5673.247,grad,23357714432
4,5674.58,grad,23233916928
4,5675.823,grad,23151800320
4,5677.67,grad,23101208576
4,5678.934,grad,23094779904
4,5680.613,grad,23065239040
4,5682.123,grad,23065238528
4,5683.424,grad,23084112896
4,5685.182,grad,23060356096
4,5686.878,grad,23061439488
4,5688.133,grad,23053306880
4,5689.48,grad,23007104000
4,5690.717,grad,23002582016
4,5692.437,grad,22874395648
4,5693.682,grad,22882647040
4,5695.375,grad,22838425600
4,5696.938,grad,22838425600
4,5698.251,grad,22857299968
4,5699.663,grad,22833543168
4,5701.326,grad,22834626560
4,5702.563,grad,22904088576
4,5703.881,grad,22780291072
4,5705.119,grad,22698174464
4,5706.351,grad,22647582720
4,5708.203,grad,22647582720
4,5709.472,grad,22655440896
4,5710.739,grad,22611612672
4,5712.003,grad,22611612672
4,5713.253,grad,22640972800
4,5714.494,grad,22613644288
4,5715.976,grad,22606730240
4,5717.628,grad,22607813632
4,5718.887,grad,22599681024
4,5720.237,grad,22553478144
4,5721.489,grad,22548956160
4,5723.215,grad,22420769792
4,5724.473,grad,22429021184
4,5726.189,grad,22383947776
4,5727.755,grad,22383947776
4,5729.11,grad,22402691072
4,5730.976,grad,22379065344
4,5732.707,grad,22380148736
4,5733.988,grad,22372016128
4,5735.255,grad,22325813248
4,5736.492,grad,22282493952
4,5737.737,grad,22193102848
4,5739.051,grad,22200444928
4,5740.311,grad,22171930624
4,5741.572,grad,22157134848
4,5743.181,grad,22157134848
4,5744.476,grad,22176074752
4,5745.985,grad,22152252416
4,5747.762,grad,22153335808
4,5749.021,grad,22145203200
4,5750.262,grad,22099000320
4,5751.527,grad,22063021056
4,5753.463,grad,21966291968
4,5754.73,grad,21974150144
4,5755.999,grad,21956127744
4,5757.242,grad,21930321920
4,5758.494,grad,21945001984
4,5759.763,grad,21949196288
4,5761.174,grad,21925439488
4,5762.825,grad,21926522880
4,5764.074,grad,21918390272
4,5765.45,grad,21872187392
4,5766.698,grad,21828868096
4,5768.467,grad,21739479040
4,5769.743,grad,21733050368
4,5771.469,grad,21703509504
4,5773.067,grad,21703508992
4,5774.372,grad,21722383360
4,5776.193,grad,21698626560
4,5777.961,grad,21699709952
4,5779.215,grad,21691577344
4,5780.574,grad,21645374464
4,5781.831,grad,21602055168
4,5783.606,grad,21512666112
4,5784.851,grad,21520917504
4,5786.561,grad,21476696064
4,5788.144,grad,21491376128
4,5789.458,grad,21480890368
4,5790.929,grad,21471813632
4,5792.656,grad,21472897024
4,5793.931,grad,21464764416
4,5795.315,grad,21418561536
4,5796.558,grad,21350731776
4,5798.46,grad,21285459968
4,5799.99,grad,21279031296
4,5801.73,grad,21249489920
4,5803.338,grad,21249489920
4,5804.67,grad,21268364288
4,5806.143,grad,21244607488
4,5807.836,grad,21245690880
4,5809.101,grad,21237558272
4,5810.496,grad,21191355392
4,5811.739,grad,21186833408
4,5813.645,grad,21058647040
4,5814.968,grad,21052218368
4,5816.776,grad,21022676992
4,5818.404,grad,21022676992
4,5819.706,grad,21041551360
4,5821.435,grad,21017794560
4,5823.227,grad,21018877952
4,5824.48,grad,21010745344
4,5825.838,grad,20964542464
4,5827.097,grad,20897105920
4,5829.011,grad,20831834112
4,5830.274,grad,20840085504
4,5831.999,grad,20795864064
4,5833.529,grad,20795864064
4,5834.766,grad,20814738432
4,5836.273,grad,20790981632
4,5838.199,grad,20792065024
4,5839.464,grad,20783866880
4,5840.705,grad,20737729536
4,5841.959,grad,20694410240
4,5843.752,grad,20605021184
4,5845.0,grad,20612813824
4,5846.249,grad,20594856960
4,5847.542,grad,20569051136
4,5848.803,grad,20583731200
4,5850.054,grad,20587991040
4,5851.462,grad,20564168704
4,5853.187,grad,20565252096
4,5854.422,grad,20557119488
4,5855.8,grad,20510916608
4,5857.051,grad,20436140032
4,5858.913,grad,20378208256
4,5860.228,grad,20371779584
4,5862.039,grad,20342238208
4,5863.565,grad,20342238208
4,5864.843,grad,20361112576
4,5866.593,grad,20337355776
4,5868.443,grad,20338439168
4,5869.681,grad,20330241024
4,5870.961,grad,20284103680
4,5872.203,grad,20240784384
4,5874.078,grad,20151395328
4,5875.312,grad,20159646720
4,5877.005,grad,20115425280
4,5878.581,grad,20115425280
4,5879.872,grad,20134299648
4,5881.343,grad,20110542848
4,5883.161,grad,20111626240
4,5884.392,grad,20103493632
4,5885.779,grad,20057290752
4,5887.045,grad,19975174144
4,5888.971,grad,19924582400
4,5890.219,grad,19932440576
4,5892.129,grad,19888612352
4,5893.648,grad,19888612352
4,5894.927,grad,19907486720
4,5896.363,grad,19883729920
4,5898.142,grad,19884813312
4,5899.393,grad,19876680704
4,5900.782,grad,19830477824
4,5902.043,grad,19825955840
4,5903.828,grad,19697769472
4,5905.121,grad,19691340800
4,5906.925,grad,19661799424
4,5908.577,grad,19661799424
4,5909.877,grad,19680673792
4,5911.559,grad,19656916992
4,5913.278,grad,19658000384
4,5914.53,grad,19727462400
4,5915.867,grad,19603664896
4,5917.142,grad,19521548288
4,5919.054,grad,19470956544
4,5920.322,grad,19479207936
4,5921.996,grad,19434986496
4,5923.576,grad,19434986496
4,5924.85,grad,19453860864
4,5926.399,grad,19430104064
4,5928.254,grad,19431187456
4,5929.499,grad,19423054848
4,5930.919,grad,19376851968
4,5932.167,grad,19333532672
4,5933.967,grad,19244143616
4,5935.651,grad,19237714944
4,5937.398,grad,19208173568
4,5939.005,grad,19208173568
4,5940.289,grad,19227047936
4,5941.755,grad,19203291136
4,5943.419,grad,19204374528
4,5944.661,grad,19273836544
4,5945.989,grad,19150039040
4,5947.233,grad,19145517056
4,5949.11,grad,19017330688
4,5950.35,grad,19025582080
4,5951.999,grad,18981360640
4,5953.505,grad,18981360640
4,5954.765,grad,19000235008
4,5956.436,grad,18976478208
4,5958.23,grad,18977561600
4,5959.469,grad,19047023616
4,5960.797,grad,18923226112
4,5962.067,grad,18918704128
4,5963.773,grad,18790517760
4,5965.028,grad,18784089088
4,5966.698,grad,18754547712
4,5968.313,grad,18754547712
4,5969.551,grad,18773422080
4,5971.011,grad,18749665280
4,5972.65,grad,18750748672
4,5973.895,grad,18742550528
4,5975.195,grad,18696347648
4,5976.45,grad,18660433920
4,5977.736,grad,18563639296
4,5979.028,grad,18570979328
4,5980.311,grad,18571890688
4,5982.03,grad,18527603712
4,5983.563,grad,18527603712
4,5984.872,grad,18546478080
4,5986.366,grad,18522721280
4,5988.124,grad,18523804672
4,5989.377,grad,18593266688
4,5990.683,grad,18469469184
4,5991.945,grad,18465012736
4,5993.773,grad,18336826368
4,5995.072,grad,18322992128
4,5996.813,grad,18293450752
4,5998.45,grad,18293188608
4,5999.77,grad,18312062976
4,6001.509,grad,18288306176
4,6002.782,grad,18278377472
4,6004.083,grad,18278377472
4,6007.937,grad,18278376960
4,6009.261,grad,18278376960
4,6010.618,grad,18278376960
4,6014.616,grad,18278376960
4,6019.329,grad,18278376960
4,6025.68,grad,18278381056
4,6032.034,grad,18278381056
4,6038.433,grad,18278381056
4,6042.568,grad,18278381056
4,6043.877,grad,18282712576
4,6045.515,grad,18282317312
4,6048.241,grad,18285987328
4,6049.536,grad,18290705920
4,6050.815,grad,18290705920
4,6052.115,grad,18302298624
4,6053.756,grad,18309147136
4,6055.036,grad,18335920640
4,6057.033,grad,18362692096
4,6059.521,grad,18401522176
4,6060.813,grad,18405194240
4,6062.243,grad,18405194240
4,6063.519,grad,18409912832
4,6064.895,grad,18414107648
4,6066.155,grad,18428943872
4,6067.482,grad,18424749568
4,6068.738,grad,18455258624
4,6070.628,grad,18482030080
4,6071.898,grad,18524530176
4,6073.199,grad,18524532224
4,6075.606,grad,18524532224
4,6076.894,grad,18529250816
4,6078.271,grad,18529250816
4,6079.541,grad,18540843520
4,6081.027,grad,18544022016
4,6082.281,grad,18575383040
4,6084.157,grad,18602154496
4,6086.433,grad,18644654592
4,6088.977,grad,18644656640
4,6090.241,grad,18649375232
4,6091.586,grad,18653570048
4,6092.848,grad,18675680768
4,6094.115,grad,18664146432
4,6095.373,grad,18694589952
4,6097.362,grad,18721361408
4,6098.803,grad,18763861504
4,6100.13,grad,18763863552
4,6102.476,grad,18763863552
4,6104.667,grad,18768582144
4,6105.961,grad,18780174848
4,6107.505,grad,18783353344
4,6108.757,grad,18813796864
4,6110.674,grad,18840568320
4,6112.893,grad,18879398400
4,6116.353,grad,18883070464
4,6117.624,grad,18887789056
4,6118.943,grad,18891983360
4,6120.198,grad,18906721792
4,6121.64,grad,18902560256
4,6122.902,grad,18933003776
4,6124.773,grad,18959775232
4,6127.022,grad,18998605312
4,6129.496,grad,19002277376
4,6131.691,grad,19006995968
4,6132.977,grad,19025928704
4,6134.387,grad,19021767168
4,6135.639,grad,19044837888
4,6136.917,grad,19117779456
4,6138.163,grad,19098380800
4,6140.306,grad,19117812224
4,6142.791,grad,19121484288
4,6144.086,grad,19126202880
4,6145.428,grad,19130397696
4,6146.705,grad,19145168384
4,6148.003,grad,19140974080
4,6149.257,grad,19171417600
4,6151.156,grad,19198189056
4,6152.42,grad,19267427840
4,6153.763,grad,19237019136
4,6156.329,grad,19240691200
4,6157.623,grad,19245409792
4,6159.067,grad,19250653184
4,6160.342,grad,19266472448
4,6161.666,grad,19262278144
4,6162.925,grad,19292721664
4,6164.794,grad,19319689728
4,6166.065,grad,19358519808
4,6167.315,grad,19362191872
4,6169.687,grad,19362191872
4,6170.97,grad,19366910464
4,6172.319,grad,19366910464
4,6173.575,grad,19385843200
4,6175.007,grad,19381681664
4,6176.265,grad,19412092416
4,6178.317,grad,19438896640
4,6180.504,grad,19477726720
4,6182.969,grad,19481398784
4,6184.245,grad,19486117376
4,6185.559,grad,19490312192
4,6186.811,grad,19512422912
4,6188.123,grad,19500888576
4,6189.378,grad,19570129408
4,6191.323,grad,19558103552
4,6192.608,grad,19596933632
4,6193.872,grad,19600605696
4,6196.266,grad,19600605696
4,6197.524,grad,19605324288
4,6198.896,grad,19609519104
4,6200.162,grad,19624289792
4,6201.485,grad,19620095488
4,6202.757,grad,19650539008
4,6204.592,grad,19677310464
4,6205.856,grad,19716140544
4,6207.144,grad,19719812608
4,6209.695,grad,19719812608
4,6210.968,grad,19724531200
4,6212.287,grad,19728726016
4,6213.54,grad,19743496704
4,6214.852,grad,19739302400
4,6216.112,grad,19769745920
4,6217.985,grad,19796517376
4,6220.173,grad,19840066048
4,6222.674,grad,19840068096
4,6225.094,grad,19844786688
4,6226.365,grad,19864768000
4,6227.809,grad,19860606464
4,6229.092,grad,19891049984
4,6230.996,grad,19917821440
4,6233.239,grad,19956651520
4,6235.718,grad,19960323584
4,6238.031,grad,19965042176
4,6239.313,grad,19985023488
4,6240.713,grad,19980861952
4,6241.975,grad,20010256896
4,6244.043,grad,20038076928
4,6246.305,grad,20076907008
4,6248.875,grad,20081627648
4,6250.125,grad,20086346240
4,6251.395,grad,20090016256
4,6252.656,grad,20105278976
4,6254.052,grad,20101117440
4,6255.291,grad,20131560960
4,6257.17,grad,20158332416
4,6258.414,grad,20234911232
4,6259.725,grad,20200834560
4,6262.276,grad,20200834560
4,6263.523,grad,20205553152
4,6264.817,grad,20209747968
4,6266.065,grad,20231858688
4,6267.301,grad,20223994368
4,6268.536,grad,20250767872
4,6270.362,grad,20277539328
4,6272.569,grad,20320039424
4,6275.119,grad,20320041472
4,6276.375,grad,20324760064
4,6277.62,grad,20324760064
4,6278.921,grad,20337401344
4,6280.351,grad,20340579840
4,6281.605,grad,20371023360
4,6283.537,grad,20397794816
4,6285.678,grad,20436624896
4,6288.269,grad,20440296960
4,6289.512,grad,20445015552
4,6290.787,grad,20449210368
4,6292.046,grad,20471321088
4,6293.297,grad,20463456768
4,6294.535,grad,20529027584
4,6296.541,grad,20517001728
4,6298.674,grad,20555831808
4,6301.209,grad,20559503872
4,6303.35,grad,20564222464
4,6304.597,grad,20583155200
4,6306.003,grad,20578993664
4,6307.24,grad,20610485760
4,6309.165,grad,20637257216
4,6311.347,grad,20676087296
4,6313.975,grad,20679759360
4,6316.109,grad,20684477952
4,6317.38,grad,20703410688
4,6318.833,grad,20699249152
4,6320.112,grad,20729692672
4,6322.022,grad,20756464128
4,6323.314,grad,20798964224
4,6324.607,grad,20798966272
4,6326.983,grad,20798966272
4,6328.28,grad,20803684864
4,6330.43,grad,20803684864
4,6331.748,grad,20815277568
4,6333.226,grad,20818456064
4,6334.48,grad,20848899584
4,6336.374,grad,20875671040
4,6338.552,grad,20914501120
4,6341.121,grad,20918173184
4,6343.319,grad,20922891776
4,6344.6,grad,20941824512
4,6345.967,grad,20937662976
4,6347.267,grad,20968106496
4,6349.397,grad,20994877952
4,6351.63,grad,21033708032
4,6354.112,grad,21037380096
4,6355.385,grad,21042098688
4,6356.681,grad,21046293504
4,6357.973,grad,21068404224
4,6359.301,grad,21056869888
4,6360.558,grad,21087313408
4,6362.394,grad,21114084864
4,6363.649,grad,21156584960
4,6364.946,grad,21156587008
4,6367.445,grad,21156587008
4,6368.711,grad,21161305600
4,6370.051,grad,21165500416
4,6371.333,grad,21188659712
4,6372.586,grad,21176076800
4,6373.853,grad,21245317632
4,6375.688,grad,21233291776
4,6376.969,grad,21275791872
4,6378.298,grad,21275793920
4,6380.723,grad,21275793920
4,6382.001,grad,21281561088
4,6383.333,grad,21281561088
4,6384.581,grad,21293153792
4,6386.22,grad,21295283712
4,6387.468,grad,21326743040
4,6389.551,grad,21353547264
4,6390.834,grad,21396047360
4,6392.103,grad,21396049408
4,6394.603,grad,21396049408
4,6395.87,grad,21400768000
4,6397.129,grad,21404438016
4,6398.391,grad,21419700736
4,6399.904,grad,21415539200
4,6401.178,grad,21445982720
4,6403.219,grad,21472754176
4,6404.482,grad,21549332992
4,6405.756,grad,21515254272
4,6407.037,grad,21515256320
4,6408.462,grad,21515256320
4,6409.71,grad,21521023488
4,6411.018,grad,21521023488
4,6412.272,grad,21532616192
4,6413.854,grad,21534746112
4,6415.113,grad,21566238208
4,6417.106,grad,21593009664
4,6418.386,grad,21635509760
4,6420.113,grad,21635511808
4,6421.515,grad,22098982912
4,6422.794,grad,22095318016
4,6424.854,grad,22095313920
4,6426.144,grad,21939600896
4,6427.398,grad,21939600896
4,6428.645,grad,21939600896
4,6430.037,grad,21939602432
4,6431.789,grad,21635506688
4,6433.173,grad,21632225792
4,6434.464,grad,21609124352
4,6435.711,grad,21587464704
4,6436.958,grad,21551256064
4,6438.347,grad,21546539520
4,6439.6,grad,21532281344
4,6440.949,grad,21524883456
4,6442.352,grad,21524882944
4,6443.625,grad,21534254592
4,6445.194,grad,21522687488
4,6446.437,grad,21521149440
4,6447.688,grad,21524819456
4,6449.005,grad,21496045056
4,6450.248,grad,21515443712
4,6451.484,grad,21495455232
4,6453.133,grad,21430117888
4,6454.388,grad,21426902528
4,6456.027,grad,21412131328
4,6457.563,grad,21412131328
4,6458.824,grad,21421535744
4,6460.365,grad,21409935872
4,6462.151,grad,21412067840
4,6463.4,grad,21406460416
4,6464.794,grad,21383358976
4,6466.05,grad,21381392896
4,6468.122,grad,21317628416
4,6469.452,grad,21313364480
4,6471.133,grad,21298593280
4,6472.736,grad,21298593280
4,6474.019,grad,21308194304
4,6475.57,grad,21296397824
4,6477.274,grad,21298529792
4,6478.513,grad,21293053440
4,6479.908,grad,21269952000
4,6481.146,grad,21249766912
4,6482.402,grad,21205466624
4,6483.641,grad,21205464576
4,6484.9,grad,21193829888
4,6486.173,grad,21186432000
4,6487.559,grad,21186431488
4,6488.797,grad,21195835904
4,6490.541,grad,21184236032
4,6492.333,grad,21186368000
4,6493.585,grad,21180924416
4,6494.97,grad,21157822976
4,6496.228,grad,21156119040
4,6498.096,grad,21092551168
4,6499.356,grad,21089335808
4,6500.965,grad,21074564608
4,6502.539,grad,21074564608
4,6503.777,grad,21083969024
4,6505.311,grad,21072369152
4,6507.117,grad,21074501120
4,6508.371,grad,21069123072
4,6509.642,grad,21046054400
4,6510.892,grad,21044350464
4,6512.707,grad,20980782592
4,6514.251,grad,20977567232
4,6515.909,grad,20962796032
4,6517.433,grad,20962796032
4,6518.682,grad,20972200448
4,6520.186,grad,20960600576
4,6521.913,grad,20962732544
4,6523.17,grad,20957387264
4,6524.493,grad,20934285824
4,6525.746,grad,20913183232
4,6527.554,grad,20869014016
4,6528.798,grad,20865798656
4,6530.384,grad,20851027456
4,6531.974,grad,20851027456
4,6533.218,grad,20860399104
4,6535.314,grad,20848832000
4,6537.044,grad,20850963968
4,6538.292,grad,20845618688
4,6539.636,grad,20822517248
4,6540.909,grad,20820813312
4,6542.681,grad,20757245440
4,6543.976,grad,20754030080
4,6545.578,grad,20739259392
4,6547.096,grad,20739258880
4,6548.34,grad,20748663296
4,6549.834,grad,20737063424
4,6551.496,grad,20739195392
4,6552.785,grad,20733850112
4,6554.154,grad,20710748672
4,6555.412,grad,20689646080
4,6557.283,grad,20644428288
4,6558.527,grad,20648323584
4,6559.771,grad,20626442240
4,6561.044,grad,20626441728
4,6562.289,grad,20633781760
4,6563.522,grad,20635846144
4,6565.025,grad,20624246272
4,6566.677,grad,20626378240
4,6567.94,grad,20621032960
4,6569.287,grad,20597931520
4,6570.545,grad,20576828928
4,6572.391,grad,20532659712
4,6573.672,grad,20529444352
4,6575.289,grad,20514673664
4,6576.873,grad,20514673152
4,6578.202,grad,20524044800
4,6580.425,grad,20512477696
4,6582.254,grad,20514609664
4,6583.537,grad,20509264384
4,6584.897,grad,20486162944
4,6586.151,grad,20449331712
4,6588.053,grad,20421120512
4,6589.324,grad,20417905152
4,6590.965,grad,20402085376
4,6592.523,grad,20402085376
4,6593.774,grad,20411457024
4,6595.448,grad,20399889920
4,6597.148,grad,20402021888
4,6598.45,grad,20397004288
4,6599.83,grad,20373902848
4,6601.105,grad,20372526592
4,6602.992,grad,20309286400
4,6604.225,grad,20313214464
4,6606.092,grad,20291299840
4,6607.633,grad,20291299840
4,6608.877,grad,20300704256
4,6610.385,grad,20289104384
4,6612.123,grad,20291236352
4,6613.411,grad,20286218752
4,6614.752,grad,20263117312
4,6616.026,grad,20261741056
4,6617.794,grad,20198500864
4,6619.107,grad,20195285504
4,6620.879,grad,20180514304
4,6622.477,grad,20180514304
4,6623.764,grad,20190115328
4,6625.662,grad,20177270272
4,6627.37,grad,20180450816
4,6628.644,grad,20174384640
4,6629.992,grad,20151283200
4,6631.261,grad,20149906944
4,6633.187,grad,20086732288
4,6634.425,grad,20082468352
4,6636.057,grad,20067697152
4,6637.601,grad,20067697152
4,6638.923,grad,20078182912
4,6640.374,grad,20065501696
4,6642.217,grad,20067633664
4,6643.566,grad,20062681600
4,6644.966,grad,20039580160
4,6646.213,grad,20038269440
4,6648.101,grad,19975094784
4,6649.348,grad,19979022848
4,6651.388,grad,19956060160
4,6652.926,grad,19956059648
4,6654.215,grad,19965660672
4,6655.845,grad,19953864192
4,6657.561,grad,19955996160
4,6658.806,grad,19949995520
4,6660.151,grad,19926894080
4,6661.416,grad,19906184704
4,6663.32,grad,19862408704
4,6664.584,grad,19859193344
4,6666.286,grad,19844422144
4,6667.814,grad,19844422144
4,6669.071,grad,19854023168
4,6670.905,grad,19842226688
4,6672.662,grad,19844358656
4,6673.884,grad,19837243904
4,6675.195,grad,19816305152
4,6676.517,grad,19795595776
4,6677.827,grad,19755487744
4,6679.252,grad,19755489792
4,6680.5,grad,19741231616
4,6681.766,grad,19733833728
4,6683.267,grad,19733833216
4,6684.57,grad,19743204864
4,6686.275,grad,19731637760
4,6688.1,grad,19733769728
4,6689.405,grad,19728817664
4,6690.811,grad,19705716224
4,6692.085,grad,19704405504
4,6694.048,grad,19641230848
4,6695.3,grad,19645158912
4,6697.208,grad,19623244288
4,6698.775,grad,19623244288
4,6700.034,grad,19632648704
4,6701.565,grad,19621048832
4,6703.335,grad,19623180800
4,6704.594,grad,19618228736
4,6705.874,grad,19595127296
4,6707.119,grad,19574417920
4,6708.367,grad,19534309888
4,6709.798,grad,19534311936
4,6711.06,grad,19520053760
4,6712.297,grad,19512655872
4,6713.998,grad,19512655360
4,6715.324,grad,19522027008
4,6717.261,grad,19510459904
4,6719.085,grad,19512591872
4,6720.336,grad,19507607040
4,6721.578,grad,19484538368
4,6722.824,grad,19463697920
4,6724.727,grad,19418971648
4,6726.003,grad,19415756288
4,6727.576,grad,19398887936
4,6729.093,grad,19398887936
4,6730.416,grad,19408259584
4,6732.156,grad,19396692480
4,6734.127,grad,19398824448
4,6735.42,grad,19431916032
4,6736.841,grad,19370017280
4,6738.162,grad,19332628992
4,6739.459,grad,19303827968
4,6740.762,grad,19307497984
4,6742.049,grad,19300579840
4,6743.564,grad,19285841920
4,6745.159,grad,19285841408
4,6746.408,grad,19295213056
4,6748.11,grad,19283645952
4,6749.876,grad,19285777920
4,6751.176,grad,19278663168
4,6752.535,grad,19256774144
4,6753.806,grad,19242651136
4,6755.083,grad,19213651456
4,6756.323,grad,19194254848
4,6757.562,grad,19191006720
4,6759.121,grad,19172598272
4,6760.689,grad,19172598272
4,6761.943,grad,19182199296
4,6763.856,grad,19170402816
4,6765.603,grad,19172534784
4,6766.936,grad,19166829056
4,6768.336,grad,19143727616
4,6769.593,grad,19122067968
4,6771.49,grad,19077538304
4,6772.765,grad,19074322944
4,6774.451,grad,19059551744
4,6776.036,grad,19059551744
4,6777.307,grad,19068923392
4,6778.987,grad,19057356288
4,6780.804,grad,19059488256
4,6782.109,grad,19053585920
4,6783.379,grad,19030484480
4,6784.621,grad,19012691456
4,6785.873,grad,18983691776
4,6787.273,grad,18967965184
4,6788.621,grad,18961047040
4,6790.154,grad,18946308608
4,6791.737,grad,18946308608
4,6793.008,grad,18955713024
4,6794.549,grad,18944113152
4,6796.27,grad,18946245120
4,6797.518,grad,18940539392
4,6798.79,grad,18917437952
4,6800.042,grad,18895778304
4,6801.304,grad,18851246592
4,6802.675,grad,18854918656
4,6803.973,grad,18844330496
4,6805.352,grad,18833262080
4,6807.029,grad,18833262080
4,6808.358,grad,18842863104
4,6810.358,grad,18831066624
4,6812.4,grad,18833198592
4,6813.698,grad,18827296256
4,6815.011,grad,18804194816
4,6816.282,grad,18786205184
4,6817.526,grad,18756320768
4,6818.809,grad,18741511680
4,6820.066,grad,18733676032
4,6821.573,grad,18718937600
4,6823.15,grad,18718937600
4,6824.4,grad,18728342016
4,6826.152,grad,18716742144
4,6828.008,grad,18718874112
4,6829.337,grad,18712971776
4,6830.591,grad,18689870336
4,6831.87,grad,18668210688
4,6833.13,grad,18630855168
4,6834.431,grad,18627187200
4,6835.705,grad,18620236288
4,6837.435,grad,18605399552
4,6839.048,grad,18605399552
4,6840.297,grad,18614803968
4,6841.795,grad,18603204096
4,6843.493,grad,18605336064
4,6844.812,grad,18599433728
4,6846.075,grad,18576332288
4,6847.34,grad,18554672640
4,6848.58,grad,18517317120
4,6849.989,grad,18513649152
4,6851.231,grad,18495720960
4,6852.548,grad,18488323072
4,6854.082,grad,18488060416
4,6855.368,grad,18497432064
4,6857.505,grad,18485864960
4,6858.807,grad,18480654848
4,6860.085,grad,18480654848
4,6861.344,grad,18480654848
4,6864.359,grad,18480654336
4,6865.721,grad,18480654336
4,6867.037,grad,18480654336
4,6870.896,grad,18480654336
4,6873.557,grad,18484324352
4,6874.886,grad,18482915328
4,6876.183,grad,18484520960
4,6877.493,grad,18485438464
4,6878.75,grad,18491697152
4,6880.007,grad,18493073408
4,6881.262,grad,18496972800
4,6882.518,grad,18494121984
4,6883.778,grad,18501494784
4,6885.025,grad,18494318592
4,6886.272,grad,18492647424
4,6887.524,grad,18492024832
4,6888.757,grad,18502707200
4,6889.998,grad,18485864448
4,6891.244,grad,18484094976
4,6892.492,grad,18480621568
4,6893.735,grad,18483111936
4,6894.977,grad,18482620416
4,6896.22,grad,18477475840
4,6897.497,grad,18475313152
4,6898.749,grad,18476918784
4,6899.996,grad,18475444224
4,6901.242,grad,18475640832
4,6902.503,grad,18471217152
4,6903.763,grad,18487207936
4,6905.419,grad,18468854784
4,6907.69,grad,18468854272
4,6909.003,grad,18468855808
4,6910.266,grad,18468859392
4,6911.542,grad,18468859392
4,6912.828,grad,18468859392
4,6914.13,grad,18468858880
4,6915.425,grad,18468858880
4,6916.683,grad,18468859392
4,6917.991,grad,18468876800
4,6919.338,grad,18468873216
4,6920.748,grad,18468855808
4,6922.076,grad,18468859392
4,6923.418,grad,18468858880
4,6924.69,grad,18468856320
4,6925.98,grad,18468873216
4,6927.312,grad,18468873216
4,6928.632,grad,18468858880
4,6929.878,grad,18468856320
4,6931.123,grad,18468858880
4,6932.396,grad,18468859392
4,6933.686,grad,18468855808
4,6934.992,grad,18468873216
4,6936.254,grad,18468873728
4,6937.494,grad,18468858880
4,6938.759,grad,18468873728
4,6940.041,grad,18468858880
4,6941.287,grad,18468858880
4,6942.555,grad,18468858880
4,6943.815,grad,18468859392
4,6945.121,grad,18468858880
4,6946.395,grad,18468859392
4,6947.672,grad,18468855808
4,6948.926,grad,18468858880
4,6950.211,grad,18468859392
4,6951.542,grad,18470070784
4,6952.879,grad,18473678848
4,6954.205,grad,18476430848
4,6955.455,grad,18480657920
4,6956.723,grad,18485842944
4,6958.018,grad,18488693248
4,6959.349,grad,18492913152
4,6960.648,grad,18497140224
4,6961.918,grad,18499989504
4,6963.186,grad,18505528832
4,6964.453,grad,18508478464
4,6965.758,grad,18513196544
4,6967.07,grad,18518930944
4,6968.381,grad,18522011648
4,6969.637,grad,18526696960
4,6970.898,grad,18533422080
4,6972.146,grad,18536960512
4,6973.415,grad,18542556672
4,6974.69,grad,18547937792
4,6975.953,grad,18551731712
4,6977.24,grad,18558545920
4,6978.565,grad,18562388480
4,6979.88,grad,18565264896
4,6981.185,grad,18570082304
4,6982.434,grad,18573915648
4,6983.696,grad,18576766464
4,6984.949,grad,18581420032
4,6986.194,grad,18584074240
4,6987.429,grad,18587973632
4,6988.732,grad,18593288704
4,6990.007,grad,18595942912
4,6991.266,grad,18599671296
4,6992.502,grad,18603898368
4,6993.768,grad,18607009792
4,6995.033,grad,18612287488
4,6996.269,grad,18616587264
4,6997.541,grad,18619987968
4,6998.848,grad,18625328640
4,7000.247,grad,18629726720
4,7001.525,grad,18633291264
4,7002.767,grad,18638696960
4,7004.109,grad,18642335232
4,7005.448,grad,18646169088
4,7006.819,grad,18651543040
4,7008.138,grad,18652752384
4,7009.455,grad,18652789248
4,7010.747,grad,18652826624
4,7012.2,grad,18652860416
4,7013.493,grad,18652897792
4,7014.771,grad,18652933632
4,7016.083,grad,18015022592
4,7017.362,grad,16246533632
4,7018.648,grad,16179719168
4,7019.931,grad,16192593408
4,7021.211,grad,16223591936
4,7022.513,grad,16252460544
4,7023.787,grad,16279952896
4,7025.1,grad,16306593280
4,7026.374,grad,16334052864
4,7027.657,grad,16310492672
4,7028.929,grad,16192462336
4,7030.209,grad,16166640640
4,7031.472,grad,16069385216
4,7033.173,noise,15990511104
4,7034.518,noise,15990511104
4,7035.819,noise,15990511104
4,7037.09,noise,15992149504
4,7038.33,noise,15992378880
4,7039.6,noise,15992378880
4,7040.844,noise,15994115584
4,7042.089,noise,15994115584
4,7043.32,noise,15995655680
4,7044.551,noise,15996147200
4,7045.789,noise,15996605952
4,7047.03,noise,15997097472
4,7048.252,noise,15997097472
4,7049.485,noise,15998670336
4,7050.737,noise,15999129088
4,7052.011,noise,15999129088
4,7053.251,noise,16001684992
4,7054.491,noise,16001455616
4,7055.727,noise,16002668032
4,7056.973,noise,16003814912
4,7058.219,noise,16004273664
4,7059.453,noise,16004732416
4,7060.693,noise,16004994560
4,7061.917,noise,16006206976
4,7063.146,noise,16006436352
4,7064.38,noise,16006665728
4,7065.629,noise,16007878144
4,7066.884,noise,16008304128
4,7068.141,noise,16008304128
4,7069.451,noise,16009745920
4,7070.73,noise,16010237440
4,7072.029,noise,16010696192
4,7073.363,noise,16010958336
4,7074.644,noise,16010958336
4,7075.916,noise,16012465664
4,7077.201,noise,16012695040
4,7078.446,noise,16012695040
4,7079.715,noise,16014136832
4,7081.027,noise,16014136832
4,7082.273,noise,16015808000
4,7083.514,noise,16016299520
4,7084.748,noise,16016758272
4,7086.035,noise,16017249792
4,7087.3,noise,16017249792
4,7088.529,noise,16018462208
4,7089.766,noise,16018920960
4,7091.033,noise,16018920960
4,7092.266,noise,16020919808
4,7093.517,noise,16020919808
4,7094.787,noise,16023344640
4,7096.082,noise,16022394368
4,7097.333,noise,16022853120
4,7098.574,noise,16023311872
4,7099.807,noise,16023574016
4,7101.075,noise,16024786432
4,7102.322,noise,16025802240
4,7103.576,noise,16026031616
4,7104.805,noise,16027244032
4,7106.09,noise,16027473408
4,7107.352,noise,16027473408
4,7108.581,noise,16029701632
4,7109.815,noise,16030193152
4,7111.093,noise,16030651904
4,7112.365,noise,16030914048
4,7113.643,noise,16030914048
4,7114.92,noise,16032355840
4,7116.255,noise,16032585216
4,7117.516,noise,16033797632
4,7118.772,noise,16034813440
4,7120.051,noise,16034813440
4,7121.327,noise,16036255232
4,7122.601,noise,16036746752
4,7123.905,noise,16037434880
4,7125.181,noise,16037467648
4,7126.426,noise,16037467648
4,7127.662,noise,16039695872
4,7128.897,noise,16039925248
4,7130.135,noise,16039925248
4,7131.379,noise,16041367040
4,7132.612,noise,16041367040
4,7133.837,noise,16043398656
4,7135.09,noise,16043890176
4,7136.331,noise,16044348928
4,7137.583,noise,16044840448
4,7138.842,noise,16044840448
4,7140.085,noise,16046052864
4,7141.349,noise,16046511616
4,7142.613,noise,16046511616
4,7143.893,noise,16048936448
4,7145.146,noise,16048936448
4,7146.413,noise,16050148864
4,7147.652,noise,16050640384
4,7148.879,noise,16051099136
4,7150.114,noise,16051590656
4,7151.348,noise,16051590656
4,7152.621,noise,16052803072
4,7153.902,noise,16053261824
4,7155.172,noise,16053261824
4,7156.448,noise,16055948800
4,7157.734,noise,16055490048
4,7159.019,noise,16056702464
4,7160.296,noise,16057193984
4,7161.564,noise,16057652736
4,7162.832,noise,16058144256
4,7164.144,noise,16058144256
4,7165.439,noise,16059586048
4,7166.741,noise,16059815424
4,7168.032,noise,16059815424
4,7169.274,noise,16061257216
4,7170.502,noise,16061257216
4,7171.736,noise,16062469632
4,7172.989,noise,16062961152
4,7174.24,noise,16063419904
4,7175.506,noise,16063911424
4,7176.778,noise,16063911424
4,7178.058,noise,16065123840
4,7179.332,noise,16065582592
4,7180.591,noise,16065582592
4,7181.907,noise,16067810816
4,7183.189,noise,16067810816
4,7184.426,noise,16069023232
4,7185.686,noise,16069514752
4,7186.966,noise,16069973504
4,7188.221,noise,16070465024
4,7189.451,noise,16070465024
4,7190.68,noise,16071677440
4,7191.911,noise,16072136192
4,7193.168,noise,16072136192
4,7194.403,noise,16073577984
4,7195.646,noise,16073577984
4,7196.887,noise,16074790400
4,7198.138,noise,16075052544
4,7199.373,noise,16075511296
4,7200.604,noise,16075970048
4,7201.835,noise,16076232192
4,7203.097,noise,16077444608
4,7204.326,noise,16077673984
4,7205.577,noise,16077903360
4,7206.841,noise,16079115776
4,7208.109,noise,16079345152
4,7209.348,noise,16079345152
4,7210.605,noise,16081344000
4,7211.841,noise,16081835520
4,7213.12,noise,16082294272
4,7214.357,noise,16082556416
4,7215.599,noise,16082556416
4,7216.879,noise,16083998208
4,7218.168,noise,16084227584
4,7219.438,noise,16084227584
4,7220.693,noise,16085669376
4,7221.924,noise,16085669376
4,7223.167,noise,16086881792
4,7224.401,noise,16087373312
4,7225.627,noise,16087832064
4,7226.87,noise,16088323584
4,7228.119,noise,16088323584
4,7229.344,noise,16089536000
4,7230.582,noise,16089994752
4,7231.808,noise,16089994752
4,7233.098,noise,16091436544
4,7234.336,noise,16091436544
4,7235.56,noise,16093861376
4,7236.794,noise,16092911104
4,7238.067,noise,16093369856
4,7239.304,noise,16093828608
4,7240.534,noise,16094090752
4,7241.76,noise,16095303168
4,7243.022,noise,16095532544
4,7244.268,noise,16095761920
4,7245.494,noise,16096974336
4,7246.724,noise,16098055680
4,7247.962,noise,16098055680
4,7249.206,noise,16099497472
4,7250.438,noise,16099759616
4,7251.689,noise,16100447744
4,7252.933,noise,16100709888
4,7254.19,noise,16100709888
4,7255.419,noise,16102151680
4,7256.651,noise,16102381056
4,7257.894,noise,16102381056
4,7259.189,noise,16103822848
4,7260.417,noise,16103822848
4,7261.643,noise,16105035264
4,7262.874,noise,16105526784
4,7264.121,noise,16105985536
4,7265.355,noise,16106477056
4,7266.606,noise,16106477056
4,7267.921,noise,16107918848
4,7269.22,noise,16108148224
4,7270.472,noise,16108148224
4,7271.748,noise,16109590016
4,7273.024,noise,16109590016
4,7274.289,noise,16110802432
4,7275.528,noise,16111293952
4,7276.753,noise,16111752704
4,7277.997,noise,16112244224
4,7279.239,noise,16112244224
4,7280.492,noise,16113456640
4,7281.759,noise,16113915392
4,7283.008,noise,16113915392
4,7284.254,noise,16115815936
4,7285.491,noise,16115357184
4,7286.727,noise,16117782016
4,7287.968,noise,16116831744
4,7289.224,noise,16117290496
4,7290.459,noise,16117749248
4,7291.717,noise,16118011392
4,7292.984,noise,16119223808
4,7294.23,noise,16119682560
4,7295.476,noise,16119682560
4,7296.733,noise,16123319808
4,7298.0,noise,16121124352
4,7299.248,noise,16121124352
4,7300.476,noise,16122566144
4,7301.703,noise,16123057664
4,7302.948,noise,16123745792
4,7304.194,noise,16123778560
4,7305.421,noise,16123778560
4,7306.673,noise,16125449728
4,7307.92,noise,16125449728
4,7309.173,noise,16125449728
4,7310.406,noise,16126891520
4,7311.635,noise,16126891520
4,7312.901,noise,16128103936
4,7314.247,noise,16128595456
4,7315.508,noise,16129054208
4,7316.763,noise,16129545728
4,7318.016,noise,16129545728
4,7319.279,noise,16130758144
4,7320.52,noise,16131216896
4,7321.746,noise,16131216896
4,7322.979,noise,16132658688
4,7324.216,noise,16132658688
4,7325.466,noise,16133871104
4,7326.738,noise,16134133248
4,7328.018,noise,16134592000
4,7329.29,noise,16135050752
4,7330.564,noise,16135312896
4,7331.842,noise,16136525312
4,7333.177,noise,16136984064
4,7334.467,noise,16136984064
4,7335.733,noise,16138196480
4,7337.009,noise,16138425856
4,7338.274,noise,16138425856
4,7339.511,noise,16139867648
4,7340.774,noise,16140359168
4,7342.046,noise,16140817920
4,7343.28,noise,16141080064
4,7344.523,noise,16141080064
4,7345.777,noise,16142882304
4,7347.028,noise,16142882304
4,7348.255,noise,16142882304
4,7349.485,noise,16144324096
4,7350.724,noise,16144324096
4,7351.957,noise,16145536512
4,7353.205,noise,16146028032
4,7354.434,noise,16146716160
4,7355.675,noise,16146978304
4,7356.917,noise,16146978304
4,7358.181,noise,16148420096
4,7359.431,noise,16148649472
4,7360.707,noise,16148649472
4,7361.971,noise,16150091264
4,7363.225,noise,16150091264
4,7364.453,noise,16151303680
4,7365.705,noise,16151795200
4,7366.96,noise,16152253952
4,7368.196,noise,16152745472
4,7369.43,noise,16152745472
4,7370.68,noise,16153957888
4,7371.927,noise,16154416640
4,7373.18,noise,16154416640
4,7374.41,noise,16156087808
4,7375.669,noise,16155858432
4,7376.96,noise,16157070848
4,7378.221,noise,16157791744
4,7379.472,noise,16158479872
4,7380.741,noise,16158479872
4,7382.012,noise,16158512640
4,7383.251,noise,16159725056
4,7384.5,noise,16160183808
4,7385.774,noise,16160183808
4,7387.055,noise,16161396224
4,7388.308,noise,16161625600
4,7389.542,noise,16162838016
4,7390.788,noise,16163100160
4,7392.044,noise,16163558912
4,7393.277,noise,16164017664
4,7394.784,noise,16110835200
4,7396.122,noise,15995262464
4,7397.381,optimizer,15996475392
4,7398.663,optimizer,15997254656
4,7399.904,optimizer,15999945216
4,7401.199,optimizer,16001908736
4,7402.528,optimizer,16001663488
4,7403.856,optimizer,16001709568
4,7405.147,optimizer,16001790976
4,7406.425,optimizer,16003980288
4,7407.713,optimizer,16006937600
4,7409.001,optimizer,16007977984
4,7410.271,optimizer,16008486400
4,7411.551,optimizer,16008991232
4,7412.799,optimizer,16009138688
4,7414.047,optimizer,16011126272
4,7415.296,optimizer,16013629440
4,7416.539,optimizer,16015160832
4,7417.77,optimizer,16015450624
4,7419.012,optimizer,16015912448
4,7420.243,optimizer,16016059904
4,7421.512,optimizer,16017968128
4,7422.753,optimizer,16019501568
4,7424.01,optimizer,16021072384
4,7425.257,optimizer,16021572608
4,7426.537,optimizer,16022276096
4,7427.788,optimizer,16023418880
4,7429.036,optimizer,16024331776
4,7430.294,optimizer,16026924032
4,7431.545,optimizer,16027006976
4,7432.79,optimizer,16027922432
4,7434.033,optimizer,16028655616
4,7435.265,optimizer,16030961152
4,7436.508,optimizer,16031526912
4,7437.753,optimizer,16036467200
4,7439.015,optimizer,16033372672
4,7440.25,optimizer,16034072576
4,7441.519,optimizer,16034598400
4,7442.805,optimizer,16037355520
4,7444.083,optimizer,16038873088
4,7445.352,optimizer,16040422400
4,7446.601,optimizer,16040176128
4,7447.837,optimizer,16040451584
4,7449.081,optimizer,16040534016
4,7450.322,optimizer,16042521088
4,7451.565,optimizer,16044039680
4,7452.821,optimizer,16045573632
4,7454.061,optimizer,16046540288
4,7455.285,optimizer,16046584832
4,7456.537,optimizer,16046865920
4,7457.778,optimizer,16048397824
4,7459.02,optimizer,16050913792
4,7460.269,optimizer,16053888512
4,7461.519,optimizer,16052005888
4,7462.778,optimizer,16052705280
4,7464.029,optimizer,16053423104
4,7465.299,optimizer,16057925120
4,7466.61,optimizer,16056293888
4,7467.868,optimizer,16057826816
4,7469.132,optimizer,16058106880
4,7470.363,optimizer,16058596864
4,7471.597,optimizer,16059084288
4,7472.839,optimizer,16061624320
4,7474.094,optimizer,16061140480
4,7475.371,optimizer,16063657984
4,7476.637,optimizer,16064206848
4,7477.895,optimizer,16064944640
4,7479.154,optimizer,16065246720
4,7480.453,optimizer,16065499648
4,7481.767,optimizer,16068276224
4,7483.103,optimizer,16070592000
4,7484.404,optimizer,16072340480
4,7485.666,optimizer,16071636480
4,7486.929,optimizer,16072155136
4,7488.201,optimizer,16073436160
4,7489.457,optimizer,16074196992
4,7490.688,optimizer,16075729920
4,7491.922,optimizer,16077301248
4,7493.178,optimizer,16077786112
4,7494.412,optimizer,16078518784
4,7495.638,optimizer,16080827392
4,7496.916,optimizer,16081619968
4,7498.219,optimizer,16083154944
4,7499.46,optimizer,16083235840
4,7500.692,optimizer,16084151296
4,7502.015,optimizer,16084655616
4,7503.276,optimizer,16088402432
4,7504.511,optimizer,16087756288
4,7505.761,optimizer,16091810816
4,7507.051,optimizer,16089943552
4,7508.341,optimizer,16091086336
4,7509.578,optimizer,16091152384
4,7510.817,optimizer,16092913664
4,7512.082,optimizer,16095444480
4,7513.347,optimizer,16095994880
4,7514.579,optimizer,16096517632
4,7515.829,optimizer,16097007616
4,7517.107,optimizer,16098378240
4,7518.347,optimizer,16099064320
4,7519.602,optimizer,16101960192
4,7520.846,optimizer,16102166016
4,7522.108,optimizer,16103111680
4,7523.441,optimizer,16103387136
4,7524.713,optimizer,16105692672
4,7526.003,optimizer,16106562048
4,7527.282,optimizer,16108021248
4,7528.553,optimizer,16108332544
4,7529.835,optimizer,16109033472
4,7531.106,optimizer,16109782528
4,7532.348,optimizer,16112072192
4,7533.597,optimizer,16116029952
4,7534.826,optimizer,16115381760
4,7536.063,optimizer,16115137536
4,7537.321,optimizer,16115412480
4,7538.566,optimizer,16116739072
4,7539.791,optimizer,16117468672
4,7541.047,optimizer,16119295488
4,7542.321,optimizer,16120635392
4,7543.568,optimizer,16121352704
4,7544.818,optimizer,16121857024
4,7546.06,optimizer,16125604352
4,7547.303,optimizer,16124958208
4,7548.565,optimizer,16129897472
4,7549.81,optimizer,16126802432
4,7551.057,optimizer,16127503360
4,7552.316,optimizer,16128252416
4,7553.586,optimizer,16130542080
4,7554.836,optimizer,16132075008
4,7556.129,optimizer,16135278592
4,7557.436,optimizer,16132965888
4,7558.69,optimizer,16133637120
4,7560.013,optimizer,16134583808
4,7561.269,optimizer,16136676864
4,7562.503,optimizer,16137303040
4,7563.753,optimizer,16142167552
4,7565.011,optimizer,16139100672
4,7566.244,optimizer,16139771904
4,7567.473,optimizer,16140298752
4,7568.717,optimizer,16142813184
4,7569.979,optimizer,16144574464
4,7571.3,optimizer,16145878016
4,7572.577,optimizer,16145207296
4,7573.834,optimizer,16145907712
4,7575.11,optimizer,16146853376
4,7576.423,optimizer,16148946432
4,7577.796,optimizer,16149496320
4,7579.249,optimizer,16149740544
4,7580.735,optimizer,16152241152
4,7582.201,optimizer,16151310336
4,7583.622,optimizer,16152027136
4,7585.056,optimizer,16152515072
4,7586.449,optimizer,16153581056
4,7587.843,optimizer,16155081216
4,7589.238,optimizer,16157611520
4,7590.625,optimizer,16159144960
4,7592.038,optimizer,16158244864
4,7593.471,optimizer,16159160320
4,7594.81,optimizer,16159647232
4,7596.112,optimizer,16163166720
4,7597.365,optimizer,16162557952
4,7598.61,optimizer,16164052480
4,7599.908,optimizer,16164333056
4,7601.263,optimizer,16164820480
4,7602.738,optimizer,16165537792
4,7604.139,optimizer,16165391872
4,7605.409,optimizer,16167350784
4,7606.659,optimizer,16169866752
4,7607.89,optimizer,16171400192
4,7609.151,optimizer,16170542592
4,7610.392,optimizer,16171200512
4,7611.649,optimizer,16172146688
4,7612.901,optimizer,16172477440
4,7614.182,optimizer,16172477440
4,7615.428,optimizer,16173985792
4,7616.671,optimizer,16171560448
4,7617.906,optimizer,16172018688
4,7619.154,optimizer,16172019200
4,7620.424,optimizer,16171559936
4,7621.664,optimizer,16173984768
4,7622.879,optimizer,16171560448
4,7624.113,optimizer,16171560448
4,7625.357,optimizer,16172018688
4,7626.621,optimizer,16176409600
4,7627.855,optimizer,16171625472
4,7629.116,optimizer,16171560448
4,7630.425,optimizer,16171559936
4,7631.684,optimizer,16171559936
4,7632.884,optimizer,16173985280
4,7634.131,optimizer,16172477440
4,7635.373,optimizer,16173984768
4,7636.609,optimizer,16172018688
4,7637.839,optimizer,16171560448
4,7639.093,optimizer,16171625472
4,7640.355,optimizer,16172018688
4,7641.594,optimizer,16171559936
4,7642.827,optimizer,16171560448
4,7644.08,optimizer,16171625984
4,7645.327,optimizer,16172477440
4,7646.566,optimizer,16173985280
4,7647.795,optimizer,16172018688
4,7649.038,optimizer,16176409600
4,7650.278,optimizer,16172477440
4,7651.511,optimizer,16171560960
4,7652.735,optimizer,16182145536
4,7653.984,optimizer,16196071424
4,7655.262,optimizer,16211472896
4,7656.628,optimizer,16223694848
4,7657.896,optimizer,16237162496
4,7659.156,optimizer,16252301824
4,7660.456,optimizer,16264294912
4,7661.7,optimizer,16277533184
4,7662.889,optimizer,16292114432
4,7664.157,optimizer,16305090560
4,7665.471,optimizer,16320950784
4,7666.793,optimizer,16333894144
4,7668.075,optimizer,16221726720
4,7669.354,optimizer,16170804736
4,7670.629,optimizer,16204326400
4,7671.949,optimizer,16233883136
4,7673.211,optimizer,16266388992
4,7674.465,optimizer,16297944576
4,7675.754,optimizer,16330450432
4,7677.01,optimizer,16217073152
4,7678.255,optimizer,16182306304
4,7679.504,optimizer,16212092416
4,7680.814,optimizer,16242632192
4,7682.134,optimizer,16270026240
4,7683.403,optimizer,16300697088
4,7684.657,optimizer,16331204096
4,7685.91,optimizer,16203081216
4,7687.171,optimizer,16062408192
4,7688.429,optimizer,16002167808
4,7689.73,optimizer,15998123520
4,7691.649,optimizer,15994541568
4,7692.877,optimizer,15994541568
4,7694.118,optimizer,15994541568
4,7695.368,optimizer,15994541568
