step,t_ms,phase,alloc_bytes
3,6.413,grad,15979378176
3,12.842,grad,15979386368
3,19.192,grad,15979386368
3,25.536,grad,15979386368
3,30.066,grad,15979386368
3,31.389,grad,15986863616
3,34.376,grad,15994332672
3,35.757,grad,16003769856
3,37.035,grad,16019614208
3,38.297,grad,16078211584
3,39.563,grad,16203250176
3,40.809,grad,16281827840
3,43.179,grad,16296512000
3,44.466,grad,16306801152
3,45.727,grad,16322645504
3,47.048,grad,16358366720
3,48.295,grad,16581844480
3,49.543,grad,16594890240
3,51.635,grad,16588402176
3,52.978,grad,16598691328
3,54.288,grad,16614535680
3,55.596,grad,16650256896
3,56.832,grad,16873734656
3,58.062,grad,16872948224
3,60.249,grad,16880292352
3,61.51,grad,16890581504
3,62.771,grad,16913765888
3,64.005,grad,16980944384
3,65.24,grad,17243219456
3,66.475,grad,17164846592
3,68.78,grad,17173034496
3,70.042,grad,17182471680
3,71.322,grad,17205656064
3,72.555,grad,17234037248
3,73.798,grad,17457515008
3,75.026,grad,17472264704
3,77.05,grad,17464924672
3,78.306,grad,17474361856
3,79.546,grad,17497546240
3,80.787,grad,17525927424
3,82.019,grad,17749405184
3,83.263,grad,17749478912
3,85.276,grad,17756814848
3,86.534,grad,17766252032
3,87.79,grad,17789436416
3,89.02,grad,17856614912
3,90.254,grad,18118889984
3,91.484,grad,18041364992
3,93.507,grad,18048705024
3,94.768,grad,18058142208
3,96.015,grad,18081326592
3,97.251,grad,18148505088
3,98.503,grad,18410780160
3,99.777,grad,18333259264
3,101.752,grad,18340595200
3,103.036,grad,18350032384
3,104.322,grad,18373216768
3,105.554,grad,18401597952
3,106.793,grad,18625075712
3,108.02,grad,18639825408
3,110.058,grad,18632485376
3,111.589,grad,18641922560
3,112.844,grad,18665106944
3,114.078,grad,18732285440
3,115.311,grad,18916965888
3,116.538,grad,18931719680
3,118.435,grad,18924375552
3,119.703,grad,18933812736
3,120.949,grad,18956997120
3,122.179,grad,19024175616
3,123.408,grad,19208856064
3,124.638,grad,19208929792
3,126.619,grad,19216265728
3,127.88,grad,19225702912
3,129.134,grad,19248887296
3,130.377,grad,19316065792
3,131.617,grad,19500746240
3,132.849,grad,19500824064
3,134.805,grad,19508155904
3,136.063,grad,19517593088
3,137.313,grad,19540777472
3,138.543,grad,19607955968
3,139.783,grad,19870231040
3,141.014,grad,19792706048
3,143.073,grad,19800046080
3,144.333,grad,19809483264
3,145.585,grad,19825327616
3,146.876,grad,19861048832
3,148.12,grad,20084526592
3,149.359,grad,20099276288
3,151.456,grad,20091936256
3,152.739,grad,20101373440
3,153.985,grad,20124557824
3,155.214,grad,20152939008
3,156.443,grad,20376416768
3,157.68,grad,20391162368
3,160.031,grad,20383826432
3,161.375,grad,20393263616
3,162.644,grad,20409107968
3,163.923,grad,20444829184
3,165.162,grad,20668306944
3,166.401,grad,20683056640
3,168.496,grad,20675716608
3,169.76,grad,20685153792
3,171.012,grad,20700998144
3,172.313,grad,20736719360
3,173.558,grad,20960197120
3,174.795,grad,20974946816
3,176.841,grad,20967606784
3,178.09,grad,20977043968
3,179.336,grad,21000228352
3,180.564,grad,21028609536
3,181.808,grad,21174427136
3,183.07,grad,21305630208
3,185.458,grad,21259496960
3,186.757,grad,21268934144
3,188.004,grad,21284778496
3,189.282,grad,21320499712
3,190.522,grad,21466382848
3,191.805,grad,21529362944
3,193.999,grad,21551387136
3,195.258,grad,21560824320
3,196.528,grad,21584008704
3,197.771,grad,21651187200
3,199.0,grad,21913462272
3,200.23,grad,21835937280
3,202.252,grad,21843277312
3,203.713,grad,21852714496
3,204.966,grad,21875898880
3,206.196,grad,21904280064
3,207.426,grad,22127757824
3,208.664,grad,22142503424
3,210.803,grad,22135167488
3,212.054,grad,22144604672
3,213.306,grad,22160449024
3,214.588,grad,22196170240
3,215.815,grad,22420696576
3,217.041,grad,22435442176
3,219.16,grad,22428106240
3,220.433,grad,22437543424
3,221.691,grad,22460727808
3,222.92,grad,22489108992
3,224.157,grad,22636040704
3,225.383,grad,22713700864
3,227.521,grad,22721044992
3,228.786,grad,22730482176
3,230.033,grad,22746326528
3,231.322,grad,22782047744
3,232.559,grad,23005525504
3,233.808,grad,23020271104
3,235.935,grad,23012935168
3,237.19,grad,23022372352
3,238.461,grad,23045556736
3,239.704,grad,23073937920
3,240.936,grad,23297415680
3,242.166,grad,23312165376
3,244.268,grad,23304825344
3,245.523,grad,23314262528
3,246.778,grad,23330106880
3,248.081,grad,23365828096
3,249.33,grad,23589305856
3,250.603,grad,23604051456
3,252.973,grad,23596715520
3,254.25,grad,23606152704
3,255.512,grad,23629337088
3,256.77,grad,23657718272
3,258.011,grad,23881196032
3,259.252,grad,23895945728
3,261.368,grad,23888605696
3,262.622,grad,23898042880
3,263.865,grad,23913887232
3,265.16,grad,23949608448
3,266.406,grad,24173086208
3,267.628,grad,24187831808
3,268.866,grad,25722965504
3,271.481,grad,25092754432
3,272.737,grad,24781327872
3,273.963,grad,24781327872
3,275.183,grad,24781327872
3,276.405,grad,24781329920
3,277.633,grad,24173144576
3,278.863,grad,24123202048
3,280.092,grad,24079882752
3,281.33,grad,23951628800
3,282.672,grad,23930522112
3,283.906,grad,23903602176
3,285.828,grad,23900980736
3,287.068,grad,23920182784
3,288.755,grad,23896098304
3,289.991,grad,23900853760
3,291.22,grad,23881643520
3,292.447,grad,23799526912
3,293.691,grad,23671272960
3,294.989,grad,23650166272
3,296.219,grad,23623246336
3,297.917,grad,23620624896
3,299.197,grad,23639499264
3,300.75,grad,23615742464
3,301.988,grad,23620506112
3,303.218,grad,23562490368
3,304.448,grad,23473033728
3,305.688,grad,23383577088
3,306.954,grad,23369810432
3,308.188,grad,23342890496
3,310.514,grad,23340269056
3,311.767,grad,23359012352
3,313.728,grad,23335386624
3,314.987,grad,23340146176
3,316.22,grad,23320931840
3,317.452,grad,23238815232
3,318.692,grad,23103221248
3,320.007,grad,23089454592
3,321.247,grad,23061486080
3,323.013,grad,23059913216
3,324.351,grad,23078787584
3,325.904,grad,23055030784
3,327.164,grad,23059794432
3,328.399,grad,23001778688
3,329.646,grad,22919662080
3,330.894,grad,22830205440
3,332.143,grad,22808640000
3,333.38,grad,22779557376
3,335.257,grad,22779557376
3,336.497,grad,22798366208
3,338.037,grad,22774674944
3,339.276,grad,22779430400
3,340.507,grad,22760285696
3,341.748,grad,22692849152
3,342.976,grad,22594938368
3,344.2,grad,22541981184
3,345.427,grad,22522385920
3,347.418,grad,22498152960
3,348.693,grad,22517027328
3,350.148,grad,22493270528
3,351.385,grad,22527382016
3,352.614,grad,22478881280
3,353.839,grad,22396699136
3,355.064,grad,22306193920
3,356.294,grad,22245831168
3,357.53,grad,22217797120
3,359.481,grad,22216748544
3,360.751,grad,22235491840
3,362.358,grad,22211866112
3,363.596,grad,22216629760
3,364.826,grad,22158614016
3,366.053,grad,22115294720
3,367.29,grad,21994380800
3,368.596,grad,21965934080
3,369.826,grad,21937965568
3,371.676,grad,21936392704
3,372.923,grad,21955136000
3,374.545,grad,21931510272
3,375.802,grad,21965621760
3,377.059,grad,21917121024
3,378.294,grad,21835233792
3,379.52,grad,21745777152
3,380.759,grad,21685414400
3,381.992,grad,21656331776
3,383.836,grad,21656331776
3,385.079,grad,21675140608
3,386.768,grad,21651449344
3,388.025,grad,21656208896
3,389.262,grad,21675791872
3,390.495,grad,21516080640
3,391.733,grad,21426624000
3,392.961,grad,21405058560
3,394.189,grad,21377024512
3,395.966,grad,21375975936
3,397.262,grad,21394850304
3,398.789,grad,21371093504
3,400.029,grad,21375844864
3,401.338,grad,21356704256
3,402.583,grad,21274522112
3,403.814,grad,21177725440
3,405.046,grad,21124768256
3,406.29,grad,21095620096
3,408.082,grad,21095620096
3,409.447,grad,21114494464
3,410.945,grad,21090737664
3,412.24,grad,21095497216
3,413.541,grad,21115080192
3,414.967,grad,20994166272
3,416.248,grad,20858637824
3,417.603,grad,20844871168
3,418.862,grad,20816902656
3,420.699,grad,20815329792
3,422.013,grad,20834073088
3,423.79,grad,20810447360
3,425.059,grad,20815211008
3,426.348,grad,20834789888
3,427.607,grad,20713875968
3,428.864,grad,20585687552
3,430.108,grad,20564580864
3,431.353,grad,20537660928
3,433.166,grad,20535039488
3,434.466,grad,20553913856
3,436.003,grad,20530157056
3,437.269,grad,20534912512
3,438.532,grad,20515702272
3,439.846,grad,20433585664
3,441.102,grad,20312737280
3,442.364,grad,20283831808
3,443.624,grad,20255797760
3,446.153,grad,20254749184
3,447.442,grad,20273558016
3,449.045,grad,20249866752
3,450.31,grad,20254618112
3,451.597,grad,20313072128
3,452.854,grad,20153295360
3,454.106,grad,20056564224
3,455.36,grad,20003541504
3,456.603,grad,19975507456
3,458.347,grad,19974458880
3,459.598,grad,19993267712
3,461.112,grad,19969576448
3,462.365,grad,19974344192
3,463.612,grad,19993918976
3,464.852,grad,19873005056
3,466.116,grad,19737476608
3,467.412,grad,19723709952
3,468.659,grad,19695741440
3,470.361,grad,19694168576
3,471.641,grad,19712977408
3,473.213,grad,19689286144
3,474.471,grad,19694045696
3,475.727,grad,19674831360
3,476.959,grad,19585374720
3,478.186,grad,19503323648
3,479.417,grad,19442960896
3,480.654,grad,19414926848
3,482.402,grad,19413878272
3,483.707,grad,19433080320
3,485.365,grad,19408995840
3,486.617,grad,19406407168
3,487.873,grad,19392181760
3,489.146,grad,19312489984
3,490.379,grad,19237713408
3,491.635,grad,19177350656
3,492.903,grad,19149432320
3,494.891,grad,19133587968
3,496.173,grad,19152462336
3,497.631,grad,19128705536
3,498.868,grad,19133473280
3,500.099,grad,19075453440
3,501.333,grad,18985996800
3,502.567,grad,18933305856
3,503.83,grad,18882839040
3,505.067,grad,18855919104
3,506.777,grad,18853297664
3,508.022,grad,18872106496
3,509.714,grad,18848415232
3,510.958,grad,18860506624
3,512.2,grad,18834025984
3,513.453,grad,18751843840
3,514.72,grad,18655112704
3,515.959,grad,18602089984
3,517.192,grad,18574580224
3,518.949,grad,18573007360
3,520.197,grad,18591816192
3,521.799,grad,18568124928
3,523.076,grad,18572888576
3,524.42,grad,18553670144
3,525.752,grad,18432756224
3,527.011,grad,18343365120
3,528.322,grad,18322258432
3,529.563,grad,18294289920
3,531.62,grad,18292717056
3,532.921,grad,18311591424
3,534.511,grad,18287834624
3,535.777,grad,18292598272
3,537.014,grad,18234582528
3,538.248,grad,18145125888
3,539.478,grad,18070414848
3,540.75,grad,18041968128
3,541.986,grad,18015048192
3,543.68,grad,18012426752
3,544.964,grad,18031170048
3,546.663,grad,18007544320
3,547.908,grad,18012303872
3,549.145,grad,18031886848
3,550.378,grad,17903632896
3,551.617,grad,17814241792
3,552.856,grad,17761284608
3,554.122,grad,17732136448
3,556.052,grad,17732136448
3,557.362,grad,17751010816
3,558.893,grad,17727254016
3,560.137,grad,17732009472
3,561.372,grad,17712799232
3,562.614,grad,17630682624
3,563.861,grad,17495154176
3,565.139,grad,17481387520
3,566.383,grad,17454467584
3,568.055,grad,17451846144
3,569.342,grad,17470720512
3,570.878,grad,17446111744
3,572.118,grad,17443523072
3,573.379,grad,17429297664
3,574.634,grad,17364285952
3,575.875,grad,17282234880
3,577.11,grad,17214859776
3,578.348,grad,17206856192
3,579.583,grad,17178895872
3,580.863,grad,17201440256
3,582.238,grad,17166181888
3,583.487,grad,17174013440
3,584.767,grad,17186100736
3,586.008,grad,17112569344
3,587.251,grad,17030452736
3,588.494,grad,16941913600
3,589.736,grad,16920806912
3,590.973,grad,16892314112
3,592.808,grad,16891265536
3,594.07,grad,16910074368
3,595.775,grad,16885531136
3,597.022,grad,16890298880
3,598.266,grad,16832279040
3,599.496,grad,16742822400
3,600.737,grad,16654283264
3,601.971,grad,16640516608
3,603.212,grad,16613072384
3,604.878,grad,16610975232
3,606.194,grad,16629816832
3,607.904,grad,16606092800
3,609.144,grad,16610844160
3,610.376,grad,16591638016
3,611.607,grad,16469675520
3,612.859,grad,16371895808
3,614.144,grad,16350789120
3,615.385,grad,16323869184
3,617.403,grad,16320985600
3,618.673,grad,16339827200
3,620.269,grad,16316103168
3,621.561,grad,16306174464
3,622.873,grad,16306174464
3,624.125,grad,16306174464
3,625.497,grad,16306173952
3,627.532,grad,16306173952
3,628.878,grad,16306173952
3,630.252,grad,16306173952
3,631.529,grad,16306173952
3,635.549,grad,16306173952
3,636.924,grad,16306173952
3,638.184,grad,16323803136
3,639.432,grad,16345954304
3,640.695,grad,16361224192
3,642.514,grad,16361224192
3,643.764,grad,16361230848
3,645.113,grad,16523190272
3,646.634,grad,16523190272
3,647.876,grad,16523190272
3,649.264,grad,16523190272
3,650.705,grad,16467656192
3,651.949,grad,16302636032
3,653.328,grad,16140860416
3,659.004,grad,16140860416
3,665.381,grad,16140868608
3,671.758,grad,16140868608
3,678.108,grad,16140868608
3,683.3,grad,16140868608
3,684.595,grad,16148214784
3,685.87,grad,16163159040
3,688.132,grad,16155814912
3,689.559,grad,16165252096
3,690.896,grad,16181096448
3,692.162,grad,16239693824
3,693.424,grad,16364732416
3,694.687,grad,16504127488
3,697.177,grad,16457994240
3,698.475,grad,16468283392
3,699.742,grad,16491467776
3,700.981,grad,16558646272
3,702.213,grad,16743326720
3,703.442,grad,16764568576
3,705.424,grad,16749884416
3,706.711,grad,16760173568
3,707.962,grad,16783357952
3,709.196,grad,16850536448
3,710.429,grad,17112811520
3,711.673,grad,17049118720
3,713.718,grad,17041774592
3,714.976,grad,17052063744
3,716.245,grad,17075248128
3,717.499,grad,17142426624
3,718.757,grad,17404701696
3,719.986,grad,17326332928
3,722.268,grad,17334516736
3,723.53,grad,17343953920
3,724.808,grad,17359798272
3,726.098,grad,17395519488
3,727.343,grad,17696591872
3,728.584,grad,17633751040
3,730.464,grad,17626406912
3,731.723,grad,17635844096
3,732.963,grad,17659028480
3,734.194,grad,17726206976
3,735.45,grad,17910887424
3,736.722,grad,17925641216
3,738.651,grad,17918297088
3,739.906,grad,17927734272
3,741.161,grad,17950918656
3,742.442,grad,18018097152
3,743.706,grad,18125182976
3,744.946,grad,18217531392
3,746.891,grad,18210187264
3,748.198,grad,18219624448
3,749.457,grad,18242808832
3,750.708,grad,18309987328
3,751.941,grad,18455870464
3,753.196,grad,18509421568
3,755.185,grad,18502077440
3,756.463,grad,18511514624
3,757.733,grad,18534699008
3,758.965,grad,18601877504
3,760.226,grad,18747760640
3,761.46,grad,18801311744
3,763.339,grad,18793967616
3,764.85,grad,18794459136
3,766.178,grad,18810744832
3,767.435,grad,18841334784
3,768.682,grad,18908513280
3,769.917,grad,19039650816
3,772.678,grad,19085857792
3,773.946,grad,19095294976
3,775.195,grad,19118479360
3,776.441,grad,19185657856
3,777.692,grad,19292743680
3,778.92,grad,19377747968
3,780.748,grad,19377747968
3,782.006,grad,19387185152
3,783.274,grad,19425049600
3,784.506,grad,19492228096
3,785.751,grad,19662228480
3,787.003,grad,19684322304
3,788.877,grad,19669638144
3,790.133,grad,19679075328
3,791.386,grad,19702259712
3,792.649,grad,19769438208
3,793.935,grad,19915321344
3,796.801,grad,19961528320
3,798.073,grad,19970965504
3,799.323,grad,20008829952
3,800.556,grad,20076008448
3,801.811,grad,20207211520
3,804.512,grad,20253418496
3,805.78,grad,20262855680
3,807.061,grad,20286040064
3,808.3,grad,20367898624
3,809.539,grad,20499101696
3,812.514,grad,20545308672
3,813.787,grad,20554745856
3,815.046,grad,20592610304
3,816.314,grad,20645108736
3,817.629,grad,20790991872
3,818.875,grad,20837198848
3,820.475,grad,20837198848
3,821.741,grad,20846636032
3,823.008,grad,20884500480
3,824.244,grad,20951678976
3,825.54,grad,21082882048
3,828.293,grad,21129089024
3,829.586,grad,21138526208
3,830.841,grad,21176390656
3,832.077,grad,21243569152
3,833.313,grad,21374772224
3,836.128,grad,21420979200
3,837.429,grad,21430416384
3,838.701,grad,21468280832
3,839.934,grad,21535459328
3,841.217,grad,21666662400
3,843.951,grad,21712869376
3,845.21,grad,21722306560
3,846.494,grad,21745490944
3,847.78,grad,21827349504
3,849.064,grad,21958552576
3,851.833,grad,22004759552
3,853.204,grad,22014196736
3,854.477,grad,22037381120
3,855.721,grad,22065762304
3,856.985,grad,22366834688
3,858.25,grad,22318673920
3,860.06,grad,22296649728
3,861.337,grad,22313426944
3,862.636,grad,22344016896
3,863.864,grad,22411195392
3,865.103,grad,22549672960
3,867.944,grad,22588539904
3,869.213,grad,22597977088
3,870.46,grad,22635841536
3,871.724,grad,22703020032
3,872.955,grad,22841563136
3,875.591,grad,22880430080
3,876.845,grad,22889867264
3,878.099,grad,22927797248
3,879.334,grad,22994975744
3,880.565,grad,23134501888
3,883.193,grad,23173368832
3,884.453,grad,23182806016
3,885.704,grad,23205990400
3,886.94,grad,23273168896
3,888.181,grad,23457849344
3,891.012,grad,23465259008
3,892.274,grad,23474696192
3,893.563,grad,23497880576
3,894.831,grad,23579739136
3,896.065,grad,23711990784
3,899.237,grad,23758197760
3,900.502,grad,23767634944
3,901.764,grad,23783479296
3,903.074,grad,23819200512
3,904.315,grad,24042678272
3,905.547,grad,24057423872
3,907.829,grad,24050087936
3,909.209,grad,24059525120
3,910.476,grad,24075369472
3,911.838,grad,24111090688
3,913.089,grad,24334568448
3,914.335,grad,24349314048
3,915.567,grad,25884439552
3,918.312,grad,25254236672
3,919.571,grad,24942810112
3,920.813,grad,24942810112
3,922.045,grad,24942810112
3,923.275,grad,24942810112
3,924.505,grad,24334635008
3,925.752,grad,24322760704
3,926.996,grad,24241692672
3,928.257,grad,24112390144
3,929.545,grad,24091283456
3,930.79,grad,24064363520
3,932.583,grad,24061742080
3,933.828,grad,24080485376
3,935.495,grad,24056859648
3,936.754,grad,24061619200
3,938.01,grad,24003607552
3,939.244,grad,23921490944
3,940.472,grad,23824694272
3,941.731,grad,23810927616
3,942.973,grad,23782959104
3,944.724,grad,23781386240
3,945.965,grad,23800195072
3,947.604,grad,23776503808
3,948.867,grad,23781263360
3,950.109,grad,23762049024
3,951.344,grad,23678883840
3,952.582,grad,23550629888
3,953.81,grad,23529064448
3,955.035,grad,23501030400
3,956.884,grad,23499981824
3,958.193,grad,23518856192
3,960.109,grad,23495099392
3,961.385,grad,23499863040
3,962.619,grad,23441847296
3,963.849,grad,23391187968
3,965.081,grad,23299638272
3,966.325,grad,23249101824
3,967.56,grad,23222771712
3,969.172,grad,23219625984
3,970.42,grad,23238434816
3,972.042,grad,23214743552
3,973.288,grad,23219494912
3,974.521,grad,23192948736
3,975.761,grad,23109783552
3,976.998,grad,22996209664
3,978.267,grad,22982443008
3,979.516,grad,22940318720
3,981.243,grad,22938221568
3,982.552,grad,22957095936
3,984.034,grad,22933339136
3,985.278,grad,22938102784
3,986.514,grad,22918884352
3,987.758,grad,22836767744
3,989.007,grad,22701173760
3,990.247,grad,22687407104
3,991.478,grad,22659962880
3,993.102,grad,22657865728
3,994.371,grad,22676740096
3,995.811,grad,22652983296
3,997.054,grad,22657742848
3,998.306,grad,22599731200
3,999.541,grad,22549071872
3,1000.791,grad,22428157952
3,1002.022,grad,22406985728
3,1003.254,grad,22379607040
3,1005.018,grad,22377509888
3,1006.413,grad,22396384256
3,1007.916,grad,22372627456
3,1009.17,grad,22377382912
3,1010.407,grad,22319375360
3,1011.635,grad,22244598784
3,1012.865,grad,22177162240
3,1014.096,grad,22126629888
3,1015.331,grad,22098202624
3,1016.894,grad,22097154048
3,1018.171,grad,22116028416
3,1019.645,grad,22092271616
3,1020.885,grad,22097031168
3,1022.12,grad,22039314432
3,1023.353,grad,21988655104
3,1024.582,grad,21897105408
3,1025.811,grad,21846568960
3,1027.045,grad,21818665984
3,1029.126,grad,21817093120
3,1030.398,grad,21835836416
3,1032.061,grad,21812210688
3,1033.306,grad,21816962048
3,1034.54,grad,21790415872
3,1035.781,grad,21630704640
3,1037.01,grad,21616749568
3,1038.246,grad,21566213120
3,1039.493,grad,21539358720
3,1041.291,grad,21536737280
3,1042.568,grad,21555611648
3,1044.025,grad,21531854848
3,1045.27,grad,21529266176
3,1046.63,grad,21517465600
3,1047.875,grad,21449963520
3,1049.128,grad,21338486784
3,1050.368,grad,21285464064
3,1051.602,grad,21289003008
3,1053.583,grad,21256381440
3,1054.864,grad,21275255808
3,1056.318,grad,21251499008
3,1057.561,grad,21256266752
3,1058.829,grad,21198246912
3,1060.065,grad,21108855808
3,1061.303,grad,21034079232
3,1062.534,grad,21020312576
3,1063.775,grad,20979236864
3,1065.351,grad,20976091136
3,1066.658,grad,20994965504
3,1068.182,grad,20971208704
3,1069.458,grad,20975960064
3,1070.722,grad,20917956608
3,1071.961,grad,20836233216
3,1073.193,grad,20754116608
3,1074.421,grad,20725604352
3,1075.664,grad,20697177088
3,1077.242,grad,20696128512
3,1078.535,grad,20715002880
3,1080.018,grad,20691246080
3,1081.262,grad,20696009728
3,1082.495,grad,20637993984
3,1083.747,grad,20548537344
3,1084.976,grad,20495784960
3,1086.205,grad,20445248512
3,1087.435,grad,20416821248
3,1089.247,grad,20415772672
3,1090.547,grad,20434647040
3,1092.073,grad,20410890240
3,1093.316,grad,20415657984
3,1094.562,grad,20357703680
3,1095.809,grad,20275587072
3,1097.039,grad,20215490560
3,1098.272,grad,20164958208
3,1099.52,grad,20137579520
3,1101.112,grad,20135482368
3,1102.356,grad,20154291200
3,1103.927,grad,20130599936
3,1105.167,grad,20135351296
3,1106.417,grad,20116210688
3,1107.672,grad,20002636800
3,1108.919,grad,19920520192
3,1110.171,grad,19884667904
3,1111.405,grad,19858337792
3,1113.062,grad,19855192064
3,1114.333,grad,19874066432
3,1115.866,grad,19850309632
3,1117.114,grad,19855060992
3,1118.355,grad,19835854848
3,1119.609,grad,19668803584
3,1120.854,grad,19625488384
3,1122.089,grad,19604312064
3,1123.322,grad,19575884800
3,1124.939,grad,19574836224
3,1126.241,grad,19593710592
3,1127.775,grad,19569953792
3,1129.017,grad,19567365120
3,1130.366,grad,19555564544
3,1131.606,grad,19473382400
3,1132.846,grad,19383925760
3,1134.08,grad,19323563008
3,1135.31,grad,19295528960
3,1137.053,grad,19294480384
3,1138.302,grad,19313289216
3,1140.044,grad,19289597952
3,1141.32,grad,19294365696
3,1142.566,grad,19236345856
3,1143.828,grad,19146889216
3,1145.083,grad,19079518208
3,1146.337,grad,19058345984
3,1147.586,grad,19016287232
3,1149.298,grad,19014190080
3,1150.671,grad,19033064448
3,1152.425,grad,19009307648
3,1153.677,grad,19014071296
3,1154.915,grad,18956055552
3,1156.143,grad,18866598912
3,1157.37,grad,18813846528
3,1158.611,grad,18763310080
3,1159.864,grad,18736979968
3,1161.466,grad,18733834240
3,1162.788,grad,18752708608
3,1164.236,grad,18728951808
3,1165.473,grad,18733719552
3,1166.719,grad,18675699712
3,1167.953,grad,18586308608
3,1169.189,grad,18496851968
3,1170.435,grad,18497765376
3,1171.676,grad,18456689664
3,1173.454,grad,18453543936
3,1174.763,grad,18472418304
3,1176.216,grad,18448661504
3,1177.456,grad,18453425152
3,1178.703,grad,18434206720
3,1179.957,grad,18352483328
3,1181.197,grad,18223901696
3,1182.436,grad,18217475072
3,1183.673,grad,18176399360
3,1185.264,grad,18173253632
3,1186.607,grad,18192128000
3,1188.113,grad,18168371200
3,1189.357,grad,18173130752
3,1190.609,grad,18192713728
3,1191.85,grad,18033395712
3,1193.08,grad,17943545856
3,1194.311,grad,17922373632
3,1195.543,grad,17894994944
3,1197.057,grad,17892897792
3,1198.36,grad,17911772160
3,1199.883,grad,17888015360
3,1201.139,grad,17892766720
3,1202.375,grad,17866220544
3,1203.601,grad,17745306624
3,1204.834,grad,17663263744
3,1206.062,grad,17634743296
3,1207.292,grad,17619947520
3,1208.793,grad,17612607488
3,1210.059,grad,17631416320
3,1211.642,grad,17606873088
3,1212.886,grad,17611624448
3,1214.184,grad,17604739072
3,1215.418,grad,17509908480
3,1216.666,grad,17428250624
3,1217.899,grad,17375227904
3,1219.137,grad,17364938752
3,1221.14,grad,17331465216
3,1222.415,grad,17350339584
3,1223.907,grad,17326582784
3,1225.147,grad,17331334144
3,1226.396,grad,17312128000
3,1227.635,grad,17145076736
3,1228.872,grad,17132035072
3,1230.124,grad,17081502720
3,1231.373,grad,17054124032
3,1232.97,grad,17052026880
3,1234.276,grad,17070901248
3,1235.82,grad,17046292480
3,1237.064,grad,17051056128
3,1238.301,grad,16993040384
3,1239.538,grad,16957061120
3,1240.819,grad,16852989952
3,1242.059,grad,16800819200
3,1243.291,grad,16773309440
3,1245.022,grad,16771736576
3,1246.326,grad,16790676480
3,1247.976,grad,16766854144
3,1249.27,grad,16771613696
3,1250.585,grad,16751547392
3,1251.838,grad,16669430784
3,1253.074,grad,16577942528
3,1254.31,grad,16510239744
3,1255.551,grad,16482205696
3,1257.643,grad,16480894976
3,1258.964,grad,16499834880
3,1260.536,grad,16476012544
3,1261.813,grad,16466083840
3,1263.049,grad,16466083840
3,1264.275,grad,16466083840
3,1266.064,grad,16466083328
3,1268.489,grad,16466083328
3,1270.005,grad,16466083328
3,1271.347,grad,16466083328
3,1272.601,grad,16466083328
3,1276.338,grad,16466083328
3,1277.727,grad,16466083328
3,1278.965,grad,16482336256
3,1280.199,grad,16503963136
3,1281.48,grad,16521133568
3,1283.373,grad,16521133568
3,1284.635,grad,16521459200
3,1286.275,grad,16683099648
3,1287.592,grad,16683099648
3,1289.155,grad,16683099648
3,1290.414,grad,16667305984
3,1291.686,grad,16615047680
3,1292.933,grad,16439738880
3,1294.219,grad,16302342656
3,1295.456,grad,16328655360
3,1296.702,grad,16359555584
3,1297.949,grad,16391143936
3,1299.182,grad,16421782016
3,1300.443,grad,16452780544
3,1306.824,grad,16141844992
3,1313.211,grad,16141853184
3,1319.568,grad,16141853184
3,1325.918,grad,16141853184
3,1331.264,grad,16141853184
3,1332.692,grad,16149330432
3,1335.711,grad,16156799488
3,1337.086,grad,16166236672
3,1338.354,grad,16182081024
3,1339.59,grad,16218658304
3,1340.832,grad,16366634496
3,1342.079,grad,16451634688
3,1344.292,grad,16458978816
3,1345.552,grad,16469267968
3,1346.819,grad,16485112320
3,1348.05,grad,16520833536
3,1349.301,grad,16744311296
3,1350.537,grad,16742681088
3,1352.707,grad,16750868992
3,1353.971,grad,16760306176
3,1355.217,grad,16784342528
3,1356.446,grad,16851521024
3,1357.691,grad,17036201472
3,1358.921,grad,17058295296
3,1360.89,grad,17043611136
3,1362.162,grad,17053048320
3,1363.411,grad,17076232704
3,1364.594,grad,17143411200
3,1365.829,grad,17289294336
3,1367.069,grad,17350185472
3,1369.272,grad,17335501312
3,1370.539,grad,17344938496
3,1371.832,grad,17368122880
3,1373.071,grad,17435301376
3,1374.306,grad,17619981824
3,1375.562,grad,17627391488
3,1377.372,grad,17627391488
3,1378.626,grad,17636828672
3,1379.872,grad,17660013056
3,1381.145,grad,17727191552
3,1382.364,grad,17834277376
3,1383.655,grad,17926625792
3,1385.556,grad,17919281664
3,1386.844,grad,17928718848
3,1388.095,grad,17951903232
3,1389.337,grad,18019081728
3,1390.618,grad,18164964864
3,1391.873,grad,18225856000
3,1393.734,grad,18211171840
3,1394.99,grad,18220609024
3,1396.246,grad,18258473472
3,1397.49,grad,18325717504
3,1398.74,grad,18464195072
3,1401.471,grad,18503062016
3,1402.753,grad,18512499200
3,1404.001,grad,18550363648
3,1405.238,grad,18617607680
3,1406.515,grad,18756085248
3,1409.099,grad,18794952192
3,1410.527,grad,18804389376
3,1411.895,grad,18827573760
3,1413.154,grad,18894752256
3,1414.396,grad,19040635392
3,1415.629,grad,19108866560
3,1417.452,grad,19086842368
3,1418.719,grad,19096279552
3,1419.972,grad,19134144000
3,1421.224,grad,19201322496
3,1422.464,grad,19332525568
3,1425.231,grad,19378732544
3,1426.488,grad,19388169728
3,1427.764,grad,19426034176
3,1428.996,grad,19493278208
3,1430.226,grad,19631755776
3,1432.902,grad,19670622720
3,1434.155,grad,19680059904
3,1435.42,grad,19703244288
3,1436.664,grad,19785102848
3,1437.961,grad,19916305920
3,1440.818,grad,19962512896
3,1442.085,grad,19971950080
3,1443.332,grad,19995134464
3,1444.563,grad,20062312960
3,1445.836,grad,20208196096
3,1447.089,grad,20254407168
3,1449.005,grad,20254403072
3,1450.261,grad,20263840256
3,1451.508,grad,20287024640
3,1452.758,grad,20354203136
3,1454.017,grad,20500086272
3,1455.264,grad,20568317440
3,1457.342,grad,20546293248
3,1458.603,grad,20555730432
3,1459.88,grad,20578914816
3,1461.121,grad,20646093312
3,1462.351,grad,20791976448
3,1463.586,grad,20830851584
3,1465.55,grad,20838183424
3,1466.827,grad,20847620608
3,1468.089,grad,20870804992
3,1469.326,grad,20937983488
3,1470.561,grad,21083866624
3,1471.837,grad,21137417728
3,1473.827,grad,21130073600
3,1475.082,grad,21139510784
3,1476.347,grad,21162695168
3,1477.632,grad,21229873664
3,1478.871,grad,21375756800
3,1480.101,grad,21443987968
3,1481.982,grad,21421963776
3,1483.236,grad,21431400960
3,1484.487,grad,21469265408
3,1485.737,grad,21521763840
3,1486.972,grad,21667646976
3,1488.226,grad,21713858048
3,1490.088,grad,21713853952
3,1491.348,grad,21723291136
3,1492.6,grad,21746475520
3,1493.884,grad,21813654016
3,1495.193,grad,21959537152
3,1498.059,grad,22005744128
3,1499.467,grad,22015181312
3,1500.747,grad,22038365696
3,1501.984,grad,22105544192
3,1503.244,grad,22251427328
3,1504.504,grad,22312318464
3,1506.442,grad,22297634304
3,1507.713,grad,22307071488
3,1508.956,grad,22344935936
3,1510.187,grad,22412114432
3,1511.451,grad,22543317504
3,1514.179,grad,22589524480
3,1515.433,grad,22606301696
3,1516.685,grad,22636891648
3,1517.916,grad,22704070144
3,1519.146,grad,22842547712
3,1521.858,grad,22881414656
3,1523.112,grad,22890851840
3,1524.358,grad,22928781824
3,1525.602,grad,22995894784
3,1526.877,grad,23127097856
3,1528.134,grad,23187988992
3,1530.055,grad,23173304832
3,1531.322,grad,23182742016
3,1532.597,grad,23220606464
3,1533.842,grad,23287850496
3,1535.074,grad,23426328064
3,1537.666,grad,23465195008
3,1538.917,grad,23474632192
3,1540.163,grad,23512562176
3,1541.392,grad,23579740672
3,1542.621,grad,23718218240
3,1545.43,grad,23757085184
3,1546.701,grad,23773862400
3,1547.952,grad,23804452352
3,1549.183,grad,23871630848
3,1550.415,grad,24087703040
3,1553.019,grad,24048975360
3,1554.271,grad,24058412544
3,1555.512,grad,24096276992
3,1556.759,grad,24163521024
3,1557.99,grad,24294658560
3,1559.265,grad,24326185472
3,1560.499,grad,25883338752
3,1562.841,grad,25253124096
3,1564.091,grad,24941697536
3,1565.319,grad,24941697536
3,1566.554,grad,24941697536
3,1567.795,grad,24941698048
3,1569.026,grad,24326174208
3,1570.308,grad,24322434560
3,1571.54,grad,24232912384
3,1572.792,grad,24104658432
3,1574.044,grad,24090891776
3,1575.277,grad,24064496128
3,1576.945,grad,24061350400
3,1578.249,grad,24080552448
3,1579.908,grad,24056467968
3,1581.156,grad,24061219328
3,1582.406,grad,23995875840
3,1583.676,grad,23952556544
3,1584.914,grad,23875678720
3,1586.156,grad,23795790336
3,1587.397,grad,23780994560
3,1588.642,grad,23795674624
3,1590.141,grad,23775620608
3,1591.379,grad,23783452160
3,1592.635,grad,23810219520
3,1593.902,grad,23676722688
3,1595.22,grad,23674625536
3,1596.454,grad,23543942656
3,1597.698,grad,23536463360
3,1598.929,grad,23501687296
3,1600.192,grad,23530523136
3,1601.524,grad,23495264768
3,1602.973,grad,23495756288
3,1604.268,grad,23500515840
3,1605.514,grad,23442504192
3,1606.765,grad,23314250240
3,1608.002,grad,23270939136
3,1609.234,grad,23249758720
3,1610.469,grad,23239157248
3,1611.843,grad,23220282880
3,1613.093,grad,23222248960
3,1614.507,grad,23215400448
3,1615.766,grad,23220151808
3,1617.017,grad,23193605632
3,1618.25,grad,23189083648
3,1619.48,grad,23005976064
3,1620.718,grad,22955443712
3,1621.951,grad,22940647936
3,1623.19,grad,22970073600
3,1624.658,grad,22935273984
3,1625.905,grad,22943105536
3,1627.149,grad,22955192832
3,1628.388,grad,22875173376
3,1629.619,grad,22831854080
3,1630.855,grad,22740296192
3,1632.093,grad,22675087872
3,1633.332,grad,22660292096
3,1634.585,grad,22674972160
3,1636.07,grad,22654918144
3,1637.307,grad,22662749696
3,1638.543,grad,22689517056
3,1639.791,grad,22602157568
3,1641.024,grad,22474198528
3,1642.257,grad,22430887424
3,1643.516,grad,22409707008
3,1644.781,grad,22391241216
3,1647.217,grad,22380231168
3,1648.486,grad,22384425472
3,1649.902,grad,22375348736
3,1651.148,grad,22380112384
3,1652.382,grad,22322096640
3,1653.651,grad,22271437312
3,1654.912,grad,22150531584
3,1656.154,grad,22122011136
3,1657.388,grad,22118225408
3,1658.722,grad,22099875328
3,1659.973,grad,22118749696
3,1661.37,grad,22094992896
3,1662.62,grad,22099744256
3,1663.876,grad,22073263616
3,1665.118,grad,21991147008
3,1666.371,grad,21899589120
3,1667.612,grad,21834380800
3,1668.863,grad,21819585024
3,1670.097,grad,21849010688
3,1671.503,grad,21814211072
3,1672.775,grad,21822042624
3,1674.027,grad,21834129920
3,1675.273,grad,21792973312
3,1676.503,grad,21713347072
3,1677.742,grad,21582598656
3,1678.97,grad,21558809088
3,1680.198,grad,21540343296
3,1681.5,grad,21569179136
3,1682.866,grad,21533920768
3,1684.12,grad,21541785088
3,1685.633,grad,21583199744
3,1686.888,grad,21435088384
3,1688.186,grad,21432991232
3,1689.426,grad,21324328448
3,1690.678,grad,21278576128
3,1691.915,grad,21260052992
3,1693.171,grad,21288430080
3,1694.71,grad,21253630464
3,1695.969,grad,21261462016
3,1697.23,grad,21288229376
3,1698.493,grad,21154798080
3,1699.85,grad,21153094144
3,1701.094,grad,21022411264
3,1702.337,grad,21013359104
3,1703.589,grad,20979107328
3,1704.913,grad,21008991744
3,1706.274,grad,20973733376
3,1707.524,grad,20981564928
3,1708.777,grad,20993656320
3,1710.016,grad,20991227392
3,1711.255,grad,20870313472
3,1712.491,grad,20749415936
3,1713.755,grad,20728227328
3,1715.016,grad,20709761536
3,1716.403,grad,20698751488
3,1717.68,grad,20717625856
3,1719.098,grad,20693869056
3,1720.346,grad,20698620416
3,1721.585,grad,20710871552
3,1722.817,grad,20551225856
3,1724.058,grad,20469117440
3,1725.31,grad,20440596992
3,1726.547,grad,20436811264
3,1728.162,grad,20418461184
3,1729.733,grad,20413087232
3,1730.998,grad,20420951552
3,1732.242,grad,20403645952
3,1733.483,grad,20391783936
3,1734.829,grad,20312157696
3,1736.07,grad,20174134784
3,1737.311,grad,20172422656
3,1738.545,grad,20139219456
3,1739.829,grad,20138170880
3,1741.076,grad,20156979712
3,1742.652,grad,20133288448
3,1743.897,grad,20138048000
3,1745.146,grad,20118833664
3,1746.417,grad,19990645248
3,1747.669,grad,19923208704
3,1748.954,grad,19887421952
3,1750.193,grad,19859977728
3,1752.197,grad,19857880576
3,1753.506,grad,19876754944
3,1755.027,grad,19852998144
3,1756.278,grad,19857749504
3,1757.512,grad,19831203328
3,1758.754,grad,19749152256
3,1759.988,grad,19628238336
3,1761.218,grad,19592386048
3,1762.446,grad,19577590272
3,1763.703,grad,19592270336
3,1765.218,grad,19572216320
3,1766.464,grad,19580047872
3,1768.008,grad,19592135168
3,1769.261,grad,19512115712
3,1770.496,grad,19468861952
3,1771.737,grad,19377304064
3,1772.97,grad,19312095744
3,1774.205,grad,19311980032
3,1775.456,grad,19311980032
3,1776.946,grad,19291926016
3,1778.189,grad,19299757568
3,1779.425,grad,19311844864
3,1780.668,grad,19231825408
3,1781.905,grad,19188571648
3,1783.14,grad,19082333696
3,1784.38,grad,19031805440
3,1785.598,grad,19039029760
3,1786.84,grad,19017009664
3,1788.081,grad,19035949568
3,1789.517,grad,19012127232
3,1790.771,grad,19016886784
3,1792.009,grad,18997672448
3,1793.247,grad,18869484032
3,1794.484,grad,18816727552
3,1795.759,grad,18766195200
3,1797.0,grad,18737767936
3,1798.564,grad,18736719360
3,1799.849,grad,18738750976
3,1801.284,grad,18731836928
3,1802.524,grad,18736588288
3,1803.767,grad,18717382144
3,1805.026,grad,18589193728
3,1806.286,grad,18507085312
3,1807.521,grad,18478564864
3,1808.76,grad,18474779136
3,1810.297,grad,18456429056
3,1811.561,grad,18458395136
3,1812.948,grad,18451546624
3,1814.194,grad,18456306176
3,1815.445,grad,18429751808
3,1816.695,grad,18308903424
3,1817.929,grad,18226803200
3,1819.163,grad,18198274560
3,1820.396,grad,18198158848
3,1821.626,grad,18176138752
3,1823.123,grad,18170764800
3,1824.396,grad,18178596352
3,1825.647,grad,18205363712
3,1826.896,grad,18149461504
3,1828.141,grad,18067410432
3,1829.376,grad,17975852544
3,1830.607,grad,17910644224
3,1831.837,grad,17895848448
3,1833.065,grad,17925274112
3,1834.568,grad,17890474496
3,1835.843,grad,17898306048
3,1837.082,grad,17925073408
3,1838.325,grad,17907968512
3,1839.556,grad,17787120128
3,1840.796,grad,17695566336
3,1842.03,grad,17652374016
3,1843.269,grad,17622898176
3,1844.809,grad,17615558144
3,1846.097,grad,17634432512
3,1847.532,grad,17610675712
3,1848.787,grad,17608087040
3,1850.036,grad,17673881088
3,1851.278,grad,17514169856
3,1852.511,grad,17424713216
3,1853.754,grad,17364350464
3,1854.991,grad,17336840704
3,1856.668,grad,17335267840
3,1857.916,grad,17354207744
3,1859.334,grad,17330385408
3,1860.582,grad,17335136768
3,1861.817,grad,17308590592
3,1863.047,grad,17226539520
3,1864.282,grad,17105637888
3,1865.547,grad,17077113344
3,1866.812,grad,17061465600
3,1868.222,grad,17054125568
3,1869.466,grad,17073065472
3,1870.908,grad,17048391168
3,1872.159,grad,17053142528
3,1873.397,grad,17026596352
3,1874.635,grad,16913939968
3,1875.885,grad,16838311424
3,1877.119,grad,16804163072
3,1878.357,grad,16777832960
3,1880.01,grad,16773835264
3,1881.333,grad,16792709632
3,1882.845,grad,16768952832
3,1884.087,grad,16773720576
3,1885.331,grad,16792443392
3,1886.587,grad,16632601088
3,1887.821,grad,16548583936
3,1889.083,grad,16512797184
3,1890.321,grad,16485877248
3,1892.27,grad,16482993664
3,1893.587,grad,16501966336
3,1895.143,grad,16478111232
3,1896.407,grad,16468182528
3,1897.66,grad,16468182528
3,1898.895,grad,16468182528
3,1900.124,grad,16468182528
3,1903.248,grad,16468182016
3,1904.494,grad,16468182016
3,1905.873,grad,16468182016
3,1907.139,grad,16468182016
3,1911.689,grad,16468182016
3,1913.088,grad,16468182016
3,1914.357,grad,16478536704
3,1915.616,grad,16492758016
3,1916.872,grad,16507503616
3,1918.108,grad,16521790464
3,1921.22,grad,16523232256
3,1922.478,grad,16523242496
3,1923.735,grad,16685198336
3,1924.982,grad,16685198336
3,1926.244,grad,16685198336
3,1927.549,grad,16685198336
3,1928.812,grad,16685198336
3,1930.082,grad,16685198336
3,1931.324,grad,16684215808
3,1932.787,grad,16629664256
3,1934.021,grad,16477947904
3,1935.267,grad,16323774464
3,1936.52,grad,16314140672
3,1937.78,grad,16336455680
3,1939.022,grad,16356771840
3,1940.279,grad,16379348992
3,1941.511,grad,16401467392
3,1942.751,grad,16420210688
3,1944.002,grad,16442066944
3,1945.243,grad,16461629440
3,1946.53,grad,16403269632
3,1947.816,grad,16307587072
3,1954.162,grad,16143452160
3,1960.53,grad,16143460352
3,1966.899,grad,16143460352
3,1973.257,grad,16143460352
3,1979.2,grad,16143460352
3,1980.525,grad,16150937600
3,1983.568,grad,16158406656
3,1984.978,grad,16167843840
3,1986.319,grad,16183688192
3,1987.669,grad,16219409408
3,1988.923,grad,16521530368
3,1990.162,grad,16451353600
3,1992.146,grad,16458685440
3,1993.407,grad,16468122624
3,1994.667,grad,16483966976
3,1995.916,grad,16519688192
3,1997.169,grad,16820760576
3,1998.403,grad,16765259776
3,2000.267,grad,16750575616
3,2001.523,grad,16760012800
3,2002.785,grad,16797877248
3,2004.018,grad,16865055744
3,2005.258,grad,16996258816
3,2006.498,grad,17064489984
3,2008.356,grad,17042465792
3,2009.611,grad,17051902976
3,2010.854,grad,17089767424
3,2012.118,grad,17156945920
3,2013.359,grad,17288148992
3,2016.443,grad,17334355968
3,2017.75,grad,17343793152
3,2019.002,grad,17381657600
3,2020.242,grad,17448836096
3,2021.477,grad,17580039168
3,2024.139,grad,17626246144
3,2025.401,grad,17635683328
3,2026.61,grad,17658867712
3,2027.869,grad,17726046208
3,2029.11,grad,17910726656
3,2030.348,grad,17940160512
3,2032.245,grad,17918136320
3,2033.507,grad,17927573504
3,2034.762,grad,17950757888
3,2036.002,grad,18017936384
3,2037.256,grad,18280211456
3,2038.505,grad,18217370624
3,2040.481,grad,18210026496
3,2041.754,grad,18219463680
3,2043.003,grad,18242648064
3,2044.274,grad,18309826560
3,2045.51,grad,18494507008
3,2046.772,grad,18509260800
3,2048.762,grad,18501916672
3,2050.024,grad,18511353856
3,2051.275,grad,18534538240
3,2052.543,grad,18601716736
3,2053.795,grad,18747599872
3,2055.024,grad,18815831040
3,2056.912,grad,18793806848
3,2058.412,grad,18803244032
3,2059.684,grad,18826428416
3,2060.919,grad,18893606912
3,2062.159,grad,19078287360
3,2065.134,grad,19085697024
3,2066.443,grad,19095134208
3,2067.734,grad,19110978560
3,2068.977,grad,19146699776
3,2070.214,grad,19447772160
3,2071.448,grad,19392271360
3,2073.393,grad,19377587200
3,2074.664,grad,19387024384
3,2075.91,grad,19410208768
3,2077.173,grad,19477387264
3,2078.467,grad,19623270400
3,2081.292,grad,19669477376
3,2082.553,grad,19678914560
3,2083.837,grad,19702098944
3,2085.074,grad,19769277440
3,2086.326,grad,19953957888
3,2087.586,grad,19983391744
3,2089.47,grad,19961367552
3,2090.749,grad,19970804736
3,2091.998,grad,19993989120
3,2093.239,grad,20061167616
3,2094.47,grad,20207050752
3,2095.721,grad,20260601856
3,2097.632,grad,20253257728
3,2098.911,grad,20262694912
3,2100.163,grad,20300559360
3,2101.393,grad,20367737856
3,2102.626,grad,20498940928
3,2105.666,grad,20545147904
3,2106.951,grad,20561925120
3,2108.207,grad,20592515072
3,2109.44,grad,20659693568
3,2110.702,grad,20798171136
3,2113.303,grad,20837038080
3,2114.587,grad,20846475264
3,2115.845,grad,20869659648
3,2117.104,grad,20936838144
3,2118.386,grad,21082721280
3,2121.106,grad,21128928256
3,2122.367,grad,21145705472
3,2123.606,grad,21176295424
3,2124.834,grad,21243473920
3,2126.063,grad,21381951488
3,2128.685,grad,21420818432
3,2129.947,grad,21430255616
3,2131.194,grad,21468120064
3,2132.424,grad,21535364096
3,2133.661,grad,21673841664
3,2136.324,grad,21712708608
3,2137.591,grad,21729485824
3,2138.851,grad,21760075776
3,2140.084,grad,21827254272
3,2141.321,grad,21965731840
3,2143.931,grad,22004598784
3,2145.325,grad,22014035968
3,2146.639,grad,22037220352
3,2147.904,grad,22104398848
3,2149.224,grad,22250281984
3,2151.928,grad,22296488960
3,2153.184,grad,22305926144
3,2154.436,grad,22343856128
3,2155.699,grad,22411034624
3,2156.94,grad,22549512192
3,2159.559,grad,22588379136
3,2160.827,grad,22597816320
3,2162.075,grad,22635746304
3,2163.311,grad,22780519424
3,2164.542,grad,22918996992
3,2167.087,grad,22880269312
3,2168.357,grad,22889706496
3,2169.631,grad,22927570944
3,2170.862,grad,22994814976
3,2172.129,grad,23133292544
3,2174.775,grad,23172159488
3,2176.032,grad,23181596672
3,2177.287,grad,23204781056
3,2178.558,grad,23286639616
3,2179.808,grad,23425182720
3,2182.431,grad,23464049664
3,2183.695,grad,23473486848
3,2184.94,grad,23511351296
3,2186.172,grad,23578529792
3,2187.452,grad,23709732864
3,2190.441,grad,23755939840
3,2191.718,grad,23765377024
3,2192.965,grad,23803241472
3,2194.195,grad,23870485504
3,2195.426,grad,24008963072
3,2198.106,grad,24047830016
3,2199.374,grad,24057267200
3,2200.62,grad,24095131648
3,2201.852,grad,24162310144
3,2203.081,grad,24300853248
3,2204.315,grad,24325036032
3,2205.555,grad,25882193408
3,2207.848,grad,25251978752
3,2209.107,grad,24940552192
3,2210.345,grad,24940552192
3,2211.589,grad,24940552192
3,2212.815,grad,24940552704
3,2214.048,grad,24636455936
3,2215.286,grad,24318143488
3,2216.519,grad,24253852672
3,2217.778,grad,24165051392
3,2219.031,grad,24104688640
3,2220.277,grad,24085158912
3,2222.286,grad,24060925952
3,2223.535,grad,24079669248
3,2225.196,grad,24056043520
3,2226.436,grad,24060803072
3,2227.695,grad,24041588736
3,2228.955,grad,23920674816
3,2230.198,grad,23838558208
3,2231.476,grad,23810045952
3,2232.731,grad,23783715840
3,2234.35,grad,23780570112
3,2235.637,grad,23799444480
3,2237.223,grad,23775687680
3,2238.465,grad,23780447232
3,2239.75,grad,23761232896
3,2240.998,grad,23640318976
3,2242.248,grad,23565542400
3,2243.483,grad,23529690112
3,2244.725,grad,23501262848
3,2246.237,grad,23500214272
3,2247.477,grad,23519023104
3,2249.356,grad,23495331840
3,2250.638,grad,23500095488
3,2251.883,grad,23478517760
3,2253.117,grad,23398760448
3,2254.357,grad,23309303808
3,2255.675,grad,23249399808
3,2256.91,grad,23223004160
3,2258.548,grad,23219858432
3,2259.866,grad,23238732800
3,2261.31,grad,23214976000
3,2262.548,grad,23219727360
3,2263.792,grad,23193181184
3,2265.024,grad,23111064576
3,2266.269,grad,22990150656
3,2267.503,grad,22961638400
3,2268.749,grad,22958376960
3,2270.05,grad,22939502592
3,2271.339,grad,22958376960
3,2272.777,grad,22934620160
3,2274.014,grad,22939371520
3,2275.251,grad,22951622656
3,2276.484,grad,22830708736
3,2277.722,grad,22709794816
3,2278.956,grad,22688622592
3,2280.197,grad,22670681088
3,2281.531,grad,22659146752
3,2282.794,grad,22677955584
3,2284.319,grad,22654264320
3,2285.561,grad,22659015680
3,2286.807,grad,22632469504
3,2288.044,grad,22472758272
3,2289.296,grad,22429447168
3,2290.533,grad,22408266752
3,2291.776,grad,22390325248
3,2293.354,grad,22378790912
3,2294.645,grad,22397665280
3,2296.066,grad,22373908480
3,2297.307,grad,22378659840
3,2298.546,grad,22359453696
3,2299.82,grad,22269997056
3,2301.063,grad,22149095424
3,2302.305,grad,22127910912
3,2303.538,grad,22117309440
3,2304.873,grad,22098435072
3,2306.139,grad,22117309440
3,2307.609,grad,22093552640
3,2308.857,grad,22098320384
3,2310.111,grad,22040300544
3,2311.411,grad,21996981248
3,2312.674,grad,21914471424
3,2314.089,grad,21868727296
3,2315.507,grad,21847161856
3,2316.834,grad,21841787904
3,2318.094,grad,21825419264
3,2319.506,grad,21818079232
3,2320.845,grad,21836822528
3,2322.785,grad,21813196800
3,2324.11,grad,21817948160
3,2325.521,grad,21798807552
3,2326.843,grad,21723965440
3,2328.177,grad,21619828736
3,2329.468,grad,21566806016
3,2330.758,grad,21537723392
3,2332.652,grad,21537723392
3,2333.915,grad,21556663296
3,2335.374,grad,21532840960
3,2336.596,grad,21530252288
3,2337.915,grad,21518451712
3,2339.178,grad,21451015168
3,2340.422,grad,21368898560
3,2341.672,grad,21300671488
3,2342.917,grad,21288940544
3,2344.911,grad,21257367552
3,2346.244,grad,21276241920
3,2347.829,grad,21252485120
3,2349.095,grad,21257244672
3,2350.352,grad,21276893184
3,2351.652,grad,21155979264
3,2352.959,grad,21066522624
3,2354.209,grad,21006159872
3,2355.447,grad,20978650112
3,2357.162,grad,20977077248
3,2358.486,grad,20995951616
3,2359.99,grad,20972194816
3,2361.246,grad,20976950272
3,2362.506,grad,20919008256
3,2363.757,grad,20868348928
3,2364.989,grad,20747439104
3,2366.225,grad,20718922752
3,2367.458,grad,20704126976
3,2368.935,grad,20696786944
3,2370.183,grad,20715661312
3,2371.661,grad,20691904512
3,2372.915,grad,20696655872
3,2374.152,grad,20670175232
3,2375.387,grad,20588058624
3,2376.617,grad,20467144704
3,2377.851,grad,20438632448
3,2379.085,grad,20423836672
3,2380.852,grad,20416496640
3,2382.154,grad,20420690944
3,2383.589,grad,20411614208
3,2384.836,grad,20416381952
3,2386.073,grad,20358427648
3,2387.306,grad,20230173696
3,2388.535,grad,20186858496
3,2389.782,grad,20158342144
3,2391.018,grad,20143546368
3,2392.419,grad,20136206336
3,2393.683,grad,20155080704
3,2395.13,grad,20131323904
3,2396.393,grad,20136079360
3,2397.628,grad,20078071808
3,2398.882,grad,20003688448
3,2400.111,grad,19921178624
3,2401.344,grad,19885326336
3,2402.594,grad,19855850496
3,2404.038,grad,19855850496
3,2405.283,grad,19874724864
3,2406.733,grad,19850968064
3,2407.983,grad,19855719424
3,2409.23,grad,19836513280
3,2410.472,grad,19669462016
3,2411.759,grad,19640822784
3,2413.022,grad,19612310528
3,2414.294,grad,19582834688
3,2415.756,grad,19575494656
3,2417.013,grad,19594434560
3,2418.43,grad,19570612224
3,2419.681,grad,19568023552
3,2420.973,grad,19556222976
3,2422.213,grad,19474040832
3,2423.443,grad,19345852416
3,2424.719,grad,19324745728
3,2425.955,grad,19298350080
3,2427.491,grad,19295204352
3,2428.797,grad,19314078720
3,2430.264,grad,19290321920
3,2431.502,grad,19295085568
3,2432.751,grad,19237069824
3,2433.985,grad,19186803712
3,2435.222,grad,19065500672
3,2436.465,grad,19036984320
3,2437.72,grad,19022188544
3,2439.211,grad,19014848512
3,2440.521,grad,19033722880
3,2442.043,grad,19009966080
3,2443.282,grad,19014717440
3,2444.512,grad,19026968576
3,2445.763,grad,18867322880
3,2446.993,grad,18785222656
3,2448.226,grad,18756694016
3,2449.458,grad,18752908288
3,2450.93,grad,18734558208
3,2452.249,grad,18753301504
3,2453.882,grad,18729675776
3,2455.123,grad,18734427136
3,2456.356,grad,18747071488
3,2457.587,grad,18626550784
3,2458.822,grad,18505243648
3,2460.053,grad,18476731392
3,2461.285,grad,18461935616
3,2463.091,grad,18454595584
3,2464.418,grad,18473469952
3,2465.941,grad,18449713152
3,2467.187,grad,18454472704
3,2468.428,grad,18396854272
3,2469.666,grad,18353534976
3,2470.895,grad,18217613312
3,2472.187,grad,18203846656
3,2473.441,grad,18176402432
3,2475.156,grad,18174305280
3,2476.438,grad,18193179648
3,2477.942,grad,18169422848
3,2479.188,grad,18174182400
3,2480.444,grad,18154968064
3,2481.695,grad,18073244672
3,2482.944,grad,17937257472
3,2484.177,grad,17923490816
3,2485.411,grad,17896570880
3,2487.106,grad,17893949440
3,2488.394,grad,17912823808
3,2489.947,grad,17889067008
3,2491.186,grad,17893830656
3,2492.419,grad,17913409536
3,2493.714,grad,17754157056
3,2494.965,grad,17671647232
3,2496.208,grad,17657815040
3,2497.452,grad,17616804864
3,2499.088,grad,17613659136
3,2500.329,grad,17632402432
3,2501.975,grad,17608776704
3,2503.259,grad,17616149504
3,2504.535,grad,17598843904
3,2505.804,grad,17586981888
3,2507.053,grad,17507814400
3,2508.302,grad,17369332736
3,2509.581,grad,17351834624
3,2510.826,grad,17348048896
3,2512.192,grad,17333368832
3,2513.495,grad,17352243200
3,2515.031,grad,17328486400
3,2516.279,grad,17333237760
3,2517.526,grad,17307084800
3,2518.772,grad,17185777664
3,2520.004,grad,17103665152
3,2521.236,grad,17082488832
3,2522.471,grad,17053012992
3,2523.988,grad,17053012992
3,2525.272,grad,17071887360
3,2526.811,grad,17055470592
3,2528.134,grad,17067561984
3,2529.403,grad,17026728960
3,2530.667,grad,16905421824
3,2531.924,grad,16852665344
3,2533.209,grad,16809473024
3,2534.474,grad,16779997184
3,2535.922,grad,16772657152
3,2537.254,grad,16791597056
3,2538.77,grad,16767774720
3,2540.063,grad,16765186048
3,2541.33,grad,16750960640
3,2542.591,grad,16686342144
3,2543.843,grad,16581156864
3,2545.104,grad,16527740928
3,2546.354,grad,16508211200
3,2548.486,grad,16483716096
3,2549.861,grad,16502656000
3,2551.526,grad,16478833664
3,2552.809,grad,16468904960
3,2554.058,grad,16468904960
3,2555.297,grad,16468904960
3,2556.88,grad,16468904448
3,2558.879,grad,16468904448
3,2560.156,grad,16468904448
3,2561.463,grad,16468904448
3,2562.723,grad,16468904448
3,2566.432,grad,16468904448
3,2567.78,grad,16468904448
3,2569.014,grad,16486599168
3,2570.257,grad,16507243008
3,2571.489,grad,16522971648
3,2573.67,grad,16523954688
3,2574.955,grad,16524280320
3,2576.623,grad,16685920768
3,2578.072,grad,16685920768
3,2579.328,grad,16685920768
3,2580.588,grad,16683955200
3,2581.932,grad,16630386688
3,2583.177,grad,16454028800
3,2584.451,grad,16304934400
3,2585.696,grad,16327511552
3,2586.932,grad,16358772224
3,2588.177,grad,16391114240
3,2589.426,grad,16421228032
3,2590.666,grad,16451767808
3,2591.9,grad,16424996352
3,2593.143,grad,16313912832
3,2598.952,grad,16141848064
3,2605.324,grad,16141856256
3,2611.687,grad,16141856256
3,2618.028,grad,16141856256
3,2622.971,grad,16141856256
3,2624.379,grad,16149333504
3,2627.449,grad,16156802560
3,2628.888,grad,16166239744
3,2630.241,grad,16182084096
3,2631.474,grad,16233341440
3,2632.715,grad,16366572032
3,2634.004,grad,16436957696
3,2636.239,grad,16458981888
3,2637.5,grad,16469271040
3,2638.761,grad,16492455424
3,2640.056,grad,16520836608
3,2641.311,grad,16744314368
3,2642.544,grad,16742684160
3,2644.54,grad,16750872064
3,2645.812,grad,16760309248
3,2647.059,grad,16784345600
3,2648.295,grad,16851524096
3,2649.523,grad,17036204544
3,2650.774,grad,17050950144
3,2652.869,grad,17043614208
3,2654.16,grad,17053051392
3,2655.412,grad,17076235776
3,2656.598,grad,17104616960
3,2657.83,grad,17405689344
3,2659.058,grad,17342848512
3,2661.407,grad,17335504384
3,2662.693,grad,17344941568
3,2663.991,grad,17368125952
3,2665.245,grad,17435304448
3,2666.506,grad,17581187584
3,2667.751,grad,17642078720
3,2669.78,grad,17627394560
3,2671.071,grad,17636831744
3,2672.329,grad,17660016128
3,2673.567,grad,17727194624
3,2674.851,grad,17873077760
3,2676.104,grad,17933968896
3,2677.975,grad,17919284736
3,2679.233,grad,17928721920
3,2680.501,grad,17951906304
3,2681.757,grad,18019084800
3,2682.992,grad,18164967936
3,2684.231,grad,18225859072
3,2686.079,grad,18211174912
3,2687.341,grad,18220612096
3,2688.651,grad,18258476544
3,2689.882,grad,18310974976
3,2691.111,grad,18573250048
3,2692.364,grad,18517749248
3,2694.244,grad,18503065088
3,2695.515,grad,18512502272
3,2696.772,grad,18535686656
3,2698.005,grad,18602865152
3,2699.24,grad,18748748288
3,2700.47,grad,18809639424
3,2702.33,grad,18794955264
3,2703.779,grad,18804392448
3,2705.064,grad,18827576832
3,2706.349,grad,18894755328
3,2707.602,grad,19040638464
3,2710.49,grad,19086845440
3,2711.753,grad,19096282624
3,2713.001,grad,19119467008
3,2714.245,grad,19186645504
3,2715.496,grad,19371325952
3,2716.755,grad,19393419776
3,2718.586,grad,19378735616
3,2719.857,grad,19388172800
3,2721.152,grad,19411357184
3,2722.388,grad,19478535680
3,2723.632,grad,19663216128
3,2724.891,grad,19692649984
3,2726.723,grad,19670625792
3,2727.98,grad,19680062976
3,2729.241,grad,19717927424
3,2730.476,grad,19785105920
3,2731.79,grad,19916308992
3,2734.595,grad,19962515968
3,2735.881,grad,19971953152
3,2737.179,grad,19995137536
3,2738.416,grad,20062316032
3,2739.747,grad,20208199168
3,2742.602,grad,20254406144
3,2744.034,grad,20263843328
3,2745.306,grad,20287027712
3,2746.59,grad,20354206208
3,2747.896,grad,20500089344
3,2750.717,grad,20546296320
3,2751.993,grad,20555733504
3,2753.25,grad,20578917888
3,2754.487,grad,20646096384
3,2755.755,grad,20791979520
3,2756.993,grad,20852870656
3,2758.904,grad,20838186496
3,2760.158,grad,20847623680
3,2761.398,grad,20870808064
3,2762.631,grad,20937986560
3,2763.856,grad,21122667008
3,2765.148,grad,21130080768
3,2766.991,grad,21130076672
3,2768.263,grad,21139513856
3,2769.534,grad,21177378304
3,2770.789,grad,21244556800
3,2772.02,grad,21414557184
3,2773.257,grad,21443991040
3,2775.097,grad,21421966848
3,2776.377,grad,21431404032
3,2777.619,grad,21469268480
3,2778.844,grad,21536446976
3,2780.157,grad,21667650048
3,2783.027,grad,21713857024
3,2784.441,grad,21723294208
3,2785.73,grad,21746478592
3,2786.999,grad,21813657088
3,2788.237,grad,21959540224
3,2791.1,grad,22005747200
3,2792.363,grad,22015184384
3,2793.593,grad,22038368768
3,2794.875,grad,22105547264
3,2796.143,grad,22212633088
3,2797.399,grad,22297641472
3,2799.189,grad,22297637376
3,2800.442,grad,22307074560
3,2801.726,grad,22330258944
3,2802.957,grad,22412117504
3,2804.184,grad,22543320576
3,2807.081,grad,22589527552
3,2808.351,grad,22598964736
3,2809.594,grad,22622149120
3,2810.862,grad,22689327616
3,2812.09,grad,22874008064
3,2813.321,grad,22896101888
3,2815.178,grad,22881417728
3,2816.437,grad,22890854912
3,2817.687,grad,22928719360
3,2818.916,grad,22995963392
3,2820.147,grad,23134440960
3,2822.837,grad,23173307904
3,2825.226,grad,23182745088
3,2826.489,grad,23205929472
3,2827.763,grad,23273107968
3,2829.044,grad,23418991104
3,2831.871,grad,23465198080
3,2833.125,grad,23474635264
3,2834.373,grad,23512499712
3,2835.628,grad,23579743744
3,2836.87,grad,23718221312
3,2839.505,grad,23757088256
3,2840.794,grad,23766525440
3,2842.043,grad,23804389888
3,2843.302,grad,23871568384
3,2844.536,grad,24010111488
3,2847.175,grad,24048978432
3,2848.435,grad,24065755648
3,2849.681,grad,24096345600
3,2850.907,grad,24163524096
3,2852.144,grad,24294661632
3,2853.429,grad,24326184448
3,2854.752,grad,25253135360
3,2856.711,grad,25253127168
3,2857.961,grad,24941700608
3,2859.191,grad,24941700608
3,2860.416,grad,24941700608
3,2861.598,grad,24941700608
3,2862.847,grad,24630264320
3,2864.079,grad,24334037504
3,2865.394,grad,24240321024
3,2866.682,grad,24158204416
3,2867.977,grad,24104657408
3,2869.25,grad,24094032384
3,2870.524,grad,24061353472
3,2871.812,grad,24090779136
3,2873.306,grad,24055979520
3,2874.589,grad,24063811072
3,2875.844,grad,24075902464
3,2877.126,grad,23995878912
3,2878.377,grad,23952559616
3,2879.659,grad,23861001728
3,2880.982,grad,23810539008
3,2882.261,grad,23780997632
3,2883.508,grad,23788337664
3,2884.764,grad,23810423296
3,2886.009,grad,23800199680
3,2887.255,grad,23776098816
3,2888.505,grad,23783488000
3,2889.757,grad,23780878848
3,2890.99,grad,23761725952
3,2892.281,grad,23679609344
3,2893.609,grad,23597492736
3,2894.856,grad,23565965824
3,2896.092,grad,23530117632
3,2897.339,grad,23503787520
3,2899.187,grad,23500641792
3,2900.44,grad,23518926336
3,2901.695,grad,23495742976
3,2902.951,grad,23503132160
3,2904.194,grad,23544546816
3,2905.446,grad,23473964544
3,2906.724,grad,23391847936
3,2907.963,grad,23285609984
3,2909.193,grad,23235081728
3,2910.452,grad,23221334528
3,2911.728,grad,23249646080
3,2913.229,grad,23214912000
3,2914.504,grad,23222743552
3,2915.766,grad,23234830848
3,2917.015,grad,23154811392
3,2918.245,grad,23111492096
3,2919.474,grad,23005979136
3,2920.721,grad,22962786816
3,2921.951,grad,22955331072
3,2923.23,grad,22940651008
3,2924.48,grad,22959525376
3,2926.196,grad,22935768576
3,2927.468,grad,22940536320
3,2928.733,grad,22882516480
3,2929.97,grad,22831857152
3,2931.207,grad,22740307456
3,2932.442,grad,22697111040
3,2933.691,grad,22662916608
3,2935.365,grad,22660295168
3,2936.638,grad,22679038464
3,2938.312,grad,22655412736
3,2939.565,grad,22660176384
3,2940.844,grad,22602160640
3,2942.089,grad,22559136256
3,2943.33,grad,22423542272
3,2944.563,grad,22424455680
3,2945.817,grad,22383379968
3,2947.391,grad,22380234240
3,2948.669,grad,22399108608
3,2950.083,grad,22375351808
3,2951.333,grad,22409467392
3,2952.585,grad,22360897024
3,2953.828,grad,22239983104
3,2955.058,grad,22179886592
3,2956.296,grad,22136694272
3,2957.543,grad,22107218432
3,2958.93,grad,22099878400
3,2960.192,grad,22101910016
3,2961.555,grad,22094995968
3,2962.807,grad,22107087360
3,2964.048,grad,22080606720
3,2965.284,grad,21959692800
3,2966.532,grad,21899600384
3,2967.806,grad,21841723904
3,2969.048,grad,21821685248
3,2970.489,grad,21819588096
3,2971.757,grad,21838528000
3,2973.141,grad,21814705664
3,2974.385,grad,21819457024
3,2975.618,grad,21792976384
3,2976.879,grad,21788454400
3,2978.121,grad,21604625920
3,2979.356,grad,21554093568
3,2980.599,grad,21553977856
3,2981.85,grad,21553977856
3,2983.338,grad,21533923840
3,2984.604,grad,21541755392
3,2985.86,grad,21568522752
3,2987.105,grad,21435091456
3,2988.402,grad,21432994304
3,2989.642,grad,21294971392
3,2990.872,grad,21285919232
3,2992.098,grad,21260056064
3,2993.322,grad,21288433152
3,2994.751,grad,21253633536
3,2995.997,grad,21261497856
3,2997.25,grad,21258884608
3,2998.498,grad,21232395776
3,2999.747,grad,21111481856
3,3000.98,grad,21029770752
3,3002.212,grad,21001246208
3,3003.439,grad,20993790464
3,3004.695,grad,20979110400
3,3005.945,grad,20998050304
3,3007.38,grad,20974227968
3,3008.627,grad,20978979328
3,3009.864,grad,20991230464
3,3011.096,grad,20947911168
3,3012.334,grad,20749402624
3,3013.585,grad,20713550336
3,3014.822,grad,20699803136
3,3016.131,grad,20728638976
3,3017.456,grad,20693380608
3,3018.718,grad,20701212160
3,3019.953,grad,20757339648
3,3021.188,grad,20672077312
3,3022.467,grad,20592451072
3,3023.714,grad,20454428160
3,3024.944,grad,20452716032
3,3026.181,grad,20419512832
3,3027.472,grad,20448348672
3,3028.824,grad,20413090304
3,3030.091,grad,20420921856
3,3031.329,grad,20418337280
3,3032.581,grad,20360329728
3,3033.821,grad,20232141312
3,3035.053,grad,20188830208
3,3036.298,grad,20167649792
3,3037.588,grad,20152854016
3,3038.867,grad,20138173952
3,3040.168,grad,20156524032
3,3042.044,grad,20133291520
3,3043.29,grad,20138042880
3,3044.53,grad,20150294016
3,3045.788,grad,19990648320
3,3047.051,grad,19908535808
3,3048.296,grad,19880019456
3,3049.532,grad,19879903744
3,3050.945,grad,19857883648
3,3052.19,grad,19877085696
3,3053.795,grad,19853001216
3,3055.035,grad,19857752576
3,3056.271,grad,19870003712
3,3057.514,grad,19749155328
3,3058.771,grad,19657597440
3,3060.003,grad,19592389120
3,3061.235,grad,19577593344
3,3062.462,grad,19607019008
3,3063.869,grad,19572219392
3,3065.11,grad,19580050944
3,3066.612,grad,19592138240
3,3067.885,grad,19589713408
3,3069.133,grad,19468865024
3,3070.378,grad,19347951104
3,3071.612,grad,19326778880
3,3072.845,grad,19311983104
3,3074.139,grad,19297303040
3,3075.382,grad,19316242944
3,3076.843,grad,19292420608
3,3078.1,grad,19297171968
3,3079.373,grad,19309423104
3,3080.63,grad,19188574720
3,3081.894,grad,19097025024
3,3083.139,grad,19039148544
3,3084.38,grad,19024352768
3,3085.857,grad,19017012736
3,3087.111,grad,19035952640
3,3088.566,grad,19012130304
3,3089.828,grad,19016898048
3,3091.071,grad,18958878208
3,3092.31,grad,18869487104
3,3093.538,grad,18787374592
3,3094.787,grad,18758858240
3,3096.021,grad,18747732480
3,3097.351,grad,18736722432
3,3098.604,grad,18740916736
3,3100.01,grad,18731840000
3,3101.264,grad,18729251328
3,3102.519,grad,18795045376
3,3103.768,grad,18627994112
3,3105.0,grad,18499740160
3,3106.239,grad,18485973504
3,3107.476,grad,18458529280
3,3109.064,grad,18456432128
3,3110.318,grad,18475306496
3,3111.776,grad,18451549696
3,3113.011,grad,18456301056
3,3114.25,grad,18429754880
3,3115.48,grad,18308906496
3,3116.722,grad,18226798080
3,3117.953,grad,18198277632
3,3119.194,grad,18183481856
3,3120.598,grad,18176141824
3,3121.861,grad,18195081728
3,3123.275,grad,18171259392
3,3124.511,grad,18176010752
3,3125.756,grad,18156804608
3,3126.986,grad,18067413504
3,3128.256,grad,17946511872
3,3129.507,grad,17925327360
3,3130.752,grad,17906861568
3,3132.091,grad,17895851520
3,3133.338,grad,17914791424
3,3134.756,grad,17890969088
3,3136.001,grad,17903060480
3,3137.265,grad,17954174464
3,3138.518,grad,17787123200
3,3139.798,grad,17719686656
3,3141.045,grad,17659323904
3,3142.287,grad,17640318464
3,3144.168,grad,17615561216
3,3145.458,grad,17634435584
3,3146.95,grad,17610678784
3,3148.215,grad,17630110208
3,3149.472,grad,17627681280
3,3150.754,grad,17506832896
3,3152.011,grad,17378578944
3,3153.258,grad,17379492352
3,3154.499,grad,17337368064
3,3156.142,grad,17335270912
3,3157.414,grad,17354210816
3,3158.91,grad,17330388480
3,3160.16,grad,17335139840
3,3161.425,grad,17308593664
3,3162.711,grad,17226542592
3,3163.961,grad,17105636864
3,3165.21,grad,17077116416
3,3166.451,grad,17061468672
3,3167.881,grad,17054128640
3,3169.155,grad,17073068544
3,3170.659,grad,17048394240
3,3171.903,grad,17060485632
3,3173.183,grad,17034004992
3,3174.426,grad,16959228416
3,3175.668,grad,16824486400
3,3176.954,grad,16804231680
3,3178.192,grad,16777836032
3,3179.826,grad,16773838336
3,3181.164,grad,16793040384
3,3182.834,grad,16768955904
3,3184.079,grad,16773711360
3,3185.326,grad,16792446464
3,3186.558,grad,16632604160
3,3187.811,grad,16542098944
3,3189.16,grad,16512800256
3,3190.406,grad,16485880320
3,3192.072,grad,16482996736
3,3193.37,grad,16501969408
3,3194.871,grad,16478114304
3,3196.115,grad,16468185600
3,3197.367,grad,16468185600
3,3198.616,grad,16468185600
3,3200.711,grad,16468185088
3,3202.546,grad,16468185088
3,3203.805,grad,16468185088
3,3205.096,grad,16468185088
3,3206.367,grad,16468185088
3,3210.453,grad,16468185088
3,3211.885,grad,16468185088
3,3213.127,grad,16485879808
3,3214.38,grad,16506982400
3,3215.624,grad,16523235328
3,3217.525,grad,16523235328
3,3218.789,grad,16523245568
3,3220.329,grad,16685201408
3,3221.612,grad,16685201408
3,3222.88,grad,16685201408
3,3224.205,grad,16685201408
3,3225.762,grad,16629667328
3,3227.0,grad,16466351104
3,3228.413,grad,16303330304
3,3229.711,grad,16326497280
3,3230.956,grad,16359887872
3,3232.192,grad,16390886400
3,3233.425,grad,16421655552
3,3234.668,grad,16451769344
3,3235.903,grad,16425587712
3,3237.147,grad,16315749376
3,3243.234,grad,16143455232
3,3249.623,grad,16143463424
3,3255.993,grad,16143463424
3,3262.361,grad,16143463424
3,3266.979,grad,16143463424
3,3268.286,grad,16150940672
3,3271.252,grad,16158409728
3,3272.61,grad,16167846912
3,3273.864,grad,16183691264
3,3275.098,grad,16241436672
3,3276.336,grad,16366278656
3,3277.567,grad,16436664320
3,3279.697,grad,16458688512
3,3280.966,grad,16468125696
3,3282.265,grad,16505990144
3,3283.502,grad,16573168640
3,3284.747,grad,16665574400
3,3285.976,grad,16765262848
3,3287.823,grad,16750578688
3,3289.086,grad,16760015872
3,3290.351,grad,16783200256
3,3291.622,grad,16850378752
3,3292.856,grad,17035059200
3,3294.09,grad,17057153024
3,3296.04,grad,17042468864
3,3297.52,grad,17051906048
3,3298.786,grad,17075090432
3,3300.031,grad,17142268928
3,3301.267,grad,17326949376
3,3302.523,grad,17334359040
3,3304.278,grad,17334359040
3,3305.557,grad,17343796224
3,3306.809,grad,17366980608
3,3308.041,grad,17434159104
3,3309.283,grad,17618839552
3,3312.16,grad,17626249216
3,3313.424,grad,17635686400
3,3314.715,grad,17658870784
3,3315.949,grad,17726049280
3,3317.177,grad,17910729728
3,3318.402,grad,17932823552
3,3320.186,grad,17918139392
3,3321.447,grad,17927576576
3,3322.733,grad,17965441024
3,3323.964,grad,18032619520
3,3325.217,grad,18163822592
3,3328.106,grad,18210029568
3,3329.391,grad,18219466752
3,3330.605,grad,18242651136
3,3331.895,grad,18309829632
3,3333.132,grad,18416915456
3,3336.002,grad,18501919744
3,3337.455,grad,18511356928
3,3338.773,grad,18534541312
3,3340.027,grad,18601719808
3,3341.284,grad,18747602944
3,3344.208,grad,18793809920
3,3345.59,grad,18803247104
3,3346.841,grad,18826431488
3,3348.074,grad,18893609984
3,3349.309,grad,19039493120
3,3350.718,grad,19093044224
3,3352.734,grad,19085700096
3,3354.016,grad,19095137280
3,3355.294,grad,19118321664
3,3356.594,grad,19185500160
3,3357.907,grad,19331383296
3,3360.823,grad,19377590272
3,3362.104,grad,19387027456
3,3363.363,grad,19424891904
3,3364.604,grad,19492070400
3,3365.843,grad,19739665408
3,3367.075,grad,19684164608
3,3368.938,grad,19669480448
3,3370.203,grad,19678917632
3,3371.476,grad,19702102016
3,3372.753,grad,19769280512
3,3373.99,grad,19915163648
3,3376.942,grad,19961370624
3,3378.378,grad,19970807808
3,3379.62,grad,19993992192
3,3380.89,grad,20061170688
3,3382.15,grad,20323445760
3,3383.397,grad,20245924864
3,3385.335,grad,20253260800
3,3386.641,grad,20262697984
3,3387.9,grad,20300562432
3,3389.136,grad,20367740928
3,3390.425,grad,20498944000
3,3393.158,grad,20545150976
3,3394.418,grad,20554588160
3,3395.693,grad,20577772544
3,3396.956,grad,20644951040
3,3398.212,grad,20829631488
3,3399.447,grad,20859065344
3,3401.282,grad,20837041152
3,3402.539,grad,20846478336
3,3403.794,grad,20884342784
3,3405.051,grad,20951521280
3,3406.29,grad,21082724352
3,3407.523,grad,21150955520
3,3409.337,grad,21128931328
3,3410.598,grad,21138368512
3,3411.873,grad,21161552896
3,3413.119,grad,21228731392
3,3414.36,grad,21335817216
3,3415.641,grad,21435505664
3,3417.561,grad,21420821504
3,3418.971,grad,21430258688
3,3420.23,grad,21453443072
3,3421.47,grad,21520621568
3,3422.72,grad,21705302016
3,3423.948,grad,21712711680
3,3425.749,grad,21712711680
3,3427.008,grad,21722148864
3,3428.305,grad,21760013312
3,3429.593,grad,21827191808
3,3430.867,grad,21958394880
3,3433.572,grad,22004601856
3,3434.869,grad,22021379072
3,3436.133,grad,22051903488
3,3437.366,grad,22119081984
3,3438.627,grad,22250285056
3,3441.373,grad,22296492032
3,3442.644,grad,22305929216
3,3443.89,grad,22343793664
3,3445.124,grad,22410972160
3,3446.398,grad,22542175232
3,3447.658,grad,22595726336
3,3449.542,grad,22588382208
3,3450.849,grad,22597819392
3,3452.106,grad,22621003776
3,3453.356,grad,22702862336
3,3454.658,grad,22834065408
3,3457.442,grad,22880272384
3,3458.861,grad,22889709568
3,3460.122,grad,22912893952
3,3461.41,grad,22980072448
3,3462.718,grad,23125955584
3,3465.448,grad,23172162560
3,3466.715,grad,23181599744
3,3467.994,grad,23219464192
3,3469.223,grad,23286708224
3,3470.497,grad,23425185792
3,3473.158,grad,23464052736
3,3474.414,grad,23473489920
3,3475.67,grad,23511354368
3,3476.924,grad,23578532864
3,3478.151,grad,23709735936
3,3480.923,grad,23755942912
3,3482.192,grad,23765380096
3,3483.442,grad,23803244544
3,3484.684,grad,23855742976
3,3485.917,grad,24001626112
3,3487.144,grad,24069857280
3,3488.947,grad,24047833088
3,3490.21,grad,24057270272
3,3491.466,grad,24095134720
3,3492.72,grad,24162313216
3,3493.951,grad,24293516288
3,3495.184,grad,24325039104
3,3496.468,grad,25251990016
3,3498.543,grad,25251981824
3,3499.805,grad,24940555264
3,3501.048,grad,24940555264
3,3502.297,grad,24940555264
3,3503.532,grad,24940555264
3,3504.816,grad,25563400704
3,3506.058,grad,24332367872
3,3507.389,grad,24316311552
3,3508.621,grad,24157321216
3,3509.856,grad,24096892928
3,3511.097,grad,24096131072
3,3512.35,grad,24060929024
3,3513.702,grad,24060929024
3,3514.986,grad,24079803392
3,3516.846,grad,24056046592
3,3518.129,grad,24060806144
3,3519.376,grad,24002794496
3,3520.617,grad,23952135168
3,3521.887,grad,23831225344
3,3523.124,grad,23802708992
3,3524.356,grad,23787913216
3,3525.826,grad,23780573184
3,3527.18,grad,23799447552
3,3528.731,grad,23775690752
3,3529.992,grad,23780458496
3,3531.234,grad,23761235968
3,3532.482,grad,23632982016
3,3533.734,grad,23550877696
3,3534.97,grad,23529693184
3,3536.2,grad,23511751680
3,3537.665,grad,23500217344
3,3538.958,grad,23519091712
3,3540.562,grad,23495334912
3,3541.842,grad,23500098560
3,3543.082,grad,23480880128
3,3544.32,grad,23391423488
3,3545.551,grad,23270513664
3,3546.8,grad,23241997312
3,3548.029,grad,23219861504
3,3549.486,grad,23219861504
3,3550.742,grad,23238604800
3,3552.832,grad,23214979072
3,3554.105,grad,23219738624
3,3555.341,grad,23200524288
3,3556.585,grad,23111067648
3,3557.825,grad,22990166016
3,3559.068,grad,22968981504
3,3560.3,grad,22951040000
3,3561.667,grad,22939505664
3,3562.92,grad,22958445568
3,3564.354,grad,22934623232
3,3565.591,grad,22939386880
3,3566.828,grad,22920168448
3,3568.056,grad,22830711808
3,3569.282,grad,22709801984
3,3570.511,grad,22681285632
3,3571.783,grad,22666489856
3,3573.147,grad,22659149824
3,3574.383,grad,22678024192
3,3575.833,grad,22654267392
3,3577.073,grad,22659018752
3,3578.302,grad,22639812608
3,3579.529,grad,22472761344
3,3580.78,grad,22429446144
3,3582.024,grad,22407876608
3,3583.263,grad,22411472896
3,3584.493,grad,22390328320
3,3586.334,grad,22378793984
3,3587.583,grad,22397602816
3,3589.179,grad,22373911552
3,3590.414,grad,22371322880
3,3591.677,grad,22357097472
3,3592.928,grad,22292085760
3,3594.16,grad,22180543488
3,3595.408,grad,22127520768
3,3596.594,grad,22099486720
3,3598.312,grad,22098438144
3,3599.583,grad,22117312512
3,3601.025,grad,22093555712
3,3602.285,grad,22098307072
3,3603.522,grad,22110558208
3,3604.77,grad,22067238912
3,3606.005,grad,21868730368
3,3607.24,grad,21840218112
3,3608.47,grad,21818082304
3,3609.977,grad,21818082304
3,3611.22,grad,21836956672
3,3612.679,grad,21813199872
3,3613.921,grad,21817951232
3,3615.151,grad,21791405056
3,3616.379,grad,21709288448
3,3617.608,grad,21588374528
3,3618.841,grad,21567202304
3,3620.067,grad,21556076544
3,3621.369,grad,21537726464
3,3622.62,grad,21556666368
3,3624.06,grad,21532844032
3,3625.32,grad,21540184064
3,3626.583,grad,21522911232
3,3627.82,grad,21472251904
3,3629.06,grad,21428932608
3,3630.289,grad,21322694656
3,3631.525,grad,21272166400
3,3632.811,grad,21257370624
3,3634.056,grad,21286730752
3,3635.515,grad,21251996672
3,3636.772,grad,21259828224
3,3638.006,grad,21286595584
3,3639.246,grad,21238098944
3,3640.495,grad,21155982336
3,3641.783,grad,21020388352
3,3643.035,grad,21006621696
3,3644.271,grad,20980226048
3,3645.899,grad,20977080320
3,3647.147,grad,20996020224
3,3648.652,grad,20972197888
3,3649.889,grad,20976957440
3,3651.128,grad,21035468800
3,3652.455,grad,20883032064
3,3653.721,grad,20747438080
3,3654.962,grad,20725872640
3,3656.209,grad,20698362880
3,3657.949,grad,20696790016
3,3659.216,grad,20715598848
3,3660.912,grad,20691907584
3,3662.191,grad,20696658944
3,3663.516,grad,20677583872
3,3664.779,grad,20595401728
3,3666.017,grad,20505945088
3,3667.328,grad,20446041088
3,3668.568,grad,20418596864
3,3670.266,grad,20416499712
3,3671.533,grad,20435439616
3,3673.001,grad,20411617280
3,3674.242,grad,20416368640
3,3675.476,grad,20389888000
3,3676.724,grad,20268974080
3,3677.963,grad,20186873856
3,3679.212,grad,20165685248
3,3680.454,grad,20143549440
3,3681.955,grad,20136209408
3,3683.226,grad,20155149312
3,3684.686,grad,20131326976
3,3685.931,grad,20136090624
3,3687.167,grad,20078074880
3,3688.404,grad,20027415552
3,3689.664,grad,19921181696
3,3690.905,grad,19885329408
3,3692.141,grad,19857950720
3,3693.722,grad,19855853568
3,3695.013,grad,19874727936
3,3696.474,grad,19850971136
3,3697.73,grad,19855722496
3,3699.069,grad,19836581888
3,3700.327,grad,19754399744
3,3701.562,grad,19664943104
3,3702.896,grad,19605039104
3,3704.133,grad,19577594880
3,3705.809,grad,19575497728
3,3707.065,grad,19594437632
3,3708.507,grad,19570615296
3,3709.795,grad,19575370752
3,3711.038,grad,19556160512
3,3712.279,grad,19435246592
3,3713.511,grad,19375215616
3,3714.775,grad,19324683264
3,3716.042,grad,19319440384
3,3717.303,grad,19302547456
3,3718.657,grad,19295207424
3,3719.915,grad,19314016256
3,3721.522,grad,19290324992
3,3722.782,grad,19295084544
3,3724.023,grad,19275870208
3,3725.281,grad,19109212160
3,3726.517,grad,19065507840
3,3727.777,grad,19044327424
3,3729.027,grad,19033201664
3,3730.479,grad,19014851584
3,3731.801,grad,19033725952
3,3733.271,grad,19009969152
3,3734.513,grad,19007380480
3,3735.799,grad,18995579904
3,3737.045,grad,18913463296
3,3738.301,grad,18785209344
3,3739.567,grad,18763643904
3,3740.831,grad,18735609856
3,3742.613,grad,18734561280
3,3743.899,grad,18753435648
3,3745.367,grad,18729678848
3,3746.607,grad,18734446592
3,3747.847,grad,18715617280
3,3749.083,grad,18633500672
3,3750.331,grad,18497906688
3,3751.634,grad,18484140032
3,3752.868,grad,18456695808
3,3754.511,grad,18454598656
3,3755.771,grad,18473473024
3,3757.213,grad,18449716224
3,3758.454,grad,18454467584
3,3759.748,grad,18435654656
3,3760.99,grad,18314347520
3,3762.221,grad,18224956416
3,3763.453,grad,18218529792
3,3764.716,grad,18177454080
3,3766.332,grad,18174308352
3,3767.586,grad,18193182720
3,3769.04,grad,18169425920
3,3770.298,grad,18166837248
3,3771.659,grad,18155036672
3,3772.894,grad,18080587776
3,3774.129,grad,17944600576
3,3775.409,grad,17923493888
3,3776.596,grad,17895525376
3,3778.26,grad,17893952512
3,3779.544,grad,17912892416
3,3781.078,grad,17889070080
3,3782.33,grad,17886481408
3,3783.563,grad,17886477312
3,3784.805,grad,17867275264
3,3786.036,grad,17792957440
3,3787.269,grad,17710840832
3,3788.533,grad,17657424896
3,3789.79,grad,17645292544
3,3791.035,grad,17614710784
3,3792.273,grad,17643087872
3,3793.802,grad,17608288256
3,3795.048,grad,17616119808
3,3796.285,grad,17642887168
3,3797.521,grad,17587378176
3,3798.771,grad,17582921728
3,3800.032,grad,17384036352
3,3801.28,grad,17355507712
3,3802.517,grad,17340711936
3,3804.015,grad,17333371904
3,3805.263,grad,17352180736
3,3806.844,grad,17328489472
3,3808.088,grad,17333240832
3,3809.391,grad,17314100224
3,3810.599,grad,17232376832
3,3811.847,grad,17149801472
3,3813.113,grad,17096778752
3,3814.35,grad,17061520384
3,3816.254,grad,17053016064
3,3817.536,grad,17071890432
3,3819.036,grad,17048133632
3,3820.302,grad,17052893184
3,3821.554,grad,17033678848
3,3822.803,grad,16951955456
3,3824.039,grad,16823308288
3,3825.336,grad,16802201600
3,3826.585,grad,16775281664
3,3828.343,grad,16772660224
3,3829.691,grad,16791534592
3,3831.38,grad,16767777792
3,3832.633,grad,16772545536
3,3833.87,grad,16792120320
3,3835.1,grad,16671599616
3,3836.327,grad,16541969408
3,3837.56,grad,16513063936
3,3838.809,grad,16485029888
3,3840.044,grad,16491059200
3,3841.419,grad,16513603584
3,3842.821,grad,16478345216
3,3844.066,grad,16486176768
3,3845.34,grad,16468908032
3,3846.602,grad,16468908032
3,3847.849,grad,16468908032
3,3849.085,grad,16468908032
3,3851.657,grad,16468907520
3,3852.96,grad,16468907520
3,3854.214,grad,16468907520
3,3855.468,grad,16468907520
3,3859.021,grad,16468907520
3,3860.45,grad,16468907520
3,3861.694,grad,16486536704
3,3862.937,grad,16508229120
3,3864.183,grad,16523957760
3,3865.985,grad,16523957760
3,3867.24,grad,16524283392
3,3868.613,grad,16685923840
3,3869.856,grad,16685923840
3,3871.169,grad,16685923840
3,3872.629,grad,16685923840
3,3873.985,grad,16630389760
3,3875.228,grad,16512424448
3,3876.465,grad,16327023104
3,3877.725,grad,16319584768
3,3878.968,grad,16351074816
3,3880.221,grad,16382073344
3,3881.449,grad,16414317056
3,3882.732,grad,16444332544
3,3883.994,grad,16444103168
3,3885.249,grad,16334821888
3,3891.28,grad,16141851136
3,3897.624,grad,16141859328
3,3904.004,grad,16141859328
3,3910.359,grad,16141859328
3,3915.825,grad,16141859328
3,3917.199,grad,16149336576
3,3920.192,grad,16156805632
3,3921.585,grad,16166242816
3,3922.84,grad,16182087168
3,3924.165,grad,16218660352
3,3925.412,grad,16444235264
3,3926.667,grad,16451649024
3,3928.738,grad,16458984960
3,3930.004,grad,16469274112
3,3931.256,grad,16485118464
3,3932.493,grad,16520839680
3,3933.75,grad,16821912064
3,3934.994,grad,16757367296
3,3936.933,grad,16750875136
3,3938.226,grad,16760312320
3,3939.479,grad,16784348672
3,3940.766,grad,16812729856
3,3942.01,grad,17036207616
3,3943.241,grad,17036281344
3,3945.23,grad,17043617280
3,3946.772,grad,17053054464
3,3948.058,grad,17076238848
3,3949.325,grad,17143417344
3,3950.557,grad,17405692416
3,3951.815,grad,17328171520
3,3953.776,grad,17335507456
3,3955.045,grad,17344944640
3,3956.319,grad,17382809088
3,3957.55,grad,17449987584
3,3958.834,grad,17581190656
3,3961.612,grad,17627397632
3,3962.887,grad,17636834816
3,3964.133,grad,17674699264
3,3965.386,grad,17741877760
3,3966.709,grad,17873080832
3,3969.409,grad,17919287808
3,3970.675,grad,17928724992
3,3971.927,grad,17951909376
3,3973.154,grad,18019087872
3,3974.385,grad,18164971008
3,3975.664,grad,18218522112
3,3977.501,grad,18211177984
3,3978.791,grad,18220615168
3,3980.037,grad,18258479616
3,3981.266,grad,18310978048
3,3982.501,grad,18495658496
3,3983.776,grad,18495736320
3,3985.761,grad,18503068160
3,3987.201,grad,18512505344
3,3988.462,grad,18535689728
3,3989.715,grad,18602868224
3,3990.951,grad,18865143296
3,3992.187,grad,18787622400
3,3994.192,grad,18794958336
3,3995.452,grad,18804395520
3,3996.721,grad,18827579904
3,3997.988,grad,18894758400
3,3999.22,grad,19079438848
3,4000.446,grad,19108872704
3,4002.318,grad,19086848512
3,4003.581,grad,19096285696
3,4004.83,grad,19119470080
3,4006.109,grad,19186648576
3,4007.414,grad,19332531712
3,4010.234,grad,19378738688
3,4011.494,grad,19388175872
3,4012.795,grad,19411360256
3,4014.077,grad,19478538752
3,4015.343,grad,19624421888
3,4018.234,grad,19670628864
3,4019.495,grad,19680066048
3,4020.774,grad,19717930496
3,4022.031,grad,19770428928
3,4023.289,grad,19916312064
3,4024.528,grad,19977203200
3,4026.454,grad,19962519040
3,4027.927,grad,19971956224
3,4029.254,grad,19980344832
3,4030.54,grad,20001497600
3,4031.794,grad,20077064704
3,4033.027,grad,20246999552
3,4034.255,grad,20261749248
3,4036.733,grad,20254409216
3,4038.156,grad,20263846400
3,4039.41,grad,20279690752
3,4040.703,grad,20322752000
3,4041.943,grad,20407752192
3,4043.172,grad,20507432448
3,4046.359,grad,20546299392
3,4047.647,grad,20555736576
3,4048.892,grad,20578920960
3,4050.122,grad,20646099456
3,4051.358,grad,20791982592
3,4052.649,grad,20830853632
3,4054.776,grad,20838189568
3,4056.078,grad,20847626752
3,4057.327,grad,20870811136
3,4058.56,grad,20937989632
3,4059.807,grad,21122670080
3,4061.039,grad,21144763904
3,4062.974,grad,21130079744
3,4064.254,grad,21139516928
3,4065.508,grad,21162701312
3,4066.799,grad,21229879808
3,4068.043,grad,21414560256
3,4069.299,grad,21421974016
3,4071.163,grad,21421969920
3,4072.659,grad,21431407104
3,4073.933,grad,21454591488
3,4075.17,grad,21521769984
3,4076.415,grad,21706450432
3,4077.673,grad,21713864192
3,4079.412,grad,21713860096
3,4080.668,grad,21723297280
3,4081.907,grad,21761161728
3,4083.162,grad,21828340224
3,4084.44,grad,21959543296
3,4087.212,grad,22005750272
3,4088.47,grad,22015187456
3,4089.729,grad,22053051904
3,4090.985,grad,22120230400
3,4092.27,grad,22251433472
3,4095.088,grad,22297640448
3,4096.365,grad,22307077632
3,4097.615,grad,22344942080
3,4098.85,grad,22412186112
3,4100.078,grad,22550663680
3,4102.785,grad,22589530624
3,4104.04,grad,22598967808
3,4105.288,grad,22622152192
3,4106.533,grad,22689330688
3,4107.856,grad,22835213824
3,4110.592,grad,22881420800
3,4111.955,grad,22890857984
3,4113.211,grad,22914042368
3,4114.439,grad,22981220864
3,4115.695,grad,23088306688
3,4118.514,grad,23173310976
3,4119.777,grad,23182748160
3,4121.02,grad,23220678144
3,4122.279,grad,23287856640
3,4123.543,grad,23426334208
3,4126.183,grad,23465201152
3,4127.445,grad,23474638336
3,4128.7,grad,23512502784
3,4129.942,grad,23579746816
3,4131.173,grad,23718224384
3,4132.462,grad,23757091328
3,4134.115,grad,23757091328
3,4135.386,grad,23766528512
3,4136.647,grad,23789712896
3,4137.927,grad,23856891392
3,4139.205,grad,24002774528
3,4141.952,grad,24048981504
3,4143.306,grad,24058418688
3,4144.586,grad,24081603072
3,4145.849,grad,24148781568
3,4147.149,grad,24294664704
3,4148.378,grad,24326187520
3,4149.694,grad,25253138432
3,4151.715,grad,25253130240
3,4152.988,grad,24941703680
3,4154.231,grad,24941703680
3,4155.463,grad,24941703680
3,4156.733,grad,24941703680
3,4157.977,grad,25564548608
3,4159.308,grad,24333975040
3,4160.552,grad,24239865344
3,4161.832,grad,24172887552
3,4163.128,grad,24105119232
3,4164.384,grad,24069860864
3,4166.363,grad,24061356544
3,4167.664,grad,24080230912
3,4169.434,grad,24056474112
3,4170.7,grad,24061237760
3,4171.941,grad,24042019328
3,4173.179,grad,23928445440
3,4174.416,grad,23861012992
3,4175.678,grad,23817816576
3,4176.921,grad,23788340736
3,4178.299,grad,23781000704
3,4179.539,grad,23799940608
3,4181.002,grad,23776118272
3,4182.246,grad,23780881920
3,4183.505,grad,23800460800
3,4184.774,grad,23640749568
3,4186.017,grad,23551292928
3,4187.26,grad,23530120704
3,4188.498,grad,23500644864
3,4190.037,grad,23500644864
3,4191.3,grad,23519584768
3,4192.732,grad,23495762432
3,4193.967,grad,23500513792
3,4195.192,grad,23512764928
3,4196.427,grad,23391851008
3,4197.692,grad,23285613056
3,4198.926,grad,23235084800
3,4200.157,grad,23221337600
3,4201.39,grad,23249714688
3,4202.795,grad,23214915072
3,4204.124,grad,23215406592
3,4205.379,grad,23220174336
3,4206.618,grad,23162154496
3,4207.872,grad,23072697856
3,4209.101,grad,22991306240
3,4210.331,grad,22962789888
3,4211.57,grad,22947994112
3,4213.0,grad,22940654080
3,4214.24,grad,22959528448
3,4215.703,grad,22935771648
3,4216.968,grad,22940527104
3,4218.217,grad,22921316864
3,4219.47,grad,22831860224
3,4220.714,grad,22710946304
3,4221.943,grad,22689774080
3,4223.175,grad,22678648320
3,4224.487,grad,22660298240
3,4225.779,grad,22679172608
3,4227.211,grad,22655415808
3,4228.456,grad,22660167168
3,4229.706,grad,22633620992
3,4230.947,grad,22551799296
3,4232.176,grad,22430885376
3,4233.404,grad,22395033088
3,4234.639,grad,22387577344
3,4235.892,grad,22409597440
3,4237.373,grad,22374863360
3,4238.629,grad,22382694912
3,4240.114,grad,22409470464
3,4241.378,grad,22360900096
3,4242.614,grad,22239986176
3,4243.848,grad,22165209600
3,4245.079,grad,22129357312
3,4246.324,grad,22099881472
3,4247.809,grad,22099881472
3,4249.055,grad,22118821376
3,4250.493,grad,22094999040
3,4251.772,grad,22099758592
3,4253.02,grad,22041812480
3,4254.259,grad,21991153152
3,4255.49,grad,21870247424
3,4256.742,grad,21841726976
3,4257.986,grad,21821688320
3,4259.468,grad,21819591168
3,4260.751,grad,21838465536
3,4262.223,grad,21814708736
3,4263.465,grad,21819464192
3,4264.724,grad,21800319488
3,4265.955,grad,21633268224
3,4267.186,grad,21589957120
3,4268.429,grad,21568776704
3,4269.673,grad,21550310912
3,4271.018,grad,21539300864
3,4272.279,grad,21558240768
3,4273.721,grad,21534418432
3,4274.959,grad,21539169792
3,4276.226,grad,21520094720
3,4277.476,grad,21430572544
3,4278.735,grad,21316998656
3,4279.975,grad,21288551936
3,4281.206,grad,21262156288
3,4282.899,grad,21259010560
3,4284.15,grad,21277950464
3,4285.57,grad,21254128128
3,4286.826,grad,21258879488
3,4288.071,grad,21232398848
3,4289.298,grad,21150282240
3,4290.523,grad,21029761536
3,4291.766,grad,21008589312
3,4292.993,grad,21001133568
3,4294.242,grad,20979113472
3,4295.773,grad,20973739520
3,4297.027,grad,20981571072
3,4298.292,grad,21008338432
3,4299.534,grad,20952436224
3,4300.782,grad,20870319616
3,4302.013,grad,20764081664
3,4303.243,grad,20728233472
3,4304.472,grad,20720777728
3,4305.773,grad,20698757632
3,4307.043,grad,20702951936
3,4308.472,grad,20693875200
3,4309.732,grad,20691286528
3,4310.979,grad,20679485952
3,4312.211,grad,20590029312
3,4313.448,grad,20469115392
3,4314.714,grad,20462688768
3,4315.947,grad,20419515904
3,4317.424,grad,20418467328
3,4318.713,grad,20437407232
3,4320.122,grad,20413584896
3,4321.367,grad,20418336256
3,4322.601,grad,20399130112
3,4323.84,grad,20309739008
3,4325.071,grad,20188833280
3,4326.311,grad,20167652864
3,4327.547,grad,20156527104
3,4328.954,grad,20138177024
3,4330.289,grad,20157116928
3,4331.798,grad,20133294592
3,4333.072,grad,20138045952
3,4334.33,grad,20111499776
3,4335.595,grad,19951854080
3,4336.845,grad,19908538880
3,4338.139,grad,19880022528
3,4339.409,grad,19859983872
3,4341.265,grad,19857886720
3,4342.561,grad,19876826624
3,4344.065,grad,19853004288
3,4345.313,grad,19857755648
3,4346.632,grad,19838615040
3,4347.88,grad,19763838464
3,4349.134,grad,19628244480
3,4350.445,grad,19607137792
3,4351.697,grad,19585052160
3,4353.594,grad,19577596416
3,4354.9,grad,19596470784
3,4356.387,grad,19572713984
3,4357.632,grad,19577465344
3,4358.886,grad,19550919168
3,4360.122,grad,19468868096
3,4361.356,grad,19347954176
3,4362.586,grad,19319441920
3,4363.822,grad,19319326208
3,4365.08,grad,19297306112
3,4366.33,grad,19316246016
3,4367.767,grad,19292423680
3,4369.02,grad,19297175040
3,4370.252,grad,19309426176
3,4371.483,grad,19188577792
3,4372.729,grad,19067663872
3,4373.96,grad,19046491648
3,4375.196,grad,19031695872
3,4376.538,grad,19017015808
3,4377.867,grad,19035890176
3,4379.366,grad,19012133376
3,4380.618,grad,19019506176
3,4381.882,grad,19016880640
3,4383.132,grad,18990338560
3,4384.399,grad,18908287488
3,4385.598,grad,18794713600
3,4386.843,grad,18780946944
3,4388.087,grad,18738822656
3,4389.869,grad,18736725504
3,4391.163,grad,18755599872
3,4392.779,grad,18731843072
3,4394.03,grad,18736606720
3,4395.269,grad,18678590976
3,4396.512,grad,18627997184
3,4397.776,grad,18536447488
3,4399.048,grad,18478571008
3,4400.305,grad,18463775232
3,4401.792,grad,18456435200
3,4403.04,grad,18475309568
3,4404.546,grad,18451552768
3,4405.8,grad,18456316416
3,4407.036,grad,18398300672
3,4408.272,grad,18323589632
3,4409.523,grad,18226792960
3,4410.802,grad,18220366336
3,4412.057,grad,18178242048
3,4413.747,grad,18176144896
3,4415.034,grad,18195019264
3,4416.533,grad,18171262464
3,4417.802,grad,18168673792
3,4419.066,grad,18156873216
3,4420.338,grad,18082096640
3,4421.585,grad,17985299968
3,4422.826,grad,17924937216
3,4424.065,grad,17896903168
3,4425.924,grad,17895854592
3,4427.22,grad,17914728960
3,4428.754,grad,17890972160
3,4430.017,grad,17895739904
3,4431.253,grad,17837720064
3,4432.488,grad,17748328960
3,4433.732,grad,17695572480
3,4434.963,grad,17645040128
3,4436.194,grad,17616612864
3,4437.759,grad,17615564288
3,4439.058,grad,17634504192
3,4440.681,grad,17610681856
3,4441.936,grad,17615437312
3,4443.176,grad,17557429760
3,4444.41,grad,17468038656
3,4445.595,grad,17378582016
3,4446.833,grad,17364815360
3,4448.069,grad,17337895424
3,4449.773,grad,17335273984
3,4451.053,grad,17354476032
3,4452.753,grad,17330391552
3,4453.997,grad,17327802880
3,4455.261,grad,17316002304
3,4456.499,grad,17241225728
3,4457.76,grad,17105631744
3,4459.066,grad,17084525056
3,4460.314,grad,17057277440
3,4461.92,grad,17054131712
3,4463.216,grad,17073006080
3,4464.747,grad,17048397312
3,4465.987,grad,17053160960
3,4467.22,grad,17033942528
3,4468.455,grad,16945403392
3,4469.728,grad,16823645696
3,4470.967,grad,16796829184
3,4472.198,grad,16782033408
3,4473.589,grad,16773841408
3,4474.881,grad,16792715776
3,4476.345,grad,16768958976
3,4477.585,grad,16773726720
3,4478.828,grad,16714854912
3,4480.074,grad,16640799232
3,4481.307,grad,16533910016
3,4482.537,grad,16512803328
3,4483.804,grad,16484310528
3,4485.651,grad,16482999808
3,4486.936,grad,16501972480
3,4488.425,grad,16478117376
3,4489.699,grad,16468188672
3,4490.95,grad,16468188672
3,4492.18,grad,16468188672
3,4493.407,grad,16468188672
3,4495.987,grad,16468188160
3,4497.28,grad,16468188160
3,4498.565,grad,16468188160
3,4499.868,grad,16468188160
3,4503.611,grad,16468188160
3,4505.047,grad,16468188160
3,4506.301,grad,16484899840
3,4507.537,grad,16506067968
3,4508.803,grad,16523238400
3,4510.757,grad,16523238400
3,4512.001,grad,16523248640
3,4513.264,grad,16685204480
3,4514.587,grad,16685204480
3,4515.86,grad,16685204480
3,4517.188,grad,16685204480
3,4518.426,grad,16629828608
3,4519.735,grad,16542703616
3,4520.986,grad,16360022016
3,4522.222,grad,16310542336
3,4523.451,grad,16343703552
3,4524.696,grad,16374046720
3,4525.943,grad,16404127744
3,4527.179,grad,16434864128
3,4528.412,grad,16466911232
3,4529.654,grad,16374407168
3,4536.014,grad,16143458304
3,4542.379,grad,16143462400
3,4548.755,grad,16143462400
3,4555.152,grad,16143462400
3,4560.444,grad,16143462400
3,4561.881,grad,16147367936
3,4564.923,grad,16151166976
3,4566.416,grad,16156213248
3,4567.717,grad,16164135936
3,4568.958,grad,16193008640
3,4570.244,grad,16255953920
3,4571.52,grad,16290819072
3,4573.772,grad,16302781440
3,4575.032,grad,16307827712
3,4576.279,grad,16319420416
3,4577.508,grad,16333611008
3,4578.755,grad,16445349888
3,4580.0,grad,16445061120
3,4582.032,grad,16449775616
3,4583.363,grad,16454821888
3,4584.623,grad,16466414592
3,4585.864,grad,16500003840
3,4587.096,grad,16592344064
3,4588.324,grad,16592053248
3,4590.355,grad,16596048896
3,4591.898,grad,16600767488
3,4593.151,grad,16612360192
3,4594.381,grad,16645949440
3,4595.593,grad,16777086976
3,4596.855,grad,16738324480
3,4598.86,grad,16741994496
3,4600.114,grad,16746713088
3,4601.369,grad,16759354368
3,4602.68,grad,16792943616
3,4603.938,grad,16846486528
3,4606.886,grad,16888988672
3,4608.137,grad,16893707264
3,4609.381,grad,16906348544
3,4610.648,grad,16940986368
3,4611.885,grad,16994529280
3,4614.722,grad,17037031424
3,4615.967,grad,17041750016
3,4617.248,grad,17055439872
3,4618.491,grad,17087980544
3,4619.738,grad,17142572032
3,4620.978,grad,17186122752
3,4622.856,grad,17186122752
3,4624.125,grad,17190841344
3,4625.425,grad,17203482624
3,4626.669,grad,17238120448
3,4627.902,grad,17369257984
3,4629.133,grad,17341507584
3,4630.978,grad,17334165504
3,4632.399,grad,17338884096
3,4633.665,grad,17352573952
3,4634.895,grad,17366764544
3,4636.123,grad,17478503424
3,4637.351,grad,17478540288
3,4639.356,grad,17482208256
3,4640.644,grad,17486926848
3,4641.898,grad,17499568128
3,4643.132,grad,17534205952
3,4644.366,grad,17626546176
3,4645.595,grad,17632874496
3,4647.505,grad,17629202432
3,4648.773,grad,17633921024
3,4650.063,grad,17646562304
3,4651.319,grad,17687491584
3,4652.641,grad,17754141696
3,4655.442,grad,17777245184
3,4656.721,grad,17781963776
3,4657.966,grad,17793556480
3,4659.193,grad,17827145728
3,4660.425,grad,17958283264
3,4661.696,grad,17920571392
3,4663.742,grad,17924239360
3,4665.0,grad,17928957952
3,4666.243,grad,17936880640
3,4667.525,grad,17954741248
3,4668.789,grad,18105277440
3,4670.031,grad,18066516992
3,4672.076,grad,18070184960
3,4674.343,grad,18074903552
3,4675.608,grad,18082826240
3,4676.872,grad,18100686848
3,4678.106,grad,18212425728
3,4679.346,grad,18212462592
3,4681.344,grad,18216130560
3,4682.615,grad,18220849152
3,4683.869,grad,18233490432
3,4685.112,grad,18267079680
3,4686.353,grad,18340021248
3,4687.58,grad,18370466816
3,4689.473,grad,18363124736
3,4690.745,grad,18367843328
3,4692.031,grad,18387824640
3,4693.389,grad,18415122432
3,4694.679,grad,18468665344
3,4695.937,grad,18522179584
3,4697.919,grad,18511167488
3,4699.228,grad,18515886080
3,4700.56,grad,18529575936
3,4701.873,grad,18562116608
3,4703.119,grad,18636106752
3,4704.361,grad,18667600896
3,4706.328,grad,18660258816
3,4707.647,grad,18664977408
3,4708.898,grad,18677618688
3,4710.176,grad,18712256512
3,4711.439,grad,18785198080
3,4714.33,grad,18808301568
3,4715.848,grad,18813020160
3,4717.106,grad,18826710016
3,4718.341,grad,18840900608
3,4719.585,grad,18991436800
3,4720.824,grad,18963686400
3,4722.688,grad,18956344320
3,4723.937,grad,18961062912
3,4725.189,grad,18973704192
3,4726.446,grad,19015682048
3,4727.696,grad,19081283584
3,4730.471,grad,19103338496
3,4731.772,grad,19108057088
3,4733.022,grad,19128071168
3,4734.277,grad,19161660416
3,4735.508,grad,19231947776
3,4738.166,grad,19251381248
3,4739.43,grad,19256099840
3,4740.723,grad,19275065344
3,4741.998,grad,19308654592
3,4743.266,grad,19377893376
3,4745.935,grad,19398375424
3,4747.192,grad,19403094016
3,4748.442,grad,19414686720
3,4749.724,grad,19448275968
3,4750.964,grad,19579413504
3,4752.23,grad,19551663104
3,4754.06,grad,19544321024
3,4755.556,grad,19549039616
3,4756.883,grad,19560632320
3,4758.163,grad,19574822912
3,4759.43,grad,19686561792
3,4760.692,grad,19686600704
3,4762.628,grad,19690266624
3,4763.887,grad,19694985216
3,4765.131,grad,19714966528
3,4766.367,grad,19748588544
3,4767.61,grad,19817827328
3,4770.351,grad,19837260800
3,4771.63,grad,19841979392
3,4772.884,grad,19861960704
3,4774.119,grad,19896631296
3,4775.347,grad,19965870080
3,4777.962,grad,19985303552
3,4779.215,grad,19990022144
3,4780.489,grad,20011052032
3,4781.736,grad,20044641280
3,4783.002,grad,20114961408
3,4785.686,grad,20134394880
3,4786.953,grad,20139113472
3,4788.225,grad,20160143360
3,4789.462,grad,20193765376
3,4790.699,grad,20263004160
3,4791.933,grad,20430708736
3,4794.99,grad,20738467328
3,4796.238,grad,20582754304
3,4797.479,grad,20582754304
3,4798.718,grad,20582754304
3,4799.948,grad,20582754304
3,4801.188,grad,20278662144
3,4802.534,grad,20272761856
3,4803.803,grad,20236389376
3,4805.036,grad,20167543808
3,4806.342,grad,20156990464
3,4807.637,grad,20141170688
3,4809.217,grad,20140122112
3,4810.526,grad,20149559296
3,4812.319,grad,20137926656
3,4813.596,grad,20140060672
3,4814.837,grad,20148803584
3,4816.071,grad,20073830400
3,4817.305,grad,20039260160
3,4818.548,grad,20016713728
3,4819.79,grad,20004072448
3,4821.171,grad,19997256704
3,4822.519,grad,20007742464
3,4824.051,grad,19995061248
3,4825.296,grad,19997197312
3,4826.539,grad,19968975872
3,4827.782,grad,19925230592
3,4829.019,grad,19899640832
3,4830.249,grad,19878042624
3,4831.491,grad,19863402496
3,4832.936,grad,19857537024
3,4834.279,grad,19866974208
3,4835.767,grad,19855341568
3,4837.005,grad,19857479680
3,4838.239,grad,19829354496
3,4839.477,grad,19808677888
3,4840.761,grad,19741667328
3,4842.042,grad,19734882304
3,4843.289,grad,19719586816
3,4844.852,grad,19719062528
3,4846.134,grad,19728466944
3,4847.944,grad,19716867072
3,4849.251,grad,19719003136
3,4850.495,grad,19729579008
3,4851.836,grad,19670039552
3,4853.163,grad,19629931520
3,4854.471,grad,19603321856
3,4855.732,grad,19581538304
3,4857.52,grad,19581440000
3,4858.819,grad,19590844416
3,4860.398,grad,19579244544
3,4861.617,grad,19596056576
3,4862.883,grad,19611486208
3,4864.129,grad,19536152576
3,4865.379,grad,19488638976
3,4866.621,grad,19458457600
3,4867.859,grad,19445324800
3,4869.599,grad,19443915776
3,4870.939,grad,19453352960
3,4872.482,grad,19441720320
3,4873.765,grad,19443850240
3,4875.008,grad,19430413312
3,4876.243,grad,19350557696
3,4877.479,grad,19328902144
3,4878.73,grad,19314641920
3,4879.964,grad,19314681856
3,4881.242,grad,19303573504
3,4882.534,grad,19313010688
3,4884.229,grad,19301378048
3,4885.489,grad,19299837952
3,4886.797,grad,19300065280
3,4888.046,grad,19290234880
3,4889.281,grad,19248128000
3,4890.523,grad,19184001024
3,4891.781,grad,19184261120
3,4893.039,grad,19178231808
3,4894.283,grad,19161822208
3,4895.534,grad,19161297920
3,4896.796,grad,19170407424
3,4898.766,grad,19159102464
3,4900.036,grad,19161232384
3,4901.277,grad,19150449664
3,4902.544,grad,19149171712
3,4903.826,grad,19105950720
3,4905.073,grad,19052735488
3,4906.321,grad,19034711040
3,4907.572,grad,19027567616
3,4908.812,grad,19026460672
3,4910.289,grad,19019120640
3,4911.546,grad,19028230144
3,4913.6,grad,19016925184
3,4914.853,grad,19019055104
3,4916.095,grad,19008174080
3,4917.355,grad,19006896128
3,4918.669,grad,18967083008
3,4919.925,grad,18904371200
3,4921.19,grad,18893910016
3,4922.433,grad,18879925248
3,4924.397,grad,18878090240
3,4925.673,grad,18887199744
3,4927.657,grad,18875894784
3,4928.9,grad,18874354688
3,4930.177,grad,18874483712
3,4931.507,grad,18865865728
3,4932.845,grad,18824905728
3,4934.118,grad,18763144192
3,4935.521,grad,18752584704
3,4936.801,grad,18736240640
3,4938.904,grad,18735716352
3,4940.19,grad,18744858624
3,4941.439,grad,18733144064
3,4942.751,grad,18733520896
3,4944.017,grad,18739320832
3,4945.262,grad,18731192320
3,4946.543,grad,18722541568
3,4947.877,grad,18682531840
3,4949.111,grad,18618769408
3,4950.412,grad,18608310272
3,4951.61,grad,18610374656
3,4952.866,grad,18593539072
3,4954.173,grad,18592490496
3,4955.443,grad,18602648576
3,4957.445,grad,18590295040
3,4958.694,grad,18597143552
3,4959.931,grad,18588916736
3,4961.197,grad,18580265984
3,4962.506,grad,18539305984
3,4963.802,grad,18477542400
3,4965.092,grad,18466034688
3,4966.335,grad,18450739200
3,4968.347,grad,18450214912
3,4969.592,grad,18458275840
3,4971.564,grad,18448019456
3,4972.82,grad,18446479360
3,4974.121,grad,18446608384
3,4975.357,grad,18436777984
3,4976.59,grad,18395752448
3,4977.83,grad,18331625472
3,4979.063,grad,18331885568
3,4980.296,grad,18325856256
3,4981.533,grad,18309020672
3,4982.798,grad,18323635200
3,4984.125,grad,18318359552
3,4985.709,grad,18306726912
3,4986.957,grad,18308865024
3,4988.193,grad,18279855104
3,4989.426,grad,18238927872
3,4990.669,grad,18194101248
3,4991.899,grad,18190887936
3,4993.133,grad,18169825280
3,4994.643,grad,18168776704
3,4995.94,grad,18178213888
3,4997.403,grad,18166581248
3,4998.596,grad,18168717312
3,4999.835,grad,18139709440
3,5001.083,grad,18094981120
3,5002.309,grad,18068733952
3,5003.543,grad,18043467776
3,5004.818,grad,18032399360
3,5006.206,grad,18028729344
3,5007.478,grad,18038166528
3,5008.913,grad,18026533888
3,5010.153,grad,18032333824
3,5011.399,grad,18056842240
3,5012.629,grad,17973283840
3,5013.89,grad,17912826880
3,5015.13,grad,17902273536
3,5016.36,grad,17888550912
3,5017.846,grad,17887502336
3,5019.139,grad,17896939520
3,5020.564,grad,17885306880
3,5021.817,grad,17887436800
3,5023.064,grad,17874163712
3,5024.316,grad,17832089600
3,5025.559,grad,17771636736
3,5026.807,grad,17757376512
3,5028.04,grad,17752599552
3,5029.331,grad,17745259520
3,5030.662,grad,17754696704
3,5032.225,grad,17743064064
3,5033.478,grad,17745193984
3,5034.755,grad,17731920896
3,5036.007,grad,17689846784
3,5037.275,grad,17629393920
3,5038.521,grad,17619852288
3,5039.786,grad,17606686720
3,5041.193,grad,17604065280
3,5042.481,grad,17613469696
3,5044.084,grad,17601869824
3,5045.347,grad,17600329728
3,5046.6,grad,17593217024
3,5047.839,grad,17561792512
3,5049.068,grad,17505169408
3,5050.296,grad,17477609472
3,5051.533,grad,17480951808
3,5053.487,grad,17462019072
3,5054.777,grad,17472472064
3,5056.321,grad,17459823616
3,5057.563,grad,17461953536
3,5058.818,grad,17453399040
3,5060.049,grad,17370921984
3,5061.28,grad,17347200000
3,5062.533,grad,17339233280
3,5063.787,grad,17325281280
3,5065.139,grad,17319776256
3,5066.452,grad,17329213440
3,5067.913,grad,17317580800
3,5069.147,grad,17319710720
3,5070.374,grad,17307486208
3,5071.602,grad,17247029248
3,5072.838,grad,17212264448
3,5074.076,grad,17196957696
3,5075.323,grad,17185627136
3,5076.645,grad,17176452096
3,5077.927,grad,17185889280
3,5079.346,grad,17174256640
3,5080.583,grad,17172716544
3,5081.869,grad,17166816256
3,5083.1,grad,17127822336
3,5084.338,grad,17090434048
3,5085.697,grad,17057106944
3,5086.941,grad,17034176512
3,5088.754,grad,17034176512
3,5089.995,grad,17043580928
3,5091.557,grad,17031981056
3,5092.817,grad,17034119168
3,5094.058,grad,17005142016
3,5095.3,grad,16961462272
3,5096.531,grad,16934035456
3,5097.775,grad,16908769280
3,5099.004,grad,16896652288
3,5100.398,grad,16892982272
3,5101.645,grad,16902386688
3,5103.201,grad,16890786816
3,5104.457,grad,16892920832
3,5105.73,grad,16883346432
3,5106.962,grad,16842288128
3,5108.213,grad,16778161152
3,5109.474,grad,16767607808
3,5110.723,grad,16754409472
3,5112.335,grad,16752836608
3,5113.593,grad,16762241024
3,5115.203,grad,16750313472
3,5116.514,grad,16752443392
3,5117.841,grad,16743200768
3,5119.089,grad,16705779712
3,5120.325,grad,16637982720
3,5121.57,grad,16626872320
3,5122.814,grad,16613641216
3,5124.465,grad,16612330496
3,5125.755,grad,16621931520
3,5127.392,grad,16609086464
3,5128.614,grad,16611222528
3,5129.868,grad,16622060544
3,5131.203,grad,16562979840
3,5132.471,grad,16493118464
3,5133.784,grad,16486235136
3,5135.028,grad,16471988224
3,5136.603,grad,16471463936
3,5137.935,grad,16480901120
3,5139.683,grad,16468318208
3,5140.95,grad,16470452224
3,5142.21,grad,16480997376
3,5143.454,grad,16399372288
3,5144.7,grad,16354512896
3,5145.932,grad,16340289536
3,5147.167,grad,16326894592
3,5148.712,grad,16325256192
3,5150.032,grad,16334693376
3,5151.699,grad,16323060736
3,5153.038,grad,16326616064
3,5154.328,grad,16317850624
3,5155.637,grad,16317850624
3,5156.886,grad,16317850624
3,5159.378,grad,16317850112
3,5160.667,grad,16317850112
3,5161.944,grad,16317850112
3,5163.209,grad,16317850112
3,5166.861,grad,16317850112
3,5168.232,grad,16317850112
3,5169.472,grad,16327647744
3,5170.724,grad,16338493952
3,5171.97,grad,16345375232
3,5173.711,grad,16345375232
3,5174.952,grad,16345382400
3,5176.212,grad,16507101696
3,5177.479,grad,16507101696
3,5178.733,grad,16507101696
3,5180.032,grad,16507101696
3,5181.363,grad,16481543168
3,5182.616,grad,16443680256
3,5183.918,grad,16349537792
3,5185.195,grad,16312378880
3,5186.434,grad,16344851968
3,5187.682,grad,16376079872
3,5188.956,grad,16409699840
3,5190.205,grad,16443155968
3,5191.446,grad,16454657536
3,5192.694,grad,16331941376
3,5193.96,grad,16141856256
3,5195.213,grad,16153378304
3,5196.45,grad,16183131648
3,5197.705,grad,16212098560
3,5198.941,grad,16240705024
3,5200.203,grad,16269540864
3,5201.448,grad,16298966528
3,5202.704,grad,16223010304
3,5204.201,grad,16143449088
3,5205.452,grad,16060677120
3,5207.166,noise,15979082752
3,5208.443,noise,15979082752
3,5209.722,noise,15979082752
3,5210.957,noise,15980295168
3,5212.192,noise,15980753920
3,5213.429,noise,15980753920
3,5214.704,noise,15982490624
3,5215.946,noise,15982490624
3,5217.173,noise,15983703040
3,5218.407,noise,15983965184
3,5219.665,noise,15984423936
3,5220.909,noise,15984882688
3,5222.137,noise,15985144832
3,5223.362,noise,15986357248
3,5224.618,noise,15986586624
3,5225.867,noise,15986816000
3,5227.092,noise,15988028416
3,5228.319,noise,15988257792
3,5229.552,noise,15988257792
3,5230.825,noise,15989699584
3,5232.073,noise,15990191104
3,5233.309,noise,15990649856
3,5234.544,noise,15990912000
3,5235.815,noise,15990912000
3,5237.046,noise,15992353792
3,5238.272,noise,15992583168
3,5239.509,noise,15992583168
3,5240.791,noise,15994024960
3,5242.024,noise,15994024960
3,5243.248,noise,15995237376
3,5244.476,noise,15995728896
3,5245.75,noise,15996187648
3,5246.988,noise,15996679168
3,5248.212,noise,15996679168
3,5249.437,noise,15997891584
3,5250.704,noise,15998350336
3,5251.948,noise,15998350336
3,5253.186,noise,15999792128
3,5254.438,noise,15999792128
3,5255.729,noise,16001004544
3,5256.989,noise,16001496064
3,5258.217,noise,16001954816
3,5259.448,noise,16002446336
3,5260.72,noise,16002446336
3,5261.949,noise,16003658752
3,5263.176,noise,16004117504
3,5264.406,noise,16004117504
3,5265.641,noise,16005559296
3,5266.88,noise,16005559296
3,5268.123,noise,16007984128
3,5269.355,noise,16007033856
3,5270.595,noise,16007492608
3,5271.836,noise,16007951360
3,5273.065,noise,16008213504
3,5274.293,noise,16009425920
3,5275.529,noise,16009655296
3,5276.783,noise,16009884672
3,5278.008,noise,16011097088
3,5279.235,noise,16011326464
3,5280.484,noise,16011326464
3,5281.734,noise,16012768256
3,5282.964,noise,16013030400
3,5284.196,noise,16013489152
3,5285.428,noise,16013980672
3,5286.672,noise,16013980672
3,5287.901,noise,16015193088
3,5289.135,noise,16015651840
3,5290.373,noise,16015651840
3,5291.609,noise,16017093632
3,5292.842,noise,16017093632
3,5294.076,noise,16018306048
3,5295.305,noise,16018568192
3,5296.545,noise,16019256320
3,5297.797,noise,16019715072
3,5299.024,noise,16019747840
3,5300.251,noise,16020960256
3,5301.494,noise,16021517312
3,5302.746,noise,16021517312
3,5303.971,noise,16022729728
3,5305.211,noise,16022959104
3,5306.448,noise,16022959104
3,5307.708,noise,16024400896
3,5308.941,noise,16024892416
3,5310.172,noise,16025351168
3,5311.413,noise,16025613312
3,5312.64,noise,16025613312
3,5313.985,noise,16027284480
3,5315.259,noise,16027284480
3,5316.538,noise,16027284480
3,5317.824,noise,16028726272
3,5319.079,noise,16028726272
3,5320.345,noise,16030299136
3,5321.622,noise,16030790656
3,5322.885,noise,16031249408
3,5324.15,noise,16031740928
3,5325.393,noise,16031740928
3,5326.688,noise,16032953344
3,5327.966,noise,16033412096
3,5329.226,noise,16033412096
3,5330.509,noise,16034853888
3,5331.793,noise,16034853888
3,5333.025,noise,16036066304
3,5334.257,noise,16036557824
3,5335.486,noise,16037016576
3,5336.762,noise,16037508096
3,5337.993,noise,16037508096
3,5339.221,noise,16038720512
3,5340.47,noise,16039179264
3,5341.743,noise,16039179264
3,5342.976,noise,16041210880
3,5344.213,noise,16040981504
3,5345.491,noise,16042193920
3,5346.773,noise,16042456064
3,5348.011,noise,16042914816
3,5349.238,noise,16043373568
3,5350.469,noise,16043635712
3,5351.763,noise,16044848128
3,5353.007,noise,16045077504
3,5354.242,noise,16045306880
3,5355.467,noise,16046519296
3,5356.737,noise,16046748672
3,5357.973,noise,16046748672
3,5359.227,noise,16048190464
3,5360.455,noise,16048681984
3,5361.691,noise,16049140736
3,5362.932,noise,16049402880
3,5364.16,noise,16049402880
3,5365.385,noise,16050975744
3,5366.617,noise,16051434496
3,5367.855,noise,16051434496
3,5369.079,noise,16052876288
3,5370.307,noise,16052876288
3,5371.534,noise,16054088704
3,5372.802,noise,16054350848
3,5374.037,noise,16054809600
3,5375.263,noise,16055268352
3,5376.493,noise,16055530496
3,5377.759,noise,16056742912
3,5378.99,noise,16056972288
3,5380.218,noise,16057201664
3,5381.446,noise,16058414080
3,5382.708,noise,16058643456
3,5383.938,noise,16058643456
3,5385.172,noise,16060085248
3,5386.419,noise,16060347392
3,5387.675,noise,16060806144
3,5388.91,noise,16061297664
3,5390.133,noise,16061297664
3,5391.366,noise,16062510080
3,5392.602,noise,16062968832
3,5393.837,noise,16062968832
3,5395.061,noise,16064410624
3,5396.289,noise,16064410624
3,5397.545,noise,16068047872
3,5398.795,noise,16065885184
3,5400.023,noise,16066343936
3,5401.246,noise,16066802688
3,5402.509,noise,16067064832
3,5403.771,noise,16068277248
3,5404.998,noise,16068506624
3,5406.224,noise,16068736000
3,5407.449,noise,16069948416
3,5408.698,noise,16070177792
3,5409.922,noise,16070177792
3,5411.147,noise,16071390208
3,5412.413,noise,16071881728
3,5413.753,noise,16072340480
3,5415.188,noise,16072832000
3,5416.63,noise,16072832000
3,5418.058,noise,16074732544
3,5419.459,noise,16074503168
3,5420.869,noise,16074503168
3,5422.281,noise,16075944960
3,5423.687,noise,16075944960
3,5425.082,noise,16077386752
3,5426.529,noise,16077648896
3,5427.932,noise,16078107648
3,5429.203,noise,16078599168
3,5430.453,noise,16078599168
3,5431.721,noise,16079811584
3,5432.987,noise,16080270336
3,5434.334,noise,16080270336
3,5435.639,noise,16081941504
3,5437.14,noise,16081712128
3,5438.507,noise,16082924544
3,5439.817,noise,16083416064
3,5441.056,noise,16083874816
3,5442.301,noise,16084366336
3,5443.533,noise,16084366336
3,5444.79,noise,16085578752
3,5446.031,noise,16086037504
3,5447.267,noise,16086037504
3,5448.515,noise,16087479296
3,5449.757,noise,16087479296
3,5450.987,noise,16088691712
3,5452.213,noise,16088953856
3,5453.438,noise,16089412608
3,5454.692,noise,16089871360
3,5455.939,noise,16090133504
3,5457.165,noise,16091345920
3,5458.387,noise,16091935744
3,5459.601,noise,16092165120
3,5460.834,noise,16093377536
3,5462.071,noise,16093606912
3,5463.298,noise,16093606912
3,5464.531,noise,16095048704
3,5465.792,noise,16095310848
3,5467.025,noise,16095998976
3,5468.253,noise,16096261120
3,5469.479,noise,16096261120
3,5470.713,noise,16097702912
3,5471.942,noise,16097932288
3,5473.169,noise,16097932288
3,5474.414,noise,16099374080
3,5475.638,noise,16099374080
3,5476.864,noise,16100586496
3,5478.09,noise,16101078016
3,5479.313,noise,16101536768
3,5480.54,noise,16102028288
3,5481.78,noise,16102028288
3,5483.001,noise,16103240704
3,5484.23,noise,16103699456
3,5485.46,noise,16103699456
3,5486.702,noise,16105141248
3,5487.935,noise,16105141248
3,5489.163,noise,16106353664
3,5490.398,noise,16106615808
3,5491.627,noise,16107074560
3,5492.863,noise,16107533312
3,5494.096,noise,16107795456
3,5495.32,noise,16109007872
3,5496.542,noise,16109237248
3,5497.786,noise,16109466624
3,5499.007,noise,16110679040
3,5500.242,noise,16110908416
3,5501.468,noise,16110908416
3,5502.739,noise,16112350208
3,5503.968,noise,16112841728
3,5505.2,noise,16113300480
3,5506.426,noise,16113562624
3,5507.662,noise,16113562624
3,5508.884,noise,16114775040
3,5510.113,noise,16115233792
3,5511.337,noise,16115233792
3,5512.564,noise,16116675584
3,5513.811,noise,16116675584
3,5515.046,noise,16117888000
3,5516.275,noise,16118150144
3,5517.503,noise,16118608896
3,5518.746,noise,16119067648
3,5519.972,noise,16119329792
3,5521.196,noise,16120542208
3,5522.418,noise,16120771584
3,5523.662,noise,16121000960
3,5524.885,noise,16122213376
3,5526.114,noise,16122803200
3,5527.336,noise,16122803200
3,5528.558,noise,16124244992
3,5529.8,noise,16124507136
3,5531.049,noise,16125195264
3,5532.277,noise,16125457408
3,5533.5,noise,16125457408
3,5534.736,noise,16126899200
3,5535.966,noise,16127128576
3,5537.19,noise,16127128576
3,5538.41,noise,16128799744
3,5539.636,noise,16128570368
3,5540.866,noise,16130995200
3,5542.093,noise,16130044928
3,5543.321,noise,16130503680
3,5544.591,noise,16130962432
3,5545.832,noise,16131224576
3,5547.081,noise,16131224576
3,5548.311,noise,16132666368
3,5549.534,noise,16132895744
3,5550.772,noise,16134108160
3,5551.996,noise,16134337536
3,5553.221,noise,16134337536
3,5554.445,noise,16135779328
3,5555.689,noise,16136041472
3,5556.913,noise,16136500224
3,5558.145,noise,16136991744
3,5559.371,noise,16136991744
3,5560.597,noise,16138204160
3,5561.833,noise,16138662912
3,5563.058,noise,16138662912
3,5564.279,noise,16140334080
3,5565.505,noise,16140104704
3,5566.743,noise,16141317120
3,5567.971,noise,16141579264
3,5569.536,noise,16142038016
3,5570.797,noise,16142496768
3,5572.033,noise,16087970816
3,5573.942,optimizer,15979049984
3,5575.211,optimizer,15983222784
3,5576.448,optimizer,15982384640
3,5577.69,optimizer,15983880704
3,5578.925,optimizer,15984223744
3,5580.156,optimizer,15984891904
3,5581.392,optimizer,15985641472
3,5582.625,optimizer,15987930624
3,5583.872,optimizer,15989465088
3,5585.121,optimizer,15992209408
3,5586.375,optimizer,15990326784
3,5587.612,optimizer,15991027200
3,5588.85,optimizer,15991548928
3,5590.089,optimizer,15994066944
3,5591.32,optimizer,15996810752
3,5592.554,optimizer,15997375488
3,5593.801,optimizer,15996672512
3,5595.035,optimizer,15997404672
3,5596.269,optimizer,15997685760
3,5597.507,optimizer,15999676416
3,5598.771,optimizer,16001991680
3,5600.009,optimizer,16002527744
3,5601.242,optimizer,16003079168
3,5602.479,optimizer,16003540480
3,5603.739,optimizer,16004911104
3,5604.97,optimizer,16005826048
3,5606.2,optimizer,16007358976
3,5607.429,optimizer,16008697856
3,5608.668,optimizer,16009186816
3,5609.896,optimizer,16009947136
3,5611.128,optimizer,16012226560
3,5612.361,optimizer,16013020160
3,5613.592,optimizer,16015841792
3,5614.828,optimizer,16014865920
3,5616.057,optimizer,16015565824
3,5617.284,optimizer,16016348160
3,5618.516,optimizer,16018606080
3,5619.772,optimizer,16022562816
3,5621.001,optimizer,16021943296
3,5622.265,optimizer,16021441024
3,5623.498,optimizer,16021944320
3,5624.75,optimizer,16022059520
3,5626.016,optimizer,16023986176
3,5627.252,optimizer,16026516992
3,5628.499,optimizer,16027525632
3,5629.759,optimizer,16027590656
3,5631.011,optimizer,16028308480
3,5632.243,optimizer,16029601792
3,5633.492,optimizer,16030365184
3,5634.739,optimizer,16032956416
3,5635.968,optimizer,16033238016
3,5637.194,optimizer,16033954304
3,5638.421,optimizer,16034458624
3,5639.66,optimizer,16039189504
3,5640.911,optimizer,16037559296
3,5642.158,optimizer,16041287168
3,5643.419,optimizer,16039419392
3,5644.665,optimizer,16040563200
3,5645.898,optimizer,16040628736
3,5647.129,optimizer,16042161152
3,5648.358,optimizer,16044907008
3,5649.591,optimizer,16046455296
3,5650.841,optimizer,16045979648
3,5652.09,optimizer,16046483456
3,5653.342,optimizer,16046631936
3,5654.611,optimizer,16048568320
3,5655.861,optimizer,16051285504
3,5657.114,optimizer,16051835392
3,5658.346,optimizer,16052129792
3,5659.585,optimizer,16052618240
3,5660.826,optimizer,16053914112
3,5662.056,optimizer,16054675968
3,5663.309,optimizer,16056797696
3,5664.561,optimizer,16057906176
3,5665.824,optimizer,16058397184
3,5667.062,optimizer,16058884096
3,5668.315,optimizer,16060179968
3,5669.544,optimizer,16060941824
3,5670.801,optimizer,16062703104
3,5672.036,optimizer,16064041472
3,5673.265,optimizer,16064530944
3,5674.493,optimizer,16065262592
3,5675.749,optimizer,16067603456
3,5676.98,optimizer,16067534336
3,5678.208,optimizer,16070047744
3,5679.44,optimizer,16070177280
3,5680.69,optimizer,16070894080
3,5681.924,optimizer,16071397888
3,5683.149,optimizer,16077178368
3,5684.397,optimizer,16074499072
3,5685.638,optimizer,16078063616
3,5686.879,optimizer,16077654528
3,5688.111,optimizer,16078094336
3,5689.545,optimizer,16078875648
3,5690.8,optimizer,16081133056
3,5692.031,optimizer,16082666496
3,5693.264,optimizer,16084427776
3,5694.492,optimizer,16083543552
3,5695.736,optimizer,16084456960
3,5696.97,optimizer,16084752384
3,5698.221,optimizer,16087282176
3,5699.452,optimizer,16090470912
3,5700.691,optimizer,16090577408
3,5701.944,optimizer,16090332160
3,5703.175,optimizer,16090607616
3,5704.406,optimizer,16091934208
3,5705.635,optimizer,16092691456
3,5706.873,optimizer,16096228352
3,5708.101,optimizer,16097072128
3,5709.336,optimizer,16097302016
3,5710.567,optimizer,16098477568
3,5711.814,optimizer,16099162624
3,5713.065,optimizer,16100076032
3,5714.301,optimizer,16102668288
3,5715.533,optimizer,16102981120
3,5716.786,optimizer,16104123904
3,5718.044,optimizer,16104169984
3,5719.274,optimizer,16108900352
3,5720.505,optimizer,16107270144
3,5721.748,optimizer,16109786624
3,5722.977,optimizer,16109158400
3,5724.226,optimizer,16110273536
3,5725.452,optimizer,16110339584
3,5726.691,optimizer,16112101376
3,5727.918,optimizer,16114618368
3,5729.148,optimizer,16116166144
3,5730.373,optimizer,16115733504
3,5731.606,optimizer,16116438528
3,5732.838,optimizer,16117489152
3,5734.063,optimizer,16118251520
3,5735.29,optimizer,16120013312
3,5736.517,optimizer,16121352704
3,5737.759,optimizer,16121855488
3,5739.009,optimizer,16122559488
3,5740.238,optimizer,16124879872
3,5741.465,optimizer,16125825024
3,5742.707,optimizer,16127283712
3,5743.942,optimizer,16127519232
3,5745.192,optimizer,16128221184
3,5746.448,optimizer,16128742400
3,5747.688,optimizer,16131259392
3,5748.918,optimizer,16132792320
3,5750.149,optimizer,16134583296
3,5751.378,optimizer,16134094848
3,5752.607,optimizer,16134598656
3,5753.841,optimizer,16134747136
3,5755.071,optimizer,16136640512
3,5756.302,optimizer,16139172352
3,5757.53,optimizer,16140179968
3,5758.774,optimizer,16140244992
3,5760.003,optimizer,16140732928
3,5761.231,optimizer,16142180352
3,5762.474,optimizer,16143150080
3,5763.713,optimizer,16145742848
3,5764.946,optimizer,16146057728
3,5766.174,optimizer,16147198464
3,5767.402,optimizer,16147244032
3,5768.629,optimizer,16149551104
3,5769.882,optimizer,16150344192
3,5771.13,optimizer,16153089536
3,5772.376,optimizer,16152190976
3,5773.607,optimizer,16152890880
3,5774.842,optimizer,16153414656
3,5776.072,optimizer,16155675648
3,5777.317,optimizer,16153709056
3,5778.546,optimizer,16153250816
3,5779.792,optimizer,16153250816
3,5781.023,optimizer,16153250304
3,5782.254,optimizer,16153316352
3,5783.486,optimizer,16153250816
3,5784.74,optimizer,16154167808
3,5785.979,optimizer,16153709056
3,5787.211,optimizer,16153709056
3,5788.46,optimizer,16153315840
3,5789.709,optimizer,16153250304
3,5790.959,optimizer,16155675136
3,5792.186,optimizer,16153250304
3,5793.42,optimizer,16153250816
3,5794.661,optimizer,16153709568
3,5795.938,optimizer,16153250304
3,5797.174,optimizer,16155675136
3,5798.407,optimizer,16153250304
3,5799.663,optimizer,16153709056
3,5800.892,optimizer,16153709056
3,5802.153,optimizer,16153709568
3,5803.384,optimizer,16153709568
3,5804.611,optimizer,16153250816
3,5805.845,optimizer,16153250816
3,5807.072,optimizer,16155675648
3,5808.301,optimizer,16155675136
3,5809.55,optimizer,16153250816
3,5810.797,optimizer,16155675136
3,5812.039,optimizer,16153709568
3,5813.276,optimizer,16153250304
3,5814.539,optimizer,16154464256
3,5815.833,optimizer,16164786176
3,5817.075,optimizer,16179564032
3,5818.312,optimizer,16189198336
3,5819.544,optimizer,16199028736
3,5820.786,optimizer,16208171008
3,5822.027,optimizer,16218034176
3,5823.275,optimizer,16229371904
3,5824.57,optimizer,16243822592
3,5825.833,optimizer,16257290240
3,5827.08,optimizer,16270134784
3,5828.311,optimizer,16284782592
3,5829.563,optimizer,16299528192
3,5830.812,optimizer,16313224704
3,5832.041,optimizer,16241591808
3,5833.279,optimizer,16153445376
3,5834.516,optimizer,16173827072
3,5835.788,optimizer,16204104704
3,5837.021,optimizer,16233202688
3,5838.253,optimizer,16262857728
3,5839.487,optimizer,16295265280
3,5840.734,optimizer,16287466496
3,5842.082,optimizer,16153052160
3,5843.315,optimizer,16177464320
3,5844.543,optimizer,16206660608
3,5845.801,optimizer,16235725824
3,5847.033,optimizer,16267052032
3,5848.277,optimizer,16297362432
3,5849.514,optimizer,16271901696
3,5850.769,optimizer,16134472704
3,5852.145,optimizer,16006448128
3,5853.378,optimizer,15985882624
3,5854.606,optimizer,15982252544
3,5855.852,optimizer,15978624512
3,5857.151,optimizer,15978624000
3,5858.383,optimizer,15978624000
3,5859.609,optimizer,15978624000
3,5860.857,optimizer,15978624000
4,6.413,grad,15979378176
4,12.842,grad,15979386368
4,19.192,grad,15979386368
4,25.536,grad,15979386368
4,30.066,grad,15979386368
4,31.389,grad,15986863616
4,34.376,grad,15994332672
4,35.757,grad,16003769856
4,37.035,grad,16019614208
4,38.297,grad,16078211584
4,39.563,grad,16203250176
4,40.809,grad,16281827840
4,43.179,grad,16296512000
4,44.466,grad,16306801152
4,45.727,grad,16322645504
4,47.048,grad,16358366720
4,48.295,grad,16581844480
4,49.543,grad,16594890240
4,51.635,grad,16588402176
4,52.978,grad,16598691328
4,54.288,grad,16614535680
4,55.596,grad,16650256896
4,56.832,grad,16873734656
4,58.062,grad,16872948224
4,60.249,grad,16880292352
4,61.51,grad,16890581504
4,62.771,grad,16913765888
4,64.005,grad,16980944384
4,65.24,grad,17243219456
4,66.475,grad,17164846592
4,68.78,grad,17173034496
4,70.042,grad,17182471680
4,71.322,grad,17205656064
4,72.555,grad,17234037248
4,73.798,grad,17457515008
4,75.026,grad,17472264704
4,77.05,grad,17464924672
4,78.306,grad,17474361856
4,79.546,grad,17497546240
4,80.787,grad,17525927424
4,82.019,grad,17749405184
4,83.263,grad,17749478912
4,85.276,grad,17756814848
4,86.534,grad,17766252032
4,87.79,grad,17789436416
4,89.02,grad,17856614912
4,90.254,grad,18118889984
4,91.484,grad,18041364992
4,93.507,grad,18048705024
4,94.768,grad,18058142208
4,96.015,grad,18081326592
4,97.251,grad,18148505088
4,98.503,grad,18410780160
4,99.777,grad,18333259264
4,101.752,grad,18340595200
4,103.036,grad,18350032384
4,104.322,grad,18373216768
4,105.554,grad,18401597952
4,106.793,grad,18625075712
4,108.02,grad,18639825408
4,110.058,grad,18632485376
4,111.589,grad,18641922560
4,112.844,grad,18665106944
4,114.078,grad,18732285440
4,115.311,grad,18916965888
4,116.538,grad,18931719680
4,118.435,grad,18924375552
4,119.703,grad,18933812736
4,120.949,grad,18956997120
4,122.179,grad,19024175616
4,123.408,grad,19208856064
4,124.638,grad,19208929792
4,126.619,grad,19216265728
4,127.88,grad,19225702912
4,129.134,grad,19248887296
4,130.377,grad,19316065792
4,131.617,grad,19500746240
4,132.849,grad,19500824064
4,134.805,grad,19508155904
4,136.063,grad,19517593088
4,137.313,grad,19540777472
4,138.543,grad,19607955968
4,139.783,grad,19870231040
4,141.014,grad,19792706048
4,143.073,grad,19800046080
4,144.333,grad,19809483264
4,145.585,grad,19825327616
4,146.876,grad,19861048832
4,148.12,grad,20084526592
4,149.359,grad,20099276288
4,151.456,grad,20091936256
4,152.739,grad,20101373440
4,153.985,grad,20124557824
4,155.214,grad,20152939008
4,156.443,grad,20376416768
4,157.68,grad,20391162368
4,160.031,grad,20383826432
4,161.375,grad,20393263616
4,162.644,grad,20409107968
4,163.923,grad,20444829184
4,165.162,grad,20668306944
4,166.401,grad,20683056640
4,168.496,grad,20675716608
4,169.76,grad,20685153792
4,171.012,grad,20700998144
4,172.313,grad,20736719360
4,173.558,grad,20960197120
4,174.795,grad,20974946816
4,176.841,grad,20967606784
4,178.09,grad,20977043968
4,179.336,grad,21000228352
4,180.564,grad,21028609536
4,181.808,grad,21174427136
4,183.07,grad,21305630208
4,185.458,grad,21259496960
4,186.757,grad,21268934144
4,188.004,grad,21284778496
4,189.282,grad,21320499712
4,190.522,grad,21466382848
4,191.805,grad,21529362944
4,193.999,grad,21551387136
4,195.258,grad,21560824320
4,196.528,grad,21584008704
4,197.771,grad,21651187200
4,199.0,grad,21913462272
4,200.23,grad,21835937280
4,202.252,grad,21843277312
4,203.713,grad,21852714496
4,204.966,grad,21875898880
4,206.196,grad,21904280064
4,207.426,grad,22127757824
4,208.664,grad,22142503424
4,210.803,grad,22135167488
4,212.054,grad,22144604672
4,213.306,grad,22160449024
4,214.588,grad,22196170240
4,215.815,grad,22420696576
4,217.041,grad,22435442176
4,219.16,grad,22428106240
4,220.433,grad,22437543424
4,221.691,grad,22460727808
4,222.92,grad,22489108992
4,224.157,grad,22636040704
4,225.383,grad,22713700864
4,227.521,grad,22721044992
4,228.786,grad,22730482176
4,230.033,grad,22746326528
4,231.322,grad,22782047744
4,232.559,grad,23005525504
4,233.808,grad,23020271104
4,235.935,grad,23012935168
4,237.19,grad,23022372352
4,238.461,grad,23045556736
4,239.704,grad,23073937920
4,240.936,grad,23297415680
4,242.166,grad,23312165376
4,244.268,grad,23304825344
4,245.523,grad,23314262528
4,246.778,grad,23330106880
4,248.081,grad,23365828096
4,249.33,grad,23589305856
4,250.603,grad,23604051456
4,252.973,grad,23596715520
4,254.25,grad,23606152704
4,255.512,grad,23629337088
4,256.77,grad,23657718272
4,258.011,grad,23881196032
4,259.252,grad,23895945728
4,261.368,grad,23888605696
4,262.622,grad,23898042880
4,263.865,grad,23913887232
4,265.16,grad,23949608448
4,266.406,grad,24173086208
4,267.628,grad,24187831808
4,268.866,grad,25722965504
4,271.481,grad,25092754432
4,272.737,grad,24781327872
4,273.963,grad,24781327872
4,275.183,grad,24781327872
4,276.405,grad,24781329920
4,277.633,grad,24173144576
4,278.863,grad,24123202048
4,280.092,grad,24079882752
4,281.33,grad,23951628800
4,282.672,grad,23930522112
4,283.906,grad,23903602176
4,285.828,grad,23900980736
4,287.068,grad,23920182784
4,288.755,grad,23896098304
4,289.991,grad,23900853760
4,291.22,grad,23881643520
4,292.447,grad,23799526912
4,293.691,grad,23671272960
4,294.989,grad,23650166272
4,296.219,grad,23623246336
4,297.917,grad,23620624896
4,299.197,grad,23639499264
4,300.75,grad,23615742464
4,301.988,grad,23620506112
4,303.218,grad,23562490368
4,304.448,grad,23473033728
4,305.688,grad,23383577088
4,306.954,grad,23369810432
4,308.188,grad,23342890496
4,310.514,grad,23340269056
4,311.767,grad,23359012352
4,313.728,grad,23335386624
4,314.987,grad,23340146176
4,316.22,grad,23320931840
4,317.452,grad,23238815232
4,318.692,grad,23103221248
4,320.007,grad,23089454592
4,321.247,grad,23061486080
4,323.013,grad,23059913216
4,324.351,grad,23078787584
4,325.904,grad,23055030784
4,327.164,grad,23059794432
4,328.399,grad,23001778688
4,329.646,grad,22919662080
4,330.894,grad,22830205440
4,332.143,grad,22808640000
4,333.38,grad,22779557376
4,335.257,grad,22779557376
4,336.497,grad,22798366208
4,338.037,grad,22774674944
4,339.276,grad,22779430400
4,340.507,grad,22760285696
4,341.748,grad,22692849152
4,342.976,grad,22594938368
4,344.2,grad,22541981184
4,345.427,grad,22522385920
4,347.418,grad,22498152960
4,348.693,grad,22517027328
4,350.148,grad,22493270528
4,351.385,grad,22527382016
4,352.614,grad,22478881280
4,353.839,grad,22396699136
4,355.064,grad,22306193920
4,356.294,grad,22245831168
4,357.53,grad,22217797120
4,359.481,grad,22216748544
4,360.751,grad,22235491840
4,362.358,grad,22211866112
4,363.596,grad,22216629760
4,364.826,grad,22158614016
4,366.053,grad,22115294720
4,367.29,grad,21994380800
4,368.596,grad,21965934080
4,369.826,grad,21937965568
4,371.676,grad,21936392704
4,372.923,grad,21955136000
4,374.545,grad,21931510272
4,375.802,grad,21965621760
4,377.059,grad,21917121024
4,378.294,grad,21835233792
4,379.52,grad,21745777152
4,380.759,grad,21685414400
4,381.992,grad,21656331776
4,383.836,grad,21656331776
4,385.079,grad,21675140608
4,386.768,grad,21651449344
4,388.025,grad,21656208896
4,389.262,grad,21675791872
4,390.495,grad,21516080640
4,391.733,grad,21426624000
4,392.961,grad,21405058560
4,394.189,grad,21377024512
4,395.966,grad,21375975936
4,397.262,grad,21394850304
4,398.789,grad,21371093504
4,400.029,grad,21375844864
4,401.338,grad,21356704256
4,402.583,grad,21274522112
4,403.814,grad,21177725440
4,405.046,grad,21124768256
4,406.29,grad,21095620096
4,408.082,grad,21095620096
4,409.447,grad,21114494464
4,410.945,grad,21090737664
4,412.24,grad,21095497216
4,413.541,grad,21115080192
4,414.967,grad,20994166272
4,416.248,grad,20858637824
4,417.603,grad,20844871168
4,418.862,grad,20816902656
4,420.699,grad,20815329792
4,422.013,grad,20834073088
4,423.79,grad,20810447360
4,425.059,grad,20815211008
4,426.348,grad,20834789888
4,427.607,grad,20713875968
4,428.864,grad,20585687552
4,430.108,grad,20564580864
4,431.353,grad,20537660928
4,433.166,grad,20535039488
4,434.466,grad,20553913856
4,436.003,grad,20530157056
4,437.269,grad,20534912512
4,438.532,grad,20515702272
4,439.846,grad,20433585664
4,441.102,grad,20312737280
4,442.364,grad,20283831808
4,443.624,grad,20255797760
4,446.153,grad,20254749184
4,447.442,grad,20273558016
4,449.045,grad,20249866752
4,450.31,grad,20254618112
4,451.597,grad,20313072128
4,452.854,grad,20153295360
4,454.106,grad,20056564224
4,455.36,grad,20003541504
4,456.603,grad,19975507456
4,458.347,grad,19974458880
4,459.598,grad,19993267712
4,461.112,grad,19969576448
4,462.365,grad,19974344192
4,463.612,grad,19993918976
4,464.852,grad,19873005056
4,466.116,grad,19737476608
4,467.412,grad,19723709952
4,468.659,grad,19695741440
4,470.361,grad,19694168576
4,471.641,grad,19712977408
4,473.213,grad,19689286144
4,474.471,grad,19694045696
4,475.727,grad,19674831360
4,476.959,grad,19585374720
4,478.186,grad,19503323648
4,479.417,grad,19442960896
4,480.654,grad,19414926848
4,482.402,grad,19413878272
4,483.707,grad,19433080320
4,485.365,grad,19408995840
4,486.617,grad,19406407168
4,487.873,grad,19392181760
4,489.146,grad,19312489984
4,490.379,grad,19237713408
4,491.635,grad,19177350656
4,492.903,grad,19149432320
4,494.891,grad,19133587968
4,496.173,grad,19152462336
4,497.631,grad,19128705536
4,498.868,grad,19133473280
4,500.099,grad,19075453440
4,501.333,grad,18985996800
4,502.567,grad,18933305856
4,503.83,grad,18882839040
4,505.067,grad,18855919104
4,506.777,grad,18853297664
4,508.022,grad,18872106496
4,509.714,grad,18848415232
4,510.958,grad,18860506624
4,512.2,grad,18834025984
4,513.453,grad,18751843840
4,514.72,grad,18655112704
4,515.959,grad,18602089984
4,517.192,grad,18574580224
4,518.949,grad,18573007360
4,520.197,grad,18591816192
4,521.799,grad,18568124928
4,523.076,grad,18572888576
4,524.42,grad,18553670144
4,525.752,grad,18432756224
4,527.011,grad,18343365120
4,528.322,grad,18322258432
4,529.563,grad,18294289920
4,531.62,grad,18292717056
4,532.921,grad,18311591424
4,534.511,grad,18287834624
4,535.777,grad,18292598272
4,537.014,grad,18234582528
4,538.248,grad,18145125888
4,539.478,grad,18070414848
4,540.75,grad,18041968128
4,541.986,grad,18015048192
4,543.68,grad,18012426752
4,544.964,grad,18031170048
4,546.663,grad,18007544320
4,547.908,grad,18012303872
4,549.145,grad,18031886848
4,550.378,grad,17903632896
4,551.617,grad,17814241792
4,552.856,grad,17761284608
4,554.122,grad,17732136448
4,556.052,grad,17732136448
4,557.362,grad,17751010816
4,558.893,grad,17727254016
4,560.137,grad,17732009472
4,561.372,grad,17712799232
4,562.614,grad,17630682624
4,563.861,grad,17495154176
4,565.139,grad,17481387520
4,566.383,grad,17454467584
4,568.055,grad,17451846144
4,569.342,grad,17470720512
4,570.878,grad,17446111744
4,572.118,grad,17443523072
4,573.379,grad,17429297664
4,574.634,grad,17364285952
4,575.875,grad,17282234880
4,577.11,grad,17214859776
4,578.348,grad,17206856192
4,579.583,grad,17178895872
4,580.863,grad,17201440256
4,582.238,grad,17166181888
4,583.487,grad,17174013440
4,584.767,grad,17186100736
4,586.008,grad,17112569344
4,587.251,grad,17030452736
4,588.494,grad,16941913600
4,589.736,grad,16920806912
4,590.973,grad,16892314112
4,592.808,grad,16891265536
4,594.07,grad,16910074368
4,595.775,grad,16885531136
4,597.022,grad,16890298880
4,598.266,grad,16832279040
4,599.496,grad,16742822400
4,600.737,grad,16654283264
4,601.971,grad,16640516608
4,603.212,grad,16613072384
4,604.878,grad,16610975232
4,606.194,grad,16629816832
4,607.904,grad,16606092800
4,609.144,grad,16610844160
4,610.376,grad,16591638016
4,611.607,grad,16469675520
4,612.859,grad,16371895808
4,614.144,grad,16350789120
4,615.385,grad,16323869184
4,617.403,grad,16320985600
4,618.673,grad,16339827200
4,620.269,grad,16316103168
4,621.561,grad,16306174464
4,622.873,grad,16306174464
4,624.125,grad,16306174464
4,625.497,grad,16306173952
4,627.532,grad,16306173952
4,628.878,grad,16306173952
4,630.252,grad,16306173952
4,631.529,grad,16306173952
4,635.549,grad,16306173952
4,636.924,grad,16306173952
4,638.184,grad,16323803136
4,639.432,grad,16345954304
4,640.695,grad,16361224192
4,642.514,grad,16361224192
4,643.764,grad,16361230848
4,645.113,grad,16523190272
4,646.634,grad,16523190272
4,647.876,grad,16523190272
4,649.264,grad,16523190272
4,650.705,grad,16467656192
4,651.949,grad,16302636032
4,653.328,grad,16140860416
4,659.004,grad,16140860416
4,665.381,grad,16140868608
4,671.758,grad,16140868608
4,678.108,grad,16140868608
4,683.3,grad,16140868608
4,684.595,grad,16148214784
4,685.87,grad,16163159040
4,688.132,grad,16155814912
4,689.559,grad,16165252096
4,690.896,grad,16181096448
4,692.162,grad,16239693824
4,693.424,grad,16364732416
4,694.687,grad,16504127488
4,697.177,grad,16457994240
4,698.475,grad,16468283392
4,699.742,grad,16491467776
4,700.981,grad,16558646272
4,702.213,grad,16743326720
4,703.442,grad,16764568576
4,705.424,grad,16749884416
4,706.711,grad,16760173568
4,707.962,grad,16783357952
4,709.196,grad,16850536448
4,710.429,grad,17112811520
4,711.673,grad,17049118720
4,713.718,grad,17041774592
4,714.976,grad,17052063744
4,716.245,grad,17075248128
4,717.499,grad,17142426624
4,718.757,grad,17404701696
4,719.986,grad,17326332928
4,722.268,grad,17334516736
4,723.53,grad,17343953920
4,724.808,grad,17359798272
4,726.098,grad,17395519488
4,727.343,grad,17696591872
4,728.584,grad,17633751040
4,730.464,grad,17626406912
4,731.723,grad,17635844096
4,732.963,grad,17659028480
4,734.194,grad,17726206976
4,735.45,grad,17910887424
4,736.722,grad,17925641216
4,738.651,grad,17918297088
4,739.906,grad,17927734272
4,741.161,grad,17950918656
4,742.442,grad,18018097152
4,743.706,grad,18125182976
4,744.946,grad,18217531392
4,746.891,grad,18210187264
4,748.198,grad,18219624448
4,749.457,grad,18242808832
4,750.708,grad,18309987328
4,751.941,grad,18455870464
4,753.196,grad,18509421568
4,755.185,grad,18502077440
4,756.463,grad,18511514624
4,757.733,grad,18534699008
4,758.965,grad,18601877504
4,760.226,grad,18747760640
4,761.46,grad,18801311744
4,763.339,grad,18793967616
4,764.85,grad,18794459136
4,766.178,grad,18810744832
4,767.435,grad,18841334784
4,768.682,grad,18908513280
4,769.917,grad,19039650816
4,772.678,grad,19085857792
4,773.946,grad,19095294976
4,775.195,grad,19118479360
4,776.441,grad,19185657856
4,777.692,grad,19292743680
4,778.92,grad,19377747968
4,780.748,grad,19377747968
4,782.006,grad,19387185152
4,783.274,grad,19425049600
4,784.506,grad,19492228096
4,785.751,grad,19662228480
4,787.003,grad,19684322304
4,788.877,grad,19669638144
4,790.133,grad,19679075328
4,791.386,grad,19702259712
4,792.649,grad,19769438208
4,793.935,grad,19915321344
4,796.801,grad,19961528320
4,798.073,grad,19970965504
4,799.323,grad,20008829952
4,800.556,grad,20076008448
4,801.811,grad,20207211520
4,804.512,grad,20253418496
4,805.78,grad,20262855680
4,807.061,grad,20286040064
4,808.3,grad,20367898624
4,809.539,grad,20499101696
4,812.514,grad,20545308672
4,813.787,grad,20554745856
4,815.046,grad,20592610304
4,816.314,grad,20645108736
4,817.629,grad,20790991872
4,818.875,grad,20837198848
4,820.475,grad,20837198848
4,821.741,grad,20846636032
4,823.008,grad,20884500480
4,824.244,grad,20951678976
4,825.54,grad,21082882048
4,828.293,grad,21129089024
4,829.586,grad,21138526208
4,830.841,grad,21176390656
4,832.077,grad,21243569152
4,833.313,grad,21374772224
4,836.128,grad,21420979200
4,837.429,grad,21430416384
4,838.701,grad,21468280832
4,839.934,grad,21535459328
4,841.217,grad,21666662400
4,843.951,grad,21712869376
4,845.21,grad,21722306560
4,846.494,grad,21745490944
4,847.78,grad,21827349504
4,849.064,grad,21958552576
4,851.833,grad,22004759552
4,853.204,grad,22014196736
4,854.477,grad,22037381120
4,855.721,grad,22065762304
4,856.985,grad,22366834688
4,858.25,grad,22318673920
4,860.06,grad,22296649728
4,861.337,grad,22313426944
4,862.636,grad,22344016896
4,863.864,grad,22411195392
4,865.103,grad,22549672960
4,867.944,grad,22588539904
4,869.213,grad,22597977088
4,870.46,grad,22635841536
4,871.724,grad,22703020032
4,872.955,grad,22841563136
4,875.591,grad,22880430080
4,876.845,grad,22889867264
4,878.099,grad,22927797248
4,879.334,grad,22994975744
4,880.565,grad,23134501888
4,883.193,grad,23173368832
4,884.453,grad,23182806016
4,885.704,grad,23205990400
4,886.94,grad,23273168896
4,888.181,grad,23457849344
4,891.012,grad,23465259008
4,892.274,grad,23474696192
4,893.563,grad,23497880576
4,894.831,grad,23579739136
4,896.065,grad,23711990784
4,899.237,grad,23758197760
4,900.502,grad,23767634944
4,901.764,grad,23783479296
4,903.074,grad,23819200512
4,904.315,grad,24042678272
4,905.547,grad,24057423872
4,907.829,grad,24050087936
4,909.209,grad,24059525120
4,910.476,grad,24075369472
4,911.838,grad,24111090688
4,913.089,grad,24334568448
4,914.335,grad,24349314048
4,915.567,grad,25884439552
4,918.312,grad,25254236672
4,919.571,grad,24942810112
4,920.813,grad,24942810112
4,922.045,grad,24942810112
4,923.275,grad,24942810112
4,924.505,grad,24334635008
4,925.752,grad,24322760704
4,926.996,grad,24241692672
4,928.257,grad,24112390144
4,929.545,grad,24091283456
4,930.79,grad,24064363520
4,932.583,grad,24061742080
4,933.828,grad,24080485376
4,935.495,grad,24056859648
4,936.754,grad,24061619200
4,938.01,grad,24003607552
4,939.244,grad,23921490944
4,940.472,grad,23824694272
4,941.731,grad,23810927616
4,942.973,grad,23782959104
4,944.724,grad,23781386240
4,945.965,grad,23800195072
4,947.604,grad,23776503808
4,948.867,grad,23781263360
4,950.109,grad,23762049024
4,951.344,grad,23678883840
4,952.582,grad,23550629888
4,953.81,grad,23529064448
4,955.035,grad,23501030400
4,956.884,grad,23499981824
4,958.193,grad,23518856192
4,960.109,grad,23495099392
4,961.385,grad,23499863040
4,962.619,grad,23441847296
4,963.849,grad,23391187968
4,965.081,grad,23299638272
4,966.325,grad,23249101824
4,967.56,grad,23222771712
4,969.172,grad,23219625984
4,970.42,grad,23238434816
4,972.042,grad,23214743552
4,973.288,grad,23219494912
4,974.521,grad,23192948736
4,975.761,grad,23109783552
4,976.998,grad,22996209664
4,978.267,grad,22982443008
4,979.516,grad,22940318720
4,981.243,grad,22938221568
4,982.552,grad,22957095936
4,984.034,grad,22933339136
4,985.278,grad,22938102784
4,986.514,grad,22918884352
4,987.758,grad,22836767744
4,989.007,grad,22701173760
4,990.247,grad,22687407104
4,991.478,grad,22659962880
4,993.102,grad,22657865728
4,994.371,grad,22676740096
4,995.811,grad,22652983296
4,997.054,grad,22657742848
4,998.306,grad,22599731200
4,999.541,grad,22549071872
4,1000.791,grad,22428157952
4,1002.022,grad,22406985728
4,1003.254,grad,22379607040
4,1005.018,grad,22377509888
4,1006.413,grad,22396384256
4,1007.916,grad,22372627456
4,1009.17,grad,22377382912
4,1010.407,grad,22319375360
4,1011.635,grad,22244598784
4,1012.865,grad,22177162240
4,1014.096,grad,22126629888
4,1015.331,grad,22098202624
4,1016.894,grad,22097154048
4,1018.171,grad,22116028416
4,1019.645,grad,22092271616
4,1020.885,grad,22097031168
4,1022.12,grad,22039314432
4,1023.353,grad,21988655104
4,1024.582,grad,21897105408
4,1025.811,grad,21846568960
4,1027.045,grad,21818665984
4,1029.126,grad,21817093120
4,1030.398,grad,21835836416
4,1032.061,grad,21812210688
4,1033.306,grad,21816962048
4,1034.54,grad,21790415872
4,1035.781,grad,21630704640
4,1037.01,grad,21616749568
4,1038.246,grad,21566213120
4,1039.493,grad,21539358720
4,1041.291,grad,21536737280
4,1042.568,grad,21555611648
4,1044.025,grad,21531854848
4,1045.27,grad,21529266176
4,1046.63,grad,21517465600
4,1047.875,grad,21449963520
4,1049.128,grad,21338486784
4,1050.368,grad,21285464064
4,1051.602,grad,21289003008
4,1053.583,grad,21256381440
4,1054.864,grad,21275255808
4,1056.318,grad,21251499008
4,1057.561,grad,21256266752
4,1058.829,grad,21198246912
4,1060.065,grad,21108855808
4,1061.303,grad,21034079232
4,1062.534,grad,21020312576
4,1063.775,grad,20979236864
4,1065.351,grad,20976091136
4,1066.658,grad,20994965504
4,1068.182,grad,20971208704
4,1069.458,grad,20975960064
4,1070.722,grad,20917956608
4,1071.961,grad,20836233216
4,1073.193,grad,20754116608
4,1074.421,grad,20725604352
4,1075.664,grad,20697177088
4,1077.242,grad,20696128512
4,1078.535,grad,20715002880
4,1080.018,grad,20691246080
4,1081.262,grad,20696009728
4,1082.495,grad,20637993984
4,1083.747,grad,20548537344
4,1084.976,grad,20495784960
4,1086.205,grad,20445248512
4,1087.435,grad,20416821248
4,1089.247,grad,20415772672
4,1090.547,grad,20434647040
4,1092.073,grad,20410890240
4,1093.316,grad,20415657984
4,1094.562,grad,20357703680
4,1095.809,grad,20275587072
4,1097.039,grad,20215490560
4,1098.272,grad,20164958208
4,1099.52,grad,20137579520
4,1101.112,grad,20135482368
4,1102.356,grad,20154291200
4,1103.927,grad,20130599936
4,1105.167,grad,20135351296
4,1106.417,grad,20116210688
4,1107.672,grad,20002636800
4,1108.919,grad,19920520192
4,1110.171,grad,19884667904
4,1111.405,grad,19858337792
4,1113.062,grad,19855192064
4,1114.333,grad,19874066432
4,1115.866,grad,19850309632
4,1117.114,grad,19855060992
4,1118.355,grad,19835854848
4,1119.609,grad,19668803584
4,1120.854,grad,19625488384
4,1122.089,grad,19604312064
4,1123.322,grad,19575884800
4,1124.939,grad,19574836224
4,1126.241,grad,19593710592
4,1127.775,grad,19569953792
4,1129.017,grad,19567365120
4,1130.366,grad,19555564544
4,1131.606,grad,19473382400
4,1132.846,grad,19383925760
4,1134.08,grad,19323563008
4,1135.31,grad,19295528960
4,1137.053,grad,19294480384
4,1138.302,grad,19313289216
4,1140.044,grad,19289597952
4,1141.32,grad,19294365696
4,1142.566,grad,19236345856
4,1143.828,grad,19146889216
4,1145.083,grad,19079518208
4,1146.337,grad,19058345984
4,1147.586,grad,19016287232
4,1149.298,grad,19014190080
4,1150.671,grad,19033064448
4,1152.425,grad,19009307648
4,1153.677,grad,19014071296
4,1154.915,grad,18956055552
4,1156.143,grad,18866598912
4,1157.37,grad,18813846528
4,1158.611,grad,18763310080
4,1159.864,grad,18736979968
4,1161.466,grad,18733834240
4,1162.788,grad,18752708608
4,1164.236,grad,18728951808
4,1165.473,grad,18733719552
4,1166.719,grad,18675699712
4,1167.953,grad,18586308608
4,1169.189,grad,18496851968
4,1170.435,grad,18497765376
4,1171.676,grad,18456689664
4,1173.454,grad,18453543936
4,1174.763,grad,18472418304
4,1176.216,grad,18448661504
4,1177.456,grad,18453425152
4,1178.703,grad,18434206720
4,1179.957,grad,18352483328
4,1181.197,grad,18223901696
4,1182.436,grad,18217475072
4,1183.673,grad,18176399360
4,1185.264,grad,18173253632
4,1186.607,grad,18192128000
4,1188.113,grad,18168371200
4,1189.357,grad,18173130752
4,1190.609,grad,18192713728
4,1191.85,grad,18033395712
4,1193.08,grad,17943545856
4,1194.311,grad,17922373632
4,1195.543,grad,17894994944
4,1197.057,grad,17892897792
4,1198.36,grad,17911772160
4,1199.883,grad,17888015360
4,1201.139,grad,17892766720
4,1202.375,grad,17866220544
4,1203.601,grad,17745306624
4,1204.834,grad,17663263744
4,1206.062,grad,17634743296
4,1207.292,grad,17619947520
4,1208.793,grad,17612607488
4,1210.059,grad,17631416320
4,1211.642,grad,17606873088
4,1212.886,grad,17611624448
4,1214.184,grad,17604739072
4,1215.418,grad,17509908480
4,1216.666,grad,17428250624
4,1217.899,grad,17375227904
4,1219.137,grad,17364938752
4,1221.14,grad,17331465216
4,1222.415,grad,17350339584
4,1223.907,grad,17326582784
4,1225.147,grad,17331334144
4,1226.396,grad,17312128000
4,1227.635,grad,17145076736
4,1228.872,grad,17132035072
4,1230.124,grad,17081502720
4,1231.373,grad,17054124032
4,1232.97,grad,17052026880
4,1234.276,grad,17070901248
4,1235.82,grad,17046292480
4,1237.064,grad,17051056128
4,1238.301,grad,16993040384
4,1239.538,grad,16957061120
4,1240.819,grad,16852989952
4,1242.059,grad,16800819200
4,1243.291,grad,16773309440
4,1245.022,grad,16771736576
4,1246.326,grad,16790676480
4,1247.976,grad,16766854144
4,1249.27,grad,16771613696
4,1250.585,grad,16751547392
4,1251.838,grad,16669430784
4,1253.074,grad,16577942528
4,1254.31,grad,16510239744
4,1255.551,grad,16482205696
4,1257.643,grad,16480894976
4,1258.964,grad,16499834880
4,1260.536,grad,16476012544
4,1261.813,grad,16466083840
4,1263.049,grad,16466083840
4,1264.275,grad,16466083840
4,1266.064,grad,16466083328
4,1268.489,grad,16466083328
4,1270.005,grad,16466083328
4,1271.347,grad,16466083328
4,1272.601,grad,16466083328
4,1276.338,grad,16466083328
4,1277.727,grad,16466083328
4,1278.965,grad,16482336256
4,1280.199,grad,16503963136
4,1281.48,grad,16521133568
4,1283.373,grad,16521133568
4,1284.635,grad,16521459200
4,1286.275,grad,16683099648
4,1287.592,grad,16683099648
4,1289.155,grad,16683099648
4,1290.414,grad,16667305984
4,1291.686,grad,16615047680
4,1292.933,grad,16439738880
4,1294.219,grad,16302342656
4,1295.456,grad,16328655360
4,1296.702,grad,16359555584
4,1297.949,grad,16391143936
4,1299.182,grad,16421782016
4,1300.443,grad,16452780544
4,1306.824,grad,16141844992
4,1313.211,grad,16141853184
4,1319.568,grad,16141853184
4,1325.918,grad,16141853184
4,1331.264,grad,16141853184
4,1332.692,grad,16149330432
4,1335.711,grad,16156799488
4,1337.086,grad,16166236672
4,1338.354,grad,16182081024
4,1339.59,grad,16218658304
4,1340.832,grad,16366634496
4,1342.079,grad,16451634688
4,1344.292,grad,16458978816
4,1345.552,grad,16469267968
4,1346.819,grad,16485112320
4,1348.05,grad,16520833536
4,1349.301,grad,16744311296
4,1350.537,grad,16742681088
4,1352.707,grad,16750868992
4,1353.971,grad,16760306176
4,1355.217,grad,16784342528
4,1356.446,grad,16851521024
4,1357.691,grad,17036201472
4,1358.921,grad,17058295296
4,1360.89,grad,17043611136
4,1362.162,grad,17053048320
4,1363.411,grad,17076232704
4,1364.594,grad,17143411200
4,1365.829,grad,17289294336
4,1367.069,grad,17350185472
4,1369.272,grad,17335501312
4,1370.539,grad,17344938496
4,1371.832,grad,17368122880
4,1373.071,grad,17435301376
4,1374.306,grad,17619981824
4,1375.562,grad,17627391488
4,1377.372,grad,17627391488
4,1378.626,grad,17636828672
4,1379.872,grad,17660013056
4,1381.145,grad,17727191552
4,1382.364,grad,17834277376
4,1383.655,grad,17926625792
4,1385.556,grad,17919281664
4,1386.844,grad,17928718848
4,1388.095,grad,17951903232
4,1389.337,grad,18019081728
4,1390.618,grad,18164964864
4,1391.873,grad,18225856000
4,1393.734,grad,18211171840
4,1394.99,grad,18220609024
4,1396.246,grad,18258473472
4,1397.49,grad,18325717504
4,1398.74,grad,18464195072
4,1401.471,grad,18503062016
4,1402.753,grad,18512499200
4,1404.001,grad,18550363648
4,1405.238,grad,18617607680
4,1406.515,grad,18756085248
4,1409.099,grad,18794952192
4,1410.527,grad,18804389376
4,1411.895,grad,18827573760
4,1413.154,grad,18894752256
4,1414.396,grad,19040635392
4,1415.629,grad,19108866560
4,1417.452,grad,19086842368
4,1418.719,grad,19096279552
4,1419.972,grad,19134144000
4,1421.224,grad,19201322496
4,1422.464,grad,19332525568
4,1425.231,grad,19378732544
4,1426.488,grad,19388169728
4,1427.764,grad,19426034176
4,1428.996,grad,19493278208
4,1430.226,grad,19631755776
4,1432.902,grad,19670622720
4,1434.155,grad,19680059904
4,1435.42,grad,19703244288
4,1436.664,grad,19785102848
4,1437.961,grad,19916305920
4,1440.818,grad,19962512896
4,1442.085,grad,19971950080
4,1443.332,grad,19995134464
4,1444.563,grad,20062312960
4,1445.836,grad,20208196096
4,1447.089,grad,20254407168
4,1449.005,grad,20254403072
4,1450.261,grad,20263840256
4,1451.508,grad,20287024640
4,1452.758,grad,20354203136
4,1454.017,grad,20500086272
4,1455.264,grad,20568317440
4,1457.342,grad,20546293248
4,1458.603,grad,20555730432
4,1459.88,grad,20578914816
4,1461.121,grad,20646093312
4,1462.351,grad,20791976448
4,1463.586,grad,20830851584
4,1465.55,grad,20838183424
4,1466.827,grad,20847620608
4,1468.089,grad,20870804992
4,1469.326,grad,20937983488
4,1470.561,grad,21083866624
4,1471.837,grad,21137417728
4,1473.827,grad,21130073600
4,1475.082,grad,21139510784
4,1476.347,grad,21162695168
4,1477.632,grad,21229873664
4,1478.871,grad,21375756800
4,1480.101,grad,21443987968
4,1481.982,grad,21421963776
4,1483.236,grad,21431400960
4,1484.487,grad,21469265408
4,1485.737,grad,21521763840
4,1486.972,grad,21667646976
4,1488.226,grad,21713858048
4,1490.088,grad,21713853952
4,1491.348,grad,21723291136
4,1492.6,grad,21746475520
4,1493.884,grad,21813654016
4,1495.193,grad,21959537152
4,1498.059,grad,22005744128
4,1499.467,grad,22015181312
4,1500.747,grad,22038365696
4,1501.984,grad,22105544192
4,1503.244,grad,22251427328
4,1504.504,grad,22312318464
4,1506.442,grad,22297634304
4,1507.713,grad,22307071488
4,1508.956,grad,22344935936
4,1510.187,grad,22412114432
4,1511.451,grad,22543317504
4,1514.179,grad,22589524480
4,1515.433,grad,22606301696
4,1516.685,grad,22636891648
4,1517.916,grad,22704070144
4,1519.146,grad,22842547712
4,1521.858,grad,22881414656
4,1523.112,grad,22890851840
4,1524.358,grad,22928781824
4,1525.602,grad,22995894784
4,1526.877,grad,23127097856
4,1528.134,grad,23187988992
4,1530.055,grad,23173304832
4,1531.322,grad,23182742016
4,1532.597,grad,23220606464
4,1533.842,grad,23287850496
4,1535.074,grad,23426328064
4,1537.666,grad,23465195008
4,1538.917,grad,23474632192
4,1540.163,grad,23512562176
4,1541.392,grad,23579740672
4,1542.621,grad,23718218240
4,1545.43,grad,23757085184
4,1546.701,grad,23773862400
4,1547.952,grad,23804452352
4,1549.183,grad,23871630848
4,1550.415,grad,24087703040
4,1553.019,grad,24048975360
4,1554.271,grad,24058412544
4,1555.512,grad,24096276992
4,1556.759,grad,24163521024
4,1557.99,grad,24294658560
4,1559.265,grad,24326185472
4,1560.499,grad,25883338752
4,1562.841,grad,25253124096
4,1564.091,grad,24941697536
4,1565.319,grad,24941697536
4,1566.554,grad,24941697536
4,1567.795,grad,24941698048
4,1569.026,grad,24326174208
4,1570.308,grad,24322434560
4,1571.54,grad,24232912384
4,1572.792,grad,24104658432
4,1574.044,grad,24090891776
4,1575.277,grad,24064496128
4,1576.945,grad,24061350400
4,1578.249,grad,24080552448
4,1579.908,grad,24056467968
4,1581.156,grad,24061219328
4,1582.406,grad,23995875840
4,1583.676,grad,23952556544
4,1584.914,grad,23875678720
4,1586.156,grad,23795790336
4,1587.397,grad,23780994560
4,1588.642,grad,23795674624
4,1590.141,grad,23775620608
4,1591.379,grad,23783452160
4,1592.635,grad,23810219520
4,1593.902,grad,23676722688
4,1595.22,grad,23674625536
4,1596.454,grad,23543942656
4,1597.698,grad,23536463360
4,1598.929,grad,23501687296
4,1600.192,grad,23530523136
4,1601.524,grad,23495264768
4,1602.973,grad,23495756288
4,1604.268,grad,23500515840
4,1605.514,grad,23442504192
4,1606.765,grad,23314250240
4,1608.002,grad,23270939136
4,1609.234,grad,23249758720
4,1610.469,grad,23239157248
4,1611.843,grad,23220282880
4,1613.093,grad,23222248960
4,1614.507,grad,23215400448
4,1615.766,grad,23220151808
4,1617.017,grad,23193605632
4,1618.25,grad,23189083648
4,1619.48,grad,23005976064
4,1620.718,grad,22955443712
4,1621.951,grad,22940647936
4,1623.19,grad,22970073600
4,1624.658,grad,22935273984
4,1625.905,grad,22943105536
4,1627.149,grad,22955192832
4,1628.388,grad,22875173376
4,1629.619,grad,22831854080
4,1630.855,grad,22740296192
4,1632.093,grad,22675087872
4,1633.332,grad,22660292096
4,1634.585,grad,22674972160
4,1636.07,grad,22654918144
4,1637.307,grad,22662749696
4,1638.543,grad,22689517056
4,1639.791,grad,22602157568
4,1641.024,grad,22474198528
4,1642.257,grad,22430887424
4,1643.516,grad,22409707008
4,1644.781,grad,22391241216
4,1647.217,grad,22380231168
4,1648.486,grad,22384425472
4,1649.902,grad,22375348736
4,1651.148,grad,22380112384
4,1652.382,grad,22322096640
4,1653.651,grad,22271437312
4,1654.912,grad,22150531584
4,1656.154,grad,22122011136
4,1657.388,grad,22118225408
4,1658.722,grad,22099875328
4,1659.973,grad,22118749696
4,1661.37,grad,22094992896
4,1662.62,grad,22099744256
4,1663.876,grad,22073263616
4,1665.118,grad,21991147008
4,1666.371,grad,21899589120
4,1667.612,grad,21834380800
4,1668.863,grad,21819585024
4,1670.097,grad,21849010688
4,1671.503,grad,21814211072
4,1672.775,grad,21822042624
4,1674.027,grad,21834129920
4,1675.273,grad,21792973312
4,1676.503,grad,21713347072
4,1677.742,grad,21582598656
4,1678.97,grad,21558809088
4,1680.198,grad,21540343296
4,1681.5,grad,21569179136
4,1682.866,grad,21533920768
4,1684.12,grad,21541785088
4,1685.633,grad,21583199744
4,1686.888,grad,21435088384
4,1688.186,grad,21432991232
4,1689.426,grad,21324328448
4,1690.678,grad,21278576128
4,1691.915,grad,21260052992
4,1693.171,grad,21288430080
4,1694.71,grad,21253630464
4,1695.969,grad,21261462016
4,1697.23,grad,21288229376
4,1698.493,grad,21154798080
4,1699.85,grad,21153094144
4,1701.094,grad,21022411264
4,1702.337,grad,21013359104
4,1703.589,grad,20979107328
4,1704.913,grad,21008991744
4,1706.274,grad,20973733376
4,1707.524,grad,20981564928
4,1708.777,grad,20993656320
4,1710.016,grad,20991227392
4,1711.255,grad,20870313472
4,1712.491,grad,20749415936
4,1713.755,grad,20728227328
4,1715.016,grad,20709761536
4,1716.403,grad,20698751488
4,1717.68,grad,20717625856
4,1719.098,grad,20693869056
4,1720.346,grad,20698620416
4,1721.585,grad,20710871552
4,1722.817,grad,20551225856
4,1724.058,grad,20469117440
4,1725.31,grad,20440596992
4,1726.547,grad,20436811264
4,1728.162,grad,20418461184
4,1729.733,grad,20413087232
4,1730.998,grad,20420951552
4,1732.242,grad,20403645952
4,1733.483,grad,20391783936
4,1734.829,grad,20312157696
4,1736.07,grad,20174134784
4,1737.311,grad,20172422656
4,1738.545,grad,20139219456
4,1739.829,grad,20138170880
4,1741.076,grad,20156979712
4,1742.652,grad,20133288448
4,1743.897,grad,20138048000
4,1745.146,grad,20118833664
4,1746.417,grad,19990645248
4,1747.669,grad,19923208704
4,1748.954,grad,19887421952
4,1750.193,grad,19859977728
4,1752.197,grad,19857880576
4,1753.506,grad,19876754944
4,1755.027,grad,19852998144
4,1756.278,grad,19857749504
4,1757.512,grad,19831203328
4,1758.754,grad,19749152256
4,1759.988,grad,19628238336
4,1761.218,grad,19592386048
4,1762.446,grad,19577590272
4,1763.703,grad,19592270336
4,1765.218,grad,19572216320
4,1766.464,grad,19580047872
4,1768.008,grad,19592135168
4,1769.261,grad,19512115712
4,1770.496,grad,19468861952
4,1771.737,grad,19377304064
4,1772.97,grad,19312095744
4,1774.205,grad,19311980032
4,1775.456,grad,19311980032
4,1776.946,grad,19291926016
4,1778.189,grad,19299757568
4,1779.425,grad,19311844864
4,1780.668,grad,19231825408
4,1781.905,grad,19188571648
4,1783.14,grad,19082333696
4,1784.38,grad,19031805440
4,1785.598,grad,19039029760
4,1786.84,grad,19017009664
4,1788.081,grad,19035949568
4,1789.517,grad,19012127232
4,1790.771,grad,19016886784
4,1792.009,grad,18997672448
4,1793.247,grad,18869484032
4,1794.484,grad,18816727552
4,1795.759,grad,18766195200
4,1797.0,grad,18737767936
4,1798.564,grad,18736719360
4,1799.849,grad,18738750976
4,1801.284,grad,18731836928
4,1802.524,grad,18736588288
4,1803.767,grad,18717382144
4,1805.026,grad,18589193728
4,1806.286,grad,18507085312
4,1807.521,grad,18478564864
4,1808.76,grad,18474779136
4,1810.297,grad,18456429056
4,1811.561,grad,18458395136
4,1812.948,grad,18451546624
4,1814.194,grad,18456306176
4,1815.445,grad,18429751808
4,1816.695,grad,18308903424
4,1817.929,grad,18226803200
4,1819.163,grad,18198274560
4,1820.396,grad,18198158848
4,1821.626,grad,18176138752
4,1823.123,grad,18170764800
4,1824.396,grad,18178596352
4,1825.647,grad,18205363712
4,1826.896,grad,18149461504
4,1828.141,grad,18067410432
4,1829.376,grad,17975852544
4,1830.607,grad,17910644224
4,1831.837,grad,17895848448
4,1833.065,grad,17925274112
4,1834.568,grad,17890474496
4,1835.843,grad,17898306048
4,1837.082,grad,17925073408
4,1838.325,grad,17907968512
4,1839.556,grad,17787120128
4,1840.796,grad,17695566336
4,1842.03,grad,17652374016
4,1843.269,grad,17622898176
4,1844.809,grad,17615558144
4,1846.097,grad,17634432512
4,1847.532,grad,17610675712
4,1848.787,grad,17608087040
4,1850.036,grad,17673881088
4,1851.278,grad,17514169856
4,1852.511,grad,17424713216
4,1853.754,grad,17364350464
4,1854.991,grad,17336840704
4,1856.668,grad,17335267840
4,1857.916,grad,17354207744
4,1859.334,grad,17330385408
4,1860.582,grad,17335136768
4,1861.817,grad,17308590592
4,1863.047,grad,17226539520
4,1864.282,grad,17105637888
4,1865.547,grad,17077113344
4,1866.812,grad,17061465600
4,1868.222,grad,17054125568
4,1869.466,grad,17073065472
4,1870.908,grad,17048391168
4,1872.159,grad,17053142528
4,1873.397,grad,17026596352
4,1874.635,grad,16913939968
4,1875.885,grad,16838311424
4,1877.119,grad,16804163072
4,1878.357,grad,16777832960
4,1880.01,grad,16773835264
4,1881.333,grad,16792709632
4,1882.845,grad,16768952832
4,1884.087,grad,16773720576
4,1885.331,grad,16792443392
4,1886.587,grad,16632601088
4,1887.821,grad,16548583936
4,1889.083,grad,16512797184
4,1890.321,grad,16485877248
4,1892.27,grad,16482993664
4,1893.587,grad,16501966336
4,1895.143,grad,16478111232
4,1896.407,grad,16468182528
4,1897.66,grad,16468182528
4,1898.895,grad,16468182528
4,1900.124,grad,16468182528
4,1903.248,grad,16468182016
4,1904.494,grad,16468182016
4,1905.873,grad,16468182016
4,1907.139,grad,16468182016
4,1911.689,grad,16468182016
4,1913.088,grad,16468182016
4,1914.357,grad,16478536704
4,1915.616,grad,16492758016
4,1916.872,grad,16507503616
4,1918.108,grad,16521790464
4,1921.22,grad,16523232256
4,1922.478,grad,16523242496
4,1923.735,grad,16685198336
4,1924.982,grad,16685198336
4,1926.244,grad,16685198336
4,1927.549,grad,16685198336
4,1928.812,grad,16685198336
4,1930.082,grad,16685198336
4,1931.324,grad,16684215808
4,1932.787,grad,16629664256
4,1934.021,grad,16477947904
4,1935.267,grad,16323774464
4,1936.52,grad,16314140672
4,1937.78,grad,16336455680
4,1939.022,grad,16356771840
4,1940.279,grad,16379348992
4,1941.511,grad,16401467392
4,1942.751,grad,16420210688
4,1944.002,grad,16442066944
4,1945.243,grad,16461629440
4,1946.53,grad,16403269632
4,1947.816,grad,16307587072
4,1954.162,grad,16143452160
4,1960.53,grad,16143460352
4,1966.899,grad,16143460352
4,1973.257,grad,16143460352
4,1979.2,grad,16143460352
4,1980.525,grad,16150937600
4,1983.568,grad,16158406656
4,1984.978,grad,16167843840
4,1986.319,grad,16183688192
4,1987.669,grad,16219409408
4,1988.923,grad,16521530368
4,1990.162,grad,16451353600
4,1992.146,grad,16458685440
4,1993.407,grad,16468122624
4,1994.667,grad,16483966976
4,1995.916,grad,16519688192
4,1997.169,grad,16820760576
4,1998.403,grad,16765259776
4,2000.267,grad,16750575616
4,2001.523,grad,16760012800
4,2002.785,grad,16797877248
4,2004.018,grad,16865055744
4,2005.258,grad,16996258816
4,2006.498,grad,17064489984
4,2008.356,grad,17042465792
4,2009.611,grad,17051902976
4,2010.854,grad,17089767424
4,2012.118,grad,17156945920
4,2013.359,grad,17288148992
4,2016.443,grad,17334355968
4,2017.75,grad,17343793152
4,2019.002,grad,17381657600
4,2020.242,grad,17448836096
4,2021.477,grad,17580039168
4,2024.139,grad,17626246144
4,2025.401,grad,17635683328
4,2026.61,grad,17658867712
4,2027.869,grad,17726046208
4,2029.11,grad,17910726656
4,2030.348,grad,17940160512
4,2032.245,grad,17918136320
4,2033.507,grad,17927573504
4,2034.762,grad,17950757888
4,2036.002,grad,18017936384
4,2037.256,grad,18280211456
4,2038.505,grad,18217370624
4,2040.481,grad,18210026496
4,2041.754,grad,18219463680
4,2043.003,grad,18242648064
4,2044.274,grad,18309826560
4,2045.51,grad,18494507008
4,2046.772,grad,18509260800
4,2048.762,grad,18501916672
4,2050.024,grad,18511353856
4,2051.275,grad,18534538240
4,2052.543,grad,18601716736
4,2053.795,grad,18747599872
4,2055.024,grad,18815831040
4,2056.912,grad,18793806848
4,2058.412,grad,18803244032
4,2059.684,grad,18826428416
4,2060.919,grad,18893606912
4,2062.159,grad,19078287360
4,2065.134,grad,19085697024
4,2066.443,grad,19095134208
4,2067.734,grad,19110978560
4,2068.977,grad,19146699776
4,2070.214,grad,19447772160
4,2071.448,grad,19392271360
4,2073.393,grad,19377587200
4,2074.664,grad,19387024384
4,2075.91,grad,19410208768
4,2077.173,grad,19477387264
4,2078.467,grad,19623270400
4,2081.292,grad,19669477376
4,2082.553,grad,19678914560
4,2083.837,grad,19702098944
4,2085.074,grad,19769277440
4,2086.326,grad,19953957888
4,2087.586,grad,19983391744
4,2089.47,grad,19961367552
4,2090.749,grad,19970804736
4,2091.998,grad,19993989120
4,2093.239,grad,20061167616
4,2094.47,grad,20207050752
4,2095.721,grad,20260601856
4,2097.632,grad,20253257728
4,2098.911,grad,20262694912
4,2100.163,grad,20300559360
4,2101.393,grad,20367737856
4,2102.626,grad,20498940928
4,2105.666,grad,20545147904
4,2106.951,grad,20561925120
4,2108.207,grad,20592515072
4,2109.44,grad,20659693568
4,2110.702,grad,20798171136
4,2113.303,grad,20837038080
4,2114.587,grad,20846475264
4,2115.845,grad,20869659648
4,2117.104,grad,20936838144
4,2118.386,grad,21082721280
4,2121.106,grad,21128928256
4,2122.367,grad,21145705472
4,2123.606,grad,21176295424
4,2124.834,grad,21243473920
4,2126.063,grad,21381951488
4,2128.685,grad,21420818432
4,2129.947,grad,21430255616
4,2131.194,grad,21468120064
4,2132.424,grad,21535364096
4,2133.661,grad,21673841664
4,2136.324,grad,21712708608
4,2137.591,grad,21729485824
4,2138.851,grad,21760075776
4,2140.084,grad,21827254272
4,2141.321,grad,21965731840
4,2143.931,grad,22004598784
4,2145.325,grad,22014035968
4,2146.639,grad,22037220352
4,2147.904,grad,22104398848
4,2149.224,grad,22250281984
4,2151.928,grad,22296488960
4,2153.184,grad,22305926144
4,2154.436,grad,22343856128
4,2155.699,grad,22411034624
4,2156.94,grad,22549512192
4,2159.559,grad,22588379136
4,2160.827,grad,22597816320
4,2162.075,grad,22635746304
4,2163.311,grad,22780519424
4,2164.542,grad,22918996992
4,2167.087,grad,22880269312
4,2168.357,grad,22889706496
4,2169.631,grad,22927570944
4,2170.862,grad,22994814976
4,2172.129,grad,23133292544
4,2174.775,grad,23172159488
4,2176.032,grad,23181596672
4,2177.287,grad,23204781056
4,2178.558,grad,23286639616
4,2179.808,grad,23425182720
4,2182.431,grad,23464049664
4,2183.695,grad,23473486848
4,2184.94,grad,23511351296
4,2186.172,grad,23578529792
4,2187.452,grad,23709732864
4,2190.441,grad,23755939840
4,2191.718,grad,23765377024
4,2192.965,grad,23803241472
4,2194.195,grad,23870485504
4,2195.426,grad,24008963072
4,2198.106,grad,24047830016
4,2199.374,grad,24057267200
4,2200.62,grad,24095131648
4,2201.852,grad,24162310144
4,2203.081,grad,24300853248
4,2204.315,grad,24325036032
4,2205.555,grad,25882193408
4,2207.848,grad,25251978752
4,2209.107,grad,24940552192
4,2210.345,grad,24940552192
4,2211.589,grad,24940552192
4,2212.815,grad,24940552704
4,2214.048,grad,24636455936
4,2215.286,grad,24318143488
4,2216.519,grad,24253852672
4,2217.778,grad,24165051392
4,2219.031,grad,24104688640
4,2220.277,grad,24085158912
4,2222.286,grad,24060925952
4,2223.535,grad,24079669248
4,2225.196,grad,24056043520
4,2226.436,grad,24060803072
4,2227.695,grad,24041588736
4,2228.955,grad,23920674816
4,2230.198,grad,23838558208
4,2231.476,grad,23810045952
4,2232.731,grad,23783715840
4,2234.35,grad,23780570112
4,2235.637,grad,23799444480
4,2237.223,grad,23775687680
4,2238.465,grad,23780447232
4,2239.75,grad,23761232896
4,2240.998,grad,23640318976
4,2242.248,grad,23565542400
4,2243.483,grad,23529690112
4,2244.725,grad,23501262848
4,2246.237,grad,23500214272
4,2247.477,grad,23519023104
4,2249.356,grad,23495331840
4,2250.638,grad,23500095488
4,2251.883,grad,23478517760
4,2253.117,grad,23398760448
4,2254.357,grad,23309303808
4,2255.675,grad,23249399808
4,2256.91,grad,23223004160
4,2258.548,grad,23219858432
4,2259.866,grad,23238732800
4,2261.31,grad,23214976000
4,2262.548,grad,23219727360
4,2263.792,grad,23193181184
4,2265.024,grad,23111064576
4,2266.269,grad,22990150656
4,2267.503,grad,22961638400
4,2268.749,grad,22958376960
4,2270.05,grad,22939502592
4,2271.339,grad,22958376960
4,2272.777,grad,22934620160
4,2274.014,grad,22939371520
4,2275.251,grad,22951622656
4,2276.484,grad,22830708736
4,2277.722,grad,22709794816
4,2278.956,grad,22688622592
4,2280.197,grad,22670681088
4,2281.531,grad,22659146752
4,2282.794,grad,22677955584
4,2284.319,grad,22654264320
4,2285.561,grad,22659015680
4,2286.807,grad,22632469504
4,2288.044,grad,22472758272
4,2289.296,grad,22429447168
4,2290.533,grad,22408266752
4,2291.776,grad,22390325248
4,2293.354,grad,22378790912
4,2294.645,grad,22397665280
4,2296.066,grad,22373908480
4,2297.307,grad,22378659840
4,2298.546,grad,22359453696
4,2299.82,grad,22269997056
4,2301.063,grad,22149095424
4,2302.305,grad,22127910912
4,2303.538,grad,22117309440
4,2304.873,grad,22098435072
4,2306.139,grad,22117309440
4,2307.609,grad,22093552640
4,2308.857,grad,22098320384
4,2310.111,grad,22040300544
4,2311.411,grad,21996981248
4,2312.674,grad,21914471424
4,2314.089,grad,21868727296
4,2315.507,grad,21847161856
4,2316.834,grad,21841787904
4,2318.094,grad,21825419264
4,2319.506,grad,21818079232
4,2320.845,grad,21836822528
4,2322.785,grad,21813196800
4,2324.11,grad,21817948160
4,2325.521,grad,21798807552
4,2326.843,grad,21723965440
4,2328.177,grad,21619828736
4,2329.468,grad,21566806016
4,2330.758,grad,21537723392
4,2332.652,grad,21537723392
4,2333.915,grad,21556663296
4,2335.374,grad,21532840960
4,2336.596,grad,21530252288
4,2337.915,grad,21518451712
4,2339.178,grad,21451015168
4,2340.422,grad,21368898560
4,2341.672,grad,21300671488
4,2342.917,grad,21288940544
4,2344.911,grad,21257367552
4,2346.244,grad,21276241920
4,2347.829,grad,21252485120
4,2349.095,grad,21257244672
4,2350.352,grad,21276893184
4,2351.652,grad,21155979264
4,2352.959,grad,21066522624
4,2354.209,grad,21006159872
4,2355.447,grad,20978650112
4,2357.162,grad,20977077248
4,2358.486,grad,20995951616
4,2359.99,grad,20972194816
4,2361.246,grad,20976950272
4,2362.506,grad,20919008256
4,2363.757,grad,20868348928
4,2364.989,grad,20747439104
4,2366.225,grad,20718922752
4,2367.458,grad,20704126976
4,2368.935,grad,20696786944
4,2370.183,grad,20715661312
4,2371.661,grad,20691904512
4,2372.915,grad,20696655872
4,2374.152,grad,20670175232
4,2375.387,grad,20588058624
4,2376.617,grad,20467144704
4,2377.851,grad,20438632448
4,2379.085,grad,20423836672
4,2380.852,grad,20416496640
4,2382.154,grad,20420690944
4,2383.589,grad,20411614208
4,2384.836,grad,20416381952
4,2386.073,grad,20358427648
4,2387.306,grad,20230173696
4,2388.535,grad,20186858496
4,2389.782,grad,20158342144
4,2391.018,grad,20143546368
4,2392.419,grad,20136206336
4,2393.683,grad,20155080704
4,2395.13,grad,20131323904
4,2396.393,grad,20136079360
4,2397.628,grad,20078071808
4,2398.882,grad,20003688448
4,2400.111,grad,19921178624
4,2401.344,grad,19885326336
4,2402.594,grad,19855850496
4,2404.038,grad,19855850496
4,2405.283,grad,19874724864
4,2406.733,grad,19850968064
4,2407.983,grad,19855719424
4,2409.23,grad,19836513280
4,2410.472,grad,19669462016
4,2411.759,grad,19640822784
4,2413.022,grad,19612310528
4,2414.294,grad,19582834688
4,2415.756,grad,19575494656
4,2417.013,grad,19594434560
4,2418.43,grad,19570612224
4,2419.681,grad,19568023552
4,2420.973,grad,19556222976
4,2422.213,grad,19474040832
4,2423.443,grad,19345852416
4,2424.719,grad,19324745728
4,2425.955,grad,19298350080
4,2427.491,grad,19295204352
4,2428.797,grad,19314078720
4,2430.264,grad,19290321920
4,2431.502,grad,19295085568
4,2432.751,grad,19237069824
4,2433.985,grad,19186803712
4,2435.222,grad,19065500672
4,2436.465,grad,19036984320
4,2437.72,grad,19022188544
4,2439.211,grad,19014848512
4,2440.521,grad,19033722880
4,2442.043,grad,19009966080
4,2443.282,grad,19014717440
4,2444.512,grad,19026968576
4,2445.763,grad,18867322880
4,2446.993,grad,18785222656
4,2448.226,grad,18756694016
4,2449.458,grad,18752908288
4,2450.93,grad,18734558208
4,2452.249,grad,18753301504
4,2453.882,grad,18729675776
4,2455.123,grad,18734427136
4,2456.356,grad,18747071488
4,2457.587,grad,18626550784
4,2458.822,grad,18505243648
4,2460.053,grad,18476731392
4,2461.285,grad,18461935616
4,2463.091,grad,18454595584
4,2464.418,grad,18473469952
4,2465.941,grad,18449713152
4,2467.187,grad,18454472704
4,2468.428,grad,18396854272
4,2469.666,grad,18353534976
4,2470.895,grad,18217613312
4,2472.187,grad,18203846656
4,2473.441,grad,18176402432
4,2475.156,grad,18174305280
4,2476.438,grad,18193179648
4,2477.942,grad,18169422848
4,2479.188,grad,18174182400
4,2480.444,grad,18154968064
4,2481.695,grad,18073244672
4,2482.944,grad,17937257472
4,2484.177,grad,17923490816
4,2485.411,grad,17896570880
4,2487.106,grad,17893949440
4,2488.394,grad,17912823808
4,2489.947,grad,17889067008
4,2491.186,grad,17893830656
4,2492.419,grad,17913409536
4,2493.714,grad,17754157056
4,2494.965,grad,17671647232
4,2496.208,grad,17657815040
4,2497.452,grad,17616804864
4,2499.088,grad,17613659136
4,2500.329,grad,17632402432
4,2501.975,grad,17608776704
4,2503.259,grad,17616149504
4,2504.535,grad,17598843904
4,2505.804,grad,17586981888
4,2507.053,grad,17507814400
4,2508.302,grad,17369332736
4,2509.581,grad,17351834624
4,2510.826,grad,17348048896
4,2512.192,grad,17333368832
4,2513.495,grad,17352243200
4,2515.031,grad,17328486400
4,2516.279,grad,17333237760
4,2517.526,grad,17307084800
4,2518.772,grad,17185777664
4,2520.004,grad,17103665152
4,2521.236,grad,17082488832
4,2522.471,grad,17053012992
4,2523.988,grad,17053012992
4,2525.272,grad,17071887360
4,2526.811,grad,17055470592
4,2528.134,grad,17067561984
4,2529.403,grad,17026728960
4,2530.667,grad,16905421824
4,2531.924,grad,16852665344
4,2533.209,grad,16809473024
4,2534.474,grad,16779997184
4,2535.922,grad,16772657152
4,2537.254,grad,16791597056
4,2538.77,grad,16767774720
4,2540.063,grad,16765186048
4,2541.33,grad,16750960640
4,2542.591,grad,16686342144
4,2543.843,grad,16581156864
4,2545.104,grad,16527740928
4,2546.354,grad,16508211200
4,2548.486,grad,16483716096
4,2549.861,grad,16502656000
4,2551.526,grad,16478833664
4,2552.809,grad,16468904960
4,2554.058,grad,16468904960
4,2555.297,grad,16468904960
4,2556.88,grad,16468904448
4,2558.879,grad,16468904448
4,2560.156,grad,16468904448
4,2561.463,grad,16468904448
4,2562.723,grad,16468904448
4,2566.432,grad,16468904448
4,2567.78,grad,16468904448
4,2569.014,grad,16486599168
4,2570.257,grad,16507243008
4,2571.489,grad,16522971648
4,2573.67,grad,16523954688
4,2574.955,grad,16524280320
4,2576.623,grad,16685920768
4,2578.072,grad,16685920768
4,2579.328,grad,16685920768
4,2580.588,grad,16683955200
4,2581.932,grad,16630386688
4,2583.177,grad,16454028800
4,2584.451,grad,16304934400
4,2585.696,grad,16327511552
4,2586.932,grad,16358772224
4,2588.177,grad,16391114240
4,2589.426,grad,16421228032
4,2590.666,grad,16451767808
4,2591.9,grad,16424996352
4,2593.143,grad,16313912832
4,2598.952,grad,16141848064
4,2605.324,grad,16141856256
4,2611.687,grad,16141856256
4,2618.028,grad,16141856256
4,2622.971,grad,16141856256
4,2624.379,grad,16149333504
4,2627.449,grad,16156802560
4,2628.888,grad,16166239744
4,2630.241,grad,16182084096
4,2631.474,grad,16233341440
4,2632.715,grad,16366572032
4,2634.004,grad,16436957696
4,2636.239,grad,16458981888
4,2637.5,grad,16469271040
4,2638.761,grad,16492455424
4,2640.056,grad,16520836608
4,2641.311,grad,16744314368
4,2642.544,grad,16742684160
4,2644.54,grad,16750872064
4,2645.812,grad,16760309248
4,2647.059,grad,16784345600
4,2648.295,grad,16851524096
4,2649.523,grad,17036204544
4,2650.774,grad,17050950144
4,2652.869,grad,17043614208
4,2654.16,grad,17053051392
4,2655.412,grad,17076235776
4,2656.598,grad,17104616960
4,2657.83,grad,17405689344
4,2659.058,grad,17342848512
4,2661.407,grad,17335504384
4,2662.693,grad,17344941568
4,2663.991,grad,17368125952
4,2665.245,grad,17435304448
4,2666.506,grad,17581187584
4,2667.751,grad,17642078720
4,2669.78,grad,17627394560
4,2671.071,grad,17636831744
4,2672.329,grad,17660016128
4,2673.567,grad,17727194624
4,2674.851,grad,17873077760
4,2676.104,grad,17933968896
4,2677.975,grad,17919284736
4,2679.233,grad,17928721920
4,2680.501,grad,17951906304
4,2681.757,grad,18019084800
4,2682.992,grad,18164967936
4,2684.231,grad,18225859072
4,2686.079,grad,18211174912
4,2687.341,grad,18220612096
4,2688.651,grad,18258476544
4,2689.882,grad,18310974976
4,2691.111,grad,18573250048
4,2692.364,grad,18517749248
4,2694.244,grad,18503065088
4,2695.515,grad,18512502272
4,2696.772,grad,18535686656
4,2698.005,grad,18602865152
4,2699.24,grad,18748748288
4,2700.47,grad,18809639424
4,2702.33,grad,18794955264
4,2703.779,grad,18804392448
4,2705.064,grad,18827576832
4,2706.349,grad,18894755328
4,2707.602,grad,19040638464
4,2710.49,grad,19086845440
4,2711.753,grad,19096282624
4,2713.001,grad,19119467008
4,2714.245,grad,19186645504
4,2715.496,grad,19371325952
4,2716.755,grad,19393419776
4,2718.586,grad,19378735616
4,2719.857,grad,19388172800
4,2721.152,grad,19411357184
4,2722.388,grad,19478535680
4,2723.632,grad,19663216128
4,2724.891,grad,19692649984
4,2726.723,grad,19670625792
4,2727.98,grad,19680062976
4,2729.241,grad,19717927424
4,2730.476,grad,19785105920
4,2731.79,grad,19916308992
4,2734.595,grad,19962515968
4,2735.881,grad,19971953152
4,2737.179,grad,19995137536
4,2738.416,grad,20062316032
4,2739.747,grad,20208199168
4,2742.602,grad,20254406144
4,2744.034,grad,20263843328
4,2745.306,grad,20287027712
4,2746.59,grad,20354206208
4,2747.896,grad,20500089344
4,2750.717,grad,20546296320
4,2751.993,grad,20555733504
4,2753.25,grad,20578917888
4,2754.487,grad,20646096384
4,2755.755,grad,20791979520
4,2756.993,grad,20852870656
4,2758.904,grad,20838186496
4,2760.158,grad,20847623680
4,2761.398,grad,20870808064
4,2762.631,grad,20937986560
4,2763.856,grad,21122667008
4,2765.148,grad,21130080768
4,2766.991,grad,21130076672
4,2768.263,grad,21139513856
4,2769.534,grad,21177378304
4,2770.789,grad,21244556800
4,2772.02,grad,21414557184
4,2773.257,grad,21443991040
4,2775.097,grad,21421966848
4,2776.377,grad,21431404032
4,2777.619,grad,21469268480
4,2778.844,grad,21536446976
4,2780.157,grad,21667650048
4,2783.027,grad,21713857024
4,2784.441,grad,21723294208
4,2785.73,grad,21746478592
4,2786.999,grad,21813657088
4,2788.237,grad,21959540224
4,2791.1,grad,22005747200
4,2792.363,grad,22015184384
4,2793.593,grad,22038368768
4,2794.875,grad,22105547264
4,2796.143,grad,22212633088
4,2797.399,grad,22297641472
4,2799.189,grad,22297637376
4,2800.442,grad,22307074560
4,2801.726,grad,22330258944
4,2802.957,grad,22412117504
4,2804.184,grad,22543320576
4,2807.081,grad,22589527552
4,2808.351,grad,22598964736
4,2809.594,grad,22622149120
4,2810.862,grad,22689327616
4,2812.09,grad,22874008064
4,2813.321,grad,22896101888
4,2815.178,grad,22881417728
4,2816.437,grad,22890854912
4,2817.687,grad,22928719360
4,2818.916,grad,22995963392
4,2820.147,grad,23134440960
4,2822.837,grad,23173307904
4,2825.226,grad,23182745088
4,2826.489,grad,23205929472
4,2827.763,grad,23273107968
4,2829.044,grad,23418991104
4,2831.871,grad,23465198080
4,2833.125,grad,23474635264
4,2834.373,grad,23512499712
4,2835.628,grad,23579743744
4,2836.87,grad,23718221312
4,2839.505,grad,23757088256
4,2840.794,grad,23766525440
4,2842.043,grad,23804389888
4,2843.302,grad,23871568384
4,2844.536,grad,24010111488
4,2847.175,grad,24048978432
4,2848.435,grad,24065755648
4,2849.681,grad,24096345600
4,2850.907,grad,24163524096
4,2852.144,grad,24294661632
4,2853.429,grad,24326184448
4,2854.752,grad,25253135360
4,2856.711,grad,25253127168
4,2857.961,grad,24941700608
4,2859.191,grad,24941700608
4,2860.416,grad,24941700608
4,2861.598,grad,24941700608
4,2862.847,grad,24630264320
4,2864.079,grad,24334037504
4,2865.394,grad,24240321024
4,2866.682,grad,24158204416
4,2867.977,grad,24104657408
4,2869.25,grad,24094032384
4,2870.524,grad,24061353472
4,2871.812,grad,24090779136
4,2873.306,grad,24055979520
4,2874.589,grad,24063811072
4,2875.844,grad,24075902464
4,2877.126,grad,23995878912
4,2878.377,grad,23952559616
4,2879.659,grad,23861001728
4,2880.982,grad,23810539008
4,2882.261,grad,23780997632
4,2883.508,grad,23788337664
4,2884.764,grad,23810423296
4,2886.009,grad,23800199680
4,2887.255,grad,23776098816
4,2888.505,grad,23783488000
4,2889.757,grad,23780878848
4,2890.99,grad,23761725952
4,2892.281,grad,23679609344
4,2893.609,grad,23597492736
4,2894.856,grad,23565965824
4,2896.092,grad,23530117632
4,2897.339,grad,23503787520
4,2899.187,grad,23500641792
4,2900.44,grad,23518926336
4,2901.695,grad,23495742976
4,2902.951,grad,23503132160
4,2904.194,grad,23544546816
4,2905.446,grad,23473964544
4,2906.724,grad,23391847936
4,2907.963,grad,23285609984
4,2909.193,grad,23235081728
4,2910.452,grad,23221334528
4,2911.728,grad,23249646080
4,2913.229,grad,23214912000
4,2914.504,grad,23222743552
4,2915.766,grad,23234830848
4,2917.015,grad,23154811392
4,2918.245,grad,23111492096
4,2919.474,grad,23005979136
4,2920.721,grad,22962786816
4,2921.951,grad,22955331072
4,2923.23,grad,22940651008
4,2924.48,grad,22959525376
4,2926.196,grad,22935768576
4,2927.468,grad,22940536320
4,2928.733,grad,22882516480
4,2929.97,grad,22831857152
4,2931.207,grad,22740307456
4,2932.442,grad,22697111040
4,2933.691,grad,22662916608
4,2935.365,grad,22660295168
4,2936.638,grad,22679038464
4,2938.312,grad,22655412736
4,2939.565,grad,22660176384
4,2940.844,grad,22602160640
4,2942.089,grad,22559136256
4,2943.33,grad,22423542272
4,2944.563,grad,22424455680
4,2945.817,grad,22383379968
4,2947.391,grad,22380234240
4,2948.669,grad,22399108608
4,2950.083,grad,22375351808
4,2951.333,grad,22409467392
4,2952.585,grad,22360897024
4,2953.828,grad,22239983104
4,2955.058,grad,22179886592
4,2956.296,grad,22136694272
4,2957.543,grad,22107218432
4,2958.93,grad,22099878400
4,2960.192,grad,22101910016
4,2961.555,grad,22094995968
4,2962.807,grad,22107087360
4,2964.048,grad,22080606720
4,2965.284,grad,21959692800
4,2966.532,grad,21899600384
4,2967.806,grad,21841723904
4,2969.048,grad,21821685248
4,2970.489,grad,21819588096
4,2971.757,grad,21838528000
4,2973.141,grad,21814705664
4,2974.385,grad,21819457024
4,2975.618,grad,21792976384
4,2976.879,grad,21788454400
4,2978.121,grad,21604625920
4,2979.356,grad,21554093568
4,2980.599,grad,21553977856
4,2981.85,grad,21553977856
4,2983.338,grad,21533923840
4,2984.604,grad,21541755392
4,2985.86,grad,21568522752
4,2987.105,grad,21435091456
4,2988.402,grad,21432994304
4,2989.642,grad,21294971392
4,2990.872,grad,21285919232
4,2992.098,grad,21260056064
4,2993.322,grad,21288433152
4,2994.751,grad,21253633536
4,2995.997,grad,21261497856
4,2997.25,grad,21258884608
4,2998.498,grad,21232395776
4,2999.747,grad,21111481856
4,3000.98,grad,21029770752
4,3002.212,grad,21001246208
4,3003.439,grad,20993790464
4,3004.695,grad,20979110400
4,3005.945,grad,20998050304
4,3007.38,grad,20974227968
4,3008.627,grad,20978979328
4,3009.864,grad,20991230464
4,3011.096,grad,20947911168
4,3012.334,grad,20749402624
4,3013.585,grad,20713550336
4,3014.822,grad,20699803136
4,3016.131,grad,20728638976
4,3017.456,grad,20693380608
4,3018.718,grad,20701212160
4,3019.953,grad,20757339648
4,3021.188,grad,20672077312
4,3022.467,grad,20592451072
4,3023.714,grad,20454428160
4,3024.944,grad,20452716032
4,3026.181,grad,20419512832
4,3027.472,grad,20448348672
4,3028.824,grad,20413090304
4,3030.091,grad,20420921856
4,3031.329,grad,20418337280
4,3032.581,grad,20360329728
4,3033.821,grad,20232141312
4,3035.053,grad,20188830208
4,3036.298,grad,20167649792
4,3037.588,grad,20152854016
4,3038.867,grad,20138173952
4,3040.168,grad,20156524032
4,3042.044,grad,20133291520
4,3043.29,grad,20138042880
4,3044.53,grad,20150294016
4,3045.788,grad,19990648320
4,3047.051,grad,19908535808
4,3048.296,grad,19880019456
4,3049.532,grad,19879903744
4,3050.945,grad,19857883648
4,3052.19,grad,19877085696
4,3053.795,grad,19853001216
4,3055.035,grad,19857752576
4,3056.271,grad,19870003712
4,3057.514,grad,19749155328
4,3058.771,grad,19657597440
4,3060.003,grad,19592389120
4,3061.235,grad,19577593344
4,3062.462,grad,19607019008
4,3063.869,grad,19572219392
4,3065.11,grad,19580050944
4,3066.612,grad,19592138240
4,3067.885,grad,19589713408
4,3069.133,grad,19468865024
4,3070.378,grad,19347951104
4,3071.612,grad,19326778880
4,3072.845,grad,19311983104
4,3074.139,grad,19297303040
4,3075.382,grad,19316242944
4,3076.843,grad,19292420608
4,3078.1,grad,19297171968
4,3079.373,grad,19309423104
4,3080.63,grad,19188574720
4,3081.894,grad,19097025024
4,3083.139,grad,19039148544
4,3084.38,grad,19024352768
4,3085.857,grad,19017012736
4,3087.111,grad,19035952640
4,3088.566,grad,19012130304
4,3089.828,grad,19016898048
4,3091.071,grad,18958878208
4,3092.31,grad,18869487104
4,3093.538,grad,18787374592
4,3094.787,grad,18758858240
4,3096.021,grad,18747732480
4,3097.351,grad,18736722432
4,3098.604,grad,18740916736
4,3100.01,grad,18731840000
4,3101.264,grad,18729251328
4,3102.519,grad,18795045376
4,3103.768,grad,18627994112
4,3105.0,grad,18499740160
4,3106.239,grad,18485973504
4,3107.476,grad,18458529280
4,3109.064,grad,18456432128
4,3110.318,grad,18475306496
4,3111.776,grad,18451549696
4,3113.011,grad,18456301056
4,3114.25,grad,18429754880
4,3115.48,grad,18308906496
4,3116.722,grad,18226798080
4,3117.953,grad,18198277632
4,3119.194,grad,18183481856
4,3120.598,grad,18176141824
4,3121.861,grad,18195081728
4,3123.275,grad,18171259392
4,3124.511,grad,18176010752
4,3125.756,grad,18156804608
4,3126.986,grad,18067413504
4,3128.256,grad,17946511872
4,3129.507,grad,17925327360
4,3130.752,grad,17906861568
4,3132.091,grad,17895851520
4,3133.338,grad,17914791424
4,3134.756,grad,17890969088
4,3136.001,grad,17903060480
4,3137.265,grad,17954174464
4,3138.518,grad,17787123200
4,3139.798,grad,17719686656
4,3141.045,grad,17659323904
4,3142.287,grad,17640318464
4,3144.168,grad,17615561216
4,3145.458,grad,17634435584
4,3146.95,grad,17610678784
4,3148.215,grad,17630110208
4,3149.472,grad,17627681280
4,3150.754,grad,17506832896
4,3152.011,grad,17378578944
4,3153.258,grad,17379492352
4,3154.499,grad,17337368064
4,3156.142,grad,17335270912
4,3157.414,grad,17354210816
4,3158.91,grad,17330388480
4,3160.16,grad,17335139840
4,3161.425,grad,17308593664
4,3162.711,grad,17226542592
4,3163.961,grad,17105636864
4,3165.21,grad,17077116416
4,3166.451,grad,17061468672
4,3167.881,grad,17054128640
4,3169.155,grad,17073068544
4,3170.659,grad,17048394240
4,3171.903,grad,17060485632
4,3173.183,grad,17034004992
4,3174.426,grad,16959228416
4,3175.668,grad,16824486400
4,3176.954,grad,16804231680
4,3178.192,grad,16777836032
4,3179.826,grad,16773838336
4,3181.164,grad,16793040384
4,3182.834,grad,16768955904
4,3184.079,grad,16773711360
4,3185.326,grad,16792446464
4,3186.558,grad,16632604160
4,3187.811,grad,16542098944
4,3189.16,grad,16512800256
4,3190.406,grad,16485880320
4,3192.072,grad,16482996736
4,3193.37,grad,16501969408
4,3194.871,grad,16478114304
4,3196.115,grad,16468185600
4,3197.367,grad,16468185600
4,3198.616,grad,16468185600
4,3200.711,grad,16468185088
4,3202.546,grad,16468185088
4,3203.805,grad,16468185088
4,3205.096,grad,16468185088
4,3206.367,grad,16468185088
4,3210.453,grad,16468185088
4,3211.885,grad,16468185088
4,3213.127,grad,16485879808
4,3214.38,grad,16506982400
4,3215.624,grad,16523235328
4,3217.525,grad,16523235328
4,3218.789,grad,16523245568
4,3220.329,grad,16685201408
4,3221.612,grad,16685201408
4,3222.88,grad,16685201408
4,3224.205,grad,16685201408
4,3225.762,grad,16629667328
4,3227.0,grad,16466351104
4,3228.413,grad,16303330304
4,3229.711,grad,16326497280
4,3230.956,grad,16359887872
4,3232.192,grad,16390886400
4,3233.425,grad,16421655552
4,3234.668,grad,16451769344
4,3235.903,grad,16425587712
4,3237.147,grad,16315749376
4,3243.234,grad,16143455232
4,3249.623,grad,16143463424
4,3255.993,grad,16143463424
4,3262.361,grad,16143463424
4,3266.979,grad,16143463424
4,3268.286,grad,16150940672
4,3271.252,grad,16158409728
4,3272.61,grad,16167846912
4,3273.864,grad,16183691264
4,3275.098,grad,16241436672
4,3276.336,grad,16366278656
4,3277.567,grad,16436664320
4,3279.697,grad,16458688512
4,3280.966,grad,16468125696
4,3282.265,grad,16505990144
4,3283.502,grad,16573168640
4,3284.747,grad,16665574400
4,3285.976,grad,16765262848
4,3287.823,grad,16750578688
4,3289.086,grad,16760015872
4,3290.351,grad,16783200256
4,3291.622,grad,16850378752
4,3292.856,grad,17035059200
4,3294.09,grad,17057153024
4,3296.04,grad,17042468864
4,3297.52,grad,17051906048
4,3298.786,grad,17075090432
4,3300.031,grad,17142268928
4,3301.267,grad,17326949376
4,3302.523,grad,17334359040
4,3304.278,grad,17334359040
4,3305.557,grad,17343796224
4,3306.809,grad,17366980608
4,3308.041,grad,17434159104
4,3309.283,grad,17618839552
4,3312.16,grad,17626249216
4,3313.424,grad,17635686400
4,3314.715,grad,17658870784
4,3315.949,grad,17726049280
4,3317.177,grad,17910729728
4,3318.402,grad,17932823552
4,3320.186,grad,17918139392
4,3321.447,grad,17927576576
4,3322.733,grad,17965441024
4,3323.964,grad,18032619520
4,3325.217,grad,18163822592
4,3328.106,grad,18210029568
4,3329.391,grad,18219466752
4,3330.605,grad,18242651136
4,3331.895,grad,18309829632
4,3333.132,grad,18416915456
4,3336.002,grad,18501919744
4,3337.455,grad,18511356928
4,3338.773,grad,18534541312
4,3340.027,grad,18601719808
4,3341.284,grad,18747602944
4,3344.208,grad,18793809920
4,3345.59,grad,18803247104
4,3346.841,grad,18826431488
4,3348.074,grad,18893609984
4,3349.309,grad,19039493120
4,3350.718,grad,19093044224
4,3352.734,grad,19085700096
4,3354.016,grad,19095137280
4,3355.294,grad,19118321664
4,3356.594,grad,19185500160
4,3357.907,grad,19331383296
4,3360.823,grad,19377590272
4,3362.104,grad,19387027456
4,3363.363,grad,19424891904
4,3364.604,grad,19492070400
4,3365.843,grad,19739665408
4,3367.075,grad,19684164608
4,3368.938,grad,19669480448
4,3370.203,grad,19678917632
4,3371.476,grad,19702102016
4,3372.753,grad,19769280512
4,3373.99,grad,19915163648
4,3376.942,grad,19961370624
4,3378.378,grad,19970807808
4,3379.62,grad,19993992192
4,3380.89,grad,20061170688
4,3382.15,grad,20323445760
4,3383.397,grad,20245924864
4,3385.335,grad,20253260800
4,3386.641,grad,20262697984
4,3387.9,grad,20300562432
4,3389.136,grad,20367740928
4,3390.425,grad,20498944000
4,3393.158,grad,20545150976
4,3394.418,grad,20554588160
4,3395.693,grad,20577772544
4,3396.956,grad,20644951040
4,3398.212,grad,20829631488
4,3399.447,grad,20859065344
4,3401.282,grad,20837041152
4,3402.539,grad,20846478336
4,3403.794,grad,20884342784
4,3405.051,grad,20951521280
4,3406.29,grad,21082724352
4,3407.523,grad,21150955520
4,3409.337,grad,21128931328
4,3410.598,grad,21138368512
4,3411.873,grad,21161552896
4,3413.119,grad,21228731392
4,3414.36,grad,21335817216
4,3415.641,grad,21435505664
4,3417.561,grad,21420821504
4,3418.971,grad,21430258688
4,3420.23,grad,21453443072
4,3421.47,grad,21520621568
4,3422.72,grad,21705302016
4,3423.948,grad,21712711680
4,3425.749,grad,21712711680
4,3427.008,grad,21722148864
4,3428.305,grad,21760013312
4,3429.593,grad,21827191808
4,3430.867,grad,21958394880
4,3433.572,grad,22004601856
4,3434.869,grad,22021379072
4,3436.133,grad,22051903488
4,3437.366,grad,22119081984
4,3438.627,grad,22250285056
4,3441.373,grad,22296492032
4,3442.644,grad,22305929216
4,3443.89,grad,22343793664
4,3445.124,grad,22410972160
4,3446.398,grad,22542175232
4,3447.658,grad,22595726336
4,3449.542,grad,22588382208
4,3450.849,grad,22597819392
4,3452.106,grad,22621003776
4,3453.356,grad,22702862336
4,3454.658,grad,22834065408
4,3457.442,grad,22880272384
4,3458.861,grad,22889709568
4,3460.122,grad,22912893952
4,3461.41,grad,22980072448
4,3462.718,grad,23125955584
4,3465.448,grad,23172162560
4,3466.715,grad,23181599744
4,3467.994,grad,23219464192
4,3469.223,grad,23286708224
4,3470.497,grad,23425185792
4,3473.158,grad,23464052736
4,3474.414,grad,23473489920
4,3475.67,grad,23511354368
4,3476.924,grad,23578532864
4,3478.151,grad,23709735936
4,3480.923,grad,23755942912
4,3482.192,grad,23765380096
4,3483.442,grad,23803244544
4,3484.684,grad,23855742976
4,3485.917,grad,24001626112
4,3487.144,grad,24069857280
4,3488.947,grad,24047833088
4,3490.21,grad,24057270272
4,3491.466,grad,24095134720
4,3492.72,grad,24162313216
4,3493.951,grad,24293516288
4,3495.184,grad,24325039104
4,3496.468,grad,25251990016
4,3498.543,grad,25251981824
4,3499.805,grad,24940555264
4,3501.048,grad,24940555264
4,3502.297,grad,24940555264
4,3503.532,grad,24940555264
4,3504.816,grad,25563400704
4,3506.058,grad,24332367872
4,3507.389,grad,24316311552
4,3508.621,grad,24157321216
4,3509.856,grad,24096892928
4,3511.097,grad,24096131072
4,3512.35,grad,24060929024
4,3513.702,grad,24060929024
4,3514.986,grad,24079803392
4,3516.846,grad,24056046592
4,3518.129,grad,24060806144
4,3519.376,grad,24002794496
4,3520.617,grad,23952135168
4,3521.887,grad,23831225344
4,3523.124,grad,23802708992
4,3524.356,grad,23787913216
4,3525.826,grad,23780573184
4,3527.18,grad,23799447552
4,3528.731,grad,23775690752
4,3529.992,grad,23780458496
4,3531.234,grad,23761235968
4,3532.482,grad,23632982016
4,3533.734,grad,23550877696
4,3534.97,grad,23529693184
4,3536.2,grad,23511751680
4,3537.665,grad,23500217344
4,3538.958,grad,23519091712
4,3540.562,grad,23495334912
4,3541.842,grad,23500098560
4,3543.082,grad,23480880128
4,3544.32,grad,23391423488
4,3545.551,grad,23270513664
4,3546.8,grad,23241997312
4,3548.029,grad,23219861504
4,3549.486,grad,23219861504
4,3550.742,grad,23238604800
4,3552.832,grad,23214979072
4,3554.105,grad,23219738624
4,3555.341,grad,23200524288
4,3556.585,grad,23111067648
4,3557.825,grad,22990166016
4,3559.068,grad,22968981504
4,3560.3,grad,22951040000
4,3561.667,grad,22939505664
4,3562.92,grad,22958445568
4,3564.354,grad,22934623232
4,3565.591,grad,22939386880
4,3566.828,grad,22920168448
4,3568.056,grad,22830711808
4,3569.282,grad,22709801984
4,3570.511,grad,22681285632
4,3571.783,grad,22666489856
4,3573.147,grad,22659149824
4,3574.383,grad,22678024192
4,3575.833,grad,22654267392
4,3577.073,grad,22659018752
4,3578.302,grad,22639812608
4,3579.529,grad,22472761344
4,3580.78,grad,22429446144
4,3582.024,grad,22407876608
4,3583.263,grad,22411472896
4,3584.493,grad,22390328320
4,3586.334,grad,22378793984
4,3587.583,grad,22397602816
4,3589.179,grad,22373911552
4,3590.414,grad,22371322880
4,3591.677,grad,22357097472
4,3592.928,grad,22292085760
4,3594.16,grad,22180543488
4,3595.408,grad,22127520768
4,3596.594,grad,22099486720
4,3598.312,grad,22098438144
4,3599.583,grad,22117312512
4,3601.025,grad,22093555712
4,3602.285,grad,22098307072
4,3603.522,grad,22110558208
4,3604.77,grad,22067238912
4,3606.005,grad,21868730368
4,3607.24,grad,21840218112
4,3608.47,grad,21818082304
4,3609.977,grad,21818082304
4,3611.22,grad,21836956672
4,3612.679,grad,21813199872
4,3613.921,grad,21817951232
4,3615.151,grad,21791405056
4,3616.379,grad,21709288448
4,3617.608,grad,21588374528
4,3618.841,grad,21567202304
4,3620.067,grad,21556076544
4,3621.369,grad,21537726464
4,3622.62,grad,21556666368
4,3624.06,grad,21532844032
4,3625.32,grad,21540184064
4,3626.583,grad,21522911232
4,3627.82,grad,21472251904
4,3629.06,grad,21428932608
4,3630.289,grad,21322694656
4,3631.525,grad,21272166400
4,3632.811,grad,21257370624
4,3634.056,grad,21286730752
4,3635.515,grad,21251996672
4,3636.772,grad,21259828224
4,3638.006,grad,21286595584
4,3639.246,grad,21238098944
4,3640.495,grad,21155982336
4,3641.783,grad,21020388352
4,3643.035,grad,21006621696
4,3644.271,grad,20980226048
4,3645.899,grad,20977080320
4,3647.147,grad,20996020224
4,3648.652,grad,20972197888
4,3649.889,grad,20976957440
4,3651.128,grad,21035468800
4,3652.455,grad,20883032064
4,3653.721,grad,20747438080
4,3654.962,grad,20725872640
4,3656.209,grad,20698362880
4,3657.949,grad,20696790016
4,3659.216,grad,20715598848
4,3660.912,grad,20691907584
4,3662.191,grad,20696658944
4,3663.516,grad,20677583872
4,3664.779,grad,20595401728
4,3666.017,grad,20505945088
4,3667.328,grad,20446041088
4,3668.568,grad,20418596864
4,3670.266,grad,20416499712
4,3671.533,grad,20435439616
4,3673.001,grad,20411617280
4,3674.242,grad,20416368640
4,3675.476,grad,20389888000
4,3676.724,grad,20268974080
4,3677.963,grad,20186873856
4,3679.212,grad,20165685248
4,3680.454,grad,20143549440
4,3681.955,grad,20136209408
4,3683.226,grad,20155149312
4,3684.686,grad,20131326976
4,3685.931,grad,20136090624
4,3687.167,grad,20078074880
4,3688.404,grad,20027415552
4,3689.664,grad,19921181696
4,3690.905,grad,19885329408
4,3692.141,grad,19857950720
4,3693.722,grad,19855853568
4,3695.013,grad,19874727936
4,3696.474,grad,19850971136
4,3697.73,grad,19855722496
4,3699.069,grad,19836581888
4,3700.327,grad,19754399744
4,3701.562,grad,19664943104
4,3702.896,grad,19605039104
4,3704.133,grad,19577594880
4,3705.809,grad,19575497728
4,3707.065,grad,19594437632
4,3708.507,grad,19570615296
4,3709.795,grad,19575370752
4,3711.038,grad,19556160512
4,3712.279,grad,19435246592
4,3713.511,grad,19375215616
4,3714.775,grad,19324683264
4,3716.042,grad,19319440384
4,3717.303,grad,19302547456
4,3718.657,grad,19295207424
4,3719.915,grad,19314016256
4,3721.522,grad,19290324992
4,3722.782,grad,19295084544
4,3724.023,grad,19275870208
4,3725.281,grad,19109212160
4,3726.517,grad,19065507840
4,3727.777,grad,19044327424
4,3729.027,grad,19033201664
4,3730.479,grad,19014851584
4,3731.801,grad,19033725952
4,3733.271,grad,19009969152
4,3734.513,grad,19007380480
4,3735.799,grad,18995579904
4,3737.045,grad,18913463296
4,3738.301,grad,18785209344
4,3739.567,grad,18763643904
4,3740.831,grad,18735609856
4,3742.613,grad,18734561280
4,3743.899,grad,18753435648
4,3745.367,grad,18729678848
4,3746.607,grad,18734446592
4,3747.847,grad,18715617280
4,3749.083,grad,18633500672
4,3750.331,grad,18497906688
4,3751.634,grad,18484140032
4,3752.868,grad,18456695808
4,3754.511,grad,18454598656
4,3755.771,grad,18473473024
4,3757.213,grad,18449716224
4,3758.454,grad,18454467584
4,3759.748,grad,18435654656
4,3760.99,grad,18314347520
4,3762.221,grad,18224956416
4,3763.453,grad,18218529792
4,3764.716,grad,18177454080
4,3766.332,grad,18174308352
4,3767.586,grad,18193182720
4,3769.04,grad,18169425920
4,3770.298,grad,18166837248
4,3771.659,grad,18155036672
4,3772.894,grad,18080587776
4,3774.129,grad,17944600576
4,3775.409,grad,17923493888
4,3776.596,grad,17895525376
4,3778.26,grad,17893952512
4,3779.544,grad,17912892416
4,3781.078,grad,17889070080
4,3782.33,grad,17886481408
4,3783.563,grad,17886477312
4,3784.805,grad,17867275264
4,3786.036,grad,17792957440
4,3787.269,grad,17710840832
4,3788.533,grad,17657424896
4,3789.79,grad,17645292544
4,3791.035,grad,17614710784
4,3792.273,grad,17643087872
4,3793.802,grad,17608288256
4,3795.048,grad,17616119808
4,3796.285,grad,17642887168
4,3797.521,grad,17587378176
4,3798.771,grad,17582921728
4,3800.032,grad,17384036352
4,3801.28,grad,17355507712
4,3802.517,grad,17340711936
4,3804.015,grad,17333371904
4,3805.263,grad,17352180736
4,3806.844,grad,17328489472
4,3808.088,grad,17333240832
4,3809.391,grad,17314100224
4,3810.599,grad,17232376832
4,3811.847,grad,17149801472
4,3813.113,grad,17096778752
4,3814.35,grad,17061520384
4,3816.254,grad,17053016064
4,3817.536,grad,17071890432
4,3819.036,grad,17048133632
4,3820.302,grad,17052893184
4,3821.554,grad,17033678848
4,3822.803,grad,16951955456
4,3824.039,grad,16823308288
4,3825.336,grad,16802201600
4,3826.585,grad,16775281664
4,3828.343,grad,16772660224
4,3829.691,grad,16791534592
4,3831.38,grad,16767777792
4,3832.633,grad,16772545536
4,3833.87,grad,16792120320
4,3835.1,grad,16671599616
4,3836.327,grad,16541969408
4,3837.56,grad,16513063936
4,3838.809,grad,16485029888
4,3840.044,grad,16491059200
4,3841.419,grad,16513603584
4,3842.821,grad,16478345216
4,3844.066,grad,16486176768
4,3845.34,grad,16468908032
4,3846.602,grad,16468908032
4,3847.849,grad,16468908032
4,3849.085,grad,16468908032
4,3851.657,grad,16468907520
4,3852.96,grad,16468907520
4,3854.214,grad,16468907520
4,3855.468,grad,16468907520
4,3859.021,grad,16468907520
4,3860.45,grad,16468907520
4,3861.694,grad,16486536704
4,3862.937,grad,16508229120
4,3864.183,grad,16523957760
4,3865.985,grad,16523957760
4,3867.24,grad,16524283392
4,3868.613,grad,16685923840
4,3869.856,grad,16685923840
4,3871.169,grad,16685923840
4,3872.629,grad,16685923840
4,3873.985,grad,16630389760
4,3875.228,grad,16512424448
4,3876.465,grad,16327023104
4,3877.725,grad,16319584768
4,3878.968,grad,16351074816
4,3880.221,grad,16382073344
4,3881.449,grad,16414317056
4,3882.732,grad,16444332544
4,3883.994,grad,16444103168
4,3885.249,grad,16334821888
4,3891.28,grad,16141851136
4,3897.624,grad,16141859328
4,3904.004,grad,16141859328
4,3910.359,grad,16141859328
4,3915.825,grad,16141859328
4,3917.199,grad,16149336576
4,3920.192,grad,16156805632
4,3921.585,grad,16166242816
4,3922.84,grad,16182087168
4,3924.165,grad,16218660352
4,3925.412,grad,16444235264
4,3926.667,grad,16451649024
4,3928.738,grad,16458984960
4,3930.004,grad,16469274112
4,3931.256,grad,16485118464
4,3932.493,grad,16520839680
4,3933.75,grad,16821912064
4,3934.994,grad,16757367296
4,3936.933,grad,16750875136
4,3938.226,grad,16760312320
4,3939.479,grad,16784348672
4,3940.766,grad,16812729856
4,3942.01,grad,17036207616
4,3943.241,grad,17036281344
4,3945.23,grad,17043617280
4,3946.772,grad,17053054464
4,3948.058,grad,17076238848
4,3949.325,grad,17143417344
4,3950.557,grad,17405692416
4,3951.815,grad,17328171520
4,3953.776,grad,17335507456
4,3955.045,grad,17344944640
4,3956.319,grad,17382809088
4,3957.55,grad,17449987584
4,3958.834,grad,17581190656
4,3961.612,grad,17627397632
4,3962.887,grad,17636834816
4,3964.133,grad,17674699264
4,3965.386,grad,17741877760
4,3966.709,grad,17873080832
4,3969.409,grad,17919287808
4,3970.675,grad,17928724992
4,3971.927,grad,17951909376
4,3973.154,grad,18019087872
4,3974.385,grad,18164971008
4,3975.664,grad,18218522112
4,3977.501,grad,18211177984
4,3978.791,grad,18220615168
4,3980.037,grad,18258479616
4,3981.266,grad,18310978048
4,3982.501,grad,18495658496
4,3983.776,grad,18495736320
4,3985.761,grad,18503068160
4,3987.201,grad,18512505344
4,3988.462,grad,18535689728
4,3989.715,grad,18602868224
4,3990.951,grad,18865143296
4,3992.187,grad,18787622400
4,3994.192,grad,18794958336
4,3995.452,grad,18804395520
4,3996.721,grad,18827579904
4,3997.988,grad,18894758400
4,3999.22,grad,19079438848
4,4000.446,grad,19108872704
4,4002.318,grad,19086848512
4,4003.581,grad,19096285696
4,4004.83,grad,19119470080
4,4006.109,grad,19186648576
4,4007.414,grad,19332531712
4,4010.234,grad,19378738688
4,4011.494,grad,19388175872
4,4012.795,grad,19411360256
4,4014.077,grad,19478538752
4,4015.343,grad,19624421888
4,4018.234,grad,19670628864
4,4019.495,grad,19680066048
4,4020.774,grad,19717930496
4,4022.031,grad,19770428928
4,4023.289,grad,19916312064
4,4024.528,grad,19977203200
4,4026.454,grad,19962519040
4,4027.927,grad,19971956224
4,4029.254,grad,19980344832
4,4030.54,grad,20001497600
4,4031.794,grad,20077064704
4,4033.027,grad,20246999552
4,4034.255,grad,20261749248
4,4036.733,grad,20254409216
4,4038.156,grad,20263846400
4,4039.41,grad,20279690752
4,4040.703,grad,20322752000
4,4041.943,grad,20407752192
4,4043.172,grad,20507432448
4,4046.359,grad,20546299392
4,4047.647,grad,20555736576
4,4048.892,grad,20578920960
4,4050.122,grad,20646099456
4,4051.358,grad,20791982592
4,4052.649,grad,20830853632
4,4054.776,grad,20838189568
4,4056.078,grad,20847626752
4,4057.327,grad,20870811136
4,4058.56,grad,20937989632
4,4059.807,grad,21122670080
4,4061.039,grad,21144763904
4,4062.974,grad,21130079744
4,4064.254,grad,21139516928
4,4065.508,grad,21162701312
4,4066.799,grad,21229879808
4,4068.043,grad,21414560256
4,4069.299,grad,21421974016
4,4071.163,grad,21421969920
4,4072.659,grad,21431407104
4,4073.933,grad,21454591488
4,4075.17,grad,21521769984
4,4076.415,grad,21706450432
4,4077.673,grad,21713864192
4,4079.412,grad,21713860096
4,4080.668,grad,21723297280
4,4081.907,grad,21761161728
4,4083.162,grad,21828340224
4,4084.44,grad,21959543296
4,4087.212,grad,22005750272
4,4088.47,grad,22015187456
4,4089.729,grad,22053051904
4,4090.985,grad,22120230400
4,4092.27,grad,22251433472
4,4095.088,grad,22297640448
4,4096.365,grad,22307077632
4,4097.615,grad,22344942080
4,4098.85,grad,22412186112
4,4100.078,grad,22550663680
4,4102.785,grad,22589530624
4,4104.04,grad,22598967808
4,4105.288,grad,22622152192
4,4106.533,grad,22689330688
4,4107.856,grad,22835213824
4,4110.592,grad,22881420800
4,4111.955,grad,22890857984
4,4113.211,grad,22914042368
4,4114.439,grad,22981220864
4,4115.695,grad,23088306688
4,4118.514,grad,23173310976
4,4119.777,grad,23182748160
4,4121.02,grad,23220678144
4,4122.279,grad,23287856640
4,4123.543,grad,23426334208
4,4126.183,grad,23465201152
4,4127.445,grad,23474638336
4,4128.7,grad,23512502784
4,4129.942,grad,23579746816
4,4131.173,grad,23718224384
4,4132.462,grad,23757091328
4,4134.115,grad,23757091328
4,4135.386,grad,23766528512
4,4136.647,grad,23789712896
4,4137.927,grad,23856891392
4,4139.205,grad,24002774528
4,4141.952,grad,24048981504
4,4143.306,grad,24058418688
4,4144.586,grad,24081603072
4,4145.849,grad,24148781568
4,4147.149,grad,24294664704
4,4148.378,grad,24326187520
4,4149.694,grad,25253138432
4,4151.715,grad,25253130240
4,4152.988,grad,24941703680
4,4154.231,grad,24941703680
4,4155.463,grad,24941703680
4,4156.733,grad,24941703680
4,4157.977,grad,25564548608
4,4159.308,grad,24333975040
4,4160.552,grad,24239865344
4,4161.832,grad,24172887552
4,4163.128,grad,24105119232
4,4164.384,grad,24069860864
4,4166.363,grad,24061356544
4,4167.664,grad,24080230912
4,4169.434,grad,24056474112
4,4170.7,grad,24061237760
4,4171.941,grad,24042019328
4,4173.179,grad,23928445440
4,4174.416,grad,23861012992
4,4175.678,grad,23817816576
4,4176.921,grad,23788340736
4,4178.299,grad,23781000704
4,4179.539,grad,23799940608
4,4181.002,grad,23776118272
4,4182.246,grad,23780881920
4,4183.505,grad,23800460800
4,4184.774,grad,23640749568
4,4186.017,grad,23551292928
4,4187.26,grad,23530120704
4,4188.498,grad,23500644864
4,4190.037,grad,23500644864
4,4191.3,grad,23519584768
4,4192.732,grad,23495762432
4,4193.967,grad,23500513792
4,4195.192,grad,23512764928
4,4196.427,grad,23391851008
4,4197.692,grad,23285613056
4,4198.926,grad,23235084800
4,4200.157,grad,23221337600
4,4201.39,grad,23249714688
4,4202.795,grad,23214915072
4,4204.124,grad,23215406592
4,4205.379,grad,23220174336
4,4206.618,grad,23162154496
4,4207.872,grad,23072697856
4,4209.101,grad,22991306240
4,4210.331,grad,22962789888
4,4211.57,grad,22947994112
4,4213.0,grad,22940654080
4,4214.24,grad,22959528448
4,4215.703,grad,22935771648
4,4216.968,grad,22940527104
4,4218.217,grad,22921316864
4,4219.47,grad,22831860224
4,4220.714,grad,22710946304
4,4221.943,grad,22689774080
4,4223.175,grad,22678648320
4,4224.487,grad,22660298240
4,4225.779,grad,22679172608
4,4227.211,grad,22655415808
4,4228.456,grad,22660167168
4,4229.706,grad,22633620992
4,4230.947,grad,22551799296
4,4232.176,grad,22430885376
4,4233.404,grad,22395033088
4,4234.639,grad,22387577344
4,4235.892,grad,22409597440
4,4237.373,grad,22374863360
4,4238.629,grad,22382694912
4,4240.114,grad,22409470464
4,4241.378,grad,22360900096
4,4242.614,grad,22239986176
4,4243.848,grad,22165209600
4,4245.079,grad,22129357312
4,4246.324,grad,22099881472
4,4247.809,grad,22099881472
4,4249.055,grad,22118821376
4,4250.493,grad,22094999040
4,4251.772,grad,22099758592
4,4253.02,grad,22041812480
4,4254.259,grad,21991153152
4,4255.49,grad,21870247424
4,4256.742,grad,21841726976
4,4257.986,grad,21821688320
4,4259.468,grad,21819591168
4,4260.751,grad,21838465536
4,4262.223,grad,21814708736
4,4263.465,grad,21819464192
4,4264.724,grad,21800319488
4,4265.955,grad,21633268224
4,4267.186,grad,21589957120
4,4268.429,grad,21568776704
4,4269.673,grad,21550310912
4,4271.018,grad,21539300864
4,4272.279,grad,21558240768
4,4273.721,grad,21534418432
4,4274.959,grad,21539169792
4,4276.226,grad,21520094720
4,4277.476,grad,21430572544
4,4278.735,grad,21316998656
4,4279.975,grad,21288551936
4,4281.206,grad,21262156288
4,4282.899,grad,21259010560
4,4284.15,grad,21277950464
4,4285.57,grad,21254128128
4,4286.826,grad,21258879488
4,4288.071,grad,21232398848
4,4289.298,grad,21150282240
4,4290.523,grad,21029761536
4,4291.766,grad,21008589312
4,4292.993,grad,21001133568
4,4294.242,grad,20979113472
4,4295.773,grad,20973739520
4,4297.027,grad,20981571072
4,4298.292,grad,21008338432
4,4299.534,grad,20952436224
4,4300.782,grad,20870319616
4,4302.013,grad,20764081664
4,4303.243,grad,20728233472
4,4304.472,grad,20720777728
4,4305.773,grad,20698757632
4,4307.043,grad,20702951936
4,4308.472,grad,20693875200
4,4309.732,grad,20691286528
4,4310.979,grad,20679485952
4,4312.211,grad,20590029312
4,4313.448,grad,20469115392
4,4314.714,grad,20462688768
4,4315.947,grad,20419515904
4,4317.424,grad,20418467328
4,4318.713,grad,20437407232
4,4320.122,grad,20413584896
4,4321.367,grad,20418336256
4,4322.601,grad,20399130112
4,4323.84,grad,20309739008
4,4325.071,grad,20188833280
4,4326.311,grad,20167652864
4,4327.547,grad,20156527104
4,4328.954,grad,20138177024
4,4330.289,grad,20157116928
4,4331.798,grad,20133294592
4,4333.072,grad,20138045952
4,4334.33,grad,20111499776
4,4335.595,grad,19951854080
4,4336.845,grad,19908538880
4,4338.139,grad,19880022528
4,4339.409,grad,19859983872
4,4341.265,grad,19857886720
4,4342.561,grad,19876826624
4,4344.065,grad,19853004288
4,4345.313,grad,19857755648
4,4346.632,grad,19838615040
4,4347.88,grad,19763838464
4,4349.134,grad,19628244480
4,4350.445,grad,19607137792
4,4351.697,grad,19585052160
4,4353.594,grad,19577596416
4,4354.9,grad,19596470784
4,4356.387,grad,19572713984
4,4357.632,grad,19577465344
4,4358.886,grad,19550919168
4,4360.122,grad,19468868096
4,4361.356,grad,19347954176
4,4362.586,grad,19319441920
4,4363.822,grad,19319326208
4,4365.08,grad,19297306112
4,4366.33,grad,19316246016
4,4367.767,grad,19292423680
4,4369.02,grad,19297175040
4,4370.252,grad,19309426176
4,4371.483,grad,19188577792
4,4372.729,grad,19067663872
4,4373.96,grad,19046491648
4,4375.196,grad,19031695872
4,4376.538,grad,19017015808
4,4377.867,grad,19035890176
4,4379.366,grad,19012133376
4,4380.618,grad,19019506176
4,4381.882,grad,19016880640
4,4383.132,grad,18990338560
4,4384.399,grad,18908287488
4,4385.598,grad,18794713600
4,4386.843,grad,18780946944
4,4388.087,grad,18738822656
4,4389.869,grad,18736725504
4,4391.163,grad,18755599872
4,4392.779,grad,18731843072
4,4394.03,grad,18736606720
4,4395.269,grad,18678590976
4,4396.512,grad,18627997184
4,4397.776,grad,18536447488
4,4399.048,grad,18478571008
4,4400.305,grad,18463775232
4,4401.792,grad,18456435200
4,4403.04,grad,18475309568
4,4404.546,grad,18451552768
4,4405.8,grad,18456316416
4,4407.036,grad,18398300672
4,4408.272,grad,18323589632
4,4409.523,grad,18226792960
4,4410.802,grad,18220366336
4,4412.057,grad,18178242048
4,4413.747,grad,18176144896
4,4415.034,grad,18195019264
4,4416.533,grad,18171262464
4,4417.802,grad,18168673792
4,4419.066,grad,18156873216
4,4420.338,grad,18082096640
4,4421.585,grad,17985299968
4,4422.826,grad,17924937216
4,4424.065,grad,17896903168
4,4425.924,grad,17895854592
4,4427.22,grad,17914728960
4,4428.754,grad,17890972160
4,4430.017,grad,17895739904
4,4431.253,grad,17837720064
4,4432.488,grad,17748328960
4,4433.732,grad,17695572480
4,4434.963,grad,17645040128
4,4436.194,grad,17616612864
4,4437.759,grad,17615564288
4,4439.058,grad,17634504192
4,4440.681,grad,17610681856
4,4441.936,grad,17615437312
4,4443.176,grad,17557429760
4,4444.41,grad,17468038656
4,4445.595,grad,17378582016
4,4446.833,grad,17364815360
4,4448.069,grad,17337895424
4,4449.773,grad,17335273984
4,4451.053,grad,17354476032
4,4452.753,grad,17330391552
4,4453.997,grad,17327802880
4,4455.261,grad,17316002304
4,4456.499,grad,17241225728
4,4457.76,grad,17105631744
4,4459.066,grad,17084525056
4,4460.314,grad,17057277440
4,4461.92,grad,17054131712
4,4463.216,grad,17073006080
4,4464.747,grad,17048397312
4,4465.987,grad,17053160960
4,4467.22,grad,17033942528
4,4468.455,grad,16945403392
4,4469.728,grad,16823645696
4,4470.967,grad,16796829184
4,4472.198,grad,16782033408
4,4473.589,grad,16773841408
4,4474.881,grad,16792715776
4,4476.345,grad,16768958976
4,4477.585,grad,16773726720
4,4478.828,grad,16714854912
4,4480.074,grad,16640799232
4,4481.307,grad,16533910016
4,4482.537,grad,16512803328
4,4483.804,grad,16484310528
4,4485.651,grad,16482999808
4,4486.936,grad,16501972480
4,4488.425,grad,16478117376
4,4489.699,grad,16468188672
4,4490.95,grad,16468188672
4,4492.18,grad,16468188672
4,4493.407,grad,16468188672
4,4495.987,grad,16468188160
4,4497.28,grad,16468188160
4,4498.565,grad,16468188160
4,4499.868,grad,16468188160
4,4503.611,grad,16468188160
4,4505.047,grad,16468188160
4,4506.301,grad,16484899840
4,4507.537,grad,16506067968
4,4508.803,grad,16523238400
4,4510.757,grad,16523238400
4,4512.001,grad,16523248640
4,4513.264,grad,16685204480
4,4514.587,grad,16685204480
4,4515.86,grad,16685204480
4,4517.188,grad,16685204480
4,4518.426,grad,16629828608
4,4519.735,grad,16542703616
4,4520.986,grad,16360022016
4,4522.222,grad,16310542336
4,4523.451,grad,16343703552
4,4524.696,grad,16374046720
4,4525.943,grad,16404127744
4,4527.179,grad,16434864128
4,4528.412,grad,16466911232
4,4529.654,grad,16374407168
4,4536.014,grad,16143458304
4,4542.379,grad,16143462400
4,4548.755,grad,16143462400
4,4555.152,grad,16143462400
4,4560.444,grad,16143462400
4,4561.881,grad,16147367936
4,4564.923,grad,16151166976
4,4566.416,grad,16156213248
4,4567.717,grad,16164135936
4,4568.958,grad,16193008640
4,4570.244,grad,16255953920
4,4571.52,grad,16290819072
4,4573.772,grad,16302781440
4,4575.032,grad,16307827712
4,4576.279,grad,16319420416
4,4577.508,grad,16333611008
4,4578.755,grad,16445349888
4,4580.0,grad,16445061120
4,4582.032,grad,16449775616
4,4583.363,grad,16454821888
4,4584.623,grad,16466414592
4,4585.864,grad,16500003840
4,4587.096,grad,16592344064
4,4588.324,grad,16592053248
4,4590.355,grad,16596048896
4,4591.898,grad,16600767488
4,4593.151,grad,16612360192
4,4594.381,grad,16645949440
4,4595.593,grad,16777086976
4,4596.855,grad,16738324480
4,4598.86,grad,16741994496
4,4600.114,grad,16746713088
4,4601.369,grad,16759354368
4,4602.68,grad,16792943616
4,4603.938,grad,16846486528
4,4606.886,grad,16888988672
4,4608.137,grad,16893707264
4,4609.381,grad,16906348544
4,4610.648,grad,16940986368
4,4611.885,grad,16994529280
4,4614.722,grad,17037031424
4,4615.967,grad,17041750016
4,4617.248,grad,17055439872
4,4618.491,grad,17087980544
4,4619.738,grad,17142572032
4,4620.978,grad,17186122752
4,4622.856,grad,17186122752
4,4624.125,grad,17190841344
4,4625.425,grad,17203482624
4,4626.669,grad,17238120448
4,4627.902,grad,17369257984
4,4629.133,grad,17341507584
4,4630.978,grad,17334165504
4,4632.399,grad,17338884096
4,4633.665,grad,17352573952
4,4634.895,grad,17366764544
4,4636.123,grad,17478503424
4,4637.351,grad,17478540288
4,4639.356,grad,17482208256
4,4640.644,grad,17486926848
4,4641.898,grad,17499568128
4,4643.132,grad,17534205952
4,4644.366,grad,17626546176
4,4645.595,grad,17632874496
4,4647.505,grad,17629202432
4,4648.773,grad,17633921024
4,4650.063,grad,17646562304
4,4651.319,grad,17687491584
4,4652.641,grad,17754141696
4,4655.442,grad,17777245184
4,4656.721,grad,17781963776
4,4657.966,grad,17793556480
4,4659.193,grad,17827145728
4,4660.425,grad,17958283264
4,4661.696,grad,17920571392
4,4663.742,grad,17924239360
4,4665.0,grad,17928957952
4,4666.243,grad,17936880640
4,4667.525,grad,17954741248
4,4668.789,grad,18105277440
4,4670.031,grad,18066516992
4,4672.076,grad,18070184960
4,4674.343,grad,18074903552
4,4675.608,grad,18082826240
4,4676.872,grad,18100686848
4,4678.106,grad,18212425728
4,4679.346,grad,18212462592
4,4681.344,grad,18216130560
4,4682.615,grad,18220849152
4,4683.869,grad,18233490432
4,4685.112,grad,18267079680
4,4686.353,grad,18340021248
4,4687.58,grad,18370466816
4,4689.473,grad,18363124736
4,4690.745,grad,18367843328
4,4692.031,grad,18387824640
4,4693.389,grad,18415122432
4,4694.679,grad,18468665344
4,4695.937,grad,18522179584
4,4697.919,grad,18511167488
4,4699.228,grad,18515886080
4,4700.56,grad,18529575936
4,4701.873,grad,18562116608
4,4703.119,grad,18636106752
4,4704.361,grad,18667600896
4,4706.328,grad,18660258816
4,4707.647,grad,18664977408
4,4708.898,grad,18677618688
4,4710.176,grad,18712256512
4,4711.439,grad,18785198080
4,4714.33,grad,18808301568
4,4715.848,grad,18813020160
4,4717.106,grad,18826710016
4,4718.341,grad,18840900608
4,4719.585,grad,18991436800
4,4720.824,grad,18963686400
4,4722.688,grad,18956344320
4,4723.937,grad,18961062912
4,4725.189,grad,18973704192
4,4726.446,grad,19015682048
4,4727.696,grad,19081283584
4,4730.471,grad,19103338496
4,4731.772,grad,19108057088
4,4733.022,grad,19128071168
4,4734.277,grad,19161660416
4,4735.508,grad,19231947776
4,4738.166,grad,19251381248
4,4739.43,grad,19256099840
4,4740.723,grad,19275065344
4,4741.998,grad,19308654592
4,4743.266,grad,19377893376
4,4745.935,grad,19398375424
4,4747.192,grad,19403094016
4,4748.442,grad,19414686720
4,4749.724,grad,19448275968
4,4750.964,grad,19579413504
4,4752.23,grad,19551663104
4,4754.06,grad,19544321024
4,4755.556,grad,19549039616
4,4756.883,grad,19560632320
4,4758.163,grad,19574822912
4,4759.43,grad,19686561792
4,4760.692,grad,19686600704
4,4762.628,grad,19690266624
4,4763.887,grad,19694985216
4,4765.131,grad,19714966528
4,4766.367,grad,19748588544
4,4767.61,grad,19817827328
4,4770.351,grad,19837260800
4,4771.63,grad,19841979392
4,4772.884,grad,19861960704
4,4774.119,grad,19896631296
4,4775.347,grad,19965870080
4,4777.962,grad,19985303552
4,4779.215,grad,19990022144
4,4780.489,grad,20011052032
4,4781.736,grad,20044641280
4,4783.002,grad,20114961408
4,4785.686,grad,20134394880
4,4786.953,grad,20139113472
4,4788.225,grad,20160143360
4,4789.462,grad,20193765376
4,4790.699,grad,20263004160
4,4791.933,grad,20430708736
4,4794.99,grad,20738467328
4,4796.238,grad,20582754304
4,4797.479,grad,20582754304
4,4798.718,grad,20582754304
4,4799.948,grad,20582754304
4,4801.188,grad,20278662144
4,4802.534,grad,20272761856
4,4803.803,grad,20236389376
4,4805.036,grad,20167543808
4,4806.342,grad,20156990464
4,4807.637,grad,20141170688
4,4809.217,grad,20140122112
4,4810.526,grad,20149559296
4,4812.319,grad,20137926656
4,4813.596,grad,20140060672
4,4814.837,grad,20148803584
4,4816.071,grad,20073830400
4,4817.305,grad,20039260160
4,4818.548,grad,20016713728
4,4819.79,grad,20004072448
4,4821.171,grad,19997256704
4,4822.519,grad,20007742464
4,4824.051,grad,19995061248
4,4825.296,grad,19997197312
4,4826.539,grad,19968975872
4,4827.782,grad,19925230592
4,4829.019,grad,19899640832
4,4830.249,grad,19878042624
4,4831.491,grad,19863402496
4,4832.936,grad,19857537024
4,4834.279,grad,19866974208
4,4835.767,grad,19855341568
4,4837.005,grad,19857479680
4,4838.239,grad,19829354496
4,4839.477,grad,19808677888
4,4840.761,grad,19741667328
4,4842.042,grad,19734882304
4,4843.289,grad,19719586816
4,4844.852,grad,19719062528
4,4846.134,grad,19728466944
4,4847.944,grad,19716867072
4,4849.251,grad,19719003136
4,4850.495,grad,19729579008
4,4851.836,grad,19670039552
4,4853.163,grad,19629931520
4,4854.471,grad,19603321856
4,4855.732,grad,19581538304
4,4857.52,grad,19581440000
4,4858.819,grad,19590844416
4,4860.398,grad,19579244544
4,4861.617,grad,19596056576
4,4862.883,grad,19611486208
4,4864.129,grad,19536152576
4,4865.379,grad,19488638976
4,4866.621,grad,19458457600
4,4867.859,grad,19445324800
4,4869.599,grad,19443915776
4,4870.939,grad,19453352960
4,4872.482,grad,19441720320
4,4873.765,grad,19443850240
4,4875.008,grad,19430413312
4,4876.243,grad,19350557696
4,4877.479,grad,19328902144
4,4878.73,grad,19314641920
4,4879.964,grad,19314681856
4,4881.242,grad,19303573504
4,4882.534,grad,19313010688
4,4884.229,grad,19301378048
4,4885.489,grad,19299837952
4,4886.797,grad,19300065280
4,4888.046,grad,19290234880
4,4889.281,grad,19248128000
4,4890.523,grad,19184001024
4,4891.781,grad,19184261120
4,4893.039,grad,19178231808
4,4894.283,grad,19161822208
4,4895.534,grad,19161297920
4,4896.796,grad,19170407424
4,4898.766,grad,19159102464
4,4900.036,grad,19161232384
4,4901.277,grad,19150449664
4,4902.544,grad,19149171712
4,4903.826,grad,19105950720
4,4905.073,grad,19052735488
4,4906.321,grad,19034711040
4,4907.572,grad,19027567616
4,4908.812,grad,19026460672
4,4910.289,grad,19019120640
4,4911.546,grad,19028230144
4,4913.6,grad,19016925184
4,4914.853,grad,19019055104
4,4916.095,grad,19008174080
4,4917.355,grad,19006896128
4,4918.669,grad,18967083008
4,4919.925,grad,18904371200
4,4921.19,grad,18893910016
4,4922.433,grad,18879925248
4,4924.397,grad,18878090240
4,4925.673,grad,18887199744
4,4927.657,grad,18875894784
4,4928.9,grad,18874354688
4,4930.177,grad,18874483712
4,4931.507,grad,18865865728
4,4932.845,grad,18824905728
4,4934.118,grad,18763144192
4,4935.521,grad,18752584704
4,4936.801,grad,18736240640
4,4938.904,grad,18735716352
4,4940.19,grad,18744858624
4,4941.439,grad,18733144064
4,4942.751,grad,18733520896
4,4944.017,grad,18739320832
4,4945.262,grad,18731192320
4,4946.543,grad,18722541568
4,4947.877,grad,18682531840
4,4949.111,grad,18618769408
4,4950.412,grad,18608310272
4,4951.61,grad,18610374656
4,4952.866,grad,18593539072
4,4954.173,grad,18592490496
4,4955.443,grad,18602648576
4,4957.445,grad,18590295040
4,4958.694,grad,18597143552
4,4959.931,grad,18588916736
4,4961.197,grad,18580265984
4,4962.506,grad,18539305984
4,4963.802,grad,18477542400
4,4965.092,grad,18466034688
4,4966.335,grad,18450739200
4,4968.347,grad,18450214912
4,4969.592,grad,18458275840
4,4971.564,grad,18448019456
4,4972.82,grad,18446479360
4,4974.121,grad,18446608384
4,4975.357,grad,18436777984
4,4976.59,grad,18395752448
4,4977.83,grad,18331625472
4,4979.063,grad,18331885568
4,4980.296,grad,18325856256
4,4981.533,grad,18309020672
4,4982.798,grad,18323635200
4,4984.125,grad,18318359552
4,4985.709,grad,18306726912
4,4986.957,grad,18308865024
4,4988.193,grad,18279855104
4,4989.426,grad,18238927872
4,4990.669,grad,18194101248
4,4991.899,grad,18190887936
4,4993.133,grad,18169825280
4,4994.643,grad,18168776704
4,4995.94,grad,18178213888
4,4997.403,grad,18166581248
4,4998.596,grad,18168717312
4,4999.835,grad,18139709440
4,5001.083,grad,18094981120
4,5002.309,grad,18068733952
4,5003.543,grad,18043467776
4,5004.818,grad,18032399360
4,5006.206,grad,18028729344
4,5007.478,grad,18038166528
4,5008.913,grad,18026533888
4,5010.153,grad,18032333824
4,5011.399,grad,18056842240
4,5012.629,grad,17973283840
4,5013.89,grad,17912826880
4,5015.13,grad,17902273536
4,5016.36,grad,17888550912
4,5017.846,grad,17887502336
4,5019.139,grad,17896939520
4,5020.564,grad,17885306880
4,5021.817,grad,17887436800
4,5023.064,grad,17874163712
4,5024.316,grad,17832089600
4,5025.559,grad,17771636736
4,5026.807,grad,17757376512
4,5028.04,grad,17752599552
4,5029.331,grad,17745259520
4,5030.662,grad,17754696704
4,5032.225,grad,17743064064
4,5033.478,grad,17745193984
4,5034.755,grad,17731920896
4,5036.007,grad,17689846784
4,5037.275,grad,17629393920
4,5038.521,grad,17619852288
4,5039.786,grad,17606686720
4,5041.193,grad,17604065280
4,5042.481,grad,17613469696
4,5044.084,grad,17601869824
4,5045.347,grad,17600329728
4,5046.6,grad,17593217024
4,5047.839,grad,17561792512
4,5049.068,grad,17505169408
4,5050.296,grad,17477609472
4,5051.533,grad,17480951808
4,5053.487,grad,17462019072
4,5054.777,grad,17472472064
4,5056.321,grad,17459823616
4,5057.563,grad,17461953536
4,5058.818,grad,17453399040
4,5060.049,grad,17370921984
4,5061.28,grad,17347200000
4,5062.533,grad,17339233280
4,5063.787,grad,17325281280
4,5065.139,grad,17319776256
4,5066.452,grad,17329213440
4,5067.913,grad,17317580800
4,5069.147,grad,17319710720
4,5070.374,grad,17307486208
4,5071.602,grad,17247029248
4,5072.838,grad,17212264448
4,5074.076,grad,17196957696
4,5075.323,grad,17185627136
4,5076.645,grad,17176452096
4,5077.927,grad,17185889280
4,5079.346,grad,17174256640
4,5080.583,grad,17172716544
4,5081.869,grad,17166816256
4,5083.1,grad,17127822336
4,5084.338,grad,17090434048
4,5085.697,grad,17057106944
4,5086.941,grad,17034176512
4,5088.754,grad,17034176512
4,5089.995,grad,17043580928
4,5091.557,grad,17031981056
4,5092.817,grad,17034119168
4,5094.058,grad,17005142016
4,5095.3,grad,16961462272
4,5096.531,grad,16934035456
4,5097.775,grad,16908769280
4,5099.004,grad,16896652288
4,5100.398,grad,16892982272
4,5101.645,grad,16902386688
4,5103.201,grad,16890786816
4,5104.457,grad,16892920832
4,5105.73,grad,16883346432
4,5106.962,grad,16842288128
4,5108.213,grad,16778161152
4,5109.474,grad,16767607808
4,5110.723,grad,16754409472
4,5112.335,grad,16752836608
4,5113.593,grad,16762241024
4,5115.203,grad,16750313472
4,5116.514,grad,16752443392
4,5117.841,grad,16743200768
4,5119.089,grad,16705779712
4,5120.325,grad,16637982720
4,5121.57,grad,16626872320
4,5122.814,grad,16613641216
4,5124.465,grad,16612330496
4,5125.755,grad,16621931520
4,5127.392,grad,16609086464
4,5128.614,grad,16611222528
4,5129.868,grad,16622060544
4,5131.203,grad,16562979840
4,5132.471,grad,16493118464
4,5133.784,grad,16486235136
4,5135.028,grad,16471988224
4,5136.603,grad,16471463936
4,5137.935,grad,16480901120
4,5139.683,grad,16468318208
4,5140.95,grad,16470452224
4,5142.21,grad,16480997376
4,5143.454,grad,16399372288
4,5144.7,grad,16354512896
4,5145.932,grad,16340289536
4,5147.167,grad,16326894592
4,5148.712,grad,16325256192
4,5150.032,grad,16334693376
4,5151.699,grad,16323060736
4,5153.038,grad,16326616064
4,5154.328,grad,16317850624
4,5155.637,grad,16317850624
4,5156.886,grad,16317850624
4,5159.378,grad,16317850112
4,5160.667,grad,16317850112
4,5161.944,grad,16317850112
4,5163.209,grad,16317850112
4,5166.861,grad,16317850112
4,5168.232,grad,16317850112
4,5169.472,grad,16327647744
4,5170.724,grad,16338493952
4,5171.97,grad,16345375232
4,5173.711,grad,16345375232
4,5174.952,grad,16345382400
4,5176.212,grad,16507101696
4,5177.479,grad,16507101696
4,5178.733,grad,16507101696
4,5180.032,grad,16507101696
4,5181.363,grad,16481543168
4,5182.616,grad,16443680256
4,5183.918,grad,16349537792
4,5185.195,grad,16312378880
4,5186.434,grad,16344851968
4,5187.682,grad,16376079872
4,5188.956,grad,16409699840
4,5190.205,grad,16443155968
4,5191.446,grad,16454657536
4,5192.694,grad,16331941376
4,5193.96,grad,16141856256
4,5195.213,grad,16153378304
4,5196.45,grad,16183131648
4,5197.705,grad,16212098560
4,5198.941,grad,16240705024
4,5200.203,grad,16269540864
4,5201.448,grad,16298966528
4,5202.704,grad,16223010304
4,5204.201,grad,16143449088
4,5205.452,grad,16060677120
4,5207.166,noise,15979082752
4,5208.443,noise,15979082752
4,5209.722,noise,15979082752
4,5210.957,noise,15980295168
4,5212.192,noise,15980753920
4,5213.429,noise,15980753920
4,5214.704,noise,15982490624
4,5215.946,noise,15982490624
4,5217.173,noise,15983703040
4,5218.407,noise,15983965184
4,5219.665,noise,15984423936
4,5220.909,noise,15984882688
4,5222.137,noise,15985144832
4,5223.362,noise,15986357248
4,5224.618,noise,15986586624
4,5225.867,noise,15986816000
4,5227.092,noise,15988028416
4,5228.319,noise,15988257792
4,5229.552,noise,15988257792
4,5230.825,noise,15989699584
4,5232.073,noise,15990191104
4,5233.309,noise,15990649856
4,5234.544,noise,15990912000
4,5235.815,noise,15990912000
4,5237.046,noise,15992353792
4,5238.272,noise,15992583168
4,5239.509,noise,15992583168
4,5240.791,noise,15994024960
4,5242.024,noise,15994024960
4,5243.248,noise,15995237376
4,5244.476,noise,15995728896
4,5245.75,noise,15996187648
4,5246.988,noise,15996679168
4,5248.212,noise,15996679168
4,5249.437,noise,15997891584
4,5250.704,noise,15998350336
4,5251.948,noise,15998350336
4,5253.186,noise,15999792128
4,5254.438,noise,15999792128
4,5255.729,noise,16001004544
4,5256.989,noise,16001496064
4,5258.217,noise,16001954816
4,5259.448,noise,16002446336
4,5260.72,noise,16002446336
4,5261.949,noise,16003658752
4,5263.176,noise,16004117504
4,5264.406,noise,16004117504
4,5265.641,noise,16005559296
4,5266.88,noise,16005559296
4,5268.123,noise,16007984128
4,5269.355,noise,16007033856
4,5270.595,noise,16007492608
4,5271.836,noise,16007951360
4,5273.065,noise,16008213504
4,5274.293,noise,16009425920
4,5275.529,noise,16009655296
4,5276.783,noise,16009884672
4,5278.008,noise,16011097088
4,5279.235,noise,16011326464
4,5280.484,noise,16011326464
4,5281.734,noise,16012768256
4,5282.964,noise,16013030400
4,5284.196,noise,16013489152
4,5285.428,noise,16013980672
4,5286.672,noise,16013980672
4,5287.901,noise,16015193088
4,5289.135,noise,16015651840
4,5290.373,noise,16015651840
4,5291.609,noise,16017093632
4,5292.842,noise,16017093632
4,5294.076,noise,16018306048
4,5295.305,noise,16018568192
4,5296.545,noise,16019256320
4,5297.797,noise,16019715072
4,5299.024,noise,16019747840
4,5300.251,noise,16020960256
4,5301.494,noise,16021517312
4,5302.746,noise,16021517312
4,5303.971,noise,16022729728
4,5305.211,noise,16022959104
4,5306.448,noise,16022959104
4,5307.708,noise,16024400896
4,5308.941,noise,16024892416
4,5310.172,noise,16025351168
4,5311.413,noise,16025613312
4,5312.64,noise,16025613312
4,5313.985,noise,16027284480
4,5315.259,noise,16027284480
4,5316.538,noise,16027284480
4,5317.824,noise,16028726272
4,5319.079,noise,16028726272
4,5320.345,noise,16030299136
4,5321.622,noise,16030790656
4,5322.885,noise,16031249408
4,5324.15,noise,16031740928
4,5325.393,noise,16031740928
4,5326.688,noise,16032953344
4,5327.966,noise,16033412096
4,5329.226,noise,16033412096
4,5330.509,noise,16034853888
4,5331.793,noise,16034853888
4,5333.025,noise,16036066304
4,5334.257,noise,16036557824
4,5335.486,noise,16037016576
4,5336.762,noise,16037508096
4,5337.993,noise,16037508096
4,5339.221,noise,16038720512
4,5340.47,noise,16039179264
4,5341.743,noise,16039179264
4,5342.976,noise,16041210880
4,5344.213,noise,16040981504
4,5345.491,noise,16042193920
4,5346.773,noise,16042456064
4,5348.011,noise,16042914816
4,5349.238,noise,16043373568
4,5350.469,noise,16043635712
4,5351.763,noise,16044848128
4,5353.007,noise,16045077504
4,5354.242,noise,16045306880
4,5355.467,noise,16046519296
4,5356.737,noise,16046748672
4,5357.973,noise,16046748672
4,5359.227,noise,16048190464
4,5360.455,noise,16048681984
4,5361.691,noise,16049140736
4,5362.932,noise,16049402880
4,5364.16,noise,16049402880
4,5365.385,noise,16050975744
4,5366.617,noise,16051434496
4,5367.855,noise,16051434496
4,5369.079,noise,16052876288
4,5370.307,noise,16052876288
4,5371.534,noise,16054088704
4,5372.802,noise,16054350848
4,5374.037,noise,16054809600
4,5375.263,noise,16055268352
4,5376.493,noise,16055530496
4,5377.759,noise,16056742912
4,5378.99,noise,16056972288
4,5380.218,noise,16057201664
4,5381.446,noise,16058414080
4,5382.708,noise,16058643456
4,5383.938,noise,16058643456
4,5385.172,noise,16060085248
4,5386.419,noise,16060347392
4,5387.675,noise,16060806144
4,5388.91,noise,16061297664
4,5390.133,noise,16061297664
4,5391.366,noise,16062510080
4,5392.602,noise,16062968832
4,5393.837,noise,16062968832
4,5395.061,noise,16064410624
4,5396.289,noise,16064410624
4,5397.545,noise,16068047872
4,5398.795,noise,16065885184
4,5400.023,noise,16066343936
4,5401.246,noise,16066802688
4,5402.509,noise,16067064832
4,5403.771,noise,16068277248
4,5404.998,noise,16068506624
4,5406.224,noise,16068736000
4,5407.449,noise,16069948416
4,5408.698,noise,16070177792
4,5409.922,noise,16070177792
4,5411.147,noise,16071390208
4,5412.413,noise,16071881728
4,5413.753,noise,16072340480
4,5415.188,noise,16072832000
4,5416.63,noise,16072832000
4,5418.058,noise,16074732544
4,5419.459,noise,16074503168
4,5420.869,noise,16074503168
4,5422.281,noise,16075944960
4,5423.687,noise,16075944960
4,5425.082,noise,16077386752
4,5426.529,noise,16077648896
4,5427.932,noise,16078107648
4,5429.203,noise,16078599168
4,5430.453,noise,16078599168
4,5431.721,noise,16079811584
4,5432.987,noise,16080270336
4,5434.334,noise,16080270336
4,5435.639,noise,16081941504
4,5437.14,noise,16081712128
4,5438.507,noise,16082924544
4,5439.817,noise,16083416064
4,5441.056,noise,16083874816
4,5442.301,noise,16084366336
4,5443.533,noise,16084366336
4,5444.79,noise,16085578752
4,5446.031,noise,16086037504
4,5447.267,noise,16086037504
4,5448.515,noise,16087479296
4,5449.757,noise,16087479296
4,5450.987,noise,16088691712
4,5452.213,noise,16088953856
4,5453.438,noise,16089412608
4,5454.692,noise,16089871360
4,5455.939,noise,16090133504
4,5457.165,noise,16091345920
4,5458.387,noise,16091935744
4,5459.601,noise,16092165120
4,5460.834,noise,16093377536
4,5462.071,noise,16093606912
4,5463.298,noise,16093606912
4,5464.531,noise,16095048704
4,5465.792,noise,16095310848
4,5467.025,noise,16095998976
4,5468.253,noise,16096261120
4,5469.479,noise,16096261120
4,5470.713,noise,16097702912
4,5471.942,noise,16097932288
4,5473.169,noise,16097932288
4,5474.414,noise,16099374080
4,5475.638,noise,16099374080
4,5476.864,noise,16100586496
4,5478.09,noise,16101078016
4,5479.313,noise,16101536768
4,5480.54,noise,16102028288
4,5481.78,noise,16102028288
4,5483.001,noise,16103240704
4,5484.23,noise,16103699456
4,5485.46,noise,16103699456
4,5486.702,noise,16105141248
4,5487.935,noise,16105141248
4,5489.163,noise,16106353664
4,5490.398,noise,16106615808
4,5491.627,noise,16107074560
4,5492.863,noise,16107533312
4,5494.096,noise,16107795456
4,5495.32,noise,16109007872
4,5496.542,noise,16109237248
4,5497.786,noise,16109466624
4,5499.007,noise,16110679040
4,5500.242,noise,16110908416
4,5501.468,noise,16110908416
4,5502.739,noise,16112350208
4,5503.968,noise,16112841728
4,5505.2,noise,16113300480
4,5506.426,noise,16113562624
4,5507.662,noise,16113562624
4,5508.884,noise,16114775040
4,5510.113,noise,16115233792
4,5511.337,noise,16115233792
4,5512.564,noise,16116675584
4,5513.811,noise,16116675584
4,5515.046,noise,16117888000
4,5516.275,noise,16118150144
4,5517.503,noise,16118608896
4,5518.746,noise,16119067648
4,5519.972,noise,16119329792
4,5521.196,noise,16120542208
4,5522.418,noise,16120771584
4,5523.662,noise,16121000960
4,5524.885,noise,16122213376
4,5526.114,noise,16122803200
4,5527.336,noise,16122803200
4,5528.558,noise,16124244992
4,5529.8,noise,16124507136
4,5531.049,noise,16125195264
4,5532.277,noise,16125457408
4,5533.5,noise,16125457408
4,5534.736,noise,16126899200
4,5535.966,noise,16127128576
4,5537.19,noise,16127128576
4,5538.41,noise,16128799744
4,5539.636,noise,16128570368
4,5540.866,noise,16130995200
4,5542.093,noise,16130044928
4,5543.321,noise,16130503680
4,5544.591,noise,16130962432
4,5545.832,noise,16131224576
4,5547.081,noise,16131224576
4,5548.311,noise,16132666368
4,5549.534,noise,16132895744
4,5550.772,noise,16134108160
4,5551.996,noise,16134337536
4,5553.221,noise,16134337536
4,5554.445,noise,16135779328
4,5555.689,noise,16136041472
4,5556.913,noise,16136500224
4,5558.145,noise,16136991744
4,5559.371,noise,16136991744
4,5560.597,noise,16138204160
4,5561.833,noise,16138662912
4,5563.058,noise,16138662912
4,5564.279,noise,16140334080
4,5565.505,noise,16140104704
4,5566.743,noise,16141317120
4,5567.971,noise,16141579264
4,5569.536,noise,16142038016
4,5570.797,noise,16142496768
4,5572.033,noise,16087970816
4,5573.942,optimizer,15979049984
4,5575.211,optimizer,15983222784
4,5576.448,optimizer,15982384640
4,5577.69,optimizer,15983880704
4,5578.925,optimizer,15984223744
4,5580.156,optimizer,15984891904
4,5581.392,optimizer,15985641472
4,5582.625,optimizer,15987930624
4,5583.872,optimizer,15989465088
4,5585.121,optimizer,15992209408
4,5586.375,optimizer,15990326784
4,5587.612,optimizer,15991027200
4,5588.85,optimizer,15991548928
4,5590.089,optimizer,15994066944
4,5591.32,optimizer,15996810752
4,5592.554,optimizer,15997375488
4,5593.801,optimizer,15996672512
4,5595.035,optimizer,15997404672
4,5596.269,optimizer,15997685760
4,5597.507,optimizer,15999676416
4,5598.771,optimizer,16001991680
4,5600.009,optimizer,16002527744
4,5601.242,optimizer,16003079168
4,5602.479,optimizer,16003540480
4,5603.739,optimizer,16004911104
4,5604.97,optimizer,16005826048
4,5606.2,optimizer,16007358976
4,5607.429,optimizer,16008697856
4,5608.668,optimizer,16009186816
4,5609.896,optimizer,16009947136
4,5611.128,optimizer,16012226560
4,5612.361,optimizer,16013020160
4,5613.592,optimizer,16015841792
4,5614.828,optimizer,16014865920
4,5616.057,optimizer,16015565824
4,5617.284,optimizer,16016348160
4,5618.516,optimizer,16018606080
4,5619.772,optimizer,16022562816
4,5621.001,optimizer,16021943296
4,5622.265,optimizer,16021441024
4,5623.498,optimizer,16021944320
4,5624.75,optimizer,16022059520
4,5626.016,optimizer,16023986176
4,5627.252,optimizer,16026516992
4,5628.499,optimizer,16027525632
4,5629.759,optimizer,16027590656
4,5631.011,optimizer,16028308480
4,5632.243,optimizer,16029601792
4,5633.492,optimizer,16030365184
4,5634.739,optimizer,16032956416
4,5635.968,optimizer,16033238016
4,5637.194,optimizer,16033954304
4,5638.421,optimizer,16034458624
4,5639.66,optimizer,16039189504
4,5640.911,optimizer,16037559296
4,5642.158,optimizer,16041287168
4,5643.419,optimizer,16039419392
4,5644.665,optimizer,16040563200
4,5645.898,optimizer,16040628736
4,5647.129,optimizer,16042161152
4,5648.358,optimizer,16044907008
4,5649.591,optimizer,16046455296
4,5650.841,optimizer,16045979648
4,5652.09,optimizer,16046483456
4,5653.342,optimizer,16046631936
4,5654.611,optimizer,16048568320
4,5655.861,optimizer,16051285504
4,5657.114,optimizer,16051835392
4,5658.346,optimizer,16052129792
4,5659.585,optimizer,16052618240
4,5660.826,optimizer,16053914112
4,5662.056,optimizer,16054675968
4,5663.309,optimizer,16056797696
4,5664.561,optimizer,16057906176
4,5665.824,optimizer,16058397184
4,5667.062,optimizer,16058884096
4,5668.315,optimizer,16060179968
4,5669.544,optimizer,16060941824
4,5670.801,optimizer,16062703104
4,5672.036,optimizer,16064041472
4,5673.265,optimizer,16064530944
4,5674.493,optimizer,16065262592
4,5675.749,optimizer,16067603456
4,5676.98,optimizer,16067534336
4,5678.208,optimizer,16070047744
4,5679.44,optimizer,16070177280
4,5680.69,optimizer,16070894080
4,5681.924,optimizer,16071397888
4,5683.149,optimizer,16077178368
4,5684.397,optimizer,16074499072
4,5685.638,optimizer,16078063616
4,5686.879,optimizer,16077654528
4,5688.111,optimizer,16078094336
4,5689.545,optimizer,16078875648
4,5690.8,optimizer,16081133056
4,5692.031,optimizer,16082666496
4,5693.264,optimizer,16084427776
4,5694.492,optimizer,16083543552
4,5695.736,optimizer,16084456960
4,5696.97,optimizer,16084752384
4,5698.221,optimizer,16087282176
4,5699.452,optimizer,16090470912
4,5700.691,optimizer,16090577408
4,5701.944,optimizer,16090332160
4,5703.175,optimizer,16090607616
4,5704.406,optimizer,16091934208
4,5705.635,optimizer,16092691456
4,5706.873,optimizer,16096228352
4,5708.101,optimizer,16097072128
4,5709.336,optimizer,16097302016
4,5710.567,optimizer,16098477568
4,5711.814,optimizer,16099162624
4,5713.065,optimizer,16100076032
4,5714.301,optimizer,16102668288
4,5715.533,optimizer,16102981120
4,5716.786,optimizer,16104123904
4,5718.044,optimizer,16104169984
4,5719.274,optimizer,16108900352
4,5720.505,optimizer,16107270144
4,5721.748,optimizer,16109786624
4,5722.977,optimizer,16109158400
4,5724.226,optimizer,16110273536
4,5725.452,optimizer,16110339584
4,5726.691,optimizer,16112101376
4,5727.918,optimizer,16114618368
4,5729.148,optimizer,16116166144
4,5730.373,optimizer,16115733504
4,5731.606,optimizer,16116438528
4,5732.838,optimizer,16117489152
4,5734.063,optimizer,16118251520
4,5735.29,optimizer,16120013312
4,5736.517,optimizer,16121352704
4,5737.759,optimizer,16121855488
4,5739.009,optimizer,16122559488
4,5740.238,optimizer,16124879872
4,5741.465,optimizer,16125825024
4,5742.707,optimizer,16127283712
4,5743.942,optimizer,16127519232
4,5745.192,optimizer,16128221184
4,5746.448,optimizer,16128742400
4,5747.688,optimizer,16131259392
4,5748.918,optimizer,16132792320
4,5750.149,optimizer,16134583296
4,5751.378,optimizer,16134094848
4,5752.607,optimizer,16134598656
4,5753.841,optimizer,16134747136
4,5755.071,optimizer,16136640512
4,5756.302,optimizer,16139172352
4,5757.53,optimizer,16140179968
4,5758.774,optimizer,16140244992
4,5760.003,optimizer,16140732928
4,5761.231,optimizer,16142180352
4,5762.474,optimizer,16143150080
4,5763.713,optimizer,16145742848
4,5764.946,optimizer,16146057728
4,5766.174,optimizer,16147198464
4,5767.402,optimizer,16147244032
4,5768.629,optimizer,16149551104
4,5769.882,optimizer,16150344192
4,5771.13,optimizer,16153089536
4,5772.376,optimizer,16152190976
4,5773.607,optimizer,16152890880
4,5774.842,optimizer,16153414656
4,5776.072,optimizer,16155675648
4,5777.317,optimizer,16153709056
4,5778.546,optimizer,16153250816
4,5779.792,optimizer,16153250816
4,5781.023,optimizer,16153250304
4,5782.254,optimizer,16153316352
4,5783.486,optimizer,16153250816
4,5784.74,optimizer,16154167808
4,5785.979,optimizer,16153709056
4,5787.211,optimizer,16153709056
4,5788.46,optimizer,16153315840
4,5789.709,optimizer,16153250304
4,5790.959,optimizer,16155675136
4,5792.186,optimizer,16153250304
4,5793.42,optimizer,16153250816
4,5794.661,optimizer,16153709568
4,5795.938,optimizer,16153250304
4,5797.174,optimizer,16155675136
4,5798.407,optimizer,16153250304
4,5799.663,optimizer,16153709056
4,5800.892,optimizer,16153709056
4,5802.153,optimizer,16153709568
4,5803.384,optimizer,16153709568
4,5804.611,optimizer,16153250816
4,5805.845,optimizer,16153250816
4,5807.072,optimizer,16155675648
4,5808.301,optimizer,16155675136
4,5809.55,optimizer,16153250816
4,5810.797,optimizer,16155675136
4,5812.039,optimizer,16153709568
4,5813.276,optimizer,16153250304
4,5814.539,optimizer,16154464256
4,5815.833,optimizer,16164786176
4,5817.075,optimizer,16179564032
4,5818.312,optimizer,16189198336
4,5819.544,optimizer,16199028736
4,5820.786,optimizer,16208171008
4,5822.027,optimizer,16218034176
4,5823.275,optimizer,16229371904
4,5824.57,optimizer,16243822592
4,5825.833,optimizer,16257290240
4,5827.08,optimizer,16270134784
4,5828.311,optimizer,16284782592
4,5829.563,optimizer,16299528192
4,5830.812,optimizer,16313224704
4,5832.041,optimizer,16241591808
4,5833.279,optimizer,16153445376
4,5834.516,optimizer,16173827072
4,5835.788,optimizer,16204104704
4,5837.021,optimizer,16233202688
4,5838.253,optimizer,16262857728
4,5839.487,optimizer,16295265280
4,5840.734,optimizer,16287466496
4,5842.082,optimizer,16153052160
4,5843.315,optimizer,16177464320
4,5844.543,optimizer,16206660608
4,5845.801,optimizer,16235725824
4,5847.033,optimizer,16267052032
4,5848.277,optimizer,16297362432
4,5849.514,optimizer,16271901696
4,5850.769,optimizer,16134472704
4,5852.145,optimizer,16006448128
4,5853.378,optimizer,15985882624
4,5854.606,optimizer,15982252544
4,5855.852,optimizer,15978624512
4,5857.151,optimizer,15978624000
4,5858.383,optimizer,15978624000
4,5859.609,optimizer,15978624000
4,5860.857,optimizer,15978624000
