step,t_ms,phase,alloc_bytes
3,2.632,grad,16977075712
3,3.99,grad,16977075712
3,5.258,grad,16977075712
3,6.527,grad,16978288128
3,7.778,grad,17003257344
3,9.034,grad,17030192640
3,10.307,grad,17059487232
3,11.584,grad,17088093696
3,12.839,grad,17117388288
3,14.126,grad,17140004864
3,15.437,grad,17140040704
3,16.7,grad,17140077056
3,18.21,grad,17140103680
3,19.49,grad,17140137984
3,20.759,grad,17140174336
3,22.608,grad,17140200960
3,23.916,grad,17140056064
3,25.98,grad,17140000256
3,27.253,grad,17140000256
3,28.503,grad,17140000256
3,29.747,grad,17140000256
3,30.993,grad,17140000256
3,32.24,grad,17140000256
3,33.486,grad,17140000256
3,34.729,grad,17140000256
3,35.995,grad,17140000256
3,37.249,grad,17140000256
3,38.504,grad,17140000256
3,39.755,grad,17140000256
3,41.009,grad,17140000256
3,42.265,grad,17140000256
3,43.513,grad,17140000256
3,44.762,grad,17140000256
3,46.037,grad,17140000256
3,47.301,grad,17140000256
3,48.548,grad,17140000256
3,49.793,grad,17140000256
3,51.039,grad,17140000256
3,52.303,grad,17140000256
3,53.57,grad,17140000256
3,54.824,grad,17140000256
3,56.102,grad,17140000256
3,57.374,grad,17140000256
3,58.623,grad,17140000256
3,59.869,grad,17140000256
3,61.109,grad,17140000256
3,62.362,grad,17140000256
3,63.598,grad,17140000256
3,64.84,grad,17140000256
3,66.096,grad,17140000256
3,67.372,grad,17140000256
3,68.628,grad,17140000256
3,69.869,grad,17140000256
3,71.106,grad,17140000256
3,72.357,grad,17140000256
3,73.602,grad,17140000256
3,74.847,grad,17140000256
3,76.102,grad,17140000256
3,77.361,grad,17140000256
3,78.61,grad,17140000256
3,79.858,grad,17140000256
3,81.108,grad,17140000256
3,82.364,grad,17140000256
3,83.602,grad,17140000256
3,84.851,grad,17140000256
3,86.113,grad,17140000256
3,87.378,grad,17140000256
3,88.625,grad,17140000256
3,89.868,grad,17140000256
3,91.114,grad,17140000256
3,92.369,grad,17140000256
3,93.626,grad,17140000256
3,94.88,grad,17140000256
3,96.147,grad,17140000256
3,97.415,grad,17140000256
3,98.656,grad,17140000256
3,99.898,grad,17140000256
3,101.134,grad,17140000256
3,102.381,grad,17140000256
3,103.621,grad,17140000256
3,104.858,grad,17140000256
3,106.127,grad,17140000256
3,107.395,grad,17140000256
3,108.635,grad,17140000256
3,109.873,grad,17140000256
3,111.111,grad,17140000256
3,112.37,grad,17140000256
3,113.612,grad,17140000256
3,114.847,grad,17140000256
3,116.088,grad,17140000256
3,117.358,grad,17140000256
3,118.607,grad,17140000256
3,119.852,grad,17140000256
3,121.099,grad,17140000256
3,122.363,grad,17140000256
3,123.607,grad,17140000256
3,124.843,grad,17140000256
3,126.095,grad,17140000256
3,127.371,grad,17140000256
3,128.614,grad,17140000256
3,129.853,grad,17140000256
3,131.089,grad,17140000256
3,132.345,grad,17140000256
3,133.584,grad,17140000256
3,134.824,grad,17140000256
3,136.065,grad,17140000256
3,137.344,grad,17140000256
3,138.592,grad,17140000256
3,139.829,grad,17140000256
3,141.062,grad,17140000256
3,142.297,grad,17140000256
3,143.539,grad,17140000256
3,144.785,grad,17140000256
3,146.036,grad,17140000256
3,147.293,grad,17140000256
3,148.545,grad,17140000256
3,149.784,grad,17140000256
3,151.029,grad,17140000256
3,152.266,grad,17140000256
3,153.513,grad,17140000256
3,154.754,grad,17140000256
3,156.001,grad,17140000256
3,157.26,grad,17140000256
3,158.518,grad,17140000256
3,159.762,grad,17140000256
3,161.015,grad,17140000256
3,162.27,grad,17140000256
3,163.518,grad,17140000256
3,164.757,grad,17140000256
3,166.0,grad,17140000256
3,167.258,grad,17140000256
3,168.514,grad,17140000256
3,169.757,grad,17140000256
3,171.003,grad,17140000256
3,172.241,grad,17140000256
3,173.487,grad,17140000256
3,174.739,grad,17140000256
3,175.983,grad,17140000256
3,177.25,grad,17140000256
3,178.511,grad,17140000256
3,179.763,grad,17140000256
3,181.033,grad,17140000256
3,182.28,grad,17140000256
3,183.525,grad,17140000256
3,184.764,grad,17140000256
3,186.007,grad,17140000256
3,187.263,grad,17140000256
3,188.515,grad,17140000256
3,189.759,grad,17140000256
3,191.012,grad,17140000256
3,192.264,grad,17140000256
3,193.529,grad,17140000256
3,194.773,grad,17140000256
3,196.021,grad,17140000256
3,197.279,grad,17140000256
3,198.533,grad,17140000256
3,199.779,grad,17140000256
3,201.032,grad,17140000256
3,202.278,grad,17140000256
3,203.529,grad,17140000256
3,204.766,grad,17140000256
3,206.026,grad,17140000256
3,207.284,grad,17140000256
3,208.539,grad,17140000256
3,209.777,grad,17140000256
3,211.014,grad,17140000256
3,212.252,grad,17140000256
3,213.493,grad,17140000256
3,214.738,grad,17140000256
3,215.986,grad,17140000256
3,217.244,grad,17140000256
3,218.498,grad,17140000256
3,219.739,grad,17140000256
3,220.979,grad,17140000256
3,222.221,grad,17140000256
3,223.476,grad,17140000256
3,224.712,grad,17140000256
3,225.946,grad,17140000256
3,227.218,grad,17140000256
3,228.493,grad,17140000256
3,229.757,grad,17140000256
3,231.002,grad,17140000256
3,232.242,grad,17140000256
3,233.491,grad,17140000256
3,234.73,grad,17140000256
3,235.965,grad,17140000256
3,237.206,grad,17140000256
3,238.482,grad,17140000256
3,239.729,grad,17140000256
3,240.983,grad,17140000256
3,242.248,grad,17140000256
3,243.498,grad,17140000256
3,244.74,grad,17140000256
3,245.99,grad,17140000256
3,247.257,grad,17140000256
3,248.528,grad,17140000256
3,249.772,grad,17140000256
3,251.014,grad,17140000256
3,252.255,grad,17140000256
3,253.499,grad,17140000256
3,254.736,grad,17140000256
3,255.974,grad,17140000256
3,257.229,grad,17140000256
3,258.512,grad,17140000256
3,259.759,grad,17140000256
3,261.02,grad,17140000256
3,262.26,grad,17140000256
3,263.505,grad,17140000256
3,264.741,grad,17140000256
3,265.984,grad,17140000256
3,267.256,grad,17140000256
3,268.537,grad,17140000256
3,269.799,grad,17140000256
3,271.071,grad,17140000256
3,272.345,grad,17140000256
3,273.607,grad,17140000256
3,274.854,grad,17140000256
3,276.099,grad,17140000256
3,277.37,grad,17140000256
3,278.635,grad,17140000256
3,279.879,grad,17140000256
3,281.121,grad,17140000256
3,282.386,grad,17140000256
3,283.664,grad,17140000256
3,284.917,grad,17140000256
3,286.152,grad,17140000256
3,287.423,grad,17140000256
3,288.691,grad,17140000256
3,289.953,grad,17140000256
3,291.202,grad,17140000256
3,292.489,grad,17140000256
3,293.866,grad,17140000256
3,295.186,grad,17140000256
3,296.49,grad,17140000256
3,297.741,grad,17140000256
3,299.001,grad,17140000256
3,300.258,grad,17140000256
3,301.51,grad,17140000256
3,302.756,grad,17140000256
3,304.023,grad,17140000256
3,305.274,grad,17140000256
3,306.531,grad,17140000256
3,307.784,grad,17140000256
3,309.045,grad,17140000256
3,310.292,grad,17140000256
3,311.538,grad,17140000256
3,312.784,grad,17140000256
3,314.029,grad,17140000256
3,315.267,grad,17140000256
3,316.51,grad,17140000256
3,317.763,grad,17140000256
3,319.026,grad,17140000256
3,320.278,grad,17140000256
3,321.538,grad,17140000256
3,322.803,grad,17140000256
3,324.053,grad,17140000256
3,325.295,grad,17140000256
3,326.537,grad,17140000256
3,327.783,grad,17140000256
3,329.046,grad,17140000256
3,330.321,grad,17140000256
3,331.568,grad,17140000256
3,332.809,grad,17140000256
3,334.047,grad,17140000256
3,335.286,grad,17140000256
3,336.534,grad,17140000256
3,337.78,grad,17140000256
3,339.035,grad,17140000256
3,340.277,grad,17140000256
3,341.525,grad,17140000256
3,342.764,grad,17140000256
3,344.0,grad,17140000256
3,345.245,grad,17140000256
3,346.489,grad,17140000256
3,347.731,grad,17140000256
3,348.989,grad,17140000256
3,350.229,grad,17140000256
3,351.485,grad,17140000256
3,352.723,grad,17140000256
3,353.968,grad,17140000256
3,355.214,grad,17140000256
3,356.469,grad,17140000256
3,357.717,grad,17140000256
3,358.977,grad,17140000256
3,360.246,grad,17140000256
3,361.502,grad,17140000256
3,362.743,grad,17140000256
3,364.008,grad,17140000256
3,365.258,grad,17140000256
3,366.519,grad,17140000256
3,367.772,grad,17140000256
3,369.037,grad,17140000256
3,370.283,grad,17140000256
3,371.533,grad,17140000256
3,372.77,grad,17140000256
3,374.01,grad,17140000256
3,375.26,grad,17140000256
3,376.518,grad,17140000256
3,377.771,grad,17140000256
3,379.029,grad,17140000256
3,380.283,grad,17140000256
3,381.539,grad,17140000256
3,382.803,grad,17140000256
3,384.053,grad,17140000256
3,385.29,grad,17140000256
3,386.535,grad,17140000256
3,387.787,grad,17140000256
3,389.056,grad,17140000256
3,390.315,grad,17140000256
3,391.566,grad,17140000256
3,392.829,grad,17140000256
3,394.114,grad,17140000256
3,395.379,grad,17140000256
3,396.627,grad,17140000256
3,397.87,grad,17140000256
3,399.155,grad,17140000256
3,400.437,grad,17140000256
3,401.695,grad,17140000256
3,402.948,grad,17140000256
3,404.199,grad,17140000256
3,405.459,grad,17140000256
3,406.703,grad,17140000256
3,407.948,grad,17140000256
3,409.212,grad,17140000256
3,410.48,grad,17140000256
3,411.72,grad,17140000256
3,412.958,grad,17140000256
3,414.209,grad,17140000256
3,415.464,grad,17140000256
3,416.719,grad,17140000256
3,417.966,grad,17140000256
3,419.225,grad,17140000256
3,420.496,grad,17140000256
3,421.738,grad,17140000256
3,422.972,grad,17140000256
3,424.211,grad,17140000256
3,425.467,grad,17140000256
3,426.71,grad,17140000256
3,427.958,grad,17140000256
3,429.208,grad,17140000256
3,430.481,grad,17140000256
3,431.721,grad,17140000256
3,432.939,grad,17140000256
3,434.182,grad,17140000256
3,435.447,grad,17140000256
3,436.689,grad,17140000256
3,437.926,grad,17140000256
3,439.197,grad,17140000256
3,440.478,grad,17140000256
3,441.734,grad,17140000256
3,442.989,grad,17140000256
3,444.244,grad,17140000256
3,445.493,grad,17140000256
3,446.732,grad,17140000256
3,447.967,grad,17140000256
3,449.244,grad,17140000256
3,450.509,grad,17140000256
3,451.751,grad,17140000256
3,453.439,grad,17140000256
3,454.695,grad,17164379648
3,455.954,grad,17193215488
3,457.207,grad,17218938368
3,458.479,grad,17246201344
3,459.744,grad,17274906112
3,460.998,grad,17303643648
3,462.251,grad,17303679488
3,463.512,grad,17303716352
3,464.764,grad,17303752704
3,466.013,grad,17303776256
3,467.27,grad,17303812096
3,469.382,grad,17303846400
3,470.678,grad,17330388480
3,471.935,grad,17332551168
3,473.209,grad,17332551168
3,474.5,grad,17333009920
3,475.754,grad,17333009920
3,477.003,grad,17333009920
3,478.275,grad,17333009920
3,479.585,grad,17333009920
3,480.861,grad,17334255104
3,482.12,grad,17334255104
3,483.405,grad,17334255104
3,484.664,grad,17334255104
3,485.911,grad,17334255104
3,487.155,grad,17334713856
3,488.427,grad,17334713856
3,489.704,grad,17334713856
3,490.967,grad,17334713856
3,492.222,grad,17334713856
3,493.499,grad,17334713856
3,494.756,grad,17336155648
3,496.002,grad,17336155648
3,497.246,grad,17336155648
3,498.493,grad,17336155648
3,499.771,grad,17336155648
3,501.026,grad,17337597440
3,502.273,grad,17337597440
3,503.526,grad,17337597440
3,504.785,grad,17337597440
3,506.031,grad,17337597440
3,507.267,grad,17337859584
3,508.516,grad,17337859584
3,509.799,grad,17337859584
3,511.059,grad,17337859584
3,512.357,grad,17337859584
3,513.613,grad,17337859584
3,514.87,grad,17338318336
3,516.117,grad,17338318336
3,517.373,grad,17338318336
3,518.629,grad,17338318336
3,519.912,grad,17338318336
3,521.178,grad,17338777088
3,522.46,grad,17338777088
3,523.714,grad,17338777088
3,524.975,grad,17338777088
3,526.22,grad,17338777088
3,527.481,grad,17340022272
3,528.741,grad,17340022272
3,530.028,grad,17340022272
3,531.281,grad,17340022272
3,532.534,grad,17340022272
3,533.785,grad,17340022272
3,535.042,grad,17340481024
3,536.284,grad,17340481024
3,537.534,grad,17340481024
3,538.778,grad,17340481024
3,540.057,grad,17340481024
3,541.253,grad,17341922816
3,542.501,grad,17341922816
3,543.743,grad,17341922816
3,545.01,grad,17341922816
3,546.285,grad,17341922816
3,547.534,grad,17343135232
3,548.787,grad,17343364608
3,550.076,grad,17343364608
3,551.339,grad,17343364608
3,552.584,grad,17343364608
3,553.835,grad,17343364608
3,555.093,grad,17343626752
3,556.357,grad,17343626752
3,557.597,grad,17343626752
3,558.847,grad,17343626752
3,560.112,grad,17343626752
3,561.389,grad,17344085504
3,562.648,grad,17344085504
3,563.904,grad,17344085504
3,565.169,grad,17344085504
3,566.454,grad,17344085504
3,567.697,grad,17344544256
3,568.943,grad,17344544256
3,570.208,grad,17344544256
3,571.48,grad,17344544256
3,572.722,grad,17344544256
3,573.967,grad,17344544256
3,575.219,grad,17345789440
3,576.484,grad,17345789440
3,577.725,grad,17345789440
3,578.969,grad,17345789440
3,580.22,grad,17345789440
3,581.489,grad,17346248192
3,582.735,grad,17346248192
3,583.982,grad,17346248192
3,585.248,grad,17346248192
3,586.505,grad,17346248192
3,587.743,grad,17346248192
3,588.986,grad,17347689984
3,590.26,grad,17347689984
3,591.521,grad,17347689984
3,592.801,grad,17347689984
3,594.159,grad,17347689984
3,595.471,grad,17349131776
3,596.735,grad,17349131776
3,597.987,grad,17349131776
3,599.258,grad,17349131776
3,600.559,grad,17349131776
3,601.836,grad,17349393920
3,603.105,grad,17349393920
3,604.383,grad,17349393920
3,605.648,grad,17349393920
3,606.909,grad,17349393920
3,608.163,grad,17349852672
3,609.436,grad,17349852672
3,610.72,grad,17349852672
3,612.016,grad,17349852672
3,613.27,grad,17349852672
3,614.518,grad,17349852672
3,615.782,grad,17350311424
3,617.051,grad,17350311424
3,618.256,grad,17350311424
3,619.503,grad,17350311424
3,620.771,grad,17350311424
3,622.025,grad,17351556608
3,623.276,grad,17351556608
3,624.519,grad,17351556608
3,625.763,grad,17351556608
3,627.007,grad,17351556608
3,628.258,grad,17352015360
3,629.524,grad,17352015360
3,630.837,grad,17352015360
3,632.093,grad,17352015360
3,633.357,grad,17352015360
3,634.601,grad,17352015360
3,635.852,grad,17353457152
3,637.163,grad,17353457152
3,638.502,grad,17353457152
3,639.775,grad,17353457152
3,641.062,grad,17353457152
3,642.431,grad,17354898944
3,643.703,grad,17354898944
3,644.973,grad,17354898944
3,646.244,grad,17354898944
3,647.513,grad,17354898944
3,648.821,grad,17354898944
3,650.13,grad,17354898944
3,651.417,grad,17354898944
3,652.667,grad,17354898944
3,653.916,grad,17354898944
3,655.164,grad,17354898944
3,656.42,grad,17354898944
3,657.67,grad,17355161088
3,658.921,grad,17355161088
3,660.191,grad,17355161088
3,661.486,grad,17355161088
3,662.745,grad,17355161088
3,663.993,grad,17355161088
3,665.247,grad,17355161088
3,666.496,grad,17355161088
3,667.754,grad,17355161088
3,669.002,grad,17355619840
3,670.266,grad,17355619840
3,671.535,grad,17356078592
3,672.784,grad,17356078592
3,674.043,grad,17356078592
3,675.294,grad,17356078592
3,676.536,grad,17356078592
3,677.792,grad,17357684224
3,679.041,grad,17358142976
3,680.316,grad,17358142976
3,681.601,grad,17358142976
3,682.852,grad,17358142976
3,684.104,grad,17358142976
3,685.369,grad,17359584768
3,686.615,grad,17359584768
3,687.865,grad,17361026560
3,689.138,grad,17361026560
3,690.426,grad,17361026560
3,691.688,grad,17361026560
3,692.945,grad,17361026560
3,694.198,grad,17361288704
3,695.455,grad,17361288704
3,696.704,grad,17361747456
3,697.947,grad,17361747456
3,699.201,grad,17361747456
3,700.474,grad,17361747456
3,701.739,grad,17361747456
3,703.002,grad,17362206208
3,704.259,grad,17363451392
3,705.498,grad,17363451392
3,706.741,grad,17363451392
3,707.983,grad,17363451392
3,709.247,grad,17363451392
3,710.5,grad,17363910144
3,711.907,grad,17363910144
3,713.24,grad,17365351936
3,714.505,grad,17365351936
3,715.769,grad,17365351936
3,717.032,grad,17365351936
3,718.296,grad,17365351936
3,719.566,grad,17366793728
3,720.83,grad,17366793728
3,722.119,grad,17367055872
3,723.416,grad,17367055872
3,724.696,grad,17367055872
3,725.946,grad,17367055872
3,727.208,grad,17367285248
3,728.471,grad,17367514624
3,729.732,grad,17367973376
3,731.011,grad,17367973376
3,732.29,grad,17367973376
3,733.549,grad,17367973376
3,734.801,grad,17367973376
3,736.046,grad,17369218560
3,737.321,grad,17369218560
3,738.568,grad,17369677312
3,739.821,grad,17369677312
3,741.066,grad,17369677312
3,742.352,grad,17369677312
3,743.609,grad,17369677312
3,744.852,grad,17371119104
3,746.115,grad,17372560896
3,747.42,grad,17372560896
3,748.667,grad,17372560896
3,749.911,grad,17372560896
3,751.158,grad,17372560896
3,752.439,grad,17372823040
3,753.698,grad,17372823040
3,754.955,grad,17373281792
3,756.211,grad,17373281792
3,757.466,grad,17373281792
3,758.711,grad,17373281792
3,759.959,grad,17373281792
3,761.247,grad,17373740544
3,762.551,grad,17373740544
3,763.823,grad,17374985728
3,765.082,grad,17374985728
3,766.366,grad,17374985728
3,767.625,grad,17374985728
3,768.881,grad,17374985728
3,770.129,grad,17375444480
3,771.389,grad,17376886272
3,772.664,grad,17376886272
3,773.95,grad,17376886272
3,775.245,grad,17376886272
3,776.502,grad,17376886272
3,777.749,grad,17378328064
3,779.014,grad,17378328064
3,780.292,grad,17378590208
3,781.556,grad,17378590208
3,782.838,grad,17378590208
3,784.087,grad,17378590208
3,785.348,grad,17378590208
3,786.599,grad,17379048960
3,787.843,grad,17379048960
3,789.089,grad,17379507712
3,790.362,grad,17379507712
3,791.612,grad,17379507712
3,792.869,grad,17379507712
3,794.115,grad,17379507712
3,795.386,grad,17380752896
3,796.63,grad,17381211648
3,797.871,grad,17381211648
3,799.116,grad,17381211648
3,800.39,grad,17381211648
3,801.662,grad,17381211648
3,802.939,grad,17382653440
3,804.188,grad,17382653440
3,805.447,grad,17384095232
3,806.706,grad,17384095232
3,807.965,grad,17384095232
3,809.22,grad,17384095232
3,810.477,grad,17384095232
3,811.725,grad,17384357376
3,812.993,grad,17384357376
3,814.275,grad,17384816128
3,815.542,grad,17384816128
3,816.815,grad,17384816128
3,818.064,grad,17384816128
3,819.325,grad,17385274880
3,820.569,grad,17385274880
3,821.836,grad,17386520064
3,823.151,grad,17386520064
3,824.508,grad,17386520064
3,825.772,grad,17386520064
3,827.021,grad,17386520064
3,828.271,grad,17386978816
3,829.524,grad,17386978816
3,830.778,grad,17388420608
3,832.031,grad,17388420608
3,833.255,grad,17388420608
3,834.519,grad,17388420608
3,835.771,grad,17388420608
3,837.018,grad,17390222848
3,838.276,grad,17390484992
3,839.564,grad,17390484992
3,840.833,grad,17390484992
3,842.106,grad,17390484992
3,843.413,grad,17390484992
3,844.669,grad,17390943744
3,845.918,grad,17390943744
3,847.17,grad,17391402496
3,848.439,grad,17391402496
3,849.687,grad,17391402496
3,850.939,grad,17391402496
3,852.19,grad,17391402496
3,853.489,grad,17392647680
3,854.749,grad,17392647680
3,856.007,grad,17393106432
3,857.251,grad,17393106432
3,858.499,grad,17393106432
3,859.745,grad,17393106432
3,861.0,grad,17393106432
3,862.274,grad,17394548224
3,863.545,grad,17395990016
3,864.792,grad,17395990016
3,866.041,grad,17395990016
3,867.288,grad,17395990016
3,868.539,grad,17395990016
3,869.79,grad,17396252160
3,871.04,grad,17396252160
3,872.27,grad,17396710912
3,873.536,grad,17396710912
3,874.788,grad,17396710912
3,876.04,grad,17396710912
3,877.287,grad,17396710912
3,878.541,grad,17397169664
3,879.789,grad,17397169664
3,881.056,grad,17398414848
3,882.353,grad,17398414848
3,883.622,grad,17398414848
3,884.877,grad,17398414848
3,886.149,grad,17398414848
3,887.419,grad,17398873600
3,888.668,grad,17400315392
3,889.927,grad,17400315392
3,891.174,grad,17400315392
3,892.442,grad,17400315392
3,893.709,grad,17400315392
3,894.95,grad,17401757184
3,896.191,grad,17401757184
3,897.45,grad,17402019328
3,898.695,grad,17402019328
3,899.944,grad,17402019328
3,901.19,grad,17402248704
3,902.47,grad,17426136576
3,903.753,grad,17460182528
3,905.016,grad,17378917888
3,906.283,grad,17256627712
3,907.546,grad,17140512256
3,910.447,grad,17140362752
3,911.721,grad,17140362752
3,912.97,grad,17140362752
3,914.27,grad,17141804544
3,915.534,grad,17169886720
3,916.785,grad,17197805056
3,918.046,grad,17223134720
3,919.304,grad,17251610112
3,920.6,grad,17280085504
3,921.89,grad,17303288320
3,923.179,grad,17303322112
3,924.519,grad,17303357952
3,925.789,grad,17303393792
3,927.141,grad,17303415296
3,928.411,grad,17303449600
3,929.683,grad,17303485952
3,930.936,grad,17303488000
3,932.203,grad,17332651520
3,933.492,grad,17332651520
3,934.751,grad,17332651520
3,935.998,grad,17332651520
3,937.247,grad,17332651520
3,938.49,grad,17332651520
3,939.735,grad,17333896704
3,940.988,grad,17333896704
3,942.243,grad,17333896704
3,943.501,grad,17333896704
3,944.769,grad,17333896704
3,946.029,grad,17334355456
3,947.278,grad,17334355456
3,948.531,grad,17334355456
3,949.781,grad,17334355456
3,951.033,grad,17334355456
3,952.277,grad,17335797248
3,953.538,grad,17335797248
3,954.812,grad,17335797248
3,956.062,grad,17335797248
3,957.322,grad,17335797248
3,958.577,grad,17335797248
3,959.827,grad,17337239040
3,961.083,grad,17337239040
3,962.356,grad,17337239040
3,963.62,grad,17337239040
3,964.88,grad,17337239040
3,966.131,grad,17337501184
3,967.409,grad,17337501184
3,968.652,grad,17337501184
3,969.894,grad,17337501184
3,971.136,grad,17337501184
3,972.393,grad,17337959936
3,973.638,grad,17337959936
3,974.895,grad,17337959936
3,976.142,grad,17337959936
3,977.401,grad,17337959936
3,978.644,grad,17337959936
3,979.88,grad,17338418688
3,981.118,grad,17338418688
3,982.364,grad,17338418688
3,983.607,grad,17338418688
3,984.86,grad,17338418688
3,986.111,grad,17339663872
3,987.366,grad,17339663872
3,988.609,grad,17339663872
3,989.857,grad,17339663872
3,991.099,grad,17339663872
3,992.35,grad,17339663872
3,993.603,grad,17340122624
3,994.864,grad,17340122624
3,996.106,grad,17340122624
3,997.359,grad,17340122624
3,998.629,grad,17340122624
3,999.878,grad,17341564416
3,1001.134,grad,17341564416
3,1002.451,grad,17341564416
3,1003.709,grad,17341564416
3,1004.968,grad,17341564416
3,1006.212,grad,17343006208
3,1007.474,grad,17343006208
3,1008.712,grad,17343006208
3,1009.964,grad,17343006208
3,1011.213,grad,17343006208
3,1012.501,grad,17343006208
3,1013.758,grad,17343268352
3,1015.019,grad,17343268352
3,1016.26,grad,17343268352
3,1017.506,grad,17343268352
3,1018.745,grad,17343268352
3,1019.988,grad,17343727104
3,1021.248,grad,17343727104
3,1022.519,grad,17343727104
3,1023.769,grad,17343727104
3,1025.025,grad,17343727104
3,1026.27,grad,17344185856
3,1027.527,grad,17344185856
3,1028.782,grad,17344185856
3,1030.052,grad,17344185856
3,1031.303,grad,17344185856
3,1032.56,grad,17344185856
3,1033.826,grad,17345791488
3,1035.108,grad,17345791488
3,1036.376,grad,17345791488
3,1037.628,grad,17345791488
3,1038.878,grad,17345791488
3,1040.126,grad,17346250240
3,1041.407,grad,17346250240
3,1042.691,grad,17346250240
3,1043.949,grad,17346250240
3,1045.212,grad,17346250240
3,1046.487,grad,17347692032
3,1047.738,grad,17347692032
3,1048.987,grad,17347692032
3,1050.244,grad,17347692032
3,1051.515,grad,17347692032
3,1052.771,grad,17347692032
3,1054.016,grad,17349133824
3,1055.272,grad,17349133824
3,1056.529,grad,17349133824
3,1057.771,grad,17349133824
3,1059.012,grad,17349133824
3,1060.259,grad,17349395968
3,1061.518,grad,17349395968
3,1062.776,grad,17349395968
3,1064.029,grad,17349395968
3,1065.283,grad,17349395968
3,1066.536,grad,17349395968
3,1067.782,grad,17349854720
3,1069.021,grad,17349854720
3,1070.259,grad,17349854720
3,1071.516,grad,17349854720
3,1072.78,grad,17349854720
3,1074.033,grad,17350313472
3,1075.29,grad,17350313472
3,1076.543,grad,17350313472
3,1077.784,grad,17350313472
3,1079.028,grad,17350313472
3,1080.258,grad,17351558656
3,1081.531,grad,17351558656
3,1082.812,grad,17351558656
3,1084.072,grad,17351558656
3,1085.353,grad,17351558656
3,1086.6,grad,17351558656
3,1087.842,grad,17352017408
3,1089.081,grad,17352017408
3,1090.34,grad,17352017408
3,1091.595,grad,17352017408
3,1092.859,grad,17352017408
3,1094.118,grad,17353459200
3,1095.413,grad,17353459200
3,1096.673,grad,17353459200
3,1097.928,grad,17353459200
3,1099.169,grad,17353459200
3,1100.429,grad,17354671616
3,1101.692,grad,17354900992
3,1102.957,grad,17354900992
3,1104.209,grad,17354900992
3,1105.498,grad,17354900992
3,1106.751,grad,17354900992
3,1107.996,grad,17354900992
3,1109.24,grad,17354900992
3,1110.484,grad,17354900992
3,1111.732,grad,17354900992
3,1112.992,grad,17354900992
3,1114.249,grad,17354900992
3,1115.508,grad,17354900992
3,1116.759,grad,17355163136
3,1117.999,grad,17355163136
3,1119.248,grad,17355163136
3,1120.504,grad,17355163136
3,1121.766,grad,17355163136
3,1123.04,grad,17355163136
3,1124.294,grad,17355163136
3,1125.55,grad,17355163136
3,1126.795,grad,17355163136
3,1128.044,grad,17355621888
3,1129.289,grad,17356080640
3,1130.538,grad,17356080640
3,1131.789,grad,17356080640
3,1133.052,grad,17356080640
3,1134.265,grad,17356080640
3,1135.522,grad,17357325824
3,1136.77,grad,17357325824
3,1138.012,grad,17357784576
3,1139.257,grad,17357784576
3,1140.51,grad,17357784576
3,1141.75,grad,17357784576
3,1143.023,grad,17357784576
3,1144.303,grad,17359226368
3,1145.587,grad,17359226368
3,1146.842,grad,17360668160
3,1148.086,grad,17360668160
3,1149.375,grad,17360668160
3,1150.631,grad,17360668160
3,1151.878,grad,17360668160
3,1153.15,grad,17360930304
3,1154.43,grad,17360930304
3,1155.699,grad,17361389056
3,1156.952,grad,17361389056
3,1158.197,grad,17361389056
3,1159.449,grad,17361389056
3,1160.692,grad,17361389056
3,1161.96,grad,17361847808
3,1163.244,grad,17363092992
3,1164.503,grad,17363092992
3,1165.759,grad,17363092992
3,1167.013,grad,17363092992
3,1168.252,grad,17363092992
3,1169.489,grad,17363551744
3,1170.726,grad,17363551744
3,1171.973,grad,17364993536
3,1173.227,grad,17364993536
3,1174.493,grad,17364993536
3,1175.747,grad,17364993536
3,1177.008,grad,17364993536
3,1178.246,grad,17366795776
3,1179.477,grad,17366795776
3,1180.706,grad,17367057920
3,1181.955,grad,17367057920
3,1183.216,grad,17367057920
3,1184.494,grad,17367057920
3,1185.766,grad,17367057920
3,1187.02,grad,17367516672
3,1188.262,grad,17367975424
3,1189.507,grad,17367975424
3,1190.745,grad,17367975424
3,1191.988,grad,17367975424
3,1193.261,grad,17367975424
3,1194.536,grad,17369220608
3,1195.814,grad,17369220608
3,1197.076,grad,17369679360
3,1198.338,grad,17369679360
3,1199.587,grad,17369679360
3,1200.839,grad,17369679360
3,1202.092,grad,17369679360
3,1203.362,grad,17371121152
3,1204.62,grad,17371121152
3,1205.889,grad,17372562944
3,1207.142,grad,17372562944
3,1208.395,grad,17372562944
3,1209.633,grad,17372562944
3,1210.868,grad,17372562944
3,1212.108,grad,17372825088
3,1213.403,grad,17373283840
3,1214.661,grad,17373283840
3,1215.936,grad,17373283840
3,1217.19,grad,17373283840
3,1218.449,grad,17373283840
3,1219.685,grad,17373742592
3,1220.93,grad,17373742592
3,1222.171,grad,17374987776
3,1223.424,grad,17374987776
3,1224.679,grad,17374987776
3,1225.932,grad,17374987776
3,1227.181,grad,17374987776
3,1228.441,grad,17375446528
3,1229.691,grad,17375446528
3,1230.934,grad,17376888320
3,1232.172,grad,17376888320
3,1233.424,grad,17376888320
3,1234.676,grad,17376888320
3,1235.929,grad,17376888320
3,1237.183,grad,17378330112
3,1238.451,grad,17378362880
3,1239.709,grad,17378592256
3,1240.966,grad,17378592256
3,1242.244,grad,17378592256
3,1243.499,grad,17378592256
3,1244.752,grad,17379051008
3,1246.022,grad,17379051008
3,1247.293,grad,17379509760
3,1248.536,grad,17379509760
3,1249.779,grad,17379509760
3,1251.019,grad,17379509760
3,1252.266,grad,17379509760
3,1253.51,grad,17380754944
3,1254.764,grad,17380754944
3,1256.018,grad,17381213696
3,1257.276,grad,17381213696
3,1258.514,grad,17381213696
3,1259.75,grad,17381213696
3,1260.99,grad,17381213696
3,1262.239,grad,17382655488
3,1263.482,grad,17384097280
3,1264.736,grad,17384097280
3,1265.99,grad,17384097280
3,1267.243,grad,17384097280
3,1268.485,grad,17384097280
3,1269.72,grad,17384130048
3,1270.964,grad,17384359424
3,1272.204,grad,17384818176
3,1273.461,grad,17384818176
3,1274.714,grad,17384818176
3,1275.969,grad,17384818176
3,1277.224,grad,17384818176
3,1278.482,grad,17385276928
3,1279.727,grad,17385276928
3,1281.008,grad,17386522112
3,1282.407,grad,17386522112
3,1283.688,grad,17386522112
3,1284.97,grad,17386522112
3,1286.268,grad,17386522112
3,1287.662,grad,17386980864
3,1288.948,grad,17388422656
3,1290.257,grad,17388422656
3,1291.53,grad,17388422656
3,1292.785,grad,17388422656
3,1294.059,grad,17388422656
3,1295.34,grad,17390224896
3,1296.611,grad,17390224896
3,1297.871,grad,17390487040
3,1299.115,grad,17390487040
3,1300.371,grad,17390487040
3,1301.61,grad,17390487040
3,1302.858,grad,17390487040
3,1304.126,grad,17390945792
3,1305.421,grad,17391404544
3,1306.702,grad,17391404544
3,1307.972,grad,17391404544
3,1309.225,grad,17391404544
3,1310.475,grad,17391404544
3,1311.712,grad,17392649728
3,1312.969,grad,17392649728
3,1314.249,grad,17393108480
3,1315.512,grad,17393108480
3,1316.786,grad,17393108480
3,1318.047,grad,17393108480
3,1319.289,grad,17393108480
3,1320.535,grad,17394550272
3,1321.793,grad,17395762688
3,1323.066,grad,17395992064
3,1324.357,grad,17395992064
3,1325.616,grad,17395992064
3,1326.888,grad,17395992064
3,1328.18,grad,17396254208
3,1329.529,grad,17396254208
3,1330.796,grad,17396712960
3,1332.046,grad,17396712960
3,1333.292,grad,17396712960
3,1334.556,grad,17396712960
3,1335.886,grad,17396712960
3,1337.146,grad,17397171712
3,1338.412,grad,17397171712
3,1339.662,grad,17398416896
3,1340.917,grad,17398416896
3,1342.158,grad,17398416896
3,1343.418,grad,17398416896
3,1344.698,grad,17398416896
3,1345.978,grad,17398875648
3,1347.246,grad,17400317440
3,1348.502,grad,17400317440
3,1349.748,grad,17400317440
3,1350.998,grad,17400317440
3,1352.246,grad,17400317440
3,1353.494,grad,17401759232
3,1354.78,grad,17401759232
3,1356.042,grad,17402021376
3,1357.292,grad,17402021376
3,1358.54,grad,17402021376
3,1359.795,grad,17402250752
3,1361.08,grad,17425909248
3,1362.366,grad,17459922432
3,1363.685,grad,17367909888
3,1365.008,grad,17233200640
3,1366.281,grad,17140876288
3,1369.295,grad,17140725248
3,1370.567,grad,17140725248
3,1371.805,grad,17140725248
3,1373.056,grad,17146492416
3,1374.375,grad,17172674048
3,1375.656,grad,17199609344
3,1376.92,grad,17215829504
3,1383.178,grad,17241159168
3,1384.476,grad,17270355456
3,1385.747,grad,17299322368
3,1387.014,grad,17303683072
3,1388.3,grad,17303722496
3,1389.58,grad,17303761408
3,1390.838,grad,17303783424
3,1392.091,grad,17303822848
3,1393.868,grad,17303850496
3,1395.211,grad,17332096512
3,1396.496,grad,17354903040
3,1397.758,grad,17354903040
3,1399.014,grad,17354903040
3,1400.263,grad,17354903040
3,1401.519,grad,17354903040
3,1402.774,grad,17354903040
3,1404.043,grad,17354903040
3,1405.341,grad,17354903040
3,1406.607,grad,17354903040
3,1407.869,grad,17354903040
3,1409.118,grad,17354903040
3,1410.373,grad,17354903040
3,1411.615,grad,17354903040
3,1412.855,grad,17354903040
3,1414.104,grad,17354903040
3,1415.41,grad,17354903040
3,1416.665,grad,17354903040
3,1417.923,grad,17354903040
3,1419.17,grad,17354903040
3,1420.428,grad,17354903040
3,1421.666,grad,17354903040
3,1422.912,grad,17354903040
3,1424.156,grad,17354903040
3,1425.45,grad,17354903040
3,1426.707,grad,17354903040
3,1427.966,grad,17354903040
3,1429.21,grad,17354903040
3,1430.465,grad,17354903040
3,1431.702,grad,17354903040
3,1432.944,grad,17354903040
3,1434.184,grad,17354903040
3,1435.485,grad,17354903040
3,1436.745,grad,17354903040
3,1438.004,grad,17354903040
3,1439.25,grad,17354903040
3,1440.494,grad,17354903040
3,1441.743,grad,17354903040
3,1443.011,grad,17354903040
3,1444.267,grad,17354903040
3,1445.596,grad,17354903040
3,1446.86,grad,17354903040
3,1448.115,grad,17354903040
3,1449.375,grad,17354903040
3,1450.619,grad,17354903040
3,1451.852,grad,17354903040
3,1453.089,grad,17354903040
3,1454.344,grad,17354903040
3,1455.599,grad,17354903040
3,1456.847,grad,17354903040
3,1458.103,grad,17354903040
3,1459.37,grad,17354903040
3,1460.608,grad,17354903040
3,1461.848,grad,17354903040
3,1463.086,grad,17354903040
3,1464.338,grad,17354903040
3,1465.615,grad,17354903040
3,1466.869,grad,17354903040
3,1468.121,grad,17354903040
3,1469.38,grad,17354903040
3,1470.622,grad,17354903040
3,1471.858,grad,17354903040
3,1473.096,grad,17354903040
3,1474.361,grad,17354903040
3,1475.637,grad,17354903040
3,1476.922,grad,17354903040
3,1478.178,grad,17354903040
3,1479.449,grad,17354903040
3,1480.691,grad,17354903040
3,1481.944,grad,17354903040
3,1483.198,grad,17354903040
3,1484.471,grad,17354903040
3,1485.732,grad,17354903040
3,1486.988,grad,17354903040
3,1488.248,grad,17354903040
3,1489.501,grad,17354903040
3,1490.739,grad,17354903040
3,1491.982,grad,17354903040
3,1493.221,grad,17354903040
3,1494.483,grad,17354903040
3,1495.744,grad,17354903040
3,1496.994,grad,17354903040
3,1498.259,grad,17354903040
3,1499.513,grad,17354903040
3,1500.75,grad,17354903040
3,1501.986,grad,17354903040
3,1503.22,grad,17354903040
3,1504.482,grad,17354903040
3,1505.743,grad,17354903040
3,1506.995,grad,17354903040
3,1508.246,grad,17354903040
3,1509.498,grad,17354903040
3,1510.734,grad,17354903040
3,1511.967,grad,17354903040
3,1513.201,grad,17354903040
3,1514.467,grad,17354903040
3,1515.721,grad,17354903040
3,1516.968,grad,17354903040
3,1518.211,grad,17354903040
3,1519.494,grad,17354903040
3,1520.744,grad,17354903040
3,1521.99,grad,17354903040
3,1523.25,grad,17354903040
3,1524.507,grad,17354903040
3,1525.766,grad,17354903040
3,1527.022,grad,17354903040
3,1528.271,grad,17354903040
3,1529.53,grad,17355165184
3,1530.773,grad,17355165184
3,1532.009,grad,17355165184
3,1533.254,grad,17355165184
3,1534.503,grad,17355165184
3,1535.776,grad,17355165184
3,1537.03,grad,17355165184
3,1538.277,grad,17355623936
3,1539.54,grad,17356082688
3,1540.784,grad,17356082688
3,1542.021,grad,17356082688
3,1543.253,grad,17356082688
3,1544.497,grad,17357688320
3,1545.761,grad,17358147072
3,1547.019,grad,17358147072
3,1548.269,grad,17358147072
3,1549.528,grad,17358147072
3,1550.766,grad,17359588864
3,1552.002,grad,17361030656
3,1553.244,grad,17361030656
3,1554.489,grad,17361030656
3,1555.744,grad,17361030656
3,1557.015,grad,17361292800
3,1558.271,grad,17361751552
3,1559.534,grad,17361751552
3,1560.789,grad,17361751552
3,1562.046,grad,17361751552
3,1563.323,grad,17362210304
3,1564.582,grad,17363455488
3,1565.831,grad,17363455488
3,1567.093,grad,17363455488
3,1568.366,grad,17363455488
3,1569.633,grad,17363914240
3,1570.883,grad,17365356032
3,1572.123,grad,17365356032
3,1573.384,grad,17365356032
3,1574.624,grad,17365356032
3,1575.871,grad,17366797824
3,1577.132,grad,17367059968
3,1578.395,grad,17367059968
3,1579.643,grad,17367059968
3,1580.883,grad,17367059968
3,1582.122,grad,17367518720
3,1583.375,grad,17367977472
3,1584.617,grad,17367977472
3,1585.859,grad,17367977472
3,1587.114,grad,17367977472
3,1588.38,grad,17369222656
3,1589.633,grad,17369681408
3,1590.876,grad,17369681408
3,1592.11,grad,17369681408
3,1593.36,grad,17369681408
3,1594.606,grad,17371123200
3,1595.856,grad,17372564992
3,1597.113,grad,17372564992
3,1598.376,grad,17372564992
3,1599.634,grad,17372564992
3,1600.887,grad,17372827136
3,1602.134,grad,17373285888
3,1603.408,grad,17373285888
3,1604.657,grad,17373285888
3,1605.905,grad,17373285888
3,1607.166,grad,17373744640
3,1608.438,grad,17374989824
3,1609.689,grad,17374989824
3,1610.932,grad,17374989824
3,1612.166,grad,17374989824
3,1613.425,grad,17375448576
3,1614.675,grad,17375448576
3,1615.934,grad,17376890368
3,1617.2,grad,17376890368
3,1618.468,grad,17376890368
3,1619.72,grad,17378332160
3,1620.964,grad,17378332160
3,1622.203,grad,17378594304
3,1623.458,grad,17378594304
3,1624.7,grad,17378594304
3,1625.942,grad,17379053056
3,1627.196,grad,17379053056
3,1628.471,grad,17379511808
3,1629.723,grad,17379511808
3,1630.967,grad,17379511808
3,1632.207,grad,17380756992
3,1633.494,grad,17380756992
3,1634.866,grad,17381215744
3,1636.178,grad,17381215744
3,1637.509,grad,17381215744
3,1638.764,grad,17382657536
3,1640.015,grad,17384099328
3,1641.264,grad,17384099328
3,1642.518,grad,17384099328
3,1643.789,grad,17384099328
3,1645.045,grad,17384361472
3,1646.304,grad,17384820224
3,1647.568,grad,17384820224
3,1648.814,grad,17384820224
3,1650.068,grad,17384820224
3,1651.321,grad,17385278976
3,1652.561,grad,17386524160
3,1653.817,grad,17386524160
3,1655.06,grad,17386524160
3,1656.334,grad,17386524160
3,1657.588,grad,17386982912
3,1658.827,grad,17388424704
3,1660.061,grad,17388424704
3,1661.294,grad,17388424704
3,1662.525,grad,17388424704
3,1663.762,grad,17390226944
3,1665.003,grad,17390489088
3,1666.261,grad,17390489088
3,1667.558,grad,17390489088
3,1668.814,grad,17390489088
3,1670.068,grad,17390947840
3,1671.326,grad,17391406592
3,1672.565,grad,17391406592
3,1673.817,grad,17391406592
3,1675.061,grad,17391406592
3,1676.362,grad,17392651776
3,1677.621,grad,17393110528
3,1678.872,grad,17393110528
3,1680.117,grad,17393110528
3,1681.386,grad,17393110528
3,1682.646,grad,17394552320
3,1683.909,grad,17395994112
3,1685.153,grad,17395994112
3,1686.42,grad,17395994112
3,1687.682,grad,17395994112
3,1688.945,grad,17396256256
3,1690.209,grad,17396715008
3,1691.473,grad,17396715008
3,1692.711,grad,17396715008
3,1693.988,grad,17396715008
3,1695.32,grad,17397173760
3,1696.603,grad,17398418944
3,1697.889,grad,17398418944
3,1699.156,grad,17398418944
3,1700.475,grad,17398877696
3,1701.728,grad,17398877696
3,1702.972,grad,17400319488
3,1704.216,grad,17400319488
3,1705.478,grad,17400319488
3,1706.721,grad,17401761280
3,1707.981,grad,17401794048
3,1709.333,grad,17402023424
3,1710.593,grad,17402023424
3,1711.84,grad,17402482176
3,1713.085,grad,17437675008
3,1714.355,grad,17457040896
3,1715.609,grad,17300606464
3,1716.876,grad,17156656640
3,1718.166,grad,17140395520
3,1719.476,grad,17140368896
3,1720.767,grad,17153107456
3,1722.065,grad,17180730880
3,1723.398,grad,17209304576
3,1724.74,grad,17238402560
3,1726.008,grad,17267828224
3,1727.29,grad,17297483264
3,1728.557,grad,17188300288
3,1729.901,grad,17139999744
3,1731.191,grad,17010729984
3,1732.477,noise,16976714752
3,1733.759,noise,16976714752
3,1735.021,noise,16977927168
3,1736.329,noise,16978385920
3,1737.601,noise,16978385920
3,1738.858,noise,16982023168
3,1740.217,noise,16979827712
3,1741.565,noise,16981040128
3,1742.858,noise,16981302272
3,1744.135,noise,16981990400
3,1745.405,noise,16982449152
3,1746.676,noise,16982481920
3,1747.96,noise,16983694336
3,1749.25,noise,16984153088
3,1750.509,noise,16984153088
3,1751.752,noise,16985365504
3,1752.989,noise,16985594880
3,1754.244,noise,16986807296
3,1755.483,noise,16987069440
3,1756.731,noise,16987528192
3,1757.976,noise,16988216320
3,1759.246,noise,16988249088
3,1760.492,noise,16989461504
3,1761.742,noise,16989920256
3,1762.999,noise,16989920256
3,1764.31,noise,16991132672
3,1765.561,noise,16991362048
3,1766.808,noise,16992574464
3,1768.062,noise,16992836608
3,1769.346,noise,16993295360
3,1770.598,noise,16993983488
3,1771.841,noise,16994016256
3,1773.079,noise,16995228672
3,1774.337,noise,16995687424
3,1775.607,noise,16995687424
3,1776.881,noise,16996899840
3,1778.128,noise,16997129216
3,1779.399,noise,16998341632
3,1780.642,noise,16998603776
3,1781.883,noise,16999291904
3,1783.128,noise,16999980032
3,1784.386,noise,16999783424
3,1785.631,noise,17000995840
3,1786.872,noise,17001454592
3,1788.121,noise,17001454592
3,1789.417,noise,17002667008
3,1790.677,noise,17002896384
3,1791.924,noise,17004108800
3,1793.176,noise,17004370944
3,1794.437,noise,17005059072
3,1795.716,noise,17005747200
3,1796.991,noise,17005550592
3,1798.302,noise,17006763008
3,1799.613,noise,17007811584
3,1800.903,noise,17007582208
3,1802.174,noise,17008794624
3,1803.442,noise,17009024000
3,1804.692,noise,17010236416
3,1805.939,noise,17010498560
3,1807.186,noise,17011186688
3,1808.45,noise,17011874816
3,1809.719,noise,17011678208
3,1810.965,noise,17012890624
3,1812.213,noise,17013349376
3,1813.469,noise,17013349376
3,1814.749,noise,17014561792
3,1815.986,noise,17014791168
3,1817.239,noise,17016003584
3,1818.482,noise,17016265728
3,1819.742,noise,17016724480
3,1820.996,noise,17017412608
3,1822.255,noise,17017445376
3,1823.515,noise,17018657792
3,1824.777,noise,17019476992
3,1826.021,noise,17019476992
3,1827.303,noise,17020689408
3,1828.551,noise,17020918784
3,1829.813,noise,17022131200
3,1831.054,noise,17022393344
3,1832.317,noise,17023081472
3,1833.566,noise,17023769600
3,1834.811,noise,17023572992
3,1836.055,noise,17024785408
3,1837.336,noise,17025244160
3,1838.603,noise,17025244160
3,1839.907,noise,17026456576
3,1841.252,noise,17026685952
3,1842.534,noise,17027898368
3,1843.791,noise,17028160512
3,1845.038,noise,17028848640
3,1846.285,noise,17029536768
3,1847.53,noise,17029340160
3,1848.778,noise,17030552576
3,1850.058,noise,17031011328
3,1851.32,noise,17031011328
3,1852.568,noise,17033436160
3,1853.832,noise,17032453120
3,1855.079,noise,17032453120
3,1856.341,noise,17033894912
3,1857.596,noise,17034386432
3,1858.848,noise,17034845184
3,1860.107,noise,17035107328
3,1861.39,noise,17035107328
3,1862.649,noise,17036549120
3,1863.9,noise,17036778496
3,1865.142,noise,17036778496
3,1866.406,noise,17038220288
3,1867.647,noise,17038220288
3,1868.907,noise,17039432704
3,1870.175,noise,17039924224
3,1871.438,noise,17040612352
3,1872.693,noise,17040874496
3,1873.936,noise,17040874496
3,1875.205,noise,17042775040
3,1876.506,noise,17042545664
3,1877.759,noise,17042545664
3,1879.015,noise,17043987456
3,1880.272,noise,17043987456
3,1881.526,noise,17045199872
3,1882.779,noise,17045691392
3,1884.032,noise,17046379520
3,1885.294,noise,17046641664
3,1886.537,noise,17046641664
3,1887.784,noise,17048542208
3,1889.053,noise,17048312832
3,1890.323,noise,17048312832
3,1891.574,noise,17049754624
3,1892.815,noise,17049754624
3,1894.053,noise,17050967040
3,1895.258,noise,17051458560
3,1896.51,noise,17051917312
3,1897.759,noise,17052408832
3,1899.016,noise,17052408832
3,1900.27,noise,17053850624
3,1901.539,noise,17054080000
3,1902.802,noise,17054080000
3,1904.049,noise,17055521792
3,1905.294,noise,17055521792
3,1906.535,noise,17056734208
3,1907.785,noise,17057225728
3,1909.046,noise,17057684480
3,1910.257,noise,17058176000
3,1911.511,noise,17058176000
3,1912.75,noise,17059978240
3,1913.993,noise,17060207616
3,1915.245,noise,17060207616
3,1916.501,noise,17061649408
3,1917.744,noise,17061649408
3,1919.003,noise,17062861824
3,1920.267,noise,17063353344
3,1921.532,noise,17063812096
3,1922.796,noise,17064303616
3,1924.054,noise,17064303616
3,1925.336,noise,17065516032
3,1926.599,noise,17065974784
3,1927.847,noise,17065974784
3,1929.109,noise,17067416576
3,1930.395,noise,17067416576
3,1931.648,noise,17068628992
3,1932.907,noise,17069120512
3,1934.152,noise,17069808640
3,1935.418,noise,17070070784
3,1936.676,noise,17070070784
3,1937.922,noise,17071512576
3,1939.183,noise,17071741952
3,1940.469,noise,17072954368
3,1941.716,noise,17073183744
3,1942.96,noise,17073183744
3,1944.205,noise,17074625536
3,1945.462,noise,17075117056
3,1946.706,noise,17075805184
3,1947.956,noise,17075837952
3,1949.209,noise,17075837952
3,1950.494,noise,17077279744
3,1951.74,noise,17077509120
3,1952.985,noise,17078721536
3,1954.225,noise,17078950912
3,1955.479,noise,17078950912
3,1956.72,noise,17080392704
3,1957.962,noise,17080884224
3,1959.247,noise,17081572352
3,1960.516,noise,17081605120
3,1961.77,noise,17081605120
3,1963.05,noise,17083046912
3,1964.303,noise,17083276288
3,1965.539,noise,17084488704
3,1966.781,noise,17084718080
3,1968.019,noise,17084718080
3,1969.299,noise,17086159872
3,1970.563,noise,17086651392
3,1971.812,noise,17087568896
3,1973.055,noise,17087372288
3,1974.323,noise,17087372288
3,1975.613,noise,17088814080
3,1976.886,noise,17089043456
3,1978.13,noise,17090255872
3,1979.425,noise,17090845696
3,1980.683,noise,17090845696
3,1981.928,noise,17092320256
3,1983.171,noise,17093008384
3,1984.432,noise,17093696512
3,1985.682,noise,17093499904
3,1986.933,noise,17093499904
3,1988.175,noise,17094941696
3,1989.463,noise,17095171072
3,1990.737,noise,17096383488
3,1992.003,noise,17096612864
3,1993.252,noise,17096612864
3,1994.502,noise,17098054656
3,1995.767,noise,17098546176
3,1997.053,noise,17099234304
3,1998.325,noise,17099267072
3,1999.606,noise,17099267072
3,2000.876,noise,17100708864
3,2002.142,noise,17100938240
3,2003.444,noise,17102150656
3,2004.707,noise,17102380032
3,2005.96,noise,17102380032
3,2007.212,noise,17103821824
3,2008.475,noise,17104313344
3,2009.756,noise,17104772096
3,2011.024,noise,17105034240
3,2012.268,noise,17105034240
3,2013.512,noise,17107295232
3,2014.757,noise,17107065856
3,2015.998,noise,17107065856
3,2017.245,noise,17108507648
3,2018.493,noise,17108507648
3,2019.768,noise,17109720064
3,2021.035,noise,17110211584
3,2022.288,noise,17110899712
3,2023.541,noise,17111161856
3,2024.798,noise,17111161856
3,2026.039,noise,17112603648
3,2027.286,noise,17112833024
3,2028.537,noise,17114045440
3,2029.806,noise,17114274816
3,2031.066,noise,17114274816
3,2032.332,noise,17115716608
3,2033.581,noise,17116208128
3,2034.852,noise,17117125632
3,2036.107,noise,17116929024
3,2037.393,noise,17116929024
3,2038.637,noise,17118370816
3,2039.894,noise,17118600192
3,2041.158,noise,17119812608
3,2042.437,noise,17120041984
3,2043.698,noise,17120041984
3,2044.953,noise,17121483776
3,2046.204,noise,17121975296
3,2047.463,noise,17122434048
3,2048.708,noise,17122696192
3,2050.115,noise,17122696192
3,2051.422,noise,17124137984
3,2052.679,noise,17124367360
3,2053.93,noise,17125579776
3,2055.183,noise,17125809152
3,2056.478,noise,17125809152
3,2057.724,noise,17127250944
3,2058.974,noise,17127742464
3,2060.26,noise,17128430592
3,2061.537,noise,17128463360
3,2062.799,noise,17128463360
3,2064.042,noise,17129905152
3,2065.293,noise,17130134528
3,2066.531,noise,17131346944
3,2067.77,noise,17131576320
3,2069.01,noise,17131576320
3,2070.291,noise,17133018112
3,2071.554,noise,17133509632
3,2072.833,noise,17133968384
3,2074.075,noise,17134230528
3,2075.333,noise,17135442944
3,2076.594,noise,17135672320
3,2077.844,noise,17135901696
3,2079.085,noise,17137114112
3,2080.391,noise,17137343488
3,2081.662,noise,17137343488
3,2082.927,noise,17138785280
3,2084.181,noise,17139276800
3,2085.469,noise,17139735552
3,2086.719,noise,17127775232
3,2087.972,noise,16983923712
3,2089.244,optimizer,16977927168
3,2090.547,optimizer,16978707456
3,2091.841,optimizer,16981239808
3,2093.114,optimizer,16982443008
3,2094.399,optimizer,16982673408
3,2095.742,optimizer,16983188480
3,2097.124,optimizer,16983443456
3,2098.519,optimizer,16983309312
3,2099.867,optimizer,16985956352
3,2101.279,optimizer,16985446400
3,2102.679,optimizer,16987719168
3,2103.975,optimizer,16989022720
3,2105.256,optimizer,16988318720
3,2106.554,optimizer,16989021184
3,2107.824,optimizer,16989051392
3,2109.097,optimizer,16989568000
3,2110.393,optimizer,16989410816
3,2111.681,optimizer,16992091648
3,2113.119,optimizer,16993625088
3,2114.585,optimizer,16996368896
3,2116.022,optimizer,16994529280
3,2117.326,optimizer,16995186176
3,2118.606,optimizer,16995710976
3,2119.87,optimizer,16998227456
3,2121.135,optimizer,17000971264
3,2122.461,optimizer,17003716096
3,2123.735,optimizer,17000664064
3,2125.016,optimizer,17001550336
3,2126.266,optimizer,17001844736
3,2127.525,optimizer,17003377664
3,2128.786,optimizer,17006124032
3,2130.056,optimizer,17007671808
3,2131.32,optimizer,17007196160
3,2132.576,optimizer,17007699968
3,2133.823,optimizer,17007815168
3,2135.078,optimizer,17009784832
3,2136.364,optimizer,17011289600
3,2137.621,optimizer,17012860928
3,2138.866,optimizer,17013346816
3,2140.108,optimizer,17014107136
3,2141.376,optimizer,17017598464
3,2142.668,optimizer,17017218560
3,2144.01,optimizer,17020001792
3,2145.305,optimizer,17019287040
3,2146.564,optimizer,17019725824
3,2147.841,optimizer,17020246016
3,2149.115,optimizer,17022766080
3,2150.384,optimizer,17025510400
3,2151.646,optimizer,17026103296
3,2152.935,optimizer,17025371136
3,2154.244,optimizer,17026103296
3,2155.511,optimizer,17026384896
3,2156.768,optimizer,17028375040
3,2158.019,optimizer,17030678016
3,2159.274,optimizer,17031685120
3,2160.533,optimizer,17031751680
3,2161.8,optimizer,17032467968
3,2163.072,optimizer,17033686016
3,2164.338,optimizer,17034296832
3,2165.606,optimizer,17037116416
3,2166.858,optimizer,17037398016
3,2168.122,optimizer,17038114816
3,2169.387,optimizer,17038619136
3,2170.641,optimizer,17042366464
3,2171.905,optimizer,17041720320
3,2173.152,optimizer,17045447680
3,2174.414,optimizer,17043593216
3,2175.668,optimizer,17044264960
3,2176.927,optimizer,17044787712
3,2178.169,optimizer,17046779904
3,2179.431,optimizer,17049080832
3,2180.675,optimizer,17049860608
3,2181.916,optimizer,17050155520
3,2183.158,optimizer,17051102208
3,2184.426,optimizer,17052166144
3,2185.68,optimizer,17052700672
3,2186.926,optimizer,17055521280
3,2188.19,optimizer,17055605248
3,2189.45,optimizer,17056547840
3,2190.694,optimizer,17057251840
3,2191.94,optimizer,17059573248
3,2193.2,optimizer,17061106688
3,2194.467,optimizer,17062869504
3,2195.752,optimizer,17062214144
3,2197.005,optimizer,17062940672
3,2198.253,optimizer,17062995968
3,2199.527,optimizer,17064969216
3,2200.778,optimizer,17066502656
3,2202.103,optimizer,17068069888
3,2203.517,optimizer,17068559360
3,2204.81,optimizer,17069277184
3,2206.092,optimizer,17070494720
3,2207.41,optimizer,17071105024
3,2208.776,optimizer,17074361344
3,2210.109,optimizer,17074601472
3,2211.382,optimizer,17075284992
3,2212.629,optimizer,17076017664
3,2213.881,optimizer,17079764992
3,2215.139,optimizer,17078889472
3,2216.922,optimizer,17081404416
3,2218.184,optimizer,17080734208
3,2219.473,optimizer,17081433088
3,2220.72,optimizer,17081956864
3,2221.965,optimizer,17084702208
3,2223.223,optimizer,17087447552
3,2224.495,optimizer,17087783936
3,2225.748,optimizer,17087538176
3,2226.992,optimizer,17087814144
3,2228.246,optimizer,17089108992
3,2229.506,optimizer,17089897472
3,2230.753,optimizer,17091631616
3,2231.994,optimizer,17093331456
3,2233.245,optimizer,17094048256
3,2234.495,optimizer,17094580224
3,2235.752,optimizer,17098071552
3,2237.029,optimizer,17097653248
3,2238.283,optimizer,17101381120
3,2239.561,optimizer,17099541504
3,2240.818,optimizer,17100657152
3,2242.104,optimizer,17100722176
3,2243.38,optimizer,17102255616
3,2244.652,optimizer,17105001472
3,2245.925,optimizer,17106778624
3,2247.179,optimizer,17106087936
3,2248.442,optimizer,17106577408
3,2249.695,optimizer,17107872768
3,2250.948,optimizer,17108634112
3,2252.203,optimizer,17111606272
3,2253.467,optimizer,17111735808
3,2254.718,optimizer,17112681984
3,2255.972,optimizer,17112957440
3,2257.261,optimizer,17115852800
3,2258.521,optimizer,17116419584
3,2259.77,optimizer,17120375296
3,2261.015,optimizer,17118278656
3,2262.262,optimizer,17119220736
3,2263.536,optimizer,17119489536
3,2264.784,optimizer,17121478144
3,2266.05,optimizer,17123781120
3,2267.304,optimizer,17124558848
3,2268.563,optimizer,17124853760
3,2269.811,optimizer,17125800448
3,2271.069,optimizer,17126714880
3,2272.319,optimizer,17128686592
3,2273.569,optimizer,17130221056
3,2274.809,optimizer,17130304000
3,2276.051,optimizer,17131246592
3,2277.295,optimizer,17131950592
3,2278.566,optimizer,17134272512
3,2279.814,optimizer,17137377792
3,2281.062,optimizer,17137942528
3,2282.325,optimizer,17137043968
3,2283.587,optimizer,17137999872
3,2284.84,optimizer,17138253312
3,2286.087,optimizer,17140242944
3,2287.379,optimizer,17142545920
3,2288.657,optimizer,17143323648
3,2289.912,optimizer,17143619072
3,2291.16,optimizer,17144565248
3,2292.419,optimizer,17145479680
3,2293.664,optimizer,17148817408
3,2294.91,optimizer,17148985344
3,2296.155,optimizer,17149068800
3,2297.434,optimizer,17150025728
3,2298.702,optimizer,17150714880
3,2299.952,optimizer,17150358528
3,2301.208,optimizer,17150358528
3,2302.474,optimizer,17152784384
3,2303.733,optimizer,17150358016
3,2304.979,optimizer,17155207680
3,2306.22,optimizer,17150423552
3,2307.486,optimizer,17150816768
3,2308.752,optimizer,17150358016
3,2310.001,optimizer,17151275520
3,2311.244,optimizer,17150424064
3,2312.49,optimizer,17150358528
3,2313.771,optimizer,17150358016
3,2315.02,optimizer,17150358016
3,2316.263,optimizer,17150423552
3,2317.512,optimizer,17150816768
3,2318.774,optimizer,17151275520
3,2320.032,optimizer,17150424064
3,2321.28,optimizer,17152782848
3,2322.546,optimizer,17150358016
3,2323.817,optimizer,17150816768
3,2325.079,optimizer,17150358016
3,2326.357,optimizer,17150358016
3,2327.61,optimizer,17150358528
3,2328.867,optimizer,17150358016
3,2330.107,optimizer,17150816768
3,2331.362,optimizer,17151275520
3,2332.61,optimizer,17152784384
3,2333.873,optimizer,17150423552
3,2335.116,optimizer,17150358016
3,2336.378,optimizer,17150489088
3,2337.624,optimizer,17152783872
3,2338.867,optimizer,17150816768
3,2340.139,optimizer,17150359040
3,2341.398,optimizer,17162254336
3,2342.646,optimizer,17176901632
3,2343.896,optimizer,17190500352
3,2345.16,optimizer,17203344896
3,2346.436,optimizer,17214617088
3,2347.694,optimizer,17229297152
3,2348.945,optimizer,17243125760
3,2350.187,optimizer,17257052160
3,2351.46,optimizer,17272059904
3,2352.739,optimizer,17284544512
3,2353.987,optimizer,17299224576
3,2355.24,optimizer,17313052672
3,2356.487,optimizer,17208061440
3,2357.742,optimizer,17152322560
3,2358.996,optimizer,17184435200
3,2360.246,optimizer,17213500416
3,2361.513,optimizer,17242565632
3,2362.825,optimizer,17271761920
3,2364.121,optimizer,17301318656
3,2365.394,optimizer,17248332800
3,2366.669,optimizer,17151732736
3,2367.934,optimizer,17184173056
3,2369.188,optimizer,17213598720
3,2370.449,optimizer,17242565632
3,2371.699,optimizer,17272024064
3,2372.961,optimizer,17301449728
3,2374.21,optimizer,17237519360
3,2375.483,optimizer,17085410304
3,2376.731,optimizer,16985621504
3,2377.985,optimizer,16981086720
3,2379.764,optimizer,16977075200
3,2381.031,optimizer,16977075200
3,2382.304,optimizer,16977075200
3,2383.578,optimizer,16977075200
4,2.632,grad,16977075712
4,3.99,grad,16977075712
4,5.258,grad,16977075712
4,6.527,grad,16978288128
4,7.778,grad,17003257344
4,9.034,grad,17030192640
4,10.307,grad,17059487232
4,11.584,grad,17088093696
4,12.839,grad,17117388288
4,14.126,grad,17140004864
4,15.437,grad,17140040704
4,16.7,grad,17140077056
4,18.21,grad,17140103680
4,19.49,grad,17140137984
4,20.759,grad,17140174336
4,22.608,grad,17140200960
4,23.916,grad,17140056064
4,25.98,grad,17140000256
4,27.253,grad,17140000256
4,28.503,grad,17140000256
4,29.747,grad,17140000256
4,30.993,grad,17140000256
4,32.24,grad,17140000256
4,33.486,grad,17140000256
4,34.729,grad,17140000256
4,35.995,grad,17140000256
4,37.249,grad,17140000256
4,38.504,grad,17140000256
4,39.755,grad,17140000256
4,41.009,grad,17140000256
4,42.265,grad,17140000256
4,43.513,grad,17140000256
4,44.762,grad,17140000256
4,46.037,grad,17140000256
4,47.301,grad,17140000256
4,48.548,grad,17140000256
4,49.793,grad,17140000256
4,51.039,grad,17140000256
4,52.303,grad,17140000256
4,53.57,grad,17140000256
4,54.824,grad,17140000256
4,56.102,grad,17140000256
4,57.374,grad,17140000256
4,58.623,grad,17140000256
4,59.869,grad,17140000256
4,61.109,grad,17140000256
4,62.362,grad,17140000256
4,63.598,grad,17140000256
4,64.84,grad,17140000256
4,66.096,grad,17140000256
4,67.372,grad,17140000256
4,68.628,grad,17140000256
4,69.869,grad,17140000256
4,71.106,grad,17140000256
4,72.357,grad,17140000256
4,73.602,grad,17140000256
4,74.847,grad,17140000256
4,76.102,grad,17140000256
4,77.361,grad,17140000256
4,78.61,grad,17140000256
4,79.858,grad,17140000256
4,81.108,grad,17140000256
4,82.364,grad,17140000256
4,83.602,grad,17140000256
4,84.851,grad,17140000256
4,86.113,grad,17140000256
4,87.378,grad,17140000256
4,88.625,grad,17140000256
4,89.868,grad,17140000256
4,91.114,grad,17140000256
4,92.369,grad,17140000256
4,93.626,grad,17140000256
4,94.88,grad,17140000256
4,96.147,grad,17140000256
4,97.415,grad,17140000256
4,98.656,grad,17140000256
4,99.898,grad,17140000256
4,101.134,grad,17140000256
4,102.381,grad,17140000256
4,103.621,grad,17140000256
4,104.858,grad,17140000256
4,106.127,grad,17140000256
4,107.395,grad,17140000256
4,108.635,grad,17140000256
4,109.873,grad,17140000256
4,111.111,grad,17140000256
4,112.37,grad,17140000256
4,113.612,grad,17140000256
4,114.847,grad,17140000256
4,116.088,grad,17140000256
4,117.358,grad,17140000256
4,118.607,grad,17140000256
4,119.852,grad,17140000256
4,121.099,grad,17140000256
4,122.363,grad,17140000256
4,123.607,grad,17140000256
4,124.843,grad,17140000256
4,126.095,grad,17140000256
4,127.371,grad,17140000256
4,128.614,grad,17140000256
4,129.853,grad,17140000256
4,131.089,grad,17140000256
4,132.345,grad,17140000256
4,133.584,grad,17140000256
4,134.824,grad,17140000256
4,136.065,grad,17140000256
4,137.344,grad,17140000256
4,138.592,grad,17140000256
4,139.829,grad,17140000256
4,141.062,grad,17140000256
4,142.297,grad,17140000256
4,143.539,grad,17140000256
4,144.785,grad,17140000256
4,146.036,grad,17140000256
4,147.293,grad,17140000256
4,148.545,grad,17140000256
4,149.784,grad,17140000256
4,151.029,grad,17140000256
4,152.266,grad,17140000256
4,153.513,grad,17140000256
4,154.754,grad,17140000256
4,156.001,grad,17140000256
4,157.26,grad,17140000256
4,158.518,grad,17140000256
4,159.762,grad,17140000256
4,161.015,grad,17140000256
4,162.27,grad,17140000256
4,163.518,grad,17140000256
4,164.757,grad,17140000256
4,166.0,grad,17140000256
4,167.258,grad,17140000256
4,168.514,grad,17140000256
4,169.757,grad,17140000256
4,171.003,grad,17140000256
4,172.241,grad,17140000256
4,173.487,grad,17140000256
4,174.739,grad,17140000256
4,175.983,grad,17140000256
4,177.25,grad,17140000256
4,178.511,grad,17140000256
4,179.763,grad,17140000256
4,181.033,grad,17140000256
4,182.28,grad,17140000256
4,183.525,grad,17140000256
4,184.764,grad,17140000256
4,186.007,grad,17140000256
4,187.263,grad,17140000256
4,188.515,grad,17140000256
4,189.759,grad,17140000256
4,191.012,grad,17140000256
4,192.264,grad,17140000256
4,193.529,grad,17140000256
4,194.773,grad,17140000256
4,196.021,grad,17140000256
4,197.279,grad,17140000256
4,198.533,grad,17140000256
4,199.779,grad,17140000256
4,201.032,grad,17140000256
4,202.278,grad,17140000256
4,203.529,grad,17140000256
4,204.766,grad,17140000256
4,206.026,grad,17140000256
4,207.284,grad,17140000256
4,208.539,grad,17140000256
4,209.777,grad,17140000256
4,211.014,grad,17140000256
4,212.252,grad,17140000256
4,213.493,grad,17140000256
4,214.738,grad,17140000256
4,215.986,grad,17140000256
4,217.244,grad,17140000256
4,218.498,grad,17140000256
4,219.739,grad,17140000256
4,220.979,grad,17140000256
4,222.221,grad,17140000256
4,223.476,grad,17140000256
4,224.712,grad,17140000256
4,225.946,grad,17140000256
4,227.218,grad,17140000256
4,228.493,grad,17140000256
4,229.757,grad,17140000256
4,231.002,grad,17140000256
4,232.242,grad,17140000256
4,233.491,grad,17140000256
4,234.73,grad,17140000256
4,235.965,grad,17140000256
4,237.206,grad,17140000256
4,238.482,grad,17140000256
4,239.729,grad,17140000256
4,240.983,grad,17140000256
4,242.248,grad,17140000256
4,243.498,grad,17140000256
4,244.74,grad,17140000256
4,245.99,grad,17140000256
4,247.257,grad,17140000256
4,248.528,grad,17140000256
4,249.772,grad,17140000256
4,251.014,grad,17140000256
4,252.255,grad,17140000256
4,253.499,grad,17140000256
4,254.736,grad,17140000256
4,255.974,grad,17140000256
4,257.229,grad,17140000256
4,258.512,grad,17140000256
4,259.759,grad,17140000256
4,261.02,grad,17140000256
4,262.26,grad,17140000256
4,263.505,grad,17140000256
4,264.741,grad,17140000256
4,265.984,grad,17140000256
4,267.256,grad,17140000256
4,268.537,grad,17140000256
4,269.799,grad,17140000256
4,271.071,grad,17140000256
4,272.345,grad,17140000256
4,273.607,grad,17140000256
4,274.854,grad,17140000256
4,276.099,grad,17140000256
4,277.37,grad,17140000256
4,278.635,grad,17140000256
4,279.879,grad,17140000256
4,281.121,grad,17140000256
4,282.386,grad,17140000256
4,283.664,grad,17140000256
4,284.917,grad,17140000256
4,286.152,grad,17140000256
4,287.423,grad,17140000256
4,288.691,grad,17140000256
4,289.953,grad,17140000256
4,291.202,grad,17140000256
4,292.489,grad,17140000256
4,293.866,grad,17140000256
4,295.186,grad,17140000256
4,296.49,grad,17140000256
4,297.741,grad,17140000256
4,299.001,grad,17140000256
4,300.258,grad,17140000256
4,301.51,grad,17140000256
4,302.756,grad,17140000256
4,304.023,grad,17140000256
4,305.274,grad,17140000256
4,306.531,grad,17140000256
4,307.784,grad,17140000256
4,309.045,grad,17140000256
4,310.292,grad,17140000256
4,311.538,grad,17140000256
4,312.784,grad,17140000256
4,314.029,grad,17140000256
4,315.267,grad,17140000256
4,316.51,grad,17140000256
4,317.763,grad,17140000256
4,319.026,grad,17140000256
4,320.278,grad,17140000256
4,321.538,grad,17140000256
4,322.803,grad,17140000256
4,324.053,grad,17140000256
4,325.295,grad,17140000256
4,326.537,grad,17140000256
4,327.783,grad,17140000256
4,329.046,grad,17140000256
4,330.321,grad,17140000256
4,331.568,grad,17140000256
4,332.809,grad,17140000256
4,334.047,grad,17140000256
4,335.286,grad,17140000256
4,336.534,grad,17140000256
4,337.78,grad,17140000256
4,339.035,grad,17140000256
4,340.277,grad,17140000256
4,341.525,grad,17140000256
4,342.764,grad,17140000256
4,344.0,grad,17140000256
4,345.245,grad,17140000256
4,346.489,grad,17140000256
4,347.731,grad,17140000256
4,348.989,grad,17140000256
4,350.229,grad,17140000256
4,351.485,grad,17140000256
4,352.723,grad,17140000256
4,353.968,grad,17140000256
4,355.214,grad,17140000256
4,356.469,grad,17140000256
4,357.717,grad,17140000256
4,358.977,grad,17140000256
4,360.246,grad,17140000256
4,361.502,grad,17140000256
4,362.743,grad,17140000256
4,364.008,grad,17140000256
4,365.258,grad,17140000256
4,366.519,grad,17140000256
4,367.772,grad,17140000256
4,369.037,grad,17140000256
4,370.283,grad,17140000256
4,371.533,grad,17140000256
4,372.77,grad,17140000256
4,374.01,grad,17140000256
4,375.26,grad,17140000256
4,376.518,grad,17140000256
4,377.771,grad,17140000256
4,379.029,grad,17140000256
4,380.283,grad,17140000256
4,381.539,grad,17140000256
4,382.803,grad,17140000256
4,384.053,grad,17140000256
4,385.29,grad,17140000256
4,386.535,grad,17140000256
4,387.787,grad,17140000256
4,389.056,grad,17140000256
4,390.315,grad,17140000256
4,391.566,grad,17140000256
4,392.829,grad,17140000256
4,394.114,grad,17140000256
4,395.379,grad,17140000256
4,396.627,grad,17140000256
4,397.87,grad,17140000256
4,399.155,grad,17140000256
4,400.437,grad,17140000256
4,401.695,grad,17140000256
4,402.948,grad,17140000256
4,404.199,grad,17140000256
4,405.459,grad,17140000256
4,406.703,grad,17140000256
4,407.948,grad,17140000256
4,409.212,grad,17140000256
4,410.48,grad,17140000256
4,411.72,grad,17140000256
4,412.958,grad,17140000256
4,414.209,grad,17140000256
4,415.464,grad,17140000256
4,416.719,grad,17140000256
4,417.966,grad,17140000256
4,419.225,grad,17140000256
4,420.496,grad,17140000256
4,421.738,grad,17140000256
4,422.972,grad,17140000256
4,424.211,grad,17140000256
4,425.467,grad,17140000256
4,426.71,grad,17140000256
4,427.958,grad,17140000256
4,429.208,grad,17140000256
4,430.481,grad,17140000256
4,431.721,grad,17140000256
4,432.939,grad,17140000256
4,434.182,grad,17140000256
4,435.447,grad,17140000256
4,436.689,grad,17140000256
4,437.926,grad,17140000256
4,439.197,grad,17140000256
4,440.478,grad,17140000256
4,441.734,grad,17140000256
4,442.989,grad,17140000256
4,444.244,grad,17140000256
4,445.493,grad,17140000256
4,446.732,grad,17140000256
4,447.967,grad,17140000256
4,449.244,grad,17140000256
4,450.509,grad,17140000256
4,451.751,grad,17140000256
4,453.439,grad,17140000256
4,454.695,grad,17164379648
4,455.954,grad,17193215488
4,457.207,grad,17218938368
4,458.479,grad,17246201344
4,459.744,grad,17274906112
4,460.998,grad,17303643648
4,462.251,grad,17303679488
4,463.512,grad,17303716352
4,464.764,grad,17303752704
4,466.013,grad,17303776256
4,467.27,grad,17303812096
4,469.382,grad,17303846400
4,470.678,grad,17330388480
4,471.935,grad,17332551168
4,473.209,grad,17332551168
4,474.5,grad,17333009920
4,475.754,grad,17333009920
4,477.003,grad,17333009920
4,478.275,grad,17333009920
4,479.585,grad,17333009920
4,480.861,grad,17334255104
4,482.12,grad,17334255104
4,483.405,grad,17334255104
4,484.664,grad,17334255104
4,485.911,grad,17334255104
4,487.155,grad,17334713856
4,488.427,grad,17334713856
4,489.704,grad,17334713856
4,490.967,grad,17334713856
4,492.222,grad,17334713856
4,493.499,grad,17334713856
4,494.756,grad,17336155648
4,496.002,grad,17336155648
4,497.246,grad,17336155648
4,498.493,grad,17336155648
4,499.771,grad,17336155648
4,501.026,grad,17337597440
4,502.273,grad,17337597440
4,503.526,grad,17337597440
4,504.785,grad,17337597440
4,506.031,grad,17337597440
4,507.267,grad,17337859584
4,508.516,grad,17337859584
4,509.799,grad,17337859584
4,511.059,grad,17337859584
4,512.357,grad,17337859584
4,513.613,grad,17337859584
4,514.87,grad,17338318336
4,516.117,grad,17338318336
4,517.373,grad,17338318336
4,518.629,grad,17338318336
4,519.912,grad,17338318336
4,521.178,grad,17338777088
4,522.46,grad,17338777088
4,523.714,grad,17338777088
4,524.975,grad,17338777088
4,526.22,grad,17338777088
4,527.481,grad,17340022272
4,528.741,grad,17340022272
4,530.028,grad,17340022272
4,531.281,grad,17340022272
4,532.534,grad,17340022272
4,533.785,grad,17340022272
4,535.042,grad,17340481024
4,536.284,grad,17340481024
4,537.534,grad,17340481024
4,538.778,grad,17340481024
4,540.057,grad,17340481024
4,541.253,grad,17341922816
4,542.501,grad,17341922816
4,543.743,grad,17341922816
4,545.01,grad,17341922816
4,546.285,grad,17341922816
4,547.534,grad,17343135232
4,548.787,grad,17343364608
4,550.076,grad,17343364608
4,551.339,grad,17343364608
4,552.584,grad,17343364608
4,553.835,grad,17343364608
4,555.093,grad,17343626752
4,556.357,grad,17343626752
4,557.597,grad,17343626752
4,558.847,grad,17343626752
4,560.112,grad,17343626752
4,561.389,grad,17344085504
4,562.648,grad,17344085504
4,563.904,grad,17344085504
4,565.169,grad,17344085504
4,566.454,grad,17344085504
4,567.697,grad,17344544256
4,568.943,grad,17344544256
4,570.208,grad,17344544256
4,571.48,grad,17344544256
4,572.722,grad,17344544256
4,573.967,grad,17344544256
4,575.219,grad,17345789440
4,576.484,grad,17345789440
4,577.725,grad,17345789440
4,578.969,grad,17345789440
4,580.22,grad,17345789440
4,581.489,grad,17346248192
4,582.735,grad,17346248192
4,583.982,grad,17346248192
4,585.248,grad,17346248192
4,586.505,grad,17346248192
4,587.743,grad,17346248192
4,588.986,grad,17347689984
4,590.26,grad,17347689984
4,591.521,grad,17347689984
4,592.801,grad,17347689984
4,594.159,grad,17347689984
4,595.471,grad,17349131776
4,596.735,grad,17349131776
4,597.987,grad,17349131776
4,599.258,grad,17349131776
4,600.559,grad,17349131776
4,601.836,grad,17349393920
4,603.105,grad,17349393920
4,604.383,grad,17349393920
4,605.648,grad,17349393920
4,606.909,grad,17349393920
4,608.163,grad,17349852672
4,609.436,grad,17349852672
4,610.72,grad,17349852672
4,612.016,grad,17349852672
4,613.27,grad,17349852672
4,614.518,grad,17349852672
4,615.782,grad,17350311424
4,617.051,grad,17350311424
4,618.256,grad,17350311424
4,619.503,grad,17350311424
4,620.771,grad,17350311424
4,622.025,grad,17351556608
4,623.276,grad,17351556608
4,624.519,grad,17351556608
4,625.763,grad,17351556608
4,627.007,grad,17351556608
4,628.258,grad,17352015360
4,629.524,grad,17352015360
4,630.837,grad,17352015360
4,632.093,grad,17352015360
4,633.357,grad,17352015360
4,634.601,grad,17352015360
4,635.852,grad,17353457152
4,637.163,grad,17353457152
4,638.502,grad,17353457152
4,639.775,grad,17353457152
4,641.062,grad,17353457152
4,642.431,grad,17354898944
4,643.703,grad,17354898944
4,644.973,grad,17354898944
4,646.244,grad,17354898944
4,647.513,grad,17354898944
4,648.821,grad,17354898944
4,650.13,grad,17354898944
4,651.417,grad,17354898944
4,652.667,grad,17354898944
4,653.916,grad,17354898944
4,655.164,grad,17354898944
4,656.42,grad,17354898944
4,657.67,grad,17355161088
4,658.921,grad,17355161088
4,660.191,grad,17355161088
4,661.486,grad,17355161088
4,662.745,grad,17355161088
4,663.993,grad,17355161088
4,665.247,grad,17355161088
4,666.496,grad,17355161088
4,667.754,grad,17355161088
4,669.002,grad,17355619840
4,670.266,grad,17355619840
4,671.535,grad,17356078592
4,672.784,grad,17356078592
4,674.043,grad,17356078592
4,675.294,grad,17356078592
4,676.536,grad,17356078592
4,677.792,grad,17357684224
4,679.041,grad,17358142976
4,680.316,grad,17358142976
4,681.601,grad,17358142976
4,682.852,grad,17358142976
4,684.104,grad,17358142976
4,685.369,grad,17359584768
4,686.615,grad,17359584768
4,687.865,grad,17361026560
4,689.138,grad,17361026560
4,690.426,grad,17361026560
4,691.688,grad,17361026560
4,692.945,grad,17361026560
4,694.198,grad,17361288704
4,695.455,grad,17361288704
4,696.704,grad,17361747456
4,697.947,grad,17361747456
4,699.201,grad,17361747456
4,700.474,grad,17361747456
4,701.739,grad,17361747456
4,703.002,grad,17362206208
4,704.259,grad,17363451392
4,705.498,grad,17363451392
4,706.741,grad,17363451392
4,707.983,grad,17363451392
4,709.247,grad,17363451392
4,710.5,grad,17363910144
4,711.907,grad,17363910144
4,713.24,grad,17365351936
4,714.505,grad,17365351936
4,715.769,grad,17365351936
4,717.032,grad,17365351936
4,718.296,grad,17365351936
4,719.566,grad,17366793728
4,720.83,grad,17366793728
4,722.119,grad,17367055872
4,723.416,grad,17367055872
4,724.696,grad,17367055872
4,725.946,grad,17367055872
4,727.208,grad,17367285248
4,728.471,grad,17367514624
4,729.732,grad,17367973376
4,731.011,grad,17367973376
4,732.29,grad,17367973376
4,733.549,grad,17367973376
4,734.801,grad,17367973376
4,736.046,grad,17369218560
4,737.321,grad,17369218560
4,738.568,grad,17369677312
4,739.821,grad,17369677312
4,741.066,grad,17369677312
4,742.352,grad,17369677312
4,743.609,grad,17369677312
4,744.852,grad,17371119104
4,746.115,grad,17372560896
4,747.42,grad,17372560896
4,748.667,grad,17372560896
4,749.911,grad,17372560896
4,751.158,grad,17372560896
4,752.439,grad,17372823040
4,753.698,grad,17372823040
4,754.955,grad,17373281792
4,756.211,grad,17373281792
4,757.466,grad,17373281792
4,758.711,grad,17373281792
4,759.959,grad,17373281792
4,761.247,grad,17373740544
4,762.551,grad,17373740544
4,763.823,grad,17374985728
4,765.082,grad,17374985728
4,766.366,grad,17374985728
4,767.625,grad,17374985728
4,768.881,grad,17374985728
4,770.129,grad,17375444480
4,771.389,grad,17376886272
4,772.664,grad,17376886272
4,773.95,grad,17376886272
4,775.245,grad,17376886272
4,776.502,grad,17376886272
4,777.749,grad,17378328064
4,779.014,grad,17378328064
4,780.292,grad,17378590208
4,781.556,grad,17378590208
4,782.838,grad,17378590208
4,784.087,grad,17378590208
4,785.348,grad,17378590208
4,786.599,grad,17379048960
4,787.843,grad,17379048960
4,789.089,grad,17379507712
4,790.362,grad,17379507712
4,791.612,grad,17379507712
4,792.869,grad,17379507712
4,794.115,grad,17379507712
4,795.386,grad,17380752896
4,796.63,grad,17381211648
4,797.871,grad,17381211648
4,799.116,grad,17381211648
4,800.39,grad,17381211648
4,801.662,grad,17381211648
4,802.939,grad,17382653440
4,804.188,grad,17382653440
4,805.447,grad,17384095232
4,806.706,grad,17384095232
4,807.965,grad,17384095232
4,809.22,grad,17384095232
4,810.477,grad,17384095232
4,811.725,grad,17384357376
4,812.993,grad,17384357376
4,814.275,grad,17384816128
4,815.542,grad,17384816128
4,816.815,grad,17384816128
4,818.064,grad,17384816128
4,819.325,grad,17385274880
4,820.569,grad,17385274880
4,821.836,grad,17386520064
4,823.151,grad,17386520064
4,824.508,grad,17386520064
4,825.772,grad,17386520064
4,827.021,grad,17386520064
4,828.271,grad,17386978816
4,829.524,grad,17386978816
4,830.778,grad,17388420608
4,832.031,grad,17388420608
4,833.255,grad,17388420608
4,834.519,grad,17388420608
4,835.771,grad,17388420608
4,837.018,grad,17390222848
4,838.276,grad,17390484992
4,839.564,grad,17390484992
4,840.833,grad,17390484992
4,842.106,grad,17390484992
4,843.413,grad,17390484992
4,844.669,grad,17390943744
4,845.918,grad,17390943744
4,847.17,grad,17391402496
4,848.439,grad,17391402496
4,849.687,grad,17391402496
4,850.939,grad,17391402496
4,852.19,grad,17391402496
4,853.489,grad,17392647680
4,854.749,grad,17392647680
4,856.007,grad,17393106432
4,857.251,grad,17393106432
4,858.499,grad,17393106432
4,859.745,grad,17393106432
4,861.0,grad,17393106432
4,862.274,grad,17394548224
4,863.545,grad,17395990016
4,864.792,grad,17395990016
4,866.041,grad,17395990016
4,867.288,grad,17395990016
4,868.539,grad,17395990016
4,869.79,grad,17396252160
4,871.04,grad,17396252160
4,872.27,grad,17396710912
4,873.536,grad,17396710912
4,874.788,grad,17396710912
4,876.04,grad,17396710912
4,877.287,grad,17396710912
4,878.541,grad,17397169664
4,879.789,grad,17397169664
4,881.056,grad,17398414848
4,882.353,grad,17398414848
4,883.622,grad,17398414848
4,884.877,grad,17398414848
4,886.149,grad,17398414848
4,887.419,grad,17398873600
4,888.668,grad,17400315392
4,889.927,grad,17400315392
4,891.174,grad,17400315392
4,892.442,grad,17400315392
4,893.709,grad,17400315392
4,894.95,grad,17401757184
4,896.191,grad,17401757184
4,897.45,grad,17402019328
4,898.695,grad,17402019328
4,899.944,grad,17402019328
4,901.19,grad,17402248704
4,902.47,grad,17426136576
4,903.753,grad,17460182528
4,905.016,grad,17378917888
4,906.283,grad,17256627712
4,907.546,grad,17140512256
4,910.447,grad,17140362752
4,911.721,grad,17140362752
4,912.97,grad,17140362752
4,914.27,grad,17141804544
4,915.534,grad,17169886720
4,916.785,grad,17197805056
4,918.046,grad,17223134720
4,919.304,grad,17251610112
4,920.6,grad,17280085504
4,921.89,grad,17303288320
4,923.179,grad,17303322112
4,924.519,grad,17303357952
4,925.789,grad,17303393792
4,927.141,grad,17303415296
4,928.411,grad,17303449600
4,929.683,grad,17303485952
4,930.936,grad,17303488000
4,932.203,grad,17332651520
4,933.492,grad,17332651520
4,934.751,grad,17332651520
4,935.998,grad,17332651520
4,937.247,grad,17332651520
4,938.49,grad,17332651520
4,939.735,grad,17333896704
4,940.988,grad,17333896704
4,942.243,grad,17333896704
4,943.501,grad,17333896704
4,944.769,grad,17333896704
4,946.029,grad,17334355456
4,947.278,grad,17334355456
4,948.531,grad,17334355456
4,949.781,grad,17334355456
4,951.033,grad,17334355456
4,952.277,grad,17335797248
4,953.538,grad,17335797248
4,954.812,grad,17335797248
4,956.062,grad,17335797248
4,957.322,grad,17335797248
4,958.577,grad,17335797248
4,959.827,grad,17337239040
4,961.083,grad,17337239040
4,962.356,grad,17337239040
4,963.62,grad,17337239040
4,964.88,grad,17337239040
4,966.131,grad,17337501184
4,967.409,grad,17337501184
4,968.652,grad,17337501184
4,969.894,grad,17337501184
4,971.136,grad,17337501184
4,972.393,grad,17337959936
4,973.638,grad,17337959936
4,974.895,grad,17337959936
4,976.142,grad,17337959936
4,977.401,grad,17337959936
4,978.644,grad,17337959936
4,979.88,grad,17338418688
4,981.118,grad,17338418688
4,982.364,grad,17338418688
4,983.607,grad,17338418688
4,984.86,grad,17338418688
4,986.111,grad,17339663872
4,987.366,grad,17339663872
4,988.609,grad,17339663872
4,989.857,grad,17339663872
4,991.099,grad,17339663872
4,992.35,grad,17339663872
4,993.603,grad,17340122624
4,994.864,grad,17340122624
4,996.106,grad,17340122624
4,997.359,grad,17340122624
4,998.629,grad,17340122624
4,999.878,grad,17341564416
4,1001.134,grad,17341564416
4,1002.451,grad,17341564416
4,1003.709,grad,17341564416
4,1004.968,grad,17341564416
4,1006.212,grad,17343006208
4,1007.474,grad,17343006208
4,1008.712,grad,17343006208
4,1009.964,grad,17343006208
4,1011.213,grad,17343006208
4,1012.501,grad,17343006208
4,1013.758,grad,17343268352
4,1015.019,grad,17343268352
4,1016.26,grad,17343268352
4,1017.506,grad,17343268352
4,1018.745,grad,17343268352
4,1019.988,grad,17343727104
4,1021.248,grad,17343727104
4,1022.519,grad,17343727104
4,1023.769,grad,17343727104
4,1025.025,grad,17343727104
4,1026.27,grad,17344185856
4,1027.527,grad,17344185856
4,1028.782,grad,17344185856
4,1030.052,grad,17344185856
4,1031.303,grad,17344185856
4,1032.56,grad,17344185856
4,1033.826,grad,17345791488
4,1035.108,grad,17345791488
4,1036.376,grad,17345791488
4,1037.628,grad,17345791488
4,1038.878,grad,17345791488
4,1040.126,grad,17346250240
4,1041.407,grad,17346250240
4,1042.691,grad,17346250240
4,1043.949,grad,17346250240
4,1045.212,grad,17346250240
4,1046.487,grad,17347692032
4,1047.738,grad,17347692032
4,1048.987,grad,17347692032
4,1050.244,grad,17347692032
4,1051.515,grad,17347692032
4,1052.771,grad,17347692032
4,1054.016,grad,17349133824
4,1055.272,grad,17349133824
4,1056.529,grad,17349133824
4,1057.771,grad,17349133824
4,1059.012,grad,17349133824
4,1060.259,grad,17349395968
4,1061.518,grad,17349395968
4,1062.776,grad,17349395968
4,1064.029,grad,17349395968
4,1065.283,grad,17349395968
4,1066.536,grad,17349395968
4,1067.782,grad,17349854720
4,1069.021,grad,17349854720
4,1070.259,grad,17349854720
4,1071.516,grad,17349854720
4,1072.78,grad,17349854720
4,1074.033,grad,17350313472
4,1075.29,grad,17350313472
4,1076.543,grad,17350313472
4,1077.784,grad,17350313472
4,1079.028,grad,17350313472
4,1080.258,grad,17351558656
4,1081.531,grad,17351558656
4,1082.812,grad,17351558656
4,1084.072,grad,17351558656
4,1085.353,grad,17351558656
4,1086.6,grad,17351558656
4,1087.842,grad,17352017408
4,1089.081,grad,17352017408
4,1090.34,grad,17352017408
4,1091.595,grad,17352017408
4,1092.859,grad,17352017408
4,1094.118,grad,17353459200
4,1095.413,grad,17353459200
4,1096.673,grad,17353459200
4,1097.928,grad,17353459200
4,1099.169,grad,17353459200
4,1100.429,grad,17354671616
4,1101.692,grad,17354900992
4,1102.957,grad,17354900992
4,1104.209,grad,17354900992
4,1105.498,grad,17354900992
4,1106.751,grad,17354900992
4,1107.996,grad,17354900992
4,1109.24,grad,17354900992
4,1110.484,grad,17354900992
4,1111.732,grad,17354900992
4,1112.992,grad,17354900992
4,1114.249,grad,17354900992
4,1115.508,grad,17354900992
4,1116.759,grad,17355163136
4,1117.999,grad,17355163136
4,1119.248,grad,17355163136
4,1120.504,grad,17355163136
4,1121.766,grad,17355163136
4,1123.04,grad,17355163136
4,1124.294,grad,17355163136
4,1125.55,grad,17355163136
4,1126.795,grad,17355163136
4,1128.044,grad,17355621888
4,1129.289,grad,17356080640
4,1130.538,grad,17356080640
4,1131.789,grad,17356080640
4,1133.052,grad,17356080640
4,1134.265,grad,17356080640
4,1135.522,grad,17357325824
4,1136.77,grad,17357325824
4,1138.012,grad,17357784576
4,1139.257,grad,17357784576
4,1140.51,grad,17357784576
4,1141.75,grad,17357784576
4,1143.023,grad,17357784576
4,1144.303,grad,17359226368
4,1145.587,grad,17359226368
4,1146.842,grad,17360668160
4,1148.086,grad,17360668160
4,1149.375,grad,17360668160
4,1150.631,grad,17360668160
4,1151.878,grad,17360668160
4,1153.15,grad,17360930304
4,1154.43,grad,17360930304
4,1155.699,grad,17361389056
4,1156.952,grad,17361389056
4,1158.197,grad,17361389056
4,1159.449,grad,17361389056
4,1160.692,grad,17361389056
4,1161.96,grad,17361847808
4,1163.244,grad,17363092992
4,1164.503,grad,17363092992
4,1165.759,grad,17363092992
4,1167.013,grad,17363092992
4,1168.252,grad,17363092992
4,1169.489,grad,17363551744
4,1170.726,grad,17363551744
4,1171.973,grad,17364993536
4,1173.227,grad,17364993536
4,1174.493,grad,17364993536
4,1175.747,grad,17364993536
4,1177.008,grad,17364993536
4,1178.246,grad,17366795776
4,1179.477,grad,17366795776
4,1180.706,grad,17367057920
4,1181.955,grad,17367057920
4,1183.216,grad,17367057920
4,1184.494,grad,17367057920
4,1185.766,grad,17367057920
4,1187.02,grad,17367516672
4,1188.262,grad,17367975424
4,1189.507,grad,17367975424
4,1190.745,grad,17367975424
4,1191.988,grad,17367975424
4,1193.261,grad,17367975424
4,1194.536,grad,17369220608
4,1195.814,grad,17369220608
4,1197.076,grad,17369679360
4,1198.338,grad,17369679360
4,1199.587,grad,17369679360
4,1200.839,grad,17369679360
4,1202.092,grad,17369679360
4,1203.362,grad,17371121152
4,1204.62,grad,17371121152
4,1205.889,grad,17372562944
4,1207.142,grad,17372562944
4,1208.395,grad,17372562944
4,1209.633,grad,17372562944
4,1210.868,grad,17372562944
4,1212.108,grad,17372825088
4,1213.403,grad,17373283840
4,1214.661,grad,17373283840
4,1215.936,grad,17373283840
4,1217.19,grad,17373283840
4,1218.449,grad,17373283840
4,1219.685,grad,17373742592
4,1220.93,grad,17373742592
4,1222.171,grad,17374987776
4,1223.424,grad,17374987776
4,1224.679,grad,17374987776
4,1225.932,grad,17374987776
4,1227.181,grad,17374987776
4,1228.441,grad,17375446528
4,1229.691,grad,17375446528
4,1230.934,grad,17376888320
4,1232.172,grad,17376888320
4,1233.424,grad,17376888320
4,1234.676,grad,17376888320
4,1235.929,grad,17376888320
4,1237.183,grad,17378330112
4,1238.451,grad,17378362880
4,1239.709,grad,17378592256
4,1240.966,grad,17378592256
4,1242.244,grad,17378592256
4,1243.499,grad,17378592256
4,1244.752,grad,17379051008
4,1246.022,grad,17379051008
4,1247.293,grad,17379509760
4,1248.536,grad,17379509760
4,1249.779,grad,17379509760
4,1251.019,grad,17379509760
4,1252.266,grad,17379509760
4,1253.51,grad,17380754944
4,1254.764,grad,17380754944
4,1256.018,grad,17381213696
4,1257.276,grad,17381213696
4,1258.514,grad,17381213696
4,1259.75,grad,17381213696
4,1260.99,grad,17381213696
4,1262.239,grad,17382655488
4,1263.482,grad,17384097280
4,1264.736,grad,17384097280
4,1265.99,grad,17384097280
4,1267.243,grad,17384097280
4,1268.485,grad,17384097280
4,1269.72,grad,17384130048
4,1270.964,grad,17384359424
4,1272.204,grad,17384818176
4,1273.461,grad,17384818176
4,1274.714,grad,17384818176
4,1275.969,grad,17384818176
4,1277.224,grad,17384818176
4,1278.482,grad,17385276928
4,1279.727,grad,17385276928
4,1281.008,grad,17386522112
4,1282.407,grad,17386522112
4,1283.688,grad,17386522112
4,1284.97,grad,17386522112
4,1286.268,grad,17386522112
4,1287.662,grad,17386980864
4,1288.948,grad,17388422656
4,1290.257,grad,17388422656
4,1291.53,grad,17388422656
4,1292.785,grad,17388422656
4,1294.059,grad,17388422656
4,1295.34,grad,17390224896
4,1296.611,grad,17390224896
4,1297.871,grad,17390487040
4,1299.115,grad,17390487040
4,1300.371,grad,17390487040
4,1301.61,grad,17390487040
4,1302.858,grad,17390487040
4,1304.126,grad,17390945792
4,1305.421,grad,17391404544
4,1306.702,grad,17391404544
4,1307.972,grad,17391404544
4,1309.225,grad,17391404544
4,1310.475,grad,17391404544
4,1311.712,grad,17392649728
4,1312.969,grad,17392649728
4,1314.249,grad,17393108480
4,1315.512,grad,17393108480
4,1316.786,grad,17393108480
4,1318.047,grad,17393108480
4,1319.289,grad,17393108480
4,1320.535,grad,17394550272
4,1321.793,grad,17395762688
4,1323.066,grad,17395992064
4,1324.357,grad,17395992064
4,1325.616,grad,17395992064
4,1326.888,grad,17395992064
4,1328.18,grad,17396254208
4,1329.529,grad,17396254208
4,1330.796,grad,17396712960
4,1332.046,grad,17396712960
4,1333.292,grad,17396712960
4,1334.556,grad,17396712960
4,1335.886,grad,17396712960
4,1337.146,grad,17397171712
4,1338.412,grad,17397171712
4,1339.662,grad,17398416896
4,1340.917,grad,17398416896
4,1342.158,grad,17398416896
4,1343.418,grad,17398416896
4,1344.698,grad,17398416896
4,1345.978,grad,17398875648
4,1347.246,grad,17400317440
4,1348.502,grad,17400317440
4,1349.748,grad,17400317440
4,1350.998,grad,17400317440
4,1352.246,grad,17400317440
4,1353.494,grad,17401759232
4,1354.78,grad,17401759232
4,1356.042,grad,17402021376
4,1357.292,grad,17402021376
4,1358.54,grad,17402021376
4,1359.795,grad,17402250752
4,1361.08,grad,17425909248
4,1362.366,grad,17459922432
4,1363.685,grad,17367909888
4,1365.008,grad,17233200640
4,1366.281,grad,17140876288
4,1369.295,grad,17140725248
4,1370.567,grad,17140725248
4,1371.805,grad,17140725248
4,1373.056,grad,17146492416
4,1374.375,grad,17172674048
4,1375.656,grad,17199609344
4,1376.92,grad,17215829504
4,1383.178,grad,17241159168
4,1384.476,grad,17270355456
4,1385.747,grad,17299322368
4,1387.014,grad,17303683072
4,1388.3,grad,17303722496
4,1389.58,grad,17303761408
4,1390.838,grad,17303783424
4,1392.091,grad,17303822848
4,1393.868,grad,17303850496
4,1395.211,grad,17332096512
4,1396.496,grad,17354903040
4,1397.758,grad,17354903040
4,1399.014,grad,17354903040
4,1400.263,grad,17354903040
4,1401.519,grad,17354903040
4,1402.774,grad,17354903040
4,1404.043,grad,17354903040
4,1405.341,grad,17354903040
4,1406.607,grad,17354903040
4,1407.869,grad,17354903040
4,1409.118,grad,17354903040
4,1410.373,grad,17354903040
4,1411.615,grad,17354903040
4,1412.855,grad,17354903040
4,1414.104,grad,17354903040
4,1415.41,grad,17354903040
4,1416.665,grad,17354903040
4,1417.923,grad,17354903040
4,1419.17,grad,17354903040
4,1420.428,grad,17354903040
4,1421.666,grad,17354903040
4,1422.912,grad,17354903040
4,1424.156,grad,17354903040
4,1425.45,grad,17354903040
4,1426.707,grad,17354903040
4,1427.966,grad,17354903040
4,1429.21,grad,17354903040
4,1430.465,grad,17354903040
4,1431.702,grad,17354903040
4,1432.944,grad,17354903040
4,1434.184,grad,17354903040
4,1435.485,grad,17354903040
4,1436.745,grad,17354903040
4,1438.004,grad,17354903040
4,1439.25,grad,17354903040
4,1440.494,grad,17354903040
4,1441.743,grad,17354903040
4,1443.011,grad,17354903040
4,1444.267,grad,17354903040
4,1445.596,grad,17354903040
4,1446.86,grad,17354903040
4,1448.115,grad,17354903040
4,1449.375,grad,17354903040
4,1450.619,grad,17354903040
4,1451.852,grad,17354903040
4,1453.089,grad,17354903040
4,1454.344,grad,17354903040
4,1455.599,grad,17354903040
4,1456.847,grad,17354903040
4,1458.103,grad,17354903040
4,1459.37,grad,17354903040
4,1460.608,grad,17354903040
4,1461.848,grad,17354903040
4,1463.086,grad,17354903040
4,1464.338,grad,17354903040
4,1465.615,grad,17354903040
4,1466.869,grad,17354903040
4,1468.121,grad,17354903040
4,1469.38,grad,17354903040
4,1470.622,grad,17354903040
4,1471.858,grad,17354903040
4,1473.096,grad,17354903040
4,1474.361,grad,17354903040
4,1475.637,grad,17354903040
4,1476.922,grad,17354903040
4,1478.178,grad,17354903040
4,1479.449,grad,17354903040
4,1480.691,grad,17354903040
4,1481.944,grad,17354903040
4,1483.198,grad,17354903040
4,1484.471,grad,17354903040
4,1485.732,grad,17354903040
4,1486.988,grad,17354903040
4,1488.248,grad,17354903040
4,1489.501,grad,17354903040
4,1490.739,grad,17354903040
4,1491.982,grad,17354903040
4,1493.221,grad,17354903040
4,1494.483,grad,17354903040
4,1495.744,grad,17354903040
4,1496.994,grad,17354903040
4,1498.259,grad,17354903040
4,1499.513,grad,17354903040
4,1500.75,grad,17354903040
4,1501.986,grad,17354903040
4,1503.22,grad,17354903040
4,1504.482,grad,17354903040
4,1505.743,grad,17354903040
4,1506.995,grad,17354903040
4,1508.246,grad,17354903040
4,1509.498,grad,17354903040
4,1510.734,grad,17354903040
4,1511.967,grad,17354903040
4,1513.201,grad,17354903040
4,1514.467,grad,17354903040
4,1515.721,grad,17354903040
4,1516.968,grad,17354903040
4,1518.211,grad,17354903040
4,1519.494,grad,17354903040
4,1520.744,grad,17354903040
4,1521.99,grad,17354903040
4,1523.25,grad,17354903040
4,1524.507,grad,17354903040
4,1525.766,grad,17354903040
4,1527.022,grad,17354903040
4,1528.271,grad,17354903040
4,1529.53,grad,17355165184
4,1530.773,grad,17355165184
4,1532.009,grad,17355165184
4,1533.254,grad,17355165184
4,1534.503,grad,17355165184
4,1535.776,grad,17355165184
4,1537.03,grad,17355165184
4,1538.277,grad,17355623936
4,1539.54,grad,17356082688
4,1540.784,grad,17356082688
4,1542.021,grad,17356082688
4,1543.253,grad,17356082688
4,1544.497,grad,17357688320
4,1545.761,grad,17358147072
4,1547.019,grad,17358147072
4,1548.269,grad,17358147072
4,1549.528,grad,17358147072
4,1550.766,grad,17359588864
4,1552.002,grad,17361030656
4,1553.244,grad,17361030656
4,1554.489,grad,17361030656
4,1555.744,grad,17361030656
4,1557.015,grad,17361292800
4,1558.271,grad,17361751552
4,1559.534,grad,17361751552
4,1560.789,grad,17361751552
4,1562.046,grad,17361751552
4,1563.323,grad,17362210304
4,1564.582,grad,17363455488
4,1565.831,grad,17363455488
4,1567.093,grad,17363455488
4,1568.366,grad,17363455488
4,1569.633,grad,17363914240
4,1570.883,grad,17365356032
4,1572.123,grad,17365356032
4,1573.384,grad,17365356032
4,1574.624,grad,17365356032
4,1575.871,grad,17366797824
4,1577.132,grad,17367059968
4,1578.395,grad,17367059968
4,1579.643,grad,17367059968
4,1580.883,grad,17367059968
4,1582.122,grad,17367518720
4,1583.375,grad,17367977472
4,1584.617,grad,17367977472
4,1585.859,grad,17367977472
4,1587.114,grad,17367977472
4,1588.38,grad,17369222656
4,1589.633,grad,17369681408
4,1590.876,grad,17369681408
4,1592.11,grad,17369681408
4,1593.36,grad,17369681408
4,1594.606,grad,17371123200
4,1595.856,grad,17372564992
4,1597.113,grad,17372564992
4,1598.376,grad,17372564992
4,1599.634,grad,17372564992
4,1600.887,grad,17372827136
4,1602.134,grad,17373285888
4,1603.408,grad,17373285888
4,1604.657,grad,17373285888
4,1605.905,grad,17373285888
4,1607.166,grad,17373744640
4,1608.438,grad,17374989824
4,1609.689,grad,17374989824
4,1610.932,grad,17374989824
4,1612.166,grad,17374989824
4,1613.425,grad,17375448576
4,1614.675,grad,17375448576
4,1615.934,grad,17376890368
4,1617.2,grad,17376890368
4,1618.468,grad,17376890368
4,1619.72,grad,17378332160
4,1620.964,grad,17378332160
4,1622.203,grad,17378594304
4,1623.458,grad,17378594304
4,1624.7,grad,17378594304
4,1625.942,grad,17379053056
4,1627.196,grad,17379053056
4,1628.471,grad,17379511808
4,1629.723,grad,17379511808
4,1630.967,grad,17379511808
4,1632.207,grad,17380756992
4,1633.494,grad,17380756992
4,1634.866,grad,17381215744
4,1636.178,grad,17381215744
4,1637.509,grad,17381215744
4,1638.764,grad,17382657536
4,1640.015,grad,17384099328
4,1641.264,grad,17384099328
4,1642.518,grad,17384099328
4,1643.789,grad,17384099328
4,1645.045,grad,17384361472
4,1646.304,grad,17384820224
4,1647.568,grad,17384820224
4,1648.814,grad,17384820224
4,1650.068,grad,17384820224
4,1651.321,grad,17385278976
4,1652.561,grad,17386524160
4,1653.817,grad,17386524160
4,1655.06,grad,17386524160
4,1656.334,grad,17386524160
4,1657.588,grad,17386982912
4,1658.827,grad,17388424704
4,1660.061,grad,17388424704
4,1661.294,grad,17388424704
4,1662.525,grad,17388424704
4,1663.762,grad,17390226944
4,1665.003,grad,17390489088
4,1666.261,grad,17390489088
4,1667.558,grad,17390489088
4,1668.814,grad,17390489088
4,1670.068,grad,17390947840
4,1671.326,grad,17391406592
4,1672.565,grad,17391406592
4,1673.817,grad,17391406592
4,1675.061,grad,17391406592
4,1676.362,grad,17392651776
4,1677.621,grad,17393110528
4,1678.872,grad,17393110528
4,1680.117,grad,17393110528
4,1681.386,grad,17393110528
4,1682.646,grad,17394552320
4,1683.909,grad,17395994112
4,1685.153,grad,17395994112
4,1686.42,grad,17395994112
4,1687.682,grad,17395994112
4,1688.945,grad,17396256256
4,1690.209,grad,17396715008
4,1691.473,grad,17396715008
4,1692.711,grad,17396715008
4,1693.988,grad,17396715008
4,1695.32,grad,17397173760
4,1696.603,grad,17398418944
4,1697.889,grad,17398418944
4,1699.156,grad,17398418944
4,1700.475,grad,17398877696
4,1701.728,grad,17398877696
4,1702.972,grad,17400319488
4,1704.216,grad,17400319488
4,1705.478,grad,17400319488
4,1706.721,grad,17401761280
4,1707.981,grad,17401794048
4,1709.333,grad,17402023424
4,1710.593,grad,17402023424
4,1711.84,grad,17402482176
4,1713.085,grad,17437675008
4,1714.355,grad,17457040896
4,1715.609,grad,17300606464
4,1716.876,grad,17156656640
4,1718.166,grad,17140395520
4,1719.476,grad,17140368896
4,1720.767,grad,17153107456
4,1722.065,grad,17180730880
4,1723.398,grad,17209304576
4,1724.74,grad,17238402560
4,1726.008,grad,17267828224
4,1727.29,grad,17297483264
4,1728.557,grad,17188300288
4,1729.901,grad,17139999744
4,1731.191,grad,17010729984
4,1732.477,noise,16976714752
4,1733.759,noise,16976714752
4,1735.021,noise,16977927168
4,1736.329,noise,16978385920
4,1737.601,noise,16978385920
4,1738.858,noise,16982023168
4,1740.217,noise,16979827712
4,1741.565,noise,16981040128
4,1742.858,noise,16981302272
4,1744.135,noise,16981990400
4,1745.405,noise,16982449152
4,1746.676,noise,16982481920
4,1747.96,noise,16983694336
4,1749.25,noise,16984153088
4,1750.509,noise,16984153088
4,1751.752,noise,16985365504
4,1752.989,noise,16985594880
4,1754.244,noise,16986807296
4,1755.483,noise,16987069440
4,1756.731,noise,16987528192
4,1757.976,noise,16988216320
4,1759.246,noise,16988249088
4,1760.492,noise,16989461504
4,1761.742,noise,16989920256
4,1762.999,noise,16989920256
4,1764.31,noise,16991132672
4,1765.561,noise,16991362048
4,1766.808,noise,16992574464
4,1768.062,noise,16992836608
4,1769.346,noise,16993295360
4,1770.598,noise,16993983488
4,1771.841,noise,16994016256
4,1773.079,noise,16995228672
4,1774.337,noise,16995687424
4,1775.607,noise,16995687424
4,1776.881,noise,16996899840
4,1778.128,noise,16997129216
4,1779.399,noise,16998341632
4,1780.642,noise,16998603776
4,1781.883,noise,16999291904
4,1783.128,noise,16999980032
4,1784.386,noise,16999783424
4,1785.631,noise,17000995840
4,1786.872,noise,17001454592
4,1788.121,noise,17001454592
4,1789.417,noise,17002667008
4,1790.677,noise,17002896384
4,1791.924,noise,17004108800
4,1793.176,noise,17004370944
4,1794.437,noise,17005059072
4,1795.716,noise,17005747200
4,1796.991,noise,17005550592
4,1798.302,noise,17006763008
4,1799.613,noise,17007811584
4,1800.903,noise,17007582208
4,1802.174,noise,17008794624
4,1803.442,noise,17009024000
4,1804.692,noise,17010236416
4,1805.939,noise,17010498560
4,1807.186,noise,17011186688
4,1808.45,noise,17011874816
4,1809.719,noise,17011678208
4,1810.965,noise,17012890624
4,1812.213,noise,17013349376
4,1813.469,noise,17013349376
4,1814.749,noise,17014561792
4,1815.986,noise,17014791168
4,1817.239,noise,17016003584
4,1818.482,noise,17016265728
4,1819.742,noise,17016724480
4,1820.996,noise,17017412608
4,1822.255,noise,17017445376
4,1823.515,noise,17018657792
4,1824.777,noise,17019476992
4,1826.021,noise,17019476992
4,1827.303,noise,17020689408
4,1828.551,noise,17020918784
4,1829.813,noise,17022131200
4,1831.054,noise,17022393344
4,1832.317,noise,17023081472
4,1833.566,noise,17023769600
4,1834.811,noise,17023572992
4,1836.055,noise,17024785408
4,1837.336,noise,17025244160
4,1838.603,noise,17025244160
4,1839.907,noise,17026456576
4,1841.252,noise,17026685952
4,1842.534,noise,17027898368
4,1843.791,noise,17028160512
4,1845.038,noise,17028848640
4,1846.285,noise,17029536768
4,1847.53,noise,17029340160
4,1848.778,noise,17030552576
4,1850.058,noise,17031011328
4,1851.32,noise,17031011328
4,1852.568,noise,17033436160
4,1853.832,noise,17032453120
4,1855.079,noise,17032453120
4,1856.341,noise,17033894912
4,1857.596,noise,17034386432
4,1858.848,noise,17034845184
4,1860.107,noise,17035107328
4,1861.39,noise,17035107328
4,1862.649,noise,17036549120
4,1863.9,noise,17036778496
4,1865.142,noise,17036778496
4,1866.406,noise,17038220288
4,1867.647,noise,17038220288
4,1868.907,noise,17039432704
4,1870.175,noise,17039924224
4,1871.438,noise,17040612352
4,1872.693,noise,17040874496
4,1873.936,noise,17040874496
4,1875.205,noise,17042775040
4,1876.506,noise,17042545664
4,1877.759,noise,17042545664
4,1879.015,noise,17043987456
4,1880.272,noise,17043987456
4,1881.526,noise,17045199872
4,1882.779,noise,17045691392
4,1884.032,noise,17046379520
4,1885.294,noise,17046641664
4,1886.537,noise,17046641664
4,1887.784,noise,17048542208
4,1889.053,noise,17048312832
4,1890.323,noise,17048312832
4,1891.574,noise,17049754624
4,1892.815,noise,17049754624
4,1894.053,noise,17050967040
4,1895.258,noise,17051458560
4,1896.51,noise,17051917312
4,1897.759,noise,17052408832
4,1899.016,noise,17052408832
4,1900.27,noise,17053850624
4,1901.539,noise,17054080000
4,1902.802,noise,17054080000
4,1904.049,noise,17055521792
4,1905.294,noise,17055521792
4,1906.535,noise,17056734208
4,1907.785,noise,17057225728
4,1909.046,noise,17057684480
4,1910.257,noise,17058176000
4,1911.511,noise,17058176000
4,1912.75,noise,17059978240
4,1913.993,noise,17060207616
4,1915.245,noise,17060207616
4,1916.501,noise,17061649408
4,1917.744,noise,17061649408
4,1919.003,noise,17062861824
4,1920.267,noise,17063353344
4,1921.532,noise,17063812096
4,1922.796,noise,17064303616
4,1924.054,noise,17064303616
4,1925.336,noise,17065516032
4,1926.599,noise,17065974784
4,1927.847,noise,17065974784
4,1929.109,noise,17067416576
4,1930.395,noise,17067416576
4,1931.648,noise,17068628992
4,1932.907,noise,17069120512
4,1934.152,noise,17069808640
4,1935.418,noise,17070070784
4,1936.676,noise,17070070784
4,1937.922,noise,17071512576
4,1939.183,noise,17071741952
4,1940.469,noise,17072954368
4,1941.716,noise,17073183744
4,1942.96,noise,17073183744
4,1944.205,noise,17074625536
4,1945.462,noise,17075117056
4,1946.706,noise,17075805184
4,1947.956,noise,17075837952
4,1949.209,noise,17075837952
4,1950.494,noise,17077279744
4,1951.74,noise,17077509120
4,1952.985,noise,17078721536
4,1954.225,noise,17078950912
4,1955.479,noise,17078950912
4,1956.72,noise,17080392704
4,1957.962,noise,17080884224
4,1959.247,noise,17081572352
4,1960.516,noise,17081605120
4,1961.77,noise,17081605120
4,1963.05,noise,17083046912
4,1964.303,noise,17083276288
4,1965.539,noise,17084488704
4,1966.781,noise,17084718080
4,1968.019,noise,17084718080
4,1969.299,noise,17086159872
4,1970.563,noise,17086651392
4,1971.812,noise,17087568896
4,1973.055,noise,17087372288
4,1974.323,noise,17087372288
4,1975.613,noise,17088814080
4,1976.886,noise,17089043456
4,1978.13,noise,17090255872
4,1979.425,noise,17090845696
4,1980.683,noise,17090845696
4,1981.928,noise,17092320256
4,1983.171,noise,17093008384
4,1984.432,noise,17093696512
4,1985.682,noise,17093499904
4,1986.933,noise,17093499904
4,1988.175,noise,17094941696
4,1989.463,noise,17095171072
4,1990.737,noise,17096383488
4,1992.003,noise,17096612864
4,1993.252,noise,17096612864
4,1994.502,noise,17098054656
4,1995.767,noise,17098546176
4,1997.053,noise,17099234304
4,1998.325,noise,17099267072
4,1999.606,noise,17099267072
4,2000.876,noise,17100708864
4,2002.142,noise,17100938240
4,2003.444,noise,17102150656
4,2004.707,noise,17102380032
4,2005.96,noise,17102380032
4,2007.212,noise,17103821824
4,2008.475,noise,17104313344
4,2009.756,noise,17104772096
4,2011.024,noise,17105034240
4,2012.268,noise,17105034240
4,2013.512,noise,17107295232
4,2014.757,noise,17107065856
4,2015.998,noise,17107065856
4,2017.245,noise,17108507648
4,2018.493,noise,17108507648
4,2019.768,noise,17109720064
4,2021.035,noise,17110211584
4,2022.288,noise,17110899712
4,2023.541,noise,17111161856
4,2024.798,noise,17111161856
4,2026.039,noise,17112603648
4,2027.286,noise,17112833024
4,2028.537,noise,17114045440
4,2029.806,noise,17114274816
4,2031.066,noise,17114274816
4,2032.332,noise,17115716608
4,2033.581,noise,17116208128
4,2034.852,noise,17117125632
4,2036.107,noise,17116929024
4,2037.393,noise,17116929024
4,2038.637,noise,17118370816
4,2039.894,noise,17118600192
4,2041.158,noise,17119812608
4,2042.437,noise,17120041984
4,2043.698,noise,17120041984
4,2044.953,noise,17121483776
4,2046.204,noise,17121975296
4,2047.463,noise,17122434048
4,2048.708,noise,17122696192
4,2050.115,noise,17122696192
4,2051.422,noise,17124137984
4,2052.679,noise,17124367360
4,2053.93,noise,17125579776
4,2055.183,noise,17125809152
4,2056.478,noise,17125809152
4,2057.724,noise,17127250944
4,2058.974,noise,17127742464
4,2060.26,noise,17128430592
4,2061.537,noise,17128463360
4,2062.799,noise,17128463360
4,2064.042,noise,17129905152
4,2065.293,noise,17130134528
4,2066.531,noise,17131346944
4,2067.77,noise,17131576320
4,2069.01,noise,17131576320
4,2070.291,noise,17133018112
4,2071.554,noise,17133509632
4,2072.833,noise,17133968384
4,2074.075,noise,17134230528
4,2075.333,noise,17135442944
4,2076.594,noise,17135672320
4,2077.844,noise,17135901696
4,2079.085,noise,17137114112
4,2080.391,noise,17137343488
4,2081.662,noise,17137343488
4,2082.927,noise,17138785280
4,2084.181,noise,17139276800
4,2085.469,noise,17139735552
4,2086.719,noise,17127775232
4,2087.972,noise,16983923712
4,2089.244,optimizer,16977927168
4,2090.547,optimizer,16978707456
4,2091.841,optimizer,16981239808
4,2093.114,optimizer,16982443008
4,2094.399,optimizer,16982673408
4,2095.742,optimizer,16983188480
4,2097.124,optimizer,16983443456
4,2098.519,optimizer,16983309312
4,2099.867,optimizer,16985956352
4,2101.279,optimizer,16985446400
4,2102.679,optimizer,16987719168
4,2103.975,optimizer,16989022720
4,2105.256,optimizer,16988318720
4,2106.554,optimizer,16989021184
4,2107.824,optimizer,16989051392
4,2109.097,optimizer,16989568000
4,2110.393,optimizer,16989410816
4,2111.681,optimizer,16992091648
4,2113.119,optimizer,16993625088
4,2114.585,optimizer,16996368896
4,2116.022,optimizer,16994529280
4,2117.326,optimizer,16995186176
4,2118.606,optimizer,16995710976
4,2119.87,optimizer,16998227456
4,2121.135,optimizer,17000971264
4,2122.461,optimizer,17003716096
4,2123.735,optimizer,17000664064
4,2125.016,optimizer,17001550336
4,2126.266,optimizer,17001844736
4,2127.525,optimizer,17003377664
4,2128.786,optimizer,17006124032
4,2130.056,optimizer,17007671808
4,2131.32,optimizer,17007196160
4,2132.576,optimizer,17007699968
4,2133.823,optimizer,17007815168
4,2135.078,optimizer,17009784832
4,2136.364,optimizer,17011289600
4,2137.621,optimizer,17012860928
4,2138.866,optimizer,17013346816
4,2140.108,optimizer,17014107136
4,2141.376,optimizer,17017598464
4,2142.668,optimizer,17017218560
4,2144.01,optimizer,17020001792
4,2145.305,optimizer,17019287040
4,2146.564,optimizer,17019725824
4,2147.841,optimizer,17020246016
4,2149.115,optimizer,17022766080
4,2150.384,optimizer,17025510400
4,2151.646,optimizer,17026103296
4,2152.935,optimizer,17025371136
4,2154.244,optimizer,17026103296
4,2155.511,optimizer,17026384896
4,2156.768,optimizer,17028375040
4,2158.019,optimizer,17030678016
4,2159.274,optimizer,17031685120
4,2160.533,optimizer,17031751680
4,2161.8,optimizer,17032467968
4,2163.072,optimizer,17033686016
4,2164.338,optimizer,17034296832
4,2165.606,optimizer,17037116416
4,2166.858,optimizer,17037398016
4,2168.122,optimizer,17038114816
4,2169.387,optimizer,17038619136
4,2170.641,optimizer,17042366464
4,2171.905,optimizer,17041720320
4,2173.152,optimizer,17045447680
4,2174.414,optimizer,17043593216
4,2175.668,optimizer,17044264960
4,2176.927,optimizer,17044787712
4,2178.169,optimizer,17046779904
4,2179.431,optimizer,17049080832
4,2180.675,optimizer,17049860608
4,2181.916,optimizer,17050155520
4,2183.158,optimizer,17051102208
4,2184.426,optimizer,17052166144
4,2185.68,optimizer,17052700672
4,2186.926,optimizer,17055521280
4,2188.19,optimizer,17055605248
4,2189.45,optimizer,17056547840
4,2190.694,optimizer,17057251840
4,2191.94,optimizer,17059573248
4,2193.2,optimizer,17061106688
4,2194.467,optimizer,17062869504
4,2195.752,optimizer,17062214144
4,2197.005,optimizer,17062940672
4,2198.253,optimizer,17062995968
4,2199.527,optimizer,17064969216
4,2200.778,optimizer,17066502656
4,2202.103,optimizer,17068069888
4,2203.517,optimizer,17068559360
4,2204.81,optimizer,17069277184
4,2206.092,optimizer,17070494720
4,2207.41,optimizer,17071105024
4,2208.776,optimizer,17074361344
4,2210.109,optimizer,17074601472
4,2211.382,optimizer,17075284992
4,2212.629,optimizer,17076017664
4,2213.881,optimizer,17079764992
4,2215.139,optimizer,17078889472
4,2216.922,optimizer,17081404416
4,2218.184,optimizer,17080734208
4,2219.473,optimizer,17081433088
4,2220.72,optimizer,17081956864
4,2221.965,optimizer,17084702208
4,2223.223,optimizer,17087447552
4,2224.495,optimizer,17087783936
4,2225.748,optimizer,17087538176
4,2226.992,optimizer,17087814144
4,2228.246,optimizer,17089108992
4,2229.506,optimizer,17089897472
4,2230.753,optimizer,17091631616
4,2231.994,optimizer,17093331456
4,2233.245,optimizer,17094048256
4,2234.495,optimizer,17094580224
4,2235.752,optimizer,17098071552
4,2237.029,optimizer,17097653248
4,2238.283,optimizer,17101381120
4,2239.561,optimizer,17099541504
4,2240.818,optimizer,17100657152
4,2242.104,optimizer,17100722176
4,2243.38,optimizer,17102255616
4,2244.652,optimizer,17105001472
4,2245.925,optimizer,17106778624
4,2247.179,optimizer,17106087936
4,2248.442,optimizer,17106577408
4,2249.695,optimizer,17107872768
4,2250.948,optimizer,17108634112
4,2252.203,optimizer,17111606272
4,2253.467,optimizer,17111735808
4,2254.718,optimizer,17112681984
4,2255.972,optimizer,17112957440
4,2257.261,optimizer,17115852800
4,2258.521,optimizer,17116419584
4,2259.77,optimizer,17120375296
4,2261.015,optimizer,17118278656
4,2262.262,optimizer,17119220736
4,2263.536,optimizer,17119489536
4,2264.784,optimizer,17121478144
4,2266.05,optimizer,17123781120
4,2267.304,optimizer,17124558848
4,2268.563,optimizer,17124853760
4,2269.811,optimizer,17125800448
4,2271.069,optimizer,17126714880
4,2272.319,optimizer,17128686592
4,2273.569,optimizer,17130221056
4,2274.809,optimizer,17130304000
4,2276.051,optimizer,17131246592
4,2277.295,optimizer,17131950592
4,2278.566,optimizer,17134272512
4,2279.814,optimizer,17137377792
4,2281.062,optimizer,17137942528
4,2282.325,optimizer,17137043968
4,2283.587,optimizer,17137999872
4,2284.84,optimizer,17138253312
4,2286.087,optimizer,17140242944
4,2287.379,optimizer,17142545920
4,2288.657,optimizer,17143323648
4,2289.912,optimizer,17143619072
4,2291.16,optimizer,17144565248
4,2292.419,optimizer,17145479680
4,2293.664,optimizer,17148817408
4,2294.91,optimizer,17148985344
4,2296.155,optimizer,17149068800
4,2297.434,optimizer,17150025728
4,2298.702,optimizer,17150714880
4,2299.952,optimizer,17150358528
4,2301.208,optimizer,17150358528
4,2302.474,optimizer,17152784384
4,2303.733,optimizer,17150358016
4,2304.979,optimizer,17155207680
4,2306.22,optimizer,17150423552
4,2307.486,optimizer,17150816768
4,2308.752,optimizer,17150358016
4,2310.001,optimizer,17151275520
4,2311.244,optimizer,17150424064
4,2312.49,optimizer,17150358528
4,2313.771,optimizer,17150358016
4,2315.02,optimizer,17150358016
4,2316.263,optimizer,17150423552
4,2317.512,optimizer,17150816768
4,2318.774,optimizer,17151275520
4,2320.032,optimizer,17150424064
4,2321.28,optimizer,17152782848
4,2322.546,optimizer,17150358016
4,2323.817,optimizer,17150816768
4,2325.079,optimizer,17150358016
4,2326.357,optimizer,17150358016
4,2327.61,optimizer,17150358528
4,2328.867,optimizer,17150358016
4,2330.107,optimizer,17150816768
4,2331.362,optimizer,17151275520
4,2332.61,optimizer,17152784384
4,2333.873,optimizer,17150423552
4,2335.116,optimizer,17150358016
4,2336.378,optimizer,17150489088
4,2337.624,optimizer,17152783872
4,2338.867,optimizer,17150816768
4,2340.139,optimizer,17150359040
4,2341.398,optimizer,17162254336
4,2342.646,optimizer,17176901632
4,2343.896,optimizer,17190500352
4,2345.16,optimizer,17203344896
4,2346.436,optimizer,17214617088
4,2347.694,optimizer,17229297152
4,2348.945,optimizer,17243125760
4,2350.187,optimizer,17257052160
4,2351.46,optimizer,17272059904
4,2352.739,optimizer,17284544512
4,2353.987,optimizer,17299224576
4,2355.24,optimizer,17313052672
4,2356.487,optimizer,17208061440
4,2357.742,optimizer,17152322560
4,2358.996,optimizer,17184435200
4,2360.246,optimizer,17213500416
4,2361.513,optimizer,17242565632
4,2362.825,optimizer,17271761920
4,2364.121,optimizer,17301318656
4,2365.394,optimizer,17248332800
4,2366.669,optimizer,17151732736
4,2367.934,optimizer,17184173056
4,2369.188,optimizer,17213598720
4,2370.449,optimizer,17242565632
4,2371.699,optimizer,17272024064
4,2372.961,optimizer,17301449728
4,2374.21,optimizer,17237519360
4,2375.483,optimizer,17085410304
4,2376.731,optimizer,16985621504
4,2377.985,optimizer,16981086720
4,2379.764,optimizer,16977075200
4,2381.031,optimizer,16977075200
4,2382.304,optimizer,16977075200
4,2383.578,optimizer,16977075200
