step,t_ms,phase,alloc_bytes
3,2.305,grad,17000903168
3,3.634,grad,17000903168
3,4.965,grad,17000903168
3,6.206,grad,17001132544
3,7.479,grad,17026036224
3,8.767,grad,17055920640
3,10.041,grad,17084264960
3,11.337,grad,17111200256
3,12.61,grad,17138594304
3,13.883,grad,17164911616
3,15.159,grad,17164946944
3,16.496,grad,17164981248
3,17.803,grad,17165016576
3,19.61,grad,17165051904
3,20.907,grad,17165058560
3,22.214,grad,17165058560
3,23.526,grad,17165058560
3,24.838,grad,17165058560
3,26.167,grad,17165059584
3,27.474,grad,17165059584
3,28.735,grad,17165059584
3,29.986,grad,17165059584
3,31.243,grad,17165059584
3,32.485,grad,17165059584
3,33.731,grad,17165060608
3,34.977,grad,17165060608
3,36.245,grad,17165060608
3,37.502,grad,17165060608
3,38.745,grad,17165060608
3,39.983,grad,17165060608
3,41.24,grad,17165061632
3,42.495,grad,17165061632
3,43.747,grad,17165061632
3,44.996,grad,17165061632
3,46.279,grad,17165061632
3,47.544,grad,17165061632
3,48.804,grad,17165062656
3,50.061,grad,17165062656
3,51.361,grad,17165062656
3,52.621,grad,17165062656
3,53.883,grad,17165062656
3,55.126,grad,17165062656
3,56.431,grad,17165063680
3,57.689,grad,17165063680
3,58.94,grad,17165063680
3,60.193,grad,17165063680
3,61.455,grad,17165063680
3,62.698,grad,17165063680
3,63.944,grad,17165064704
3,65.196,grad,17165064704
3,66.49,grad,17165064704
3,67.742,grad,17165064704
3,68.982,grad,17165064704
3,70.238,grad,17165064704
3,71.49,grad,17165065728
3,72.743,grad,17165065728
3,74.009,grad,17165065728
3,75.213,grad,17165065728
3,76.472,grad,17165065728
3,77.732,grad,17165065728
3,78.976,grad,17165066752
3,80.212,grad,17165066752
3,81.46,grad,17165066752
3,82.697,grad,17165066752
3,83.935,grad,17165066752
3,85.171,grad,17165066752
3,86.451,grad,17165067776
3,87.707,grad,17165067776
3,88.954,grad,17165067776
3,90.192,grad,17165067776
3,91.436,grad,17165067776
3,92.673,grad,17165067776
3,93.918,grad,17165068800
3,95.17,grad,17165068800
3,96.461,grad,17165068800
3,97.728,grad,17165068800
3,98.984,grad,17165068800
3,100.203,grad,17165068800
3,101.451,grad,17165069824
3,102.684,grad,17165069824
3,103.917,grad,17165069824
3,105.156,grad,17165069824
3,106.447,grad,17165069824
3,107.709,grad,17165069824
3,108.958,grad,17165070848
3,110.199,grad,17165070848
3,111.462,grad,17165070848
3,112.707,grad,17165070848
3,113.952,grad,17165070848
3,115.193,grad,17165070848
3,116.44,grad,17165071872
3,117.694,grad,17165071872
3,118.933,grad,17165071872
3,120.193,grad,17165071872
3,121.47,grad,17165071872
3,122.723,grad,17165071872
3,123.977,grad,17165072896
3,125.222,grad,17165072896
3,126.464,grad,17165072896
3,127.722,grad,17165072896
3,128.971,grad,17165072896
3,130.227,grad,17165072896
3,131.479,grad,17165073920
3,132.723,grad,17165073920
3,133.964,grad,17165073920
3,135.204,grad,17165073920
3,136.458,grad,17165073920
3,137.715,grad,17165073920
3,138.955,grad,17165074944
3,140.194,grad,17165074944
3,141.442,grad,17165074944
3,142.695,grad,17165074944
3,143.942,grad,17165074944
3,145.199,grad,17165074944
3,146.472,grad,17165075968
3,147.738,grad,17165075968
3,148.988,grad,17165075968
3,150.245,grad,17165075968
3,151.501,grad,17165075968
3,152.753,grad,17165075968
3,154.018,grad,17165076992
3,155.287,grad,17165076992
3,156.54,grad,17165076992
3,157.799,grad,17165076992
3,159.042,grad,17165076992
3,160.32,grad,17165076992
3,161.575,grad,17165078016
3,162.822,grad,17165078016
3,164.064,grad,17165078016
3,165.349,grad,17165078016
3,166.607,grad,17165078016
3,167.862,grad,17165078016
3,169.109,grad,17165079040
3,170.396,grad,17165079040
3,171.648,grad,17165079040
3,172.903,grad,17165079040
3,174.172,grad,17165079040
3,175.46,grad,17165079040
3,176.733,grad,17165080064
3,177.989,grad,17165080064
3,179.239,grad,17165080064
3,180.478,grad,17165080064
3,181.713,grad,17165080064
3,182.949,grad,17165080064
3,184.198,grad,17165081088
3,185.463,grad,17165081088
3,186.729,grad,17165081088
3,187.994,grad,17165081088
3,189.242,grad,17165081088
3,190.484,grad,17165081088
3,191.724,grad,17165082112
3,192.965,grad,17165082112
3,194.21,grad,17165082112
3,195.47,grad,17165082112
3,196.735,grad,17165082112
3,197.989,grad,17165082112
3,199.237,grad,17165083136
3,200.483,grad,17165083136
3,201.729,grad,17165083136
3,202.97,grad,17165083136
3,204.207,grad,17165083136
3,205.453,grad,17165083136
3,206.709,grad,17165084160
3,207.964,grad,17165084160
3,209.215,grad,17165084160
3,210.46,grad,17165084160
3,211.696,grad,17165084160
3,212.93,grad,17165084160
3,214.169,grad,17165085184
3,215.453,grad,17165085184
3,216.715,grad,17165085184
3,217.968,grad,17165085184
3,219.212,grad,17165085184
3,220.457,grad,17165085184
3,221.695,grad,17165085184
3,222.941,grad,17165085184
3,224.208,grad,17165085184
3,225.484,grad,17165085184
3,226.745,grad,17165085184
3,228.001,grad,17165085184
3,229.245,grad,17165085184
3,230.497,grad,17165085184
3,231.753,grad,17165085184
3,232.997,grad,17165085184
3,234.239,grad,17165085184
3,235.48,grad,17165085184
3,236.737,grad,17165085184
3,237.991,grad,17165085184
3,239.243,grad,17165086208
3,240.481,grad,17165086208
3,241.726,grad,17165086208
3,242.983,grad,17165086208
3,244.232,grad,17165086208
3,245.486,grad,17165086208
3,246.762,grad,17165086208
3,248.043,grad,17165086208
3,249.336,grad,17165086208
3,250.589,grad,17165086208
3,251.844,grad,17165087232
3,253.121,grad,17165087232
3,254.505,grad,17165088256
3,255.785,grad,17165088256
3,257.066,grad,17165088256
3,258.375,grad,17165088256
3,259.675,grad,17165088256
3,260.923,grad,17165088256
3,262.163,grad,17165088256
3,263.44,grad,17165088256
3,264.688,grad,17165089280
3,265.944,grad,17165089280
3,267.207,grad,17165090304
3,268.469,grad,17165090304
3,269.717,grad,17165090304
3,270.971,grad,17165090304
3,272.249,grad,17165090304
3,273.518,grad,17165090304
3,274.766,grad,17165090304
3,276.014,grad,17165090304
3,277.308,grad,17165091328
3,278.57,grad,17165091328
3,279.823,grad,17165091328
3,281.069,grad,17165092352
3,282.348,grad,17165092352
3,283.597,grad,17165092352
3,284.837,grad,17165092352
3,286.077,grad,17165092352
3,287.369,grad,17165092352
3,288.625,grad,17165092352
3,289.875,grad,17165092352
3,291.116,grad,17165093376
3,292.392,grad,17165093376
3,293.647,grad,17165094400
3,294.9,grad,17165094400
3,296.145,grad,17165094400
3,297.434,grad,17165094400
3,298.69,grad,17165094400
3,299.944,grad,17165094400
3,301.199,grad,17165094400
3,302.46,grad,17165094400
3,303.705,grad,17165095424
3,304.944,grad,17165095424
3,306.202,grad,17165096448
3,307.47,grad,17165096448
3,308.721,grad,17165096448
3,309.965,grad,17165096448
3,311.211,grad,17165096448
3,312.454,grad,17165096448
3,313.691,grad,17165096448
3,314.925,grad,17165096448
3,316.163,grad,17165097472
3,317.453,grad,17165097472
3,318.71,grad,17165097472
3,319.958,grad,17165098496
3,321.198,grad,17165098496
3,322.439,grad,17165098496
3,323.684,grad,17165098496
3,324.939,grad,17165098496
3,326.203,grad,17165098496
3,327.472,grad,17165098496
3,328.724,grad,17165098496
3,329.969,grad,17165099520
3,331.227,grad,17165099520
3,332.483,grad,17165100544
3,333.725,grad,17165100544
3,334.969,grad,17165100544
3,336.226,grad,17165100544
3,337.486,grad,17165100544
3,338.74,grad,17165100544
3,339.983,grad,17165100544
3,341.229,grad,17165100544
3,342.472,grad,17165101568
3,343.718,grad,17165101568
3,344.973,grad,17165101568
3,346.332,grad,17165102592
3,347.609,grad,17165102592
3,348.871,grad,17165102592
3,350.141,grad,17165102592
3,351.414,grad,17165102592
3,352.676,grad,17165102592
3,353.94,grad,17165102592
3,355.212,grad,17165103104
3,356.475,grad,17165103616
3,357.732,grad,17165103616
3,358.985,grad,17165104640
3,360.208,grad,17165104640
3,361.456,grad,17165104640
3,362.697,grad,17165104640
3,363.945,grad,17165104640
3,365.199,grad,17165104640
3,366.525,grad,17165104640
3,367.79,grad,17165104640
3,369.039,grad,17165105664
3,370.303,grad,17165105664
3,371.559,grad,17165106688
3,372.812,grad,17165106688
3,374.074,grad,17165106688
3,375.329,grad,17165106688
3,376.607,grad,17165106688
3,377.898,grad,17165106688
3,379.149,grad,17165106688
3,380.402,grad,17165106688
3,381.642,grad,17165107712
3,382.887,grad,17165107712
3,384.131,grad,17165108736
3,385.384,grad,17165108736
3,386.628,grad,17165108736
3,387.895,grad,17165108736
3,389.146,grad,17165108736
3,390.397,grad,17165108736
3,391.635,grad,17165108736
3,392.88,grad,17165108736
3,394.118,grad,17165109760
3,395.369,grad,17165109760
3,396.613,grad,17165109760
3,397.906,grad,17165109760
3,399.227,grad,17164990976
3,401.667,grad,17164909056
3,403.003,grad,17164909056
3,404.305,grad,17164909056
3,405.554,grad,17164909056
3,406.81,grad,17164909056
3,408.069,grad,17164909056
3,409.342,grad,17164909056
3,410.585,grad,17164909056
3,411.834,grad,17164909056
3,413.076,grad,17164909056
3,414.323,grad,17164909056
3,415.561,grad,17164909056
3,416.814,grad,17164909056
3,418.068,grad,17164909056
3,419.328,grad,17164909056
3,420.574,grad,17164909056
3,421.85,grad,17164909056
3,423.11,grad,17164909056
3,424.373,grad,17164909056
3,425.615,grad,17164909056
3,426.888,grad,17164909056
3,428.176,grad,17164909056
3,429.448,grad,17164909056
3,430.709,grad,17164909056
3,431.994,grad,17164909056
3,433.239,grad,17164909056
3,434.479,grad,17164909056
3,435.724,grad,17164909056
3,436.981,grad,17164909056
3,438.248,grad,17164909056
3,439.522,grad,17164909056
3,440.82,grad,17164909056
3,442.092,grad,17164909056
3,443.383,grad,17164909056
3,444.646,grad,17164909056
3,445.903,grad,17164909056
3,447.199,grad,17164909056
3,448.553,grad,17164909056
3,449.84,grad,17164909056
3,451.127,grad,17164909056
3,452.459,grad,17164909056
3,453.747,grad,17164909056
3,455.031,grad,17164909056
3,456.325,grad,17164909056
3,457.598,grad,17164909056
3,458.878,grad,17164909056
3,460.162,grad,17164909056
3,461.465,grad,17164909056
3,462.761,grad,17164909056
3,464.045,grad,17164909056
3,465.387,grad,17164909056
3,466.695,grad,17164909056
3,467.955,grad,17164909056
3,469.221,grad,17164909056
3,470.485,grad,17164909056
3,471.74,grad,17164909056
3,473.008,grad,17164909056
3,474.31,grad,17164909056
3,475.575,grad,17164909056
3,476.839,grad,17164909056
3,478.091,grad,17164909056
3,479.38,grad,17164909056
3,480.633,grad,17164909056
3,481.886,grad,17164909056
3,483.135,grad,17164909056
3,484.421,grad,17164909056
3,485.676,grad,17164909056
3,486.927,grad,17164909056
3,488.171,grad,17164909056
3,489.461,grad,17164909056
3,490.713,grad,17164909056
3,491.973,grad,17164909056
3,493.221,grad,17164909056
3,494.461,grad,17164909056
3,495.701,grad,17164909056
3,496.952,grad,17164909056
3,498.225,grad,17164909056
3,499.479,grad,17164909056
3,500.724,grad,17164909056
3,501.962,grad,17164909056
3,503.202,grad,17164909056
3,504.448,grad,17164909056
3,505.693,grad,17164909056
3,506.947,grad,17164909056
3,508.195,grad,17164909056
3,509.461,grad,17164909056
3,510.707,grad,17164909056
3,511.962,grad,17164909056
3,513.207,grad,17164909056
3,514.453,grad,17164909056
3,515.701,grad,17164909056
3,516.94,grad,17164909056
3,518.2,grad,17164909056
3,519.481,grad,17164909056
3,520.744,grad,17164909056
3,521.994,grad,17164909056
3,523.247,grad,17164909056
3,524.487,grad,17164909056
3,525.725,grad,17164909056
3,526.962,grad,17164909056
3,528.212,grad,17164909056
3,529.489,grad,17164909056
3,530.816,grad,17164909056
3,532.159,grad,17164909056
3,533.496,grad,17164909056
3,534.79,grad,17164909056
3,536.045,grad,17164909056
3,537.328,grad,17164909056
3,538.583,grad,17164909056
3,539.836,grad,17164909056
3,541.078,grad,17164909056
3,542.358,grad,17164909056
3,543.609,grad,17164909056
3,544.856,grad,17164909056
3,546.098,grad,17164909056
3,547.388,grad,17164909056
3,548.644,grad,17164909056
3,549.896,grad,17164909056
3,551.137,grad,17164909056
3,552.425,grad,17164909056
3,553.698,grad,17164909056
3,554.961,grad,17164909056
3,556.206,grad,17164909056
3,557.449,grad,17164909056
3,558.691,grad,17164909056
3,559.939,grad,17164909056
3,561.18,grad,17164909056
3,562.457,grad,17164909056
3,563.707,grad,17164909056
3,564.952,grad,17164909056
3,566.192,grad,17164909056
3,567.438,grad,17164909056
3,568.69,grad,17164909056
3,569.946,grad,17164909056
3,571.192,grad,17164909056
3,572.498,grad,17164909056
3,573.823,grad,17164909056
3,575.09,grad,17164909056
3,576.426,grad,17164909056
3,577.711,grad,17164909056
3,578.997,grad,17164909056
3,580.297,grad,17164909056
3,581.563,grad,17164909056
3,582.823,grad,17164909056
3,584.091,grad,17164909056
3,585.391,grad,17164909056
3,586.677,grad,17164909056
3,587.958,grad,17164909056
3,589.212,grad,17164909056
3,590.468,grad,17164909056
3,591.727,grad,17164909056
3,592.984,grad,17164909056
3,594.247,grad,17164909056
3,595.52,grad,17164909056
3,596.779,grad,17164909056
3,598.026,grad,17164909056
3,599.35,grad,17164909056
3,600.619,grad,17164909056
3,601.892,grad,17164909056
3,603.15,grad,17164909056
3,604.446,grad,17164909056
3,605.73,grad,17164909056
3,606.999,grad,17164909056
3,608.228,grad,17164909056
3,609.52,grad,17164909056
3,610.82,grad,17164909056
3,612.104,grad,17164909056
3,613.412,grad,17164909056
3,614.68,grad,17164909056
3,615.975,grad,17164909056
3,617.323,grad,17164909056
3,618.595,grad,17164909056
3,619.862,grad,17164909056
3,621.111,grad,17164909056
3,622.392,grad,17164909056
3,623.648,grad,17164909056
3,624.9,grad,17164909056
3,626.143,grad,17164909056
3,627.429,grad,17164909056
3,628.692,grad,17164909056
3,629.95,grad,17164909056
3,631.213,grad,17164909056
3,632.479,grad,17164909056
3,633.732,grad,17164909056
3,634.988,grad,17164909056
3,636.248,grad,17164909056
3,637.503,grad,17164909056
3,638.748,grad,17164909056
3,640.002,grad,17164909056
3,641.251,grad,17164909056
3,642.491,grad,17164909056
3,643.735,grad,17164909056
3,645.284,grad,17164909056
3,646.55,grad,17188338176
3,647.826,grad,17213078016
3,649.111,grad,17240963584
3,650.42,grad,17266555392
3,651.686,grad,17293457920
3,652.953,grad,17322392064
3,654.275,grad,17327499264
3,655.552,grad,17327534080
3,656.827,grad,17327569408
3,658.376,grad,17327601664
3,659.662,grad,17327621632
3,660.915,grad,17327622656
3,662.153,grad,17327622656
3,663.43,grad,17327622656
3,664.681,grad,17327622656
3,665.921,grad,17327622656
3,667.158,grad,17327622656
3,668.433,grad,17327623680
3,669.683,grad,17327623680
3,670.937,grad,17327623680
3,672.177,grad,17327623680
3,673.462,grad,17327623680
3,674.745,grad,17327623680
3,675.999,grad,17327624704
3,677.213,grad,17327624704
3,678.476,grad,17327624704
3,679.731,grad,17327624704
3,680.984,grad,17327624704
3,682.231,grad,17327624704
3,683.471,grad,17327625728
3,684.71,grad,17327625728
3,685.947,grad,17327625728
3,687.196,grad,17327625728
3,688.46,grad,17327625728
3,689.707,grad,17327625728
3,690.959,grad,17327626752
3,692.198,grad,17327626752
3,693.446,grad,17327626752
3,694.682,grad,17327626752
3,695.919,grad,17327626752
3,697.157,grad,17327626752
3,698.445,grad,17327627776
3,699.722,grad,17327627776
3,701.056,grad,17327627776
3,702.363,grad,17327627776
3,703.627,grad,17327627776
3,704.889,grad,17327627776
3,706.154,grad,17327628800
3,707.454,grad,17327628800
3,708.741,grad,17327628800
3,709.997,grad,17327628800
3,711.277,grad,17327628800
3,712.53,grad,17327628800
3,713.792,grad,17327629824
3,715.034,grad,17327629824
3,716.31,grad,17327629824
3,717.574,grad,17327629824
3,718.85,grad,17327629824
3,720.132,grad,17327630848
3,721.469,grad,17327630848
3,722.727,grad,17327630848
3,723.976,grad,17327630848
3,725.22,grad,17327630848
3,726.459,grad,17327630848
3,727.698,grad,17327631872
3,728.979,grad,17327631872
3,730.354,grad,17327631872
3,731.641,grad,17327631872
3,732.895,grad,17327631872
3,734.196,grad,17327631872
3,735.505,grad,17327632896
3,736.766,grad,17327632896
3,738.013,grad,17327632896
3,739.273,grad,17327632896
3,740.531,grad,17327632896
3,741.779,grad,17327632896
3,743.024,grad,17327633920
3,744.29,grad,17327633920
3,745.551,grad,17327633920
3,746.808,grad,17327633920
3,748.063,grad,17327633920
3,749.355,grad,17327633920
3,750.616,grad,17327634944
3,751.871,grad,17327634944
3,753.148,grad,17327634944
3,754.487,grad,17327634944
3,755.754,grad,17327634944
3,757.007,grad,17327634944
3,758.244,grad,17327635968
3,759.486,grad,17327635968
3,760.738,grad,17327635968
3,761.991,grad,17327635968
3,763.242,grad,17327635968
3,764.48,grad,17327635968
3,765.72,grad,17327636992
3,766.959,grad,17327636992
3,768.197,grad,17327636992
3,769.441,grad,17327636992
3,770.716,grad,17327636992
3,771.981,grad,17327636992
3,773.254,grad,17327638016
3,774.536,grad,17327638016
3,775.795,grad,17327638016
3,777.049,grad,17327638016
3,778.33,grad,17327638016
3,779.585,grad,17327638016
3,780.84,grad,17327639040
3,782.094,grad,17327639040
3,783.378,grad,17327639040
3,784.628,grad,17327639040
3,785.876,grad,17327639040
3,787.127,grad,17327639040
3,788.415,grad,17327640064
3,789.676,grad,17327640064
3,790.931,grad,17327640064
3,792.199,grad,17327640064
3,793.471,grad,17327640064
3,794.728,grad,17327640064
3,795.969,grad,17327641088
3,797.208,grad,17327641088
3,798.46,grad,17327641088
3,799.704,grad,17327641088
3,800.978,grad,17327641088
3,802.237,grad,17327641088
3,803.481,grad,17327642112
3,804.723,grad,17327642112
3,805.963,grad,17327642112
3,807.201,grad,17327642112
3,808.444,grad,17327642112
3,809.679,grad,17327642112
3,810.941,grad,17327643136
3,812.194,grad,17327643136
3,813.442,grad,17327643136
3,814.68,grad,17327643136
3,815.914,grad,17327643136
3,817.149,grad,17327643136
3,818.437,grad,17327644160
3,819.688,grad,17327644160
3,820.94,grad,17327644160
3,822.206,grad,17327644160
3,823.469,grad,17327644160
3,824.717,grad,17327644160
3,825.96,grad,17327645184
3,827.197,grad,17327645184
3,828.443,grad,17327645184
3,829.751,grad,17327645184
3,831.103,grad,17327645184
3,832.443,grad,17327645184
3,833.758,grad,17327646208
3,835.015,grad,17327646208
3,836.267,grad,17327646208
3,837.526,grad,17327646208
3,838.769,grad,17327646208
3,840.005,grad,17327646208
3,841.302,grad,17327647232
3,842.565,grad,17327647232
3,843.823,grad,17327647232
3,845.074,grad,17327647232
3,846.351,grad,17327647232
3,847.604,grad,17327647232
3,848.852,grad,17327648256
3,850.093,grad,17327648256
3,851.37,grad,17327648256
3,852.634,grad,17327648256
3,853.902,grad,17327648256
3,855.196,grad,17327648768
3,856.496,grad,17327649280
3,857.757,grad,17327649280
3,859.003,grad,17327649280
3,860.245,grad,17327649280
3,861.504,grad,17327649280
3,862.753,grad,17327649280
3,863.993,grad,17327649280
3,865.233,grad,17327649280
3,866.468,grad,17327649280
3,867.705,grad,17327649280
3,868.94,grad,17327649280
3,870.2,grad,17327649280
3,871.501,grad,17327649280
3,872.766,grad,17327649280
3,874.028,grad,17327649280
3,875.309,grad,17327649280
3,876.572,grad,17327649280
3,877.832,grad,17327649280
3,879.077,grad,17327649280
3,880.357,grad,17327650304
3,881.632,grad,17327650304
3,882.889,grad,17327650304
3,884.134,grad,17327650304
3,885.42,grad,17327650304
3,886.676,grad,17327650304
3,887.923,grad,17327650304
3,889.16,grad,17327650304
3,890.446,grad,17327650304
3,891.718,grad,17327650304
3,892.976,grad,17327651328
3,894.236,grad,17327651328
3,895.512,grad,17327652352
3,896.771,grad,17327652352
3,898.018,grad,17327652352
3,899.279,grad,17327652352
3,900.536,grad,17327652352
3,901.814,grad,17327652352
3,903.076,grad,17327652352
3,904.364,grad,17327652352
3,905.618,grad,17327653376
3,906.867,grad,17327653376
3,908.107,grad,17327653376
3,909.386,grad,17327654400
3,910.639,grad,17327654400
3,911.921,grad,17327654400
3,913.175,grad,17327654400
3,914.455,grad,17327654400
3,915.701,grad,17327654400
3,916.945,grad,17327654400
3,918.196,grad,17327654400
3,919.458,grad,17327655424
3,920.702,grad,17327655424
3,921.972,grad,17327656448
3,923.237,grad,17327656448
3,924.485,grad,17327656448
3,925.725,grad,17327656448
3,926.969,grad,17327656448
3,928.225,grad,17327656448
3,929.473,grad,17327656448
3,930.724,grad,17327656448
3,932.03,grad,17327657472
3,933.324,grad,17327657472
3,934.578,grad,17327658496
3,935.831,grad,17327658496
3,937.082,grad,17327658496
3,938.36,grad,17327658496
3,939.608,grad,17327658496
3,940.853,grad,17327658496
3,942.116,grad,17327658496
3,943.412,grad,17327658496
3,944.661,grad,17327659520
3,945.909,grad,17327659520
3,947.15,grad,17327659520
3,948.436,grad,17327660544
3,949.685,grad,17327660544
3,950.936,grad,17327660544
3,952.239,grad,17327660544
3,953.588,grad,17327660544
3,954.907,grad,17327660544
3,956.201,grad,17327660544
3,957.462,grad,17327660544
3,958.737,grad,17327661568
3,960.015,grad,17327661568
3,961.338,grad,17327662592
3,962.599,grad,17327662592
3,963.854,grad,17327662592
3,965.094,grad,17327662592
3,966.37,grad,17327662592
3,967.618,grad,17327662592
3,968.859,grad,17327662592
3,970.102,grad,17327662592
3,971.379,grad,17327663616
3,972.633,grad,17327663616
3,973.902,grad,17327664640
3,975.169,grad,17327664640
3,976.458,grad,17327664640
3,977.703,grad,17327664640
3,978.946,grad,17327664640
3,980.192,grad,17327664640
3,981.457,grad,17327664640
3,982.716,grad,17327664640
3,983.963,grad,17327665664
3,985.202,grad,17327665664
3,986.445,grad,17327666688
3,987.693,grad,17327666688
3,988.939,grad,17327666688
3,990.199,grad,17327666688
3,991.465,grad,17327666688
3,992.719,grad,17327666688
3,993.967,grad,17327666688
3,995.209,grad,17327666688
3,996.463,grad,17327667712
3,997.716,grad,17327667712
3,998.953,grad,17327667712
3,1000.192,grad,17327668736
3,1001.444,grad,17327668736
3,1002.7,grad,17327668736
3,1003.952,grad,17327668736
3,1005.192,grad,17327668736
3,1006.434,grad,17327668736
3,1007.67,grad,17327668736
3,1008.915,grad,17327668736
3,1010.161,grad,17327669760
3,1011.447,grad,17327669760
3,1012.718,grad,17327670784
3,1013.973,grad,17327670784
3,1015.232,grad,17327670784
3,1016.477,grad,17327670784
3,1017.718,grad,17327670784
3,1018.955,grad,17327670784
3,1020.223,grad,17327670784
3,1021.473,grad,17327670784
3,1022.74,grad,17327671808
3,1023.998,grad,17327671808
3,1025.244,grad,17327672832
3,1026.479,grad,17327672832
3,1027.713,grad,17327672832
3,1028.945,grad,17327672832
3,1030.211,grad,17327672832
3,1031.489,grad,17327672832
3,1032.754,grad,17327672832
3,1034.005,grad,17327672832
3,1035.248,grad,17327673856
3,1036.486,grad,17327673856
3,1037.72,grad,17327673856
3,1038.999,grad,17327673856
3,1040.285,grad,17329476096
3,1041.541,grad,17329476096
3,1042.788,grad,17329476096
3,1044.048,grad,17329476096
3,1045.331,grad,17329476096
3,1046.587,grad,17329476096
3,1047.84,grad,17329476096
3,1049.081,grad,17330917888
3,1050.359,grad,17330917888
3,1051.618,grad,17332359680
3,1052.893,grad,17332359680
3,1054.169,grad,17332359680
3,1055.465,grad,17332359680
3,1056.719,grad,17332359680
3,1057.966,grad,17332359680
3,1059.205,grad,17332359680
3,1060.449,grad,17332359680
3,1061.685,grad,17332621824
3,1062.93,grad,17332621824
3,1064.2,grad,17333080576
3,1065.462,grad,17333080576
3,1066.753,grad,17333080576
3,1068.008,grad,17333080576
3,1069.208,grad,17333080576
3,1070.467,grad,17333080576
3,1071.715,grad,17333080576
3,1072.972,grad,17333080576
3,1074.255,grad,17333539328
3,1075.522,grad,17333539328
3,1076.791,grad,17333539328
3,1078.066,grad,17333801472
3,1079.363,grad,17333801472
3,1080.618,grad,17333801472
3,1081.864,grad,17333801472
3,1083.111,grad,17333801472
3,1084.404,grad,17333801472
3,1085.65,grad,17333801472
3,1086.902,grad,17335013888
3,1088.15,grad,17335243264
3,1089.43,grad,17335243264
3,1090.68,grad,17336685056
3,1091.934,grad,17336685056
3,1093.194,grad,17336685056
3,1094.463,grad,17336685056
3,1095.711,grad,17336685056
3,1096.959,grad,17336685056
3,1098.2,grad,17336685056
3,1099.442,grad,17336685056
3,1100.681,grad,17338126848
3,1101.915,grad,17338126848
3,1103.154,grad,17338388992
3,1104.449,grad,17338388992
3,1105.702,grad,17338388992
3,1106.951,grad,17338388992
3,1108.192,grad,17338388992
3,1109.435,grad,17338388992
3,1110.671,grad,17338388992
3,1111.918,grad,17338388992
3,1113.162,grad,17338847744
3,1114.454,grad,17338847744
3,1115.711,grad,17339077120
3,1116.963,grad,17339306496
3,1118.211,grad,17339306496
3,1119.473,grad,17339306496
3,1120.713,grad,17339306496
3,1121.955,grad,17339306496
3,1123.215,grad,17339306496
3,1124.474,grad,17339306496
3,1125.724,grad,17339535872
3,1126.965,grad,17339568640
3,1128.201,grad,17339568640
3,1129.445,grad,17341010432
3,1130.715,grad,17341010432
3,1132.076,grad,17341010432
3,1133.398,grad,17341010432
3,1134.714,grad,17341010432
3,1136.018,grad,17341010432
3,1137.289,grad,17341010432
3,1138.545,grad,17341010432
3,1139.801,grad,17342452224
3,1141.048,grad,17342452224
3,1142.336,grad,17343894016
3,1143.602,grad,17343894016
3,1144.867,grad,17343894016
3,1146.114,grad,17343894016
3,1147.398,grad,17343894016
3,1148.652,grad,17343894016
3,1149.908,grad,17343894016
3,1151.158,grad,17343894016
3,1152.457,grad,17344156160
3,1153.735,grad,17344156160
3,1155.008,grad,17344614912
3,1156.287,grad,17344614912
3,1157.545,grad,17344614912
3,1158.796,grad,17344614912
3,1160.036,grad,17344614912
3,1161.308,grad,17344614912
3,1162.565,grad,17344614912
3,1163.924,grad,17344614912
3,1165.216,grad,17345073664
3,1166.487,grad,17345073664
3,1167.742,grad,17345335808
3,1168.987,grad,17345335808
3,1170.228,grad,17345335808
3,1171.466,grad,17345335808
3,1172.714,grad,17345335808
3,1174.02,grad,17345335808
3,1175.398,grad,17345335808
3,1176.71,grad,17345335808
3,1178.035,grad,17346777600
3,1179.398,grad,17346777600
3,1180.717,grad,17348219392
3,1182.051,grad,17348219392
3,1183.399,grad,17348219392
3,1184.682,grad,17348219392
3,1185.954,grad,17348219392
3,1187.214,grad,17348219392
3,1188.543,grad,17348219392
3,1189.872,grad,17348219392
3,1191.151,grad,17349661184
3,1192.458,grad,17349661184
3,1193.746,grad,17349923328
3,1195.02,grad,17349923328
3,1196.313,grad,17349923328
3,1197.591,grad,17349923328
3,1198.867,grad,17349923328
3,1200.137,grad,17349923328
3,1201.459,grad,17349923328
3,1202.733,grad,17349923328
3,1203.996,grad,17350382080
3,1205.282,grad,17350382080
3,1206.564,grad,17350840832
3,1207.839,grad,17350840832
3,1209.099,grad,17350840832
3,1210.394,grad,17350840832
3,1211.668,grad,17350840832
3,1212.933,grad,17350840832
3,1214.205,grad,17350840832
3,1215.474,grad,17350840832
3,1216.743,grad,17351102976
3,1218.034,grad,17351102976
3,1219.356,grad,17352544768
3,1220.633,grad,17352544768
3,1221.895,grad,17352544768
3,1223.162,grad,17352544768
3,1224.47,grad,17352544768
3,1225.775,grad,17352544768
3,1227.107,grad,17352544768
3,1228.426,grad,17352544768
3,1229.685,grad,17353986560
3,1230.989,grad,17353986560
3,1232.346,grad,17355428352
3,1233.618,grad,17355428352
3,1234.905,grad,17355428352
3,1236.212,grad,17355428352
3,1237.494,grad,17355428352
3,1238.757,grad,17355428352
3,1240.024,grad,17355428352
3,1241.337,grad,17355428352
3,1242.607,grad,17355690496
3,1243.865,grad,17355690496
3,1245.144,grad,17356149248
3,1246.441,grad,17356149248
3,1247.718,grad,17356149248
3,1249.008,grad,17356149248
3,1250.337,grad,17356149248
3,1251.634,grad,17356149248
3,1252.928,grad,17356149248
3,1254.221,grad,17356149248
3,1255.498,grad,17356149248
3,1256.772,grad,17356149248
3,1258.028,grad,17356149248
3,1259.343,grad,17356149248
3,1260.654,grad,17359753728
3,1261.923,grad,17362997760
3,1263.177,grad,17367585280
3,1264.474,grad,17371648512
3,1265.761,grad,17374040576
3,1267.032,grad,17379119616
3,1268.319,grad,17380299264
3,1269.577,grad,17385804288
3,1270.834,grad,17388950016
3,1272.086,grad,17391833600
3,1273.386,grad,17396781568
3,1274.777,grad,17402286592
3,1276.153,grad,17403728384
3,1277.548,grad,17408774656
3,1278.828,grad,17412379136
3,1280.098,grad,17415262720
3,1281.4,grad,17419850240
3,1282.663,grad,17423913472
3,1283.925,grad,17430270464
3,1285.206,grad,17463333376
3,1286.494,grad,17485189632
3,1287.762,grad,17349792256
3,1289.029,grad,17202237952
3,1290.335,grad,17164283392
3,1292.734,grad,17164190208
3,1294.013,grad,17164190208
3,1295.292,grad,17164190208
3,1296.795,grad,17164190208
3,1298.053,grad,17189290496
3,1299.34,grad,17218257408
3,1300.593,grad,17243357696
3,1301.85,grad,17271243264
3,1303.1,grad,17299358208
3,1304.391,grad,17325670912
3,1305.667,grad,17328587776
3,1306.924,grad,17328623104
3,1308.179,grad,17328658944
3,1310.261,grad,17328685056
3,1311.538,grad,17328706048
3,1312.788,grad,17328706048
3,1314.027,grad,17328706048
3,1315.284,grad,17328706048
3,1316.533,grad,17328707072
3,1317.78,grad,17328707072
3,1319.02,grad,17328707072
3,1320.271,grad,17328707072
3,1321.517,grad,17328707072
3,1322.759,grad,17328707072
3,1323.998,grad,17328708096
3,1325.24,grad,17328708096
3,1326.483,grad,17328708096
3,1327.736,grad,17328708096
3,1328.977,grad,17328708096
3,1330.214,grad,17328708096
3,1331.458,grad,17328708096
3,1332.716,grad,17328709120
3,1333.963,grad,17328709120
3,1335.217,grad,17328709120
3,1336.465,grad,17328709120
3,1337.706,grad,17328709120
3,1338.951,grad,17328709120
3,1340.191,grad,17328710144
3,1341.426,grad,17328710144
3,1342.662,grad,17328710144
3,1343.913,grad,17328710144
3,1345.175,grad,17328710144
3,1346.46,grad,17328710144
3,1347.73,grad,17328711168
3,1348.985,grad,17328711168
3,1350.229,grad,17328711168
3,1351.469,grad,17328711168
3,1352.713,grad,17328711168
3,1353.974,grad,17328711168
3,1355.25,grad,17328712192
3,1356.513,grad,17328712192
3,1357.759,grad,17328712192
3,1358.998,grad,17328712192
3,1360.238,grad,17328712192
3,1361.476,grad,17328712192
3,1362.715,grad,17328713216
3,1363.962,grad,17328713216
3,1365.224,grad,17328713216
3,1366.48,grad,17328713216
3,1367.731,grad,17328713216
3,1368.971,grad,17328713216
3,1370.215,grad,17328714240
3,1371.45,grad,17328714240
3,1372.686,grad,17328714240
3,1373.941,grad,17328714240
3,1375.211,grad,17328714240
3,1376.473,grad,17328714240
3,1377.86,grad,17328715264
3,1379.13,grad,17328715264
3,1380.45,grad,17328715264
3,1381.709,grad,17328715264
3,1382.963,grad,17328715264
3,1384.213,grad,17328716288
3,1385.466,grad,17328716288
3,1386.713,grad,17328716288
3,1387.965,grad,17328716288
3,1389.211,grad,17328716288
3,1390.481,grad,17328716288
3,1391.744,grad,17328717312
3,1392.992,grad,17328717312
3,1394.245,grad,17328717312
3,1395.504,grad,17328717312
3,1396.751,grad,17328717312
3,1397.99,grad,17328717312
3,1399.232,grad,17328718336
3,1400.465,grad,17328718336
3,1401.697,grad,17328718336
3,1402.936,grad,17328718336
3,1404.179,grad,17328718336
3,1405.466,grad,17328718336
3,1406.711,grad,17328719360
3,1407.966,grad,17328719360
3,1409.212,grad,17328719360
3,1410.469,grad,17328719360
3,1411.729,grad,17328719360
3,1412.968,grad,17328719360
3,1414.223,grad,17328720384
3,1415.485,grad,17328720384
3,1416.741,grad,17328720384
3,1418.002,grad,17328720384
3,1419.246,grad,17328720384
3,1420.499,grad,17328720384
3,1421.745,grad,17328721408
3,1422.99,grad,17328721408
3,1424.245,grad,17328721408
3,1425.499,grad,17328721408
3,1426.743,grad,17328721408
3,1427.981,grad,17328721408
3,1429.222,grad,17328722432
3,1430.459,grad,17328722432
3,1431.694,grad,17328722432
3,1432.939,grad,17328722432
3,1434.176,grad,17328722432
3,1435.462,grad,17328722432
3,1436.741,grad,17328723456
3,1438.037,grad,17328723456
3,1439.39,grad,17328723456
3,1440.653,grad,17328723456
3,1441.908,grad,17328723456
3,1443.153,grad,17328723456
3,1444.44,grad,17328724480
3,1445.696,grad,17328724480
3,1446.96,grad,17328724480
3,1448.213,grad,17328724480
3,1449.458,grad,17328724480
3,1450.697,grad,17328724480
3,1451.968,grad,17328725504
3,1453.249,grad,17328725504
3,1454.528,grad,17328725504
3,1455.798,grad,17328725504
3,1457.048,grad,17328725504
3,1458.317,grad,17328725504
3,1459.569,grad,17328726528
3,1460.822,grad,17328726528
3,1462.065,grad,17328726528
3,1463.35,grad,17328726528
3,1464.616,grad,17328726528
3,1465.954,grad,17328726528
3,1467.212,grad,17328727552
3,1468.454,grad,17328727552
3,1469.693,grad,17328727552
3,1470.939,grad,17328727552
3,1472.2,grad,17328727552
3,1473.495,grad,17328727552
3,1474.753,grad,17328728576
3,1476.005,grad,17328728576
3,1477.331,grad,17328728576
3,1478.654,grad,17328728576
3,1479.924,grad,17328728576
3,1481.212,grad,17328728576
3,1482.53,grad,17328729600
3,1483.827,grad,17328729600
3,1485.081,grad,17328729600
3,1486.364,grad,17328729600
3,1487.623,grad,17328729600
3,1488.88,grad,17328729600
3,1490.12,grad,17328730624
3,1491.396,grad,17328730624
3,1492.644,grad,17328730624
3,1493.895,grad,17328730624
3,1495.133,grad,17328730624
3,1496.411,grad,17328730624
3,1497.669,grad,17328731648
3,1498.921,grad,17328731648
3,1500.163,grad,17328731648
3,1501.441,grad,17328731648
3,1502.688,grad,17328731648
3,1503.935,grad,17328731648
3,1505.172,grad,17328732672
3,1506.442,grad,17328732672
3,1507.696,grad,17328732672
3,1508.946,grad,17328732672
3,1510.201,grad,17328732672
3,1511.468,grad,17328732672
3,1512.729,grad,17328732672
3,1513.975,grad,17328732672
3,1515.217,grad,17328732672
3,1516.461,grad,17328732672
3,1517.721,grad,17328732672
3,1518.97,grad,17328732672
3,1520.212,grad,17328732672
3,1521.483,grad,17328732672
3,1522.741,grad,17328732672
3,1523.981,grad,17328732672
3,1525.221,grad,17328732672
3,1526.466,grad,17328732672
3,1527.733,grad,17328732672
3,1528.992,grad,17328733696
3,1530.27,grad,17328733696
3,1531.529,grad,17328733696
3,1532.779,grad,17328733696
3,1534.021,grad,17328733696
3,1535.288,grad,17328733696
3,1536.599,grad,17328733696
3,1537.865,grad,17328733696
3,1539.112,grad,17328733696
3,1540.41,grad,17328733696
3,1541.668,grad,17328734720
3,1542.935,grad,17328734720
3,1544.196,grad,17328734720
3,1545.477,grad,17328735744
3,1546.751,grad,17328735744
3,1548.019,grad,17328735744
3,1549.291,grad,17328735744
3,1550.551,grad,17328735744
3,1551.803,grad,17328735744
3,1553.059,grad,17328735744
3,1554.345,grad,17328735744
3,1555.623,grad,17328736768
3,1556.896,grad,17328736768
3,1558.148,grad,17328737792
3,1559.437,grad,17328737792
3,1560.693,grad,17328737792
3,1561.944,grad,17328737792
3,1563.199,grad,17328737792
3,1564.455,grad,17328737792
3,1565.708,grad,17328737792
3,1566.97,grad,17328737792
3,1568.224,grad,17328738816
3,1569.468,grad,17328738816
3,1570.713,grad,17328739840
3,1571.986,grad,17328739840
3,1573.231,grad,17328739840
3,1574.538,grad,17328739840
3,1575.797,grad,17328739840
3,1577.043,grad,17328739840
3,1578.348,grad,17328739840
3,1579.608,grad,17328739840
3,1580.861,grad,17328740864
3,1582.096,grad,17328740864
3,1583.382,grad,17328740864
3,1584.643,grad,17328741888
3,1585.905,grad,17328741888
3,1587.151,grad,17328741888
3,1588.437,grad,17328741888
3,1589.688,grad,17328741888
3,1590.94,grad,17328741888
3,1592.177,grad,17328741888
3,1593.449,grad,17328741888
3,1594.698,grad,17328742912
3,1595.949,grad,17328742912
3,1597.201,grad,17328743936
3,1598.461,grad,17328743936
3,1599.711,grad,17328743936
3,1600.962,grad,17328743936
3,1602.2,grad,17328743936
3,1603.436,grad,17328743936
3,1604.667,grad,17328743936
3,1605.932,grad,17328743936
3,1607.265,grad,17328744960
3,1608.555,grad,17328744960
3,1609.811,grad,17328745984
3,1611.058,grad,17328745984
3,1612.362,grad,17328745984
3,1613.661,grad,17328745984
3,1614.95,grad,17328745984
3,1616.239,grad,17328745984
3,1617.519,grad,17328745984
3,1618.774,grad,17328745984
3,1620.013,grad,17328747008
3,1621.216,grad,17328747008
3,1622.496,grad,17328748032
3,1623.771,grad,17328748032
3,1625.017,grad,17328748032
3,1626.273,grad,17328748032
3,1627.525,grad,17328748032
3,1628.777,grad,17328748032
3,1630.016,grad,17328748032
3,1631.286,grad,17328748032
3,1632.575,grad,17328749056
3,1633.901,grad,17328749056
3,1635.155,grad,17328749056
3,1636.462,grad,17328750080
3,1637.717,grad,17328750080
3,1638.964,grad,17328750080
3,1640.21,grad,17328750080
3,1641.45,grad,17328750080
3,1642.685,grad,17328750080
3,1643.922,grad,17328750080
3,1645.16,grad,17328750080
3,1646.449,grad,17328751104
3,1647.71,grad,17328751104
3,1648.956,grad,17328752128
3,1650.21,grad,17328752128
3,1651.453,grad,17328752128
3,1652.704,grad,17328752128
3,1653.943,grad,17328752128
3,1655.199,grad,17328752128
3,1656.464,grad,17328752128
3,1657.708,grad,17328752128
3,1658.946,grad,17328753152
3,1660.2,grad,17328753152
3,1661.459,grad,17328754176
3,1662.706,grad,17328754176
3,1663.953,grad,17328754176
3,1665.208,grad,17328754176
3,1666.477,grad,17328754176
3,1667.722,grad,17328754176
3,1668.958,grad,17328754176
3,1670.201,grad,17328754176
3,1671.434,grad,17328755200
3,1672.672,grad,17328755200
3,1673.917,grad,17328755200
3,1675.201,grad,17328756224
3,1676.477,grad,17328756224
3,1677.851,grad,17328756224
3,1679.112,grad,17328756224
3,1680.407,grad,17328756224
3,1681.66,grad,17328756224
3,1682.901,grad,17328756224
3,1684.136,grad,17328757248
3,1685.407,grad,17328757248
3,1686.66,grad,17328757248
3,1688.011,grad,17328757248
3,1689.341,grad,17330199040
3,1690.605,grad,17330199040
3,1691.856,grad,17330199040
3,1693.102,grad,17330199040
3,1694.378,grad,17330199040
3,1695.632,grad,17330199040
3,1696.889,grad,17330199040
3,1698.151,grad,17331640832
3,1699.432,grad,17331640832
3,1700.695,grad,17333082624
3,1701.949,grad,17333082624
3,1703.197,grad,17333082624
3,1704.437,grad,17333082624
3,1705.674,grad,17333082624
3,1706.923,grad,17333082624
3,1708.201,grad,17333082624
3,1709.464,grad,17333082624
3,1710.713,grad,17333344768
3,1711.97,grad,17333344768
3,1713.216,grad,17333803520
3,1714.456,grad,17333803520
3,1715.695,grad,17333803520
3,1716.952,grad,17333803520
3,1718.231,grad,17333803520
3,1719.48,grad,17333803520
3,1720.725,grad,17333803520
3,1721.966,grad,17333803520
3,1723.22,grad,17334262272
3,1724.459,grad,17334262272
3,1725.695,grad,17334524416
3,1726.942,grad,17334524416
3,1728.205,grad,17334524416
3,1729.453,grad,17334524416
3,1730.697,grad,17334524416
3,1731.949,grad,17334524416
3,1733.193,grad,17334524416
3,1734.43,grad,17334524416
3,1735.707,grad,17335736832
3,1737.009,grad,17335966208
3,1738.313,grad,17335966208
3,1739.568,grad,17337768448
3,1740.812,grad,17337768448
3,1742.056,grad,17337768448
3,1743.335,grad,17337768448
3,1744.587,grad,17337768448
3,1745.833,grad,17337768448
3,1747.076,grad,17337768448
3,1748.365,grad,17337768448
3,1749.618,grad,17339210240
3,1750.87,grad,17339210240
3,1752.122,grad,17339472384
3,1753.399,grad,17339472384
3,1754.646,grad,17339472384
3,1755.896,grad,17339472384
3,1757.155,grad,17339472384
3,1758.439,grad,17339472384
3,1759.69,grad,17339472384
3,1760.942,grad,17339472384
3,1762.204,grad,17339931136
3,1763.441,grad,17339931136
3,1764.684,grad,17340389888
3,1765.994,grad,17340389888
3,1767.276,grad,17340389888
3,1768.539,grad,17340389888
3,1769.792,grad,17340389888
3,1771.033,grad,17340389888
3,1772.313,grad,17340389888
3,1773.569,grad,17340389888
3,1774.903,grad,17340652032
3,1776.167,grad,17340652032
3,1777.534,grad,17342093824
3,1778.803,grad,17342093824
3,1780.061,grad,17342093824
3,1781.36,grad,17342093824
3,1782.62,grad,17342093824
3,1783.87,grad,17342093824
3,1785.115,grad,17342093824
3,1786.392,grad,17342093824
3,1787.645,grad,17343535616
3,1788.896,grad,17343535616
3,1790.135,grad,17343535616
3,1791.414,grad,17344977408
3,1792.67,grad,17344977408
3,1793.918,grad,17344977408
3,1795.159,grad,17344977408
3,1796.433,grad,17344977408
3,1797.682,grad,17344977408
3,1798.925,grad,17344977408
3,1800.174,grad,17344977408
3,1801.461,grad,17345239552
3,1802.722,grad,17345239552
3,1803.967,grad,17345698304
3,1805.211,grad,17345698304
3,1806.447,grad,17345698304
3,1807.692,grad,17345698304
3,1808.944,grad,17345698304
3,1810.192,grad,17345698304
3,1811.429,grad,17345698304
3,1812.663,grad,17345698304
3,1813.897,grad,17346157056
3,1815.132,grad,17346157056
3,1816.409,grad,17346419200
3,1817.66,grad,17346419200
3,1818.929,grad,17346419200
3,1820.178,grad,17346419200
3,1821.446,grad,17346419200
3,1822.691,grad,17346419200
3,1823.938,grad,17346419200
3,1825.198,grad,17346419200
3,1826.453,grad,17347860992
3,1827.698,grad,17347860992
3,1828.938,grad,17347860992
3,1830.196,grad,17349302784
3,1831.448,grad,17349302784
3,1832.692,grad,17349302784
3,1833.938,grad,17349302784
3,1835.244,grad,17349302784
3,1836.572,grad,17349302784
3,1837.833,grad,17349302784
3,1839.082,grad,17349302784
3,1840.393,grad,17350744576
3,1841.653,grad,17350744576
3,1842.923,grad,17351006720
3,1844.176,grad,17351006720
3,1845.475,grad,17351006720
3,1846.775,grad,17351006720
3,1848.036,grad,17351006720
3,1849.317,grad,17351006720
3,1850.583,grad,17351006720
3,1851.833,grad,17351006720
3,1853.074,grad,17351465472
3,1854.362,grad,17351465472
3,1855.621,grad,17351924224
3,1856.887,grad,17351924224
3,1858.128,grad,17351924224
3,1859.402,grad,17351924224
3,1860.648,grad,17351924224
3,1861.903,grad,17351924224
3,1863.145,grad,17351924224
3,1864.426,grad,17351924224
3,1865.68,grad,17352186368
3,1866.941,grad,17352186368
3,1868.197,grad,17353628160
3,1869.483,grad,17353628160
3,1870.755,grad,17353628160
3,1872.036,grad,17353628160
3,1873.329,grad,17353628160
3,1874.593,grad,17353628160
3,1875.854,grad,17353628160
3,1877.107,grad,17353628160
3,1878.416,grad,17355069952
3,1879.677,grad,17355069952
3,1880.929,grad,17356511744
3,1882.177,grad,17356511744
3,1883.456,grad,17356511744
3,1884.707,grad,17356511744
3,1885.952,grad,17356511744
3,1887.191,grad,17356511744
3,1888.437,grad,17356511744
3,1889.673,grad,17356511744
3,1890.931,grad,17356741120
3,1892.177,grad,17356773888
3,1893.459,grad,17356773888
3,1894.71,grad,17357232640
3,1895.953,grad,17357232640
3,1897.196,grad,17357232640
3,1898.443,grad,17357232640
3,1899.681,grad,17357232640
3,1900.92,grad,17357232640
3,1902.158,grad,17357232640
3,1903.44,grad,17357232640
3,1904.694,grad,17357232640
3,1905.939,grad,17357232640
3,1907.176,grad,17357232640
3,1908.446,grad,17357232640
3,1909.702,grad,17362541056
3,1910.962,grad,17363720704
3,1912.21,grad,17368766976
3,1913.464,grad,17372371456
3,1914.703,grad,17374992896
3,1915.945,grad,17379842560
3,1917.196,grad,17382464000
3,1918.472,grad,17386527232
3,1919.727,grad,17391114752
3,1920.975,grad,17393998336
3,1922.222,grad,17397144064
3,1923.464,grad,17401207296
3,1924.709,grad,17403828736
3,1925.948,grad,17408645632
3,1927.194,grad,17411299840
3,1928.444,grad,17414904320
3,1929.688,grad,17419950592
3,1930.941,grad,17421392384
3,1932.209,grad,17426438656
3,1933.462,grad,17454553600
3,1934.71,grad,17486862848
3,1935.967,grad,17362868736
3,1937.289,grad,17237432832
3,1938.566,grad,17163220480
3,1941.229,grad,17163110912
3,1942.491,grad,17163110912
3,1943.74,grad,17163110912
3,1945.134,grad,17163110912
3,1946.44,grad,17188833792
3,1947.764,grad,17218226688
3,1949.027,grad,17240377856
3,1955.612,grad,17265478144
3,1956.907,grad,17294313984
3,1958.2,grad,17322920448
3,1959.475,grad,17327507456
3,1960.735,grad,17327544832
3,1961.986,grad,17327582208
3,1963.297,grad,17327605760
3,1964.547,grad,17327643136
3,1965.823,grad,17327653376
3,1967.141,grad,17327653376
3,1968.452,grad,17327653376
3,1969.715,grad,17327653376
3,1970.976,grad,17327653376
3,1972.201,grad,17327653376
3,1973.451,grad,17327653376
3,1974.726,grad,17327653376
3,1976.009,grad,17327653376
3,1977.272,grad,17327653376
3,1978.53,grad,17327653376
3,1979.791,grad,17327653376
3,1981.053,grad,17327653376
3,1982.326,grad,17327653376
3,1983.578,grad,17327653376
3,1984.852,grad,17327653376
3,1986.122,grad,17327653376
3,1987.386,grad,17327653376
3,1988.637,grad,17327653376
3,1989.901,grad,17327653376
3,1991.155,grad,17327653376
3,1992.42,grad,17327653376
3,1993.675,grad,17327653376
3,1994.939,grad,17327653376
3,1996.198,grad,17327653376
3,1997.444,grad,17327653376
3,1998.71,grad,17327653376
3,1999.978,grad,17327653376
3,2001.235,grad,17327653376
3,2002.485,grad,17327653376
3,2003.75,grad,17327653376
3,2005.009,grad,17327653376
3,2006.267,grad,17327653376
3,2007.505,grad,17327653376
3,2008.793,grad,17327653376
3,2010.131,grad,17327653376
3,2011.46,grad,17327653376
3,2012.758,grad,17327653376
3,2014.006,grad,17327653376
3,2015.264,grad,17327653376
3,2016.531,grad,17327653376
3,2017.769,grad,17327653376
3,2019.016,grad,17327653376
3,2020.294,grad,17327653376
3,2021.547,grad,17327653376
3,2022.79,grad,17327653376
3,2024.041,grad,17327653376
3,2025.34,grad,17327653376
3,2026.613,grad,17327653376
3,2027.851,grad,17327653376
3,2029.095,grad,17327653376
3,2030.382,grad,17327653376
3,2031.642,grad,17327653376
3,2032.887,grad,17327653376
3,2034.134,grad,17327653376
3,2035.42,grad,17327653376
3,2036.663,grad,17327653376
3,2037.904,grad,17327653376
3,2039.147,grad,17327653376
3,2040.442,grad,17327653376
3,2041.696,grad,17327653376
3,2042.938,grad,17327653376
3,2044.207,grad,17327653376
3,2045.48,grad,17327653376
3,2046.727,grad,17327653376
3,2047.966,grad,17327653376
3,2049.213,grad,17327653376
3,2050.48,grad,17327653376
3,2051.734,grad,17327653376
3,2052.976,grad,17327653376
3,2054.232,grad,17327653376
3,2055.5,grad,17327653376
3,2056.748,grad,17327653376
3,2058.037,grad,17327653376
3,2059.402,grad,17327653376
3,2060.671,grad,17327653376
3,2061.922,grad,17327653376
3,2063.178,grad,17327653376
3,2064.451,grad,17327653376
3,2065.705,grad,17327653376
3,2066.962,grad,17327653376
3,2068.22,grad,17327653376
3,2069.477,grad,17327653376
3,2070.728,grad,17327653376
3,2071.983,grad,17327653376
3,2073.233,grad,17327653376
3,2074.48,grad,17327653376
3,2075.852,grad,17327653376
3,2077.229,grad,17327653376
3,2078.601,grad,17327653376
3,2079.9,grad,17327653376
3,2081.164,grad,17327653376
3,2082.459,grad,17327653376
3,2083.717,grad,17327653376
3,2084.975,grad,17327653376
3,2086.231,grad,17327653376
3,2087.478,grad,17327653376
3,2088.715,grad,17327653376
3,2089.956,grad,17327653376
3,2091.214,grad,17327653376
3,2092.471,grad,17327653376
3,2093.75,grad,17327653376
3,2095.002,grad,17327653376
3,2096.207,grad,17327653376
3,2097.445,grad,17327653376
3,2098.681,grad,17327653376
3,2099.916,grad,17327653376
3,2101.166,grad,17327653376
3,2102.455,grad,17327653376
3,2103.709,grad,17327653376
3,2104.954,grad,17327653376
3,2106.206,grad,17327653376
3,2107.449,grad,17327653376
3,2108.685,grad,17327653376
3,2109.921,grad,17327653376
3,2111.166,grad,17327653376
3,2112.442,grad,17327653376
3,2113.69,grad,17327653376
3,2114.938,grad,17327653376
3,2116.205,grad,17327653376
3,2117.47,grad,17327653376
3,2118.717,grad,17327653376
3,2119.964,grad,17327653376
3,2121.22,grad,17327653376
3,2122.471,grad,17327653376
3,2123.715,grad,17327653376
3,2124.964,grad,17327654400
3,2126.21,grad,17327654400
3,2127.444,grad,17327654400
3,2128.68,grad,17327654400
3,2129.917,grad,17327654400
3,2131.165,grad,17327654400
3,2132.483,grad,17327654400
3,2133.847,grad,17327655424
3,2135.176,grad,17327655424
3,2136.497,grad,17327656448
3,2137.787,grad,17327656448
3,2139.075,grad,17327656448
3,2140.374,grad,17327656448
3,2141.654,grad,17327656448
3,2142.923,grad,17327657472
3,2144.214,grad,17327657472
3,2145.516,grad,17327658496
3,2146.822,grad,17327658496
3,2148.078,grad,17327658496
3,2149.372,grad,17327658496
3,2150.639,grad,17327658496
3,2151.91,grad,17327659520
3,2153.159,grad,17327659520
3,2154.446,grad,17327660544
3,2155.707,grad,17327660544
3,2156.972,grad,17327660544
3,2158.226,grad,17327660544
3,2159.466,grad,17327660544
3,2160.707,grad,17327660544
3,2161.978,grad,17327661568
3,2163.21,grad,17327661568
3,2164.475,grad,17327662592
3,2165.751,grad,17327662592
3,2167.012,grad,17327662592
3,2168.284,grad,17327662592
3,2169.536,grad,17327662592
3,2170.788,grad,17327663616
3,2172.058,grad,17327663616
3,2173.342,grad,17327664640
3,2174.627,grad,17327664640
3,2175.958,grad,17327664640
3,2177.301,grad,17327664640
3,2178.591,grad,17327664640
3,2179.84,grad,17327664640
3,2181.094,grad,17327665664
3,2182.388,grad,17327666688
3,2183.637,grad,17327666688
3,2184.88,grad,17327666688
3,2186.125,grad,17327666688
3,2187.426,grad,17327666688
3,2188.677,grad,17327666688
3,2189.921,grad,17327667712
3,2191.166,grad,17327667712
3,2192.456,grad,17327668736
3,2193.706,grad,17327668736
3,2194.972,grad,17327668736
3,2196.228,grad,17327668736
3,2197.468,grad,17327668736
3,2198.705,grad,17327669760
3,2199.943,grad,17327669760
3,2201.198,grad,17327670784
3,2202.472,grad,17327670784
3,2203.723,grad,17327670784
3,2204.967,grad,17327670784
3,2206.209,grad,17327670784
3,2207.455,grad,17327670784
3,2208.694,grad,17327671808
3,2209.933,grad,17327671808
3,2211.198,grad,17327672832
3,2212.47,grad,17327672832
3,2213.72,grad,17327672832
3,2214.965,grad,17327672832
3,2216.203,grad,17327672832
3,2217.484,grad,17327673856
3,2218.739,grad,17327673856
3,2219.983,grad,17327674880
3,2221.234,grad,17327674880
3,2222.484,grad,17327674880
3,2223.722,grad,17327674880
3,2224.958,grad,17327674880
3,2226.196,grad,17327674880
3,2227.438,grad,17327675904
3,2228.672,grad,17327675904
3,2229.909,grad,17327676928
3,2231.165,grad,17327676928
3,2232.471,grad,17327676928
3,2233.719,grad,17327676928
3,2234.96,grad,17327676928
3,2236.197,grad,17327677952
3,2237.439,grad,17327677952
3,2238.981,grad,17327677952
3,2240.285,grad,17329480192
3,2241.55,grad,17329480192
3,2242.812,grad,17329480192
3,2244.062,grad,17329480192
3,2245.344,grad,17330921984
3,2246.607,grad,17330921984
3,2247.873,grad,17332363776
3,2249.129,grad,17332363776
3,2250.423,grad,17332363776
3,2251.686,grad,17332363776
3,2252.949,grad,17332363776
3,2254.208,grad,17332363776
3,2255.457,grad,17332625920
3,2256.708,grad,17332625920
3,2257.98,grad,17333084672
3,2259.235,grad,17333084672
3,2260.475,grad,17333084672
3,2261.724,grad,17333084672
3,2262.979,grad,17333084672
3,2264.23,grad,17333543424
3,2265.476,grad,17333543424
3,2266.737,grad,17333805568
3,2267.984,grad,17333805568
3,2269.23,grad,17333805568
3,2270.499,grad,17333805568
3,2271.774,grad,17333805568
3,2273.034,grad,17333805568
3,2274.336,grad,17335247360
3,2275.642,grad,17336689152
3,2276.886,grad,17336689152
3,2278.24,grad,17336689152
3,2279.512,grad,17336689152
3,2280.766,grad,17336689152
3,2282.025,grad,17336689152
3,2283.298,grad,17338130944
3,2284.556,grad,17338130944
3,2285.8,grad,17338393088
3,2287.046,grad,17338393088
3,2288.307,grad,17338393088
3,2289.564,grad,17338393088
3,2290.819,grad,17338393088
3,2292.072,grad,17338393088
3,2293.36,grad,17338851840
3,2294.628,grad,17339310592
3,2295.874,grad,17339310592
3,2297.113,grad,17339310592
3,2298.381,grad,17339310592
3,2299.644,grad,17339310592
3,2300.893,grad,17339310592
3,2302.148,grad,17339572736
3,2303.431,grad,17339572736
3,2304.707,grad,17341014528
3,2305.955,grad,17341014528
3,2307.201,grad,17341014528
3,2308.457,grad,17341014528
3,2309.723,grad,17341014528
3,2310.99,grad,17342456320
3,2312.206,grad,17342456320
3,2313.474,grad,17343898112
3,2314.73,grad,17343898112
3,2315.976,grad,17343898112
3,2317.201,grad,17343898112
3,2318.458,grad,17343898112
3,2319.718,grad,17343898112
3,2320.982,grad,17344160256
3,2322.204,grad,17344160256
3,2323.478,grad,17344619008
3,2324.737,grad,17344619008
3,2325.989,grad,17344619008
3,2327.201,grad,17344619008
3,2328.454,grad,17344619008
3,2329.71,grad,17345077760
3,2330.978,grad,17345077760
3,2332.291,grad,17345339904
3,2333.553,grad,17345339904
3,2334.825,grad,17345339904
3,2336.091,grad,17345339904
3,2337.36,grad,17345339904
3,2338.609,grad,17345339904
3,2339.871,grad,17346781696
3,2341.124,grad,17348223488
3,2342.416,grad,17348223488
3,2343.672,grad,17348223488
3,2344.929,grad,17348223488
3,2346.177,grad,17348223488
3,2347.441,grad,17348223488
3,2348.7,grad,17349665280
3,2349.964,grad,17349665280
3,2351.221,grad,17349927424
3,2352.484,grad,17349927424
3,2353.743,grad,17349927424
3,2355.04,grad,17349927424
3,2356.335,grad,17349927424
3,2357.583,grad,17350386176
3,2358.827,grad,17350386176
3,2360.098,grad,17350844928
3,2361.375,grad,17350844928
3,2362.626,grad,17350844928
3,2363.88,grad,17350844928
3,2365.158,grad,17350844928
3,2366.431,grad,17350844928
3,2367.671,grad,17351107072
3,2368.913,grad,17351107072
3,2370.196,grad,17352548864
3,2371.461,grad,17352548864
3,2372.714,grad,17352548864
3,2373.964,grad,17352548864
3,2375.248,grad,17352548864
3,2376.523,grad,17353990656
3,2377.771,grad,17353990656
3,2379.103,grad,17355432448
3,2380.412,grad,17355432448
3,2381.679,grad,17355432448
3,2382.943,grad,17355432448
3,2384.203,grad,17355432448
3,2385.464,grad,17355432448
3,2386.715,grad,17355694592
3,2387.964,grad,17356153344
3,2389.206,grad,17356153344
3,2390.453,grad,17356153344
3,2391.694,grad,17356153344
3,2392.939,grad,17356153344
3,2394.203,grad,17356153344
3,2395.465,grad,17356153344
3,2396.704,grad,17356153344
3,2397.947,grad,17356153344
3,2399.192,grad,17356153344
3,2400.441,grad,17356874240
3,2401.684,grad,17361822208
3,2402.937,grad,17365885440
3,2404.199,grad,17368506880
3,2405.458,grad,17373356544
3,2406.703,grad,17375977984
3,2407.954,grad,17380041216
3,2409.207,grad,17384628736
3,2410.484,grad,17388954112
3,2411.744,grad,17391116800
3,2413.002,grad,17396785664
3,2414.274,grad,17399177728
3,2415.535,grad,17403470336
3,2416.783,grad,17408057856
3,2418.032,grad,17410941440
3,2419.317,grad,17414545920
3,2420.577,grad,17419592192
3,2421.827,grad,17421033984
3,2423.082,grad,17426080256
3,2424.391,grad,17462125056
3,2425.676,grad,17473528320
3,2426.949,grad,17321550336
3,2428.21,grad,17175699968
3,2429.473,grad,17164218880
3,2430.838,grad,17164195840
3,2432.128,grad,17185683968
3,2433.446,grad,17217042944
3,2434.72,grad,17246730752
3,2435.994,grad,17277729280
3,2437.341,grad,17309678080
3,2438.645,grad,17285659136
3,2439.961,grad,17164908544
3,2441.24,grad,17099438080
3,2442.677,noise,17001263104
3,2444.02,noise,17001263104
3,2445.333,noise,17002475520
3,2446.596,noise,17002704896
3,2447.855,noise,17002934272
3,2449.101,noise,17004146688
3,2450.386,noise,17004736512
3,2451.637,noise,17004736512
3,2452.904,noise,17006178304
3,2454.2,noise,17006669824
3,2455.474,noise,17007128576
3,2456.736,noise,17007390720
3,2458.001,noise,17007390720
3,2459.246,noise,17008832512
3,2460.49,noise,17009061888
3,2461.73,noise,17009061888
3,2462.982,noise,17010503680
3,2464.24,noise,17010503680
3,2465.498,noise,17011716096
3,2466.797,noise,17012207616
3,2468.058,noise,17012895744
3,2469.366,noise,17013157888
3,2470.63,noise,17013157888
3,2471.893,noise,17014599680
3,2473.142,noise,17014829056
3,2474.443,noise,17016041472
3,2475.711,noise,17016270848
3,2476.993,noise,17016270848
3,2478.273,noise,17017712640
3,2479.533,noise,17018204160
3,2480.783,noise,17018892288
3,2482.027,noise,17018925056
3,2483.307,noise,17018925056
3,2484.571,noise,17020366848
3,2485.827,noise,17020596224
3,2487.074,noise,17021808640
3,2488.357,noise,17022038016
3,2489.615,noise,17022038016
3,2490.869,noise,17023840256
3,2492.115,noise,17024331776
3,2493.408,noise,17024790528
3,2494.673,noise,17025052672
3,2495.923,noise,17025052672
3,2497.172,noise,17026953216
3,2498.466,noise,17026723840
3,2499.714,noise,17026723840
3,2500.961,noise,17028165632
3,2502.205,noise,17028165632
3,2503.45,noise,17029378048
3,2504.71,noise,17029869568
3,2505.968,noise,17030557696
3,2507.212,noise,17030819840
3,2508.456,noise,17030819840
3,2509.692,noise,17032491008
3,2510.936,noise,17032491008
3,2512.204,noise,17032491008
3,2513.49,noise,17033932800
3,2514.749,noise,17033932800
3,2515.998,noise,17035145216
3,2517.243,noise,17035636736
3,2518.487,noise,17036324864
3,2519.738,noise,17036587008
3,2520.974,noise,17036587008
3,2522.225,noise,17038618624
3,2523.495,noise,17038618624
3,2524.763,noise,17038618624
3,2526.02,noise,17040060416
3,2527.28,noise,17040060416
3,2528.537,noise,17041272832
3,2529.812,noise,17041764352
3,2531.11,noise,17042223104
3,2532.455,noise,17042714624
3,2533.73,noise,17042714624
3,2534.993,noise,17043927040
3,2536.206,noise,17044385792
3,2537.465,noise,17044385792
3,2538.716,noise,17046056960
3,2539.974,noise,17045827584
3,2541.226,noise,17047040000
3,2542.476,noise,17047531520
3,2543.731,noise,17047990272
3,2544.991,noise,17048481792
3,2546.242,noise,17048481792
3,2547.483,noise,17049923584
3,2548.735,noise,17050152960
3,2549.98,noise,17050152960
3,2551.227,noise,17051594752
3,2552.465,noise,17051594752
3,2553.713,noise,17052807168
3,2554.988,noise,17053298688
3,2556.253,noise,17053757440
3,2557.526,noise,17054248960
3,2558.775,noise,17054248960
3,2560.017,noise,17055690752
3,2561.281,noise,17055920128
3,2562.544,noise,17055920128
3,2563.807,noise,17057361920
3,2565.068,noise,17057361920
3,2566.377,noise,17058574336
3,2567.637,noise,17059065856
3,2568.896,noise,17059753984
3,2570.146,noise,17060016128
3,2571.43,noise,17060016128
3,2572.68,noise,17061457920
3,2573.939,noise,17061687296
3,2575.199,noise,17062899712
3,2576.477,noise,17063129088
3,2577.744,noise,17063129088
3,2579.016,noise,17064570880
3,2580.29,noise,17065062400
3,2581.569,noise,17065979904
3,2582.83,noise,17065783296
3,2584.077,noise,17065783296
3,2585.369,noise,17067225088
3,2586.632,noise,17067454464
3,2587.892,noise,17068666880
3,2589.149,noise,17068896256
3,2590.432,noise,17068896256
3,2591.696,noise,17070338048
3,2592.962,noise,17070829568
3,2594.219,noise,17071517696
3,2595.479,noise,17071550464
3,2596.728,noise,17071550464
3,2597.972,noise,17072992256
3,2599.217,noise,17073221632
3,2600.469,noise,17074434048
3,2601.708,noise,17074663424
3,2602.952,noise,17074663424
3,2604.197,noise,17076105216
3,2605.482,noise,17076596736
3,2606.735,noise,17077284864
3,2607.986,noise,17077317632
3,2609.226,noise,17077317632
3,2610.466,noise,17079218176
3,2611.714,noise,17078988800
3,2612.955,noise,17078988800
3,2614.208,noise,17080430592
3,2615.467,noise,17080430592
3,2616.724,noise,17081643008
3,2617.979,noise,17082134528
3,2619.223,noise,17082822656
3,2620.465,noise,17083084800
3,2621.702,noise,17083084800
3,2622.984,noise,17084526592
3,2624.235,noise,17084755968
3,2625.53,noise,17085968384
3,2626.79,noise,17086558208
3,2628.037,noise,17086558208
3,2629.308,noise,17088000000
3,2630.564,noise,17088491520
3,2631.819,noise,17088950272
3,2633.067,noise,17089212416
3,2634.347,noise,17089212416
3,2635.641,noise,17090654208
3,2636.9,noise,17090883584
3,2638.146,noise,17092096000
3,2639.435,noise,17092325376
3,2640.696,noise,17092325376
3,2641.952,noise,17093767168
3,2643.2,noise,17094258688
3,2644.464,noise,17094946816
3,2645.733,noise,17094979584
3,2646.988,noise,17094979584
3,2648.261,noise,17096421376
3,2649.502,noise,17096650752
3,2650.742,noise,17097863168
3,2651.989,noise,17098092544
3,2653.228,noise,17098092544
3,2654.498,noise,17099534336
3,2655.773,noise,17100025856
3,2657.045,noise,17100713984
3,2658.349,noise,17100746752
3,2659.605,noise,17100746752
3,2660.853,noise,17102188544
3,2662.1,noise,17102417920
3,2663.382,noise,17102417920
3,2664.654,noise,17103859712
3,2665.969,noise,17103859712
3,2667.229,noise,17105072128
3,2668.485,noise,17105563648
3,2669.737,noise,17106251776
3,2670.982,noise,17106513920
3,2672.223,noise,17106513920
3,2673.46,noise,17107955712
3,2674.743,noise,17108185088
3,2676.002,noise,17108185088
3,2677.321,noise,17109626880
3,2678.584,noise,17109626880
3,2679.838,noise,17111199744
3,2681.094,noise,17111691264
3,2682.391,noise,17112379392
3,2683.661,noise,17112641536
3,2684.93,noise,17112641536
3,2686.191,noise,17114083328
3,2687.467,noise,17114312704
3,2688.735,noise,17115525120
3,2689.99,noise,17115754496
3,2691.234,noise,17115754496
3,2692.474,noise,17117196288
3,2693.726,noise,17117687808
3,2694.993,noise,17118375936
3,2696.245,noise,17118408704
3,2697.492,noise,17118408704
3,2698.773,noise,17119850496
3,2700.018,noise,17120079872
3,2701.275,noise,17121292288
3,2702.532,noise,17121521664
3,2703.779,noise,17121521664
3,2705.047,noise,17122963456
3,2706.342,noise,17123454976
3,2707.619,noise,17123913728
3,2708.876,noise,17124175872
3,2710.118,noise,17124175872
3,2711.402,noise,17126076416
3,2712.66,noise,17125847040
3,2713.936,noise,17125847040
3,2715.2,noise,17127288832
3,2716.455,noise,17127288832
3,2717.699,noise,17128501248
3,2718.955,noise,17128992768
3,2720.203,noise,17129680896
3,2721.444,noise,17129943040
3,2722.685,noise,17129943040
3,2723.928,noise,17131614208
3,2725.206,noise,17131614208
3,2726.469,noise,17131614208
3,2727.715,noise,17133056000
3,2728.994,noise,17133056000
3,2730.326,noise,17134268416
3,2731.6,noise,17134759936
3,2732.854,noise,17135448064
3,2734.114,noise,17135710208
3,2735.425,noise,17135710208
3,2736.704,noise,17137152000
3,2737.96,noise,17137381376
3,2739.21,noise,17138593792
3,2740.448,noise,17138823168
3,2741.695,noise,17138823168
3,2742.939,noise,17140264960
3,2744.214,noise,17140756480
3,2745.539,noise,17141215232
3,2746.817,noise,17141477376
3,2748.074,noise,17141477376
3,2749.376,noise,17143377920
3,2750.636,noise,17143148544
3,2751.901,noise,17143148544
3,2753.15,noise,17144590336
3,2754.438,noise,17144590336
3,2755.705,noise,17145802752
3,2756.973,noise,17146294272
3,2758.241,noise,17146753024
3,2759.495,noise,17147244544
3,2760.743,noise,17147244544
3,2761.981,noise,17148686336
3,2763.224,noise,17148915712
3,2764.468,noise,17148915712
3,2765.749,noise,17150357504
3,2767.007,noise,17150357504
3,2768.251,noise,17151569920
3,2769.51,noise,17152061440
3,2770.755,noise,17152749568
3,2772.014,noise,17153011712
3,2773.218,noise,17153011712
3,2774.587,noise,17154453504
3,2775.858,noise,17154682880
3,2777.24,noise,17155895296
3,2778.621,noise,17156124672
3,2779.999,noise,17156124672
3,2781.329,noise,17157566464
3,2782.595,noise,17158057984
3,2783.865,noise,17158975488
3,2785.118,noise,17158778880
3,2786.405,noise,17158778880
3,2787.663,noise,17160220672
3,2788.933,noise,17160450048
3,2790.196,noise,17161662464
3,2791.466,noise,17161891840
3,2792.714,noise,17161891840
3,2793.965,noise,17163333632
3,2795.229,noise,17163825152
3,2796.489,noise,17164283904
3,2797.74,noise,17145802752
3,2798.991,noise,17004638208
3,2800.248,optimizer,17004408832
3,2801.508,optimizer,17003977216
3,2802.753,optimizer,17006508544
3,2803.999,optimizer,17007319040
3,2805.253,optimizer,17007582720
3,2806.515,optimizer,17008299008
3,2807.765,optimizer,17010620416
3,2809.025,optimizer,17011926016
3,2810.309,optimizer,17013384704
3,2811.569,optimizer,17013981696
3,2812.83,optimizer,17014681600
3,2814.082,optimizer,17015204864
3,2815.37,optimizer,17016966656
3,2816.638,optimizer,17019511808
3,2817.907,optimizer,17020408320
3,2819.158,optimizer,17020932608
3,2820.449,optimizer,17021878784
3,2821.705,optimizer,17022793728
3,2822.974,optimizer,17024840704
3,2824.226,optimizer,17026300416
3,2825.482,optimizer,17026611200
3,2826.747,optimizer,17027539968
3,2828.01,optimizer,17027834880
3,2829.3,optimizer,17029368320
3,2830.559,optimizer,17032141824
3,2831.814,optimizer,17032678400
3,2833.061,optimizer,17033202176
3,2834.364,optimizer,17033919488
3,2835.626,optimizer,17035062784
3,2836.938,optimizer,17036205056
3,2838.202,optimizer,17038568960
3,2839.462,optimizer,17038683648
3,2840.712,optimizer,17039581184
3,2841.963,optimizer,17040103424
3,2843.206,optimizer,17042620928
3,2844.451,optimizer,17044382720
3,2845.723,optimizer,17045931520
3,2847.031,optimizer,17045685760
3,2848.338,optimizer,17045959680
3,2849.597,optimizer,17046074880
3,2850.849,optimizer,17048016896
3,2852.112,optimizer,17050007552
3,2853.408,optimizer,17051117056
3,2854.667,optimizer,17051834880
3,2855.924,optimizer,17052340224
3,2857.236,optimizer,17056087040
3,2858.504,optimizer,17055440384
3,2859.756,optimizer,17059167744
3,2860.997,optimizer,17057300480
3,2862.239,optimizer,17058672640
3,2863.478,optimizer,17058511360
3,2864.734,optimizer,17060272128
3,2866.067,optimizer,17062802944
3,2867.381,optimizer,17063613440
3,2868.641,optimizer,17063876608
3,2869.895,optimizer,17064594432
3,2871.142,optimizer,17064646144
3,2872.448,optimizer,17066634752
3,2873.702,optimizer,17068937728
3,2874.958,optimizer,17069780992
3,2876.217,optimizer,17070011904
3,2877.569,optimizer,17070728192
3,2878.838,optimizer,17071871488
3,2880.09,optimizer,17073843200
3,2881.387,optimizer,17075378176
3,2882.645,optimizer,17075951104
3,2883.898,optimizer,17076390400
3,2885.151,optimizer,17076912128
3,2886.44,optimizer,17078445568
3,2887.699,optimizer,17081192448
3,2888.973,optimizer,17081755648
3,2890.219,optimizer,17082279424
3,2891.462,optimizer,17082768896
3,2892.733,optimizer,17084140032
3,2893.998,optimizer,17086266368
3,2895.249,optimizer,17087647232
3,2896.493,optimizer,17087761920
3,2897.746,optimizer,17088659968
3,2898.988,optimizer,17089183744
3,2900.23,optimizer,17091942912
3,2901.471,optimizer,17093460992
3,2902.714,optimizer,17095009792
3,2903.983,optimizer,17094562816
3,2905.233,optimizer,17095037952
3,2906.479,optimizer,17096560640
3,2907.728,optimizer,17097324032
3,2908.976,optimizer,17099916800
3,2910.247,optimizer,17100064768
3,2911.5,optimizer,17100928512
3,2912.754,optimizer,17101875200
3,2913.997,optimizer,17103969280
3,2915.239,optimizer,17107171840
3,2916.499,optimizer,17107279872
3,2917.765,optimizer,17106832384
3,2919.012,optimizer,17107307520
3,2920.286,optimizer,17108754432
3,2921.553,optimizer,17109593088
3,2922.829,optimizer,17112186368
3,2924.077,optimizer,17112301056
3,2925.368,optimizer,17113211904
3,2926.631,optimizer,17113915392
3,2927.889,optimizer,17116238848
3,2929.135,optimizer,17118000128
3,2930.443,optimizer,17119548416
3,2931.736,optimizer,17119116288
3,2932.989,optimizer,17119577600
3,2934.24,optimizer,17120948224
3,2935.496,optimizer,17121862656
3,2936.767,optimizer,17124455936
3,2938.039,optimizer,17124800000
3,2939.347,optimizer,17125468672
3,2940.713,optimizer,17125992448
3,2942.003,optimizer,17128522240
3,2943.281,optimizer,17130269696
3,2944.544,optimizer,17131819008
3,2945.805,optimizer,17131385856
3,2947.06,optimizer,17131847168
3,2948.345,optimizer,17133369344
3,2949.617,optimizer,17134362112
3,2950.87,optimizer,17136724480
3,2952.118,optimizer,17136873472
3,2953.404,optimizer,17137738240
3,2954.689,optimizer,17138262016
3,2955.937,optimizer,17141021184
3,2957.215,optimizer,17142540288
3,2958.492,optimizer,17144316416
3,2959.752,optimizer,17143626752
3,2961.005,optimizer,17144345088
3,2962.206,optimizer,17145638912
3,2963.465,optimizer,17146631680
3,2964.723,optimizer,17148994560
3,2966.07,optimizer,17149143040
3,2967.409,optimizer,17150007296
3,2968.686,optimizer,17150789632
3,2969.961,optimizer,17153061376
3,2971.221,optimizer,17154808320
3,2972.471,optimizer,17156358144
3,2973.728,optimizer,17155653120
3,2975.006,optimizer,17156386304
3,2976.298,optimizer,17156501504
3,2977.663,optimizer,17158470656
3,2978.95,optimizer,17160204288
3,2980.282,optimizer,17161543680
3,2981.559,optimizer,17162032640
3,2982.836,optimizer,17162764800
3,2984.092,optimizer,17166513152
3,2985.382,optimizer,17165867008
3,2986.642,optimizer,17169823232
3,2987.914,optimizer,17167727104
3,2989.168,optimizer,17168655360
3,2990.461,optimizer,17168771072
3,2991.725,optimizer,17170712064
3,2992.992,optimizer,17173686272
3,2994.236,optimizer,17174174208
3,2995.495,optimizer,17174892032
3,2996.745,optimizer,17175394816
3,2998.001,optimizer,17175726080
3,2999.252,optimizer,17177693184
3,3000.498,optimizer,17175726080
3,3001.742,optimizer,17175726080
3,3002.987,optimizer,17175267328
3,3004.27,optimizer,17180116480
3,3005.621,optimizer,17175397888
3,3006.896,optimizer,17175266816
3,3008.196,optimizer,17175725568
3,3009.49,optimizer,17176184320
3,3010.762,optimizer,17175726080
3,3012.042,optimizer,17175266816
3,3013.345,optimizer,17177693184
3,3014.618,optimizer,17175725568
3,3015.893,optimizer,17175266816
3,3017.165,optimizer,17175332864
3,3018.478,optimizer,17175266816
3,3019.753,optimizer,17175726080
3,3021.01,optimizer,17175725568
3,3022.291,optimizer,17175266816
3,3023.58,optimizer,17176184320
3,3024.886,optimizer,17177693184
3,3026.199,optimizer,17175266816
3,3027.489,optimizer,17175725568
3,3028.763,optimizer,17177692160
3,3030.031,optimizer,17175267328
3,3031.302,optimizer,17175267328
3,3032.574,optimizer,17175726080
3,3033.829,optimizer,17175725568
3,3035.089,optimizer,17175267328
3,3036.396,optimizer,17177691648
3,3037.743,optimizer,17175268352
3,3039.008,optimizer,17191357440
3,3040.274,optimizer,17204071424
3,3041.575,optimizer,17219963904
3,3042.833,optimizer,17232677888
3,3044.089,optimizer,17247718400
3,3045.381,optimizer,17261644800
3,3046.653,optimizer,17276914688
3,3047.929,optimizer,17290611712
3,3049.201,optimizer,17304538112
3,3050.468,optimizer,17319808000
3,3051.74,optimizer,17333734400
3,3053.0,optimizer,17249780224
3,3054.338,optimizer,17174839296
3,3055.657,optimizer,17206788096
3,3056.933,optimizer,17238278144
3,3058.273,optimizer,17267834880
3,3059.573,optimizer,17298604032
3,3060.863,optimizer,17329111040
3,3062.128,optimizer,17238147072
3,3063.474,optimizer,17185652736
3,3064.818,optimizer,17215897600
3,3066.214,optimizer,17244504064
3,3067.521,optimizer,17273929728
3,3068.841,optimizer,17304010752
3,3070.115,optimizer,17333665792
3,3071.431,optimizer,17213767680
3,3072.708,optimizer,17051959296
3,3073.979,optimizer,17008437760
3,3075.214,optimizer,17004273152
3,3076.66,optimizer,17001623552
3,3077.952,optimizer,17001623552
3,3079.217,optimizer,17001623552
3,3080.489,optimizer,17001623552
4,2.305,grad,17000903168
4,3.634,grad,17000903168
4,4.965,grad,17000903168
4,6.206,grad,17001132544
4,7.479,grad,17026036224
4,8.767,grad,17055920640
4,10.041,grad,17084264960
4,11.337,grad,17111200256
4,12.61,grad,17138594304
4,13.883,grad,17164911616
4,15.159,grad,17164946944
4,16.496,grad,17164981248
4,17.803,grad,17165016576
4,19.61,grad,17165051904
4,20.907,grad,17165058560
4,22.214,grad,17165058560
4,23.526,grad,17165058560
4,24.838,grad,17165058560
4,26.167,grad,17165059584
4,27.474,grad,17165059584
4,28.735,grad,17165059584
4,29.986,grad,17165059584
4,31.243,grad,17165059584
4,32.485,grad,17165059584
4,33.731,grad,17165060608
4,34.977,grad,17165060608
4,36.245,grad,17165060608
4,37.502,grad,17165060608
4,38.745,grad,17165060608
4,39.983,grad,17165060608
4,41.24,grad,17165061632
4,42.495,grad,17165061632
4,43.747,grad,17165061632
4,44.996,grad,17165061632
4,46.279,grad,17165061632
4,47.544,grad,17165061632
4,48.804,grad,17165062656
4,50.061,grad,17165062656
4,51.361,grad,17165062656
4,52.621,grad,17165062656
4,53.883,grad,17165062656
4,55.126,grad,17165062656
4,56.431,grad,17165063680
4,57.689,grad,17165063680
4,58.94,grad,17165063680
4,60.193,grad,17165063680
4,61.455,grad,17165063680
4,62.698,grad,17165063680
4,63.944,grad,17165064704
4,65.196,grad,17165064704
4,66.49,grad,17165064704
4,67.742,grad,17165064704
4,68.982,grad,17165064704
4,70.238,grad,17165064704
4,71.49,grad,17165065728
4,72.743,grad,17165065728
4,74.009,grad,17165065728
4,75.213,grad,17165065728
4,76.472,grad,17165065728
4,77.732,grad,17165065728
4,78.976,grad,17165066752
4,80.212,grad,17165066752
4,81.46,grad,17165066752
4,82.697,grad,17165066752
4,83.935,grad,17165066752
4,85.171,grad,17165066752
4,86.451,grad,17165067776
4,87.707,grad,17165067776
4,88.954,grad,17165067776
4,90.192,grad,17165067776
4,91.436,grad,17165067776
4,92.673,grad,17165067776
4,93.918,grad,17165068800
4,95.17,grad,17165068800
4,96.461,grad,17165068800
4,97.728,grad,17165068800
4,98.984,grad,17165068800
4,100.203,grad,17165068800
4,101.451,grad,17165069824
4,102.684,grad,17165069824
4,103.917,grad,17165069824
4,105.156,grad,17165069824
4,106.447,grad,17165069824
4,107.709,grad,17165069824
4,108.958,grad,17165070848
4,110.199,grad,17165070848
4,111.462,grad,17165070848
4,112.707,grad,17165070848
4,113.952,grad,17165070848
4,115.193,grad,17165070848
4,116.44,grad,17165071872
4,117.694,grad,17165071872
4,118.933,grad,17165071872
4,120.193,grad,17165071872
4,121.47,grad,17165071872
4,122.723,grad,17165071872
4,123.977,grad,17165072896
4,125.222,grad,17165072896
4,126.464,grad,17165072896
4,127.722,grad,17165072896
4,128.971,grad,17165072896
4,130.227,grad,17165072896
4,131.479,grad,17165073920
4,132.723,grad,17165073920
4,133.964,grad,17165073920
4,135.204,grad,17165073920
4,136.458,grad,17165073920
4,137.715,grad,17165073920
4,138.955,grad,17165074944
4,140.194,grad,17165074944
4,141.442,grad,17165074944
4,142.695,grad,17165074944
4,143.942,grad,17165074944
4,145.199,grad,17165074944
4,146.472,grad,17165075968
4,147.738,grad,17165075968
4,148.988,grad,17165075968
4,150.245,grad,17165075968
4,151.501,grad,17165075968
4,152.753,grad,17165075968
4,154.018,grad,17165076992
4,155.287,grad,17165076992
4,156.54,grad,17165076992
4,157.799,grad,17165076992
4,159.042,grad,17165076992
4,160.32,grad,17165076992
4,161.575,grad,17165078016
4,162.822,grad,17165078016
4,164.064,grad,17165078016
4,165.349,grad,17165078016
4,166.607,grad,17165078016
4,167.862,grad,17165078016
4,169.109,grad,17165079040
4,170.396,grad,17165079040
4,171.648,grad,17165079040
4,172.903,grad,17165079040
4,174.172,grad,17165079040
4,175.46,grad,17165079040
4,176.733,grad,17165080064
4,177.989,grad,17165080064
4,179.239,grad,17165080064
4,180.478,grad,17165080064
4,181.713,grad,17165080064
4,182.949,grad,17165080064
4,184.198,grad,17165081088
4,185.463,grad,17165081088
4,186.729,grad,17165081088
4,187.994,grad,17165081088
4,189.242,grad,17165081088
4,190.484,grad,17165081088
4,191.724,grad,17165082112
4,192.965,grad,17165082112
4,194.21,grad,17165082112
4,195.47,grad,17165082112
4,196.735,grad,17165082112
4,197.989,grad,17165082112
4,199.237,grad,17165083136
4,200.483,grad,17165083136
4,201.729,grad,17165083136
4,202.97,grad,17165083136
4,204.207,grad,17165083136
4,205.453,grad,17165083136
4,206.709,grad,17165084160
4,207.964,grad,17165084160
4,209.215,grad,17165084160
4,210.46,grad,17165084160
4,211.696,grad,17165084160
4,212.93,grad,17165084160
4,214.169,grad,17165085184
4,215.453,grad,17165085184
4,216.715,grad,17165085184
4,217.968,grad,17165085184
4,219.212,grad,17165085184
4,220.457,grad,17165085184
4,221.695,grad,17165085184
4,222.941,grad,17165085184
4,224.208,grad,17165085184
4,225.484,grad,17165085184
4,226.745,grad,17165085184
4,228.001,grad,17165085184
4,229.245,grad,17165085184
4,230.497,grad,17165085184
4,231.753,grad,17165085184
4,232.997,grad,17165085184
4,234.239,grad,17165085184
4,235.48,grad,17165085184
4,236.737,grad,17165085184
4,237.991,grad,17165085184
4,239.243,grad,17165086208
4,240.481,grad,17165086208
4,241.726,grad,17165086208
4,242.983,grad,17165086208
4,244.232,grad,17165086208
4,245.486,grad,17165086208
4,246.762,grad,17165086208
4,248.043,grad,17165086208
4,249.336,grad,17165086208
4,250.589,grad,17165086208
4,251.844,grad,17165087232
4,253.121,grad,17165087232
4,254.505,grad,17165088256
4,255.785,grad,17165088256
4,257.066,grad,17165088256
4,258.375,grad,17165088256
4,259.675,grad,17165088256
4,260.923,grad,17165088256
4,262.163,grad,17165088256
4,263.44,grad,17165088256
4,264.688,grad,17165089280
4,265.944,grad,17165089280
4,267.207,grad,17165090304
4,268.469,grad,17165090304
4,269.717,grad,17165090304
4,270.971,grad,17165090304
4,272.249,grad,17165090304
4,273.518,grad,17165090304
4,274.766,grad,17165090304
4,276.014,grad,17165090304
4,277.308,grad,17165091328
4,278.57,grad,17165091328
4,279.823,grad,17165091328
4,281.069,grad,17165092352
4,282.348,grad,17165092352
4,283.597,grad,17165092352
4,284.837,grad,17165092352
4,286.077,grad,17165092352
4,287.369,grad,17165092352
4,288.625,grad,17165092352
4,289.875,grad,17165092352
4,291.116,grad,17165093376
4,292.392,grad,17165093376
4,293.647,grad,17165094400
4,294.9,grad,17165094400
4,296.145,grad,17165094400
4,297.434,grad,17165094400
4,298.69,grad,17165094400
4,299.944,grad,17165094400
4,301.199,grad,17165094400
4,302.46,grad,17165094400
4,303.705,grad,17165095424
4,304.944,grad,17165095424
4,306.202,grad,17165096448
4,307.47,grad,17165096448
4,308.721,grad,17165096448
4,309.965,grad,17165096448
4,311.211,grad,17165096448
4,312.454,grad,17165096448
4,313.691,grad,17165096448
4,314.925,grad,17165096448
4,316.163,grad,17165097472
4,317.453,grad,17165097472
4,318.71,grad,17165097472
4,319.958,grad,17165098496
4,321.198,grad,17165098496
4,322.439,grad,17165098496
4,323.684,grad,17165098496
4,324.939,grad,17165098496
4,326.203,grad,17165098496
4,327.472,grad,17165098496
4,328.724,grad,17165098496
4,329.969,grad,17165099520
4,331.227,grad,17165099520
4,332.483,grad,17165100544
4,333.725,grad,17165100544
4,334.969,grad,17165100544
4,336.226,grad,17165100544
4,337.486,grad,17165100544
4,338.74,grad,17165100544
4,339.983,grad,17165100544
4,341.229,grad,17165100544
4,342.472,grad,17165101568
4,343.718,grad,17165101568
4,344.973,grad,17165101568
4,346.332,grad,17165102592
4,347.609,grad,17165102592
4,348.871,grad,17165102592
4,350.141,grad,17165102592
4,351.414,grad,17165102592
4,352.676,grad,17165102592
4,353.94,grad,17165102592
4,355.212,grad,17165103104
4,356.475,grad,17165103616
4,357.732,grad,17165103616
4,358.985,grad,17165104640
4,360.208,grad,17165104640
4,361.456,grad,17165104640
4,362.697,grad,17165104640
4,363.945,grad,17165104640
4,365.199,grad,17165104640
4,366.525,grad,17165104640
4,367.79,grad,17165104640
4,369.039,grad,17165105664
4,370.303,grad,17165105664
4,371.559,grad,17165106688
4,372.812,grad,17165106688
4,374.074,grad,17165106688
4,375.329,grad,17165106688
4,376.607,grad,17165106688
4,377.898,grad,17165106688
4,379.149,grad,17165106688
4,380.402,grad,17165106688
4,381.642,grad,17165107712
4,382.887,grad,17165107712
4,384.131,grad,17165108736
4,385.384,grad,17165108736
4,386.628,grad,17165108736
4,387.895,grad,17165108736
4,389.146,grad,17165108736
4,390.397,grad,17165108736
4,391.635,grad,17165108736
4,392.88,grad,17165108736
4,394.118,grad,17165109760
4,395.369,grad,17165109760
4,396.613,grad,17165109760
4,397.906,grad,17165109760
4,399.227,grad,17164990976
4,401.667,grad,17164909056
4,403.003,grad,17164909056
4,404.305,grad,17164909056
4,405.554,grad,17164909056
4,406.81,grad,17164909056
4,408.069,grad,17164909056
4,409.342,grad,17164909056
4,410.585,grad,17164909056
4,411.834,grad,17164909056
4,413.076,grad,17164909056
4,414.323,grad,17164909056
4,415.561,grad,17164909056
4,416.814,grad,17164909056
4,418.068,grad,17164909056
4,419.328,grad,17164909056
4,420.574,grad,17164909056
4,421.85,grad,17164909056
4,423.11,grad,17164909056
4,424.373,grad,17164909056
4,425.615,grad,17164909056
4,426.888,grad,17164909056
4,428.176,grad,17164909056
4,429.448,grad,17164909056
4,430.709,grad,17164909056
4,431.994,grad,17164909056
4,433.239,grad,17164909056
4,434.479,grad,17164909056
4,435.724,grad,17164909056
4,436.981,grad,17164909056
4,438.248,grad,17164909056
4,439.522,grad,17164909056
4,440.82,grad,17164909056
4,442.092,grad,17164909056
4,443.383,grad,17164909056
4,444.646,grad,17164909056
4,445.903,grad,17164909056
4,447.199,grad,17164909056
4,448.553,grad,17164909056
4,449.84,grad,17164909056
4,451.127,grad,17164909056
4,452.459,grad,17164909056
4,453.747,grad,17164909056
4,455.031,grad,17164909056
4,456.325,grad,17164909056
4,457.598,grad,17164909056
4,458.878,grad,17164909056
4,460.162,grad,17164909056
4,461.465,grad,17164909056
4,462.761,grad,17164909056
4,464.045,grad,17164909056
4,465.387,grad,17164909056
4,466.695,grad,17164909056
4,467.955,grad,17164909056
4,469.221,grad,17164909056
4,470.485,grad,17164909056
4,471.74,grad,17164909056
4,473.008,grad,17164909056
4,474.31,grad,17164909056
4,475.575,grad,17164909056
4,476.839,grad,17164909056
4,478.091,grad,17164909056
4,479.38,grad,17164909056
4,480.633,grad,17164909056
4,481.886,grad,17164909056
4,483.135,grad,17164909056
4,484.421,grad,17164909056
4,485.676,grad,17164909056
4,486.927,grad,17164909056
4,488.171,grad,17164909056
4,489.461,grad,17164909056
4,490.713,grad,17164909056
4,491.973,grad,17164909056
4,493.221,grad,17164909056
4,494.461,grad,17164909056
4,495.701,grad,17164909056
4,496.952,grad,17164909056
4,498.225,grad,17164909056
4,499.479,grad,17164909056
4,500.724,grad,17164909056
4,501.962,grad,17164909056
4,503.202,grad,17164909056
4,504.448,grad,17164909056
4,505.693,grad,17164909056
4,506.947,grad,17164909056
4,508.195,grad,17164909056
4,509.461,grad,17164909056
4,510.707,grad,17164909056
4,511.962,grad,17164909056
4,513.207,grad,17164909056
4,514.453,grad,17164909056
4,515.701,grad,17164909056
4,516.94,grad,17164909056
4,518.2,grad,17164909056
4,519.481,grad,17164909056
4,520.744,grad,17164909056
4,521.994,grad,17164909056
4,523.247,grad,17164909056
4,524.487,grad,17164909056
4,525.725,grad,17164909056
4,526.962,grad,17164909056
4,528.212,grad,17164909056
4,529.489,grad,17164909056
4,530.816,grad,17164909056
4,532.159,grad,17164909056
4,533.496,grad,17164909056
4,534.79,grad,17164909056
4,536.045,grad,17164909056
4,537.328,grad,17164909056
4,538.583,grad,17164909056
4,539.836,grad,17164909056
4,541.078,grad,17164909056
4,542.358,grad,17164909056
4,543.609,grad,17164909056
4,544.856,grad,17164909056
4,546.098,grad,17164909056
4,547.388,grad,17164909056
4,548.644,grad,17164909056
4,549.896,grad,17164909056
4,551.137,grad,17164909056
4,552.425,grad,17164909056
4,553.698,grad,17164909056
4,554.961,grad,17164909056
4,556.206,grad,17164909056
4,557.449,grad,17164909056
4,558.691,grad,17164909056
4,559.939,grad,17164909056
4,561.18,grad,17164909056
4,562.457,grad,17164909056
4,563.707,grad,17164909056
4,564.952,grad,17164909056
4,566.192,grad,17164909056
4,567.438,grad,17164909056
4,568.69,grad,17164909056
4,569.946,grad,17164909056
4,571.192,grad,17164909056
4,572.498,grad,17164909056
4,573.823,grad,17164909056
4,575.09,grad,17164909056
4,576.426,grad,17164909056
4,577.711,grad,17164909056
4,578.997,grad,17164909056
4,580.297,grad,17164909056
4,581.563,grad,17164909056
4,582.823,grad,17164909056
4,584.091,grad,17164909056
4,585.391,grad,17164909056
4,586.677,grad,17164909056
4,587.958,grad,17164909056
4,589.212,grad,17164909056
4,590.468,grad,17164909056
4,591.727,grad,17164909056
4,592.984,grad,17164909056
4,594.247,grad,17164909056
4,595.52,grad,17164909056
4,596.779,grad,17164909056
4,598.026,grad,17164909056
4,599.35,grad,17164909056
4,600.619,grad,17164909056
4,601.892,grad,17164909056
4,603.15,grad,17164909056
4,604.446,grad,17164909056
4,605.73,grad,17164909056
4,606.999,grad,17164909056
4,608.228,grad,17164909056
4,609.52,grad,17164909056
4,610.82,grad,17164909056
4,612.104,grad,17164909056
4,613.412,grad,17164909056
4,614.68,grad,17164909056
4,615.975,grad,17164909056
4,617.323,grad,17164909056
4,618.595,grad,17164909056
4,619.862,grad,17164909056
4,621.111,grad,17164909056
4,622.392,grad,17164909056
4,623.648,grad,17164909056
4,624.9,grad,17164909056
4,626.143,grad,17164909056
4,627.429,grad,17164909056
4,628.692,grad,17164909056
4,629.95,grad,17164909056
4,631.213,grad,17164909056
4,632.479,grad,17164909056
4,633.732,grad,17164909056
4,634.988,grad,17164909056
4,636.248,grad,17164909056
4,637.503,grad,17164909056
4,638.748,grad,17164909056
4,640.002,grad,17164909056
4,641.251,grad,17164909056
4,642.491,grad,17164909056
4,643.735,grad,17164909056
4,645.284,grad,17164909056
4,646.55,grad,17188338176
4,647.826,grad,17213078016
4,649.111,grad,17240963584
4,650.42,grad,17266555392
4,651.686,grad,17293457920
4,652.953,grad,17322392064
4,654.275,grad,17327499264
4,655.552,grad,17327534080
4,656.827,grad,17327569408
4,658.376,grad,17327601664
4,659.662,grad,17327621632
4,660.915,grad,17327622656
4,662.153,grad,17327622656
4,663.43,grad,17327622656
4,664.681,grad,17327622656
4,665.921,grad,17327622656
4,667.158,grad,17327622656
4,668.433,grad,17327623680
4,669.683,grad,17327623680
4,670.937,grad,17327623680
4,672.177,grad,17327623680
4,673.462,grad,17327623680
4,674.745,grad,17327623680
4,675.999,grad,17327624704
4,677.213,grad,17327624704
4,678.476,grad,17327624704
4,679.731,grad,17327624704
4,680.984,grad,17327624704
4,682.231,grad,17327624704
4,683.471,grad,17327625728
4,684.71,grad,17327625728
4,685.947,grad,17327625728
4,687.196,grad,17327625728
4,688.46,grad,17327625728
4,689.707,grad,17327625728
4,690.959,grad,17327626752
4,692.198,grad,17327626752
4,693.446,grad,17327626752
4,694.682,grad,17327626752
4,695.919,grad,17327626752
4,697.157,grad,17327626752
4,698.445,grad,17327627776
4,699.722,grad,17327627776
4,701.056,grad,17327627776
4,702.363,grad,17327627776
4,703.627,grad,17327627776
4,704.889,grad,17327627776
4,706.154,grad,17327628800
4,707.454,grad,17327628800
4,708.741,grad,17327628800
4,709.997,grad,17327628800
4,711.277,grad,17327628800
4,712.53,grad,17327628800
4,713.792,grad,17327629824
4,715.034,grad,17327629824
4,716.31,grad,17327629824
4,717.574,grad,17327629824
4,718.85,grad,17327629824
4,720.132,grad,17327630848
4,721.469,grad,17327630848
4,722.727,grad,17327630848
4,723.976,grad,17327630848
4,725.22,grad,17327630848
4,726.459,grad,17327630848
4,727.698,grad,17327631872
4,728.979,grad,17327631872
4,730.354,grad,17327631872
4,731.641,grad,17327631872
4,732.895,grad,17327631872
4,734.196,grad,17327631872
4,735.505,grad,17327632896
4,736.766,grad,17327632896
4,738.013,grad,17327632896
4,739.273,grad,17327632896
4,740.531,grad,17327632896
4,741.779,grad,17327632896
4,743.024,grad,17327633920
4,744.29,grad,17327633920
4,745.551,grad,17327633920
4,746.808,grad,17327633920
4,748.063,grad,17327633920
4,749.355,grad,17327633920
4,750.616,grad,17327634944
4,751.871,grad,17327634944
4,753.148,grad,17327634944
4,754.487,grad,17327634944
4,755.754,grad,17327634944
4,757.007,grad,17327634944
4,758.244,grad,17327635968
4,759.486,grad,17327635968
4,760.738,grad,17327635968
4,761.991,grad,17327635968
4,763.242,grad,17327635968
4,764.48,grad,17327635968
4,765.72,grad,17327636992
4,766.959,grad,17327636992
4,768.197,grad,17327636992
4,769.441,grad,17327636992
4,770.716,grad,17327636992
4,771.981,grad,17327636992
4,773.254,grad,17327638016
4,774.536,grad,17327638016
4,775.795,grad,17327638016
4,777.049,grad,17327638016
4,778.33,grad,17327638016
4,779.585,grad,17327638016
4,780.84,grad,17327639040
4,782.094,grad,17327639040
4,783.378,grad,17327639040
4,784.628,grad,17327639040
4,785.876,grad,17327639040
4,787.127,grad,17327639040
4,788.415,grad,17327640064
4,789.676,grad,17327640064
4,790.931,grad,17327640064
4,792.199,grad,17327640064
4,793.471,grad,17327640064
4,794.728,grad,17327640064
4,795.969,grad,17327641088
4,797.208,grad,17327641088
4,798.46,grad,17327641088
4,799.704,grad,17327641088
4,800.978,grad,17327641088
4,802.237,grad,17327641088
4,803.481,grad,17327642112
4,804.723,grad,17327642112
4,805.963,grad,17327642112
4,807.201,grad,17327642112
4,808.444,grad,17327642112
4,809.679,grad,17327642112
4,810.941,grad,17327643136
4,812.194,grad,17327643136
4,813.442,grad,17327643136
4,814.68,grad,17327643136
4,815.914,grad,17327643136
4,817.149,grad,17327643136
4,818.437,grad,17327644160
4,819.688,grad,17327644160
4,820.94,grad,17327644160
4,822.206,grad,17327644160
4,823.469,grad,17327644160
4,824.717,grad,17327644160
4,825.96,grad,17327645184
4,827.197,grad,17327645184
4,828.443,grad,17327645184
4,829.751,grad,17327645184
4,831.103,grad,17327645184
4,832.443,grad,17327645184
4,833.758,grad,17327646208
4,835.015,grad,17327646208
4,836.267,grad,17327646208
4,837.526,grad,17327646208
4,838.769,grad,17327646208
4,840.005,grad,17327646208
4,841.302,grad,17327647232
4,842.565,grad,17327647232
4,843.823,grad,17327647232
4,845.074,grad,17327647232
4,846.351,grad,17327647232
4,847.604,grad,17327647232
4,848.852,grad,17327648256
4,850.093,grad,17327648256
4,851.37,grad,17327648256
4,852.634,grad,17327648256
4,853.902,grad,17327648256
4,855.196,grad,17327648768
4,856.496,grad,17327649280
4,857.757,grad,17327649280
4,859.003,grad,17327649280
4,860.245,grad,17327649280
4,861.504,grad,17327649280
4,862.753,grad,17327649280
4,863.993,grad,17327649280
4,865.233,grad,17327649280
4,866.468,grad,17327649280
4,867.705,grad,17327649280
4,868.94,grad,17327649280
4,870.2,grad,17327649280
4,871.501,grad,17327649280
4,872.766,grad,17327649280
4,874.028,grad,17327649280
4,875.309,grad,17327649280
4,876.572,grad,17327649280
4,877.832,grad,17327649280
4,879.077,grad,17327649280
4,880.357,grad,17327650304
4,881.632,grad,17327650304
4,882.889,grad,17327650304
4,884.134,grad,17327650304
4,885.42,grad,17327650304
4,886.676,grad,17327650304
4,887.923,grad,17327650304
4,889.16,grad,17327650304
4,890.446,grad,17327650304
4,891.718,grad,17327650304
4,892.976,grad,17327651328
4,894.236,grad,17327651328
4,895.512,grad,17327652352
4,896.771,grad,17327652352
4,898.018,grad,17327652352
4,899.279,grad,17327652352
4,900.536,grad,17327652352
4,901.814,grad,17327652352
4,903.076,grad,17327652352
4,904.364,grad,17327652352
4,905.618,grad,17327653376
4,906.867,grad,17327653376
4,908.107,grad,17327653376
4,909.386,grad,17327654400
4,910.639,grad,17327654400
4,911.921,grad,17327654400
4,913.175,grad,17327654400
4,914.455,grad,17327654400
4,915.701,grad,17327654400
4,916.945,grad,17327654400
4,918.196,grad,17327654400
4,919.458,grad,17327655424
4,920.702,grad,17327655424
4,921.972,grad,17327656448
4,923.237,grad,17327656448
4,924.485,grad,17327656448
4,925.725,grad,17327656448
4,926.969,grad,17327656448
4,928.225,grad,17327656448
4,929.473,grad,17327656448
4,930.724,grad,17327656448
4,932.03,grad,17327657472
4,933.324,grad,17327657472
4,934.578,grad,17327658496
4,935.831,grad,17327658496
4,937.082,grad,17327658496
4,938.36,grad,17327658496
4,939.608,grad,17327658496
4,940.853,grad,17327658496
4,942.116,grad,17327658496
4,943.412,grad,17327658496
4,944.661,grad,17327659520
4,945.909,grad,17327659520
4,947.15,grad,17327659520
4,948.436,grad,17327660544
4,949.685,grad,17327660544
4,950.936,grad,17327660544
4,952.239,grad,17327660544
4,953.588,grad,17327660544
4,954.907,grad,17327660544
4,956.201,grad,17327660544
4,957.462,grad,17327660544
4,958.737,grad,17327661568
4,960.015,grad,17327661568
4,961.338,grad,17327662592
4,962.599,grad,17327662592
4,963.854,grad,17327662592
4,965.094,grad,17327662592
4,966.37,grad,17327662592
4,967.618,grad,17327662592
4,968.859,grad,17327662592
4,970.102,grad,17327662592
4,971.379,grad,17327663616
4,972.633,grad,17327663616
4,973.902,grad,17327664640
4,975.169,grad,17327664640
4,976.458,grad,17327664640
4,977.703,grad,17327664640
4,978.946,grad,17327664640
4,980.192,grad,17327664640
4,981.457,grad,17327664640
4,982.716,grad,17327664640
4,983.963,grad,17327665664
4,985.202,grad,17327665664
4,986.445,grad,17327666688
4,987.693,grad,17327666688
4,988.939,grad,17327666688
4,990.199,grad,17327666688
4,991.465,grad,17327666688
4,992.719,grad,17327666688
4,993.967,grad,17327666688
4,995.209,grad,17327666688
4,996.463,grad,17327667712
4,997.716,grad,17327667712
4,998.953,grad,17327667712
4,1000.192,grad,17327668736
4,1001.444,grad,17327668736
4,1002.7,grad,17327668736
4,1003.952,grad,17327668736
4,1005.192,grad,17327668736
4,1006.434,grad,17327668736
4,1007.67,grad,17327668736
4,1008.915,grad,17327668736
4,1010.161,grad,17327669760
4,1011.447,grad,17327669760
4,1012.718,grad,17327670784
4,1013.973,grad,17327670784
4,1015.232,grad,17327670784
4,1016.477,grad,17327670784
4,1017.718,grad,17327670784
4,1018.955,grad,17327670784
4,1020.223,grad,17327670784
4,1021.473,grad,17327670784
4,1022.74,grad,17327671808
4,1023.998,grad,17327671808
4,1025.244,grad,17327672832
4,1026.479,grad,17327672832
4,1027.713,grad,17327672832
4,1028.945,grad,17327672832
4,1030.211,grad,17327672832
4,1031.489,grad,17327672832
4,1032.754,grad,17327672832
4,1034.005,grad,17327672832
4,1035.248,grad,17327673856
4,1036.486,grad,17327673856
4,1037.72,grad,17327673856
4,1038.999,grad,17327673856
4,1040.285,grad,17329476096
4,1041.541,grad,17329476096
4,1042.788,grad,17329476096
4,1044.048,grad,17329476096
4,1045.331,grad,17329476096
4,1046.587,grad,17329476096
4,1047.84,grad,17329476096
4,1049.081,grad,17330917888
4,1050.359,grad,17330917888
4,1051.618,grad,17332359680
4,1052.893,grad,17332359680
4,1054.169,grad,17332359680
4,1055.465,grad,17332359680
4,1056.719,grad,17332359680
4,1057.966,grad,17332359680
4,1059.205,grad,17332359680
4,1060.449,grad,17332359680
4,1061.685,grad,17332621824
4,1062.93,grad,17332621824
4,1064.2,grad,17333080576
4,1065.462,grad,17333080576
4,1066.753,grad,17333080576
4,1068.008,grad,17333080576
4,1069.208,grad,17333080576
4,1070.467,grad,17333080576
4,1071.715,grad,17333080576
4,1072.972,grad,17333080576
4,1074.255,grad,17333539328
4,1075.522,grad,17333539328
4,1076.791,grad,17333539328
4,1078.066,grad,17333801472
4,1079.363,grad,17333801472
4,1080.618,grad,17333801472
4,1081.864,grad,17333801472
4,1083.111,grad,17333801472
4,1084.404,grad,17333801472
4,1085.65,grad,17333801472
4,1086.902,grad,17335013888
4,1088.15,grad,17335243264
4,1089.43,grad,17335243264
4,1090.68,grad,17336685056
4,1091.934,grad,17336685056
4,1093.194,grad,17336685056
4,1094.463,grad,17336685056
4,1095.711,grad,17336685056
4,1096.959,grad,17336685056
4,1098.2,grad,17336685056
4,1099.442,grad,17336685056
4,1100.681,grad,17338126848
4,1101.915,grad,17338126848
4,1103.154,grad,17338388992
4,1104.449,grad,17338388992
4,1105.702,grad,17338388992
4,1106.951,grad,17338388992
4,1108.192,grad,17338388992
4,1109.435,grad,17338388992
4,1110.671,grad,17338388992
4,1111.918,grad,17338388992
4,1113.162,grad,17338847744
4,1114.454,grad,17338847744
4,1115.711,grad,17339077120
4,1116.963,grad,17339306496
4,1118.211,grad,17339306496
4,1119.473,grad,17339306496
4,1120.713,grad,17339306496
4,1121.955,grad,17339306496
4,1123.215,grad,17339306496
4,1124.474,grad,17339306496
4,1125.724,grad,17339535872
4,1126.965,grad,17339568640
4,1128.201,grad,17339568640
4,1129.445,grad,17341010432
4,1130.715,grad,17341010432
4,1132.076,grad,17341010432
4,1133.398,grad,17341010432
4,1134.714,grad,17341010432
4,1136.018,grad,17341010432
4,1137.289,grad,17341010432
4,1138.545,grad,17341010432
4,1139.801,grad,17342452224
4,1141.048,grad,17342452224
4,1142.336,grad,17343894016
4,1143.602,grad,17343894016
4,1144.867,grad,17343894016
4,1146.114,grad,17343894016
4,1147.398,grad,17343894016
4,1148.652,grad,17343894016
4,1149.908,grad,17343894016
4,1151.158,grad,17343894016
4,1152.457,grad,17344156160
4,1153.735,grad,17344156160
4,1155.008,grad,17344614912
4,1156.287,grad,17344614912
4,1157.545,grad,17344614912
4,1158.796,grad,17344614912
4,1160.036,grad,17344614912
4,1161.308,grad,17344614912
4,1162.565,grad,17344614912
4,1163.924,grad,17344614912
4,1165.216,grad,17345073664
4,1166.487,grad,17345073664
4,1167.742,grad,17345335808
4,1168.987,grad,17345335808
4,1170.228,grad,17345335808
4,1171.466,grad,17345335808
4,1172.714,grad,17345335808
4,1174.02,grad,17345335808
4,1175.398,grad,17345335808
4,1176.71,grad,17345335808
4,1178.035,grad,17346777600
4,1179.398,grad,17346777600
4,1180.717,grad,17348219392
4,1182.051,grad,17348219392
4,1183.399,grad,17348219392
4,1184.682,grad,17348219392
4,1185.954,grad,17348219392
4,1187.214,grad,17348219392
4,1188.543,grad,17348219392
4,1189.872,grad,17348219392
4,1191.151,grad,17349661184
4,1192.458,grad,17349661184
4,1193.746,grad,17349923328
4,1195.02,grad,17349923328
4,1196.313,grad,17349923328
4,1197.591,grad,17349923328
4,1198.867,grad,17349923328
4,1200.137,grad,17349923328
4,1201.459,grad,17349923328
4,1202.733,grad,17349923328
4,1203.996,grad,17350382080
4,1205.282,grad,17350382080
4,1206.564,grad,17350840832
4,1207.839,grad,17350840832
4,1209.099,grad,17350840832
4,1210.394,grad,17350840832
4,1211.668,grad,17350840832
4,1212.933,grad,17350840832
4,1214.205,grad,17350840832
4,1215.474,grad,17350840832
4,1216.743,grad,17351102976
4,1218.034,grad,17351102976
4,1219.356,grad,17352544768
4,1220.633,grad,17352544768
4,1221.895,grad,17352544768
4,1223.162,grad,17352544768
4,1224.47,grad,17352544768
4,1225.775,grad,17352544768
4,1227.107,grad,17352544768
4,1228.426,grad,17352544768
4,1229.685,grad,17353986560
4,1230.989,grad,17353986560
4,1232.346,grad,17355428352
4,1233.618,grad,17355428352
4,1234.905,grad,17355428352
4,1236.212,grad,17355428352
4,1237.494,grad,17355428352
4,1238.757,grad,17355428352
4,1240.024,grad,17355428352
4,1241.337,grad,17355428352
4,1242.607,grad,17355690496
4,1243.865,grad,17355690496
4,1245.144,grad,17356149248
4,1246.441,grad,17356149248
4,1247.718,grad,17356149248
4,1249.008,grad,17356149248
4,1250.337,grad,17356149248
4,1251.634,grad,17356149248
4,1252.928,grad,17356149248
4,1254.221,grad,17356149248
4,1255.498,grad,17356149248
4,1256.772,grad,17356149248
4,1258.028,grad,17356149248
4,1259.343,grad,17356149248
4,1260.654,grad,17359753728
4,1261.923,grad,17362997760
4,1263.177,grad,17367585280
4,1264.474,grad,17371648512
4,1265.761,grad,17374040576
4,1267.032,grad,17379119616
4,1268.319,grad,17380299264
4,1269.577,grad,17385804288
4,1270.834,grad,17388950016
4,1272.086,grad,17391833600
4,1273.386,grad,17396781568
4,1274.777,grad,17402286592
4,1276.153,grad,17403728384
4,1277.548,grad,17408774656
4,1278.828,grad,17412379136
4,1280.098,grad,17415262720
4,1281.4,grad,17419850240
4,1282.663,grad,17423913472
4,1283.925,grad,17430270464
4,1285.206,grad,17463333376
4,1286.494,grad,17485189632
4,1287.762,grad,17349792256
4,1289.029,grad,17202237952
4,1290.335,grad,17164283392
4,1292.734,grad,17164190208
4,1294.013,grad,17164190208
4,1295.292,grad,17164190208
4,1296.795,grad,17164190208
4,1298.053,grad,17189290496
4,1299.34,grad,17218257408
4,1300.593,grad,17243357696
4,1301.85,grad,17271243264
4,1303.1,grad,17299358208
4,1304.391,grad,17325670912
4,1305.667,grad,17328587776
4,1306.924,grad,17328623104
4,1308.179,grad,17328658944
4,1310.261,grad,17328685056
4,1311.538,grad,17328706048
4,1312.788,grad,17328706048
4,1314.027,grad,17328706048
4,1315.284,grad,17328706048
4,1316.533,grad,17328707072
4,1317.78,grad,17328707072
4,1319.02,grad,17328707072
4,1320.271,grad,17328707072
4,1321.517,grad,17328707072
4,1322.759,grad,17328707072
4,1323.998,grad,17328708096
4,1325.24,grad,17328708096
4,1326.483,grad,17328708096
4,1327.736,grad,17328708096
4,1328.977,grad,17328708096
4,1330.214,grad,17328708096
4,1331.458,grad,17328708096
4,1332.716,grad,17328709120
4,1333.963,grad,17328709120
4,1335.217,grad,17328709120
4,1336.465,grad,17328709120
4,1337.706,grad,17328709120
4,1338.951,grad,17328709120
4,1340.191,grad,17328710144
4,1341.426,grad,17328710144
4,1342.662,grad,17328710144
4,1343.913,grad,17328710144
4,1345.175,grad,17328710144
4,1346.46,grad,17328710144
4,1347.73,grad,17328711168
4,1348.985,grad,17328711168
4,1350.229,grad,17328711168
4,1351.469,grad,17328711168
4,1352.713,grad,17328711168
4,1353.974,grad,17328711168
4,1355.25,grad,17328712192
4,1356.513,grad,17328712192
4,1357.759,grad,17328712192
4,1358.998,grad,17328712192
4,1360.238,grad,17328712192
4,1361.476,grad,17328712192
4,1362.715,grad,17328713216
4,1363.962,grad,17328713216
4,1365.224,grad,17328713216
4,1366.48,grad,17328713216
4,1367.731,grad,17328713216
4,1368.971,grad,17328713216
4,1370.215,grad,17328714240
4,1371.45,grad,17328714240
4,1372.686,grad,17328714240
4,1373.941,grad,17328714240
4,1375.211,grad,17328714240
4,1376.473,grad,17328714240
4,1377.86,grad,17328715264
4,1379.13,grad,17328715264
4,1380.45,grad,17328715264
4,1381.709,grad,17328715264
4,1382.963,grad,17328715264
4,1384.213,grad,17328716288
4,1385.466,grad,17328716288
4,1386.713,grad,17328716288
4,1387.965,grad,17328716288
4,1389.211,grad,17328716288
4,1390.481,grad,17328716288
4,1391.744,grad,17328717312
4,1392.992,grad,17328717312
4,1394.245,grad,17328717312
4,1395.504,grad,17328717312
4,1396.751,grad,17328717312
4,1397.99,grad,17328717312
4,1399.232,grad,17328718336
4,1400.465,grad,17328718336
4,1401.697,grad,17328718336
4,1402.936,grad,17328718336
4,1404.179,grad,17328718336
4,1405.466,grad,17328718336
4,1406.711,grad,17328719360
4,1407.966,grad,17328719360
4,1409.212,grad,17328719360
4,1410.469,grad,17328719360
4,1411.729,grad,17328719360
4,1412.968,grad,17328719360
4,1414.223,grad,17328720384
4,1415.485,grad,17328720384
4,1416.741,grad,17328720384
4,1418.002,grad,17328720384
4,1419.246,grad,17328720384
4,1420.499,grad,17328720384
4,1421.745,grad,17328721408
4,1422.99,grad,17328721408
4,1424.245,grad,17328721408
4,1425.499,grad,17328721408
4,1426.743,grad,17328721408
4,1427.981,grad,17328721408
4,1429.222,grad,17328722432
4,1430.459,grad,17328722432
4,1431.694,grad,17328722432
4,1432.939,grad,17328722432
4,1434.176,grad,17328722432
4,1435.462,grad,17328722432
4,1436.741,grad,17328723456
4,1438.037,grad,17328723456
4,1439.39,grad,17328723456
4,1440.653,grad,17328723456
4,1441.908,grad,17328723456
4,1443.153,grad,17328723456
4,1444.44,grad,17328724480
4,1445.696,grad,17328724480
4,1446.96,grad,17328724480
4,1448.213,grad,17328724480
4,1449.458,grad,17328724480
4,1450.697,grad,17328724480
4,1451.968,grad,17328725504
4,1453.249,grad,17328725504
4,1454.528,grad,17328725504
4,1455.798,grad,17328725504
4,1457.048,grad,17328725504
4,1458.317,grad,17328725504
4,1459.569,grad,17328726528
4,1460.822,grad,17328726528
4,1462.065,grad,17328726528
4,1463.35,grad,17328726528
4,1464.616,grad,17328726528
4,1465.954,grad,17328726528
4,1467.212,grad,17328727552
4,1468.454,grad,17328727552
4,1469.693,grad,17328727552
4,1470.939,grad,17328727552
4,1472.2,grad,17328727552
4,1473.495,grad,17328727552
4,1474.753,grad,17328728576
4,1476.005,grad,17328728576
4,1477.331,grad,17328728576
4,1478.654,grad,17328728576
4,1479.924,grad,17328728576
4,1481.212,grad,17328728576
4,1482.53,grad,17328729600
4,1483.827,grad,17328729600
4,1485.081,grad,17328729600
4,1486.364,grad,17328729600
4,1487.623,grad,17328729600
4,1488.88,grad,17328729600
4,1490.12,grad,17328730624
4,1491.396,grad,17328730624
4,1492.644,grad,17328730624
4,1493.895,grad,17328730624
4,1495.133,grad,17328730624
4,1496.411,grad,17328730624
4,1497.669,grad,17328731648
4,1498.921,grad,17328731648
4,1500.163,grad,17328731648
4,1501.441,grad,17328731648
4,1502.688,grad,17328731648
4,1503.935,grad,17328731648
4,1505.172,grad,17328732672
4,1506.442,grad,17328732672
4,1507.696,grad,17328732672
4,1508.946,grad,17328732672
4,1510.201,grad,17328732672
4,1511.468,grad,17328732672
4,1512.729,grad,17328732672
4,1513.975,grad,17328732672
4,1515.217,grad,17328732672
4,1516.461,grad,17328732672
4,1517.721,grad,17328732672
4,1518.97,grad,17328732672
4,1520.212,grad,17328732672
4,1521.483,grad,17328732672
4,1522.741,grad,17328732672
4,1523.981,grad,17328732672
4,1525.221,grad,17328732672
4,1526.466,grad,17328732672
4,1527.733,grad,17328732672
4,1528.992,grad,17328733696
4,1530.27,grad,17328733696
4,1531.529,grad,17328733696
4,1532.779,grad,17328733696
4,1534.021,grad,17328733696
4,1535.288,grad,17328733696
4,1536.599,grad,17328733696
4,1537.865,grad,17328733696
4,1539.112,grad,17328733696
4,1540.41,grad,17328733696
4,1541.668,grad,17328734720
4,1542.935,grad,17328734720
4,1544.196,grad,17328734720
4,1545.477,grad,17328735744
4,1546.751,grad,17328735744
4,1548.019,grad,17328735744
4,1549.291,grad,17328735744
4,1550.551,grad,17328735744
4,1551.803,grad,17328735744
4,1553.059,grad,17328735744
4,1554.345,grad,17328735744
4,1555.623,grad,17328736768
4,1556.896,grad,17328736768
4,1558.148,grad,17328737792
4,1559.437,grad,17328737792
4,1560.693,grad,17328737792
4,1561.944,grad,17328737792
4,1563.199,grad,17328737792
4,1564.455,grad,17328737792
4,1565.708,grad,17328737792
4,1566.97,grad,17328737792
4,1568.224,grad,17328738816
4,1569.468,grad,17328738816
4,1570.713,grad,17328739840
4,1571.986,grad,17328739840
4,1573.231,grad,17328739840
4,1574.538,grad,17328739840
4,1575.797,grad,17328739840
4,1577.043,grad,17328739840
4,1578.348,grad,17328739840
4,1579.608,grad,17328739840
4,1580.861,grad,17328740864
4,1582.096,grad,17328740864
4,1583.382,grad,17328740864
4,1584.643,grad,17328741888
4,1585.905,grad,17328741888
4,1587.151,grad,17328741888
4,1588.437,grad,17328741888
4,1589.688,grad,17328741888
4,1590.94,grad,17328741888
4,1592.177,grad,17328741888
4,1593.449,grad,17328741888
4,1594.698,grad,17328742912
4,1595.949,grad,17328742912
4,1597.201,grad,17328743936
4,1598.461,grad,17328743936
4,1599.711,grad,17328743936
4,1600.962,grad,17328743936
4,1602.2,grad,17328743936
4,1603.436,grad,17328743936
4,1604.667,grad,17328743936
4,1605.932,grad,17328743936
4,1607.265,grad,17328744960
4,1608.555,grad,17328744960
4,1609.811,grad,17328745984
4,1611.058,grad,17328745984
4,1612.362,grad,17328745984
4,1613.661,grad,17328745984
4,1614.95,grad,17328745984
4,1616.239,grad,17328745984
4,1617.519,grad,17328745984
4,1618.774,grad,17328745984
4,1620.013,grad,17328747008
4,1621.216,grad,17328747008
4,1622.496,grad,17328748032
4,1623.771,grad,17328748032
4,1625.017,grad,17328748032
4,1626.273,grad,17328748032
4,1627.525,grad,17328748032
4,1628.777,grad,17328748032
4,1630.016,grad,17328748032
4,1631.286,grad,17328748032
4,1632.575,grad,17328749056
4,1633.901,grad,17328749056
4,1635.155,grad,17328749056
4,1636.462,grad,17328750080
4,1637.717,grad,17328750080
4,1638.964,grad,17328750080
4,1640.21,grad,17328750080
4,1641.45,grad,17328750080
4,1642.685,grad,17328750080
4,1643.922,grad,17328750080
4,1645.16,grad,17328750080
4,1646.449,grad,17328751104
4,1647.71,grad,17328751104
4,1648.956,grad,17328752128
4,1650.21,grad,17328752128
4,1651.453,grad,17328752128
4,1652.704,grad,17328752128
4,1653.943,grad,17328752128
4,1655.199,grad,17328752128
4,1656.464,grad,17328752128
4,1657.708,grad,17328752128
4,1658.946,grad,17328753152
4,1660.2,grad,17328753152
4,1661.459,grad,17328754176
4,1662.706,grad,17328754176
4,1663.953,grad,17328754176
4,1665.208,grad,17328754176
4,1666.477,grad,17328754176
4,1667.722,grad,17328754176
4,1668.958,grad,17328754176
4,1670.201,grad,17328754176
4,1671.434,grad,17328755200
4,1672.672,grad,17328755200
4,1673.917,grad,17328755200
4,1675.201,grad,17328756224
4,1676.477,grad,17328756224
4,1677.851,grad,17328756224
4,1679.112,grad,17328756224
4,1680.407,grad,17328756224
4,1681.66,grad,17328756224
4,1682.901,grad,17328756224
4,1684.136,grad,17328757248
4,1685.407,grad,17328757248
4,1686.66,grad,17328757248
4,1688.011,grad,17328757248
4,1689.341,grad,17330199040
4,1690.605,grad,17330199040
4,1691.856,grad,17330199040
4,1693.102,grad,17330199040
4,1694.378,grad,17330199040
4,1695.632,grad,17330199040
4,1696.889,grad,17330199040
4,1698.151,grad,17331640832
4,1699.432,grad,17331640832
4,1700.695,grad,17333082624
4,1701.949,grad,17333082624
4,1703.197,grad,17333082624
4,1704.437,grad,17333082624
4,1705.674,grad,17333082624
4,1706.923,grad,17333082624
4,1708.201,grad,17333082624
4,1709.464,grad,17333082624
4,1710.713,grad,17333344768
4,1711.97,grad,17333344768
4,1713.216,grad,17333803520
4,1714.456,grad,17333803520
4,1715.695,grad,17333803520
4,1716.952,grad,17333803520
4,1718.231,grad,17333803520
4,1719.48,grad,17333803520
4,1720.725,grad,17333803520
4,1721.966,grad,17333803520
4,1723.22,grad,17334262272
4,1724.459,grad,17334262272
4,1725.695,grad,17334524416
4,1726.942,grad,17334524416
4,1728.205,grad,17334524416
4,1729.453,grad,17334524416
4,1730.697,grad,17334524416
4,1731.949,grad,17334524416
4,1733.193,grad,17334524416
4,1734.43,grad,17334524416
4,1735.707,grad,17335736832
4,1737.009,grad,17335966208
4,1738.313,grad,17335966208
4,1739.568,grad,17337768448
4,1740.812,grad,17337768448
4,1742.056,grad,17337768448
4,1743.335,grad,17337768448
4,1744.587,grad,17337768448
4,1745.833,grad,17337768448
4,1747.076,grad,17337768448
4,1748.365,grad,17337768448
4,1749.618,grad,17339210240
4,1750.87,grad,17339210240
4,1752.122,grad,17339472384
4,1753.399,grad,17339472384
4,1754.646,grad,17339472384
4,1755.896,grad,17339472384
4,1757.155,grad,17339472384
4,1758.439,grad,17339472384
4,1759.69,grad,17339472384
4,1760.942,grad,17339472384
4,1762.204,grad,17339931136
4,1763.441,grad,17339931136
4,1764.684,grad,17340389888
4,1765.994,grad,17340389888
4,1767.276,grad,17340389888
4,1768.539,grad,17340389888
4,1769.792,grad,17340389888
4,1771.033,grad,17340389888
4,1772.313,grad,17340389888
4,1773.569,grad,17340389888
4,1774.903,grad,17340652032
4,1776.167,grad,17340652032
4,1777.534,grad,17342093824
4,1778.803,grad,17342093824
4,1780.061,grad,17342093824
4,1781.36,grad,17342093824
4,1782.62,grad,17342093824
4,1783.87,grad,17342093824
4,1785.115,grad,17342093824
4,1786.392,grad,17342093824
4,1787.645,grad,17343535616
4,1788.896,grad,17343535616
4,1790.135,grad,17343535616
4,1791.414,grad,17344977408
4,1792.67,grad,17344977408
4,1793.918,grad,17344977408
4,1795.159,grad,17344977408
4,1796.433,grad,17344977408
4,1797.682,grad,17344977408
4,1798.925,grad,17344977408
4,1800.174,grad,17344977408
4,1801.461,grad,17345239552
4,1802.722,grad,17345239552
4,1803.967,grad,17345698304
4,1805.211,grad,17345698304
4,1806.447,grad,17345698304
4,1807.692,grad,17345698304
4,1808.944,grad,17345698304
4,1810.192,grad,17345698304
4,1811.429,grad,17345698304
4,1812.663,grad,17345698304
4,1813.897,grad,17346157056
4,1815.132,grad,17346157056
4,1816.409,grad,17346419200
4,1817.66,grad,17346419200
4,1818.929,grad,17346419200
4,1820.178,grad,17346419200
4,1821.446,grad,17346419200
4,1822.691,grad,17346419200
4,1823.938,grad,17346419200
4,1825.198,grad,17346419200
4,1826.453,grad,17347860992
4,1827.698,grad,17347860992
4,1828.938,grad,17347860992
4,1830.196,grad,17349302784
4,1831.448,grad,17349302784
4,1832.692,grad,17349302784
4,1833.938,grad,17349302784
4,1835.244,grad,17349302784
4,1836.572,grad,17349302784
4,1837.833,grad,17349302784
4,1839.082,grad,17349302784
4,1840.393,grad,17350744576
4,1841.653,grad,17350744576
4,1842.923,grad,17351006720
4,1844.176,grad,17351006720
4,1845.475,grad,17351006720
4,1846.775,grad,17351006720
4,1848.036,grad,17351006720
4,1849.317,grad,17351006720
4,1850.583,grad,17351006720
4,1851.833,grad,17351006720
4,1853.074,grad,17351465472
4,1854.362,grad,17351465472
4,1855.621,grad,17351924224
4,1856.887,grad,17351924224
4,1858.128,grad,17351924224
4,1859.402,grad,17351924224
4,1860.648,grad,17351924224
4,1861.903,grad,17351924224
4,1863.145,grad,17351924224
4,1864.426,grad,17351924224
4,1865.68,grad,17352186368
4,1866.941,grad,17352186368
4,1868.197,grad,17353628160
4,1869.483,grad,17353628160
4,1870.755,grad,17353628160
4,1872.036,grad,17353628160
4,1873.329,grad,17353628160
4,1874.593,grad,17353628160
4,1875.854,grad,17353628160
4,1877.107,grad,17353628160
4,1878.416,grad,17355069952
4,1879.677,grad,17355069952
4,1880.929,grad,17356511744
4,1882.177,grad,17356511744
4,1883.456,grad,17356511744
4,1884.707,grad,17356511744
4,1885.952,grad,17356511744
4,1887.191,grad,17356511744
4,1888.437,grad,17356511744
4,1889.673,grad,17356511744
4,1890.931,grad,17356741120
4,1892.177,grad,17356773888
4,1893.459,grad,17356773888
4,1894.71,grad,17357232640
4,1895.953,grad,17357232640
4,1897.196,grad,17357232640
4,1898.443,grad,17357232640
4,1899.681,grad,17357232640
4,1900.92,grad,17357232640
4,1902.158,grad,17357232640
4,1903.44,grad,17357232640
4,1904.694,grad,17357232640
4,1905.939,grad,17357232640
4,1907.176,grad,17357232640
4,1908.446,grad,17357232640
4,1909.702,grad,17362541056
4,1910.962,grad,17363720704
4,1912.21,grad,17368766976
4,1913.464,grad,17372371456
4,1914.703,grad,17374992896
4,1915.945,grad,17379842560
4,1917.196,grad,17382464000
4,1918.472,grad,17386527232
4,1919.727,grad,17391114752
4,1920.975,grad,17393998336
4,1922.222,grad,17397144064
4,1923.464,grad,17401207296
4,1924.709,grad,17403828736
4,1925.948,grad,17408645632
4,1927.194,grad,17411299840
4,1928.444,grad,17414904320
4,1929.688,grad,17419950592
4,1930.941,grad,17421392384
4,1932.209,grad,17426438656
4,1933.462,grad,17454553600
4,1934.71,grad,17486862848
4,1935.967,grad,17362868736
4,1937.289,grad,17237432832
4,1938.566,grad,17163220480
4,1941.229,grad,17163110912
4,1942.491,grad,17163110912
4,1943.74,grad,17163110912
4,1945.134,grad,17163110912
4,1946.44,grad,17188833792
4,1947.764,grad,17218226688
4,1949.027,grad,17240377856
4,1955.612,grad,17265478144
4,1956.907,grad,17294313984
4,1958.2,grad,17322920448
4,1959.475,grad,17327507456
4,1960.735,grad,17327544832
4,1961.986,grad,17327582208
4,1963.297,grad,17327605760
4,1964.547,grad,17327643136
4,1965.823,grad,17327653376
4,1967.141,grad,17327653376
4,1968.452,grad,17327653376
4,1969.715,grad,17327653376
4,1970.976,grad,17327653376
4,1972.201,grad,17327653376
4,1973.451,grad,17327653376
4,1974.726,grad,17327653376
4,1976.009,grad,17327653376
4,1977.272,grad,17327653376
4,1978.53,grad,17327653376
4,1979.791,grad,17327653376
4,1981.053,grad,17327653376
4,1982.326,grad,17327653376
4,1983.578,grad,17327653376
4,1984.852,grad,17327653376
4,1986.122,grad,17327653376
4,1987.386,grad,17327653376
4,1988.637,grad,17327653376
4,1989.901,grad,17327653376
4,1991.155,grad,17327653376
4,1992.42,grad,17327653376
4,1993.675,grad,17327653376
4,1994.939,grad,17327653376
4,1996.198,grad,17327653376
4,1997.444,grad,17327653376
4,1998.71,grad,17327653376
4,1999.978,grad,17327653376
4,2001.235,grad,17327653376
4,2002.485,grad,17327653376
4,2003.75,grad,17327653376
4,2005.009,grad,17327653376
4,2006.267,grad,17327653376
4,2007.505,grad,17327653376
4,2008.793,grad,17327653376
4,2010.131,grad,17327653376
4,2011.46,grad,17327653376
4,2012.758,grad,17327653376
4,2014.006,grad,17327653376
4,2015.264,grad,17327653376
4,2016.531,grad,17327653376
4,2017.769,grad,17327653376
4,2019.016,grad,17327653376
4,2020.294,grad,17327653376
4,2021.547,grad,17327653376
4,2022.79,grad,17327653376
4,2024.041,grad,17327653376
4,2025.34,grad,17327653376
4,2026.613,grad,17327653376
4,2027.851,grad,17327653376
4,2029.095,grad,17327653376
4,2030.382,grad,17327653376
4,2031.642,grad,17327653376
4,2032.887,grad,17327653376
4,2034.134,grad,17327653376
4,2035.42,grad,17327653376
4,2036.663,grad,17327653376
4,2037.904,grad,17327653376
4,2039.147,grad,17327653376
4,2040.442,grad,17327653376
4,2041.696,grad,17327653376
4,2042.938,grad,17327653376
4,2044.207,grad,17327653376
4,2045.48,grad,17327653376
4,2046.727,grad,17327653376
4,2047.966,grad,17327653376
4,2049.213,grad,17327653376
4,2050.48,grad,17327653376
4,2051.734,grad,17327653376
4,2052.976,grad,17327653376
4,2054.232,grad,17327653376
4,2055.5,grad,17327653376
4,2056.748,grad,17327653376
4,2058.037,grad,17327653376
4,2059.402,grad,17327653376
4,2060.671,grad,17327653376
4,2061.922,grad,17327653376
4,2063.178,grad,17327653376
4,2064.451,grad,17327653376
4,2065.705,grad,17327653376
4,2066.962,grad,17327653376
4,2068.22,grad,17327653376
4,2069.477,grad,17327653376
4,2070.728,grad,17327653376
4,2071.983,grad,17327653376
4,2073.233,grad,17327653376
4,2074.48,grad,17327653376
4,2075.852,grad,17327653376
4,2077.229,grad,17327653376
4,2078.601,grad,17327653376
4,2079.9,grad,17327653376
4,2081.164,grad,17327653376
4,2082.459,grad,17327653376
4,2083.717,grad,17327653376
4,2084.975,grad,17327653376
4,2086.231,grad,17327653376
4,2087.478,grad,17327653376
4,2088.715,grad,17327653376
4,2089.956,grad,17327653376
4,2091.214,grad,17327653376
4,2092.471,grad,17327653376
4,2093.75,grad,17327653376
4,2095.002,grad,17327653376
4,2096.207,grad,17327653376
4,2097.445,grad,17327653376
4,2098.681,grad,17327653376
4,2099.916,grad,17327653376
4,2101.166,grad,17327653376
4,2102.455,grad,17327653376
4,2103.709,grad,17327653376
4,2104.954,grad,17327653376
4,2106.206,grad,17327653376
4,2107.449,grad,17327653376
4,2108.685,grad,17327653376
4,2109.921,grad,17327653376
4,2111.166,grad,17327653376
4,2112.442,grad,17327653376
4,2113.69,grad,17327653376
4,2114.938,grad,17327653376
4,2116.205,grad,17327653376
4,2117.47,grad,17327653376
4,2118.717,grad,17327653376
4,2119.964,grad,17327653376
4,2121.22,grad,17327653376
4,2122.471,grad,17327653376
4,2123.715,grad,17327653376
4,2124.964,grad,17327654400
4,2126.21,grad,17327654400
4,2127.444,grad,17327654400
4,2128.68,grad,17327654400
4,2129.917,grad,17327654400
4,2131.165,grad,17327654400
4,2132.483,grad,17327654400
4,2133.847,grad,17327655424
4,2135.176,grad,17327655424
4,2136.497,grad,17327656448
4,2137.787,grad,17327656448
4,2139.075,grad,17327656448
4,2140.374,grad,17327656448
4,2141.654,grad,17327656448
4,2142.923,grad,17327657472
4,2144.214,grad,17327657472
4,2145.516,grad,17327658496
4,2146.822,grad,17327658496
4,2148.078,grad,17327658496
4,2149.372,grad,17327658496
4,2150.639,grad,17327658496
4,2151.91,grad,17327659520
4,2153.159,grad,17327659520
4,2154.446,grad,17327660544
4,2155.707,grad,17327660544
4,2156.972,grad,17327660544
4,2158.226,grad,17327660544
4,2159.466,grad,17327660544
4,2160.707,grad,17327660544
4,2161.978,grad,17327661568
4,2163.21,grad,17327661568
4,2164.475,grad,17327662592
4,2165.751,grad,17327662592
4,2167.012,grad,17327662592
4,2168.284,grad,17327662592
4,2169.536,grad,17327662592
4,2170.788,grad,17327663616
4,2172.058,grad,17327663616
4,2173.342,grad,17327664640
4,2174.627,grad,17327664640
4,2175.958,grad,17327664640
4,2177.301,grad,17327664640
4,2178.591,grad,17327664640
4,2179.84,grad,17327664640
4,2181.094,grad,17327665664
4,2182.388,grad,17327666688
4,2183.637,grad,17327666688
4,2184.88,grad,17327666688
4,2186.125,grad,17327666688
4,2187.426,grad,17327666688
4,2188.677,grad,17327666688
4,2189.921,grad,17327667712
4,2191.166,grad,17327667712
4,2192.456,grad,17327668736
4,2193.706,grad,17327668736
4,2194.972,grad,17327668736
4,2196.228,grad,17327668736
4,2197.468,grad,17327668736
4,2198.705,grad,17327669760
4,2199.943,grad,17327669760
4,2201.198,grad,17327670784
4,2202.472,grad,17327670784
4,2203.723,grad,17327670784
4,2204.967,grad,17327670784
4,2206.209,grad,17327670784
4,2207.455,grad,17327670784
4,2208.694,grad,17327671808
4,2209.933,grad,17327671808
4,2211.198,grad,17327672832
4,2212.47,grad,17327672832
4,2213.72,grad,17327672832
4,2214.965,grad,17327672832
4,2216.203,grad,17327672832
4,2217.484,grad,17327673856
4,2218.739,grad,17327673856
4,2219.983,grad,17327674880
4,2221.234,grad,17327674880
4,2222.484,grad,17327674880
4,2223.722,grad,17327674880
4,2224.958,grad,17327674880
4,2226.196,grad,17327674880
4,2227.438,grad,17327675904
4,2228.672,grad,17327675904
4,2229.909,grad,17327676928
4,2231.165,grad,17327676928
4,2232.471,grad,17327676928
4,2233.719,grad,17327676928
4,2234.96,grad,17327676928
4,2236.197,grad,17327677952
4,2237.439,grad,17327677952
4,2238.981,grad,17327677952
4,2240.285,grad,17329480192
4,2241.55,grad,17329480192
4,2242.812,grad,17329480192
4,2244.062,grad,17329480192
4,2245.344,grad,17330921984
4,2246.607,grad,17330921984
4,2247.873,grad,17332363776
4,2249.129,grad,17332363776
4,2250.423,grad,17332363776
4,2251.686,grad,17332363776
4,2252.949,grad,17332363776
4,2254.208,grad,17332363776
4,2255.457,grad,17332625920
4,2256.708,grad,17332625920
4,2257.98,grad,17333084672
4,2259.235,grad,17333084672
4,2260.475,grad,17333084672
4,2261.724,grad,17333084672
4,2262.979,grad,17333084672
4,2264.23,grad,17333543424
4,2265.476,grad,17333543424
4,2266.737,grad,17333805568
4,2267.984,grad,17333805568
4,2269.23,grad,17333805568
4,2270.499,grad,17333805568
4,2271.774,grad,17333805568
4,2273.034,grad,17333805568
4,2274.336,grad,17335247360
4,2275.642,grad,17336689152
4,2276.886,grad,17336689152
4,2278.24,grad,17336689152
4,2279.512,grad,17336689152
4,2280.766,grad,17336689152
4,2282.025,grad,17336689152
4,2283.298,grad,17338130944
4,2284.556,grad,17338130944
4,2285.8,grad,17338393088
4,2287.046,grad,17338393088
4,2288.307,grad,17338393088
4,2289.564,grad,17338393088
4,2290.819,grad,17338393088
4,2292.072,grad,17338393088
4,2293.36,grad,17338851840
4,2294.628,grad,17339310592
4,2295.874,grad,17339310592
4,2297.113,grad,17339310592
4,2298.381,grad,17339310592
4,2299.644,grad,17339310592
4,2300.893,grad,17339310592
4,2302.148,grad,17339572736
4,2303.431,grad,17339572736
4,2304.707,grad,17341014528
4,2305.955,grad,17341014528
4,2307.201,grad,17341014528
4,2308.457,grad,17341014528
4,2309.723,grad,17341014528
4,2310.99,grad,17342456320
4,2312.206,grad,17342456320
4,2313.474,grad,17343898112
4,2314.73,grad,17343898112
4,2315.976,grad,17343898112
4,2317.201,grad,17343898112
4,2318.458,grad,17343898112
4,2319.718,grad,17343898112
4,2320.982,grad,17344160256
4,2322.204,grad,17344160256
4,2323.478,grad,17344619008
4,2324.737,grad,17344619008
4,2325.989,grad,17344619008
4,2327.201,grad,17344619008
4,2328.454,grad,17344619008
4,2329.71,grad,17345077760
4,2330.978,grad,17345077760
4,2332.291,grad,17345339904
4,2333.553,grad,17345339904
4,2334.825,grad,17345339904
4,2336.091,grad,17345339904
4,2337.36,grad,17345339904
4,2338.609,grad,17345339904
4,2339.871,grad,17346781696
4,2341.124,grad,17348223488
4,2342.416,grad,17348223488
4,2343.672,grad,17348223488
4,2344.929,grad,17348223488
4,2346.177,grad,17348223488
4,2347.441,grad,17348223488
4,2348.7,grad,17349665280
4,2349.964,grad,17349665280
4,2351.221,grad,17349927424
4,2352.484,grad,17349927424
4,2353.743,grad,17349927424
4,2355.04,grad,17349927424
4,2356.335,grad,17349927424
4,2357.583,grad,17350386176
4,2358.827,grad,17350386176
4,2360.098,grad,17350844928
4,2361.375,grad,17350844928
4,2362.626,grad,17350844928
4,2363.88,grad,17350844928
4,2365.158,grad,17350844928
4,2366.431,grad,17350844928
4,2367.671,grad,17351107072
4,2368.913,grad,17351107072
4,2370.196,grad,17352548864
4,2371.461,grad,17352548864
4,2372.714,grad,17352548864
4,2373.964,grad,17352548864
4,2375.248,grad,17352548864
4,2376.523,grad,17353990656
4,2377.771,grad,17353990656
4,2379.103,grad,17355432448
4,2380.412,grad,17355432448
4,2381.679,grad,17355432448
4,2382.943,grad,17355432448
4,2384.203,grad,17355432448
4,2385.464,grad,17355432448
4,2386.715,grad,17355694592
4,2387.964,grad,17356153344
4,2389.206,grad,17356153344
4,2390.453,grad,17356153344
4,2391.694,grad,17356153344
4,2392.939,grad,17356153344
4,2394.203,grad,17356153344
4,2395.465,grad,17356153344
4,2396.704,grad,17356153344
4,2397.947,grad,17356153344
4,2399.192,grad,17356153344
4,2400.441,grad,17356874240
4,2401.684,grad,17361822208
4,2402.937,grad,17365885440
4,2404.199,grad,17368506880
4,2405.458,grad,17373356544
4,2406.703,grad,17375977984
4,2407.954,grad,17380041216
4,2409.207,grad,17384628736
4,2410.484,grad,17388954112
4,2411.744,grad,17391116800
4,2413.002,grad,17396785664
4,2414.274,grad,17399177728
4,2415.535,grad,17403470336
4,2416.783,grad,17408057856
4,2418.032,grad,17410941440
4,2419.317,grad,17414545920
4,2420.577,grad,17419592192
4,2421.827,grad,17421033984
4,2423.082,grad,17426080256
4,2424.391,grad,17462125056
4,2425.676,grad,17473528320
4,2426.949,grad,17321550336
4,2428.21,grad,17175699968
4,2429.473,grad,17164218880
4,2430.838,grad,17164195840
4,2432.128,grad,17185683968
4,2433.446,grad,17217042944
4,2434.72,grad,17246730752
4,2435.994,grad,17277729280
4,2437.341,grad,17309678080
4,2438.645,grad,17285659136
4,2439.961,grad,17164908544
4,2441.24,grad,17099438080
4,2442.677,noise,17001263104
4,2444.02,noise,17001263104
4,2445.333,noise,17002475520
4,2446.596,noise,17002704896
4,2447.855,noise,17002934272
4,2449.101,noise,17004146688
4,2450.386,noise,17004736512
4,2451.637,noise,17004736512
4,2452.904,noise,17006178304
4,2454.2,noise,17006669824
4,2455.474,noise,17007128576
4,2456.736,noise,17007390720
4,2458.001,noise,17007390720
4,2459.246,noise,17008832512
4,2460.49,noise,17009061888
4,2461.73,noise,17009061888
4,2462.982,noise,17010503680
4,2464.24,noise,17010503680
4,2465.498,noise,17011716096
4,2466.797,noise,17012207616
4,2468.058,noise,17012895744
4,2469.366,noise,17013157888
4,2470.63,noise,17013157888
4,2471.893,noise,17014599680
4,2473.142,noise,17014829056
4,2474.443,noise,17016041472
4,2475.711,noise,17016270848
4,2476.993,noise,17016270848
4,2478.273,noise,17017712640
4,2479.533,noise,17018204160
4,2480.783,noise,17018892288
4,2482.027,noise,17018925056
4,2483.307,noise,17018925056
4,2484.571,noise,17020366848
4,2485.827,noise,17020596224
4,2487.074,noise,17021808640
4,2488.357,noise,17022038016
4,2489.615,noise,17022038016
4,2490.869,noise,17023840256
4,2492.115,noise,17024331776
4,2493.408,noise,17024790528
4,2494.673,noise,17025052672
4,2495.923,noise,17025052672
4,2497.172,noise,17026953216
4,2498.466,noise,17026723840
4,2499.714,noise,17026723840
4,2500.961,noise,17028165632
4,2502.205,noise,17028165632
4,2503.45,noise,17029378048
4,2504.71,noise,17029869568
4,2505.968,noise,17030557696
4,2507.212,noise,17030819840
4,2508.456,noise,17030819840
4,2509.692,noise,17032491008
4,2510.936,noise,17032491008
4,2512.204,noise,17032491008
4,2513.49,noise,17033932800
4,2514.749,noise,17033932800
4,2515.998,noise,17035145216
4,2517.243,noise,17035636736
4,2518.487,noise,17036324864
4,2519.738,noise,17036587008
4,2520.974,noise,17036587008
4,2522.225,noise,17038618624
4,2523.495,noise,17038618624
4,2524.763,noise,17038618624
4,2526.02,noise,17040060416
4,2527.28,noise,17040060416
4,2528.537,noise,17041272832
4,2529.812,noise,17041764352
4,2531.11,noise,17042223104
4,2532.455,noise,17042714624
4,2533.73,noise,17042714624
4,2534.993,noise,17043927040
4,2536.206,noise,17044385792
4,2537.465,noise,17044385792
4,2538.716,noise,17046056960
4,2539.974,noise,17045827584
4,2541.226,noise,17047040000
4,2542.476,noise,17047531520
4,2543.731,noise,17047990272
4,2544.991,noise,17048481792
4,2546.242,noise,17048481792
4,2547.483,noise,17049923584
4,2548.735,noise,17050152960
4,2549.98,noise,17050152960
4,2551.227,noise,17051594752
4,2552.465,noise,17051594752
4,2553.713,noise,17052807168
4,2554.988,noise,17053298688
4,2556.253,noise,17053757440
4,2557.526,noise,17054248960
4,2558.775,noise,17054248960
4,2560.017,noise,17055690752
4,2561.281,noise,17055920128
4,2562.544,noise,17055920128
4,2563.807,noise,17057361920
4,2565.068,noise,17057361920
4,2566.377,noise,17058574336
4,2567.637,noise,17059065856
4,2568.896,noise,17059753984
4,2570.146,noise,17060016128
4,2571.43,noise,17060016128
4,2572.68,noise,17061457920
4,2573.939,noise,17061687296
4,2575.199,noise,17062899712
4,2576.477,noise,17063129088
4,2577.744,noise,17063129088
4,2579.016,noise,17064570880
4,2580.29,noise,17065062400
4,2581.569,noise,17065979904
4,2582.83,noise,17065783296
4,2584.077,noise,17065783296
4,2585.369,noise,17067225088
4,2586.632,noise,17067454464
4,2587.892,noise,17068666880
4,2589.149,noise,17068896256
4,2590.432,noise,17068896256
4,2591.696,noise,17070338048
4,2592.962,noise,17070829568
4,2594.219,noise,17071517696
4,2595.479,noise,17071550464
4,2596.728,noise,17071550464
4,2597.972,noise,17072992256
4,2599.217,noise,17073221632
4,2600.469,noise,17074434048
4,2601.708,noise,17074663424
4,2602.952,noise,17074663424
4,2604.197,noise,17076105216
4,2605.482,noise,17076596736
4,2606.735,noise,17077284864
4,2607.986,noise,17077317632
4,2609.226,noise,17077317632
4,2610.466,noise,17079218176
4,2611.714,noise,17078988800
4,2612.955,noise,17078988800
4,2614.208,noise,17080430592
4,2615.467,noise,17080430592
4,2616.724,noise,17081643008
4,2617.979,noise,17082134528
4,2619.223,noise,17082822656
4,2620.465,noise,17083084800
4,2621.702,noise,17083084800
4,2622.984,noise,17084526592
4,2624.235,noise,17084755968
4,2625.53,noise,17085968384
4,2626.79,noise,17086558208
4,2628.037,noise,17086558208
4,2629.308,noise,17088000000
4,2630.564,noise,17088491520
4,2631.819,noise,17088950272
4,2633.067,noise,17089212416
4,2634.347,noise,17089212416
4,2635.641,noise,17090654208
4,2636.9,noise,17090883584
4,2638.146,noise,17092096000
4,2639.435,noise,17092325376
4,2640.696,noise,17092325376
4,2641.952,noise,17093767168
4,2643.2,noise,17094258688
4,2644.464,noise,17094946816
4,2645.733,noise,17094979584
4,2646.988,noise,17094979584
4,2648.261,noise,17096421376
4,2649.502,noise,17096650752
4,2650.742,noise,17097863168
4,2651.989,noise,17098092544
4,2653.228,noise,17098092544
4,2654.498,noise,17099534336
4,2655.773,noise,17100025856
4,2657.045,noise,17100713984
4,2658.349,noise,17100746752
4,2659.605,noise,17100746752
4,2660.853,noise,17102188544
4,2662.1,noise,17102417920
4,2663.382,noise,17102417920
4,2664.654,noise,17103859712
4,2665.969,noise,17103859712
4,2667.229,noise,17105072128
4,2668.485,noise,17105563648
4,2669.737,noise,17106251776
4,2670.982,noise,17106513920
4,2672.223,noise,17106513920
4,2673.46,noise,17107955712
4,2674.743,noise,17108185088
4,2676.002,noise,17108185088
4,2677.321,noise,17109626880
4,2678.584,noise,17109626880
4,2679.838,noise,17111199744
4,2681.094,noise,17111691264
4,2682.391,noise,17112379392
4,2683.661,noise,17112641536
4,2684.93,noise,17112641536
4,2686.191,noise,17114083328
4,2687.467,noise,17114312704
4,2688.735,noise,17115525120
4,2689.99,noise,17115754496
4,2691.234,noise,17115754496
4,2692.474,noise,17117196288
4,2693.726,noise,17117687808
4,2694.993,noise,17118375936
4,2696.245,noise,17118408704
4,2697.492,noise,17118408704
4,2698.773,noise,17119850496
4,2700.018,noise,17120079872
4,2701.275,noise,17121292288
4,2702.532,noise,17121521664
4,2703.779,noise,17121521664
4,2705.047,noise,17122963456
4,2706.342,noise,17123454976
4,2707.619,noise,17123913728
4,2708.876,noise,17124175872
4,2710.118,noise,17124175872
4,2711.402,noise,17126076416
4,2712.66,noise,17125847040
4,2713.936,noise,17125847040
4,2715.2,noise,17127288832
4,2716.455,noise,17127288832
4,2717.699,noise,17128501248
4,2718.955,noise,17128992768
4,2720.203,noise,17129680896
4,2721.444,noise,17129943040
4,2722.685,noise,17129943040
4,2723.928,noise,17131614208
4,2725.206,noise,17131614208
4,2726.469,noise,17131614208
4,2727.715,noise,17133056000
4,2728.994,noise,17133056000
4,2730.326,noise,17134268416
4,2731.6,noise,17134759936
4,2732.854,noise,17135448064
4,2734.114,noise,17135710208
4,2735.425,noise,17135710208
4,2736.704,noise,17137152000
4,2737.96,noise,17137381376
4,2739.21,noise,17138593792
4,2740.448,noise,17138823168
4,2741.695,noise,17138823168
4,2742.939,noise,17140264960
4,2744.214,noise,17140756480
4,2745.539,noise,17141215232
4,2746.817,noise,17141477376
4,2748.074,noise,17141477376
4,2749.376,noise,17143377920
4,2750.636,noise,17143148544
4,2751.901,noise,17143148544
4,2753.15,noise,17144590336
4,2754.438,noise,17144590336
4,2755.705,noise,17145802752
4,2756.973,noise,17146294272
4,2758.241,noise,17146753024
4,2759.495,noise,17147244544
4,2760.743,noise,17147244544
4,2761.981,noise,17148686336
4,2763.224,noise,17148915712
4,2764.468,noise,17148915712
4,2765.749,noise,17150357504
4,2767.007,noise,17150357504
4,2768.251,noise,17151569920
4,2769.51,noise,17152061440
4,2770.755,noise,17152749568
4,2772.014,noise,17153011712
4,2773.218,noise,17153011712
4,2774.587,noise,17154453504
4,2775.858,noise,17154682880
4,2777.24,noise,17155895296
4,2778.621,noise,17156124672
4,2779.999,noise,17156124672
4,2781.329,noise,17157566464
4,2782.595,noise,17158057984
4,2783.865,noise,17158975488
4,2785.118,noise,17158778880
4,2786.405,noise,17158778880
4,2787.663,noise,17160220672
4,2788.933,noise,17160450048
4,2790.196,noise,17161662464
4,2791.466,noise,17161891840
4,2792.714,noise,17161891840
4,2793.965,noise,17163333632
4,2795.229,noise,17163825152
4,2796.489,noise,17164283904
4,2797.74,noise,17145802752
4,2798.991,noise,17004638208
4,2800.248,optimizer,17004408832
4,2801.508,optimizer,17003977216
4,2802.753,optimizer,17006508544
4,2803.999,optimizer,17007319040
4,2805.253,optimizer,17007582720
4,2806.515,optimizer,17008299008
4,2807.765,optimizer,17010620416
4,2809.025,optimizer,17011926016
4,2810.309,optimizer,17013384704
4,2811.569,optimizer,17013981696
4,2812.83,optimizer,17014681600
4,2814.082,optimizer,17015204864
4,2815.37,optimizer,17016966656
4,2816.638,optimizer,17019511808
4,2817.907,optimizer,17020408320
4,2819.158,optimizer,17020932608
4,2820.449,optimizer,17021878784
4,2821.705,optimizer,17022793728
4,2822.974,optimizer,17024840704
4,2824.226,optimizer,17026300416
4,2825.482,optimizer,17026611200
4,2826.747,optimizer,17027539968
4,2828.01,optimizer,17027834880
4,2829.3,optimizer,17029368320
4,2830.559,optimizer,17032141824
4,2831.814,optimizer,17032678400
4,2833.061,optimizer,17033202176
4,2834.364,optimizer,17033919488
4,2835.626,optimizer,17035062784
4,2836.938,optimizer,17036205056
4,2838.202,optimizer,17038568960
4,2839.462,optimizer,17038683648
4,2840.712,optimizer,17039581184
4,2841.963,optimizer,17040103424
4,2843.206,optimizer,17042620928
4,2844.451,optimizer,17044382720
4,2845.723,optimizer,17045931520
4,2847.031,optimizer,17045685760
4,2848.338,optimizer,17045959680
4,2849.597,optimizer,17046074880
4,2850.849,optimizer,17048016896
4,2852.112,optimizer,17050007552
4,2853.408,optimizer,17051117056
4,2854.667,optimizer,17051834880
4,2855.924,optimizer,17052340224
4,2857.236,optimizer,17056087040
4,2858.504,optimizer,17055440384
4,2859.756,optimizer,17059167744
4,2860.997,optimizer,17057300480
4,2862.239,optimizer,17058672640
4,2863.478,optimizer,17058511360
4,2864.734,optimizer,17060272128
4,2866.067,optimizer,17062802944
4,2867.381,optimizer,17063613440
4,2868.641,optimizer,17063876608
4,2869.895,optimizer,17064594432
4,2871.142,optimizer,17064646144
4,2872.448,optimizer,17066634752
4,2873.702,optimizer,17068937728
4,2874.958,optimizer,17069780992
4,2876.217,optimizer,17070011904
4,2877.569,optimizer,17070728192
4,2878.838,optimizer,17071871488
4,2880.09,optimizer,17073843200
4,2881.387,optimizer,17075378176
4,2882.645,optimizer,17075951104
4,2883.898,optimizer,17076390400
4,2885.151,optimizer,17076912128
4,2886.44,optimizer,17078445568
4,2887.699,optimizer,17081192448
4,2888.973,optimizer,17081755648
4,2890.219,optimizer,17082279424
4,2891.462,optimizer,17082768896
4,2892.733,optimizer,17084140032
4,2893.998,optimizer,17086266368
4,2895.249,optimizer,17087647232
4,2896.493,optimizer,17087761920
4,2897.746,optimizer,17088659968
4,2898.988,optimizer,17089183744
4,2900.23,optimizer,17091942912
4,2901.471,optimizer,17093460992
4,2902.714,optimizer,17095009792
4,2903.983,optimizer,17094562816
4,2905.233,optimizer,17095037952
4,2906.479,optimizer,17096560640
4,2907.728,optimizer,17097324032
4,2908.976,optimizer,17099916800
4,2910.247,optimizer,17100064768
4,2911.5,optimizer,17100928512
4,2912.754,optimizer,17101875200
4,2913.997,optimizer,17103969280
4,2915.239,optimizer,17107171840
4,2916.499,optimizer,17107279872
4,2917.765,optimizer,17106832384
4,2919.012,optimizer,17107307520
4,2920.286,optimizer,17108754432
4,2921.553,optimizer,17109593088
4,2922.829,optimizer,17112186368
4,2924.077,optimizer,17112301056
4,2925.368,optimizer,17113211904
4,2926.631,optimizer,17113915392
4,2927.889,optimizer,17116238848
4,2929.135,optimizer,17118000128
4,2930.443,optimizer,17119548416
4,2931.736,optimizer,17119116288
4,2932.989,optimizer,17119577600
4,2934.24,optimizer,17120948224
4,2935.496,optimizer,17121862656
4,2936.767,optimizer,17124455936
4,2938.039,optimizer,17124800000
4,2939.347,optimizer,17125468672
4,2940.713,optimizer,17125992448
4,2942.003,optimizer,17128522240
4,2943.281,optimizer,17130269696
4,2944.544,optimizer,17131819008
4,2945.805,optimizer,17131385856
4,2947.06,optimizer,17131847168
4,2948.345,optimizer,17133369344
4,2949.617,optimizer,17134362112
4,2950.87,optimizer,17136724480
4,2952.118,optimizer,17136873472
4,2953.404,optimizer,17137738240
4,2954.689,optimizer,17138262016
4,2955.937,optimizer,17141021184
4,2957.215,optimizer,17142540288
4,2958.492,optimizer,17144316416
4,2959.752,optimizer,17143626752
4,2961.005,optimizer,17144345088
4,2962.206,optimizer,17145638912
4,2963.465,optimizer,17146631680
4,2964.723,optimizer,17148994560
4,2966.07,optimizer,17149143040
4,2967.409,optimizer,17150007296
4,2968.686,optimizer,17150789632
4,2969.961,optimizer,17153061376
4,2971.221,optimizer,17154808320
4,2972.471,optimizer,17156358144
4,2973.728,optimizer,17155653120
4,2975.006,optimizer,17156386304
4,2976.298,optimizer,17156501504
4,2977.663,optimizer,17158470656
4,2978.95,optimizer,17160204288
4,2980.282,optimizer,17161543680
4,2981.559,optimizer,17162032640
4,2982.836,optimizer,17162764800
4,2984.092,optimizer,17166513152
4,2985.382,optimizer,17165867008
4,2986.642,optimizer,17169823232
4,2987.914,optimizer,17167727104
4,2989.168,optimizer,17168655360
4,2990.461,optimizer,17168771072
4,2991.725,optimizer,17170712064
4,2992.992,optimizer,17173686272
4,2994.236,optimizer,17174174208
4,2995.495,optimizer,17174892032
4,2996.745,optimizer,17175394816
4,2998.001,optimizer,17175726080
4,2999.252,optimizer,17177693184
4,3000.498,optimizer,17175726080
4,3001.742,optimizer,17175726080
4,3002.987,optimizer,17175267328
4,3004.27,optimizer,17180116480
4,3005.621,optimizer,17175397888
4,3006.896,optimizer,17175266816
4,3008.196,optimizer,17175725568
4,3009.49,optimizer,17176184320
4,3010.762,optimizer,17175726080
4,3012.042,optimizer,17175266816
4,3013.345,optimizer,17177693184
4,3014.618,optimizer,17175725568
4,3015.893,optimizer,17175266816
4,3017.165,optimizer,17175332864
4,3018.478,optimizer,17175266816
4,3019.753,optimizer,17175726080
4,3021.01,optimizer,17175725568
4,3022.291,optimizer,17175266816
4,3023.58,optimizer,17176184320
4,3024.886,optimizer,17177693184
4,3026.199,optimizer,17175266816
4,3027.489,optimizer,17175725568
4,3028.763,optimizer,17177692160
4,3030.031,optimizer,17175267328
4,3031.302,optimizer,17175267328
4,3032.574,optimizer,17175726080
4,3033.829,optimizer,17175725568
4,3035.089,optimizer,17175267328
4,3036.396,optimizer,17177691648
4,3037.743,optimizer,17175268352
4,3039.008,optimizer,17191357440
4,3040.274,optimizer,17204071424
4,3041.575,optimizer,17219963904
4,3042.833,optimizer,17232677888
4,3044.089,optimizer,17247718400
4,3045.381,optimizer,17261644800
4,3046.653,optimizer,17276914688
4,3047.929,optimizer,17290611712
4,3049.201,optimizer,17304538112
4,3050.468,optimizer,17319808000
4,3051.74,optimizer,17333734400
4,3053.0,optimizer,17249780224
4,3054.338,optimizer,17174839296
4,3055.657,optimizer,17206788096
4,3056.933,optimizer,17238278144
4,3058.273,optimizer,17267834880
4,3059.573,optimizer,17298604032
4,3060.863,optimizer,17329111040
4,3062.128,optimizer,17238147072
4,3063.474,optimizer,17185652736
4,3064.818,optimizer,17215897600
4,3066.214,optimizer,17244504064
4,3067.521,optimizer,17273929728
4,3068.841,optimizer,17304010752
4,3070.115,optimizer,17333665792
4,3071.431,optimizer,17213767680
4,3072.708,optimizer,17051959296
4,3073.979,optimizer,17008437760
4,3075.214,optimizer,17004273152
4,3076.66,optimizer,17001623552
4,3077.952,optimizer,17001623552
4,3079.217,optimizer,17001623552
4,3080.489,optimizer,17001623552
